G200_WORKERS_READY 128 workers
PROGRESS {"utc": "2026-09-21T21:01:40.161106+00:00", "stage": "G_hybrid replica 1 learning 1/3", "mode": "G_hybrid", "block_completed": 323170, "block_samples": 1000000, "worker_pids_seen": 128, "elapsed_s": 32.481011731084436}
PROGRESS {"utc": "2026-09-21T21:02:10.175849+00:00", "stage": "G_hybrid replica 1 learning 1/3", "mode": "G_hybrid", "block_completed": 883042, "block_samples": 1000000, "worker_pids_seen": 128, "elapsed_s": 62.49612911208533}
G200_LEARNING_FINISHED G_hybrid replica 1 learning 1/3 {"n": 1000000, "hard_pb": -0.09094486177826079, "hard_error_pb": 0.06184493464584101, "cpu_ms_per_sample": 4.9834399176780035, "max_weight_second_moment_fraction": 0.18253819179612213}
PROGRESS {"utc": "2026-09-21T21:02:50.836057+00:00", "stage": "G_hybrid replica 1 learning 2/3", "mode": "G_hybrid", "block_completed": 246886, "block_samples": 1000000, "worker_pids_seen": 128, "elapsed_s": 32.32048246799968}
PROGRESS {"utc": "2026-09-21T21:03:20.909927+00:00", "stage": "G_hybrid replica 1 learning 2/3", "mode": "G_hybrid", "block_completed": 410982, "block_samples": 1000000, "worker_pids_seen": 128, "elapsed_s": 62.39435849315487}
PROGRESS {"utc": "2026-09-21T21:03:56.039726+00:00", "stage": "G_hybrid replica 1 learning 2/3", "mode": "G_hybrid", "block_completed": 534886, "block_samples": 1000000, "worker_pids_seen": 128, "elapsed_s": 97.52415782096796}
PROGRESS {"utc": "2026-09-21T21:04:33.776220+00:00", "stage": "G_hybrid replica 1 learning 2/3", "mode": "G_hybrid", "block_completed": 627558, "block_samples": 1000000, "worker_pids_seen": 128, "elapsed_s": 135.2606657340657}
PROGRESS {"utc": "2026-09-21T21:05:03.923997+00:00", "stage": "G_hybrid replica 1 learning 2/3", "mode": "G_hybrid", "block_completed": 733542, "block_samples": 1000000, "worker_pids_seen": 128, "elapsed_s": 165.40842665499076}
PROGRESS {"utc": "2026-09-21T21:05:33.965456+00:00", "stage": "G_hybrid replica 1 learning 2/3", "mode": "G_hybrid", "block_completed": 899686, "block_samples": 1000000, "worker_pids_seen": 128, "elapsed_s": 195.449884747155}
G200_LEARNING_FINISHED G_hybrid replica 1 learning 2/3 {"n": 1000000, "hard_pb": -0.0542036819284211, "hard_error_pb": 0.012591166461250821, "cpu_ms_per_sample": 10.417168857094966, "max_weight_second_moment_fraction": 0.009464426052675187}
PROGRESS {"utc": "2026-09-21T21:06:27.107649+00:00", "stage": "G_hybrid replica 1 learning 3/3", "mode": "G_hybrid", "block_completed": 230676, "block_samples": 1000000, "worker_pids_seen": 128, "elapsed_s": 32.2280512121506}
PROGRESS {"utc": "2026-09-21T21:06:57.149824+00:00", "stage": "G_hybrid replica 1 learning 3/3", "mode": "G_hybrid", "block_completed": 367636, "block_samples": 1000000, "worker_pids_seen": 128, "elapsed_s": 62.27023633103818}
PROGRESS {"utc": "2026-09-21T21:07:27.171582+00:00", "stage": "G_hybrid replica 1 learning 3/3", "mode": "G_hybrid", "block_completed": 502036, "block_samples": 1000000, "worker_pids_seen": 128, "elapsed_s": 92.29198536719196}
PROGRESS {"utc": "2026-09-21T21:07:57.194682+00:00", "stage": "G_hybrid replica 1 learning 3/3", "mode": "G_hybrid", "block_completed": 626708, "block_samples": 1000000, "worker_pids_seen": 128, "elapsed_s": 122.31508589419536}
PROGRESS {"utc": "2026-09-21T21:08:27.220860+00:00", "stage": "G_hybrid replica 1 learning 3/3", "mode": "G_hybrid", "block_completed": 754708, "block_samples": 1000000, "worker_pids_seen": 128, "elapsed_s": 152.34518060320988}
PROGRESS {"utc": "2026-09-21T21:08:57.278921+00:00", "stage": "G_hybrid replica 1 learning 3/3", "mode": "G_hybrid", "block_completed": 877844, "block_samples": 1000000, "worker_pids_seen": 128, "elapsed_s": 182.39932686206885}
G200_LEARNING_FINISHED G_hybrid replica 1 learning 3/3 {"n": 1000000, "hard_pb": -0.07953933777594907, "hard_error_pb": 0.009124859047135437, "cpu_ms_per_sample": 9.229242029677, "max_weight_second_moment_fraction": 0.016939421515530937}
G200_PEAK_REPLAYS replica_1_learning new 10 total 10 issues 0
PROGRESS {"utc": "2026-09-21T21:10:04.069138+00:00", "stage": "G_hybrid replica 2 learning 1/3", "mode": "G_hybrid", "block_completed": 525478, "block_samples": 1000000, "worker_pids_seen": 128, "elapsed_s": 32.51176428794861}
PROGRESS {"utc": "2026-09-21T21:10:34.078324+00:00", "stage": "G_hybrid replica 2 learning 1/3", "mode": "G_hybrid", "block_completed": 932006, "block_samples": 1000000, "worker_pids_seen": 128, "elapsed_s": 62.52094360301271}
G200_LEARNING_FINISHED G_hybrid replica 2 learning 1/3 {"n": 1000000, "hard_pb": 0.018561613457746283, "hard_error_pb": 0.05728575275848874, "cpu_ms_per_sample": 2.7192386946560063, "max_weight_second_moment_fraction": 0.05866314189576756}
PROGRESS {"utc": "2026-09-21T21:11:18.911012+00:00", "stage": "G_hybrid replica 2 learning 2/3", "mode": "G_hybrid", "block_completed": 217515, "block_samples": 1000000, "worker_pids_seen": 128, "elapsed_s": 34.93102825107053}
PROGRESS {"utc": "2026-09-21T21:11:48.945430+00:00", "stage": "G_hybrid replica 2 learning 2/3", "mode": "G_hybrid", "block_completed": 369067, "block_samples": 1000000, "worker_pids_seen": 128, "elapsed_s": 64.96544015593827}
PROGRESS {"utc": "2026-09-21T21:12:18.961027+00:00", "stage": "G_hybrid replica 2 learning 2/3", "mode": "G_hybrid", "block_completed": 495275, "block_samples": 1000000, "worker_pids_seen": 128, "elapsed_s": 94.98104072501883}
PROGRESS {"utc": "2026-09-21T21:12:49.017396+00:00", "stage": "G_hybrid replica 2 learning 2/3", "mode": "G_hybrid", "block_completed": 617387, "block_samples": 1000000, "worker_pids_seen": 128, "elapsed_s": 125.0374256670475}
PROGRESS {"utc": "2026-09-21T21:13:19.155394+00:00", "stage": "G_hybrid replica 2 learning 2/3", "mode": "G_hybrid", "block_completed": 735659, "block_samples": 1000000, "worker_pids_seen": 128, "elapsed_s": 155.17540804413147}
PROGRESS {"utc": "2026-09-21T21:13:56.291820+00:00", "stage": "G_hybrid replica 2 learning 2/3", "mode": "G_hybrid", "block_completed": 847787, "block_samples": 1000000, "worker_pids_seen": 128, "elapsed_s": 192.31184052792378}
PROGRESS {"utc": "2026-09-21T21:14:26.382705+00:00", "stage": "G_hybrid replica 2 learning 2/3", "mode": "G_hybrid", "block_completed": 928171, "block_samples": 1000000, "worker_pids_seen": 128, "elapsed_s": 222.40272186906077}
G200_LEARNING_FINISHED G_hybrid replica 2 learning 2/3 {"n": 1000000, "hard_pb": -0.06103433281839536, "hard_error_pb": 0.014489654887937867, "cpu_ms_per_sample": 10.556431888634, "max_weight_second_moment_fraction": 0.10898141374091089}
PROGRESS {"utc": "2026-09-21T21:15:19.403892+00:00", "stage": "G_hybrid replica 2 learning 3/3", "mode": "G_hybrid", "block_completed": 203097, "block_samples": 1000000, "worker_pids_seen": 128, "elapsed_s": 33.248103694058955}
PROGRESS {"utc": "2026-09-21T21:15:49.419542+00:00", "stage": "G_hybrid replica 2 learning 3/3", "mode": "G_hybrid", "block_completed": 324697, "block_samples": 1000000, "worker_pids_seen": 128, "elapsed_s": 63.26374227111228}
PROGRESS {"utc": "2026-09-21T21:16:19.603937+00:00", "stage": "G_hybrid replica 2 learning 3/3", "mode": "G_hybrid", "block_completed": 446553, "block_samples": 1000000, "worker_pids_seen": 128, "elapsed_s": 93.44813858903944}
PROGRESS {"utc": "2026-09-21T21:16:49.675664+00:00", "stage": "G_hybrid replica 2 learning 3/3", "mode": "G_hybrid", "block_completed": 573529, "block_samples": 1000000, "worker_pids_seen": 128, "elapsed_s": 123.51987069309689}
PROGRESS {"utc": "2026-09-21T21:17:19.899943+00:00", "stage": "G_hybrid replica 2 learning 3/3", "mode": "G_hybrid", "block_completed": 703833, "block_samples": 1000000, "worker_pids_seen": 128, "elapsed_s": 153.7441448860336}
PROGRESS {"utc": "2026-09-21T21:17:50.006050+00:00", "stage": "G_hybrid replica 2 learning 3/3", "mode": "G_hybrid", "block_completed": 832601, "block_samples": 1000000, "worker_pids_seen": 128, "elapsed_s": 183.85025070607662}
PROGRESS {"utc": "2026-09-21T21:18:20.098543+00:00", "stage": "G_hybrid replica 2 learning 3/3", "mode": "G_hybrid", "block_completed": 972121, "block_samples": 1000000, "worker_pids_seen": 128, "elapsed_s": 213.9427449312061}
G200_LEARNING_FINISHED G_hybrid replica 2 learning 3/3 {"n": 1000000, "hard_pb": -0.06603164612535597, "hard_error_pb": 0.00926505473829147, "cpu_ms_per_sample": 9.711174913941013, "max_weight_second_moment_fraction": 0.020509567412902278}
G200_PEAK_REPLAYS replica_2_learning new 10 total 20 issues 0
PROGRESS {"utc": "2026-09-21T21:19:06.847932+00:00", "stage": "G_hybrid replica 3 learning 1/3", "mode": "G_hybrid", "block_completed": 562015, "block_samples": 1000000, "worker_pids_seen": 128, "elapsed_s": 33.72971927188337}
G200_LEARNING_FINISHED G_hybrid replica 3 learning 1/3 {"n": 1000000, "hard_pb": -0.08897913485955224, "hard_error_pb": 0.05430593313587987, "cpu_ms_per_sample": 2.758763256618995, "max_weight_second_moment_fraction": 0.04818462622932717}
PROGRESS {"utc": "2026-09-21T21:20:08.759936+00:00", "stage": "G_hybrid replica 3 learning 2/3", "mode": "G_hybrid", "block_completed": 218798, "block_samples": 1000000, "worker_pids_seen": 128, "elapsed_s": 32.763433766085654}
PROGRESS {"utc": "2026-09-21T21:20:38.792250+00:00", "stage": "G_hybrid replica 3 learning 2/3", "mode": "G_hybrid", "block_completed": 365486, "block_samples": 1000000, "worker_pids_seen": 128, "elapsed_s": 62.79574587196112}
PROGRESS {"utc": "2026-09-21T21:21:08.802210+00:00", "stage": "G_hybrid replica 3 learning 2/3", "mode": "G_hybrid", "block_completed": 508334, "block_samples": 1000000, "worker_pids_seen": 128, "elapsed_s": 92.80570426397026}
PROGRESS {"utc": "2026-09-21T21:21:38.982113+00:00", "stage": "G_hybrid replica 3 learning 2/3", "mode": "G_hybrid", "block_completed": 655022, "block_samples": 1000000, "worker_pids_seen": 128, "elapsed_s": 122.98560755699873}
PROGRESS {"utc": "2026-09-21T21:22:09.007755+00:00", "stage": "G_hybrid replica 3 learning 2/3", "mode": "G_hybrid", "block_completed": 791726, "block_samples": 1000000, "worker_pids_seen": 128, "elapsed_s": 153.0112568330951}
PROGRESS {"utc": "2026-09-21T21:22:39.035832+00:00", "stage": "G_hybrid replica 3 learning 2/3", "mode": "G_hybrid", "block_completed": 930222, "block_samples": 1000000, "worker_pids_seen": 128, "elapsed_s": 183.03933707391843}
G200_LEARNING_FINISHED G_hybrid replica 3 learning 2/3 {"n": 1000000, "hard_pb": -0.06365399428295271, "hard_error_pb": 0.013097120216820522, "cpu_ms_per_sample": 9.096113637241, "max_weight_second_moment_fraction": 0.02339140160753214}
PROGRESS {"utc": "2026-09-21T21:23:28.525298+00:00", "stage": "G_hybrid replica 3 learning 3/3", "mode": "G_hybrid", "block_completed": 220732, "block_samples": 1000000, "worker_pids_seen": 128, "elapsed_s": 32.756861300906166}
PROGRESS {"utc": "2026-09-21T21:23:58.560723+00:00", "stage": "G_hybrid replica 3 learning 3/3", "mode": "G_hybrid", "block_completed": 364604, "block_samples": 1000000, "worker_pids_seen": 128, "elapsed_s": 62.79227723693475}
PROGRESS {"utc": "2026-09-21T21:24:28.764329+00:00", "stage": "G_hybrid replica 3 learning 3/3", "mode": "G_hybrid", "block_completed": 501052, "block_samples": 1000000, "worker_pids_seen": 128, "elapsed_s": 92.99588364479132}
PROGRESS {"utc": "2026-09-21T21:24:58.817802+00:00", "stage": "G_hybrid replica 3 learning 3/3", "mode": "G_hybrid", "block_completed": 637500, "block_samples": 1000000, "worker_pids_seen": 128, "elapsed_s": 123.0493662150111}
PROGRESS {"utc": "2026-09-21T21:25:28.852785+00:00", "stage": "G_hybrid replica 3 learning 3/3", "mode": "G_hybrid", "block_completed": 773180, "block_samples": 1000000, "worker_pids_seen": 128, "elapsed_s": 153.0843425767962}
PROGRESS {"utc": "2026-09-21T21:25:58.873234+00:00", "stage": "G_hybrid replica 3 learning 3/3", "mode": "G_hybrid", "block_completed": 911676, "block_samples": 1000000, "worker_pids_seen": 128, "elapsed_s": 183.10479040187784}
G200_LEARNING_FINISHED G_hybrid replica 3 learning 3/3 {"n": 1000000, "hard_pb": -0.07690792920842163, "hard_error_pb": 0.011256064643068199, "cpu_ms_per_sample": 9.001870936597992, "max_weight_second_moment_fraction": 0.2849921231794833}
G200_PEAK_REPLAYS replica_3_learning new 11 total 31 issues 0
PROGRESS {"utc": "2026-09-21T21:26:57.915306+00:00", "stage": "G_hybrid replica 4 learning 1/3", "mode": "G_hybrid", "block_completed": 587675, "block_samples": 1000000, "worker_pids_seen": 128, "elapsed_s": 34.81043298286386}
G200_LEARNING_FINISHED G_hybrid replica 4 learning 1/3 {"n": 1000000, "hard_pb": -0.08959436449606893, "hard_error_pb": 0.052797067678626734, "cpu_ms_per_sample": 2.723000050233001, "max_weight_second_moment_fraction": 0.031455381893195904}
PROGRESS {"utc": "2026-09-21T21:28:02.982513+00:00", "stage": "G_hybrid replica 4 learning 2/3", "mode": "G_hybrid", "block_completed": 237558, "block_samples": 1000000, "worker_pids_seen": 128, "elapsed_s": 32.550245337188244}
PROGRESS {"utc": "2026-09-21T21:28:33.068743+00:00", "stage": "G_hybrid replica 4 learning 2/3", "mode": "G_hybrid", "block_completed": 387830, "block_samples": 1000000, "worker_pids_seen": 128, "elapsed_s": 62.636526361107826}
PROGRESS {"utc": "2026-09-21T21:29:03.146111+00:00", "stage": "G_hybrid replica 4 learning 2/3", "mode": "G_hybrid", "block_completed": 527606, "block_samples": 1000000, "worker_pids_seen": 128, "elapsed_s": 92.71384360920638}
PROGRESS {"utc": "2026-09-21T21:29:33.173971+00:00", "stage": "G_hybrid replica 4 learning 2/3", "mode": "G_hybrid", "block_completed": 659702, "block_samples": 1000000, "worker_pids_seen": 128, "elapsed_s": 122.74169885111041}
PROGRESS {"utc": "2026-09-21T21:30:03.330460+00:00", "stage": "G_hybrid replica 4 learning 2/3", "mode": "G_hybrid", "block_completed": 809718, "block_samples": 1000000, "worker_pids_seen": 128, "elapsed_s": 152.89818834606558}
PROGRESS {"utc": "2026-09-21T21:30:33.429478+00:00", "stage": "G_hybrid replica 4 learning 2/3", "mode": "G_hybrid", "block_completed": 950006, "block_samples": 1000000, "worker_pids_seen": 128, "elapsed_s": 182.99720593518578}
G200_LEARNING_FINISHED G_hybrid replica 4 learning 2/3 {"n": 1000000, "hard_pb": -0.047366161794907186, "hard_error_pb": 0.012484442364586578, "cpu_ms_per_sample": 8.663594573950023, "max_weight_second_moment_fraction": 0.010522570871446256}
PROGRESS {"utc": "2026-09-21T21:31:21.047283+00:00", "stage": "G_hybrid replica 4 learning 3/3", "mode": "G_hybrid", "block_completed": 213545, "block_samples": 1000000, "worker_pids_seen": 128, "elapsed_s": 33.46799472090788}
PROGRESS {"utc": "2026-09-21T21:31:51.057493+00:00", "stage": "G_hybrid replica 4 learning 3/3", "mode": "G_hybrid", "block_completed": 339753, "block_samples": 1000000, "worker_pids_seen": 128, "elapsed_s": 63.47820251993835}
PROGRESS {"utc": "2026-09-21T21:32:21.068296+00:00", "stage": "G_hybrid replica 4 learning 3/3", "mode": "G_hybrid", "block_completed": 426281, "block_samples": 1000000, "worker_pids_seen": 128, "elapsed_s": 93.48900521802716}
PROGRESS {"utc": "2026-09-21T21:32:51.133331+00:00", "stage": "G_hybrid replica 4 learning 3/3", "mode": "G_hybrid", "block_completed": 553769, "block_samples": 1000000, "worker_pids_seen": 128, "elapsed_s": 123.55403927108273}
PROGRESS {"utc": "2026-09-21T21:33:21.179642+00:00", "stage": "G_hybrid replica 4 learning 3/3", "mode": "G_hybrid", "block_completed": 675881, "block_samples": 1000000, "worker_pids_seen": 128, "elapsed_s": 153.60036626202054}
PROGRESS {"utc": "2026-09-21T21:33:51.235149+00:00", "stage": "G_hybrid replica 4 learning 3/3", "mode": "G_hybrid", "block_completed": 799785, "block_samples": 1000000, "worker_pids_seen": 128, "elapsed_s": 183.65586070297286}
PROGRESS {"utc": "2026-09-21T21:34:21.308717+00:00", "stage": "G_hybrid replica 4 learning 3/3", "mode": "G_hybrid", "block_completed": 921129, "block_samples": 1000000, "worker_pids_seen": 128, "elapsed_s": 213.72943016397767}
G200_LEARNING_FINISHED G_hybrid replica 4 learning 3/3 {"n": 1000000, "hard_pb": -0.06661872201099266, "hard_error_pb": 0.008945383008966171, "cpu_ms_per_sample": 9.46007108206799, "max_weight_second_moment_fraction": 0.003945748979427651}
G200_PEAK_REPLAYS replica_4_learning new 10 total 41 issues 0
PROGRESS {"utc": "2026-09-21T21:35:17.648230+00:00", "stage": "G_hybrid replica 1 production 1/200", "mode": "G_hybrid", "block_completed": 155769, "block_samples": 250000, "worker_pids_seen": 128, "elapsed_s": 30.735547547927126}
G200_PRODUCTION_FINISHED G_hybrid replica 1 production 1/200 {"n": 250000, "matched_pb": 0.028382164330104903, "matched_error_pb": 0.015863412655692157, "relative_error": 0.5589218803467313, "hard_error_pb": 0.01586248698922189, "cpu_ms_per_sample": 9.881777716848001, "max_weight_second_moment_fraction": 0.023510158815331274}
PROGRESS {"utc": "2026-09-21T21:36:06.255009+00:00", "stage": "G_hybrid replica 2 production 1/200", "mode": "G_hybrid", "block_completed": 154246, "block_samples": 250000, "worker_pids_seen": 128, "elapsed_s": 30.907820594962686}
G200_PRODUCTION_FINISHED G_hybrid replica 2 production 1/200 {"n": 500000, "matched_pb": 0.03956143008637279, "matched_error_pb": 0.011329185300231762, "relative_error": 0.2863694582197163, "hard_error_pb": 0.01132788912222604, "cpu_ms_per_sample": 10.082425272992008, "max_weight_second_moment_fraction": 0.016766112323581966}
PROGRESS {"utc": "2026-09-21T21:36:53.302544+00:00", "stage": "G_hybrid replica 3 production 1/200", "mode": "G_hybrid", "block_completed": 185571, "block_samples": 250000, "worker_pids_seen": 128, "elapsed_s": 30.587145172059536}
G200_PRODUCTION_FINISHED G_hybrid replica 3 production 1/200 {"n": 750000, "matched_pb": 0.06926337852484588, "matched_error_pb": 0.013535488375273803, "relative_error": 0.1954205622588625, "hard_error_pb": 0.013534403494636617, "cpu_ms_per_sample": 9.993569203276003, "max_weight_second_moment_fraction": 0.3072138370661701}
PROGRESS {"utc": "2026-09-21T21:37:38.950964+00:00", "stage": "G_hybrid replica 4 production 1/200", "mode": "G_hybrid", "block_completed": 128015, "block_samples": 250000, "worker_pids_seen": 128, "elapsed_s": 30.527091136202216}
G200_PRODUCTION_FINISHED G_hybrid replica 4 production 1/200 {"n": 1000000, "matched_pb": 0.06507431554408687, "matched_error_pb": 0.010873324327264984, "relative_error": 0.16709087504575398, "hard_error_pb": 0.010871973800757254, "cpu_ms_per_sample": 9.910486651378001, "max_weight_second_moment_fraction": 0.267806249290896}
PROGRESS {"utc": "2026-09-21T21:38:38.119254+00:00", "stage": "G_hybrid replica 1 production 2/200", "mode": "G_hybrid", "block_completed": 131498, "block_samples": 250000, "worker_pids_seen": 128, "elapsed_s": 30.558301988057792}
G200_PRODUCTION_FINISHED G_hybrid replica 1 production 2/200 {"n": 1250000, "matched_pb": 0.06527476765963372, "matched_error_pb": 0.009266497341231328, "relative_error": 0.14196139907460417, "hard_error_pb": 0.009264912593948574, "cpu_ms_per_sample": 9.869624198879201, "max_weight_second_moment_fraction": 0.23601153741990677}
PROGRESS {"utc": "2026-09-21T21:39:36.387817+00:00", "stage": "G_hybrid replica 2 production 2/200", "mode": "G_hybrid", "block_completed": 129696, "block_samples": 250000, "worker_pids_seen": 128, "elapsed_s": 30.497433649841696}
G200_PRODUCTION_FINISHED G_hybrid replica 2 production 2/200 {"n": 1500000, "matched_pb": 0.06231633747376639, "matched_error_pb": 0.008178718925588675, "relative_error": 0.13124517995030935, "hard_error_pb": 0.008176923361646604, "cpu_ms_per_sample": 9.943019931792, "max_weight_second_moment_fraction": 0.21041202584196125}
PROGRESS {"utc": "2026-09-21T21:40:34.755430+00:00", "stage": "G_hybrid replica 3 production 2/200", "mode": "G_hybrid", "block_completed": 153881, "block_samples": 250000, "worker_pids_seen": 128, "elapsed_s": 30.55625331797637}
G200_PRODUCTION_FINISHED G_hybrid replica 3 production 2/200 {"n": 1750000, "matched_pb": 0.06118639663435119, "matched_error_pb": 0.007375587591027401, "relative_error": 0.12054293105547269, "hard_error_pb": 0.007373596457047063, "cpu_ms_per_sample": 9.892822825720572, "max_weight_second_moment_fraction": 0.1901061880997048}
PROGRESS {"utc": "2026-09-21T21:41:23.476240+00:00", "stage": "G_hybrid replica 4 production 2/200", "mode": "G_hybrid", "block_completed": 139820, "block_samples": 250000, "worker_pids_seen": 128, "elapsed_s": 30.56171384616755}
G200_PRODUCTION_FINISHED G_hybrid replica 4 production 2/200 {"n": 2000000, "matched_pb": 0.05972334459885323, "matched_error_pb": 0.006755593592407737, "relative_error": 0.11311479016761988, "hard_error_pb": 0.006753419665935185, "cpu_ms_per_sample": 9.872832602103001, "max_weight_second_moment_fraction": 0.17350885946338065}
PROGRESS {"utc": "2026-09-21T21:42:15.665937+00:00", "stage": "G_hybrid replica 1 production 3/200", "mode": "G_hybrid", "block_completed": 157615, "block_samples": 250000, "worker_pids_seen": 128, "elapsed_s": 30.561959284124896}
G200_PRODUCTION_FINISHED G_hybrid replica 1 production 3/200 {"n": 2250000, "matched_pb": 0.05797820730533136, "matched_error_pb": 0.006251747691080812, "relative_error": 0.10782926864497817, "hard_error_pb": 0.006249398498367174, "cpu_ms_per_sample": 9.857686459852891, "max_weight_second_moment_fraction": 0.1600978400666733}
PROGRESS {"utc": "2026-09-21T21:43:08.514651+00:00", "stage": "G_hybrid replica 2 production 3/200", "mode": "G_hybrid", "block_completed": 121584, "block_samples": 250000, "worker_pids_seen": 128, "elapsed_s": 30.631689980160445}
PROGRESS {"utc": "2026-09-21T21:43:38.573351+00:00", "stage": "G_hybrid replica 2 production 3/200", "mode": "G_hybrid", "block_completed": 237200, "block_samples": 250000, "worker_pids_seen": 128, "elapsed_s": 60.69038393115625}
G200_PRODUCTION_FINISHED G_hybrid replica 2 production 3/200 {"n": 2500000, "matched_pb": 0.05549882917051775, "matched_error_pb": 0.005838362059885799, "relative_error": 0.10519793204911916, "hard_error_pb": 0.005835846463091158, "cpu_ms_per_sample": 9.912837709843203, "max_weight_second_moment_fraction": 0.14870873722517272}
PROGRESS {"utc": "2026-09-21T21:44:12.442369+00:00", "stage": "G_hybrid replica 3 production 3/200", "mode": "G_hybrid", "block_completed": 128833, "block_samples": 250000, "worker_pids_seen": 128, "elapsed_s": 30.57600149908103}
G200_PRODUCTION_FINISHED G_hybrid replica 3 production 3/200 {"n": 2750000, "matched_pb": 0.05683576788924352, "matched_error_pb": 0.005498441906593345, "relative_error": 0.09674263427404058, "hard_error_pb": 0.0054957707192568985, "cpu_ms_per_sample": 9.873551608419271, "max_weight_second_moment_fraction": 0.13858043531540695}
PROGRESS {"utc": "2026-09-21T21:45:10.929126+00:00", "stage": "G_hybrid replica 4 production 3/200", "mode": "G_hybrid", "block_completed": 131530, "block_samples": 250000, "worker_pids_seen": 128, "elapsed_s": 30.759243291104212}
G200_PRODUCTION_FINISHED G_hybrid replica 4 production 3/200 {"n": 3000000, "matched_pb": 0.056506167584206776, "matched_error_pb": 0.005208176174734889, "relative_error": 0.09217004793279505, "hard_error_pb": 0.005205356036385577, "cpu_ms_per_sample": 9.850124952553998, "max_weight_second_moment_fraction": 0.12980165675146818}
PROGRESS {"utc": "2026-09-21T21:46:10.449028+00:00", "stage": "G_hybrid replica 1 production 4/200", "mode": "G_hybrid", "block_completed": 124937, "block_samples": 250000, "worker_pids_seen": 128, "elapsed_s": 30.593288280069828}
PROGRESS {"utc": "2026-09-21T21:46:40.610220+00:00", "stage": "G_hybrid replica 1 production 4/200", "mode": "G_hybrid", "block_completed": 250000, "block_samples": 250000, "worker_pids_seen": 128, "elapsed_s": 60.754465048899874}
G200_PRODUCTION_FINISHED G_hybrid replica 1 production 4/200 {"n": 3250000, "matched_pb": 0.055454177040130004, "matched_error_pb": 0.004959103455821124, "relative_error": 0.08942704987277002, "hard_error_pb": 0.004956141592408013, "cpu_ms_per_sample": 9.84263769174369, "max_weight_second_moment_fraction": 0.12200231997920448}
PROGRESS {"utc": "2026-09-21T21:47:11.614815+00:00", "stage": "G_hybrid replica 2 production 4/200", "mode": "G_hybrid", "block_completed": 121059, "block_samples": 250000, "worker_pids_seen": 128, "elapsed_s": 30.838914003921673}
PROGRESS {"utc": "2026-09-21T21:47:41.631720+00:00", "stage": "G_hybrid replica 2 production 4/200", "mode": "G_hybrid", "block_completed": 241040, "block_samples": 250000, "worker_pids_seen": 128, "elapsed_s": 60.85583258187398}
G200_PRODUCTION_FINISHED G_hybrid replica 2 production 4/200 {"n": 3500000, "matched_pb": 0.05526037047673038, "matched_error_pb": 0.004739084724612098, "relative_error": 0.08575919205260633, "hard_error_pb": 0.004735985264494744, "cpu_ms_per_sample": 9.88861842821914, "max_weight_second_moment_fraction": 0.11520325663563907}
PROGRESS {"utc": "2026-09-21T21:48:15.835124+00:00", "stage": "G_hybrid replica 3 production 4/200", "mode": "G_hybrid", "block_completed": 129152, "block_samples": 250000, "worker_pids_seen": 128, "elapsed_s": 30.497772478032857}
G200_PRODUCTION_FINISHED G_hybrid replica 3 production 4/200 {"n": 3750000, "matched_pb": 0.056991660320161786, "matched_error_pb": 0.004555669042778649, "relative_error": 0.07993571370243098, "hard_error_pb": 0.004552444708702276, "cpu_ms_per_sample": 9.862185717607733, "max_weight_second_moment_fraction": 0.10861023442495112}
PROGRESS {"utc": "2026-09-21T21:49:14.975389+00:00", "stage": "G_hybrid replica 4 production 4/200", "mode": "G_hybrid", "block_completed": 128147, "block_samples": 250000, "worker_pids_seen": 128, "elapsed_s": 30.731420072028413}
PROGRESS {"utc": "2026-09-21T21:49:45.378408+00:00", "stage": "G_hybrid replica 4 production 4/200", "mode": "G_hybrid", "block_completed": 249232, "block_samples": 250000, "worker_pids_seen": 128, "elapsed_s": 61.13443905906752}
G200_PRODUCTION_FINISHED G_hybrid replica 4 production 4/200 {"n": 4000000, "matched_pb": 0.05794665412108756, "matched_error_pb": 0.004381961278571466, "relative_error": 0.07562060907631961, "hard_error_pb": 0.004378609030886328, "cpu_ms_per_sample": 9.867608970400248, "max_weight_second_moment_fraction": 0.10318835855624599}
PROGRESS {"utc": "2026-09-21T21:50:17.988628+00:00", "stage": "G_hybrid replica 1 production 5/200", "mode": "G_hybrid", "block_completed": 131862, "block_samples": 250000, "worker_pids_seen": 128, "elapsed_s": 30.72647611517459}
G200_PRODUCTION_FINISHED G_hybrid replica 1 production 5/200 {"n": 4250000, "matched_pb": 0.05707300575669953, "matched_error_pb": 0.004259959222657872, "relative_error": 0.07464052692121993, "hard_error_pb": 0.004256510892405596, "cpu_ms_per_sample": 9.860171059325173, "max_weight_second_moment_fraction": 0.09672462601884313}
PROGRESS {"utc": "2026-09-21T21:51:18.542136+00:00", "stage": "G_hybrid replica 2 production 5/200", "mode": "G_hybrid", "block_completed": 122308, "block_samples": 250000, "worker_pids_seen": 128, "elapsed_s": 30.643694538855925}
PROGRESS {"utc": "2026-09-21T21:51:48.599385+00:00", "stage": "G_hybrid replica 2 production 5/200", "mode": "G_hybrid", "block_completed": 243344, "block_samples": 250000, "worker_pids_seen": 128, "elapsed_s": 60.70094148395583}
G200_PRODUCTION_FINISHED G_hybrid replica 2 production 5/200 {"n": 4500000, "matched_pb": 0.057909253587231355, "matched_error_pb": 0.00411524261014047, "relative_error": 0.07106364449925938, "hard_error_pb": 0.004111672912425716, "cpu_ms_per_sample": 9.883266709922887, "max_weight_second_moment_fraction": 0.0924614274583733}
PROGRESS {"utc": "2026-09-21T21:52:21.135009+00:00", "stage": "G_hybrid replica 3 production 5/200", "mode": "G_hybrid", "block_completed": 130359, "block_samples": 250000, "worker_pids_seen": 128, "elapsed_s": 30.491898115957156}
G200_PRODUCTION_FINISHED G_hybrid replica 3 production 5/200 {"n": 4750000, "matched_pb": 0.059469254991186105, "matched_error_pb": 0.003989137803443305, "relative_error": 0.06707899407911756, "hard_error_pb": 0.003985455157609993, "cpu_ms_per_sample": 9.876012451035153, "max_weight_second_moment_fraction": 0.08832440129147011}
PROGRESS {"utc": "2026-09-21T21:53:19.133846+00:00", "stage": "G_hybrid replica 4 production 5/200", "mode": "G_hybrid", "block_completed": 132760, "block_samples": 250000, "worker_pids_seen": 128, "elapsed_s": 30.502278719097376}
G200_PRODUCTION_FINISHED G_hybrid replica 4 production 5/200 {"n": 5000000, "matched_pb": 0.05930648953390712, "matched_error_pb": 0.0038667396114870855, "relative_error": 0.06519926641883543, "hard_error_pb": 0.003862940281897058, "cpu_ms_per_sample": 9.870480125851598, "max_weight_second_moment_fraction": 0.08484911384101294}
G200_PEAK_REPLAYS production_5000000 new 9 total 50 issues 0
PROGRESS {"utc": "2026-09-21T21:54:22.137376+00:00", "stage": "G_hybrid replica 1 production 6/200", "mode": "G_hybrid", "block_completed": 136163, "block_samples": 250000, "worker_pids_seen": 128, "elapsed_s": 30.917816334869713}
G200_PRODUCTION_FINISHED G_hybrid replica 1 production 6/200 {"n": 5250000, "matched_pb": 0.05879160708738457, "matched_error_pb": 0.0037603874971378483, "relative_error": 0.0639612979374525, "hard_error_pb": 0.0037564806038485376, "cpu_ms_per_sample": 9.863192287238856, "max_weight_second_moment_fraction": 0.08138450977190513}
PROGRESS {"utc": "2026-09-21T21:55:20.190419+00:00", "stage": "G_hybrid replica 2 production 6/200", "mode": "G_hybrid", "block_completed": 127859, "block_samples": 250000, "worker_pids_seen": 128, "elapsed_s": 30.488765309099108}
G200_PRODUCTION_FINISHED G_hybrid replica 2 production 6/200 {"n": 5500000, "matched_pb": 0.05901723264964216, "matched_error_pb": 0.0036610142769083107, "relative_error": 0.06203297092295141, "hard_error_pb": 0.003657001221518268, "cpu_ms_per_sample": 9.877636904423452, "max_weight_second_moment_fraction": 0.07824327857130807}
PROGRESS {"utc": "2026-09-21T21:56:18.332691+00:00", "stage": "G_hybrid replica 3 production 6/200", "mode": "G_hybrid", "block_completed": 135353, "block_samples": 250000, "worker_pids_seen": 128, "elapsed_s": 30.462270656833425}
G200_PRODUCTION_FINISHED G_hybrid replica 3 production 6/200 {"n": 5750000, "matched_pb": 0.059291790818036524, "matched_error_pb": 0.003567697760082195, "relative_error": 0.06017186714820737, "hard_error_pb": 0.0035635796196738937, "cpu_ms_per_sample": 9.868203860999824, "max_weight_second_moment_fraction": 0.07539004721067505}
PROGRESS {"utc": "2026-09-21T21:57:14.916151+00:00", "stage": "G_hybrid replica 4 production 6/200", "mode": "G_hybrid", "block_completed": 138356, "block_samples": 250000, "worker_pids_seen": 128, "elapsed_s": 30.474663798930123}
G200_PRODUCTION_FINISHED G_hybrid replica 4 production 6/200 {"n": 6000000, "matched_pb": 0.05895940386063499, "matched_error_pb": 0.0034818650699384697, "relative_error": 0.05905529638950746, "hard_error_pb": 0.0034776452900946134, "cpu_ms_per_sample": 9.867964130182498, "max_weight_second_moment_fraction": 0.07270245767809122}
PROGRESS {"utc": "2026-09-21T21:58:10.580756+00:00", "stage": "G_hybrid replica 1 production 7/200", "mode": "G_hybrid", "block_completed": 138047, "block_samples": 250000, "worker_pids_seen": 128, "elapsed_s": 30.571274045156315}
G200_PRODUCTION_FINISHED G_hybrid replica 1 production 7/200 {"n": 6250000, "matched_pb": 0.058919472896007324, "matched_error_pb": 0.003400195861465826, "relative_error": 0.05770920366967913, "hard_error_pb": 0.0033958745993909957, "cpu_ms_per_sample": 9.86810115943632, "max_weight_second_moment_fraction": 0.07026816120642826}
PROGRESS {"utc": "2026-09-21T21:59:08.465715+00:00", "stage": "G_hybrid replica 2 production 7/200", "mode": "G_hybrid", "block_completed": 129459, "block_samples": 250000, "worker_pids_seen": 128, "elapsed_s": 30.479446863988414}
PROGRESS {"utc": "2026-09-21T21:59:57.587023+00:00", "stage": "G_hybrid replica 2 production 7/200", "mode": "G_hybrid", "block_completed": 204467, "block_samples": 250000, "worker_pids_seen": 128, "elapsed_s": 79.60075790504925}
G200_PRODUCTION_FINISHED G_hybrid replica 2 production 7/200 {"n": 6500000, "matched_pb": 0.0584564740571772, "matched_error_pb": 0.0033252248061127285, "relative_error": 0.05688377309346906, "hard_error_pb": 0.003320805987956396, "cpu_ms_per_sample": 10.085223571126614, "max_weight_second_moment_fraction": 0.0679371955097612}
PROGRESS {"utc": "2026-09-21T22:00:40.234133+00:00", "stage": "G_hybrid replica 3 production 7/200", "mode": "G_hybrid", "block_completed": 133188, "block_samples": 250000, "worker_pids_seen": 128, "elapsed_s": 30.469738845014945}
PROGRESS {"utc": "2026-09-21T22:01:10.258709+00:00", "stage": "G_hybrid replica 3 production 7/200", "mode": "G_hybrid", "block_completed": 232260, "block_samples": 250000, "worker_pids_seen": 128, "elapsed_s": 60.49431499210186}
G200_PRODUCTION_FINISHED G_hybrid replica 3 production 7/200 {"n": 6750000, "matched_pb": 0.0583463063532281, "matched_error_pb": 0.003255844378298995, "relative_error": 0.055802064977140756, "hard_error_pb": 0.0032513312679825156, "cpu_ms_per_sample": 10.092710732737332, "max_weight_second_moment_fraction": 0.06571902394622098}
PROGRESS {"utc": "2026-09-21T22:01:46.253941+00:00", "stage": "G_hybrid replica 4 production 7/200", "mode": "G_hybrid", "block_completed": 112523, "block_samples": 250000, "worker_pids_seen": 128, "elapsed_s": 30.806317277951166}
PROGRESS {"utc": "2026-09-21T22:02:16.277514+00:00", "stage": "G_hybrid replica 4 production 7/200", "mode": "G_hybrid", "block_completed": 234128, "block_samples": 250000, "worker_pids_seen": 128, "elapsed_s": 60.829888307955116}
G200_PRODUCTION_FINISHED G_hybrid replica 4 production 7/200 {"n": 7000000, "matched_pb": 0.0585899484893178, "matched_error_pb": 0.003217829217765528, "relative_error": 0.05492118188757594, "hard_error_pb": 0.003213262714619695, "cpu_ms_per_sample": 10.094490111799997, "max_weight_second_moment_fraction": 0.06256524609172961}
PROGRESS {"utc": "2026-09-21T22:02:50.373536+00:00", "stage": "G_hybrid replica 1 production 8/200", "mode": "G_hybrid", "block_completed": 128637, "block_samples": 250000, "worker_pids_seen": 128, "elapsed_s": 30.57386160083115}
G200_PRODUCTION_FINISHED G_hybrid replica 1 production 8/200 {"n": 7250000, "matched_pb": 0.05889246683920939, "matched_error_pb": 0.003154335282119507, "relative_error": 0.05356092979992843, "hard_error_pb": 0.0031496767247582045, "cpu_ms_per_sample": 10.084091364458343, "max_weight_second_moment_fraction": 0.06070351494035593}
PROGRESS {"utc": "2026-09-21T22:03:47.304010+00:00", "stage": "G_hybrid replica 2 production 8/200", "mode": "G_hybrid", "block_completed": 138349, "block_samples": 250000, "worker_pids_seen": 128, "elapsed_s": 30.706315673189238}
G200_PRODUCTION_FINISHED G_hybrid replica 2 production 8/200 {"n": 7500000, "matched_pb": 0.059360196281314045, "matched_error_pb": 0.003112375765618189, "relative_error": 0.052432032920988365, "hard_error_pb": 0.003107654309099877, "cpu_ms_per_sample": 10.087815207777599, "max_weight_second_moment_fraction": 0.05826858883363689}
PROGRESS {"utc": "2026-09-21T22:04:43.920844+00:00", "stage": "G_hybrid replica 3 production 8/200", "mode": "G_hybrid", "block_completed": 144273, "block_samples": 250000, "worker_pids_seen": 128, "elapsed_s": 30.75745232589543}
G200_PRODUCTION_FINISHED G_hybrid replica 3 production 8/200 {"n": 7750000, "matched_pb": 0.05970795605081913, "matched_error_pb": 0.003055654763976676, "relative_error": 0.05117667671249576, "hard_error_pb": 0.0030508455278943536, "cpu_ms_per_sample": 10.07430348653961, "max_weight_second_moment_fraction": 0.05662115968933467}
PROGRESS {"utc": "2026-09-21T22:05:36.034148+00:00", "stage": "G_hybrid replica 4 production 8/200", "mode": "G_hybrid", "block_completed": 160490, "block_samples": 250000, "worker_pids_seen": 128, "elapsed_s": 30.604910196037963}
G200_PRODUCTION_FINISHED G_hybrid replica 4 production 8/200 {"n": 8000000, "matched_pb": 0.060024377350550176, "matched_error_pb": 0.0029997414208134884, "relative_error": 0.04997538588854672, "hard_error_pb": 0.0029948423982246127, "cpu_ms_per_sample": 10.067048951258247, "max_weight_second_moment_fraction": 0.05514355885243813}
PROGRESS {"utc": "2026-09-21T22:06:23.911394+00:00", "stage": "G_hybrid replica 1 production 9/200", "mode": "G_hybrid", "block_completed": 168048, "block_samples": 250000, "worker_pids_seen": 128, "elapsed_s": 30.471435844898224}
G200_PRODUCTION_FINISHED G_hybrid replica 1 production 9/200 {"n": 8250000, "matched_pb": 0.06092163607350791, "matched_error_pb": 0.0029485738099339224, "relative_error": 0.04839945214826765, "hard_error_pb": 0.002943589630211363, "cpu_ms_per_sample": 10.066432437021938, "max_weight_second_moment_fraction": 0.05367362597262546}
PROGRESS {"utc": "2026-09-21T22:07:11.087264+00:00", "stage": "G_hybrid replica 2 production 9/200", "mode": "G_hybrid", "block_completed": 156204, "block_samples": 250000, "worker_pids_seen": 128, "elapsed_s": 30.53364085406065}
G200_PRODUCTION_FINISHED G_hybrid replica 2 production 9/200 {"n": 8500000, "matched_pb": 0.06073543498875823, "matched_error_pb": 0.0029019165017319937, "relative_error": 0.047779628190184546, "hard_error_pb": 0.002896852046875034, "cpu_ms_per_sample": 10.078652404152702, "max_weight_second_moment_fraction": 0.05220747106301665}
PROGRESS {"utc": "2026-09-21T22:07:59.294595+00:00", "stage": "G_hybrid replica 3 production 9/200", "mode": "G_hybrid", "block_completed": 161646, "block_samples": 250000, "worker_pids_seen": 128, "elapsed_s": 30.457376481965184}
G200_PRODUCTION_FINISHED G_hybrid replica 3 production 9/200 {"n": 8750000, "matched_pb": 0.060228479435775056, "matched_error_pb": 0.0028596896299728962, "relative_error": 0.047480687820158914, "hard_error_pb": 0.0028545502584880413, "cpu_ms_per_sample": 10.067707588080799, "max_weight_second_moment_fraction": 0.05073774899592445}
PROGRESS {"utc": "2026-09-21T22:08:45.656545+00:00", "stage": "G_hybrid replica 4 production 9/200", "mode": "G_hybrid", "block_completed": 131567, "block_samples": 250000, "worker_pids_seen": 128, "elapsed_s": 30.514161417027935}
G200_PRODUCTION_FINISHED G_hybrid replica 4 production 9/200 {"n": 9000000, "matched_pb": 0.060694617875522244, "matched_error_pb": 0.002814865680631552, "relative_error": 0.04637751713676691, "hard_error_pb": 0.002809644318851935, "cpu_ms_per_sample": 10.05782427278822, "max_weight_second_moment_fraction": 0.04950342783202919}
PROGRESS {"utc": "2026-09-21T22:09:43.032436+00:00", "stage": "G_hybrid replica 1 production 10/200", "mode": "G_hybrid", "block_completed": 95588, "block_samples": 250000, "worker_pids_seen": 128, "elapsed_s": 30.514029619051144}
PROGRESS {"utc": "2026-09-21T22:10:13.172723+00:00", "stage": "G_hybrid replica 1 production 10/200", "mode": "G_hybrid", "block_completed": 226704, "block_samples": 250000, "worker_pids_seen": 128, "elapsed_s": 60.65431722905487}
G200_PRODUCTION_FINISHED G_hybrid replica 1 production 10/200 {"n": 9250000, "matched_pb": 0.06013166883559143, "matched_error_pb": 0.002775906566233258, "relative_error": 0.04616380386553021, "hard_error_pb": 0.0027706117849522947, "cpu_ms_per_sample": 10.098607716443999, "max_weight_second_moment_fraction": 0.048193410185919786}
PROGRESS {"utc": "2026-09-21T22:10:47.644869+00:00", "stage": "G_hybrid replica 2 production 10/200", "mode": "G_hybrid", "block_completed": 123671, "block_samples": 250000, "worker_pids_seen": 128, "elapsed_s": 30.594835116993636}
PROGRESS {"utc": "2026-09-21T22:11:17.875212+00:00", "stage": "G_hybrid replica 2 production 10/200", "mode": "G_hybrid", "block_completed": 249232, "block_samples": 250000, "worker_pids_seen": 128, "elapsed_s": 60.82518250308931}
G200_PRODUCTION_FINISHED G_hybrid replica 2 production 10/200 {"n": 9500000, "matched_pb": 0.06016176755938221, "matched_error_pb": 0.0027364536031909232, "relative_error": 0.04548492695946687, "hard_error_pb": 0.0027310823350598953, "cpu_ms_per_sample": 10.104153083061684, "max_weight_second_moment_fraction": 0.047022492164002956}
PROGRESS {"utc": "2026-09-21T22:11:50.181585+00:00", "stage": "G_hybrid replica 3 production 10/200", "mode": "G_hybrid", "block_completed": 138029, "block_samples": 250000, "worker_pids_seen": 128, "elapsed_s": 30.49024360300973}
G200_PRODUCTION_FINISHED G_hybrid replica 3 production 10/200 {"n": 9750000, "matched_pb": 0.05978454383432397, "matched_error_pb": 0.002695783984532515, "relative_error": 0.04509165432462146, "hard_error_pb": 0.0026903315204118666, "cpu_ms_per_sample": 10.091282382967691, "max_weight_second_moment_fraction": 0.04600458886499336}
PROGRESS {"utc": "2026-09-21T22:12:42.949861+00:00", "stage": "G_hybrid replica 4 production 10/200", "mode": "G_hybrid", "block_completed": 95172, "block_samples": 250000, "worker_pids_seen": 127, "elapsed_s": 30.470470058033243}
PROGRESS {"utc": "2026-09-21T22:13:12.988758+00:00", "stage": "G_hybrid replica 4 production 10/200", "mode": "G_hybrid", "block_completed": 231312, "block_samples": 250000, "worker_pids_seen": 128, "elapsed_s": 60.50941780908033}
G200_PRODUCTION_FINISHED G_hybrid replica 4 production 10/200 {"n": 10000000, "matched_pb": 0.0597091427003309, "matched_error_pb": 0.0026572820432726996, "relative_error": 0.04450377150127753, "hard_error_pb": 0.002651750413587062, "cpu_ms_per_sample": 10.126953361120497, "max_weight_second_moment_fraction": 0.04501492352401408}
G200_PEAK_REPLAYS production_10000000 new 5 total 55 issues 0
PROGRESS {"utc": "2026-09-21T22:13:53.118069+00:00", "stage": "G_hybrid replica 1 production 11/200", "mode": "G_hybrid", "block_completed": 136073, "block_samples": 250000, "worker_pids_seen": 128, "elapsed_s": 30.8069151150994}
G200_PRODUCTION_FINISHED G_hybrid replica 1 production 11/200 {"n": 10250000, "matched_pb": 0.06065503829843856, "matched_error_pb": 0.0026291004599464326, "relative_error": 0.04334512900660576, "hard_error_pb": 0.002623509410493922, "cpu_ms_per_sample": 10.11985258801697, "max_weight_second_moment_fraction": 0.04377334607677793}
PROGRESS {"utc": "2026-09-21T22:14:48.311877+00:00", "stage": "G_hybrid replica 2 production 11/200", "mode": "G_hybrid", "block_completed": 140766, "block_samples": 250000, "worker_pids_seen": 128, "elapsed_s": 30.698270746972412}
G200_PRODUCTION_FINISHED G_hybrid replica 2 production 11/200 {"n": 10500000, "matched_pb": 0.060555418137403255, "matched_error_pb": 0.0025939733502219476, "relative_error": 0.042836354367764305, "hard_error_pb": 0.0025883064231503384, "cpu_ms_per_sample": 10.122037713996377, "max_weight_second_moment_fraction": 0.042856092955651036}
PROGRESS {"utc": "2026-09-21T22:15:43.900200+00:00", "stage": "G_hybrid replica 3 production 11/200", "mode": "G_hybrid", "block_completed": 149100, "block_samples": 250000, "worker_pids_seen": 128, "elapsed_s": 30.575890779029578}
G200_PRODUCTION_FINISHED G_hybrid replica 3 production 11/200 {"n": 10750000, "matched_pb": 0.06028889232100028, "matched_error_pb": 0.002560532153711638, "relative_error": 0.042471043257494616, "hard_error_pb": 0.0025547910499003203, "cpu_ms_per_sample": 10.106664131560647, "max_weight_second_moment_fraction": 0.04196570690173273}
PROGRESS {"utc": "2026-09-21T22:16:38.401692+00:00", "stage": "G_hybrid replica 4 production 11/200", "mode": "G_hybrid", "block_completed": 143582, "block_samples": 250000, "worker_pids_seen": 128, "elapsed_s": 30.531662189168856}
G200_PRODUCTION_FINISHED G_hybrid replica 4 production 11/200 {"n": 11000000, "matched_pb": 0.06041779322389705, "matched_error_pb": 0.0025284607357725004, "relative_error": 0.04184960424493654, "hard_error_pb": 0.002522646644063103, "cpu_ms_per_sample": 10.098604497853634, "max_weight_second_moment_fraction": 0.04110778438903861}
PROGRESS {"utc": "2026-09-21T22:17:33.207575+00:00", "stage": "G_hybrid replica 1 production 12/200", "mode": "G_hybrid", "block_completed": 132426, "block_samples": 250000, "worker_pids_seen": 128, "elapsed_s": 30.496088766958565}
G200_PRODUCTION_FINISHED G_hybrid replica 1 production 12/200 {"n": 11250000, "matched_pb": 0.05993726981732897, "matched_error_pb": 0.0024967712277369205, "relative_error": 0.04165640569459268, "hard_error_pb": 0.0024908831691017853, "cpu_ms_per_sample": 10.094125757619466, "max_weight_second_moment_fraction": 0.040309741375907884}
PROGRESS {"utc": "2026-09-21T22:18:32.150391+00:00", "stage": "G_hybrid replica 2 production 12/200", "mode": "G_hybrid", "block_completed": 127941, "block_samples": 250000, "worker_pids_seen": 128, "elapsed_s": 30.565371602075174}
G200_PRODUCTION_FINISHED G_hybrid replica 2 production 12/200 {"n": 11500000, "matched_pb": 0.05967563799257304, "matched_error_pb": 0.002466788725588626, "relative_error": 0.04133661253685518, "hard_error_pb": 0.0024608289284610545, "cpu_ms_per_sample": 10.09709521502626, "max_weight_second_moment_fraction": 0.0395241866209696}
PROGRESS {"utc": "2026-09-21T22:19:30.813626+00:00", "stage": "G_hybrid replica 3 production 12/200", "mode": "G_hybrid", "block_completed": 144140, "block_samples": 250000, "worker_pids_seen": 128, "elapsed_s": 30.52911459794268}
G200_PRODUCTION_FINISHED G_hybrid replica 3 production 12/200 {"n": 11750000, "matched_pb": 0.05985802538439226, "matched_error_pb": 0.00243883647782227, "relative_error": 0.040743684111874935, "hard_error_pb": 0.0024328082053495623, "cpu_ms_per_sample": 10.083523514457275, "max_weight_second_moment_fraction": 0.03873736794251665}
PROGRESS {"utc": "2026-09-21T22:20:22.845547+00:00", "stage": "G_hybrid replica 4 production 12/200", "mode": "G_hybrid", "block_completed": 145400, "block_samples": 250000, "worker_pids_seen": 128, "elapsed_s": 30.49715440091677}
G200_PRODUCTION_FINISHED G_hybrid replica 4 production 12/200 {"n": 12000000, "matched_pb": 0.060199151156228495, "matched_error_pb": 0.0024098353674781915, "relative_error": 0.040031052285508156, "hard_error_pb": 0.0024037343648598886, "cpu_ms_per_sample": 10.072884287537914, "max_weight_second_moment_fraction": 0.038044016052134005}
PROGRESS {"utc": "2026-09-21T22:21:17.898644+00:00", "stage": "G_hybrid replica 1 production 13/200", "mode": "G_hybrid", "block_completed": 145136, "block_samples": 250000, "worker_pids_seen": 128, "elapsed_s": 30.523686822038144}
G200_PRODUCTION_FINISHED G_hybrid replica 1 production 13/200 {"n": 12250000, "matched_pb": 0.06016431428022159, "matched_error_pb": 0.002382996434968339, "relative_error": 0.0396081375392942, "hard_error_pb": 0.0023768265413217343, "cpu_ms_per_sample": 10.071708868171344, "max_weight_second_moment_fraction": 0.03733830063200741}
PROGRESS {"utc": "2026-09-21T22:22:10.438941+00:00", "stage": "G_hybrid replica 2 production 13/200", "mode": "G_hybrid", "block_completed": 133146, "block_samples": 250000, "worker_pids_seen": 128, "elapsed_s": 30.511578950099647}
G200_PRODUCTION_FINISHED G_hybrid replica 2 production 13/200 {"n": 12500000, "matched_pb": 0.06046613419835571, "matched_error_pb": 0.0023561769157291537, "relative_error": 0.03896688529813812, "hard_error_pb": 0.002349936606948062, "cpu_ms_per_sample": 10.076965749647195, "max_weight_second_moment_fraction": 0.03668508839341787}
PROGRESS {"utc": "2026-09-21T22:23:07.659423+00:00", "stage": "G_hybrid replica 3 production 13/200", "mode": "G_hybrid", "block_completed": 106785, "block_samples": 250000, "worker_pids_seen": 128, "elapsed_s": 30.64228539704345}
G200_PRODUCTION_FINISHED G_hybrid replica 3 production 13/200 {"n": 12750000, "matched_pb": 0.06048860807838931, "matched_error_pb": 0.0023315016539952604, "relative_error": 0.03854447520058299, "hard_error_pb": 0.00232519512321918, "cpu_ms_per_sample": 10.111063848440624, "max_weight_second_moment_fraction": 0.036014939507696624}
PROGRESS {"utc": "2026-09-21T22:24:08.710542+00:00", "stage": "G_hybrid replica 4 production 13/200", "mode": "G_hybrid", "block_completed": 97484, "block_samples": 250000, "worker_pids_seen": 128, "elapsed_s": 30.97675878298469}
PROGRESS {"utc": "2026-09-21T22:24:38.743832+00:00", "stage": "G_hybrid replica 4 production 13/200", "mode": "G_hybrid", "block_completed": 249744, "block_samples": 250000, "worker_pids_seen": 128, "elapsed_s": 61.010051602032036}
G200_PRODUCTION_FINISHED G_hybrid replica 4 production 13/200 {"n": 13000000, "matched_pb": 0.0603686074573449, "matched_error_pb": 0.002306077326765549, "relative_error": 0.038199942385534924, "hard_error_pb": 0.002299701075244729, "cpu_ms_per_sample": 10.135851280583305, "max_weight_second_moment_fraction": 0.03541540362950666}
PROGRESS {"utc": "2026-09-21T22:25:09.440385+00:00", "stage": "G_hybrid replica 1 production 14/200", "mode": "G_hybrid", "block_completed": 162833, "block_samples": 250000, "worker_pids_seen": 128, "elapsed_s": 30.548084245994687}
G200_PRODUCTION_FINISHED G_hybrid replica 1 production 14/200 {"n": 13250000, "matched_pb": 0.06034768887218067, "matched_error_pb": 0.002282756466481559, "relative_error": 0.03782674215273675, "hard_error_pb": 0.0022763148911613693, "cpu_ms_per_sample": 10.12847975928113, "max_weight_second_moment_fraction": 0.03479566802080845}
PROGRESS {"utc": "2026-09-21T22:25:55.976192+00:00", "stage": "G_hybrid replica 2 production 14/200", "mode": "G_hybrid", "block_completed": 138257, "block_samples": 250000, "worker_pids_seen": 128, "elapsed_s": 30.641055818181485}
G200_PRODUCTION_FINISHED G_hybrid replica 2 production 14/200 {"n": 13500000, "matched_pb": 0.06037417386554117, "matched_error_pb": 0.0022599226140071695, "relative_error": 0.03743194265548419, "hard_error_pb": 0.0022534157671767144, "cpu_ms_per_sample": 10.130387171630664, "max_weight_second_moment_fraction": 0.034203566595577675}
PROGRESS {"utc": "2026-09-21T22:26:54.796749+00:00", "stage": "G_hybrid replica 3 production 14/200", "mode": "G_hybrid", "block_completed": 128927, "block_samples": 250000, "worker_pids_seen": 128, "elapsed_s": 30.661505152937025}
G200_PRODUCTION_FINISHED G_hybrid replica 3 production 14/200 {"n": 13750000, "matched_pb": 0.06077539288356243, "matched_error_pb": 0.0022377946710708165, "relative_error": 0.03682073557892309, "hard_error_pb": 0.002231223294144395, "cpu_ms_per_sample": 10.118724947953378, "max_weight_second_moment_fraction": 0.03363027613567128}
PROGRESS {"utc": "2026-09-21T22:27:52.428139+00:00", "stage": "G_hybrid replica 4 production 14/200", "mode": "G_hybrid", "block_completed": 130843, "block_samples": 250000, "worker_pids_seen": 128, "elapsed_s": 30.55632894905284}
G200_PRODUCTION_FINISHED G_hybrid replica 4 production 14/200 {"n": 14000000, "matched_pb": 0.06032025374702721, "matched_error_pb": 0.002215607587729292, "relative_error": 0.03673074050751129, "hard_error_pb": 0.0022089702083240587, "cpu_ms_per_sample": 10.11025250901414, "max_weight_second_moment_fraction": 0.033096772292126944}
PROGRESS {"utc": "2026-09-21T22:28:52.895371+00:00", "stage": "G_hybrid replica 1 production 15/200", "mode": "G_hybrid", "block_completed": 137401, "block_samples": 250000, "worker_pids_seen": 128, "elapsed_s": 30.49581593903713}
G200_PRODUCTION_FINISHED G_hybrid replica 1 production 15/200 {"n": 14250000, "matched_pb": 0.05994401979333365, "matched_error_pb": 0.0021956622441793028, "relative_error": 0.03662854529524697, "hard_error_pb": 0.0021889643873243153, "cpu_ms_per_sample": 10.10205634785354, "max_weight_second_moment_fraction": 0.0325322391465453}
PROGRESS {"utc": "2026-09-21T22:29:45.367013+00:00", "stage": "G_hybrid replica 2 production 15/200", "mode": "G_hybrid", "block_completed": 137387, "block_samples": 250000, "worker_pids_seen": 128, "elapsed_s": 30.604317334946245}
G200_PRODUCTION_FINISHED G_hybrid replica 2 production 15/200 {"n": 14500000, "matched_pb": 0.05990067271754679, "matched_error_pb": 0.002179085859146127, "relative_error": 0.036378320314052234, "hard_error_pb": 0.00217233689375986, "cpu_ms_per_sample": 10.10741402755772, "max_weight_second_moment_fraction": 0.03190294277682148}
PROGRESS {"utc": "2026-09-21T22:30:38.946010+00:00", "stage": "G_hybrid replica 3 production 15/200", "mode": "G_hybrid", "block_completed": 137217, "block_samples": 250000, "worker_pids_seen": 128, "elapsed_s": 30.515578662976623}
G200_PRODUCTION_FINISHED G_hybrid replica 3 production 15/200 {"n": 14750000, "matched_pb": 0.05984037110878308, "matched_error_pb": 0.0021595946225609797, "relative_error": 0.03608925851470872, "hard_error_pb": 0.002152784553143654, "cpu_ms_per_sample": 10.100423053485354, "max_weight_second_moment_fraction": 0.031393218407704176}
PROGRESS {"utc": "2026-09-21T22:31:29.431833+00:00", "stage": "G_hybrid replica 4 production 15/200", "mode": "G_hybrid", "block_completed": 152459, "block_samples": 250000, "worker_pids_seen": 128, "elapsed_s": 30.52728715003468}
G200_PRODUCTION_FINISHED G_hybrid replica 4 production 15/200 {"n": 15000000, "matched_pb": 0.06009764641215781, "matched_error_pb": 0.0021392750487849595, "relative_error": 0.035596652722696014, "hard_error_pb": 0.00213240008741641, "cpu_ms_per_sample": 10.095507840719332, "max_weight_second_moment_fraction": 0.03093864421054614}
G200_PEAK_REPLAYS production_15000000 new 4 total 59 issues 0
PROGRESS {"utc": "2026-09-21T22:32:26.797120+00:00", "stage": "G_hybrid replica 1 production 16/200", "mode": "G_hybrid", "block_completed": 148474, "block_samples": 250000, "worker_pids_seen": 128, "elapsed_s": 30.602753274142742}
G200_PRODUCTION_FINISHED G_hybrid replica 1 production 16/200 {"n": 15250000, "matched_pb": 0.06008005259281056, "matched_error_pb": 0.002121094036249724, "relative_error": 0.035304463706537156, "hard_error_pb": 0.002114159953521438, "cpu_ms_per_sample": 10.091946283314883, "max_weight_second_moment_fraction": 0.03045129530598474}
PROGRESS {"utc": "2026-09-21T22:33:17.992683+00:00", "stage": "G_hybrid replica 2 production 16/200", "mode": "G_hybrid", "block_completed": 145246, "block_samples": 250000, "worker_pids_seen": 128, "elapsed_s": 30.57743846089579}
G200_PRODUCTION_FINISHED G_hybrid replica 2 production 16/200 {"n": 15500000, "matched_pb": 0.06009942460611453, "matched_error_pb": 0.0021097470695706855, "relative_error": 0.035104280671533074, "hard_error_pb": 0.0021027755695798155, "cpu_ms_per_sample": 10.092680889201867, "max_weight_second_moment_fraction": 0.02979696912161804}
PROGRESS {"utc": "2026-09-21T22:34:11.720746+00:00", "stage": "G_hybrid replica 3 production 16/200", "mode": "G_hybrid", "block_completed": 142479, "block_samples": 250000, "worker_pids_seen": 128, "elapsed_s": 30.561818456975743}
G200_PRODUCTION_FINISHED G_hybrid replica 3 production 16/200 {"n": 15750000, "matched_pb": 0.06032007753932431, "matched_error_pb": 0.002094713208716924, "relative_error": 0.034726633223429185, "hard_error_pb": 0.0020876915062414693, "cpu_ms_per_sample": 10.086943275455235, "max_weight_second_moment_fraction": 0.02927708372203016}
PROGRESS {"utc": "2026-09-21T22:35:05.584945+00:00", "stage": "G_hybrid replica 4 production 16/200", "mode": "G_hybrid", "block_completed": 133412, "block_samples": 250000, "worker_pids_seen": 128, "elapsed_s": 30.49177823588252}
G200_PRODUCTION_FINISHED G_hybrid replica 4 production 16/200 {"n": 16000000, "matched_pb": 0.06024603177480908, "matched_error_pb": 0.002077035622366932, "relative_error": 0.034475890962090076, "hard_error_pb": 0.0020699539548117516, "cpu_ms_per_sample": 10.08138830958881, "max_weight_second_moment_fraction": 0.028857595171934182}
PROGRESS {"utc": "2026-09-21T22:36:01.169086+00:00", "stage": "G_hybrid replica 1 production 17/200", "mode": "G_hybrid", "block_completed": 143785, "block_samples": 250000, "worker_pids_seen": 128, "elapsed_s": 30.500073845032603}
G200_PRODUCTION_FINISHED G_hybrid replica 1 production 17/200 {"n": 16250000, "matched_pb": 0.06020942356727696, "matched_error_pb": 0.0020609574628304944, "relative_error": 0.0342298155458608, "hard_error_pb": 0.0020538203577860287, "cpu_ms_per_sample": 10.078521064557044, "max_weight_second_moment_fraction": 0.02841775689750311}
PROGRESS {"utc": "2026-09-21T22:36:54.981485+00:00", "stage": "G_hybrid replica 2 production 17/200", "mode": "G_hybrid", "block_completed": 134898, "block_samples": 250000, "worker_pids_seen": 128, "elapsed_s": 30.47203583503142}
G200_PRODUCTION_FINISHED G_hybrid replica 2 production 17/200 {"n": 16500000, "matched_pb": 0.060231283873540195, "matched_error_pb": 0.0020561452421069583, "relative_error": 0.03413749649474482, "hard_error_pb": 0.002048991375066939, "cpu_ms_per_sample": 10.080246183654605, "max_weight_second_moment_fraction": 0.027693231401536095}
PROGRESS {"utc": "2026-09-21T22:37:52.842228+00:00", "stage": "G_hybrid replica 3 production 17/200", "mode": "G_hybrid", "block_completed": 132035, "block_samples": 250000, "worker_pids_seen": 128, "elapsed_s": 30.70775830396451}
G200_PRODUCTION_FINISHED G_hybrid replica 3 production 17/200 {"n": 16750000, "matched_pb": 0.06023168666359642, "matched_error_pb": 0.0020396941171223243, "relative_error": 0.03386413746827881, "hard_error_pb": 0.002032482346758033, "cpu_ms_per_sample": 10.072797414342148, "max_weight_second_moment_fraction": 0.027311060287210923}
PROGRESS {"utc": "2026-09-21T22:38:48.402056+00:00", "stage": "G_hybrid replica 4 production 17/200", "mode": "G_hybrid", "block_completed": 143589, "block_samples": 250000, "worker_pids_seen": 128, "elapsed_s": 30.57979294890538}
G200_PRODUCTION_FINISHED G_hybrid replica 4 production 17/200 {"n": 17000000, "matched_pb": 0.05999937125237925, "matched_error_pb": 0.00202249605189094, "relative_error": 0.03370862076843411, "hard_error_pb": 0.002015222736665618, "cpu_ms_per_sample": 10.068895377986822, "max_weight_second_moment_fraction": 0.026969787204426453}
PROGRESS {"utc": "2026-09-21T22:39:41.643936+00:00", "stage": "G_hybrid replica 1 production 18/200", "mode": "G_hybrid", "block_completed": 162840, "block_samples": 250000, "worker_pids_seen": 128, "elapsed_s": 30.514116876991466}
G200_PRODUCTION_FINISHED G_hybrid replica 1 production 18/200 {"n": 17250000, "matched_pb": 0.06042357794206922, "matched_error_pb": 0.002007043056388384, "relative_error": 0.03321622328145853, "hard_error_pb": 0.0019997135366487994, "cpu_ms_per_sample": 10.103279427047188, "max_weight_second_moment_fraction": 0.02660161777215219}
PROGRESS {"utc": "2026-09-21T22:40:39.029135+00:00", "stage": "G_hybrid replica 2 production 18/200", "mode": "G_hybrid", "block_completed": 137440, "block_samples": 250000, "worker_pids_seen": 128, "elapsed_s": 30.498736132867634}
G200_PRODUCTION_FINISHED G_hybrid replica 2 production 18/200 {"n": 17500000, "matched_pb": 0.060322645809663136, "matched_error_pb": 0.0019916421925759717, "relative_error": 0.03301649265949354, "hard_error_pb": 0.001984255785353402, "cpu_ms_per_sample": 10.107725691481656, "max_weight_second_moment_fraction": 0.026251268131089953}
PROGRESS {"utc": "2026-09-21T22:41:35.456262+00:00", "stage": "G_hybrid replica 3 production 18/200", "mode": "G_hybrid", "block_completed": 143790, "block_samples": 250000, "worker_pids_seen": 128, "elapsed_s": 30.531960465945303}
G200_PRODUCTION_FINISHED G_hybrid replica 3 production 18/200 {"n": 17750000, "matched_pb": 0.060450706982192, "matched_error_pb": 0.001976459024860707, "relative_error": 0.03269538312335944, "hard_error_pb": 0.0019690156615458803, "cpu_ms_per_sample": 10.101867183525183, "max_weight_second_moment_fraction": 0.025913538172712455}
PROGRESS {"utc": "2026-09-21T22:42:28.747347+00:00", "stage": "G_hybrid replica 4 production 18/200", "mode": "G_hybrid", "block_completed": 140716, "block_samples": 250000, "worker_pids_seen": 128, "elapsed_s": 30.587216374929994}
G200_PRODUCTION_FINISHED G_hybrid replica 4 production 18/200 {"n": 18000000, "matched_pb": 0.060507076504623725, "matched_error_pb": 0.0019612370704611944, "relative_error": 0.03241335036756112, "hard_error_pb": 0.0019537357152416574, "cpu_ms_per_sample": 10.102894196655722, "max_weight_second_moment_fraction": 0.025594410361163705}
PROGRESS {"utc": "2026-09-21T22:43:25.684177+00:00", "stage": "G_hybrid replica 1 production 19/200", "mode": "G_hybrid", "block_completed": 144285, "block_samples": 250000, "worker_pids_seen": 128, "elapsed_s": 30.614625883987173}
G200_PRODUCTION_FINISHED G_hybrid replica 1 production 19/200 {"n": 18250000, "matched_pb": 0.06047830667536892, "matched_error_pb": 0.0019465097807461584, "relative_error": 0.03218525596615151, "hard_error_pb": 0.0019389514498821471, "cpu_ms_per_sample": 10.101450098777915, "max_weight_second_moment_fraction": 0.025279128283539946}
PROGRESS {"utc": "2026-09-21T22:44:20.286432+00:00", "stage": "G_hybrid replica 2 production 19/200", "mode": "G_hybrid", "block_completed": 91122, "block_samples": 250000, "worker_pids_seen": 128, "elapsed_s": 30.889486896106973}
PROGRESS {"utc": "2026-09-21T22:44:50.347399+00:00", "stage": "G_hybrid replica 2 production 19/200", "mode": "G_hybrid", "block_completed": 211954, "block_samples": 250000, "worker_pids_seen": 128, "elapsed_s": 60.95044673001394}
G200_PRODUCTION_FINISHED G_hybrid replica 2 production 19/200 {"n": 18500000, "matched_pb": 0.06002544688307948, "matched_error_pb": 0.0019323114997416779, "relative_error": 0.03219153875697967, "hard_error_pb": 0.0019246974127102563, "cpu_ms_per_sample": 10.126556644983243, "max_weight_second_moment_fraction": 0.024966224903351923}
PROGRESS {"utc": "2026-09-21T22:45:29.259802+00:00", "stage": "G_hybrid replica 3 production 19/200", "mode": "G_hybrid", "block_completed": 139323, "block_samples": 250000, "worker_pids_seen": 128, "elapsed_s": 30.542903997004032}
G200_PRODUCTION_FINISHED G_hybrid replica 3 production 19/200 {"n": 18750000, "matched_pb": 0.060257916201583536, "matched_error_pb": 0.0019185228469066687, "relative_error": 0.031838519614394684, "hard_error_pb": 0.0019108538176853015, "cpu_ms_per_sample": 10.119832734593812, "max_weight_second_moment_fraction": 0.024658347188029388}
PROGRESS {"utc": "2026-09-21T22:46:25.297368+00:00", "stage": "G_hybrid replica 4 production 19/200", "mode": "G_hybrid", "block_completed": 137893, "block_samples": 250000, "worker_pids_seen": 128, "elapsed_s": 30.576678473036736}
G200_PRODUCTION_FINISHED G_hybrid replica 4 production 19/200 {"n": 19000000, "matched_pb": 0.06033010236844233, "matched_error_pb": 0.0019044863056999653, "relative_error": 0.03156776187895498, "hard_error_pb": 0.001896760524435893, "cpu_ms_per_sample": 10.117044382863892, "max_weight_second_moment_fraction": 0.024371891957200926}
PROGRESS {"utc": "2026-09-21T22:47:20.693225+00:00", "stage": "G_hybrid replica 1 production 20/200", "mode": "G_hybrid", "block_completed": 131237, "block_samples": 250000, "worker_pids_seen": 128, "elapsed_s": 30.540309017989784}
G200_PRODUCTION_FINISHED G_hybrid replica 1 production 20/200 {"n": 19250000, "matched_pb": 0.06007388166858711, "matched_error_pb": 0.001891507564972894, "relative_error": 0.03148635500878531, "hard_error_pb": 0.0018837285544391234, "cpu_ms_per_sample": 10.113885548448051, "max_weight_second_moment_fraction": 0.024072604945213433}
PROGRESS {"utc": "2026-09-21T22:48:19.084872+00:00", "stage": "G_hybrid replica 2 production 20/200", "mode": "G_hybrid", "block_completed": 135429, "block_samples": 250000, "worker_pids_seen": 128, "elapsed_s": 30.5922232568264}
G200_PRODUCTION_FINISHED G_hybrid replica 2 production 20/200 {"n": 19500000, "matched_pb": 0.06008937493464751, "matched_error_pb": 0.001878291162116196, "relative_error": 0.0312582909068201, "hard_error_pb": 0.0018704571869314283, "cpu_ms_per_sample": 10.116177641800922, "max_weight_second_moment_fraction": 0.02379339454053407}
PROGRESS {"utc": "2026-09-21T22:49:17.658220+00:00", "stage": "G_hybrid replica 3 production 20/200", "mode": "G_hybrid", "block_completed": 101171, "block_samples": 250000, "worker_pids_seen": 128, "elapsed_s": 30.62354562897235}
PROGRESS {"utc": "2026-09-21T22:49:47.708070+00:00", "stage": "G_hybrid replica 3 production 20/200", "mode": "G_hybrid", "block_completed": 235152, "block_samples": 250000, "worker_pids_seen": 128, "elapsed_s": 60.67340011196211}
G200_PRODUCTION_FINISHED G_hybrid replica 3 production 20/200 {"n": 19750000, "matched_pb": 0.0601833243917492, "matched_error_pb": 0.0018670985905319968, "relative_error": 0.031023520375487362, "hard_error_pb": 0.001859217455067102, "cpu_ms_per_sample": 10.1360343912682, "max_weight_second_moment_fraction": 0.023476140642718066}
PROGRESS {"utc": "2026-09-21T22:50:21.247879+00:00", "stage": "G_hybrid replica 4 production 20/200", "mode": "G_hybrid", "block_completed": 142662, "block_samples": 250000, "worker_pids_seen": 128, "elapsed_s": 30.455972086871043}
G200_PRODUCTION_FINISHED G_hybrid replica 4 production 20/200 {"n": 20000000, "matched_pb": 0.060411551539591796, "matched_error_pb": 0.0018538705767249782, "relative_error": 0.030687352492677015, "hard_error_pb": 0.0018459329656588903, "cpu_ms_per_sample": 10.1329699679475, "max_weight_second_moment_fraction": 0.02322360224166314}
G200_PEAK_REPLAYS production_20000000 new 3 total 62 issues 0
PROGRESS {"utc": "2026-09-21T22:51:18.068882+00:00", "stage": "G_hybrid replica 1 production 21/200", "mode": "G_hybrid", "block_completed": 136833, "block_samples": 250000, "worker_pids_seen": 128, "elapsed_s": 30.763611468020827}
G200_PRODUCTION_FINISHED G_hybrid replica 1 production 21/200 {"n": 20250000, "matched_pb": 0.0604646919785181, "matched_error_pb": 0.0018409754978299354, "relative_error": 0.030447116119999375, "hard_error_pb": 0.0018329820463031821, "cpu_ms_per_sample": 10.126485149771803, "max_weight_second_moment_fraction": 0.02297496958398664}
PROGRESS {"utc": "2026-09-21T22:52:13.277565+00:00", "stage": "G_hybrid replica 2 production 21/200", "mode": "G_hybrid", "block_completed": 142996, "block_samples": 250000, "worker_pids_seen": 128, "elapsed_s": 30.481894050957635}
G200_PRODUCTION_FINISHED G_hybrid replica 2 production 21/200 {"n": 20500000, "matched_pb": 0.06052487180016876, "matched_error_pb": 0.0018290744720226698, "relative_error": 0.030220212246985213, "hard_error_pb": 0.0018210287813938118, "cpu_ms_per_sample": 10.127006418557853, "max_weight_second_moment_fraction": 0.022713293281101908}
PROGRESS {"utc": "2026-09-21T22:53:09.625270+00:00", "stage": "G_hybrid replica 3 production 21/200", "mode": "G_hybrid", "block_completed": 134842, "block_samples": 250000, "worker_pids_seen": 128, "elapsed_s": 30.53978253295645}
G200_PRODUCTION_FINISHED G_hybrid replica 3 production 21/200 {"n": 20750000, "matched_pb": 0.06024392809854179, "matched_error_pb": 0.0018179435282492567, "relative_error": 0.03017637769694603, "hard_error_pb": 0.0018098483556262326, "cpu_ms_per_sample": 10.119928189602552, "max_weight_second_moment_fraction": 0.022444018319849175}
PROGRESS {"utc": "2026-09-21T22:54:10.164359+00:00", "stage": "G_hybrid replica 4 production 21/200", "mode": "G_hybrid", "block_completed": 140320, "block_samples": 250000, "worker_pids_seen": 128, "elapsed_s": 30.4881112028379}
G200_PRODUCTION_FINISHED G_hybrid replica 4 production 21/200 {"n": 21000000, "matched_pb": 0.0602147397057345, "matched_error_pb": 0.0018058424997460876, "relative_error": 0.029990040786875803, "hard_error_pb": 0.0017976928359285467, "cpu_ms_per_sample": 10.114228238878093, "max_weight_second_moment_fraction": 0.022210153116306974}
PROGRESS {"utc": "2026-09-21T22:55:05.467080+00:00", "stage": "G_hybrid replica 1 production 22/200", "mode": "G_hybrid", "block_completed": 131644, "block_samples": 250000, "worker_pids_seen": 128, "elapsed_s": 30.622881768038496}
G200_PRODUCTION_FINISHED G_hybrid replica 1 production 22/200 {"n": 21250000, "matched_pb": 0.059915119504298495, "matched_error_pb": 0.0017941841722644493, "relative_error": 0.029945432590445374, "hard_error_pb": 0.0017859813107823637, "cpu_ms_per_sample": 10.112792293157646, "max_weight_second_moment_fraction": 0.02197602386069569}
PROGRESS {"utc": "2026-09-21T22:56:02.364548+00:00", "stage": "G_hybrid replica 2 production 22/200", "mode": "G_hybrid", "block_completed": 135291, "block_samples": 250000, "worker_pids_seen": 128, "elapsed_s": 30.509632411878556}
G200_PRODUCTION_FINISHED G_hybrid replica 2 production 22/200 {"n": 21500000, "matched_pb": 0.05970379099090119, "matched_error_pb": 0.0017828683908288317, "relative_error": 0.02986189589033868, "hard_error_pb": 0.0017746132247552452, "cpu_ms_per_sample": 10.113495680763812, "max_weight_second_moment_fraction": 0.02174383944264033}
PROGRESS {"utc": "2026-09-21T22:57:00.537382+00:00", "stage": "G_hybrid replica 3 production 22/200", "mode": "G_hybrid", "block_completed": 142495, "block_samples": 250000, "worker_pids_seen": 128, "elapsed_s": 30.478291766019538}
G200_PRODUCTION_FINISHED G_hybrid replica 3 production 22/200 {"n": 21750000, "matched_pb": 0.05955810972641026, "matched_error_pb": 0.0017719014791795983, "relative_error": 0.029750801147301553, "hard_error_pb": 0.0017635949791203395, "cpu_ms_per_sample": 10.109149125769012, "max_weight_second_moment_fraction": 0.021513159021938635}
PROGRESS {"utc": "2026-09-21T22:57:54.796585+00:00", "stage": "G_hybrid replica 4 production 22/200", "mode": "G_hybrid", "block_completed": 141068, "block_samples": 250000, "worker_pids_seen": 128, "elapsed_s": 30.56574688013643}
G200_PRODUCTION_FINISHED G_hybrid replica 4 production 22/200 {"n": 22000000, "matched_pb": 0.05962297896468459, "matched_error_pb": 0.001761203751659784, "relative_error": 0.02953900966107323, "hard_error_pb": 0.001752846557266243, "cpu_ms_per_sample": 10.108185504966862, "max_weight_second_moment_fraction": 0.02128566824573608}
PROGRESS {"utc": "2026-09-21T22:58:49.779755+00:00", "stage": "G_hybrid replica 1 production 23/200", "mode": "G_hybrid", "block_completed": 130416, "block_samples": 250000, "worker_pids_seen": 128, "elapsed_s": 30.498709083069116}
G200_PRODUCTION_FINISHED G_hybrid replica 1 production 23/200 {"n": 22250000, "matched_pb": 0.059779672008709886, "matched_error_pb": 0.0017505995260406414, "relative_error": 0.029284194228860597, "hard_error_pb": 0.0017421914645162687, "cpu_ms_per_sample": 10.107066466396134, "max_weight_second_moment_fraction": 0.02106535442062351}
PROGRESS {"utc": "2026-09-21T22:59:47.020979+00:00", "stage": "G_hybrid replica 2 production 23/200", "mode": "G_hybrid", "block_completed": 131775, "block_samples": 250000, "worker_pids_seen": 128, "elapsed_s": 30.722577105043456}
G200_PRODUCTION_FINISHED G_hybrid replica 2 production 23/200 {"n": 22500000, "matched_pb": 0.05968526224994103, "matched_error_pb": 0.001740398734286207, "relative_error": 0.02915960605145748, "hard_error_pb": 0.0017319411516459368, "cpu_ms_per_sample": 10.111796640946354, "max_weight_second_moment_fraction": 0.02084438848627905}
PROGRESS {"utc": "2026-09-21T23:00:42.696383+00:00", "stage": "G_hybrid replica 3 production 23/200", "mode": "G_hybrid", "block_completed": 144502, "block_samples": 250000, "worker_pids_seen": 128, "elapsed_s": 30.694064049050212}
G200_PRODUCTION_FINISHED G_hybrid replica 3 production 23/200 {"n": 22750000, "matched_pb": 0.05978735559585409, "matched_error_pb": 0.0017307095028921942, "relative_error": 0.028947751337110635, "hard_error_pb": 0.001722204338010147, "cpu_ms_per_sample": 10.109353252197144, "max_weight_second_moment_fraction": 0.020619986838109255}
PROGRESS {"utc": "2026-09-21T23:01:39.055513+00:00", "stage": "G_hybrid replica 4 production 23/200", "mode": "G_hybrid", "block_completed": 135736, "block_samples": 250000, "worker_pids_seen": 128, "elapsed_s": 30.59991309721954}
G200_PRODUCTION_FINISHED G_hybrid replica 4 production 23/200 {"n": 23000000, "matched_pb": 0.0595622092020682, "matched_error_pb": 0.0017204309627342621, "relative_error": 0.0288846062928526, "hard_error_pb": 0.001711874731396653, "cpu_ms_per_sample": 10.107489287650607, "max_weight_second_moment_fraction": 0.020418351055835313}
PROGRESS {"utc": "2026-09-21T23:02:34.869432+00:00", "stage": "G_hybrid replica 1 production 24/200", "mode": "G_hybrid", "block_completed": 146176, "block_samples": 250000, "worker_pids_seen": 128, "elapsed_s": 30.569717783946544}
G200_PRODUCTION_FINISHED G_hybrid replica 1 production 24/200 {"n": 23250000, "matched_pb": 0.05944221763111274, "matched_error_pb": 0.0017109407771179555, "relative_error": 0.028783259530048715, "hard_error_pb": 0.0017023368471793753, "cpu_ms_per_sample": 10.107027849315395, "max_weight_second_moment_fraction": 0.02020613571361008}
PROGRESS {"utc": "2026-09-21T23:03:27.422660+00:00", "stage": "G_hybrid replica 2 production 24/200", "mode": "G_hybrid", "block_completed": 134413, "block_samples": 250000, "worker_pids_seen": 128, "elapsed_s": 30.609991983976215}
G200_PRODUCTION_FINISHED G_hybrid replica 2 production 24/200 {"n": 23500000, "matched_pb": 0.05938861181650751, "matched_error_pb": 0.001701036585120073, "relative_error": 0.02864247088946533, "hard_error_pb": 0.0016923823038476212, "cpu_ms_per_sample": 10.112852691697617, "max_weight_second_moment_fraction": 0.02001185835100267}
PROGRESS {"utc": "2026-09-21T23:04:24.963377+00:00", "stage": "G_hybrid replica 3 production 24/200", "mode": "G_hybrid", "block_completed": 95119, "block_samples": 250000, "worker_pids_seen": 128, "elapsed_s": 30.586287226062268}
PROGRESS {"utc": "2026-09-21T23:04:54.989066+00:00", "stage": "G_hybrid replica 3 production 24/200", "mode": "G_hybrid", "block_completed": 238480, "block_samples": 250000, "worker_pids_seen": 128, "elapsed_s": 60.61197143397294}
G200_PRODUCTION_FINISHED G_hybrid replica 3 production 24/200 {"n": 23750000, "matched_pb": 0.05910921627215228, "matched_error_pb": 0.0016942832740483057, "relative_error": 0.028663605794525173, "hard_error_pb": 0.0016855943198704334, "cpu_ms_per_sample": 10.127046056624923, "max_weight_second_moment_fraction": 0.019750885707889288}
PROGRESS {"utc": "2026-09-21T23:05:28.610169+00:00", "stage": "G_hybrid replica 4 production 24/200", "mode": "G_hybrid", "block_completed": 136931, "block_samples": 250000, "worker_pids_seen": 128, "elapsed_s": 30.52665548515506}
G200_PRODUCTION_FINISHED G_hybrid replica 4 production 24/200 {"n": 24000000, "matched_pb": 0.05913125222243806, "matched_error_pb": 0.0016845448613467724, "relative_error": 0.028488232500301282, "hard_error_pb": 0.0016758054148228068, "cpu_ms_per_sample": 10.12560612292579, "max_weight_second_moment_fraction": 0.019568171282768804}
PROGRESS {"utc": "2026-09-21T23:06:23.644222+00:00", "stage": "G_hybrid replica 1 production 25/200", "mode": "G_hybrid", "block_completed": 140254, "block_samples": 250000, "worker_pids_seen": 128, "elapsed_s": 30.49939690786414}
G200_PRODUCTION_FINISHED G_hybrid replica 1 production 25/200 {"n": 24250000, "matched_pb": 0.05935105932741838, "matched_error_pb": 0.0016752064665921781, "relative_error": 0.02822538444260394, "hard_error_pb": 0.0016664180460412307, "cpu_ms_per_sample": 10.124173551945649, "max_weight_second_moment_fraction": 0.019383342554617468}
PROGRESS {"utc": "2026-09-21T23:07:19.188029+00:00", "stage": "G_hybrid replica 2 production 25/200", "mode": "G_hybrid", "block_completed": 133979, "block_samples": 250000, "worker_pids_seen": 128, "elapsed_s": 30.487574354046956}
G200_PRODUCTION_FINISHED G_hybrid replica 2 production 25/200 {"n": 24500000, "matched_pb": 0.059265268927616854, "matched_error_pb": 0.0016658593013036773, "relative_error": 0.02810852513532438, "hard_error_pb": 0.0016570213065013977, "cpu_ms_per_sample": 10.125466118975876, "max_weight_second_moment_fraction": 0.019205764922752583}
PROGRESS {"utc": "2026-09-21T23:08:15.489319+00:00", "stage": "G_hybrid replica 3 production 25/200", "mode": "G_hybrid", "block_completed": 141041, "block_samples": 250000, "worker_pids_seen": 128, "elapsed_s": 30.553684376180172}
G200_PRODUCTION_FINISHED G_hybrid replica 3 production 25/200 {"n": 24750000, "matched_pb": 0.05908012922751267, "matched_error_pb": 0.0016569060833818213, "relative_error": 0.028045065321391116, "hard_error_pb": 0.0016480200750013058, "cpu_ms_per_sample": 10.120277221528767, "max_weight_second_moment_fraction": 0.019025863012172187}
PROGRESS {"utc": "2026-09-21T23:09:08.814358+00:00", "stage": "G_hybrid replica 4 production 25/200", "mode": "G_hybrid", "block_completed": 143216, "block_samples": 250000, "worker_pids_seen": 128, "elapsed_s": 30.522779976017773}
G200_PRODUCTION_FINISHED G_hybrid replica 4 production 25/200 {"n": 25000000, "matched_pb": 0.05902787307801831, "matched_error_pb": 0.0016480785030673515, "relative_error": 0.02792034368050249, "hard_error_pb": 0.0016391446399669385, "cpu_ms_per_sample": 10.116338883589439, "max_weight_second_moment_fraction": 0.01884972943156673}
G200_PEAK_REPLAYS production_25000000 new 1 total 63 issues 0
PROGRESS {"utc": "2026-09-21T23:10:10.198417+00:00", "stage": "G_hybrid replica 1 production 26/200", "mode": "G_hybrid", "block_completed": 141743, "block_samples": 250000, "worker_pids_seen": 128, "elapsed_s": 30.62533564097248}
PROGRESS {"utc": "2026-09-21T23:10:40.199382+00:00", "stage": "G_hybrid replica 1 production 26/200", "mode": "G_hybrid", "block_completed": 230831, "block_samples": 250000, "worker_pids_seen": 128, "elapsed_s": 60.626301462063566}
G200_PRODUCTION_FINISHED G_hybrid replica 1 production 26/200 {"n": 25250000, "matched_pb": 0.05903167292791471, "matched_error_pb": 0.0016393765849354032, "relative_error": 0.027771135453628318, "hard_error_pb": 0.0016303950397661567, "cpu_ms_per_sample": 10.13252250990574, "max_weight_second_moment_fraction": 0.018677176223822124}
PROGRESS {"utc": "2026-09-21T23:11:14.768194+00:00", "stage": "G_hybrid replica 2 production 26/200", "mode": "G_hybrid", "block_completed": 132096, "block_samples": 250000, "worker_pids_seen": 128, "elapsed_s": 30.510241327807307}
G200_PRODUCTION_FINISHED G_hybrid replica 2 production 26/200 {"n": 25500000, "matched_pb": 0.05883957268281459, "matched_error_pb": 0.001630730393048078, "relative_error": 0.027714857853214307, "hard_error_pb": 0.0016217009629615324, "cpu_ms_per_sample": 10.133567041736233, "max_weight_second_moment_fraction": 0.018509622241066306}
PROGRESS {"utc": "2026-09-21T23:12:13.904881+00:00", "stage": "G_hybrid replica 3 production 26/200", "mode": "G_hybrid", "block_completed": 154341, "block_samples": 250000, "worker_pids_seen": 128, "elapsed_s": 30.53020180296153}
G200_PRODUCTION_FINISHED G_hybrid replica 3 production 26/200 {"n": 25750000, "matched_pb": 0.05866206811107588, "matched_error_pb": 0.001622358211346565, "relative_error": 0.02765600094893774, "hard_error_pb": 0.0016132819234043528, "cpu_ms_per_sample": 10.126900871158677, "max_weight_second_moment_fraction": 0.018341898081118774}
PROGRESS {"utc": "2026-09-21T23:13:05.759287+00:00", "stage": "G_hybrid replica 4 production 26/200", "mode": "G_hybrid", "block_completed": 147029, "block_samples": 250000, "worker_pids_seen": 128, "elapsed_s": 30.48896895395592}
G200_PRODUCTION_FINISHED G_hybrid replica 4 production 26/200 {"n": 26000000, "matched_pb": 0.0588230991319461, "matched_error_pb": 0.001614015596921538, "relative_error": 0.02743846585337402, "hard_error_pb": 0.0016048921289499836, "cpu_ms_per_sample": 10.122826373242882, "max_weight_second_moment_fraction": 0.018179461392638804}
PROGRESS {"utc": "2026-09-21T23:13:59.646542+00:00", "stage": "G_hybrid replica 1 production 27/200", "mode": "G_hybrid", "block_completed": 140209, "block_samples": 250000, "worker_pids_seen": 128, "elapsed_s": 30.503089824924245}
G200_PRODUCTION_FINISHED G_hybrid replica 1 production 27/200 {"n": 26250000, "matched_pb": 0.05882115757808648, "matched_error_pb": 0.0016060743330048178, "relative_error": 0.02730436460507796, "hard_error_pb": 0.001596905495512021, "cpu_ms_per_sample": 10.122355866195084, "max_weight_second_moment_fraction": 0.01801367571415346}
PROGRESS {"utc": "2026-09-21T23:14:53.097731+00:00", "stage": "G_hybrid replica 2 production 27/200", "mode": "G_hybrid", "block_completed": 138228, "block_samples": 250000, "worker_pids_seen": 128, "elapsed_s": 30.480507412925363}
G200_PRODUCTION_FINISHED G_hybrid replica 2 production 27/200 {"n": 26500000, "matched_pb": 0.058946001635220166, "matched_error_pb": 0.0015980582972429135, "relative_error": 0.027110546142421907, "hard_error_pb": 0.0015888432017812655, "cpu_ms_per_sample": 10.124845167064338, "max_weight_second_moment_fraction": 0.017855238401007913}
PROGRESS {"utc": "2026-09-21T23:15:48.972520+00:00", "stage": "G_hybrid replica 3 production 27/200", "mode": "G_hybrid", "block_completed": 143573, "block_samples": 250000, "worker_pids_seen": 128, "elapsed_s": 30.519689727108926}
G200_PRODUCTION_FINISHED G_hybrid replica 3 production 27/200 {"n": 26750000, "matched_pb": 0.05909467066898509, "matched_error_pb": 0.0015903189565384635, "relative_error": 0.026911376923420566, "hard_error_pb": 0.0015810587534893224, "cpu_ms_per_sample": 10.118615623182318, "max_weight_second_moment_fraction": 0.017696036865237155}
PROGRESS {"utc": "2026-09-21T23:16:41.969065+00:00", "stage": "G_hybrid replica 4 production 27/200", "mode": "G_hybrid", "block_completed": 140239, "block_samples": 250000, "worker_pids_seen": 128, "elapsed_s": 30.55463677807711}
G200_PRODUCTION_FINISHED G_hybrid replica 4 production 27/200 {"n": 27000000, "matched_pb": 0.059306664083586355, "matched_error_pb": 0.0015829835503068724, "relative_error": 0.026691495378594006, "hard_error_pb": 0.0015736801832017117, "cpu_ms_per_sample": 10.11616946634711, "max_weight_second_moment_fraction": 0.017533124627694324}
PROGRESS {"utc": "2026-09-21T23:17:37.305306+00:00", "stage": "G_hybrid replica 1 production 28/200", "mode": "G_hybrid", "block_completed": 143676, "block_samples": 250000, "worker_pids_seen": 128, "elapsed_s": 30.480912348022684}
G200_PRODUCTION_FINISHED G_hybrid replica 1 production 28/200 {"n": 27250000, "matched_pb": 0.05929124099963799, "matched_error_pb": 0.0015751978370092132, "relative_error": 0.0265671254379518, "hard_error_pb": 0.0015658482123686594, "cpu_ms_per_sample": 10.113940326260476, "max_weight_second_moment_fraction": 0.017385509611734542}
PROGRESS {"utc": "2026-09-21T23:18:31.267326+00:00", "stage": "G_hybrid replica 2 production 28/200", "mode": "G_hybrid", "block_completed": 135555, "block_samples": 250000, "worker_pids_seen": 128, "elapsed_s": 30.490595954935998}
G200_PRODUCTION_FINISHED G_hybrid replica 2 production 28/200 {"n": 27500000, "matched_pb": 0.0592697874207619, "matched_error_pb": 0.0015678670475485687, "relative_error": 0.02645305670523382, "hard_error_pb": 0.0015584734445117402, "cpu_ms_per_sample": 10.117645199601817, "max_weight_second_moment_fraction": 0.017232787363218406}
PROGRESS {"utc": "2026-09-21T23:19:27.335084+00:00", "stage": "G_hybrid replica 3 production 28/200", "mode": "G_hybrid", "block_completed": 143382, "block_samples": 250000, "worker_pids_seen": 128, "elapsed_s": 30.66315527493134}
G200_PRODUCTION_FINISHED G_hybrid replica 3 production 28/200 {"n": 27750000, "matched_pb": 0.0591361896054349, "matched_error_pb": 0.001560938183374116, "relative_error": 0.026395650341845128, "hard_error_pb": 0.0015515026299606804, "cpu_ms_per_sample": 10.114858518385622, "max_weight_second_moment_fraction": 0.017076096536571665}
PROGRESS {"utc": "2026-09-21T23:20:20.099408+00:00", "stage": "G_hybrid replica 4 production 28/200", "mode": "G_hybrid", "block_completed": 150947, "block_samples": 250000, "worker_pids_seen": 128, "elapsed_s": 30.495575404027477}
G200_PRODUCTION_FINISHED G_hybrid replica 4 production 28/200 {"n": 28000000, "matched_pb": 0.05898985012351948, "matched_error_pb": 0.0015537201580413968, "relative_error": 0.02633877107312606, "hard_error_pb": 0.001544240501982708, "cpu_ms_per_sample": 10.112704761446036, "max_weight_second_moment_fraction": 0.016930645553181984}
PROGRESS {"utc": "2026-09-21T23:21:11.383110+00:00", "stage": "G_hybrid replica 1 production 29/200", "mode": "G_hybrid", "block_completed": 140346, "block_samples": 250000, "worker_pids_seen": 128, "elapsed_s": 30.58423456386663}
G200_PRODUCTION_FINISHED G_hybrid replica 1 production 29/200 {"n": 28250000, "matched_pb": 0.05879980730491738, "matched_error_pb": 0.0015465851519565206, "relative_error": 0.026302554767508243, "hard_error_pb": 0.001537061492170042, "cpu_ms_per_sample": 10.112112371814584, "max_weight_second_moment_fraction": 0.01678803542439997}
PROGRESS {"utc": "2026-09-21T23:22:04.866086+00:00", "stage": "G_hybrid replica 2 production 29/200", "mode": "G_hybrid", "block_completed": 141445, "block_samples": 250000, "worker_pids_seen": 128, "elapsed_s": 30.56189320399426}
G200_PRODUCTION_FINISHED G_hybrid replica 2 production 29/200 {"n": 28500000, "matched_pb": 0.05872992216001072, "matched_error_pb": 0.0015466884682675064, "relative_error": 0.026335612433701618, "hard_error_pb": 0.0015371654485875318, "cpu_ms_per_sample": 10.114446892057263, "max_weight_second_moment_fraction": 0.016492578215774493}
PROGRESS {"utc": "2026-09-21T23:22:57.394192+00:00", "stage": "G_hybrid replica 3 production 29/200", "mode": "G_hybrid", "block_completed": 146277, "block_samples": 250000, "worker_pids_seen": 128, "elapsed_s": 30.535984586924314}
G200_PRODUCTION_FINISHED G_hybrid replica 3 production 29/200 {"n": 28750000, "matched_pb": 0.058656996991027346, "matched_error_pb": 0.0015395370310989475, "relative_error": 0.026246434527400844, "hard_error_pb": 0.0015299694992334273, "cpu_ms_per_sample": 10.111676189173252, "max_weight_second_moment_fraction": 0.01635980666089741}
PROGRESS {"utc": "2026-09-21T23:23:49.676888+00:00", "stage": "G_hybrid replica 4 production 29/200", "mode": "G_hybrid", "block_completed": 148635, "block_samples": 250000, "worker_pids_seen": 128, "elapsed_s": 30.474224979057908}
G200_PRODUCTION_FINISHED G_hybrid replica 4 production 29/200 {"n": 29000000, "matched_pb": 0.05886962151866207, "matched_error_pb": 0.0015322939913010622, "relative_error": 0.026028602728748896, "hard_error_pb": 0.0015226809495875891, "cpu_ms_per_sample": 10.108052843084828, "max_weight_second_moment_fraction": 0.016233260358976664}
PROGRESS {"utc": "2026-09-21T23:24:42.315051+00:00", "stage": "G_hybrid replica 1 production 30/200", "mode": "G_hybrid", "block_completed": 140717, "block_samples": 250000, "worker_pids_seen": 128, "elapsed_s": 30.533171817893162}
G200_PRODUCTION_FINISHED G_hybrid replica 1 production 30/200 {"n": 29250000, "matched_pb": 0.05877992513995488, "matched_error_pb": 0.0015251429202286515, "relative_error": 0.02594666319491373, "hard_error_pb": 0.0015154845184241247, "cpu_ms_per_sample": 10.107382565410939, "max_weight_second_moment_fraction": 0.016108856626938322}
PROGRESS {"utc": "2026-09-21T23:25:36.200527+00:00", "stage": "G_hybrid replica 2 production 30/200", "mode": "G_hybrid", "block_completed": 126492, "block_samples": 250000, "worker_pids_seen": 128, "elapsed_s": 30.510157952085137}
G200_PRODUCTION_FINISHED G_hybrid replica 2 production 30/200 {"n": 29500000, "matched_pb": 0.05893809163215065, "matched_error_pb": 0.0015185933731724933, "relative_error": 0.025765906752639112, "hard_error_pb": 0.0015088930483977431, "cpu_ms_per_sample": 10.10955131852925, "max_weight_second_moment_fraction": 0.0159756544346666}
PROGRESS {"utc": "2026-09-21T23:26:35.704931+00:00", "stage": "G_hybrid replica 3 production 30/200", "mode": "G_hybrid", "block_completed": 143601, "block_samples": 250000, "worker_pids_seen": 128, "elapsed_s": 30.543359131086618}
G200_PRODUCTION_FINISHED G_hybrid replica 3 production 30/200 {"n": 29750000, "matched_pb": 0.05914201838462638, "matched_error_pb": 0.001511818784186048, "relative_error": 0.02556251588090941, "hard_error_pb": 0.0015020747100851551, "cpu_ms_per_sample": 10.104117534223091, "max_weight_second_moment_fraction": 0.01585122261372357}
PROGRESS {"utc": "2026-09-21T23:27:28.879431+00:00", "stage": "G_hybrid replica 4 production 30/200", "mode": "G_hybrid", "block_completed": 144976, "block_samples": 250000, "worker_pids_seen": 128, "elapsed_s": 30.612999298842624}
G200_PRODUCTION_FINISHED G_hybrid replica 4 production 30/200 {"n": 30000000, "matched_pb": 0.05916864048880767, "matched_error_pb": 0.0015054857107531466, "relative_error": 0.025443980093440274, "hard_error_pb": 0.0014957003790002628, "cpu_ms_per_sample": 10.104755216815132, "max_weight_second_moment_fraction": 0.015721286300671537}
G200_PEAK_REPLAYS production_30000000 new 1 total 64 issues 0
PROGRESS {"utc": "2026-09-21T23:28:26.520501+00:00", "stage": "G_hybrid replica 1 production 31/200", "mode": "G_hybrid", "block_completed": 140254, "block_samples": 250000, "worker_pids_seen": 128, "elapsed_s": 30.549010679824278}
G200_PRODUCTION_FINISHED G_hybrid replica 1 production 31/200 {"n": 30250000, "matched_pb": 0.05938496248432591, "matched_error_pb": 0.0014987628617185926, "relative_error": 0.0252380872028702, "hard_error_pb": 0.0014889333477783777, "cpu_ms_per_sample": 10.104997609671075, "max_weight_second_moment_fraction": 0.01560338038953558}
PROGRESS {"utc": "2026-09-21T23:29:21.976521+00:00", "stage": "G_hybrid replica 2 production 31/200", "mode": "G_hybrid", "block_completed": 137288, "block_samples": 250000, "worker_pids_seen": 128, "elapsed_s": 30.62804502993822}
G200_PRODUCTION_FINISHED G_hybrid replica 2 production 31/200 {"n": 30500000, "matched_pb": 0.05943337312857207, "matched_error_pb": 0.0014925464470361516, "relative_error": 0.025112935182180045, "hard_error_pb": 0.0014826757214643606, "cpu_ms_per_sample": 10.106320951021736, "max_weight_second_moment_fraction": 0.015478468059805985}
PROGRESS {"utc": "2026-09-21T23:30:19.582361+00:00", "stage": "G_hybrid replica 3 production 31/200", "mode": "G_hybrid", "block_completed": 138020, "block_samples": 250000, "worker_pids_seen": 128, "elapsed_s": 30.480720310937613}
G200_PRODUCTION_FINISHED G_hybrid replica 3 production 31/200 {"n": 30750000, "matched_pb": 0.05947445426444106, "matched_error_pb": 0.0014863006228664239, "relative_error": 0.024990571855571644, "hard_error_pb": 0.0014763881400203479, "cpu_ms_per_sample": 10.10187842227525, "max_weight_second_moment_fraction": 0.015357789023363114}
PROGRESS {"utc": "2026-09-21T23:31:14.276843+00:00", "stage": "G_hybrid replica 4 production 31/200", "mode": "G_hybrid", "block_completed": 136170, "block_samples": 250000, "worker_pids_seen": 128, "elapsed_s": 30.48740705405362}
G200_PRODUCTION_FINISHED G_hybrid replica 4 production 31/200 {"n": 31000000, "matched_pb": 0.059495518175757, "matched_error_pb": 0.0014798200681101245, "relative_error": 0.024872799052502677, "hard_error_pb": 0.001469863882283348, "cpu_ms_per_sample": 10.099450662420773, "max_weight_second_moment_fraction": 0.015245525641049546}
PROGRESS {"utc": "2026-09-21T23:32:12.814234+00:00", "stage": "G_hybrid replica 1 production 32/200", "mode": "G_hybrid", "block_completed": 137301, "block_samples": 250000, "worker_pids_seen": 128, "elapsed_s": 30.479368815897033}
G200_PRODUCTION_FINISHED G_hybrid replica 1 production 32/200 {"n": 31250000, "matched_pb": 0.05937518506780361, "matched_error_pb": 0.0014739644710068537, "relative_error": 0.024824587398315594, "hard_error_pb": 0.0014639684628605005, "cpu_ms_per_sample": 10.098176759594462, "max_weight_second_moment_fraction": 0.015123643455426125}
PROGRESS {"utc": "2026-09-21T23:33:08.888497+00:00", "stage": "G_hybrid replica 2 production 32/200", "mode": "G_hybrid", "block_completed": 135108, "block_samples": 250000, "worker_pids_seen": 128, "elapsed_s": 30.54430991690606}
G200_PRODUCTION_FINISHED G_hybrid replica 2 production 32/200 {"n": 31500000, "matched_pb": 0.059095634869799074, "matched_error_pb": 0.001486374293573706, "relative_error": 0.02515201498128452, "hard_error_pb": 0.001476462305328638, "cpu_ms_per_sample": 10.099123588570793, "max_weight_second_moment_fraction": 0.02518846491646152}
PROGRESS {"utc": "2026-09-21T23:34:06.019925+00:00", "stage": "G_hybrid replica 3 production 32/200", "mode": "G_hybrid", "block_completed": 143378, "block_samples": 250000, "worker_pids_seen": 128, "elapsed_s": 30.57887448510155}
G200_PRODUCTION_FINISHED G_hybrid replica 3 production 32/200 {"n": 31750000, "matched_pb": 0.05914760281533875, "matched_error_pb": 0.0014799450062394557, "relative_error": 0.02502121701973121, "hard_error_pb": 0.0014699896666142674, "cpu_ms_per_sample": 10.096077901754365, "max_weight_second_moment_fraction": 0.025012179177951135}
PROGRESS {"utc": "2026-09-21T23:34:59.157935+00:00", "stage": "G_hybrid replica 4 production 32/200", "mode": "G_hybrid", "block_completed": 140201, "block_samples": 250000, "worker_pids_seen": 128, "elapsed_s": 30.728962507098913}
G200_PRODUCTION_FINISHED G_hybrid replica 4 production 32/200 {"n": 32000000, "matched_pb": 0.0591978482371128, "matched_error_pb": 0.0014735491541666885, "relative_error": 0.024891937765448693, "hard_error_pb": 0.0014635503094205494, "cpu_ms_per_sample": 10.093637362320907, "max_weight_second_moment_fraction": 0.024840040568894863}
PROGRESS {"utc": "2026-09-21T23:35:53.884331+00:00", "stage": "G_hybrid replica 1 production 33/200", "mode": "G_hybrid", "block_completed": 147522, "block_samples": 250000, "worker_pids_seen": 128, "elapsed_s": 30.651659194147214}
G200_PRODUCTION_FINISHED G_hybrid replica 1 production 33/200 {"n": 32250000, "matched_pb": 0.0590942114181279, "matched_error_pb": 0.0014673032976727982, "relative_error": 0.024829898943751438, "hard_error_pb": 0.0014572615982798322, "cpu_ms_per_sample": 10.091125078026417, "max_weight_second_moment_fraction": 0.024667944866170882}
PROGRESS {"utc": "2026-09-21T23:36:48.336503+00:00", "stage": "G_hybrid replica 2 production 33/200", "mode": "G_hybrid", "block_completed": 131553, "block_samples": 250000, "worker_pids_seen": 128, "elapsed_s": 30.560293199960142}
G200_PRODUCTION_FINISHED G_hybrid replica 2 production 33/200 {"n": 32500000, "matched_pb": 0.059141877275686414, "matched_error_pb": 0.0014613372303904628, "relative_error": 0.024709009887841818, "hard_error_pb": 0.0014512542504278468, "cpu_ms_per_sample": 10.093341592357046, "max_weight_second_moment_fraction": 0.024491407387100508}
PROGRESS {"utc": "2026-09-21T23:37:48.883686+00:00", "stage": "G_hybrid replica 3 production 33/200", "mode": "G_hybrid", "block_completed": 136524, "block_samples": 250000, "worker_pids_seen": 128, "elapsed_s": 30.571351144928485}
G200_PRODUCTION_FINISHED G_hybrid replica 3 production 33/200 {"n": 32750000, "matched_pb": 0.05880226901693972, "matched_error_pb": 0.001455634680033463, "relative_error": 0.02475473658361933, "hard_error_pb": 0.001445511923221578, "cpu_ms_per_sample": 10.090043772217893, "max_weight_second_moment_fraction": 0.024310908602566687}
PROGRESS {"utc": "2026-09-21T23:38:42.579722+00:00", "stage": "G_hybrid replica 4 production 33/200", "mode": "G_hybrid", "block_completed": 146064, "block_samples": 250000, "worker_pids_seen": 128, "elapsed_s": 30.48641170701012}
PROGRESS {"utc": "2026-09-21T23:39:12.583522+00:00", "stage": "G_hybrid replica 4 production 33/200", "mode": "G_hybrid", "block_completed": 240272, "block_samples": 250000, "worker_pids_seen": 128, "elapsed_s": 60.4902181790676}
G200_PRODUCTION_FINISHED G_hybrid replica 4 production 33/200 {"n": 33000000, "matched_pb": 0.05867810219043239, "matched_error_pb": 0.001449626309316318, "relative_error": 0.024704723827156824, "hard_error_pb": 0.0014394613003209473, "cpu_ms_per_sample": 10.101299218800452, "max_weight_second_moment_fraction": 0.024145663828656603}
PROGRESS {"utc": "2026-09-21T23:39:46.579632+00:00", "stage": "G_hybrid replica 1 production 34/200", "mode": "G_hybrid", "block_completed": 140131, "block_samples": 250000, "worker_pids_seen": 128, "elapsed_s": 30.657956881914288}
G200_PRODUCTION_FINISHED G_hybrid replica 1 production 34/200 {"n": 33250000, "matched_pb": 0.05863715151386778, "matched_error_pb": 0.0014435811116017062, "relative_error": 0.024618881960190322, "hard_error_pb": 0.0014333732327041831, "cpu_ms_per_sample": 10.100667212142946, "max_weight_second_moment_fraction": 0.023986399837973963}
PROGRESS {"utc": "2026-09-21T23:40:40.151735+00:00", "stage": "G_hybrid replica 2 production 34/200", "mode": "G_hybrid", "block_completed": 140088, "block_samples": 250000, "worker_pids_seen": 128, "elapsed_s": 30.650720136938617}
G200_PRODUCTION_FINISHED G_hybrid replica 2 production 34/200 {"n": 33500000, "matched_pb": 0.05883671602537166, "matched_error_pb": 0.0014378868197623882, "relative_error": 0.024438597476146365, "hard_error_pb": 0.0014276382261994868, "cpu_ms_per_sample": 10.102879854661014, "max_weight_second_moment_fraction": 0.02381996742476623}
PROGRESS {"utc": "2026-09-21T23:41:35.771632+00:00", "stage": "G_hybrid replica 3 production 34/200", "mode": "G_hybrid", "block_completed": 145480, "block_samples": 250000, "worker_pids_seen": 128, "elapsed_s": 30.506681740982458}
G200_PRODUCTION_FINISHED G_hybrid replica 3 production 34/200 {"n": 33750000, "matched_pb": 0.0586552717389891, "matched_error_pb": 0.001432432531296918, "relative_error": 0.024421206974730575, "hard_error_pb": 0.0014221446322991618, "cpu_ms_per_sample": 10.101404748956531, "max_weight_second_moment_fraction": 0.02365003843367579}
PROGRESS {"utc": "2026-09-21T23:42:28.727389+00:00", "stage": "G_hybrid replica 4 production 34/200", "mode": "G_hybrid", "block_completed": 140769, "block_samples": 250000, "worker_pids_seen": 128, "elapsed_s": 30.481903640786186}
PROGRESS {"utc": "2026-09-21T23:42:58.732008+00:00", "stage": "G_hybrid replica 4 production 34/200", "mode": "G_hybrid", "block_completed": 233953, "block_samples": 250000, "worker_pids_seen": 128, "elapsed_s": 60.486524525796995}
G200_PRODUCTION_FINISHED G_hybrid replica 4 production 34/200 {"n": 34000000, "matched_pb": 0.058807701533278744, "matched_error_pb": 0.001426595236189094, "relative_error": 0.024258646384637168, "hard_error_pb": 0.0014162649350940803, "cpu_ms_per_sample": 10.11706877860947, "max_weight_second_moment_fraction": 0.02349742154759376}
PROGRESS {"utc": "2026-09-21T23:43:34.076890+00:00", "stage": "G_hybrid replica 1 production 35/200", "mode": "G_hybrid", "block_completed": 136366, "block_samples": 250000, "worker_pids_seen": 128, "elapsed_s": 30.58556303801015}
G200_PRODUCTION_FINISHED G_hybrid replica 1 production 35/200 {"n": 34250000, "matched_pb": 0.058519864409512956, "matched_error_pb": 0.001420845623781576, "relative_error": 0.024279714898837058, "hard_error_pb": 0.0014104732131731104, "cpu_ms_per_sample": 10.115344321601809, "max_weight_second_moment_fraction": 0.023346184730587125}
PROGRESS {"utc": "2026-09-21T23:44:28.502266+00:00", "stage": "G_hybrid replica 2 production 35/200", "mode": "G_hybrid", "block_completed": 139070, "block_samples": 250000, "worker_pids_seen": 128, "elapsed_s": 30.530523271067068}
G200_PRODUCTION_FINISHED G_hybrid replica 2 production 35/200 {"n": 34500000, "matched_pb": 0.058647519567154485, "matched_error_pb": 0.0014154543315071854, "relative_error": 0.02413493941353165, "hard_error_pb": 0.001405042121447637, "cpu_ms_per_sample": 10.116504830274174, "max_weight_second_moment_fraction": 0.023187289217999056}
PROGRESS {"utc": "2026-09-21T23:45:24.517344+00:00", "stage": "G_hybrid replica 3 production 35/200", "mode": "G_hybrid", "block_completed": 143571, "block_samples": 250000, "worker_pids_seen": 128, "elapsed_s": 30.53862765012309}
G200_PRODUCTION_FINISHED G_hybrid replica 3 production 35/200 {"n": 34750000, "matched_pb": 0.05865340989081809, "matched_error_pb": 0.001410021404474404, "relative_error": 0.0240398879979719, "hard_error_pb": 0.0013995687762791773, "cpu_ms_per_sample": 10.115998666412116, "max_weight_second_moment_fraction": 0.02303396673776863}
PROGRESS {"utc": "2026-09-21T23:46:18.216986+00:00", "stage": "G_hybrid replica 4 production 35/200", "mode": "G_hybrid", "block_completed": 101044, "block_samples": 250000, "worker_pids_seen": 128, "elapsed_s": 30.470616339007393}
PROGRESS {"utc": "2026-09-21T23:47:23.032234+00:00", "stage": "G_hybrid replica 4 production 35/200", "mode": "G_hybrid", "block_completed": 121268, "block_samples": 250000, "worker_pids_seen": 128, "elapsed_s": 95.28586738999002}
PROGRESS {"utc": "2026-09-21T23:48:12.780321+00:00", "stage": "G_hybrid replica 4 production 35/200", "mode": "G_hybrid", "block_completed": 212916, "block_samples": 250000, "worker_pids_seen": 128, "elapsed_s": 145.03395352396183}
G200_PRODUCTION_FINISHED G_hybrid replica 4 production 35/200 {"n": 35000000, "matched_pb": 0.0587169435374518, "matched_error_pb": 0.0014045117153119605, "relative_error": 0.023920041315095224, "hard_error_pb": 0.0013940177749613412, "cpu_ms_per_sample": 10.252212850515427, "max_weight_second_moment_fraction": 0.02288727902078472}
G200_PEAK_REPLAYS production_35000000 new 1 total 65 issues 0
PROGRESS {"utc": "2026-09-21T23:49:06.286387+00:00", "stage": "G_hybrid replica 1 production 36/200", "mode": "G_hybrid", "block_completed": 155675, "block_samples": 250000, "worker_pids_seen": 128, "elapsed_s": 30.543441654881462}
G200_PRODUCTION_FINISHED G_hybrid replica 1 production 36/200 {"n": 35250000, "matched_pb": 0.05869664023050969, "matched_error_pb": 0.001399783834552295, "relative_error": 0.023847767590362133, "hard_error_pb": 0.0013892541819024874, "cpu_ms_per_sample": 10.249542290301504, "max_weight_second_moment_fraction": 0.022718790031808173}
PROGRESS {"utc": "2026-09-21T23:49:56.733867+00:00", "stage": "G_hybrid replica 2 production 36/200", "mode": "G_hybrid", "block_completed": 144866, "block_samples": 250000, "worker_pids_seen": 128, "elapsed_s": 30.495255714049563}
G200_PRODUCTION_FINISHED G_hybrid replica 2 production 36/200 {"n": 35500000, "matched_pb": 0.058809295247579094, "matched_error_pb": 0.0013946257328915081, "relative_error": 0.023714375882593466, "hard_error_pb": 0.001384056838898894, "cpu_ms_per_sample": 10.251313875591972, "max_weight_second_moment_fraction": 0.02256848456256709}
PROGRESS {"utc": "2026-09-21T23:50:49.836920+00:00", "stage": "G_hybrid replica 3 production 36/200", "mode": "G_hybrid", "block_completed": 161431, "block_samples": 250000, "worker_pids_seen": 128, "elapsed_s": 30.514009156962857}
G200_PRODUCTION_FINISHED G_hybrid replica 3 production 36/200 {"n": 35750000, "matched_pb": 0.05905522145279335, "matched_error_pb": 0.0013896959481672772, "relative_error": 0.023532143542601917, "hard_error_pb": 0.001379089274417059, "cpu_ms_per_sample": 10.247772068330937, "max_weight_second_moment_fraction": 0.02241456530811071}
PROGRESS {"utc": "2026-09-21T23:51:50.372260+00:00", "stage": "G_hybrid replica 4 production 36/200", "mode": "G_hybrid", "block_completed": 69865, "block_samples": 250000, "worker_pids_seen": 128, "elapsed_s": 43.303590434836224}
PROGRESS {"utc": "2026-09-21T23:52:20.633757+00:00", "stage": "G_hybrid replica 4 production 36/200", "mode": "G_hybrid", "block_completed": 208105, "block_samples": 250000, "worker_pids_seen": 128, "elapsed_s": 73.56509236386046}
G200_PRODUCTION_FINISHED G_hybrid replica 4 production 36/200 {"n": 36000000, "matched_pb": 0.058879774250069614, "matched_error_pb": 0.0013844504851940208, "relative_error": 0.023513175837157424, "hard_error_pb": 0.0013738033135837103, "cpu_ms_per_sample": 10.284264637366306, "max_weight_second_moment_fraction": 0.022274751613222912}
PROGRESS {"utc": "2026-09-21T23:52:59.085855+00:00", "stage": "G_hybrid replica 1 production 37/200", "mode": "G_hybrid", "block_completed": 156865, "block_samples": 250000, "worker_pids_seen": 128, "elapsed_s": 30.513390648877248}
G200_PRODUCTION_FINISHED G_hybrid replica 1 production 37/200 {"n": 36250000, "matched_pb": 0.05894674836178847, "matched_error_pb": 0.001379347366876288, "relative_error": 0.02339988897115203, "hard_error_pb": 0.0013686604973360528, "cpu_ms_per_sample": 10.281591583187144, "max_weight_second_moment_fraction": 0.022133981650478265}
PROGRESS {"utc": "2026-09-21T23:53:47.911810+00:00", "stage": "G_hybrid replica 2 production 37/200", "mode": "G_hybrid", "block_completed": 143428, "block_samples": 250000, "worker_pids_seen": 128, "elapsed_s": 30.549492597114295}
G200_PRODUCTION_FINISHED G_hybrid replica 2 production 37/200 {"n": 36500000, "matched_pb": 0.0591589231883186, "matched_error_pb": 0.0013744441913127203, "relative_error": 0.023233083315892997, "hard_error_pb": 0.001363718898267858, "cpu_ms_per_sample": 10.28118280596674, "max_weight_second_moment_fraction": 0.021990331105850906}
PROGRESS {"utc": "2026-09-21T23:54:40.273504+00:00", "stage": "G_hybrid replica 3 production 37/200", "mode": "G_hybrid", "block_completed": 161255, "block_samples": 250000, "worker_pids_seen": 128, "elapsed_s": 30.56336387898773}
G200_PRODUCTION_FINISHED G_hybrid replica 3 production 37/200 {"n": 36750000, "matched_pb": 0.05912919286030663, "matched_error_pb": 0.0013694601469848304, "relative_error": 0.023160474221594656, "hard_error_pb": 0.001358695511378225, "cpu_ms_per_sample": 10.277322248265579, "max_weight_second_moment_fraction": 0.02185285588576484}
PROGRESS {"utc": "2026-09-21T23:55:27.376357+00:00", "stage": "G_hybrid replica 4 production 37/200", "mode": "G_hybrid", "block_completed": 152576, "block_samples": 250000, "worker_pids_seen": 128, "elapsed_s": 30.456121274037287}
G200_PRODUCTION_FINISHED G_hybrid replica 4 production 37/200 {"n": 37000000, "matched_pb": 0.059166624203629364, "matched_error_pb": 0.0013649257704055281, "relative_error": 0.023069184506926823, "hard_error_pb": 0.0013541250891910789, "cpu_ms_per_sample": 10.275193348302675, "max_weight_second_moment_fraction": 0.021704320193313205}
PROGRESS {"utc": "2026-09-21T23:56:19.400521+00:00", "stage": "G_hybrid replica 1 production 38/200", "mode": "G_hybrid", "block_completed": 99956, "block_samples": 250000, "worker_pids_seen": 128, "elapsed_s": 30.6327565331012}
G200_PRODUCTION_FINISHED G_hybrid replica 1 production 38/200 {"n": 37250000, "matched_pb": 0.059067869394056546, "matched_error_pb": 0.0013601287505959421, "relative_error": 0.02302654157918212, "hard_error_pb": 0.0013492896711445252, "cpu_ms_per_sample": 10.286523529106955, "max_weight_second_moment_fraction": 0.02156771594914154}
PROGRESS {"utc": "2026-09-21T23:57:19.698053+00:00", "stage": "G_hybrid replica 2 production 38/200", "mode": "G_hybrid", "block_completed": 145337, "block_samples": 250000, "worker_pids_seen": 128, "elapsed_s": 30.517740748124197}
G200_PRODUCTION_FINISHED G_hybrid replica 2 production 38/200 {"n": 37500000, "matched_pb": 0.059210194001991484, "matched_error_pb": 0.00135521702978451, "relative_error": 0.02288823829455665, "hard_error_pb": 0.0013443383488830377, "cpu_ms_per_sample": 10.287812966187547, "max_weight_second_moment_fraction": 0.021438159561828794}
PROGRESS {"utc": "2026-09-21T23:58:13.352956+00:00", "stage": "G_hybrid replica 3 production 38/200", "mode": "G_hybrid", "block_completed": 152986, "block_samples": 250000, "worker_pids_seen": 128, "elapsed_s": 30.507628282997757}
G200_PRODUCTION_FINISHED G_hybrid replica 3 production 38/200 {"n": 37750000, "matched_pb": 0.0593257407774508, "matched_error_pb": 0.001350723536243931, "relative_error": 0.022767916903236197, "hard_error_pb": 0.0013398083705601085, "cpu_ms_per_sample": 10.282671650664502, "max_weight_second_moment_fraction": 0.021298451360199016}
PROGRESS {"utc": "2026-09-21T23:59:01.495542+00:00", "stage": "G_hybrid replica 4 production 38/200", "mode": "G_hybrid", "block_completed": 158906, "block_samples": 250000, "worker_pids_seen": 128, "elapsed_s": 30.508163837948814}
G200_PRODUCTION_FINISHED G_hybrid replica 4 production 38/200 {"n": 38000000, "matched_pb": 0.05924496068805253, "matched_error_pb": 0.0013460180370002816, "relative_error": 0.022719536334703357, "hard_error_pb": 0.0013350644008397925, "cpu_ms_per_sample": 10.294825103078551, "max_weight_second_moment_fraction": 0.0211687686719021}
PROGRESS {"utc": "2026-09-22T00:00:00.233905+00:00", "stage": "G_hybrid replica 1 production 39/200", "mode": "G_hybrid", "block_completed": 156056, "block_samples": 250000, "worker_pids_seen": 128, "elapsed_s": 30.462888308102265}
G200_PRODUCTION_FINISHED G_hybrid replica 1 production 39/200 {"n": 38250000, "matched_pb": 0.059483893728846104, "matched_error_pb": 0.0013417796921218513, "relative_error": 0.022557025238433056, "hard_error_pb": 0.00133079117093939, "cpu_ms_per_sample": 10.292125620813831, "max_weight_second_moment_fraction": 0.02102735971072873}
PROGRESS {"utc": "2026-09-22T00:00:49.925832+00:00", "stage": "G_hybrid replica 2 production 39/200", "mode": "G_hybrid", "block_completed": 139511, "block_samples": 250000, "worker_pids_seen": 128, "elapsed_s": 30.551828390918672}
G200_PRODUCTION_FINISHED G_hybrid replica 2 production 39/200 {"n": 38500000, "matched_pb": 0.059495471717112794, "matched_error_pb": 0.001337125805779237, "relative_error": 0.022474413046709853, "hard_error_pb": 0.0013260987214157157, "cpu_ms_per_sample": 10.29256749902639, "max_weight_second_moment_fraction": 0.02090230910790511}
PROGRESS {"utc": "2026-09-22T00:01:43.976995+00:00", "stage": "G_hybrid replica 3 production 39/200", "mode": "G_hybrid", "block_completed": 151188, "block_samples": 250000, "worker_pids_seen": 128, "elapsed_s": 30.57041796995327}
G200_PRODUCTION_FINISHED G_hybrid replica 3 production 39/200 {"n": 38750000, "matched_pb": 0.0594106996729402, "matched_error_pb": 0.0013324742827246685, "relative_error": 0.022428187011094412, "hard_error_pb": 0.0013214083822127975, "cpu_ms_per_sample": 10.288201214943847, "max_weight_second_moment_fraction": 0.020780204229789774}
PROGRESS {"utc": "2026-09-22T00:02:34.977304+00:00", "stage": "G_hybrid replica 4 production 39/200", "mode": "G_hybrid", "block_completed": 136920, "block_samples": 250000, "worker_pids_seen": 128, "elapsed_s": 30.512147143948823}
G200_PRODUCTION_FINISHED G_hybrid replica 4 production 39/200 {"n": 39000000, "matched_pb": 0.059244721159919064, "matched_error_pb": 0.001328994343845741, "relative_error": 0.022432282873918696, "hard_error_pb": 0.0013178992239293542, "cpu_ms_per_sample": 10.28549939849654, "max_weight_second_moment_fraction": 0.02062403351410804}
PROGRESS {"utc": "2026-09-22T00:03:31.080140+00:00", "stage": "G_hybrid replica 1 production 40/200", "mode": "G_hybrid", "block_completed": 145272, "block_samples": 250000, "worker_pids_seen": 128, "elapsed_s": 30.477438339963555}
G200_PRODUCTION_FINISHED G_hybrid replica 1 production 40/200 {"n": 39250000, "matched_pb": 0.05928173747762147, "matched_error_pb": 0.0013244008672194905, "relative_error": 0.022340790327197216, "hard_error_pb": 0.0013132669399445649, "cpu_ms_per_sample": 10.28146722352657, "max_weight_second_moment_fraction": 0.020506044315080532}
PROGRESS {"utc": "2026-09-22T00:04:23.833465+00:00", "stage": "G_hybrid replica 2 production 40/200", "mode": "G_hybrid", "block_completed": 133914, "block_samples": 250000, "worker_pids_seen": 128, "elapsed_s": 30.626084428979084}
G200_PRODUCTION_FINISHED G_hybrid replica 2 production 40/200 {"n": 39500000, "matched_pb": 0.05933245303554663, "matched_error_pb": 0.001319806987560233, "relative_error": 0.022244268019215797, "hard_error_pb": 0.001308633975897172, "cpu_ms_per_sample": 10.281485998274482, "max_weight_second_moment_fraction": 0.020390913631103496}
PROGRESS {"utc": "2026-09-22T00:05:20.480391+00:00", "stage": "G_hybrid replica 3 production 40/200", "mode": "G_hybrid", "block_completed": 135453, "block_samples": 250000, "worker_pids_seen": 128, "elapsed_s": 30.555273348931223}
G200_PRODUCTION_FINISHED G_hybrid replica 3 production 40/200 {"n": 39750000, "matched_pb": 0.05938667657697812, "matched_error_pb": 0.0013155558104389045, "relative_error": 0.022152372994532814, "hard_error_pb": 0.0013043463837643687, "cpu_ms_per_sample": 10.278866833715446, "max_weight_second_moment_fraction": 0.02026782557219209}
PROGRESS {"utc": "2026-09-22T00:06:16.036232+00:00", "stage": "G_hybrid replica 4 production 40/200", "mode": "G_hybrid", "block_completed": 148915, "block_samples": 250000, "worker_pids_seen": 128, "elapsed_s": 30.53987729200162}
G200_PRODUCTION_FINISHED G_hybrid replica 4 production 40/200 {"n": 40000000, "matched_pb": 0.0596182760018321, "matched_error_pb": 0.00131114972287708, "relative_error": 0.021992412575579805, "hard_error_pb": 0.0012999023018135888, "cpu_ms_per_sample": 10.276668414202124, "max_weight_second_moment_fraction": 0.020152368056815397}
PROGRESS {"utc": "2026-09-22T00:07:09.900187+00:00", "stage": "G_hybrid replica 1 production 41/200", "mode": "G_hybrid", "block_completed": 139120, "block_samples": 250000, "worker_pids_seen": 128, "elapsed_s": 30.593143487116322}
G200_PRODUCTION_FINISHED G_hybrid replica 1 production 41/200 {"n": 40250000, "matched_pb": 0.059554970007199615, "matched_error_pb": 0.0013067093225386675, "relative_error": 0.021941230469609826, "hard_error_pb": 0.0012954233485888255, "cpu_ms_per_sample": 10.274591567636596, "max_weight_second_moment_fraction": 0.02004066850864579}
PROGRESS {"utc": "2026-09-22T00:08:06.351555+00:00", "stage": "G_hybrid replica 2 production 41/200", "mode": "G_hybrid", "block_completed": 130852, "block_samples": 250000, "worker_pids_seen": 128, "elapsed_s": 30.613014589063823}
G200_PRODUCTION_FINISHED G_hybrid replica 2 production 41/200 {"n": 40500000, "matched_pb": 0.05952919407024583, "matched_error_pb": 0.0013023235628930726, "relative_error": 0.02187705684972487, "hard_error_pb": 0.0012909992490029302, "cpu_ms_per_sample": 10.274493337993999, "max_weight_second_moment_fraction": 0.01992991031117316}
PROGRESS {"utc": "2026-09-22T00:09:03.850109+00:00", "stage": "G_hybrid replica 3 production 41/200", "mode": "G_hybrid", "block_completed": 140871, "block_samples": 250000, "worker_pids_seen": 128, "elapsed_s": 30.494034258881584}
G200_PRODUCTION_FINISHED G_hybrid replica 3 production 41/200 {"n": 40750000, "matched_pb": 0.059489153120323365, "matched_error_pb": 0.0012982519046579322, "relative_error": 0.021823338147579183, "hard_error_pb": 0.0012868917617296224, "cpu_ms_per_sample": 10.270987220307362, "max_weight_second_moment_fraction": 0.019811988105262218}
PROGRESS {"utc": "2026-09-22T00:09:57.466665+00:00", "stage": "G_hybrid replica 4 production 41/200", "mode": "G_hybrid", "block_completed": 140881, "block_samples": 250000, "worker_pids_seen": 128, "elapsed_s": 30.52979525900446}
G200_PRODUCTION_FINISHED G_hybrid replica 4 production 41/200 {"n": 41000000, "matched_pb": 0.0594184042184369, "matched_error_pb": 0.0012938400393956067, "relative_error": 0.021775072158436423, "hard_error_pb": 0.0012824408157895036, "cpu_ms_per_sample": 10.267633407859853, "max_weight_second_moment_fraction": 0.019707196986886194}
PROGRESS {"utc": "2026-09-22T00:10:51.766661+00:00", "stage": "G_hybrid replica 1 production 42/200", "mode": "G_hybrid", "block_completed": 140536, "block_samples": 250000, "worker_pids_seen": 128, "elapsed_s": 30.5850953029003}
G200_PRODUCTION_FINISHED G_hybrid replica 1 production 42/200 {"n": 41250000, "matched_pb": 0.05932233142366222, "matched_error_pb": 0.0012898635992273548, "relative_error": 0.02174330590643071, "hard_error_pb": 0.0012784289198353458, "cpu_ms_per_sample": 10.265391340172412, "max_weight_second_moment_fraction": 0.01959142660006997}
PROGRESS {"utc": "2026-09-22T00:11:45.835000+00:00", "stage": "G_hybrid replica 2 production 42/200", "mode": "G_hybrid", "block_completed": 132629, "block_samples": 250000, "worker_pids_seen": 128, "elapsed_s": 30.587540911044925}
G200_PRODUCTION_FINISHED G_hybrid replica 2 production 42/200 {"n": 41500000, "matched_pb": 0.059376321972090015, "matched_error_pb": 0.0012856323307484324, "relative_error": 0.021652272960806615, "hard_error_pb": 0.0012741596792887732, "cpu_ms_per_sample": 10.266397263308457, "max_weight_second_moment_fraction": 0.01948602518238002}
PROGRESS {"utc": "2026-09-22T00:12:43.361681+00:00", "stage": "G_hybrid replica 3 production 42/200", "mode": "G_hybrid", "block_completed": 144824, "block_samples": 250000, "worker_pids_seen": 128, "elapsed_s": 30.589237158885226}
G200_PRODUCTION_FINISHED G_hybrid replica 3 production 42/200 {"n": 41750000, "matched_pb": 0.05932380950668181, "matched_error_pb": 0.0012817224909431881, "relative_error": 0.021605532443071174, "hard_error_pb": 0.001270214526073936, "cpu_ms_per_sample": 10.261975822206058, "max_weight_second_moment_fraction": 0.019373139421701834}
PROGRESS {"utc": "2026-09-22T00:13:37.136901+00:00", "stage": "G_hybrid replica 4 production 42/200", "mode": "G_hybrid", "block_completed": 150126, "block_samples": 250000, "worker_pids_seen": 128, "elapsed_s": 30.49037103704177}
G200_PRODUCTION_FINISHED G_hybrid replica 4 production 42/200 {"n": 42000000, "matched_pb": 0.05928204233688468, "matched_error_pb": 0.001277646272873689, "relative_error": 0.021551994879210674, "hard_error_pb": 0.0012661012586075617, "cpu_ms_per_sample": 10.259209001804807, "max_weight_second_moment_fraction": 0.019267776332703643}
PROGRESS {"utc": "2026-09-22T00:14:29.924958+00:00", "stage": "G_hybrid replica 1 production 43/200", "mode": "G_hybrid", "block_completed": 134561, "block_samples": 250000, "worker_pids_seen": 128, "elapsed_s": 30.67566461698152}
G200_PRODUCTION_FINISHED G_hybrid replica 1 production 43/200 {"n": 42250000, "matched_pb": 0.05925067576935118, "matched_error_pb": 0.0012736148757107168, "relative_error": 0.021495364553622935, "hard_error_pb": 0.0012620329829648857, "cpu_ms_per_sample": 10.25679089141387, "max_weight_second_moment_fraction": 0.01916338282153592}
PROGRESS {"utc": "2026-09-22T00:15:23.903558+00:00", "stage": "G_hybrid replica 2 production 43/200", "mode": "G_hybrid", "block_completed": 134842, "block_samples": 250000, "worker_pids_seen": 128, "elapsed_s": 30.557652465067804}
G200_PRODUCTION_FINISHED G_hybrid replica 2 production 43/200 {"n": 42500000, "matched_pb": 0.05919773716297398, "matched_error_pb": 0.0012695857567366915, "relative_error": 0.021446525113645237, "hard_error_pb": 0.0012579667691033417, "cpu_ms_per_sample": 10.257344459662377, "max_weight_second_moment_fraction": 0.01906122235948673}
PROGRESS {"utc": "2026-09-22T00:16:19.019246+00:00", "stage": "G_hybrid replica 3 production 43/200", "mode": "G_hybrid", "block_completed": 150469, "block_samples": 250000, "worker_pids_seen": 128, "elapsed_s": 30.535001900978386}
G200_PRODUCTION_FINISHED G_hybrid replica 3 production 43/200 {"n": 42750000, "matched_pb": 0.05927088545789812, "matched_error_pb": 0.0012657623803444277, "relative_error": 0.021355550377993537, "hard_error_pb": 0.0012541079706129032, "cpu_ms_per_sample": 10.25394032040917, "max_weight_second_moment_fraction": 0.018955048907960556}
PROGRESS {"utc": "2026-09-22T00:17:10.351808+00:00", "stage": "G_hybrid replica 4 production 43/200", "mode": "G_hybrid", "block_completed": 143996, "block_samples": 250000, "worker_pids_seen": 128, "elapsed_s": 30.507673667976633}
G200_PRODUCTION_FINISHED G_hybrid replica 4 production 43/200 {"n": 43000000, "matched_pb": 0.05925134402957452, "matched_error_pb": 0.0012618140909550985, "relative_error": 0.021295957275252367, "hard_error_pb": 0.001250122873397837, "cpu_ms_per_sample": 10.251935565495325, "max_weight_second_moment_fraction": 0.01885491824739623}
PROGRESS {"utc": "2026-09-22T00:18:02.838665+00:00", "stage": "G_hybrid replica 1 production 44/200", "mode": "G_hybrid", "block_completed": 143368, "block_samples": 250000, "worker_pids_seen": 128, "elapsed_s": 30.60319904400967}
G200_PRODUCTION_FINISHED G_hybrid replica 1 production 44/200 {"n": 43250000, "matched_pb": 0.059344059035507116, "matched_error_pb": 0.0012579229175871906, "relative_error": 0.02119711624097944, "hard_error_pb": 0.0012461951954050748, "cpu_ms_per_sample": 10.250940525514265, "max_weight_second_moment_fraction": 0.018755241831484897}
PROGRESS {"utc": "2026-09-22T00:18:57.151847+00:00", "stage": "G_hybrid replica 2 production 44/200", "mode": "G_hybrid", "block_completed": 135466, "block_samples": 250000, "worker_pids_seen": 128, "elapsed_s": 30.56975491787307}
G200_PRODUCTION_FINISHED G_hybrid replica 2 production 44/200 {"n": 43500000, "matched_pb": 0.05936115351262773, "matched_error_pb": 0.0012540666859420034, "relative_error": 0.021126049810929453, "hard_error_pb": 0.0012423025602683036, "cpu_ms_per_sample": 10.25296221281722, "max_weight_second_moment_fraction": 0.018656654203552333}
PROGRESS {"utc": "2026-09-22T00:19:55.243489+00:00", "stage": "G_hybrid replica 3 production 44/200", "mode": "G_hybrid", "block_completed": 141054, "block_samples": 250000, "worker_pids_seen": 128, "elapsed_s": 30.50596089591272}
G200_PRODUCTION_FINISHED G_hybrid replica 3 production 44/200 {"n": 43750000, "matched_pb": 0.05930136384166142, "matched_error_pb": 0.0012504159048761184, "relative_error": 0.02108578663072256, "hard_error_pb": 0.001238617105334326, "cpu_ms_per_sample": 10.24808596660871, "max_weight_second_moment_fraction": 0.018553964139904844}
PROGRESS {"utc": "2026-09-22T00:20:50.190007+00:00", "stage": "G_hybrid replica 4 production 44/200", "mode": "G_hybrid", "block_completed": 141705, "block_samples": 250000, "worker_pids_seen": 128, "elapsed_s": 30.515610643895343}
G200_PRODUCTION_FINISHED G_hybrid replica 4 production 44/200 {"n": 44000000, "matched_pb": 0.05940114892216018, "matched_error_pb": 0.0012470618429802015, "relative_error": 0.020993901054243293, "hard_error_pb": 0.001235231006199569, "cpu_ms_per_sample": 10.24499217728109, "max_weight_second_moment_fraction": 0.018444434800588536}
PROGRESS {"utc": "2026-09-22T00:21:44.742525+00:00", "stage": "G_hybrid replica 1 production 45/200", "mode": "G_hybrid", "block_completed": 149114, "block_samples": 250000, "worker_pids_seen": 128, "elapsed_s": 30.486414848826826}
G200_PRODUCTION_FINISHED G_hybrid replica 1 production 45/200 {"n": 44250000, "matched_pb": 0.05944892680157257, "matched_error_pb": 0.001243345743424484, "relative_error": 0.020914519577022783, "hard_error_pb": 0.0012314792065444733, "cpu_ms_per_sample": 10.24232321104122, "max_weight_second_moment_fraction": 0.01834790097193552}
PROGRESS {"utc": "2026-09-22T00:22:37.841656+00:00", "stage": "G_hybrid replica 2 production 45/200", "mode": "G_hybrid", "block_completed": 130343, "block_samples": 250000, "worker_pids_seen": 128, "elapsed_s": 30.770392566919327}
G200_PRODUCTION_FINISHED G_hybrid replica 2 production 45/200 {"n": 44500000, "matched_pb": 0.05941281701065916, "matched_error_pb": 0.0012396752744820827, "relative_error": 0.020865451881530453, "hard_error_pb": 0.0012277732627084894, "cpu_ms_per_sample": 10.2449201740502, "max_weight_second_moment_fraction": 0.018252009774289077}
PROGRESS {"utc": "2026-09-22T00:23:37.750868+00:00", "stage": "G_hybrid replica 3 production 45/200", "mode": "G_hybrid", "block_completed": 141356, "block_samples": 250000, "worker_pids_seen": 128, "elapsed_s": 30.59796726796776}
PROGRESS {"utc": "2026-09-22T00:24:07.770356+00:00", "stage": "G_hybrid replica 3 production 45/200", "mode": "G_hybrid", "block_completed": 231312, "block_samples": 250000, "worker_pids_seen": 128, "elapsed_s": 60.617439083056524}
G200_PRODUCTION_FINISHED G_hybrid replica 3 production 45/200 {"n": 44750000, "matched_pb": 0.05945773019541352, "matched_error_pb": 0.001236162322253112, "relative_error": 0.020790607347275895, "hard_error_pb": 0.0012242261577902302, "cpu_ms_per_sample": 10.252536281408155, "max_weight_second_moment_fraction": 0.01815338858730108}
PROGRESS {"utc": "2026-09-22T00:24:42.763373+00:00", "stage": "G_hybrid replica 4 production 45/200", "mode": "G_hybrid", "block_completed": 137063, "block_samples": 250000, "worker_pids_seen": 128, "elapsed_s": 30.570625787135214}
G200_PRODUCTION_FINISHED G_hybrid replica 4 production 45/200 {"n": 45000000, "matched_pb": 0.05948751948274633, "matched_error_pb": 0.00123242023718379, "relative_error": 0.02071729075106652, "hard_error_pb": 0.0012204474751007404, "cpu_ms_per_sample": 10.250907984184222, "max_weight_second_moment_fraction": 0.018063582471167988}
PROGRESS {"utc": "2026-09-22T00:25:39.562435+00:00", "stage": "G_hybrid replica 1 production 46/200", "mode": "G_hybrid", "block_completed": 138796, "block_samples": 250000, "worker_pids_seen": 128, "elapsed_s": 30.592949824174866}
G200_PRODUCTION_FINISHED G_hybrid replica 1 production 46/200 {"n": 45250000, "matched_pb": 0.05954592936656519, "matched_error_pb": 0.0012289049394143244, "relative_error": 0.020637933650328576, "hard_error_pb": 0.001216897591655332, "cpu_ms_per_sample": 10.249244612912397, "max_weight_second_moment_fraction": 0.01796891748869201}
PROGRESS {"utc": "2026-09-22T00:26:33.463347+00:00", "stage": "G_hybrid replica 2 production 46/200", "mode": "G_hybrid", "block_completed": 97399, "block_samples": 250000, "worker_pids_seen": 128, "elapsed_s": 30.522901454009116}
PROGRESS {"utc": "2026-09-22T00:27:03.496249+00:00", "stage": "G_hybrid replica 2 production 46/200", "mode": "G_hybrid", "block_completed": 235664, "block_samples": 250000, "worker_pids_seen": 128, "elapsed_s": 60.5558157900814}
G200_PRODUCTION_FINISHED G_hybrid replica 2 production 46/200 {"n": 45500000, "matched_pb": 0.0596369414147451, "matched_error_pb": 0.0012303156232958642, "relative_error": 0.020630092592100496, "hard_error_pb": 0.001218322178812121, "cpu_ms_per_sample": 10.26170719861633, "max_weight_second_moment_fraction": 0.01773047581557866}
PROGRESS {"utc": "2026-09-22T00:27:38.451504+00:00", "stage": "G_hybrid replica 3 production 46/200", "mode": "G_hybrid", "block_completed": 147211, "block_samples": 250000, "worker_pids_seen": 128, "elapsed_s": 30.65820631594397}
G200_PRODUCTION_FINISHED G_hybrid replica 3 production 46/200 {"n": 45750000, "matched_pb": 0.05970435733858269, "matched_error_pb": 0.0012267915025622653, "relative_error": 0.020547771674438192, "hard_error_pb": 0.0012147632646810668, "cpu_ms_per_sample": 10.25918284154907, "max_weight_second_moment_fraction": 0.01764014038581759}
PROGRESS {"utc": "2026-09-22T00:28:30.909002+00:00", "stage": "G_hybrid replica 4 production 46/200", "mode": "G_hybrid", "block_completed": 142283, "block_samples": 250000, "worker_pids_seen": 128, "elapsed_s": 30.573627444915473}
G200_PRODUCTION_FINISHED G_hybrid replica 4 production 46/200 {"n": 46000000, "matched_pb": 0.05962883404312179, "matched_error_pb": 0.0012235853846820554, "relative_error": 0.02052002867936668, "hard_error_pb": 0.0012115253163129346, "cpu_ms_per_sample": 10.256635614913934, "max_weight_second_moment_fraction": 0.017542311470765858}
PROGRESS {"utc": "2026-09-22T00:29:24.624860+00:00", "stage": "G_hybrid replica 1 production 47/200", "mode": "G_hybrid", "block_completed": 151486, "block_samples": 250000, "worker_pids_seen": 128, "elapsed_s": 30.58405083278194}
G200_PRODUCTION_FINISHED G_hybrid replica 1 production 47/200 {"n": 46250000, "matched_pb": 0.05967438177717853, "matched_error_pb": 0.0012201641875121537, "relative_error": 0.020447035246518218, "hard_error_pb": 0.0012080699660809455, "cpu_ms_per_sample": 10.25481950012437, "max_weight_second_moment_fraction": 0.01745258860802856}
PROGRESS {"utc": "2026-09-22T00:30:16.243448+00:00", "stage": "G_hybrid replica 2 production 47/200", "mode": "G_hybrid", "block_completed": 143210, "block_samples": 250000, "worker_pids_seen": 128, "elapsed_s": 30.63248561299406}
G200_PRODUCTION_FINISHED G_hybrid replica 2 production 47/200 {"n": 46500000, "matched_pb": 0.05951692739634468, "matched_error_pb": 0.0012168596129244892, "relative_error": 0.0204456054127422, "hard_error_pb": 0.0012047322175597198, "cpu_ms_per_sample": 10.2547072564843, "max_weight_second_moment_fraction": 0.017361226251925318}
PROGRESS {"utc": "2026-09-22T00:31:10.613232+00:00", "stage": "G_hybrid replica 3 production 47/200", "mode": "G_hybrid", "block_completed": 153576, "block_samples": 250000, "worker_pids_seen": 128, "elapsed_s": 30.5763095181901}
G200_PRODUCTION_FINISHED G_hybrid replica 3 production 47/200 {"n": 46750000, "matched_pb": 0.059492109379489067, "matched_error_pb": 0.0012135358725391535, "relative_error": 0.020398266008660654, "hard_error_pb": 0.0012013749258241522, "cpu_ms_per_sample": 10.251002832740278, "max_weight_second_moment_fraction": 0.01727217241664706}
PROGRESS {"utc": "2026-09-22T00:31:59.962693+00:00", "stage": "G_hybrid replica 4 production 47/200", "mode": "G_hybrid", "block_completed": 149569, "block_samples": 250000, "worker_pids_seen": 128, "elapsed_s": 30.532382654957473}
G200_PRODUCTION_FINISHED G_hybrid replica 4 production 47/200 {"n": 47000000, "matched_pb": 0.05950189171961867, "matched_error_pb": 0.0012100965064203908, "relative_error": 0.02033710982034885, "hard_error_pb": 0.001197900644173154, "cpu_ms_per_sample": 10.248751791049171, "max_weight_second_moment_fraction": 0.0171881843527202}
PROGRESS {"utc": "2026-09-22T00:32:53.351163+00:00", "stage": "G_hybrid replica 1 production 48/200", "mode": "G_hybrid", "block_completed": 138615, "block_samples": 250000, "worker_pids_seen": 128, "elapsed_s": 30.599350794916973}
G200_PRODUCTION_FINISHED G_hybrid replica 1 production 48/200 {"n": 47250000, "matched_pb": 0.05972176167217183, "matched_error_pb": 0.0012067537844171767, "relative_error": 0.020206265699953055, "hard_error_pb": 0.0011945237940973802, "cpu_ms_per_sample": 10.247619984528551, "max_weight_second_moment_fraction": 0.01710307776212494}
PROGRESS {"utc": "2026-09-22T00:33:48.634324+00:00", "stage": "G_hybrid replica 2 production 48/200", "mode": "G_hybrid", "block_completed": 134875, "block_samples": 250000, "worker_pids_seen": 128, "elapsed_s": 30.504383102990687}
G200_PRODUCTION_FINISHED G_hybrid replica 2 production 48/200 {"n": 47500000, "matched_pb": 0.059749287924189584, "matched_error_pb": 0.0012035599337533094, "relative_error": 0.02014350255153495, "hard_error_pb": 0.0011912971554553016, "cpu_ms_per_sample": 10.246540060839411, "max_weight_second_moment_fraction": 0.017015319096597092}
PROGRESS {"utc": "2026-09-22T00:34:44.749426+00:00", "stage": "G_hybrid replica 3 production 48/200", "mode": "G_hybrid", "block_completed": 140781, "block_samples": 250000, "worker_pids_seen": 128, "elapsed_s": 30.478264010977}
G200_PRODUCTION_FINISHED G_hybrid replica 3 production 48/200 {"n": 47750000, "matched_pb": 0.05963794467392969, "matched_error_pb": 0.0012004880084092902, "relative_error": 0.02012960062545675, "hard_error_pb": 0.0011881935266589052, "cpu_ms_per_sample": 10.243584638778849, "max_weight_second_moment_fraction": 0.01692568718727655}
PROGRESS {"utc": "2026-09-22T00:35:38.411092+00:00", "stage": "G_hybrid replica 4 production 48/200", "mode": "G_hybrid", "block_completed": 136452, "block_samples": 250000, "worker_pids_seen": 128, "elapsed_s": 30.463988992152736}
G200_PRODUCTION_FINISHED G_hybrid replica 4 production 48/200 {"n": 48000000, "matched_pb": 0.059519432886193685, "matched_error_pb": 0.001197091175165756, "relative_error": 0.020112610572998874, "hard_error_pb": 0.001184761444392648, "cpu_ms_per_sample": 10.241850470101376, "max_weight_second_moment_fraction": 0.016847016419866225}
PROGRESS {"utc": "2026-09-22T00:36:33.861949+00:00", "stage": "G_hybrid replica 1 production 49/200", "mode": "G_hybrid", "block_completed": 100476, "block_samples": 250000, "worker_pids_seen": 128, "elapsed_s": 30.64722072891891}
PROGRESS {"utc": "2026-09-22T00:37:03.947585+00:00", "stage": "G_hybrid replica 1 production 49/200", "mode": "G_hybrid", "block_completed": 228240, "block_samples": 250000, "worker_pids_seen": 128, "elapsed_s": 60.73286141292192}
G200_PRODUCTION_FINISHED G_hybrid replica 1 production 49/200 {"n": 48250000, "matched_pb": 0.05947854703527845, "matched_error_pb": 0.0011938136014216204, "relative_error": 0.020071330940776594, "hard_error_pb": 0.0011814496660454402, "cpu_ms_per_sample": 10.249699635976436, "max_weight_second_moment_fraction": 0.01676649041783715}
PROGRESS {"utc": "2026-09-22T00:37:40.599690+00:00", "stage": "G_hybrid replica 2 production 49/200", "mode": "G_hybrid", "block_completed": 143423, "block_samples": 250000, "worker_pids_seen": 128, "elapsed_s": 30.52045783190988}
G200_PRODUCTION_FINISHED G_hybrid replica 2 production 49/200 {"n": 48500000, "matched_pb": 0.05946390615602705, "matched_error_pb": 0.0011905419337064939, "relative_error": 0.020021253406774804, "hard_error_pb": 0.0011781436645728824, "cpu_ms_per_sample": 10.249985100069775, "max_weight_second_moment_fraction": 0.01668734477029923}
PROGRESS {"utc": "2026-09-22T00:38:37.986919+00:00", "stage": "G_hybrid replica 3 production 49/200", "mode": "G_hybrid", "block_completed": 133087, "block_samples": 250000, "worker_pids_seen": 128, "elapsed_s": 30.47401927295141}
G200_PRODUCTION_FINISHED G_hybrid replica 3 production 49/200 {"n": 48750000, "matched_pb": 0.05943785974480632, "matched_error_pb": 0.0011876280916560801, "relative_error": 0.01998100363564748, "hard_error_pb": 0.0011751990820921727, "cpu_ms_per_sample": 10.248294043045437, "max_weight_second_moment_fraction": 0.016599502560298993}
PROGRESS {"utc": "2026-09-22T00:39:34.876451+00:00", "stage": "G_hybrid replica 4 production 49/200", "mode": "G_hybrid", "block_completed": 136425, "block_samples": 250000, "worker_pids_seen": 128, "elapsed_s": 30.635776363080367}
PROGRESS {"utc": "2026-09-22T00:40:04.933338+00:00", "stage": "G_hybrid replica 4 production 49/200", "mode": "G_hybrid", "block_completed": 220393, "block_samples": 250000, "worker_pids_seen": 128, "elapsed_s": 60.69266909197904}
G200_PRODUCTION_FINISHED G_hybrid replica 4 production 49/200 {"n": 49000000, "matched_pb": 0.0593964222187464, "matched_error_pb": 0.0011844187893332156, "relative_error": 0.019940911339259005, "hard_error_pb": 0.001171955744465286, "cpu_ms_per_sample": 10.255611572639612, "max_weight_second_moment_fraction": 0.016521617558827875}
PROGRESS {"utc": "2026-09-22T00:40:42.258989+00:00", "stage": "G_hybrid replica 1 production 50/200", "mode": "G_hybrid", "block_completed": 138321, "block_samples": 250000, "worker_pids_seen": 128, "elapsed_s": 30.59360326617025}
G200_PRODUCTION_FINISHED G_hybrid replica 1 production 50/200 {"n": 49250000, "matched_pb": 0.05941564183156649, "matched_error_pb": 0.0011810944799944736, "relative_error": 0.01987851083629932, "hard_error_pb": 0.0011685959819942213, "cpu_ms_per_sample": 10.253832711695006, "max_weight_second_moment_fraction": 0.01644848481767876}
PROGRESS {"utc": "2026-09-22T00:41:38.141268+00:00", "stage": "G_hybrid replica 2 production 50/200", "mode": "G_hybrid", "block_completed": 128248, "block_samples": 250000, "worker_pids_seen": 128, "elapsed_s": 30.70331496698782}
G200_PRODUCTION_FINISHED G_hybrid replica 2 production 50/200 {"n": 49500000, "matched_pb": 0.059523602107492565, "matched_error_pb": 0.0011779817151544715, "relative_error": 0.019790161775276573, "hard_error_pb": 0.001165449835770675, "cpu_ms_per_sample": 10.254559531663455, "max_weight_second_moment_fraction": 0.01637079107601448}
PROGRESS {"utc": "2026-09-22T00:42:36.651350+00:00", "stage": "G_hybrid replica 3 production 50/200", "mode": "G_hybrid", "block_completed": 141183, "block_samples": 250000, "worker_pids_seen": 128, "elapsed_s": 30.694625531090423}
G200_PRODUCTION_FINISHED G_hybrid replica 3 production 50/200 {"n": 49750000, "matched_pb": 0.05955178398651466, "matched_error_pb": 0.0011748317844286103, "relative_error": 0.019727902436888337, "hard_error_pb": 0.0011622659420990255, "cpu_ms_per_sample": 10.251938732785167, "max_weight_second_moment_fraction": 0.016295588595663303}
PROGRESS {"utc": "2026-09-22T00:43:31.723891+00:00", "stage": "G_hybrid replica 4 production 50/200", "mode": "G_hybrid", "block_completed": 141937, "block_samples": 250000, "worker_pids_seen": 128, "elapsed_s": 30.541342983022332}
G200_PRODUCTION_FINISHED G_hybrid replica 4 production 50/200 {"n": 50000000, "matched_pb": 0.05939233541627914, "matched_error_pb": 0.0011716457429208418, "relative_error": 0.019727221277102695, "hard_error_pb": 0.001159045359493818, "cpu_ms_per_sample": 10.24901634623548, "max_weight_second_moment_fraction": 0.016222814694542544}
G200_PEAK_REPLAYS production_50000000 new 1 total 66 issues 0
PROGRESS {"utc": "2026-09-22T00:44:27.912379+00:00", "stage": "G_hybrid replica 1 production 51/200", "mode": "G_hybrid", "block_completed": 159479, "block_samples": 250000, "worker_pids_seen": 128, "elapsed_s": 30.571523364866152}
G200_PRODUCTION_FINISHED G_hybrid replica 1 production 51/200 {"n": 50250000, "matched_pb": 0.05931727985519922, "matched_error_pb": 0.001169062967452827, "relative_error": 0.019708640893625833, "hard_error_pb": 0.0011564344427286973, "cpu_ms_per_sample": 10.247369613124796, "max_weight_second_moment_fraction": 0.016134401474605438}
PROGRESS {"utc": "2026-09-22T00:45:19.144163+00:00", "stage": "G_hybrid replica 2 production 51/200", "mode": "G_hybrid", "block_completed": 139694, "block_samples": 250000, "worker_pids_seen": 128, "elapsed_s": 30.679648934863508}
PROGRESS {"utc": "2026-09-22T00:45:49.167858+00:00", "stage": "G_hybrid replica 2 production 51/200", "mode": "G_hybrid", "block_completed": 233646, "block_samples": 250000, "worker_pids_seen": 128, "elapsed_s": 60.7033364828676}
G200_PRODUCTION_FINISHED G_hybrid replica 2 production 51/200 {"n": 50500000, "matched_pb": 0.059461748554892585, "matched_error_pb": 0.0011664015489122991, "relative_error": 0.019615998137618277, "hard_error_pb": 0.0011537438934896397, "cpu_ms_per_sample": 10.255784320250378, "max_weight_second_moment_fraction": 0.01604965064919652}
PROGRESS {"utc": "2026-09-22T00:46:23.300366+00:00", "stage": "G_hybrid replica 3 production 51/200", "mode": "G_hybrid", "block_completed": 143039, "block_samples": 250000, "worker_pids_seen": 128, "elapsed_s": 30.628628424135968}
G200_PRODUCTION_FINISHED G_hybrid replica 3 production 51/200 {"n": 50750000, "matched_pb": 0.05941229042046854, "matched_error_pb": 0.0011633207098091392, "relative_error": 0.01958047234967995, "hard_error_pb": 0.0011506291636884849, "cpu_ms_per_sample": 10.252569791442957, "max_weight_second_moment_fraction": 0.015978067876185668}
PROGRESS {"utc": "2026-09-22T00:47:15.796248+00:00", "stage": "G_hybrid replica 4 production 51/200", "mode": "G_hybrid", "block_completed": 140691, "block_samples": 250000, "worker_pids_seen": 128, "elapsed_s": 30.538337072124705}
G200_PRODUCTION_FINISHED G_hybrid replica 4 production 51/200 {"n": 51000000, "matched_pb": 0.05938261827681131, "matched_error_pb": 0.001160385695914758, "relative_error": 0.01954083079505917, "hard_error_pb": 0.001147661693071264, "cpu_ms_per_sample": 10.25041499578159, "max_weight_second_moment_fraction": 0.01590372839070671}
PROGRESS {"utc": "2026-09-22T00:48:10.344343+00:00", "stage": "G_hybrid replica 1 production 52/200", "mode": "G_hybrid", "block_completed": 141471, "block_samples": 250000, "worker_pids_seen": 128, "elapsed_s": 30.636950838845223}
G200_PRODUCTION_FINISHED G_hybrid replica 1 production 52/200 {"n": 51250000, "matched_pb": 0.05945579310343428, "matched_error_pb": 0.0011574865719480077, "relative_error": 0.019468020045319168, "hard_error_pb": 0.0011447303449719384, "cpu_ms_per_sample": 10.248407978840294, "max_weight_second_moment_fraction": 0.01582971164478606}
PROGRESS {"utc": "2026-09-22T00:49:05.185489+00:00", "stage": "G_hybrid replica 2 production 52/200", "mode": "G_hybrid", "block_completed": 140933, "block_samples": 250000, "worker_pids_seen": 128, "elapsed_s": 30.50592824490741}
G200_PRODUCTION_FINISHED G_hybrid replica 2 production 52/200 {"n": 51500000, "matched_pb": 0.05950843680626451, "matched_error_pb": 0.0011545030559519103, "relative_error": 0.019400661787008572, "hard_error_pb": 0.0011417134949986017, "cpu_ms_per_sample": 10.247938134876604, "max_weight_second_moment_fraction": 0.015759355124769555}
PROGRESS {"utc": "2026-09-22T00:49:59.898296+00:00", "stage": "G_hybrid replica 3 production 52/200", "mode": "G_hybrid", "block_completed": 142193, "block_samples": 250000, "worker_pids_seen": 128, "elapsed_s": 30.542027432005852}
G200_PRODUCTION_FINISHED G_hybrid replica 3 production 52/200 {"n": 51750000, "matched_pb": 0.05947115932006955, "matched_error_pb": 0.0011517111617543867, "relative_error": 0.019365877089362916, "hard_error_pb": 0.0011388902486935526, "cpu_ms_per_sample": 10.245649600186168, "max_weight_second_moment_fraction": 0.015684933214825274}
PROGRESS {"utc": "2026-09-22T00:50:54.114859+00:00", "stage": "G_hybrid replica 4 production 52/200", "mode": "G_hybrid", "block_completed": 148628, "block_samples": 250000, "worker_pids_seen": 128, "elapsed_s": 30.79787651798688}
G200_PRODUCTION_FINISHED G_hybrid replica 4 production 52/200 {"n": 52000000, "matched_pb": 0.059630729587470746, "matched_error_pb": 0.001149556064020637, "relative_error": 0.019277913786622105, "hard_error_pb": 0.0011367108439643925, "cpu_ms_per_sample": 10.243879237407388, "max_weight_second_moment_fraction": 0.015594110840798965}
PROGRESS {"utc": "2026-09-22T00:51:56.049707+00:00", "stage": "G_hybrid replica 1 production 53/200", "mode": "G_hybrid", "block_completed": 141278, "block_samples": 250000, "worker_pids_seen": 128, "elapsed_s": 40.49790942692198}
G200_PRODUCTION_FINISHED G_hybrid replica 1 production 53/200 {"n": 52250000, "matched_pb": 0.0596201499568407, "matched_error_pb": 0.001146890337335003, "relative_error": 0.01923662282240555, "hard_error_pb": 0.001134014922446799, "cpu_ms_per_sample": 10.251990646115333, "max_weight_second_moment_fraction": 0.015518765602864871}
PROGRESS {"utc": "2026-09-22T00:52:50.255650+00:00", "stage": "G_hybrid replica 2 production 53/200", "mode": "G_hybrid", "block_completed": 133369, "block_samples": 250000, "worker_pids_seen": 128, "elapsed_s": 30.53847839985974}
G200_PRODUCTION_FINISHED G_hybrid replica 2 production 53/200 {"n": 52500000, "matched_pb": 0.05974732619861513, "matched_error_pb": 0.0011440752963417227, "relative_error": 0.019148560598988628, "hard_error_pb": 0.0011311678399596689, "cpu_ms_per_sample": 10.252152665000459, "max_weight_second_moment_fraction": 0.015448798372638805}
PROGRESS {"utc": "2026-09-22T00:53:46.228914+00:00", "stage": "G_hybrid replica 3 production 53/200", "mode": "G_hybrid", "block_completed": 139690, "block_samples": 250000, "worker_pids_seen": 128, "elapsed_s": 30.724271303974092}
G200_PRODUCTION_FINISHED G_hybrid replica 3 production 53/200 {"n": 52750000, "matched_pb": 0.05984277804702287, "matched_error_pb": 0.0011413993256870435, "relative_error": 0.01907330112232026, "hard_error_pb": 0.001128461261691539, "cpu_ms_per_sample": 10.249306938367738, "max_weight_second_moment_fraction": 0.0153762084742368}
PROGRESS {"utc": "2026-09-22T00:54:39.648397+00:00", "stage": "G_hybrid replica 4 production 53/200", "mode": "G_hybrid", "block_completed": 151067, "block_samples": 250000, "worker_pids_seen": 128, "elapsed_s": 30.776306876912713}
G200_PRODUCTION_FINISHED G_hybrid replica 4 production 53/200 {"n": 53000000, "matched_pb": 0.05986714972541274, "matched_error_pb": 0.001138615701777985, "relative_error": 0.019019039773905573, "hard_error_pb": 0.0011256456435286355, "cpu_ms_per_sample": 10.247525179126528, "max_weight_second_moment_fraction": 0.015307785964210048}
PROGRESS {"utc": "2026-09-22T00:55:30.444601+00:00", "stage": "G_hybrid replica 1 production 54/200", "mode": "G_hybrid", "block_completed": 150415, "block_samples": 250000, "worker_pids_seen": 128, "elapsed_s": 30.669653627090156}
G200_PRODUCTION_FINISHED G_hybrid replica 1 production 54/200 {"n": 53250000, "matched_pb": 0.05989147247140311, "matched_error_pb": 0.001135716002281949, "relative_error": 0.018962899982534726, "hard_error_pb": 0.0011227124459535108, "cpu_ms_per_sample": 10.24624338657176, "max_weight_second_moment_fraction": 0.015243728931129949}
PROGRESS {"utc": "2026-09-22T00:56:22.575893+00:00", "stage": "G_hybrid replica 2 production 54/200", "mode": "G_hybrid", "block_completed": 141911, "block_samples": 250000, "worker_pids_seen": 128, "elapsed_s": 30.64367074216716}
G200_PRODUCTION_FINISHED G_hybrid replica 2 production 54/200 {"n": 53500000, "matched_pb": 0.059812601063087376, "matched_error_pb": 0.0011329115132081469, "relative_error": 0.018941017328659687, "hard_error_pb": 0.0011198753927197417, "cpu_ms_per_sample": 10.247298305759646, "max_weight_second_moment_fraction": 0.015178206718718798}
PROGRESS {"utc": "2026-09-22T00:57:17.091445+00:00", "stage": "G_hybrid replica 3 production 54/200", "mode": "G_hybrid", "block_completed": 149274, "block_samples": 250000, "worker_pids_seen": 128, "elapsed_s": 30.53717190097086}
G200_PRODUCTION_FINISHED G_hybrid replica 3 production 54/200 {"n": 53750000, "matched_pb": 0.05979701867931339, "matched_error_pb": 0.0011302478497808818, "relative_error": 0.018901408042469647, "hard_error_pb": 0.0011171806480573898, "cpu_ms_per_sample": 10.246172054626216, "max_weight_second_moment_fraction": 0.015109972232271928}
PROGRESS {"utc": "2026-09-22T00:58:09.483757+00:00", "stage": "G_hybrid replica 4 production 54/200", "mode": "G_hybrid", "block_completed": 138247, "block_samples": 250000, "worker_pids_seen": 128, "elapsed_s": 30.90012403484434}
G200_PRODUCTION_FINISHED G_hybrid replica 4 production 54/200 {"n": 54000000, "matched_pb": 0.05985386701199273, "matched_error_pb": 0.0011274086836116823, "relative_error": 0.018836020793540156, "hard_error_pb": 0.0011143081882238185, "cpu_ms_per_sample": 10.244550796530058, "max_weight_second_moment_fraction": 0.015047670888076283}
PROGRESS {"utc": "2026-09-22T00:59:02.478785+00:00", "stage": "G_hybrid replica 1 production 55/200", "mode": "G_hybrid", "block_completed": 149549, "block_samples": 250000, "worker_pids_seen": 128, "elapsed_s": 30.792290779063478}
G200_PRODUCTION_FINISHED G_hybrid replica 1 production 55/200 {"n": 54250000, "matched_pb": 0.05996366310556818, "matched_error_pb": 0.0011246613839984063, "relative_error": 0.018755715140657762, "hard_error_pb": 0.001111528509358547, "cpu_ms_per_sample": 10.24392857626942, "max_weight_second_moment_fraction": 0.01498396804508845}
PROGRESS {"utc": "2026-09-22T00:59:55.369727+00:00", "stage": "G_hybrid replica 2 production 55/200", "mode": "G_hybrid", "block_completed": 141473, "block_samples": 250000, "worker_pids_seen": 128, "elapsed_s": 30.678126548882574}
G200_PRODUCTION_FINISHED G_hybrid replica 2 production 55/200 {"n": 54500000, "matched_pb": 0.05985165131423138, "matched_error_pb": 0.001121985327537467, "relative_error": 0.018746104792445116, "hard_error_pb": 0.0011088207581340546, "cpu_ms_per_sample": 10.245999397330811, "max_weight_second_moment_fraction": 0.014919412574828466}
PROGRESS {"utc": "2026-09-22T01:00:51.591449+00:00", "stage": "G_hybrid replica 3 production 55/200", "mode": "G_hybrid", "block_completed": 148907, "block_samples": 250000, "worker_pids_seen": 128, "elapsed_s": 30.790982017992064}
G200_PRODUCTION_FINISHED G_hybrid replica 3 production 55/200 {"n": 54750000, "matched_pb": 0.0597873457231608, "matched_error_pb": 0.0011199344321456209, "relative_error": 0.01873196440817699, "hard_error_pb": 0.0011067454679215799, "cpu_ms_per_sample": 10.244393670183657, "max_weight_second_moment_fraction": 0.014838966020419488}
PROGRESS {"utc": "2026-09-22T01:01:44.885548+00:00", "stage": "G_hybrid replica 4 production 55/200", "mode": "G_hybrid", "block_completed": 152933, "block_samples": 250000, "worker_pids_seen": 128, "elapsed_s": 30.732138965046033}
G200_PRODUCTION_FINISHED G_hybrid replica 4 production 55/200 {"n": 55000000, "matched_pb": 0.05976217145680503, "matched_error_pb": 0.0011171891346407157, "relative_error": 0.018693918032215394, "hard_error_pb": 0.0011039673731677462, "cpu_ms_per_sample": 10.242648431943602, "max_weight_second_moment_fraction": 0.014778470792179931}
PROGRESS {"utc": "2026-09-22T01:02:39.176471+00:00", "stage": "G_hybrid replica 1 production 56/200", "mode": "G_hybrid", "block_completed": 146022, "block_samples": 250000, "worker_pids_seen": 128, "elapsed_s": 31.04497570102103}
G200_PRODUCTION_FINISHED G_hybrid replica 1 production 56/200 {"n": 55250000, "matched_pb": 0.05969852052997898, "matched_error_pb": 0.001114451066585049, "relative_error": 0.018667984678538252, "hard_error_pb": 0.0011011964303756963, "cpu_ms_per_sample": 10.241578888556218, "max_weight_second_moment_fraction": 0.014718824403241538}
PROGRESS {"utc": "2026-09-22T01:03:34.074570+00:00", "stage": "G_hybrid replica 2 production 56/200", "mode": "G_hybrid", "block_completed": 145221, "block_samples": 250000, "worker_pids_seen": 128, "elapsed_s": 30.723614275921136}
G200_PRODUCTION_FINISHED G_hybrid replica 2 production 56/200 {"n": 55500000, "matched_pb": 0.05961972683897983, "matched_error_pb": 0.0011119191655118643, "relative_error": 0.018650188863074145, "hard_error_pb": 0.0010986339832229036, "cpu_ms_per_sample": 10.24145615799728, "max_weight_second_moment_fraction": 0.014654640800601063}
PROGRESS {"utc": "2026-09-22T01:04:28.423913+00:00", "stage": "G_hybrid replica 3 production 56/200", "mode": "G_hybrid", "block_completed": 146689, "block_samples": 250000, "worker_pids_seen": 128, "elapsed_s": 30.521235160063952}
G200_PRODUCTION_FINISHED G_hybrid replica 3 production 56/200 {"n": 55750000, "matched_pb": 0.059557416541790975, "matched_error_pb": 0.0011093488828587171, "relative_error": 0.01862654472395215, "hard_error_pb": 0.0010960325462136178, "cpu_ms_per_sample": 10.24034237208818, "max_weight_second_moment_fraction": 0.014592526520890162}
PROGRESS {"utc": "2026-09-22T01:05:19.842117+00:00", "stage": "G_hybrid replica 4 production 56/200", "mode": "G_hybrid", "block_completed": 136927, "block_samples": 250000, "worker_pids_seen": 128, "elapsed_s": 30.54070611600764}
G200_PRODUCTION_FINISHED G_hybrid replica 4 production 56/200 {"n": 56000000, "matched_pb": 0.05959990272958571, "matched_error_pb": 0.0011079955684777207, "relative_error": 0.01859056001324153, "hard_error_pb": 0.001094662769178659, "cpu_ms_per_sample": 10.239593271915822, "max_weight_second_moment_fraction": 0.014498747636625082}
PROGRESS {"utc": "2026-09-22T01:06:14.625938+00:00", "stage": "G_hybrid replica 1 production 57/200", "mode": "G_hybrid", "block_completed": 153443, "block_samples": 250000, "worker_pids_seen": 128, "elapsed_s": 30.620025779120624}
G200_PRODUCTION_FINISHED G_hybrid replica 1 production 57/200 {"n": 56250000, "matched_pb": 0.0595323993551477, "matched_error_pb": 0.00110537725721997, "relative_error": 0.0185676584379828, "hard_error_pb": 0.0010920124904225071, "cpu_ms_per_sample": 10.238210246608482, "max_weight_second_moment_fraction": 0.014439990223332963}
PROGRESS {"utc": "2026-09-22T01:07:04.850625+00:00", "stage": "G_hybrid replica 2 production 57/200", "mode": "G_hybrid", "block_completed": 155171, "block_samples": 250000, "worker_pids_seen": 128, "elapsed_s": 30.5761307887733}
G200_PRODUCTION_FINISHED G_hybrid replica 2 production 57/200 {"n": 56500000, "matched_pb": 0.05946909109865911, "matched_error_pb": 0.0011028728926228593, "relative_error": 0.018545312737219998, "hard_error_pb": 0.0010894774048790252, "cpu_ms_per_sample": 10.241882520721632, "max_weight_second_moment_fraction": 0.014379167676172866}
PROGRESS {"utc": "2026-09-22T01:07:55.047337+00:00", "stage": "G_hybrid replica 3 production 57/200", "mode": "G_hybrid", "block_completed": 146782, "block_samples": 250000, "worker_pids_seen": 128, "elapsed_s": 30.51070101116784}
G200_PRODUCTION_FINISHED G_hybrid replica 3 production 57/200 {"n": 56750000, "matched_pb": 0.05950987541532134, "matched_error_pb": 0.0011004080295125538, "relative_error": 0.018491183552860273, "hard_error_pb": 0.0010869821663096982, "cpu_ms_per_sample": 10.240355683331297, "max_weight_second_moment_fraction": 0.014318270459136155}
PROGRESS {"utc": "2026-09-22T01:08:48.584061+00:00", "stage": "G_hybrid replica 4 production 57/200", "mode": "G_hybrid", "block_completed": 132292, "block_samples": 250000, "worker_pids_seen": 128, "elapsed_s": 30.525463723111898}
G200_PRODUCTION_FINISHED G_hybrid replica 4 production 57/200 {"n": 57000000, "matched_pb": 0.0595291510862096, "matched_error_pb": 0.0010978019169608385, "relative_error": 0.018441417304456625, "hard_error_pb": 0.0010843437865098477, "cpu_ms_per_sample": 10.238649546684458, "max_weight_second_moment_fraction": 0.01426209850542357}
PROGRESS {"utc": "2026-09-22T01:09:45.396885+00:00", "stage": "G_hybrid replica 1 production 58/200", "mode": "G_hybrid", "block_completed": 138339, "block_samples": 250000, "worker_pids_seen": 128, "elapsed_s": 30.58481616503559}
G200_PRODUCTION_FINISHED G_hybrid replica 1 production 58/200 {"n": 57250000, "matched_pb": 0.059625072646396104, "matched_error_pb": 0.0010953448615369774, "relative_error": 0.018370541333054175, "hard_error_pb": 0.001081856166112244, "cpu_ms_per_sample": 10.237909179308737, "max_weight_second_moment_fraction": 0.014202905037999793}
PROGRESS {"utc": "2026-09-22T01:10:40.754838+00:00", "stage": "G_hybrid replica 2 production 58/200", "mode": "G_hybrid", "block_completed": 128684, "block_samples": 250000, "worker_pids_seen": 128, "elapsed_s": 30.519503955962136}
G200_PRODUCTION_FINISHED G_hybrid replica 2 production 58/200 {"n": 57500000, "matched_pb": 0.05964737751405168, "matched_error_pb": 0.0010928467335530399, "relative_error": 0.018321790145687262, "hard_error_pb": 0.0010793268186685494, "cpu_ms_per_sample": 10.238130084531758, "max_weight_second_moment_fraction": 0.014145737626103919}
PROGRESS {"utc": "2026-09-22T01:11:37.296264+00:00", "stage": "G_hybrid replica 3 production 58/200", "mode": "G_hybrid", "block_completed": 149230, "block_samples": 250000, "worker_pids_seen": 128, "elapsed_s": 30.553561615059152}
G200_PRODUCTION_FINISHED G_hybrid replica 3 production 58/200 {"n": 57750000, "matched_pb": 0.059724574514542786, "matched_error_pb": 0.0010903734786401108, "relative_error": 0.018256697305974234, "hard_error_pb": 0.0010768225115502363, "cpu_ms_per_sample": 10.236160834719811, "max_weight_second_moment_fraction": 0.014088834134734832}
PROGRESS {"utc": "2026-09-22T01:12:28.686604+00:00", "stage": "G_hybrid replica 4 production 58/200", "mode": "G_hybrid", "block_completed": 148867, "block_samples": 250000, "worker_pids_seen": 128, "elapsed_s": 30.792035474209115}
G200_PRODUCTION_FINISHED G_hybrid replica 4 production 58/200 {"n": 58000000, "matched_pb": 0.0596177119882379, "matched_error_pb": 0.0010881685367482388, "relative_error": 0.018252437077137845, "hard_error_pb": 0.001074589764900274, "cpu_ms_per_sample": 10.234217339874467, "max_weight_second_moment_fraction": 0.014025740714637192}
PROGRESS {"utc": "2026-09-22T01:13:19.554090+00:00", "stage": "G_hybrid replica 1 production 59/200", "mode": "G_hybrid", "block_completed": 142018, "block_samples": 250000, "worker_pids_seen": 128, "elapsed_s": 30.49068891699426}
G200_PRODUCTION_FINISHED G_hybrid replica 1 production 59/200 {"n": 58250000, "matched_pb": 0.05954112085807371, "matched_error_pb": 0.0010865237881970745, "relative_error": 0.018248292483223266, "hard_error_pb": 0.00107292420085379, "cpu_ms_per_sample": 10.23310441214431, "max_weight_second_moment_fraction": 0.013948811947071918}
PROGRESS {"utc": "2026-09-22T01:14:12.525072+00:00", "stage": "G_hybrid replica 2 production 59/200", "mode": "G_hybrid", "block_completed": 136381, "block_samples": 250000, "worker_pids_seen": 128, "elapsed_s": 30.52927110902965}
G200_PRODUCTION_FINISHED G_hybrid replica 2 production 59/200 {"n": 58500000, "matched_pb": 0.05965458812641529, "matched_error_pb": 0.0010841131393352894, "relative_error": 0.01817317281678188, "hard_error_pb": 0.0010704829271590646, "cpu_ms_per_sample": 10.233837827164669, "max_weight_second_moment_fraction": 0.01389299995391149}
PROGRESS {"utc": "2026-09-22T01:15:07.489434+00:00", "stage": "G_hybrid replica 3 production 59/200", "mode": "G_hybrid", "block_completed": 151343, "block_samples": 250000, "worker_pids_seen": 128, "elapsed_s": 30.56735847191885}
G200_PRODUCTION_FINISHED G_hybrid replica 3 production 59/200 {"n": 58750000, "matched_pb": 0.05956585079719931, "matched_error_pb": 0.0010818150735192762, "relative_error": 0.018161665770585138, "hard_error_pb": 0.0010681555372478017, "cpu_ms_per_sample": 10.232710956207814, "max_weight_second_moment_fraction": 0.013835104314085491}
PROGRESS {"utc": "2026-09-22T01:15:57.901996+00:00", "stage": "G_hybrid replica 4 production 59/200", "mode": "G_hybrid", "block_completed": 151068, "block_samples": 250000, "worker_pids_seen": 128, "elapsed_s": 30.518293341156095}
G200_PRODUCTION_FINISHED G_hybrid replica 4 production 59/200 {"n": 59000000, "matched_pb": 0.05967238929978573, "matched_error_pb": 0.0010795644236348077, "relative_error": 0.0180915233377237, "hard_error_pb": 0.0010658760449684462, "cpu_ms_per_sample": 10.231765071380426, "max_weight_second_moment_fraction": 0.013776847232391002}
PROGRESS {"utc": "2026-09-22T01:16:47.819404+00:00", "stage": "G_hybrid replica 1 production 60/200", "mode": "G_hybrid", "block_completed": 150990, "block_samples": 250000, "worker_pids_seen": 128, "elapsed_s": 30.509694335982203}
G200_PRODUCTION_FINISHED G_hybrid replica 1 production 60/200 {"n": 59250000, "matched_pb": 0.05961020628791455, "matched_error_pb": 0.001081589516409195, "relative_error": 0.018144367949091928, "hard_error_pb": 0.001067927095108041, "cpu_ms_per_sample": 10.230740810066957, "max_weight_second_moment_fraction": 0.013608415322394955}
PROGRESS {"utc": "2026-09-22T01:17:39.746618+00:00", "stage": "G_hybrid replica 2 production 60/200", "mode": "G_hybrid", "block_completed": 145659, "block_samples": 250000, "worker_pids_seen": 128, "elapsed_s": 30.58385759103112}
G200_PRODUCTION_FINISHED G_hybrid replica 2 production 60/200 {"n": 59500000, "matched_pb": 0.05945932490945413, "matched_error_pb": 0.0010791785760480193, "relative_error": 0.018149862577340296, "hard_error_pb": 0.0010654852403767278, "cpu_ms_per_sample": 10.232132948930774, "max_weight_second_moment_fraction": 0.013556217180197179}
PROGRESS {"utc": "2026-09-22T01:18:33.017921+00:00", "stage": "G_hybrid replica 3 production 60/200", "mode": "G_hybrid", "block_completed": 155627, "block_samples": 250000, "worker_pids_seen": 128, "elapsed_s": 30.48976998310536}
G200_PRODUCTION_FINISHED G_hybrid replica 3 production 60/200 {"n": 59750000, "matched_pb": 0.059454971857878805, "matched_error_pb": 0.0010768212745209038, "relative_error": 0.018111542918478506, "hard_error_pb": 0.0010630975758228623, "cpu_ms_per_sample": 10.230166980122712, "max_weight_second_moment_fraction": 0.013503465429704228}
PROGRESS {"utc": "2026-09-22T01:19:22.890826+00:00", "stage": "G_hybrid replica 4 production 60/200", "mode": "G_hybrid", "block_completed": 153349, "block_samples": 250000, "worker_pids_seen": 128, "elapsed_s": 30.60436554183252}
G200_PRODUCTION_FINISHED G_hybrid replica 4 production 60/200 {"n": 60000000, "matched_pb": 0.059555792723904766, "matched_error_pb": 0.001074569939616045, "relative_error": 0.01804308011812811, "hard_error_pb": 0.0010608171159941064, "cpu_ms_per_sample": 10.229016183759702, "max_weight_second_moment_fraction": 0.013448810146231742}
G200_PEAK_REPLAYS production_60000000 new 2 total 68 issues 0
PROGRESS {"utc": "2026-09-22T01:20:17.859892+00:00", "stage": "G_hybrid replica 1 production 61/200", "mode": "G_hybrid", "block_completed": 146822, "block_samples": 250000, "worker_pids_seen": 128, "elapsed_s": 31.0710729600396}
G200_PRODUCTION_FINISHED G_hybrid replica 1 production 61/200 {"n": 60250000, "matched_pb": 0.05962568021716427, "matched_error_pb": 0.0010721813863814984, "relative_error": 0.01798187261724274, "hard_error_pb": 0.0010583975263399733, "cpu_ms_per_sample": 10.229504470425017, "max_weight_second_moment_fraction": 0.013398485668059052}
PROGRESS {"utc": "2026-09-22T01:21:10.671741+00:00", "stage": "G_hybrid replica 2 production 61/200", "mode": "G_hybrid", "block_completed": 150782, "block_samples": 250000, "worker_pids_seen": 128, "elapsed_s": 30.87308491510339}
G200_PRODUCTION_FINISHED G_hybrid replica 2 production 61/200 {"n": 60500000, "matched_pb": 0.059567116625589986, "matched_error_pb": 0.0010699715302742818, "relative_error": 0.017962452958728958, "hard_error_pb": 0.0010561588299385235, "cpu_ms_per_sample": 10.230666023009011, "max_weight_second_moment_fraction": 0.013344373107853523}
PROGRESS {"utc": "2026-09-22T01:22:02.312857+00:00", "stage": "G_hybrid replica 3 production 61/200", "mode": "G_hybrid", "block_completed": 160301, "block_samples": 250000, "worker_pids_seen": 128, "elapsed_s": 30.712207529926673}
G200_PRODUCTION_FINISHED G_hybrid replica 3 production 61/200 {"n": 60750000, "matched_pb": 0.05963997277892055, "matched_error_pb": 0.001067661728839564, "relative_error": 0.017901780954818335, "hard_error_pb": 0.0010538187537182612, "cpu_ms_per_sample": 10.229403712361927, "max_weight_second_moment_fraction": 0.013293613262037297}
PROGRESS {"utc": "2026-09-22T01:22:51.039662+00:00", "stage": "G_hybrid replica 4 production 61/200", "mode": "G_hybrid", "block_completed": 153136, "block_samples": 250000, "worker_pids_seen": 128, "elapsed_s": 30.83151187794283}
G200_PRODUCTION_FINISHED G_hybrid replica 4 production 61/200 {"n": 61000000, "matched_pb": 0.059641219996753564, "matched_error_pb": 0.0010653578804567816, "relative_error": 0.017862778134229512, "hard_error_pb": 0.0010514845752130598, "cpu_ms_per_sample": 10.227812380820463, "max_weight_second_moment_fraction": 0.013243475081731836}
PROGRESS {"utc": "2026-09-22T01:23:41.148534+00:00", "stage": "G_hybrid replica 1 production 62/200", "mode": "G_hybrid", "block_completed": 157118, "block_samples": 250000, "worker_pids_seen": 128, "elapsed_s": 30.782185047166422}
G200_PRODUCTION_FINISHED G_hybrid replica 1 production 62/200 {"n": 61250000, "matched_pb": 0.05964879690344334, "matched_error_pb": 0.001063021980529376, "relative_error": 0.017821348220151797, "hard_error_pb": 0.0010491177863082006, "cpu_ms_per_sample": 10.227607037924917, "max_weight_second_moment_fraction": 0.013194919605842258}
PROGRESS {"utc": "2026-09-22T01:24:32.467170+00:00", "stage": "G_hybrid replica 2 production 62/200", "mode": "G_hybrid", "block_completed": 140351, "block_samples": 250000, "worker_pids_seen": 128, "elapsed_s": 30.802134440047666}
G200_PRODUCTION_FINISHED G_hybrid replica 2 production 62/200 {"n": 61500000, "matched_pb": 0.05970800606016595, "matched_error_pb": 0.0010607209197700067, "relative_error": 0.017765137202892866, "hard_error_pb": 0.0010467861615904902, "cpu_ms_per_sample": 10.22862900774888, "max_weight_second_moment_fraction": 0.013146232217265436}
PROGRESS {"utc": "2026-09-22T01:25:26.408475+00:00", "stage": "G_hybrid replica 3 production 62/200", "mode": "G_hybrid", "block_completed": 166939, "block_samples": 250000, "worker_pids_seen": 128, "elapsed_s": 30.47081959899515}
G200_PRODUCTION_FINISHED G_hybrid replica 3 production 62/200 {"n": 61750000, "matched_pb": 0.05967538880070314, "matched_error_pb": 0.001058464349248889, "relative_error": 0.01773703314751453, "hard_error_pb": 0.001044499486400303, "cpu_ms_per_sample": 10.228838687729267, "max_weight_second_moment_fraction": 0.013097157518865503}
PROGRESS {"utc": "2026-09-22T01:26:13.150367+00:00", "stage": "G_hybrid replica 4 production 62/200", "mode": "G_hybrid", "block_completed": 151095, "block_samples": 250000, "worker_pids_seen": 128, "elapsed_s": 30.541204103967175}
G200_PRODUCTION_FINISHED G_hybrid replica 4 production 62/200 {"n": 62000000, "matched_pb": 0.05965723215906234, "matched_error_pb": 0.0010563072139571734, "relative_error": 0.017706272579672694, "hard_error_pb": 0.0010423134503198107, "cpu_ms_per_sample": 10.227474196968307, "max_weight_second_moment_fraction": 0.01304629971774257}
PROGRESS {"utc": "2026-09-22T01:27:03.878237+00:00", "stage": "G_hybrid replica 1 production 63/200", "mode": "G_hybrid", "block_completed": 150431, "block_samples": 250000, "worker_pids_seen": 128, "elapsed_s": 30.70542682497762}
G200_PRODUCTION_FINISHED G_hybrid replica 1 production 63/200 {"n": 62250000, "matched_pb": 0.05971264412013749, "matched_error_pb": 0.0010540963827573215, "relative_error": 0.017652817058922333, "hard_error_pb": 0.0010400728736976522, "cpu_ms_per_sample": 10.226727486176259, "max_weight_second_moment_fraction": 0.012997541282181148}
PROGRESS {"utc": "2026-09-22T01:27:55.063392+00:00", "stage": "G_hybrid replica 2 production 63/200", "mode": "G_hybrid", "block_completed": 143266, "block_samples": 250000, "worker_pids_seen": 128, "elapsed_s": 30.530065142083913}
G200_PRODUCTION_FINISHED G_hybrid replica 2 production 63/200 {"n": 62500000, "matched_pb": 0.0597780220935874, "matched_error_pb": 0.00105189863114632, "relative_error": 0.01759674533057461, "hard_error_pb": 0.0010378454261917448, "cpu_ms_per_sample": 10.228694755718276, "max_weight_second_moment_fraction": 0.012949175618712781}
PROGRESS {"utc": "2026-09-22T01:28:50.048114+00:00", "stage": "G_hybrid replica 3 production 63/200", "mode": "G_hybrid", "block_completed": 153979, "block_samples": 250000, "worker_pids_seen": 128, "elapsed_s": 30.568552868207917}
G200_PRODUCTION_FINISHED G_hybrid replica 3 production 63/200 {"n": 62750000, "matched_pb": 0.059628784017892525, "matched_error_pb": 0.0010503825738572, "relative_error": 0.017615361291654322, "hard_error_pb": 0.0010363088101152565, "cpu_ms_per_sample": 10.227372743756321, "max_weight_second_moment_fraction": 0.01288432178840283}
PROGRESS {"utc": "2026-09-22T01:29:41.685479+00:00", "stage": "G_hybrid replica 4 production 63/200", "mode": "G_hybrid", "block_completed": 147586, "block_samples": 250000, "worker_pids_seen": 128, "elapsed_s": 30.533517721109092}
G200_PRODUCTION_FINISHED G_hybrid replica 4 production 63/200 {"n": 63000000, "matched_pb": 0.05967433268467644, "matched_error_pb": 0.0010481314002673207, "relative_error": 0.01756419138871186, "hard_error_pb": 0.0010340269970779085, "cpu_ms_per_sample": 10.225947093462066, "max_weight_second_moment_fraction": 0.012838745114458528}
PROGRESS {"utc": "2026-09-22T01:30:32.200827+00:00", "stage": "G_hybrid replica 1 production 64/200", "mode": "G_hybrid", "block_completed": 146773, "block_samples": 250000, "worker_pids_seen": 128, "elapsed_s": 30.595216660993174}
G200_PRODUCTION_FINISHED G_hybrid replica 1 production 64/200 {"n": 63250000, "matched_pb": 0.059618370526875755, "matched_error_pb": 0.0010459417570120545, "relative_error": 0.017543950761628877, "hard_error_pb": 0.0010318074226914082, "cpu_ms_per_sample": 10.224947657856605, "max_weight_second_moment_fraction": 0.012792311135024796}
PROGRESS {"utc": "2026-09-22T01:31:26.033657+00:00", "stage": "G_hybrid replica 2 production 64/200", "mode": "G_hybrid", "block_completed": 144569, "block_samples": 250000, "worker_pids_seen": 128, "elapsed_s": 30.481710330117494}
G200_PRODUCTION_FINISHED G_hybrid replica 2 production 64/200 {"n": 63500000, "matched_pb": 0.05958129857769065, "matched_error_pb": 0.0010437311831291345, "relative_error": 0.017517764937066083, "hard_error_pb": 0.00102956650154119, "cpu_ms_per_sample": 10.226180499498366, "max_weight_second_moment_fraction": 0.012747090345170381}
PROGRESS {"utc": "2026-09-22T01:32:21.487450+00:00", "stage": "G_hybrid replica 3 production 64/200", "mode": "G_hybrid", "block_completed": 152950, "block_samples": 250000, "worker_pids_seen": 128, "elapsed_s": 30.61093438602984}
G200_PRODUCTION_FINISHED G_hybrid replica 3 production 64/200 {"n": 63750000, "matched_pb": 0.0594968573081025, "matched_error_pb": 0.0010415914288884537, "relative_error": 0.017506662973719892, "hard_error_pb": 0.0010273972470244961, "cpu_ms_per_sample": 10.22414091781205, "max_weight_second_moment_fraction": 0.012700770290378338}
PROGRESS {"utc": "2026-09-22T01:33:13.597202+00:00", "stage": "G_hybrid replica 4 production 64/200", "mode": "G_hybrid", "block_completed": 250000, "block_samples": 250000, "worker_pids_seen": 128, "elapsed_s": 30.49319830397144}
G200_PRODUCTION_FINISHED G_hybrid replica 4 production 64/200 {"n": 64000000, "matched_pb": 0.059529132071381996, "matched_error_pb": 0.001039398060444099, "relative_error": 0.017460326134064008, "hard_error_pb": 0.00102517351044327, "cpu_ms_per_sample": 10.229622957715378, "max_weight_second_moment_fraction": 0.012656468747206325}
PROGRESS {"utc": "2026-09-22T01:33:44.352446+00:00", "stage": "G_hybrid replica 1 production 65/200", "mode": "G_hybrid", "block_completed": 250000, "block_samples": 250000, "worker_pids_seen": 128, "elapsed_s": 30.61518698791042}
G200_PRODUCTION_FINISHED G_hybrid replica 1 production 65/200 {"n": 64250000, "matched_pb": 0.05952485227275721, "matched_error_pb": 0.0010373234546315233, "relative_error": 0.017426728753198034, "hard_error_pb": 0.0010230700601563418, "cpu_ms_per_sample": 10.234437835904455, "max_weight_second_moment_fraction": 0.012609858850048656}
PROGRESS {"utc": "2026-09-22T01:34:15.007375+00:00", "stage": "G_hybrid replica 2 production 65/200", "mode": "G_hybrid", "block_completed": 248720, "block_samples": 250000, "worker_pids_seen": 128, "elapsed_s": 30.513963853009045}
G200_PRODUCTION_FINISHED G_hybrid replica 2 production 65/200 {"n": 64500000, "matched_pb": 0.05956507380959519, "matched_error_pb": 0.0010353074357808524, "relative_error": 0.017381115636493635, "hard_error_pb": 0.001021025898321265, "cpu_ms_per_sample": 10.244133343701614, "max_weight_second_moment_fraction": 0.012562449462064744}
PROGRESS {"utc": "2026-09-22T01:34:46.606203+00:00", "stage": "G_hybrid replica 3 production 65/200", "mode": "G_hybrid", "block_completed": 169623, "block_samples": 250000, "worker_pids_seen": 128, "elapsed_s": 30.497099196072668}
G200_PRODUCTION_FINISHED G_hybrid replica 3 production 65/200 {"n": 64750000, "matched_pb": 0.059574887373846294, "matched_error_pb": 0.0010332374333255666, "relative_error": 0.017343506280452718, "hard_error_pb": 0.0010189268825999379, "cpu_ms_per_sample": 10.242555124847708, "max_weight_second_moment_fraction": 0.012517041367504068}
PROGRESS {"utc": "2026-09-22T01:35:33.472290+00:00", "stage": "G_hybrid replica 4 production 65/200", "mode": "G_hybrid", "block_completed": 162520, "block_samples": 250000, "worker_pids_seen": 128, "elapsed_s": 30.568553186953068}
G200_PRODUCTION_FINISHED G_hybrid replica 4 production 65/200 {"n": 65000000, "matched_pb": 0.05962439249611798, "matched_error_pb": 0.0010310936320158837, "relative_error": 0.017293151155930286, "hard_error_pb": 0.0010167529082541781, "cpu_ms_per_sample": 10.240207388021373, "max_weight_second_moment_fraction": 0.012474115068617194}
G200_PEAK_REPLAYS production_65000000 new 1 total 69 issues 0
PROGRESS {"utc": "2026-09-22T01:36:27.870300+00:00", "stage": "G_hybrid replica 1 production 66/200", "mode": "G_hybrid", "block_completed": 148699, "block_samples": 250000, "worker_pids_seen": 128, "elapsed_s": 30.521153601817787}
G200_PRODUCTION_FINISHED G_hybrid replica 1 production 66/200 {"n": 65250000, "matched_pb": 0.059672961719823225, "matched_error_pb": 0.0010290311236824234, "relative_error": 0.0172445123222463, "hard_error_pb": 0.0010146612498596434, "cpu_ms_per_sample": 10.238241046681322, "max_weight_second_moment_fraction": 0.012429800536294576}
PROGRESS {"utc": "2026-09-22T01:37:19.466119+00:00", "stage": "G_hybrid replica 2 production 66/200", "mode": "G_hybrid", "block_completed": 141050, "block_samples": 250000, "worker_pids_seen": 128, "elapsed_s": 30.5470826451201}
G200_PRODUCTION_FINISHED G_hybrid replica 2 production 66/200 {"n": 65500000, "matched_pb": 0.05972942792607647, "matched_error_pb": 0.0010270148942555424, "relative_error": 0.01719445388840183, "hard_error_pb": 0.0010126164088549749, "cpu_ms_per_sample": 10.238469296518234, "max_weight_second_moment_fraction": 0.012384967322767065}
PROGRESS {"utc": "2026-09-22T01:38:13.980645+00:00", "stage": "G_hybrid replica 3 production 66/200", "mode": "G_hybrid", "block_completed": 141872, "block_samples": 250000, "worker_pids_seen": 128, "elapsed_s": 30.552000915864483}
G200_PRODUCTION_FINISHED G_hybrid replica 3 production 66/200 {"n": 65750000, "matched_pb": 0.059743328887572, "matched_error_pb": 0.0010251120996737368, "relative_error": 0.017158603625901804, "hard_error_pb": 0.0010106865069630245, "cpu_ms_per_sample": 10.237064928744005, "max_weight_second_moment_fraction": 0.012337948381658262}
PROGRESS {"utc": "2026-09-22T01:39:06.774416+00:00", "stage": "G_hybrid replica 4 production 66/200", "mode": "G_hybrid", "block_completed": 153885, "block_samples": 250000, "worker_pids_seen": 128, "elapsed_s": 30.547610890120268}
G200_PRODUCTION_FINISHED G_hybrid replica 4 production 66/200 {"n": 66000000, "matched_pb": 0.0598036180795959, "matched_error_pb": 0.0010230324648010966, "relative_error": 0.017106531304502126, "hard_error_pb": 0.0010085771276886213, "cpu_ms_per_sample": 10.2349400409917, "max_weight_second_moment_fraction": 0.012295928817400695}
PROGRESS {"utc": "2026-09-22T01:39:56.241729+00:00", "stage": "G_hybrid replica 1 production 67/200", "mode": "G_hybrid", "block_completed": 149563, "block_samples": 250000, "worker_pids_seen": 128, "elapsed_s": 30.725960592972115}
G200_PRODUCTION_FINISHED G_hybrid replica 1 production 67/200 {"n": 66250000, "matched_pb": 0.059877170759784035, "matched_error_pb": 0.0010211419595681644, "relative_error": 0.017053944710661, "hard_error_pb": 0.0010066594757167557, "cpu_ms_per_sample": 10.234034835870009, "max_weight_second_moment_fraction": 0.01224984436791276}
PROGRESS {"utc": "2026-09-22T01:40:47.755330+00:00", "stage": "G_hybrid replica 2 production 67/200", "mode": "G_hybrid", "block_completed": 146438, "block_samples": 250000, "worker_pids_seen": 128, "elapsed_s": 30.54630796890706}
G200_PRODUCTION_FINISHED G_hybrid replica 2 production 67/200 {"n": 66500000, "matched_pb": 0.059937084793385095, "matched_error_pb": 0.001019103543812463, "relative_error": 0.01700288806713762, "hard_error_pb": 0.0010045916740003091, "cpu_ms_per_sample": 10.234134780585116, "max_weight_second_moment_fraction": 0.012208016633253518}
PROGRESS {"utc": "2026-09-22T01:41:40.486279+00:00", "stage": "G_hybrid replica 3 production 67/200", "mode": "G_hybrid", "block_completed": 146952, "block_samples": 250000, "worker_pids_seen": 128, "elapsed_s": 30.58478653500788}
G200_PRODUCTION_FINISHED G_hybrid replica 3 production 67/200 {"n": 66750000, "matched_pb": 0.060055864756502944, "matched_error_pb": 0.0010171079831582798, "relative_error": 0.01693603093190238, "hard_error_pb": 0.0010025672286006191, "cpu_ms_per_sample": 10.232481094502385, "max_weight_second_moment_fraction": 0.01216572799779824}
PROGRESS {"utc": "2026-09-22T01:42:31.829664+00:00", "stage": "G_hybrid replica 4 production 67/200", "mode": "G_hybrid", "block_completed": 152336, "block_samples": 250000, "worker_pids_seen": 128, "elapsed_s": 30.66481849993579}
G200_PRODUCTION_FINISHED G_hybrid replica 4 production 67/200 {"n": 67000000, "matched_pb": 0.06020959660209044, "matched_error_pb": 0.0010150632872630858, "relative_error": 0.01685882890017309, "hard_error_pb": 0.0010004928163704948, "cpu_ms_per_sample": 10.2315997692219, "max_weight_second_moment_fraction": 0.012125236661283324}
PROGRESS {"utc": "2026-09-22T01:43:23.089007+00:00", "stage": "G_hybrid replica 1 production 68/200", "mode": "G_hybrid", "block_completed": 151961, "block_samples": 250000, "worker_pids_seen": 128, "elapsed_s": 30.550883786054328}
G200_PRODUCTION_FINISHED G_hybrid replica 1 production 68/200 {"n": 67250000, "matched_pb": 0.060140488336668296, "matched_error_pb": 0.001013081773193413, "relative_error": 0.016845253525747086, "hard_error_pb": 0.0009984823872439277, "cpu_ms_per_sample": 10.231210902271155, "max_weight_second_moment_fraction": 0.012083766137740695}
PROGRESS {"utc": "2026-09-22T01:44:15.227929+00:00", "stage": "G_hybrid replica 2 production 68/200", "mode": "G_hybrid", "block_completed": 145003, "block_samples": 250000, "worker_pids_seen": 128, "elapsed_s": 30.62537139491178}
G200_PRODUCTION_FINISHED G_hybrid replica 2 production 68/200 {"n": 67500000, "matched_pb": 0.06015265165441254, "matched_error_pb": 0.0010112011589527377, "relative_error": 0.016810583260107377, "hard_error_pb": 0.0009965742231901158, "cpu_ms_per_sample": 10.232718859423766, "max_weight_second_moment_fraction": 0.012040398699757981}
PROGRESS {"utc": "2026-09-22T01:45:07.883770+00:00", "stage": "G_hybrid replica 3 production 68/200", "mode": "G_hybrid", "block_completed": 148878, "block_samples": 250000, "worker_pids_seen": 128, "elapsed_s": 30.590648392913863}
G200_PRODUCTION_FINISHED G_hybrid replica 3 production 68/200 {"n": 67750000, "matched_pb": 0.06026284272557725, "matched_error_pb": 0.001009411802799007, "relative_error": 0.01675015245124811, "hard_error_pb": 0.0009947585566807476, "cpu_ms_per_sample": 10.231278396836005, "max_weight_second_moment_fraction": 0.011995375551857458}
PROGRESS {"utc": "2026-09-22T01:45:57.933397+00:00", "stage": "G_hybrid replica 4 production 68/200", "mode": "G_hybrid", "block_completed": 152964, "block_samples": 250000, "worker_pids_seen": 128, "elapsed_s": 30.582596071995795}
G200_PRODUCTION_FINISHED G_hybrid replica 4 production 68/200 {"n": 68000000, "matched_pb": 0.06035412908550386, "matched_error_pb": 0.0010075558667633736, "relative_error": 0.016694066868829578, "hard_error_pb": 0.0009928752303834131, "cpu_ms_per_sample": 10.230556546768799, "max_weight_second_moment_fraction": 0.011952554078966317}
PROGRESS {"utc": "2026-09-22T01:46:50.234289+00:00", "stage": "G_hybrid replica 1 production 69/200", "mode": "G_hybrid", "block_completed": 147708, "block_samples": 250000, "worker_pids_seen": 128, "elapsed_s": 30.56525924685411}
G200_PRODUCTION_FINISHED G_hybrid replica 1 production 69/200 {"n": 68250000, "matched_pb": 0.060363693348197855, "matched_error_pb": 0.0010057753013148166, "relative_error": 0.01666192450341251, "hard_error_pb": 0.0009910682898743824, "cpu_ms_per_sample": 10.229918164958509, "max_weight_second_moment_fraction": 0.01190845533473695}
PROGRESS {"utc": "2026-09-22T01:47:41.377213+00:00", "stage": "G_hybrid replica 2 production 69/200", "mode": "G_hybrid", "block_completed": 143419, "block_samples": 250000, "worker_pids_seen": 128, "elapsed_s": 30.615722401067615}
G200_PRODUCTION_FINISHED G_hybrid replica 2 production 69/200 {"n": 68500000, "matched_pb": 0.06032620328104071, "matched_error_pb": 0.0010038517811979187, "relative_error": 0.016640393835516062, "hard_error_pb": 0.0009891161696554437, "cpu_ms_per_sample": 10.230749744852412, "max_weight_second_moment_fraction": 0.011868398373606467}
PROGRESS {"utc": "2026-09-22T01:48:34.389489+00:00", "stage": "G_hybrid replica 3 production 69/200", "mode": "G_hybrid", "block_completed": 149486, "block_samples": 250000, "worker_pids_seen": 128, "elapsed_s": 30.609876862028614}
G200_PRODUCTION_FINISHED G_hybrid replica 3 production 69/200 {"n": 68750000, "matched_pb": 0.060267801572897614, "matched_error_pb": 0.001001990536951634, "relative_error": 0.016625636090934304, "hard_error_pb": 0.0009872271443797755, "cpu_ms_per_sample": 10.230010158839436, "max_weight_second_moment_fraction": 0.011827371038657547}
PROGRESS {"utc": "2026-09-22T01:49:24.462540+00:00", "stage": "G_hybrid replica 4 production 69/200", "mode": "G_hybrid", "block_completed": 150183, "block_samples": 250000, "worker_pids_seen": 128, "elapsed_s": 30.47355288802646}
G200_PRODUCTION_FINISHED G_hybrid replica 4 production 69/200 {"n": 69000000, "matched_pb": 0.06021815527047536, "matched_error_pb": 0.0009999948793000862, "relative_error": 0.0166062024784472, "hard_error_pb": 0.0009852015819546865, "cpu_ms_per_sample": 10.229680212525611, "max_weight_second_moment_fraction": 0.01179015077937991}
PROGRESS {"utc": "2026-09-22T01:50:14.995366+00:00", "stage": "G_hybrid replica 1 production 70/200", "mode": "G_hybrid", "block_completed": 153127, "block_samples": 250000, "worker_pids_seen": 128, "elapsed_s": 30.5145054620225}
G200_PRODUCTION_FINISHED G_hybrid replica 1 production 70/200 {"n": 69250000, "matched_pb": 0.06023844516685646, "matched_error_pb": 0.000998378982604284, "relative_error": 0.01657378406495787, "hard_error_pb": 0.0009835613815952658, "cpu_ms_per_sample": 10.229332234092004, "max_weight_second_moment_fraction": 0.01174424972143182}
PROGRESS {"utc": "2026-09-22T01:51:04.904788+00:00", "stage": "G_hybrid replica 2 production 70/200", "mode": "G_hybrid", "block_completed": 139647, "block_samples": 250000, "worker_pids_seen": 128, "elapsed_s": 30.55151940486394}
G200_PRODUCTION_FINISHED G_hybrid replica 2 production 70/200 {"n": 69500000, "matched_pb": 0.06015359546176399, "matched_error_pb": 0.0009964466361199473, "relative_error": 0.016565038689222298, "hard_error_pb": 0.000981599866083111, "cpu_ms_per_sample": 10.23048102366068, "max_weight_second_moment_fraction": 0.011706554439184197}
PROGRESS {"utc": "2026-09-22T01:51:58.448088+00:00", "stage": "G_hybrid replica 3 production 70/200", "mode": "G_hybrid", "block_completed": 143292, "block_samples": 250000, "worker_pids_seen": 128, "elapsed_s": 30.500624920940027}
G200_PRODUCTION_FINISHED G_hybrid replica 3 production 70/200 {"n": 69750000, "matched_pb": 0.06017441010655998, "matched_error_pb": 0.0009947121359598508, "relative_error": 0.01653048420746232, "hard_error_pb": 0.00097983908468964, "cpu_ms_per_sample": 10.229696370795617, "max_weight_second_moment_fraction": 0.011664597466954344}
PROGRESS {"utc": "2026-09-22T01:52:50.620297+00:00", "stage": "G_hybrid replica 4 production 70/200", "mode": "G_hybrid", "block_completed": 149328, "block_samples": 250000, "worker_pids_seen": 128, "elapsed_s": 31.02522652503103}
G200_PRODUCTION_FINISHED G_hybrid replica 4 production 70/200 {"n": 70000000, "matched_pb": 0.060135222498820334, "matched_error_pb": 0.0009928584513566564, "relative_error": 0.01651043115997672, "hard_error_pb": 0.000977957209130318, "cpu_ms_per_sample": 10.228897267711702, "max_weight_second_moment_fraction": 0.011626041495253057}
PROGRESS {"utc": "2026-09-22T01:53:43.290192+00:00", "stage": "G_hybrid replica 1 production 71/200", "mode": "G_hybrid", "block_completed": 137352, "block_samples": 250000, "worker_pids_seen": 128, "elapsed_s": 30.828984554857016}
G200_PRODUCTION_FINISHED G_hybrid replica 1 production 71/200 {"n": 70250000, "matched_pb": 0.06008892797803772, "matched_error_pb": 0.0009916727007256508, "relative_error": 0.016503418085410067, "hard_error_pb": 0.0009767533689852975, "cpu_ms_per_sample": 10.227522136029881, "max_weight_second_moment_fraction": 0.011571912844466792}
PROGRESS {"utc": "2026-09-22T01:54:36.692387+00:00", "stage": "G_hybrid replica 2 production 71/200", "mode": "G_hybrid", "block_completed": 139871, "block_samples": 250000, "worker_pids_seen": 128, "elapsed_s": 30.71418766793795}
G200_PRODUCTION_FINISHED G_hybrid replica 2 production 71/200 {"n": 70500000, "matched_pb": 0.060139098432487686, "matched_error_pb": 0.00098985179334872, "relative_error": 0.01645937200837705, "hard_error_pb": 0.0009749045959760881, "cpu_ms_per_sample": 10.227364471876527, "max_weight_second_moment_fraction": 0.01153360876747742}
PROGRESS {"utc": "2026-09-22T01:55:32.404976+00:00", "stage": "G_hybrid replica 3 production 71/200", "mode": "G_hybrid", "block_completed": 149763, "block_samples": 250000, "worker_pids_seen": 128, "elapsed_s": 30.652469862950966}
G200_PRODUCTION_FINISHED G_hybrid replica 3 production 71/200 {"n": 70750000, "matched_pb": 0.060210211027998894, "matched_error_pb": 0.0009880289710725969, "relative_error": 0.01640965799992205, "hard_error_pb": 0.0009730537735081227, "cpu_ms_per_sample": 10.226063478279508, "max_weight_second_moment_fraction": 0.011495852185185321}
PROGRESS {"utc": "2026-09-22T01:56:23.044081+00:00", "stage": "G_hybrid replica 4 production 71/200", "mode": "G_hybrid", "block_completed": 140102, "block_samples": 250000, "worker_pids_seen": 128, "elapsed_s": 30.748966719955206}
G200_PRODUCTION_FINISHED G_hybrid replica 4 production 71/200 {"n": 71000000, "matched_pb": 0.060190842491502486, "matched_error_pb": 0.0009861621151633494, "relative_error": 0.016383922775338657, "hard_error_pb": 0.0009711581312242995, "cpu_ms_per_sample": 10.224924662833777, "max_weight_second_moment_fraction": 0.0114596436521045}
PROGRESS {"utc": "2026-09-22T01:57:17.165346+00:00", "stage": "G_hybrid replica 1 production 72/200", "mode": "G_hybrid", "block_completed": 144919, "block_samples": 250000, "worker_pids_seen": 128, "elapsed_s": 30.750859322957695}
G200_PRODUCTION_FINISHED G_hybrid replica 1 production 72/200 {"n": 71250000, "matched_pb": 0.060206588431505406, "matched_error_pb": 0.0009843535695039673, "relative_error": 0.01634959885866688, "hard_error_pb": 0.0009693215917613846, "cpu_ms_per_sample": 10.225137512804451, "max_weight_second_moment_fraction": 0.01142252735128045}
PROGRESS {"utc": "2026-09-22T01:58:08.831151+00:00", "stage": "G_hybrid replica 2 production 72/200", "mode": "G_hybrid", "block_completed": 141085, "block_samples": 250000, "worker_pids_seen": 128, "elapsed_s": 30.541516141034663}
G200_PRODUCTION_FINISHED G_hybrid replica 2 production 72/200 {"n": 71500000, "matched_pb": 0.06013310043794162, "matched_error_pb": 0.0009834156016895758, "relative_error": 0.016353981326881314, "hard_error_pb": 0.0009683690639968281, "cpu_ms_per_sample": 10.225405997221653, "max_weight_second_moment_fraction": 0.011365114167208774}
PROGRESS {"utc": "2026-09-22T01:59:03.012483+00:00", "stage": "G_hybrid replica 3 production 72/200", "mode": "G_hybrid", "block_completed": 143885, "block_samples": 250000, "worker_pids_seen": 128, "elapsed_s": 30.487128109904006}
G200_PRODUCTION_FINISHED G_hybrid replica 3 production 72/200 {"n": 71750000, "matched_pb": 0.060130882329964844, "matched_error_pb": 0.0009817664485918696, "relative_error": 0.016327158534020527, "hard_error_pb": 0.000966694242271213, "cpu_ms_per_sample": 10.222558911856309, "max_weight_second_moment_fraction": 0.011325193322515137}
PROGRESS {"utc": "2026-09-22T01:59:54.984614+00:00", "stage": "G_hybrid replica 4 production 72/200", "mode": "G_hybrid", "block_completed": 152751, "block_samples": 250000, "worker_pids_seen": 128, "elapsed_s": 30.50805045897141}
G200_PRODUCTION_FINISHED G_hybrid replica 4 production 72/200 {"n": 72000000, "matched_pb": 0.06013873085527405, "matched_error_pb": 0.0009802788395159889, "relative_error": 0.01630029143573156, "hard_error_pb": 0.0009651834031221406, "cpu_ms_per_sample": 10.220532178122266, "max_weight_second_moment_fraction": 0.011281920463870944}
PROGRESS {"utc": "2026-09-22T02:00:46.551219+00:00", "stage": "G_hybrid replica 1 production 73/200", "mode": "G_hybrid", "block_completed": 144691, "block_samples": 250000, "worker_pids_seen": 128, "elapsed_s": 30.482246061088517}
G200_PRODUCTION_FINISHED G_hybrid replica 1 production 73/200 {"n": 72250000, "matched_pb": 0.06009015018013027, "matched_error_pb": 0.0009785690495329414, "relative_error": 0.016285015873641805, "hard_error_pb": 0.0009634468242531225, "cpu_ms_per_sample": 10.220123083522038, "max_weight_second_moment_fraction": 0.011244404661702729}
PROGRESS {"utc": "2026-09-22T02:01:38.788895+00:00", "stage": "G_hybrid replica 2 production 73/200", "mode": "G_hybrid", "block_completed": 207760, "block_samples": 250000, "worker_pids_seen": 128, "elapsed_s": 30.523210901068524}
G200_PRODUCTION_FINISHED G_hybrid replica 2 production 73/200 {"n": 72500000, "matched_pb": 0.06009374173855009, "matched_error_pb": 0.000976862807436897, "relative_error": 0.01625564957640573, "hard_error_pb": 0.0009617137531579337, "cpu_ms_per_sample": 10.226177046463091, "max_weight_second_moment_fraction": 0.01120727426795568}
PROGRESS {"utc": "2026-09-22T02:02:17.884918+00:00", "stage": "G_hybrid replica 3 production 73/200", "mode": "G_hybrid", "block_completed": 145835, "block_samples": 250000, "worker_pids_seen": 128, "elapsed_s": 30.614038445986807}
G200_PRODUCTION_FINISHED G_hybrid replica 3 production 73/200 {"n": 72750000, "matched_pb": 0.06012732243107852, "matched_error_pb": 0.0009752006691998162, "relative_error": 0.01621892726584738, "hard_error_pb": 0.0009600253869910899, "cpu_ms_per_sample": 10.22490461453963, "max_weight_second_moment_fraction": 0.011169565123973565}
PROGRESS {"utc": "2026-09-22T02:03:11.517988+00:00", "stage": "G_hybrid replica 4 production 73/200", "mode": "G_hybrid", "block_completed": 152931, "block_samples": 250000, "worker_pids_seen": 128, "elapsed_s": 30.659124192083254}
G200_PRODUCTION_FINISHED G_hybrid replica 4 production 73/200 {"n": 73000000, "matched_pb": 0.0602015728557085, "matched_error_pb": 0.0009734475623034985, "relative_error": 0.016169802816226472, "hard_error_pb": 0.0009582445173410835, "cpu_ms_per_sample": 10.223417980013673, "max_weight_second_moment_fraction": 0.01113446482558966}
PROGRESS {"utc": "2026-09-22T02:04:01.688641+00:00", "stage": "G_hybrid replica 1 production 74/200", "mode": "G_hybrid", "block_completed": 147752, "block_samples": 250000, "worker_pids_seen": 128, "elapsed_s": 30.59541863994673}
G200_PRODUCTION_FINISHED G_hybrid replica 1 production 74/200 {"n": 73250000, "matched_pb": 0.06021073329306813, "matched_error_pb": 0.0009717102871465958, "relative_error": 0.016138489501812223, "hard_error_pb": 0.0009564796289551295, "cpu_ms_per_sample": 10.222358446307402, "max_weight_second_moment_fraction": 0.011099439439733273}
PROGRESS {"utc": "2026-09-22T02:04:53.652955+00:00", "stage": "G_hybrid replica 2 production 74/200", "mode": "G_hybrid", "block_completed": 138253, "block_samples": 250000, "worker_pids_seen": 128, "elapsed_s": 30.769934177864343}
G200_PRODUCTION_FINISHED G_hybrid replica 2 production 74/200 {"n": 73500000, "matched_pb": 0.060296916823841834, "matched_error_pb": 0.0009700233917308444, "relative_error": 0.016087445972814488, "hard_error_pb": 0.000954765824149898, "cpu_ms_per_sample": 10.223539577913813, "max_weight_second_moment_fraction": 0.011063675222344228}
PROGRESS {"utc": "2026-09-22T02:05:48.990162+00:00", "stage": "G_hybrid replica 3 production 74/200", "mode": "G_hybrid", "block_completed": 155811, "block_samples": 250000, "worker_pids_seen": 128, "elapsed_s": 30.91365994187072}
G200_PRODUCTION_FINISHED G_hybrid replica 3 production 74/200 {"n": 73750000, "matched_pb": 0.06031270965954634, "matched_error_pb": 0.0009683860984827445, "relative_error": 0.01605608675101978, "hard_error_pb": 0.0009531023209468407, "cpu_ms_per_sample": 10.222106157640816, "max_weight_second_moment_fraction": 0.0110271868765212}
PROGRESS {"utc": "2026-09-22T02:06:39.303116+00:00", "stage": "G_hybrid replica 4 production 74/200", "mode": "G_hybrid", "block_completed": 142513, "block_samples": 250000, "worker_pids_seen": 128, "elapsed_s": 30.62753897998482}
G200_PRODUCTION_FINISHED G_hybrid replica 4 production 74/200 {"n": 74000000, "matched_pb": 0.06028872246291685, "matched_error_pb": 0.0009668398401243642, "relative_error": 0.016036827463362827, "hard_error_pb": 0.0009515312264509919, "cpu_ms_per_sample": 10.22131692913803, "max_weight_second_moment_fraction": 0.01098900293092006}
PROGRESS {"utc": "2026-09-22T02:07:33.478855+00:00", "stage": "G_hybrid replica 1 production 75/200", "mode": "G_hybrid", "block_completed": 147878, "block_samples": 250000, "worker_pids_seen": 128, "elapsed_s": 30.61096064490266}
G200_PRODUCTION_FINISHED G_hybrid replica 1 production 75/200 {"n": 74250000, "matched_pb": 0.06025264816509884, "matched_error_pb": 0.0009651899271227955, "relative_error": 0.016019045743484495, "hard_error_pb": 0.000949854722512306, "cpu_ms_per_sample": 10.219993708406292, "max_weight_second_moment_fraction": 0.010953691175439333}
PROGRESS {"utc": "2026-09-22T02:08:23.868348+00:00", "stage": "G_hybrid replica 2 production 75/200", "mode": "G_hybrid", "block_completed": 136764, "block_samples": 250000, "worker_pids_seen": 128, "elapsed_s": 30.56643397989683}
G200_PRODUCTION_FINISHED G_hybrid replica 2 production 75/200 {"n": 74500000, "matched_pb": 0.06021064791623956, "matched_error_pb": 0.0009634784404210302, "relative_error": 0.01600179492772354, "hard_error_pb": 0.0009481155539362083, "cpu_ms_per_sample": 10.220285950757974, "max_weight_second_moment_fraction": 0.010920251605759507}
PROGRESS {"utc": "2026-09-22T02:09:18.055490+00:00", "stage": "G_hybrid replica 3 production 75/200", "mode": "G_hybrid", "block_completed": 148469, "block_samples": 250000, "worker_pids_seen": 128, "elapsed_s": 30.49656522506848}
G200_PRODUCTION_FINISHED G_hybrid replica 3 production 75/200 {"n": 74750000, "matched_pb": 0.06016493018390426, "matched_error_pb": 0.0009629566552070769, "relative_error": 0.016005281685919644, "hard_error_pb": 0.0009475853092293188, "cpu_ms_per_sample": 10.21849389141936, "max_weight_second_moment_fraction": 0.010859472522376306}
PROGRESS {"utc": "2026-09-22T02:10:09.733019+00:00", "stage": "G_hybrid replica 4 production 75/200", "mode": "G_hybrid", "block_completed": 148314, "block_samples": 250000, "worker_pids_seen": 128, "elapsed_s": 30.788118578027934}
G200_PRODUCTION_FINISHED G_hybrid replica 4 production 75/200 {"n": 75000000, "matched_pb": 0.06024445045856558, "matched_error_pb": 0.0009613028213828804, "relative_error": 0.015956703299070462, "hard_error_pb": 0.0009459046002945057, "cpu_ms_per_sample": 10.216964045858909, "max_weight_second_moment_fraction": 0.010825566361513113}
G200_PEAK_REPLAYS production_75000000 new 1 total 70 issues 0
PROGRESS {"utc": "2026-09-22T02:11:04.922502+00:00", "stage": "G_hybrid replica 1 production 76/200", "mode": "G_hybrid", "block_completed": 134925, "block_samples": 250000, "worker_pids_seen": 128, "elapsed_s": 30.586334087885916}
G200_PRODUCTION_FINISHED G_hybrid replica 1 production 76/200 {"n": 75250000, "matched_pb": 0.060197296005125384, "matched_error_pb": 0.0009596478240600984, "relative_error": 0.015941709806672894, "hard_error_pb": 0.0009442226139438221, "cpu_ms_per_sample": 10.216098253086395, "max_weight_second_moment_fraction": 0.010792100341888848}
PROGRESS {"utc": "2026-09-22T02:12:01.426460+00:00", "stage": "G_hybrid replica 2 production 76/200", "mode": "G_hybrid", "block_completed": 136640, "block_samples": 250000, "worker_pids_seen": 128, "elapsed_s": 30.498429314000532}
G200_PRODUCTION_FINISHED G_hybrid replica 2 production 76/200 {"n": 75500000, "matched_pb": 0.06017346137006421, "matched_error_pb": 0.0009580336816862675, "relative_error": 0.015921199476865745, "hard_error_pb": 0.0009425820567488897, "cpu_ms_per_sample": 10.21668647608314, "max_weight_second_moment_fraction": 0.010758098383109059}
PROGRESS {"utc": "2026-09-22T02:12:57.779896+00:00", "stage": "G_hybrid replica 3 production 76/200", "mode": "G_hybrid", "block_completed": 155075, "block_samples": 250000, "worker_pids_seen": 128, "elapsed_s": 30.53039563400671}
G200_PRODUCTION_FINISHED G_hybrid replica 3 production 76/200 {"n": 75750000, "matched_pb": 0.060136642642721824, "matched_error_pb": 0.0009565224443925071, "relative_error": 0.015905817191613245, "hard_error_pb": 0.0009410460058287477, "cpu_ms_per_sample": 10.214937461780913, "max_weight_second_moment_fraction": 0.010722121720150806}
PROGRESS {"utc": "2026-09-22T02:13:47.864635+00:00", "stage": "G_hybrid replica 4 production 76/200", "mode": "G_hybrid", "block_completed": 149329, "block_samples": 250000, "worker_pids_seen": 128, "elapsed_s": 30.769206603057683}
G200_PRODUCTION_FINISHED G_hybrid replica 4 production 76/200 {"n": 76000000, "matched_pb": 0.06017887849944106, "matched_error_pb": 0.00095485609956974, "relative_error": 0.0158669640142697, "hard_error_pb": 0.0009393522072924297, "cpu_ms_per_sample": 10.213873397128042, "max_weight_second_moment_fraction": 0.010690146146992279}
PROGRESS {"utc": "2026-09-22T02:14:40.303541+00:00", "stage": "G_hybrid replica 1 production 77/200", "mode": "G_hybrid", "block_completed": 144716, "block_samples": 250000, "worker_pids_seen": 128, "elapsed_s": 30.75586828798987}
G200_PRODUCTION_FINISHED G_hybrid replica 1 production 77/200 {"n": 76250000, "matched_pb": 0.06017291739880236, "matched_error_pb": 0.0009532246450511936, "relative_error": 0.015841423122857693, "hard_error_pb": 0.0009376937785826441, "cpu_ms_per_sample": 10.213571205955569, "max_weight_second_moment_fraction": 0.0106577608016306}
PROGRESS {"utc": "2026-09-22T02:15:34.685642+00:00", "stage": "G_hybrid replica 2 production 77/200", "mode": "G_hybrid", "block_completed": 138843, "block_samples": 250000, "worker_pids_seen": 128, "elapsed_s": 30.541730867000297}
G200_PRODUCTION_FINISHED G_hybrid replica 2 production 77/200 {"n": 76500000, "matched_pb": 0.06020829271175636, "matched_error_pb": 0.000951652035377593, "relative_error": 0.015805996026719622, "hard_error_pb": 0.0009360950779156667, "cpu_ms_per_sample": 10.214509864914957, "max_weight_second_moment_fraction": 0.010624413577514352}
PROGRESS {"utc": "2026-09-22T02:16:29.394057+00:00", "stage": "G_hybrid replica 3 production 77/200", "mode": "G_hybrid", "block_completed": 146130, "block_samples": 250000, "worker_pids_seen": 128, "elapsed_s": 30.52355478401296}
G200_PRODUCTION_FINISHED G_hybrid replica 3 production 77/200 {"n": 76750000, "matched_pb": 0.0601362264707153, "matched_error_pb": 0.0009500648085874405, "relative_error": 0.01579854381202479, "hard_error_pb": 0.0009344814278389446, "cpu_ms_per_sample": 10.213549162493148, "max_weight_second_moment_fraction": 0.01059179514691868}
PROGRESS {"utc": "2026-09-22T02:17:22.502438+00:00", "stage": "G_hybrid replica 4 production 77/200", "mode": "G_hybrid", "block_completed": 147326, "block_samples": 250000, "worker_pids_seen": 128, "elapsed_s": 30.558771442854777}
G200_PRODUCTION_FINISHED G_hybrid replica 4 production 77/200 {"n": 77000000, "matched_pb": 0.06002387871621934, "matched_error_pb": 0.0009490417716899273, "relative_error": 0.01581107039378117, "hard_error_pb": 0.0009334413119591284, "cpu_ms_per_sample": 10.211707631770585, "max_weight_second_moment_fraction": 0.010546591726534257}
PROGRESS {"utc": "2026-09-22T02:18:15.802210+00:00", "stage": "G_hybrid replica 1 production 78/200", "mode": "G_hybrid", "block_completed": 139963, "block_samples": 250000, "worker_pids_seen": 128, "elapsed_s": 30.789046206045896}
G200_PRODUCTION_FINISHED G_hybrid replica 1 production 78/200 {"n": 77250000, "matched_pb": 0.06000879840018128, "matched_error_pb": 0.0009474376509523347, "relative_error": 0.015788312317706273, "hard_error_pb": 0.0009318103352623326, "cpu_ms_per_sample": 10.210979938070201, "max_weight_second_moment_fraction": 0.010515152500458598}
PROGRESS {"utc": "2026-09-22T02:19:09.886075+00:00", "stage": "G_hybrid replica 2 production 78/200", "mode": "G_hybrid", "block_completed": 131724, "block_samples": 250000, "worker_pids_seen": 128, "elapsed_s": 30.54916231194511}
G200_PRODUCTION_FINISHED G_hybrid replica 2 production 78/200 {"n": 77500000, "matched_pb": 0.06001853774517443, "matched_error_pb": 0.0009458669639825368, "relative_error": 0.015759580281653657, "hard_error_pb": 0.0009302132615767011, "cpu_ms_per_sample": 10.211749980656634, "max_weight_second_moment_fraction": 0.010483327226331638}
PROGRESS {"utc": "2026-09-22T02:20:07.231194+00:00", "stage": "G_hybrid replica 3 production 78/200", "mode": "G_hybrid", "block_completed": 148707, "block_samples": 250000, "worker_pids_seen": 128, "elapsed_s": 30.48193288804032}
G200_PRODUCTION_FINISHED G_hybrid replica 3 production 78/200 {"n": 77750000, "matched_pb": 0.06004997690703391, "matched_error_pb": 0.0009442801958683588, "relative_error": 0.015724905229026843, "hard_error_pb": 0.00092859974519101, "cpu_ms_per_sample": 10.210039073119422, "max_weight_second_moment_fraction": 0.010452247995070654}
PROGRESS {"utc": "2026-09-22T02:20:59.278292+00:00", "stage": "G_hybrid replica 4 production 78/200", "mode": "G_hybrid", "block_completed": 147492, "block_samples": 250000, "worker_pids_seen": 128, "elapsed_s": 30.68350471695885}
G200_PRODUCTION_FINISHED G_hybrid replica 4 production 78/200 {"n": 78000000, "matched_pb": 0.06004018736691573, "matched_error_pb": 0.0009426556153833959, "relative_error": 0.015700410953461356, "hard_error_pb": 0.000926947683352988, "cpu_ms_per_sample": 10.208094143670888, "max_weight_second_moment_fraction": 0.010422405082821443}
PROGRESS {"utc": "2026-09-22T02:21:52.281271+00:00", "stage": "G_hybrid replica 1 production 79/200", "mode": "G_hybrid", "block_completed": 143705, "block_samples": 250000, "worker_pids_seen": 128, "elapsed_s": 30.526795431040227}
G200_PRODUCTION_FINISHED G_hybrid replica 1 production 79/200 {"n": 78250000, "matched_pb": 0.06003349471387007, "matched_error_pb": 0.0009410592482997851, "relative_error": 0.0156755699928021, "hard_error_pb": 0.0009253242173801457, "cpu_ms_per_sample": 10.206870225135594, "max_weight_second_moment_fraction": 0.01039228468412879}
PROGRESS {"utc": "2026-09-22T02:22:44.903435+00:00", "stage": "G_hybrid replica 2 production 79/200", "mode": "G_hybrid", "block_completed": 140627, "block_samples": 250000, "worker_pids_seen": 128, "elapsed_s": 30.506179148098454}
G200_PRODUCTION_FINISHED G_hybrid replica 2 production 79/200 {"n": 78500000, "matched_pb": 0.06014313600558446, "matched_error_pb": 0.0009395774437555636, "relative_error": 0.015622355370167613, "hard_error_pb": 0.000923817174160484, "cpu_ms_per_sample": 10.207484779251978, "max_weight_second_moment_fraction": 0.010359917714671384}
PROGRESS {"utc": "2026-09-22T02:23:38.044310+00:00", "stage": "G_hybrid replica 3 production 79/200", "mode": "G_hybrid", "block_completed": 183521, "block_samples": 250000, "worker_pids_seen": 128, "elapsed_s": 30.62838182784617}
G200_PRODUCTION_FINISHED G_hybrid replica 3 production 79/200 {"n": 78750000, "matched_pb": 0.06016262304970563, "matched_error_pb": 0.0009381149598299312, "relative_error": 0.01559298634726867, "hard_error_pb": 0.0009223297004414073, "cpu_ms_per_sample": 10.20751185841571, "max_weight_second_moment_fraction": 0.010327475817769638}
PROGRESS {"utc": "2026-09-22T02:24:22.927558+00:00", "stage": "G_hybrid replica 4 production 79/200", "mode": "G_hybrid", "block_completed": 151275, "block_samples": 250000, "worker_pids_seen": 128, "elapsed_s": 30.484861745033413}
G200_PRODUCTION_FINISHED G_hybrid replica 4 production 79/200 {"n": 79000000, "matched_pb": 0.06015343400081882, "matched_error_pb": 0.0009365935435022368, "relative_error": 0.015570076073952614, "hard_error_pb": 0.0009207822023636746, "cpu_ms_per_sample": 10.206606140379028, "max_weight_second_moment_fraction": 0.010296738173199916}
PROGRESS {"utc": "2026-09-22T02:25:13.709339+00:00", "stage": "G_hybrid replica 1 production 80/200", "mode": "G_hybrid", "block_completed": 153561, "block_samples": 250000, "worker_pids_seen": 128, "elapsed_s": 30.589864403940737}
G200_PRODUCTION_FINISHED G_hybrid replica 1 production 80/200 {"n": 79250000, "matched_pb": 0.0600048381425239, "matched_error_pb": 0.0009351539590547399, "relative_error": 0.015584642638874482, "hard_error_pb": 0.0009193178588471872, "cpu_ms_per_sample": 10.205506816193429, "max_weight_second_moment_fraction": 0.01026449558722002}
PROGRESS {"utc": "2026-09-22T02:26:02.924450+00:00", "stage": "G_hybrid replica 2 production 80/200", "mode": "G_hybrid", "block_completed": 149343, "block_samples": 250000, "worker_pids_seen": 128, "elapsed_s": 30.55311452713795}
G200_PRODUCTION_FINISHED G_hybrid replica 2 production 80/200 {"n": 79500000, "matched_pb": 0.060034963962662044, "matched_error_pb": 0.0009336601286298588, "relative_error": 0.01555193951995268, "hard_error_pb": 0.0009177982535681506, "cpu_ms_per_sample": 10.206194995136366, "max_weight_second_moment_fraction": 0.010233845569521711}
PROGRESS {"utc": "2026-09-22T02:26:55.132375+00:00", "stage": "G_hybrid replica 3 production 80/200", "mode": "G_hybrid", "block_completed": 162610, "block_samples": 250000, "worker_pids_seen": 128, "elapsed_s": 30.482210642891005}
G200_PRODUCTION_FINISHED G_hybrid replica 3 production 80/200 {"n": 79750000, "matched_pb": 0.05997980070947641, "matched_error_pb": 0.0009321312561662941, "relative_error": 0.015540752805786226, "hard_error_pb": 0.0009162429138507845, "cpu_ms_per_sample": 10.204662525790887, "max_weight_second_moment_fraction": 0.010204338822102876}
PROGRESS {"utc": "2026-09-22T02:27:42.966485+00:00", "stage": "G_hybrid replica 4 production 80/200", "mode": "G_hybrid", "block_completed": 149091, "block_samples": 250000, "worker_pids_seen": 128, "elapsed_s": 30.511057300958782}
G200_PRODUCTION_FINISHED G_hybrid replica 4 production 80/200 {"n": 80000000, "matched_pb": 0.05999387060026509, "matched_error_pb": 0.000930679790146186, "relative_error": 0.015512914583345347, "hard_error_pb": 0.0009147662380336145, "cpu_ms_per_sample": 10.203009308653577, "max_weight_second_moment_fraction": 0.010173427455136514}
PROGRESS {"utc": "2026-09-22T02:28:35.940663+00:00", "stage": "G_hybrid replica 1 production 81/200", "mode": "G_hybrid", "block_completed": 147828, "block_samples": 250000, "worker_pids_seen": 128, "elapsed_s": 30.673102429136634}
G200_PRODUCTION_FINISHED G_hybrid replica 1 production 81/200 {"n": 80250000, "matched_pb": 0.06001087292854711, "matched_error_pb": 0.0009292051237457155, "relative_error": 0.015483946131763293, "hard_error_pb": 0.0009132658761034013, "cpu_ms_per_sample": 10.20238385384227, "max_weight_second_moment_fraction": 0.010143386830048767}
PROGRESS {"utc": "2026-09-22T02:29:28.914737+00:00", "stage": "G_hybrid replica 2 production 81/200", "mode": "G_hybrid", "block_completed": 145622, "block_samples": 250000, "worker_pids_seen": 128, "elapsed_s": 30.63656488386914}
G200_PRODUCTION_FINISHED G_hybrid replica 2 production 81/200 {"n": 80500000, "matched_pb": 0.059931136886406264, "matched_error_pb": 0.0009277612991301756, "relative_error": 0.015480455524957894, "hard_error_pb": 0.0009117968121370758, "cpu_ms_per_sample": 10.203652989573207, "max_weight_second_moment_fraction": 0.01011298947380902}
PROGRESS {"utc": "2026-09-22T02:30:21.877823+00:00", "stage": "G_hybrid replica 3 production 81/200", "mode": "G_hybrid", "block_completed": 160182, "block_samples": 250000, "worker_pids_seen": 128, "elapsed_s": 30.4861291970592}
G200_PRODUCTION_FINISHED G_hybrid replica 3 production 81/200 {"n": 80750000, "matched_pb": 0.059880006574810005, "matched_error_pb": 0.0009262879349040479, "relative_error": 0.015469068690679029, "hard_error_pb": 0.0009102976089216253, "cpu_ms_per_sample": 10.201961979350195, "max_weight_second_moment_fraction": 0.010083598285180375}
PROGRESS {"utc": "2026-09-22T02:31:09.810225+00:00", "stage": "G_hybrid replica 4 production 81/200", "mode": "G_hybrid", "block_completed": 137077, "block_samples": 250000, "worker_pids_seen": 128, "elapsed_s": 30.604628319852054}
G200_PRODUCTION_FINISHED G_hybrid replica 4 production 81/200 {"n": 81000000, "matched_pb": 0.05990659504814941, "matched_error_pb": 0.0009252271367218606, "relative_error": 0.015444495484649351, "hard_error_pb": 0.0009092181547825336, "cpu_ms_per_sample": 10.20259491032093, "max_weight_second_moment_fraction": 0.010045260737654575}
PROGRESS {"utc": "2026-09-22T02:32:00.447987+00:00", "stage": "G_hybrid replica 1 production 82/200", "mode": "G_hybrid", "block_completed": 152844, "block_samples": 250000, "worker_pids_seen": 128, "elapsed_s": 30.47805705294013}
G200_PRODUCTION_FINISHED G_hybrid replica 1 production 82/200 {"n": 81250000, "matched_pb": 0.059868014946673, "matched_error_pb": 0.0009237135360763978, "relative_error": 0.015429165922724997, "hard_error_pb": 0.0009076778587089064, "cpu_ms_per_sample": 10.20270971892756, "max_weight_second_moment_fraction": 0.010017449950312068}
PROGRESS {"utc": "2026-09-22T02:32:51.324917+00:00", "stage": "G_hybrid replica 2 production 82/200", "mode": "G_hybrid", "block_completed": 143994, "block_samples": 250000, "worker_pids_seen": 128, "elapsed_s": 30.513317659962922}
G200_PRODUCTION_FINISHED G_hybrid replica 2 production 82/200 {"n": 81500000, "matched_pb": 0.05983526064712566, "matched_error_pb": 0.0009222301389160349, "relative_error": 0.015412820616840359, "hard_error_pb": 0.0009061682115284732, "cpu_ms_per_sample": 10.203851633898285, "max_weight_second_moment_fraction": 0.009989287252861667}
PROGRESS {"utc": "2026-09-22T02:33:44.346497+00:00", "stage": "G_hybrid replica 3 production 82/200", "mode": "G_hybrid", "block_completed": 200077, "block_samples": 250000, "worker_pids_seen": 128, "elapsed_s": 30.627156877191737}
G200_PRODUCTION_FINISHED G_hybrid replica 3 production 82/200 {"n": 81750000, "matched_pb": 0.059883659748897325, "matched_error_pb": 0.0009207649383128793, "relative_error": 0.01537589623235801, "hard_error_pb": 0.0009046769976549327, "cpu_ms_per_sample": 10.20549057072624, "max_weight_second_moment_fraction": 0.009961042282341953}
PROGRESS {"utc": "2026-09-22T02:34:24.659724+00:00", "stage": "G_hybrid replica 4 production 82/200", "mode": "G_hybrid", "block_completed": 154235, "block_samples": 250000, "worker_pids_seen": 128, "elapsed_s": 30.514894583029673}
G200_PRODUCTION_FINISHED G_hybrid replica 4 production 82/200 {"n": 82000000, "matched_pb": 0.059844313120171286, "matched_error_pb": 0.0009192803606712915, "relative_error": 0.015361198295071356, "hard_error_pb": 0.0009031659758735171, "cpu_ms_per_sample": 10.205275509011331, "max_weight_second_moment_fraction": 0.009933550753622171}
PROGRESS {"utc": "2026-09-22T02:35:14.746829+00:00", "stage": "G_hybrid replica 1 production 83/200", "mode": "G_hybrid", "block_completed": 143979, "block_samples": 250000, "worker_pids_seen": 128, "elapsed_s": 30.729587574023753}
G200_PRODUCTION_FINISHED G_hybrid replica 1 production 83/200 {"n": 82250000, "matched_pb": 0.05986081982370821, "matched_error_pb": 0.000917806386048233, "relative_error": 0.015332339061696757, "hard_error_pb": 0.0009016656590613511, "cpu_ms_per_sample": 10.204684856594541, "max_weight_second_moment_fraction": 0.00990614066810688}
PROGRESS {"utc": "2026-09-22T02:36:07.670085+00:00", "stage": "G_hybrid replica 2 production 83/200", "mode": "G_hybrid", "block_completed": 140210, "block_samples": 250000, "worker_pids_seen": 128, "elapsed_s": 30.53491613501683}
G200_PRODUCTION_FINISHED G_hybrid replica 2 production 83/200 {"n": 82500000, "matched_pb": 0.059786583394070114, "matched_error_pb": 0.0009184844304326126, "relative_error": 0.015362718160002965, "hard_error_pb": 0.0009023558319237171, "cpu_ms_per_sample": 10.206310660585372, "max_weight_second_moment_fraction": 0.009831140143101387}
PROGRESS {"utc": "2026-09-22T02:37:01.714837+00:00", "stage": "G_hybrid replica 3 production 83/200", "mode": "G_hybrid", "block_completed": 147544, "block_samples": 250000, "worker_pids_seen": 128, "elapsed_s": 30.567824383964762}
G200_PRODUCTION_FINISHED G_hybrid replica 3 production 83/200 {"n": 82750000, "matched_pb": 0.059775904990001905, "matched_error_pb": 0.0009170872198068703, "relative_error": 0.015342088421083077, "hard_error_pb": 0.0009009336086486715, "cpu_ms_per_sample": 10.205105559697682, "max_weight_second_moment_fraction": 0.009802703069690511}
PROGRESS {"utc": "2026-09-22T02:37:52.867436+00:00", "stage": "G_hybrid replica 4 production 83/200", "mode": "G_hybrid", "block_completed": 152701, "block_samples": 250000, "worker_pids_seen": 128, "elapsed_s": 30.61536629195325}
G200_PRODUCTION_FINISHED G_hybrid replica 4 production 83/200 {"n": 83000000, "matched_pb": 0.059707133586500774, "matched_error_pb": 0.0009157042771525787, "relative_error": 0.015336597524413915, "hard_error_pb": 0.0008995258315663588, "cpu_ms_per_sample": 10.204061886377893, "max_weight_second_moment_fraction": 0.009774260259011576}
PROGRESS {"utc": "2026-09-22T02:38:44.708079+00:00", "stage": "G_hybrid replica 1 production 84/200", "mode": "G_hybrid", "block_completed": 145424, "block_samples": 250000, "worker_pids_seen": 128, "elapsed_s": 30.588286887155846}
G200_PRODUCTION_FINISHED G_hybrid replica 1 production 84/200 {"n": 83250000, "matched_pb": 0.059671405339788194, "matched_error_pb": 0.0009142422734113877, "relative_error": 0.015321279400164917, "hard_error_pb": 0.0008980374897252593, "cpu_ms_per_sample": 10.20369343789503, "max_weight_second_moment_fraction": 0.00974787386427228}
PROGRESS {"utc": "2026-09-22T02:39:40.274454+00:00", "stage": "G_hybrid replica 2 production 84/200", "mode": "G_hybrid", "block_completed": 142728, "block_samples": 250000, "worker_pids_seen": 128, "elapsed_s": 30.55062268488109}
G200_PRODUCTION_FINISHED G_hybrid replica 2 production 84/200 {"n": 83500000, "matched_pb": 0.059624162132401765, "matched_error_pb": 0.0009128114926279414, "relative_error": 0.015309422555925345, "hard_error_pb": 0.0008965808494125184, "cpu_ms_per_sample": 10.204121561573547, "max_weight_second_moment_fraction": 0.009721099773465181}
PROGRESS {"utc": "2026-09-22T02:40:35.513879+00:00", "stage": "G_hybrid replica 3 production 84/200", "mode": "G_hybrid", "block_completed": 147506, "block_samples": 250000, "worker_pids_seen": 128, "elapsed_s": 30.518611525883898}
G200_PRODUCTION_FINISHED G_hybrid replica 3 production 84/200 {"n": 83750000, "matched_pb": 0.059628338638428036, "matched_error_pb": 0.000911412726998103, "relative_error": 0.015284892180623906, "hard_error_pb": 0.0008951567222524452, "cpu_ms_per_sample": 10.203187012982557, "max_weight_second_moment_fraction": 0.009693921075904397}
PROGRESS {"utc": "2026-09-22T02:41:26.946094+00:00", "stage": "G_hybrid replica 4 production 84/200", "mode": "G_hybrid", "block_completed": 146246, "block_samples": 250000, "worker_pids_seen": 128, "elapsed_s": 30.509096479974687}
G200_PRODUCTION_FINISHED G_hybrid replica 4 production 84/200 {"n": 84000000, "matched_pb": 0.05971143031097381, "matched_error_pb": 0.0009100139227888737, "relative_error": 0.015240196358545956, "hard_error_pb": 0.0008937324757046802, "cpu_ms_per_sample": 10.202463388305848, "max_weight_second_moment_fraction": 0.009667043766600497}
PROGRESS {"utc": "2026-09-22T02:42:19.030138+00:00", "stage": "G_hybrid replica 1 production 85/200", "mode": "G_hybrid", "block_completed": 153467, "block_samples": 250000, "worker_pids_seen": 128, "elapsed_s": 30.535172094823793}
G200_PRODUCTION_FINISHED G_hybrid replica 1 production 85/200 {"n": 84250000, "matched_pb": 0.05969327090512955, "matched_error_pb": 0.0009086139906019592, "relative_error": 0.015221380514497496, "hard_error_pb": 0.0008923070000718586, "cpu_ms_per_sample": 10.201565259945298, "max_weight_second_moment_fraction": 0.009640485204621187}
PROGRESS {"utc": "2026-09-22T02:43:10.391949+00:00", "stage": "G_hybrid replica 2 production 85/200", "mode": "G_hybrid", "block_completed": 141811, "block_samples": 250000, "worker_pids_seen": 128, "elapsed_s": 30.505245115840808}
G200_PRODUCTION_FINISHED G_hybrid replica 2 production 85/200 {"n": 84500000, "matched_pb": 0.05974429589755588, "matched_error_pb": 0.0009072443642197879, "relative_error": 0.015185455792724524, "hard_error_pb": 0.0008909123048135489, "cpu_ms_per_sample": 10.203123541021835, "max_weight_second_moment_fraction": 0.009613555119393522}
PROGRESS {"utc": "2026-09-22T02:44:04.693520+00:00", "stage": "G_hybrid replica 3 production 85/200", "mode": "G_hybrid", "block_completed": 143686, "block_samples": 250000, "worker_pids_seen": 128, "elapsed_s": 30.581646031001583}
G200_PRODUCTION_FINISHED G_hybrid replica 3 production 85/200 {"n": 84750000, "matched_pb": 0.059672009545018986, "matched_error_pb": 0.0009058800056919667, "relative_error": 0.01518098707583384, "hard_error_pb": 0.0008895228963731627, "cpu_ms_per_sample": 10.202500598841358, "max_weight_second_moment_fraction": 0.009586798619670336}
PROGRESS {"utc": "2026-09-22T02:44:56.477312+00:00", "stage": "G_hybrid replica 4 production 85/200", "mode": "G_hybrid", "block_completed": 153772, "block_samples": 250000, "worker_pids_seen": 128, "elapsed_s": 30.49104080791585}
G200_PRODUCTION_FINISHED G_hybrid replica 4 production 85/200 {"n": 85000000, "matched_pb": 0.05961821122005974, "matched_error_pb": 0.0009044610485179623, "relative_error": 0.015170885372247436, "hard_error_pb": 0.0008880778044438642, "cpu_ms_per_sample": 10.20160534581853, "max_weight_second_moment_fraction": 0.00956152881514403}
G200_PEAK_REPLAYS production_85000000 new 1 total 71 issues 0
PROGRESS {"utc": "2026-09-22T02:45:50.775483+00:00", "stage": "G_hybrid replica 1 production 86/200", "mode": "G_hybrid", "block_completed": 150763, "block_samples": 250000, "worker_pids_seen": 128, "elapsed_s": 30.866039616055787}
G200_PRODUCTION_FINISHED G_hybrid replica 1 production 86/200 {"n": 85250000, "matched_pb": 0.059593467823099086, "matched_error_pb": 0.0009032034412024959, "relative_error": 0.015156081265208806, "hard_error_pb": 0.0008867969636053413, "cpu_ms_per_sample": 10.200970718974547, "max_weight_second_moment_fraction": 0.00953300959636772}
PROGRESS {"utc": "2026-09-22T02:46:43.442835+00:00", "stage": "G_hybrid replica 2 production 86/200", "mode": "G_hybrid", "block_completed": 142149, "block_samples": 250000, "worker_pids_seen": 128, "elapsed_s": 30.684570177923888}
G200_PRODUCTION_FINISHED G_hybrid replica 2 production 86/200 {"n": 85500000, "matched_pb": 0.05959966445943431, "matched_error_pb": 0.000901791359302581, "relative_error": 0.015130812689664937, "hard_error_pb": 0.0008853587149694859, "cpu_ms_per_sample": 10.201709034652096, "max_weight_second_moment_fraction": 0.009508158943200857}
PROGRESS {"utc": "2026-09-22T02:47:37.110183+00:00", "stage": "G_hybrid replica 3 production 86/200", "mode": "G_hybrid", "block_completed": 154641, "block_samples": 250000, "worker_pids_seen": 128, "elapsed_s": 30.544967863010243}
G200_PRODUCTION_FINISHED G_hybrid replica 3 production 86/200 {"n": 85750000, "matched_pb": 0.05961700978879407, "matched_error_pb": 0.0009004153007724227, "relative_error": 0.015103328797642406, "hard_error_pb": 0.0008839570760646215, "cpu_ms_per_sample": 10.200173594202846, "max_weight_second_moment_fraction": 0.009482800035467046}
PROGRESS {"utc": "2026-09-22T02:48:27.386101+00:00", "stage": "G_hybrid replica 4 production 86/200", "mode": "G_hybrid", "block_completed": 164237, "block_samples": 250000, "worker_pids_seen": 128, "elapsed_s": 30.862748394021764}
G200_PRODUCTION_FINISHED G_hybrid replica 4 production 86/200 {"n": 86000000, "matched_pb": 0.05960084342250768, "matched_error_pb": 0.0008991386607025122, "relative_error": 0.01508600565143951, "hard_error_pb": 0.0008826566317824446, "cpu_ms_per_sample": 10.201468440767396, "max_weight_second_moment_fraction": 0.009455548090255235}
PROGRESS {"utc": "2026-09-22T02:49:13.593175+00:00", "stage": "G_hybrid replica 1 production 87/200", "mode": "G_hybrid", "block_completed": 154190, "block_samples": 250000, "worker_pids_seen": 128, "elapsed_s": 30.66860324679874}
G200_PRODUCTION_FINISHED G_hybrid replica 1 production 87/200 {"n": 86250000, "matched_pb": 0.05966999952109221, "matched_error_pb": 0.0008995551299670472, "relative_error": 0.015075500874590616, "hard_error_pb": 0.0008830808741613952, "cpu_ms_per_sample": 10.200968446089417, "max_weight_second_moment_fraction": 0.009391786514251857}
PROGRESS {"utc": "2026-09-22T02:50:04.406753+00:00", "stage": "G_hybrid replica 2 production 87/200", "mode": "G_hybrid", "block_completed": 140226, "block_samples": 250000, "worker_pids_seen": 128, "elapsed_s": 30.55449264496565}
G200_PRODUCTION_FINISHED G_hybrid replica 2 production 87/200 {"n": 86500000, "matched_pb": 0.059593373465132146, "matched_error_pb": 0.0008982511403556391, "relative_error": 0.01507300372718793, "hard_error_pb": 0.0008817525217484942, "cpu_ms_per_sample": 10.201022679279076, "max_weight_second_moment_fraction": 0.009365730730110858}
PROGRESS {"utc": "2026-09-22T02:50:59.503659+00:00", "stage": "G_hybrid replica 3 production 87/200", "mode": "G_hybrid", "block_completed": 158804, "block_samples": 250000, "worker_pids_seen": 128, "elapsed_s": 30.611213852884248}
G200_PRODUCTION_FINISHED G_hybrid replica 3 production 87/200 {"n": 86750000, "matched_pb": 0.059693010321370366, "matched_error_pb": 0.0008969136272908693, "relative_error": 0.015025438028039443, "hard_error_pb": 0.0008803899438769658, "cpu_ms_per_sample": 10.19950846786278, "max_weight_second_moment_fraction": 0.009340675278033816}
PROGRESS {"utc": "2026-09-22T02:51:48.138538+00:00", "stage": "G_hybrid replica 4 production 87/200", "mode": "G_hybrid", "block_completed": 148943, "block_samples": 250000, "worker_pids_seen": 128, "elapsed_s": 30.630510776070878}
G200_PRODUCTION_FINISHED G_hybrid replica 4 production 87/200 {"n": 87000000, "matched_pb": 0.059678351260128604, "matched_error_pb": 0.000895679996844963, "relative_error": 0.015008457471300337, "hard_error_pb": 0.0008791331271245645, "cpu_ms_per_sample": 10.198686973576013, "max_weight_second_moment_fraction": 0.009313642833293547}
PROGRESS {"utc": "2026-09-22T02:52:39.056404+00:00", "stage": "G_hybrid replica 1 production 88/200", "mode": "G_hybrid", "block_completed": 149437, "block_samples": 250000, "worker_pids_seen": 128, "elapsed_s": 30.69371442706324}
G200_PRODUCTION_FINISHED G_hybrid replica 1 production 88/200 {"n": 87250000, "matched_pb": 0.059617139934415114, "matched_error_pb": 0.0008943262788750211, "relative_error": 0.015001160402174115, "hard_error_pb": 0.0008777538900774321, "cpu_ms_per_sample": 10.198459496871005, "max_weight_second_moment_fraction": 0.00928946949640825}
PROGRESS {"utc": "2026-09-22T02:53:30.801973+00:00", "stage": "G_hybrid replica 2 production 88/200", "mode": "G_hybrid", "block_completed": 147202, "block_samples": 250000, "worker_pids_seen": 128, "elapsed_s": 30.702011629007757}
G200_PRODUCTION_FINISHED G_hybrid replica 2 production 88/200 {"n": 87500000, "matched_pb": 0.05956672231426023, "matched_error_pb": 0.0008930553122083272, "relative_error": 0.014992520614056523, "hard_error_pb": 0.0008764588918615268, "cpu_ms_per_sample": 10.19877710572079, "max_weight_second_moment_fraction": 0.00926377614153457}
PROGRESS {"utc": "2026-09-22T02:54:24.952536+00:00", "stage": "G_hybrid replica 3 production 88/200", "mode": "G_hybrid", "block_completed": 152404, "block_samples": 250000, "worker_pids_seen": 128, "elapsed_s": 30.802281907992437}
G200_PRODUCTION_FINISHED G_hybrid replica 3 production 88/200 {"n": 87750000, "matched_pb": 0.059562574699376675, "matched_error_pb": 0.0008917895385922651, "relative_error": 0.01497231345510653, "hard_error_pb": 0.0008751691148585099, "cpu_ms_per_sample": 10.197097449911647, "max_weight_second_moment_fraction": 0.009238235689484665}
PROGRESS {"utc": "2026-09-22T02:55:15.139567+00:00", "stage": "G_hybrid replica 4 production 88/200", "mode": "G_hybrid", "block_completed": 154231, "block_samples": 250000, "worker_pids_seen": 128, "elapsed_s": 30.68552346690558}
G200_PRODUCTION_FINISHED G_hybrid replica 4 production 88/200 {"n": 88000000, "matched_pb": 0.0595662029168095, "matched_error_pb": 0.0008904065168028357, "relative_error": 0.014948183251606326, "hard_error_pb": 0.0008737597859964609, "cpu_ms_per_sample": 10.196688403817559, "max_weight_second_moment_fraction": 0.009215476475234075}
PROGRESS {"utc": "2026-09-22T02:56:05.248486+00:00", "stage": "G_hybrid replica 1 production 89/200", "mode": "G_hybrid", "block_completed": 234905, "block_samples": 250000, "worker_pids_seen": 128, "elapsed_s": 30.686722978018224}
G200_PRODUCTION_FINISHED G_hybrid replica 1 production 89/200 {"n": 88250000, "matched_pb": 0.059580068952913526, "matched_error_pb": 0.0008890672091334068, "relative_error": 0.014922225246769045, "hard_error_pb": 0.0008723949225069386, "cpu_ms_per_sample": 10.196085197218132, "max_weight_second_moment_fraction": 0.009192032716154699}
PROGRESS {"utc": "2026-09-22T02:56:39.940509+00:00", "stage": "G_hybrid replica 2 production 89/200", "mode": "G_hybrid", "block_completed": 152997, "block_samples": 250000, "worker_pids_seen": 128, "elapsed_s": 30.566799020161852}
G200_PRODUCTION_FINISHED G_hybrid replica 2 production 89/200 {"n": 88500000, "matched_pb": 0.059593642439727174, "matched_error_pb": 0.0008877366849578036, "relative_error": 0.014896499838143938, "hard_error_pb": 0.0008710389315521398, "cpu_ms_per_sample": 10.19671915585711, "max_weight_second_moment_fraction": 0.009168653851933807}
PROGRESS {"utc": "2026-09-22T02:57:29.438695+00:00", "stage": "G_hybrid replica 3 production 89/200", "mode": "G_hybrid", "block_completed": 164140, "block_samples": 250000, "worker_pids_seen": 128, "elapsed_s": 30.645741583080962}
G200_PRODUCTION_FINISHED G_hybrid replica 3 production 89/200 {"n": 88750000, "matched_pb": 0.059622451374964386, "matched_error_pb": 0.0008865345730223136, "relative_error": 0.014869139939364716, "hard_error_pb": 0.0008698137430642716, "cpu_ms_per_sample": 10.195676899564239, "max_weight_second_moment_fraction": 0.009142774829678743}
PROGRESS {"utc": "2026-09-22T02:58:16.873462+00:00", "stage": "G_hybrid replica 4 production 89/200", "mode": "G_hybrid", "block_completed": 161009, "block_samples": 250000, "worker_pids_seen": 128, "elapsed_s": 30.67544491100125}
G200_PRODUCTION_FINISHED G_hybrid replica 4 production 89/200 {"n": 89000000, "matched_pb": 0.059738843533683, "matched_error_pb": 0.0008852570675202371, "relative_error": 0.014818784816634355, "hard_error_pb": 0.0008685116430158851, "cpu_ms_per_sample": 10.195241498519788, "max_weight_second_moment_fraction": 0.009118766097175029}
PROGRESS {"utc": "2026-09-22T02:59:06.114728+00:00", "stage": "G_hybrid replica 1 production 90/200", "mode": "G_hybrid", "block_completed": 159099, "block_samples": 250000, "worker_pids_seen": 128, "elapsed_s": 30.678778095170856}
G200_PRODUCTION_FINISHED G_hybrid replica 1 production 90/200 {"n": 89250000, "matched_pb": 0.05967574877741742, "matched_error_pb": 0.0008839541181969967, "relative_error": 0.01481261879920481, "hard_error_pb": 0.0008671835339402223, "cpu_ms_per_sample": 10.194965743698521, "max_weight_second_moment_fraction": 0.009095546891885815}
PROGRESS {"utc": "2026-09-22T02:59:54.205665+00:00", "stage": "G_hybrid replica 2 production 90/200", "mode": "G_hybrid", "block_completed": 153659, "block_samples": 250000, "worker_pids_seen": 128, "elapsed_s": 30.581074752146378}
G200_PRODUCTION_FINISHED G_hybrid replica 2 production 90/200 {"n": 89500000, "matched_pb": 0.059664103360126064, "matched_error_pb": 0.0008828305397735978, "relative_error": 0.014796678237916831, "hard_error_pb": 0.0008660381980123998, "cpu_ms_per_sample": 10.195289566472415, "max_weight_second_moment_fraction": 0.009068743966515377}
PROGRESS {"utc": "2026-09-22T03:00:42.729570+00:00", "stage": "G_hybrid replica 3 production 90/200", "mode": "G_hybrid", "block_completed": 159744, "block_samples": 250000, "worker_pids_seen": 128, "elapsed_s": 30.467241981998086}
G200_PRODUCTION_FINISHED G_hybrid replica 3 production 90/200 {"n": 89750000, "matched_pb": 0.059684695757127135, "matched_error_pb": 0.0008815706526911122, "relative_error": 0.014770464044559381, "hard_error_pb": 0.0008647538459850042, "cpu_ms_per_sample": 10.194616431637428, "max_weight_second_moment_fraction": 0.00904510059083426}
PROGRESS {"utc": "2026-09-22T03:01:31.342328+00:00", "stage": "G_hybrid replica 4 production 90/200", "mode": "G_hybrid", "block_completed": 157061, "block_samples": 250000, "worker_pids_seen": 128, "elapsed_s": 30.46144306799397}
G200_PRODUCTION_FINISHED G_hybrid replica 4 production 90/200 {"n": 90000000, "matched_pb": 0.059596215725355076, "matched_error_pb": 0.0008810053373247692, "relative_error": 0.014782907380979015, "hard_error_pb": 0.0008641775297092334, "cpu_ms_per_sample": 10.194281051944166, "max_weight_second_moment_fraction": 0.009006920465769364}
G200_PEAK_REPLAYS production_90000000 new 1 total 72 issues 0
PROGRESS {"utc": "2026-09-22T03:02:23.700115+00:00", "stage": "G_hybrid replica 1 production 91/200", "mode": "G_hybrid", "block_completed": 149733, "block_samples": 250000, "worker_pids_seen": 128, "elapsed_s": 30.689832531148568}
G200_PRODUCTION_FINISHED G_hybrid replica 1 production 91/200 {"n": 90250000, "matched_pb": 0.059617168613965515, "matched_error_pb": 0.0008798310019964424, "relative_error": 0.014758013881765245, "hard_error_pb": 0.0008629802955651343, "cpu_ms_per_sample": 10.193793874766738, "max_weight_second_moment_fraction": 0.008981960170023406}
PROGRESS {"utc": "2026-09-22T03:03:12.960724+00:00", "stage": "G_hybrid replica 2 production 91/200", "mode": "G_hybrid", "block_completed": 225967, "block_samples": 250000, "worker_pids_seen": 128, "elapsed_s": 30.703698522178456}
G200_PRODUCTION_FINISHED G_hybrid replica 2 production 91/200 {"n": 90500000, "matched_pb": 0.0595625636063174, "matched_error_pb": 0.0008786482376211654, "relative_error": 0.014751686032667221, "hard_error_pb": 0.0008617744043161195, "cpu_ms_per_sample": 10.19470297449883, "max_weight_second_moment_fraction": 0.008957419498412333}
PROGRESS {"utc": "2026-09-22T03:03:49.228619+00:00", "stage": "G_hybrid replica 3 production 91/200", "mode": "G_hybrid", "block_completed": 161162, "block_samples": 250000, "worker_pids_seen": 128, "elapsed_s": 30.48168823402375}
G200_PRODUCTION_FINISHED G_hybrid replica 3 production 91/200 {"n": 90750000, "matched_pb": 0.05964801284184433, "matched_error_pb": 0.0008774279205418732, "relative_error": 0.014710094749817703, "hard_error_pb": 0.0008605301588009908, "cpu_ms_per_sample": 10.193909073929763, "max_weight_second_moment_fraction": 0.00893391610190844}
PROGRESS {"utc": "2026-09-22T03:04:36.901018+00:00", "stage": "G_hybrid replica 4 production 91/200", "mode": "G_hybrid", "block_completed": 148083, "block_samples": 250000, "worker_pids_seen": 128, "elapsed_s": 30.63332258700393}
G200_PRODUCTION_FINISHED G_hybrid replica 4 production 91/200 {"n": 91000000, "matched_pb": 0.05967784164230287, "matched_error_pb": 0.0008763899980897619, "relative_error": 0.014685350106035493, "hard_error_pb": 0.0008594718303768864, "cpu_ms_per_sample": 10.1939495562439, "max_weight_second_moment_fraction": 0.008906791507002562}
PROGRESS {"utc": "2026-09-22T03:05:27.852739+00:00", "stage": "G_hybrid replica 1 production 92/200", "mode": "G_hybrid", "block_completed": 162758, "block_samples": 250000, "worker_pids_seen": 128, "elapsed_s": 30.775516045978293}
G200_PRODUCTION_FINISHED G_hybrid replica 1 production 92/200 {"n": 91250000, "matched_pb": 0.05964560156066019, "matched_error_pb": 0.0008751438952532762, "relative_error": 0.014672396159224681, "hard_error_pb": 0.0008582011628159798, "cpu_ms_per_sample": 10.19334656342848, "max_weight_second_moment_fraction": 0.008884303472144852}
PROGRESS {"utc": "2026-09-22T03:06:15.189024+00:00", "stage": "G_hybrid replica 2 production 92/200", "mode": "G_hybrid", "block_completed": 151610, "block_samples": 250000, "worker_pids_seen": 128, "elapsed_s": 30.641785520128906}
G200_PRODUCTION_FINISHED G_hybrid replica 2 production 92/200 {"n": 91500000, "matched_pb": 0.059723583325364704, "matched_error_pb": 0.0008739269750799891, "relative_error": 0.014632862370614506, "hard_error_pb": 0.0008569601835745244, "cpu_ms_per_sample": 10.1944968620534, "max_weight_second_moment_fraction": 0.008861432192668613}
PROGRESS {"utc": "2026-09-22T03:07:06.957220+00:00", "stage": "G_hybrid replica 3 production 92/200", "mode": "G_hybrid", "block_completed": 160154, "block_samples": 250000, "worker_pids_seen": 128, "elapsed_s": 30.527553820982575}
G200_PRODUCTION_FINISHED G_hybrid replica 3 production 92/200 {"n": 91750000, "matched_pb": 0.059750124503748364, "matched_error_pb": 0.0008727587376708713, "relative_error": 0.014606810360974555, "hard_error_pb": 0.0008557687845676982, "cpu_ms_per_sample": 10.193907999866463, "max_weight_second_moment_fraction": 0.008837763787931285}
PROGRESS {"utc": "2026-09-22T03:07:54.506409+00:00", "stage": "G_hybrid replica 4 production 92/200", "mode": "G_hybrid", "block_completed": 194502, "block_samples": 250000, "worker_pids_seen": 128, "elapsed_s": 30.519687643041834}
G200_PRODUCTION_FINISHED G_hybrid replica 4 production 92/200 {"n": 92000000, "matched_pb": 0.05980308361055972, "matched_error_pb": 0.0008715486237596714, "relative_error": 0.014573640206167861, "hard_error_pb": 0.0008545346113745188, "cpu_ms_per_sample": 10.193818000759608, "max_weight_second_moment_fraction": 0.008815206502749653}
PROGRESS {"utc": "2026-09-22T03:08:36.369491+00:00", "stage": "G_hybrid replica 1 production 93/200", "mode": "G_hybrid", "block_completed": 148206, "block_samples": 250000, "worker_pids_seen": 128, "elapsed_s": 30.548672740114853}
G200_PRODUCTION_FINISHED G_hybrid replica 1 production 93/200 {"n": 92250000, "matched_pb": 0.05988826965031131, "matched_error_pb": 0.0008703117062375172, "relative_error": 0.014532256672621917, "hard_error_pb": 0.0008532730304384881, "cpu_ms_per_sample": 10.193306943336509, "max_weight_second_moment_fraction": 0.008793438753497433}
PROGRESS {"utc": "2026-09-22T03:09:28.188445+00:00", "stage": "G_hybrid replica 2 production 93/200", "mode": "G_hybrid", "block_completed": 146176, "block_samples": 250000, "worker_pids_seen": 128, "elapsed_s": 30.474131976952776}
G200_PRODUCTION_FINISHED G_hybrid replica 2 production 93/200 {"n": 92500000, "matched_pb": 0.05987911390404059, "matched_error_pb": 0.0008690772495694932, "relative_error": 0.014513862896539099, "hard_error_pb": 0.0008520138873157514, "cpu_ms_per_sample": 10.193165406115027, "max_weight_second_moment_fraction": 0.00877184000570649}
PROGRESS {"utc": "2026-09-22T03:10:21.271736+00:00", "stage": "G_hybrid replica 3 production 93/200", "mode": "G_hybrid", "block_completed": 153935, "block_samples": 250000, "worker_pids_seen": 128, "elapsed_s": 30.546298902016133}
G200_PRODUCTION_FINISHED G_hybrid replica 3 production 93/200 {"n": 92750000, "matched_pb": 0.05983168800828122, "matched_error_pb": 0.0008679568117867756, "relative_error": 0.014506640890135725, "hard_error_pb": 0.0008508709805761899, "cpu_ms_per_sample": 10.192327210678416, "max_weight_second_moment_fraction": 0.008748069217625689}
PROGRESS {"utc": "2026-09-22T03:11:10.762375+00:00", "stage": "G_hybrid replica 4 production 93/200", "mode": "G_hybrid", "block_completed": 152454, "block_samples": 250000, "worker_pids_seen": 128, "elapsed_s": 30.50175636797212}
G200_PRODUCTION_FINISHED G_hybrid replica 4 production 93/200 {"n": 93000000, "matched_pb": 0.0597747972282594, "matched_error_pb": 0.000866765672088917, "relative_error": 0.014500520491588401, "hard_error_pb": 0.0008496558884462431, "cpu_ms_per_sample": 10.191538521356645, "max_weight_second_moment_fraction": 0.008726003311548913}
PROGRESS {"utc": "2026-09-22T03:12:02.931255+00:00", "stage": "G_hybrid replica 1 production 94/200", "mode": "G_hybrid", "block_completed": 154462, "block_samples": 250000, "worker_pids_seen": 128, "elapsed_s": 30.570635588141158}
G200_PRODUCTION_FINISHED G_hybrid replica 1 production 94/200 {"n": 93250000, "matched_pb": 0.059796474062261296, "matched_error_pb": 0.0008655171496101471, "relative_error": 0.014474384371040894, "hard_error_pb": 0.0008483821867112112, "cpu_ms_per_sample": 10.190516445596892, "max_weight_second_moment_fraction": 0.008705358486799744}
PROGRESS {"utc": "2026-09-22T03:12:52.533215+00:00", "stage": "G_hybrid replica 2 production 94/200", "mode": "G_hybrid", "block_completed": 141871, "block_samples": 250000, "worker_pids_seen": 128, "elapsed_s": 30.558791977120563}
G200_PRODUCTION_FINISHED G_hybrid replica 2 production 94/200 {"n": 93500000, "matched_pb": 0.059791581094091384, "matched_error_pb": 0.0008644067244231407, "relative_error": 0.014456997266268336, "hard_error_pb": 0.0008472493043299393, "cpu_ms_per_sample": 10.191209009933251, "max_weight_second_moment_fraction": 0.008682039461080912}
PROGRESS {"utc": "2026-09-22T03:13:46.334773+00:00", "stage": "G_hybrid replica 3 production 94/200", "mode": "G_hybrid", "block_completed": 149483, "block_samples": 250000, "worker_pids_seen": 128, "elapsed_s": 30.600589520065114}
G200_PRODUCTION_FINISHED G_hybrid replica 3 production 94/200 {"n": 93750000, "matched_pb": 0.059814448006212315, "matched_error_pb": 0.0008632330111727975, "relative_error": 0.01443184782183633, "hard_error_pb": 0.0008460517892174673, "cpu_ms_per_sample": 10.190442175452587, "max_weight_second_moment_fraction": 0.008660261093696237}
PROGRESS {"utc": "2026-09-22T03:14:37.466528+00:00", "stage": "G_hybrid replica 4 production 94/200", "mode": "G_hybrid", "block_completed": 145117, "block_samples": 250000, "worker_pids_seen": 128, "elapsed_s": 30.715968689881265}
G200_PRODUCTION_FINISHED G_hybrid replica 4 production 94/200 {"n": 94000000, "matched_pb": 0.05990211871946442, "matched_error_pb": 0.0008621236400866513, "relative_error": 0.014392206127535775, "hard_error_pb": 0.000844919859664738, "cpu_ms_per_sample": 10.191171702952639, "max_weight_second_moment_fraction": 0.008637355026982235}
G200_PRODUCTION_FINISHED G_hybrid replica 1 production 95/200 {"n": 94250000, "matched_pb": 0.059852630459299255, "matched_error_pb": 0.0008610049293520945, "relative_error": 0.014385415022612775, "hard_error_pb": 0.000843778339866714, "cpu_ms_per_sample": 10.195012701740648, "max_weight_second_moment_fraction": 0.00861485564718939}
PROGRESS {"utc": "2026-09-22T03:16:00.869157+00:00", "stage": "G_hybrid replica 2 production 95/200", "mode": "G_hybrid", "block_completed": 154891, "block_samples": 250000, "worker_pids_seen": 128, "elapsed_s": 30.694482452934608}
G200_PRODUCTION_FINISHED G_hybrid replica 2 production 95/200 {"n": 94500000, "matched_pb": 0.059867962853146564, "matched_error_pb": 0.0008598832467072484, "relative_error": 0.014362994926293109, "hard_error_pb": 0.0008426337261393121, "cpu_ms_per_sample": 10.194995039419874, "max_weight_second_moment_fraction": 0.008592631503842018}
PROGRESS {"utc": "2026-09-22T03:16:52.216499+00:00", "stage": "G_hybrid replica 3 production 95/200", "mode": "G_hybrid", "block_completed": 152330, "block_samples": 250000, "worker_pids_seen": 128, "elapsed_s": 30.813223771983758}
G200_PRODUCTION_FINISHED G_hybrid replica 3 production 95/200 {"n": 94750000, "matched_pb": 0.059914548039846055, "matched_error_pb": 0.0008587349704968579, "relative_error": 0.0143326620760914, "hard_error_pb": 0.000841461911208025, "cpu_ms_per_sample": 10.193355767900433, "max_weight_second_moment_fraction": 0.008571170922798988}
PROGRESS {"utc": "2026-09-22T03:17:44.500477+00:00", "stage": "G_hybrid replica 4 production 95/200", "mode": "G_hybrid", "block_completed": 142392, "block_samples": 250000, "worker_pids_seen": 128, "elapsed_s": 30.680763945914805}
G200_PRODUCTION_FINISHED G_hybrid replica 4 production 95/200 {"n": 95000000, "matched_pb": 0.05992765606991854, "matched_error_pb": 0.0008575674852327108, "relative_error": 0.01431004550273372, "hard_error_pb": 0.0008402704268198294, "cpu_ms_per_sample": 10.192563868646653, "max_weight_second_moment_fraction": 0.008550315792336104}
PROGRESS {"utc": "2026-09-22T03:18:39.916795+00:00", "stage": "G_hybrid replica 1 production 96/200", "mode": "G_hybrid", "block_completed": 144203, "block_samples": 250000, "worker_pids_seen": 128, "elapsed_s": 30.861766842892393}
G200_PRODUCTION_FINISHED G_hybrid replica 1 production 96/200 {"n": 95250000, "matched_pb": 0.05995542279672483, "matched_error_pb": 0.0008563833029121116, "relative_error": 0.014283667147434292, "hard_error_pb": 0.0008390618332198647, "cpu_ms_per_sample": 10.19215086284885, "max_weight_second_moment_fraction": 0.008530011934192987}
PROGRESS {"utc": "2026-09-22T03:19:33.520419+00:00", "stage": "G_hybrid replica 2 production 96/200", "mode": "G_hybrid", "block_completed": 141923, "block_samples": 250000, "worker_pids_seen": 128, "elapsed_s": 30.544302141061053}
G200_PRODUCTION_FINISHED G_hybrid replica 2 production 96/200 {"n": 95500000, "matched_pb": 0.05993650388324606, "matched_error_pb": 0.0008552840248960194, "relative_error": 0.014269835066824698, "hard_error_pb": 0.0008379398317910167, "cpu_ms_per_sample": 10.192254473409665, "max_weight_second_moment_fraction": 0.008508149409424093}
PROGRESS {"utc": "2026-09-22T03:20:27.834862+00:00", "stage": "G_hybrid replica 3 production 96/200", "mode": "G_hybrid", "block_completed": 151593, "block_samples": 250000, "worker_pids_seen": 128, "elapsed_s": 30.552131817908958}
G200_PRODUCTION_FINISHED G_hybrid replica 3 production 96/200 {"n": 95750000, "matched_pb": 0.05999310405472735, "matched_error_pb": 0.0008542082312415596, "relative_error": 0.014238440312445368, "hard_error_pb": 0.0008368417417770557, "cpu_ms_per_sample": 10.190863320793913, "max_weight_second_moment_fraction": 0.008486006075698669}
PROGRESS {"utc": "2026-09-22T03:21:19.568051+00:00", "stage": "G_hybrid replica 4 production 96/200", "mode": "G_hybrid", "block_completed": 145782, "block_samples": 250000, "worker_pids_seen": 128, "elapsed_s": 30.587524962145835}
G200_PRODUCTION_FINISHED G_hybrid replica 4 production 96/200 {"n": 96000000, "matched_pb": 0.059953007582293535, "matched_error_pb": 0.0008530412623132839, "relative_error": 0.014228498230757988, "hard_error_pb": 0.0008356505212519545, "cpu_ms_per_sample": 10.190145835812052, "max_weight_second_moment_fraction": 0.008465949735534401}
PROGRESS {"utc": "2026-09-22T03:22:13.087147+00:00", "stage": "G_hybrid replica 1 production 97/200", "mode": "G_hybrid", "block_completed": 154143, "block_samples": 250000, "worker_pids_seen": 128, "elapsed_s": 30.575481002917513}
G200_PRODUCTION_FINISHED G_hybrid replica 1 production 97/200 {"n": 96250000, "matched_pb": 0.05992206091354074, "matched_error_pb": 0.0008518898448993097, "relative_error": 0.014216631269216008, "hard_error_pb": 0.000834475108257995, "cpu_ms_per_sample": 10.190072497441092, "max_weight_second_moment_fraction": 0.008445769872659816}
PROGRESS {"utc": "2026-09-22T03:23:03.893707+00:00", "stage": "G_hybrid replica 2 production 97/200", "mode": "G_hybrid", "block_completed": 139973, "block_samples": 250000, "worker_pids_seen": 128, "elapsed_s": 30.58632883010432}
G200_PRODUCTION_FINISHED G_hybrid replica 2 production 97/200 {"n": 96500000, "matched_pb": 0.059948913219936825, "matched_error_pb": 0.0008507733471756765, "relative_error": 0.014191639205441682, "hard_error_pb": 0.0008333352786988722, "cpu_ms_per_sample": 10.191312187732125, "max_weight_second_moment_fraction": 0.008425066762419157}
PROGRESS {"utc": "2026-09-22T03:24:01.520540+00:00", "stage": "G_hybrid replica 3 production 97/200", "mode": "G_hybrid", "block_completed": 165457, "block_samples": 250000, "worker_pids_seen": 128, "elapsed_s": 30.47730593685992}
G200_PRODUCTION_FINISHED G_hybrid replica 3 production 97/200 {"n": 96750000, "matched_pb": 0.059988806827704744, "matched_error_pb": 0.0008496706439765231, "relative_error": 0.01416381970084656, "hard_error_pb": 0.00083220946984224, "cpu_ms_per_sample": 10.19149586349482, "max_weight_second_moment_fraction": 0.008404275719771852}
PROGRESS {"utc": "2026-09-22T03:24:47.407478+00:00", "stage": "G_hybrid replica 4 production 97/200", "mode": "G_hybrid", "block_completed": 163020, "block_samples": 250000, "worker_pids_seen": 128, "elapsed_s": 30.49325712607242}
G200_PRODUCTION_FINISHED G_hybrid replica 4 production 97/200 {"n": 97000000, "matched_pb": 0.05993896619188126, "matched_error_pb": 0.0008485550517669776, "relative_error": 0.014156985107993313, "hard_error_pb": 0.0008310704388551435, "cpu_ms_per_sample": 10.192279774490071, "max_weight_second_moment_fraction": 0.008383943775516491}
PROGRESS {"utc": "2026-09-22T03:25:36.793573+00:00", "stage": "G_hybrid replica 1 production 98/200", "mode": "G_hybrid", "block_completed": 145270, "block_samples": 250000, "worker_pids_seen": 128, "elapsed_s": 30.54888289491646}
G200_PRODUCTION_FINISHED G_hybrid replica 1 production 98/200 {"n": 97250000, "matched_pb": 0.059937840794518984, "matched_error_pb": 0.0008474342199207971, "relative_error": 0.014138551016977753, "hard_error_pb": 0.0008299259940213902, "cpu_ms_per_sample": 10.191991407359824, "max_weight_second_moment_fraction": 0.008363913519268427}
PROGRESS {"utc": "2026-09-22T03:26:30.284210+00:00", "stage": "G_hybrid replica 2 production 98/200", "mode": "G_hybrid", "block_completed": 137926, "block_samples": 250000, "worker_pids_seen": 128, "elapsed_s": 30.574311746982858}
G200_PRODUCTION_FINISHED G_hybrid replica 2 production 98/200 {"n": 97500000, "matched_pb": 0.06000573942969152, "matched_error_pb": 0.0008463250684574082, "relative_error": 0.014104068652450218, "hard_error_pb": 0.0008287934121112808, "cpu_ms_per_sample": 10.192707911859486, "max_weight_second_moment_fraction": 0.008343835497515481}
PROGRESS {"utc": "2026-09-22T03:27:25.074344+00:00", "stage": "G_hybrid replica 3 production 98/200", "mode": "G_hybrid", "block_completed": 144408, "block_samples": 250000, "worker_pids_seen": 128, "elapsed_s": 30.653327730949968}
G200_PRODUCTION_FINISHED G_hybrid replica 3 production 98/200 {"n": 97750000, "matched_pb": 0.05994780090736454, "matched_error_pb": 0.0008453085529052867, "relative_error": 0.014100743315197091, "hard_error_pb": 0.0008277553672882179, "cpu_ms_per_sample": 10.191363163844091, "max_weight_second_moment_fraction": 0.008322042909696254}
PROGRESS {"utc": "2026-09-22T03:28:16.848465+00:00", "stage": "G_hybrid replica 4 production 98/200", "mode": "G_hybrid", "block_completed": 151370, "block_samples": 250000, "worker_pids_seen": 128, "elapsed_s": 30.52633350994438}
G200_PRODUCTION_FINISHED G_hybrid replica 4 production 98/200 {"n": 98000000, "matched_pb": 0.059949357996311584, "matched_error_pb": 0.0008441613377789958, "relative_error": 0.014081240667013203, "hard_error_pb": 0.0008265837904655803, "cpu_ms_per_sample": 10.19009297631461, "max_weight_second_moment_fraction": 0.00830312480732765}
PROGRESS {"utc": "2026-09-22T03:29:07.917432+00:00", "stage": "G_hybrid replica 1 production 99/200", "mode": "G_hybrid", "block_completed": 151744, "block_samples": 250000, "worker_pids_seen": 128, "elapsed_s": 30.50997475697659}
G200_PRODUCTION_FINISHED G_hybrid replica 1 production 99/200 {"n": 98250000, "matched_pb": 0.060016754355015675, "matched_error_pb": 0.0008430558689544031, "relative_error": 0.01404700867306977, "hard_error_pb": 0.0008254547817040534, "cpu_ms_per_sample": 10.189610735149241, "max_weight_second_moment_fraction": 0.008283537612649165}
PROGRESS {"utc": "2026-09-22T03:29:59.739649+00:00", "stage": "G_hybrid replica 2 production 99/200", "mode": "G_hybrid", "block_completed": 140087, "block_samples": 250000, "worker_pids_seen": 128, "elapsed_s": 30.499112249119207}
G200_PRODUCTION_FINISHED G_hybrid replica 2 production 99/200 {"n": 98500000, "matched_pb": 0.059932180761549575, "matched_error_pb": 0.0008419583430924131, "relative_error": 0.014048518381840437, "hard_error_pb": 0.0008243338219207946, "cpu_ms_per_sample": 10.19038169320339, "max_weight_second_moment_fraction": 0.008263970525134296}
PROGRESS {"utc": "2026-09-22T03:30:56.285641+00:00", "stage": "G_hybrid replica 3 production 99/200", "mode": "G_hybrid", "block_completed": 150900, "block_samples": 250000, "worker_pids_seen": 128, "elapsed_s": 30.532978697912768}
G200_PRODUCTION_FINISHED G_hybrid replica 3 production 99/200 {"n": 98750000, "matched_pb": 0.05990738942559784, "matched_error_pb": 0.0008408845787833942, "relative_error": 0.014036408310325946, "hard_error_pb": 0.0008232370699229651, "cpu_ms_per_sample": 10.188800483047128, "max_weight_second_moment_fraction": 0.008244102572575563}
PROGRESS {"utc": "2026-09-22T03:31:46.631965+00:00", "stage": "G_hybrid replica 4 production 99/200", "mode": "G_hybrid", "block_completed": 146017, "block_samples": 250000, "worker_pids_seen": 128, "elapsed_s": 30.510018657892942}
G200_PRODUCTION_FINISHED G_hybrid replica 4 production 99/200 {"n": 99000000, "matched_pb": 0.05983598454100063, "matched_error_pb": 0.000839803189686792, "relative_error": 0.014035086012687643, "hard_error_pb": 0.0008221324685643625, "cpu_ms_per_sample": 10.188313156326767, "max_weight_second_moment_fraction": 0.008224573221133163}
PROGRESS {"utc": "2026-09-22T03:32:40.471466+00:00", "stage": "G_hybrid replica 1 production 100/200", "mode": "G_hybrid", "block_completed": 146882, "block_samples": 250000, "worker_pids_seen": 128, "elapsed_s": 30.51535449596122}
G200_PRODUCTION_FINISHED G_hybrid replica 1 production 100/200 {"n": 99250000, "matched_pb": 0.05995679202069164, "matched_error_pb": 0.0008432489066628717, "relative_error": 0.014064276593915478, "hard_error_pb": 0.0008256519345630768, "cpu_ms_per_sample": 10.188268374205963, "max_weight_second_moment_fraction": 0.011170187187345254}
PROGRESS {"utc": "2026-09-22T03:33:32.712622+00:00", "stage": "G_hybrid replica 2 production 100/200", "mode": "G_hybrid", "block_completed": 136325, "block_samples": 250000, "worker_pids_seen": 128, "elapsed_s": 30.493572227889672}
G200_PRODUCTION_FINISHED G_hybrid replica 2 production 100/200 {"n": 99500000, "matched_pb": 0.0599767620499564, "matched_error_pb": 0.0008421609518158171, "relative_error": 0.014041454107081616, "hard_error_pb": 0.0008245407614077947, "cpu_ms_per_sample": 10.188670509537355, "max_weight_second_moment_fraction": 0.011144101999919265}
PROGRESS {"utc": "2026-09-22T03:34:28.618895+00:00", "stage": "G_hybrid replica 3 production 100/200", "mode": "G_hybrid", "block_completed": 143629, "block_samples": 250000, "worker_pids_seen": 128, "elapsed_s": 30.479292049072683}
G200_PRODUCTION_FINISHED G_hybrid replica 3 production 100/200 {"n": 99750000, "matched_pb": 0.059988308425584655, "matched_error_pb": 0.0008410817938288653, "relative_error": 0.014020761976847958, "hard_error_pb": 0.0008234385115902732, "cpu_ms_per_sample": 10.187362942518726, "max_weight_second_moment_fraction": 0.011118017334320095}
PROGRESS {"utc": "2026-09-22T03:35:20.848859+00:00", "stage": "G_hybrid replica 4 production 100/200", "mode": "G_hybrid", "block_completed": 166879, "block_samples": 250000, "worker_pids_seen": 128, "elapsed_s": 30.50099714100361}
G200_PRODUCTION_FINISHED G_hybrid replica 4 production 100/200 {"n": 100000000, "matched_pb": 0.060007899328615055, "matched_error_pb": 0.0008401035226549723, "relative_error": 0.013999882216412879, "hard_error_pb": 0.000822439254435801, "cpu_ms_per_sample": 10.187532116225269, "max_weight_second_moment_fraction": 0.01108939527198483}
G200_PEAK_REPLAYS production_100000000 new 1 total 73 issues 0
PROGRESS {"utc": "2026-09-22T03:36:10.830366+00:00", "stage": "G_hybrid replica 1 production 101/200", "mode": "G_hybrid", "block_completed": 148859, "block_samples": 250000, "worker_pids_seen": 128, "elapsed_s": 30.4804929678794}
G200_PRODUCTION_FINISHED G_hybrid replica 1 production 101/200 {"n": 100250000, "matched_pb": 0.05999303909296942, "matched_error_pb": 0.0008391425313107125, "relative_error": 0.013987331597092763, "hard_error_pb": 0.0008214575986100395, "cpu_ms_per_sample": 10.18689939490778, "max_weight_second_moment_fraction": 0.011060543040710285}
PROGRESS {"utc": "2026-09-22T03:37:03.976915+00:00", "stage": "G_hybrid replica 2 production 101/200", "mode": "G_hybrid", "block_completed": 142139, "block_samples": 250000, "worker_pids_seen": 128, "elapsed_s": 30.510500031057745}
G200_PRODUCTION_FINISHED G_hybrid replica 2 production 101/200 {"n": 100500000, "matched_pb": 0.059944397015592954, "matched_error_pb": 0.0008380189614922164, "relative_error": 0.013979938129567437, "hard_error_pb": 0.0008203098062806, "cpu_ms_per_sample": 10.187299226128019, "max_weight_second_moment_fraction": 0.0110364025042172}
PROGRESS {"utc": "2026-09-22T03:37:58.925916+00:00", "stage": "G_hybrid replica 3 production 101/200", "mode": "G_hybrid", "block_completed": 149754, "block_samples": 250000, "worker_pids_seen": 128, "elapsed_s": 30.586534823989496}
G200_PRODUCTION_FINISHED G_hybrid replica 3 production 101/200 {"n": 100750000, "matched_pb": 0.05994746271714803, "matched_error_pb": 0.0008369997667143816, "relative_error": 0.013962221731779101, "hard_error_pb": 0.0008192685810767748, "cpu_ms_per_sample": 10.185983297752138, "max_weight_second_moment_fraction": 0.011009630725790693}
PROGRESS {"utc": "2026-09-22T03:38:51.311335+00:00", "stage": "G_hybrid replica 4 production 101/200", "mode": "G_hybrid", "block_completed": 145754, "block_samples": 250000, "worker_pids_seen": 128, "elapsed_s": 30.543900241144}
G200_PRODUCTION_FINISHED G_hybrid replica 4 production 101/200 {"n": 101000000, "matched_pb": 0.05994134850112731, "matched_error_pb": 0.000836077064902613, "relative_error": 0.013948252513653225, "hard_error_pb": 0.0008183258867442669, "cpu_ms_per_sample": 10.18547065699689, "max_weight_second_moment_fraction": 0.010980449909825683}
PROGRESS {"utc": "2026-09-22T03:39:45.214446+00:00", "stage": "G_hybrid replica 1 production 102/200", "mode": "G_hybrid", "block_completed": 138531, "block_samples": 250000, "worker_pids_seen": 128, "elapsed_s": 30.540765345096588}
G200_PRODUCTION_FINISHED G_hybrid replica 1 production 102/200 {"n": 101250000, "matched_pb": 0.06015384165239314, "matched_error_pb": 0.0008651435303271099, "relative_error": 0.014382182526703036, "hard_error_pb": 0.0008480010179984913, "cpu_ms_per_sample": 10.18480219339668, "max_weight_second_moment_fraction": 0.0712872159274092}
PROGRESS {"utc": "2026-09-22T03:40:38.314409+00:00", "stage": "G_hybrid replica 2 production 102/200", "mode": "G_hybrid", "block_completed": 138996, "block_samples": 250000, "worker_pids_seen": 128, "elapsed_s": 30.496718788985163}
G200_PRODUCTION_FINISHED G_hybrid replica 2 production 102/200 {"n": 101500000, "matched_pb": 0.060145878393857585, "matched_error_pb": 0.0008639757611655939, "relative_error": 0.014364671100286526, "hard_error_pb": 0.0008468096092636703, "cpu_ms_per_sample": 10.185432587437369, "max_weight_second_moment_fraction": 0.07113622396255304}
PROGRESS {"utc": "2026-09-22T03:41:32.458213+00:00", "stage": "G_hybrid replica 3 production 102/200", "mode": "G_hybrid", "block_completed": 141216, "block_samples": 250000, "worker_pids_seen": 128, "elapsed_s": 30.534031298942864}
G200_PRODUCTION_FINISHED G_hybrid replica 3 production 102/200 {"n": 101750000, "matched_pb": 0.060217341168485344, "matched_error_pb": 0.0008628562180485331, "relative_error": 0.014329032157602261, "hard_error_pb": 0.0008456673409116851, "cpu_ms_per_sample": 10.184662029090779, "max_weight_second_moment_fraction": 0.07097845597184058}
PROGRESS {"utc": "2026-09-22T03:42:26.831293+00:00", "stage": "G_hybrid replica 4 production 102/200", "mode": "G_hybrid", "block_completed": 139414, "block_samples": 250000, "worker_pids_seen": 128, "elapsed_s": 30.620459960075095}
G200_PRODUCTION_FINISHED G_hybrid replica 4 production 102/200 {"n": 102000000, "matched_pb": 0.06023427064614782, "matched_error_pb": 0.0008616743779372182, "relative_error": 0.01430538410598859, "hard_error_pb": 0.0008444614449772793, "cpu_ms_per_sample": 10.183855006334626, "max_weight_second_moment_fraction": 0.07083281599579978}
PROGRESS {"utc": "2026-09-22T03:43:20.754233+00:00", "stage": "G_hybrid replica 1 production 103/200", "mode": "G_hybrid", "block_completed": 148827, "block_samples": 250000, "worker_pids_seen": 128, "elapsed_s": 30.499130219919607}
G200_PRODUCTION_FINISHED G_hybrid replica 1 production 103/200 {"n": 102250000, "matched_pb": 0.060147916689574824, "matched_error_pb": 0.0008604858758459881, "relative_error": 0.01430616259390963, "hard_error_pb": 0.000843248682768055, "cpu_ms_per_sample": 10.182759902399127, "max_weight_second_moment_fraction": 0.07068974934665283}
PROGRESS {"utc": "2026-09-22T03:44:11.996217+00:00", "stage": "G_hybrid replica 2 production 103/200", "mode": "G_hybrid", "block_completed": 145982, "block_samples": 250000, "worker_pids_seen": 128, "elapsed_s": 30.511979013914242}
G200_PRODUCTION_FINISHED G_hybrid replica 2 production 103/200 {"n": 102500000, "matched_pb": 0.060053125609890054, "matched_error_pb": 0.0008593827449742642, "relative_error": 0.01431037495961299, "hard_error_pb": 0.0008421229725040898, "cpu_ms_per_sample": 10.183110674722299, "max_weight_second_moment_fraction": 0.07053352209418552}
PROGRESS {"utc": "2026-09-22T03:45:06.247417+00:00", "stage": "G_hybrid replica 3 production 103/200", "mode": "G_hybrid", "block_completed": 143958, "block_samples": 250000, "worker_pids_seen": 128, "elapsed_s": 30.528780604014173}
G200_PRODUCTION_FINISHED G_hybrid replica 3 production 103/200 {"n": 102750000, "matched_pb": 0.060064276403964584, "matched_error_pb": 0.0008582664692859713, "relative_error": 0.014289133586054836, "hard_error_pb": 0.0008409837874538544, "cpu_ms_per_sample": 10.181699737789184, "max_weight_second_moment_fraction": 0.07038099857499727}
PROGRESS {"utc": "2026-09-22T03:45:58.761837+00:00", "stage": "G_hybrid replica 4 production 103/200", "mode": "G_hybrid", "block_completed": 140989, "block_samples": 250000, "worker_pids_seen": 128, "elapsed_s": 30.60181355383247}
G200_PRODUCTION_FINISHED G_hybrid replica 4 production 103/200 {"n": 103000000, "matched_pb": 0.06005399285134323, "matched_error_pb": 0.0008571115926726836, "relative_error": 0.01427234979686305, "hard_error_pb": 0.0008398051445148017, "cpu_ms_per_sample": 10.181333494072346, "max_weight_second_moment_fraction": 0.0702364902845018}
PROGRESS {"utc": "2026-09-22T03:46:51.723607+00:00", "stage": "G_hybrid replica 1 production 104/200", "mode": "G_hybrid", "block_completed": 148417, "block_samples": 250000, "worker_pids_seen": 128, "elapsed_s": 30.48466736683622}
G200_PRODUCTION_FINISHED G_hybrid replica 1 production 104/200 {"n": 103250000, "matched_pb": 0.05999177384058407, "matched_error_pb": 0.0008563556679867892, "relative_error": 0.014274551545389874, "hard_error_pb": 0.0008390336277842043, "cpu_ms_per_sample": 10.18029312266114, "max_weight_second_moment_fraction": 0.07002537160803328}
PROGRESS {"utc": "2026-09-22T03:47:44.988262+00:00", "stage": "G_hybrid replica 2 production 104/200", "mode": "G_hybrid", "block_completed": 142764, "block_samples": 250000, "worker_pids_seen": 128, "elapsed_s": 30.503458455903456}
G200_PRODUCTION_FINISHED G_hybrid replica 2 production 104/200 {"n": 103500000, "matched_pb": 0.060021930266841245, "matched_error_pb": 0.0008552486255838098, "relative_error": 0.014248935710357964, "hard_error_pb": 0.0008379036997308331, "cpu_ms_per_sample": 10.180711825727021, "max_weight_second_moment_fraction": 0.06987557249224274}
PROGRESS {"utc": "2026-09-22T03:48:39.999190+00:00", "stage": "G_hybrid replica 3 production 104/200", "mode": "G_hybrid", "block_completed": 150677, "block_samples": 250000, "worker_pids_seen": 128, "elapsed_s": 30.673929900163785}
G200_PRODUCTION_FINISHED G_hybrid replica 3 production 104/200 {"n": 103750000, "matched_pb": 0.05998746443278262, "matched_error_pb": 0.0008541482277676616, "relative_error": 0.014238778648908473, "hard_error_pb": 0.0008367804929957795, "cpu_ms_per_sample": 10.178741950976935, "max_weight_second_moment_fraction": 0.0697260321804425}
PROGRESS {"utc": "2026-09-22T03:49:31.204381+00:00", "stage": "G_hybrid replica 4 production 104/200", "mode": "G_hybrid", "block_completed": 149068, "block_samples": 250000, "worker_pids_seen": 128, "elapsed_s": 30.59176043397747}
G200_PRODUCTION_FINISHED G_hybrid replica 4 production 104/200 {"n": 104000000, "matched_pb": 0.05996891628137971, "matched_error_pb": 0.000853035556896642, "relative_error": 0.014224628520784337, "hard_error_pb": 0.0008356446970989446, "cpu_ms_per_sample": 10.17854723970245, "max_weight_second_moment_fraction": 0.06957996899540968}
PROGRESS {"utc": "2026-09-22T03:50:24.993914+00:00", "stage": "G_hybrid replica 1 production 105/200", "mode": "G_hybrid", "block_completed": 145306, "block_samples": 250000, "worker_pids_seen": 128, "elapsed_s": 30.72953673102893}
G200_PRODUCTION_FINISHED G_hybrid replica 1 production 105/200 {"n": 104250000, "matched_pb": 0.05998952870311626, "matched_error_pb": 0.0008519626904275488, "relative_error": 0.014201856704756745, "hard_error_pb": 0.0008345494738720827, "cpu_ms_per_sample": 10.177795562262032, "max_weight_second_moment_fraction": 0.06942852530080053}
PROGRESS {"utc": "2026-09-22T03:51:18.326473+00:00", "stage": "G_hybrid replica 2 production 105/200", "mode": "G_hybrid", "block_completed": 137238, "block_samples": 250000, "worker_pids_seen": 128, "elapsed_s": 30.76807850296609}
G200_PRODUCTION_FINISHED G_hybrid replica 2 production 105/200 {"n": 104500000, "matched_pb": 0.06001063693802253, "matched_error_pb": 0.0008508749994598395, "relative_error": 0.014178736352000424, "hard_error_pb": 0.0008334390578593041, "cpu_ms_per_sample": 10.178876451371483, "max_weight_second_moment_fraction": 0.06928097229924715}
PROGRESS {"utc": "2026-09-22T03:52:13.913323+00:00", "stage": "G_hybrid replica 3 production 105/200", "mode": "G_hybrid", "block_completed": 144234, "block_samples": 250000, "worker_pids_seen": 128, "elapsed_s": 30.579772765981033}
G200_PRODUCTION_FINISHED G_hybrid replica 3 production 105/200 {"n": 104750000, "matched_pb": 0.06001907182879819, "matched_error_pb": 0.0008497657303574039, "relative_error": 0.014158261773546316, "hard_error_pb": 0.0008323065510672583, "cpu_ms_per_sample": 10.178396015704877, "max_weight_second_moment_fraction": 0.06913843762756855}
PROGRESS {"utc": "2026-09-22T03:53:07.224667+00:00", "stage": "G_hybrid replica 4 production 105/200", "mode": "G_hybrid", "block_completed": 151905, "block_samples": 250000, "worker_pids_seen": 128, "elapsed_s": 30.54972753697075}
G200_PRODUCTION_FINISHED G_hybrid replica 4 production 105/200 {"n": 105000000, "matched_pb": 0.059999043634668486, "matched_error_pb": 0.0008486210601213818, "relative_error": 0.014143909781105808, "hard_error_pb": 0.0008311378358257796, "cpu_ms_per_sample": 10.177197210995036, "max_weight_second_moment_fraction": 0.06900324526673748}
G200_PEAK_REPLAYS production_105000000 new 1 total 74 issues 0
PROGRESS {"utc": "2026-09-22T03:54:00.120978+00:00", "stage": "G_hybrid replica 1 production 106/200", "mode": "G_hybrid", "block_completed": 143849, "block_samples": 250000, "worker_pids_seen": 128, "elapsed_s": 30.8627585680224}
G200_PRODUCTION_FINISHED G_hybrid replica 1 production 106/200 {"n": 105250000, "matched_pb": 0.060062011621361794, "matched_error_pb": 0.0008474508407575752, "relative_error": 0.01410959802845113, "hard_error_pb": 0.0008299429654863905, "cpu_ms_per_sample": 10.176138475688559, "max_weight_second_moment_fraction": 0.06887372204518949}
PROGRESS {"utc": "2026-09-22T03:54:51.457586+00:00", "stage": "G_hybrid replica 2 production 106/200", "mode": "G_hybrid", "block_completed": 141467, "block_samples": 250000, "worker_pids_seen": 128, "elapsed_s": 30.56068787095137}
G200_PRODUCTION_FINISHED G_hybrid replica 2 production 106/200 {"n": 105500000, "matched_pb": 0.060119097873497535, "matched_error_pb": 0.0008465605850670692, "relative_error": 0.014081392020359322, "hard_error_pb": 0.0008290339092273133, "cpu_ms_per_sample": 10.177286715659962, "max_weight_second_moment_fraction": 0.06869811245306322}
PROGRESS {"utc": "2026-09-22T03:55:44.581403+00:00", "stage": "G_hybrid replica 3 production 106/200", "mode": "G_hybrid", "block_completed": 153597, "block_samples": 250000, "worker_pids_seen": 128, "elapsed_s": 30.50398210203275}
G200_PRODUCTION_FINISHED G_hybrid replica 3 production 106/200 {"n": 105750000, "matched_pb": 0.06010030592308703, "matched_error_pb": 0.0008455051793293404, "relative_error": 0.014068234201858642, "hard_error_pb": 0.0008279561623252543, "cpu_ms_per_sample": 10.176604561767649, "max_weight_second_moment_fraction": 0.06855179830483443}
PROGRESS {"utc": "2026-09-22T03:56:34.887168+00:00", "stage": "G_hybrid replica 4 production 106/200", "mode": "G_hybrid", "block_completed": 166815, "block_samples": 250000, "worker_pids_seen": 128, "elapsed_s": 30.51662877504714}
G200_PRODUCTION_FINISHED G_hybrid replica 4 production 106/200 {"n": 106000000, "matched_pb": 0.06004863062226018, "matched_error_pb": 0.0008444256742781396, "relative_error": 0.014062363546473762, "hard_error_pb": 0.0008268537463419473, "cpu_ms_per_sample": 10.177499310961519, "max_weight_second_moment_fraction": 0.0684108693840841}
PROGRESS {"utc": "2026-09-22T03:57:22.655649+00:00", "stage": "G_hybrid replica 1 production 107/200", "mode": "G_hybrid", "block_completed": 156362, "block_samples": 250000, "worker_pids_seen": 128, "elapsed_s": 30.78931275405921}
G200_PRODUCTION_FINISHED G_hybrid replica 1 production 107/200 {"n": 106250000, "matched_pb": 0.060107846294351494, "matched_error_pb": 0.0008433434970912485, "relative_error": 0.014030505983550767, "hard_error_pb": 0.0008257485407469512, "cpu_ms_per_sample": 10.177690639617412, "max_weight_second_moment_fraction": 0.06827170837301551}
PROGRESS {"utc": "2026-09-22T03:58:11.469934+00:00", "stage": "G_hybrid replica 2 production 107/200", "mode": "G_hybrid", "block_completed": 145802, "block_samples": 250000, "worker_pids_seen": 128, "elapsed_s": 30.580789386993274}
G200_PRODUCTION_FINISHED G_hybrid replica 2 production 107/200 {"n": 106500000, "matched_pb": 0.06012468337654865, "matched_error_pb": 0.0008422378779723548, "relative_error": 0.014008188162881298, "hard_error_pb": 0.0008246193312983864, "cpu_ms_per_sample": 10.177734209731707, "max_weight_second_moment_fraction": 0.06813778970010277}
PROGRESS {"utc": "2026-09-22T03:59:04.617376+00:00", "stage": "G_hybrid replica 3 production 107/200", "mode": "G_hybrid", "block_completed": 147348, "block_samples": 250000, "worker_pids_seen": 128, "elapsed_s": 30.502994439098984}
G200_PRODUCTION_FINISHED G_hybrid replica 3 production 107/200 {"n": 106750000, "matched_pb": 0.06014521334362327, "matched_error_pb": 0.0008411952535426596, "relative_error": 0.013986071488959894, "hard_error_pb": 0.0008235544019931665, "cpu_ms_per_sample": 10.177101870399753, "max_weight_second_moment_fraction": 0.06799452392540929}
PROGRESS {"utc": "2026-09-22T03:59:56.278474+00:00", "stage": "G_hybrid replica 4 production 107/200", "mode": "G_hybrid", "block_completed": 150915, "block_samples": 250000, "worker_pids_seen": 128, "elapsed_s": 30.541392320068553}
G200_PRODUCTION_FINISHED G_hybrid replica 4 production 107/200 {"n": 107000000, "matched_pb": 0.060124927168092715, "matched_error_pb": 0.0008401370122733163, "relative_error": 0.01397318968760702, "hard_error_pb": 0.0008224734633112226, "cpu_ms_per_sample": 10.17592736981011, "max_weight_second_moment_fraction": 0.06785516646286953}
PROGRESS {"utc": "2026-09-22T04:00:46.824616+00:00", "stage": "G_hybrid replica 1 production 108/200", "mode": "G_hybrid", "block_completed": 140555, "block_samples": 250000, "worker_pids_seen": 128, "elapsed_s": 30.73116747685708}
G200_PRODUCTION_FINISHED G_hybrid replica 1 production 108/200 {"n": 107250000, "matched_pb": 0.06018219632693074, "matched_error_pb": 0.0008390301979439653, "relative_error": 0.013941501792092463, "hard_error_pb": 0.000821342846515091, "cpu_ms_per_sample": 10.17534835797403, "max_weight_second_moment_fraction": 0.06772526936239343}
PROGRESS {"utc": "2026-09-22T04:01:41.554394+00:00", "stage": "G_hybrid replica 2 production 108/200", "mode": "G_hybrid", "block_completed": 141543, "block_samples": 250000, "worker_pids_seen": 128, "elapsed_s": 30.588245100108907}
G200_PRODUCTION_FINISHED G_hybrid replica 2 production 108/200 {"n": 107500000, "matched_pb": 0.06020010175643044, "matched_error_pb": 0.0008379500241297513, "relative_error": 0.013919412088705372, "hard_error_pb": 0.0008202393805461144, "cpu_ms_per_sample": 10.175587122638454, "max_weight_second_moment_fraction": 0.06759213178735084}
PROGRESS {"utc": "2026-09-22T04:02:37.638530+00:00", "stage": "G_hybrid replica 3 production 108/200", "mode": "G_hybrid", "block_completed": 153622, "block_samples": 250000, "worker_pids_seen": 128, "elapsed_s": 30.681106828851625}
G200_PRODUCTION_FINISHED G_hybrid replica 3 production 108/200 {"n": 107750000, "matched_pb": 0.06022344082598598, "matched_error_pb": 0.0008368885186280358, "relative_error": 0.013896391623424554, "hard_error_pb": 0.000819154924950739, "cpu_ms_per_sample": 10.174204026846494, "max_weight_second_moment_fraction": 0.06745709959759917}
PROGRESS {"utc": "2026-09-22T04:03:29.843300+00:00", "stage": "G_hybrid replica 4 production 108/200", "mode": "G_hybrid", "block_completed": 139971, "block_samples": 250000, "worker_pids_seen": 128, "elapsed_s": 30.70263640000485}
G200_PRODUCTION_FINISHED G_hybrid replica 4 production 108/200 {"n": 108000000, "matched_pb": 0.06016067014677964, "matched_error_pb": 0.0008358096629867105, "relative_error": 0.01389295798978813, "hard_error_pb": 0.0008180526824120689, "cpu_ms_per_sample": 10.17333926115306, "max_weight_second_moment_fraction": 0.06732621409316704}
PROGRESS {"utc": "2026-09-22T04:04:25.138069+00:00", "stage": "G_hybrid replica 1 production 109/200", "mode": "G_hybrid", "block_completed": 141827, "block_samples": 250000, "worker_pids_seen": 128, "elapsed_s": 30.641140118939802}
G200_PRODUCTION_FINISHED G_hybrid replica 1 production 109/200 {"n": 108250000, "matched_pb": 0.060148784798846125, "matched_error_pb": 0.0008347900713968009, "relative_error": 0.013878752067702874, "hard_error_pb": 0.0008170109312379477, "cpu_ms_per_sample": 10.172417894476979, "max_weight_second_moment_fraction": 0.06718660388746031}
PROGRESS {"utc": "2026-09-22T04:05:19.731446+00:00", "stage": "G_hybrid replica 2 production 109/200", "mode": "G_hybrid", "block_completed": 132054, "block_samples": 250000, "worker_pids_seen": 128, "elapsed_s": 30.62851711991243}
G200_PRODUCTION_FINISHED G_hybrid replica 2 production 109/200 {"n": 108500000, "matched_pb": 0.06017901795553593, "matched_error_pb": 0.0008337251186065737, "relative_error": 0.013854083149422321, "hard_error_pb": 0.0008159227732176422, "cpu_ms_per_sample": 10.173498019480236, "max_weight_second_moment_fraction": 0.06705584852270051}
PROGRESS {"utc": "2026-09-22T04:06:17.293335+00:00", "stage": "G_hybrid replica 3 production 109/200", "mode": "G_hybrid", "block_completed": 147117, "block_samples": 250000, "worker_pids_seen": 128, "elapsed_s": 30.588492770912126}
G200_PRODUCTION_FINISHED G_hybrid replica 3 production 109/200 {"n": 108750000, "matched_pb": 0.0601819335374196, "matched_error_pb": 0.0008327819692222721, "relative_error": 0.013837740336216837, "hard_error_pb": 0.0008149590214982272, "cpu_ms_per_sample": 10.17250141619941, "max_weight_second_moment_fraction": 0.06690586263133473}
PROGRESS {"utc": "2026-09-22T04:07:10.413929+00:00", "stage": "G_hybrid replica 4 production 109/200", "mode": "G_hybrid", "block_completed": 142521, "block_samples": 250000, "worker_pids_seen": 128, "elapsed_s": 30.477894723881036}
G200_PRODUCTION_FINISHED G_hybrid replica 4 production 109/200 {"n": 109000000, "matched_pb": 0.06023270519691025, "matched_error_pb": 0.0008317111439408509, "relative_error": 0.013808298020516521, "hard_error_pb": 0.0008138647463891168, "cpu_ms_per_sample": 10.171413012096565, "max_weight_second_moment_fraction": 0.06677852327540046}
PROGRESS {"utc": "2026-09-22T04:08:02.489807+00:00", "stage": "G_hybrid replica 1 production 110/200", "mode": "G_hybrid", "block_completed": 138913, "block_samples": 250000, "worker_pids_seen": 128, "elapsed_s": 30.515186548931524}
G200_PRODUCTION_FINISHED G_hybrid replica 1 production 110/200 {"n": 109250000, "matched_pb": 0.06023184646329738, "matched_error_pb": 0.0008306868248921463, "relative_error": 0.013791488617210666, "hard_error_pb": 0.0008128179374921656, "cpu_ms_per_sample": 10.17135048590734, "max_weight_second_moment_fraction": 0.06664457790636262}
PROGRESS {"utc": "2026-09-22T04:08:57.617019+00:00", "stage": "G_hybrid replica 2 production 110/200", "mode": "G_hybrid", "block_completed": 146669, "block_samples": 250000, "worker_pids_seen": 128, "elapsed_s": 30.504814106971025}
G200_PRODUCTION_FINISHED G_hybrid replica 2 production 110/200 {"n": 109500000, "matched_pb": 0.06024748548739589, "matched_error_pb": 0.0008296470522634707, "relative_error": 0.013770650269496101, "hard_error_pb": 0.0008117552770318704, "cpu_ms_per_sample": 10.171930049289031, "max_weight_second_moment_fraction": 0.06651441798211238}
PROGRESS {"utc": "2026-09-22T04:09:50.173628+00:00", "stage": "G_hybrid replica 3 production 110/200", "mode": "G_hybrid", "block_completed": 149060, "block_samples": 250000, "worker_pids_seen": 128, "elapsed_s": 30.547433471074328}
G200_PRODUCTION_FINISHED G_hybrid replica 3 production 110/200 {"n": 109750000, "matched_pb": 0.06024016895661857, "matched_error_pb": 0.0008287073881765612, "relative_error": 0.013756724168110279, "hard_error_pb": 0.0008107948776836472, "cpu_ms_per_sample": 10.170809820840502, "max_weight_second_moment_fraction": 0.0663686854027855}
PROGRESS {"utc": "2026-09-22T04:10:41.553441+00:00", "stage": "G_hybrid replica 4 production 110/200", "mode": "G_hybrid", "block_completed": 140585, "block_samples": 250000, "worker_pids_seen": 128, "elapsed_s": 30.58408941491507}
G200_PRODUCTION_FINISHED G_hybrid replica 4 production 110/200 {"n": 110000000, "matched_pb": 0.0603027288589421, "matched_error_pb": 0.0008278050884836518, "relative_error": 0.013727489686578241, "hard_error_pb": 0.0008098726214529351, "cpu_ms_per_sample": 10.170705259335769, "max_weight_second_moment_fraction": 0.06621791677497894}
PROGRESS {"utc": "2026-09-22T04:11:37.959778+00:00", "stage": "G_hybrid replica 1 production 111/200", "mode": "G_hybrid", "block_completed": 142967, "block_samples": 250000, "worker_pids_seen": 128, "elapsed_s": 30.604274368146434}
G200_PRODUCTION_FINISHED G_hybrid replica 1 production 111/200 {"n": 110250000, "matched_pb": 0.0603198656939528, "matched_error_pb": 0.0008267559893995121, "relative_error": 0.013706197450674964, "hard_error_pb": 0.0008088002624057368, "cpu_ms_per_sample": 10.170269852578643, "max_weight_second_moment_fraction": 0.06609286206529096}
PROGRESS {"utc": "2026-09-22T04:12:31.571605+00:00", "stage": "G_hybrid replica 2 production 111/200", "mode": "G_hybrid", "block_completed": 140251, "block_samples": 250000, "worker_pids_seen": 128, "elapsed_s": 30.78367164498195}
G200_PRODUCTION_FINISHED G_hybrid replica 2 production 111/200 {"n": 110500000, "matched_pb": 0.06032927407336576, "matched_error_pb": 0.0008257726397282029, "relative_error": 0.013687760252576385, "hard_error_pb": 0.0008077950550624255, "cpu_ms_per_sample": 10.171240796318767, "max_weight_second_moment_fraction": 0.06595798609300438}
PROGRESS {"utc": "2026-09-22T04:13:26.005043+00:00", "stage": "G_hybrid replica 3 production 111/200", "mode": "G_hybrid", "block_completed": 159505, "block_samples": 250000, "worker_pids_seen": 128, "elapsed_s": 30.571236512856558}
G200_PRODUCTION_FINISHED G_hybrid replica 3 production 111/200 {"n": 110750000, "matched_pb": 0.06030223116744356, "matched_error_pb": 0.0008247885072397755, "relative_error": 0.013677578611470495, "hard_error_pb": 0.0008067889935630256, "cpu_ms_per_sample": 10.171303170623755, "max_weight_second_moment_fraction": 0.06582439772427172}
PROGRESS {"utc": "2026-09-22T04:14:15.367944+00:00", "stage": "G_hybrid replica 4 production 111/200", "mode": "G_hybrid", "block_completed": 148937, "block_samples": 250000, "worker_pids_seen": 128, "elapsed_s": 30.49309518514201}
G200_PRODUCTION_FINISHED G_hybrid replica 4 production 111/200 {"n": 111000000, "matched_pb": 0.060279846385519614, "matched_error_pb": 0.0008237497227716006, "relative_error": 0.013665425049415541, "hard_error_pb": 0.0008057270035352616, "cpu_ms_per_sample": 10.171217137359008, "max_weight_second_moment_fraction": 0.0657010737880909}
PROGRESS {"utc": "2026-09-22T04:15:06.441049+00:00", "stage": "G_hybrid replica 1 production 112/200", "mode": "G_hybrid", "block_completed": 143400, "block_samples": 250000, "worker_pids_seen": 128, "elapsed_s": 30.53606126201339}
G200_PRODUCTION_FINISHED G_hybrid replica 1 production 112/200 {"n": 111250000, "matched_pb": 0.06033762080012649, "matched_error_pb": 0.000822844011754352, "relative_error": 0.01363732942802125, "hard_error_pb": 0.0008048010102749741, "cpu_ms_per_sample": 10.17050156831152, "max_weight_second_moment_fraction": 0.06555672441566611}
PROGRESS {"utc": "2026-09-22T04:16:00.035947+00:00", "stage": "G_hybrid replica 2 production 112/200", "mode": "G_hybrid", "block_completed": 130871, "block_samples": 250000, "worker_pids_seen": 128, "elapsed_s": 30.496782157802954}
G200_PRODUCTION_FINISHED G_hybrid replica 2 production 112/200 {"n": 111500000, "matched_pb": 0.06033480472741545, "matched_error_pb": 0.0008221226188813793, "relative_error": 0.013626009441741279, "hard_error_pb": 0.0008040634296720628, "cpu_ms_per_sample": 10.170971733233639, "max_weight_second_moment_fraction": 0.06538286783267622}
PROGRESS {"utc": "2026-09-22T04:16:56.840131+00:00", "stage": "G_hybrid replica 3 production 112/200", "mode": "G_hybrid", "block_completed": 151408, "block_samples": 250000, "worker_pids_seen": 128, "elapsed_s": 30.518882911186665}
G200_PRODUCTION_FINISHED G_hybrid replica 3 production 112/200 {"n": 111750000, "matched_pb": 0.060353725198459635, "matched_error_pb": 0.0008212389631814443, "relative_error": 0.01360709650449885, "hard_error_pb": 0.000803159905066828, "cpu_ms_per_sample": 10.170672779156213, "max_weight_second_moment_fraction": 0.0652371880691905}
PROGRESS {"utc": "2026-09-22T04:17:49.579119+00:00", "stage": "G_hybrid replica 4 production 112/200", "mode": "G_hybrid", "block_completed": 155541, "block_samples": 250000, "worker_pids_seen": 128, "elapsed_s": 30.585888687055558}
G200_PRODUCTION_FINISHED G_hybrid replica 4 production 112/200 {"n": 112000000, "matched_pb": 0.06039828170919896, "matched_error_pb": 0.0008202501907203397, "relative_error": 0.01358068752137052, "hard_error_pb": 0.0008021488476812619, "cpu_ms_per_sample": 10.170919227085712, "max_weight_second_moment_fraction": 0.06511010449656815}
PROGRESS {"utc": "2026-09-22T04:18:39.368423+00:00", "stage": "G_hybrid replica 1 production 113/200", "mode": "G_hybrid", "block_completed": 136128, "block_samples": 250000, "worker_pids_seen": 128, "elapsed_s": 30.633080172119662}
G200_PRODUCTION_FINISHED G_hybrid replica 1 production 113/200 {"n": 112250000, "matched_pb": 0.06038355400072917, "matched_error_pb": 0.0008192373705012521, "relative_error": 0.013567226773226353, "hard_error_pb": 0.0008011131428739816, "cpu_ms_per_sample": 10.170761203717122, "max_weight_second_moment_fraction": 0.06498811342034595}
PROGRESS {"utc": "2026-09-22T04:19:35.584629+00:00", "stage": "G_hybrid replica 2 production 113/200", "mode": "G_hybrid", "block_completed": 130599, "block_samples": 250000, "worker_pids_seen": 128, "elapsed_s": 30.68396230507642}
G200_PRODUCTION_FINISHED G_hybrid replica 2 production 113/200 {"n": 112500000, "matched_pb": 0.06038462133894777, "matched_error_pb": 0.0008182844911359619, "relative_error": 0.013551206797220945, "hard_error_pb": 0.000800138679788237, "cpu_ms_per_sample": 10.171468318451865, "max_weight_second_moment_fraction": 0.06485728456020069}
PROGRESS {"utc": "2026-09-22T04:20:32.262510+00:00", "stage": "G_hybrid replica 3 production 113/200", "mode": "G_hybrid", "block_completed": 141463, "block_samples": 250000, "worker_pids_seen": 128, "elapsed_s": 30.60049827490002}
G200_PRODUCTION_FINISHED G_hybrid replica 3 production 113/200 {"n": 112750000, "matched_pb": 0.06035220668864316, "matched_error_pb": 0.0008173830692908744, "relative_error": 0.013543549012345994, "hard_error_pb": 0.0007992167918800212, "cpu_ms_per_sample": 10.170501804410119, "max_weight_second_moment_fraction": 0.06471903096690794}
PROGRESS {"utc": "2026-09-22T04:21:27.384396+00:00", "stage": "G_hybrid replica 4 production 113/200", "mode": "G_hybrid", "block_completed": 141053, "block_samples": 250000, "worker_pids_seen": 128, "elapsed_s": 30.761642987839878}
G200_PRODUCTION_FINISHED G_hybrid replica 4 production 113/200 {"n": 113000000, "matched_pb": 0.060322217688952795, "matched_error_pb": 0.0008164273066342598, "relative_error": 0.013534437855784892, "hard_error_pb": 0.0007982392783355717, "cpu_ms_per_sample": 10.17006281751991, "max_weight_second_moment_fraction": 0.06459087975172692}
PROGRESS {"utc": "2026-09-22T04:22:23.720543+00:00", "stage": "G_hybrid replica 1 production 114/200", "mode": "G_hybrid", "block_completed": 141853, "block_samples": 250000, "worker_pids_seen": 128, "elapsed_s": 30.747111808974296}
G200_PRODUCTION_FINISHED G_hybrid replica 1 production 114/200 {"n": 113250000, "matched_pb": 0.060317304072713004, "matched_error_pb": 0.0008154936719686807, "relative_error": 0.013520061688857917, "hard_error_pb": 0.0007972843454380532, "cpu_ms_per_sample": 10.16909020585137, "max_weight_second_moment_fraction": 0.0644601586309699}
PROGRESS {"utc": "2026-09-22T04:23:17.731593+00:00", "stage": "G_hybrid replica 2 production 114/200", "mode": "G_hybrid", "block_completed": 131563, "block_samples": 250000, "worker_pids_seen": 128, "elapsed_s": 30.704241380095482}
G200_PRODUCTION_FINISHED G_hybrid replica 2 production 114/200 {"n": 113500000, "matched_pb": 0.06041478232795115, "matched_error_pb": 0.0008146751148811118, "relative_error": 0.013484698338542205, "hard_error_pb": 0.0007964470737382211, "cpu_ms_per_sample": 10.169293020882968, "max_weight_second_moment_fraction": 0.06431152172773477}
PROGRESS {"utc": "2026-09-22T04:24:13.248376+00:00", "stage": "G_hybrid replica 3 production 114/200", "mode": "G_hybrid", "block_completed": 151068, "block_samples": 250000, "worker_pids_seen": 128, "elapsed_s": 30.731922209030017}
G200_PRODUCTION_FINISHED G_hybrid replica 3 production 114/200 {"n": 113750000, "matched_pb": 0.0604235500454855, "matched_error_pb": 0.0008137402432764998, "relative_error": 0.013467269676540593, "hard_error_pb": 0.0007954907805797121, "cpu_ms_per_sample": 10.168571195081151, "max_weight_second_moment_fraction": 0.0641831813954425}
PROGRESS {"utc": "2026-09-22T04:25:04.528177+00:00", "stage": "G_hybrid replica 4 production 114/200", "mode": "G_hybrid", "block_completed": 142833, "block_samples": 250000, "worker_pids_seen": 128, "elapsed_s": 30.74893335113302}
G200_PRODUCTION_FINISHED G_hybrid replica 4 production 114/200 {"n": 114000000, "matched_pb": 0.06035337645772523, "matched_error_pb": 0.0008127485799647842, "relative_error": 0.013466497280961194, "hard_error_pb": 0.0007944763386623895, "cpu_ms_per_sample": 10.168288777429016, "max_weight_second_moment_fraction": 0.06406526759189816}
PROGRESS {"utc": "2026-09-22T04:25:57.233174+00:00", "stage": "G_hybrid replica 1 production 115/200", "mode": "G_hybrid", "block_completed": 148213, "block_samples": 250000, "worker_pids_seen": 128, "elapsed_s": 30.58075437392108}
G200_PRODUCTION_FINISHED G_hybrid replica 1 production 115/200 {"n": 114250000, "matched_pb": 0.06036827835368336, "matched_error_pb": 0.0008117751962461914, "relative_error": 0.013447048986393052, "hard_error_pb": 0.0007934805402151746, "cpu_ms_per_sample": 10.16811631077874, "max_weight_second_moment_fraction": 0.06394539980622575}
PROGRESS {"utc": "2026-09-22T04:26:48.729964+00:00", "stage": "G_hybrid replica 2 production 115/200", "mode": "G_hybrid", "block_completed": 129734, "block_samples": 250000, "worker_pids_seen": 128, "elapsed_s": 30.525326502975076}
G200_PRODUCTION_FINISHED G_hybrid replica 2 production 115/200 {"n": 114500000, "matched_pb": 0.060349737748160034, "matched_error_pb": 0.0008108062978394947, "relative_error": 0.013435125455275318, "hard_error_pb": 0.0007924892750541233, "cpu_ms_per_sample": 10.168696615027299, "max_weight_second_moment_fraction": 0.0638258341904608}
PROGRESS {"utc": "2026-09-22T04:27:46.330708+00:00", "stage": "G_hybrid replica 3 production 115/200", "mode": "G_hybrid", "block_completed": 147062, "block_samples": 250000, "worker_pids_seen": 128, "elapsed_s": 30.523269371129572}
G200_PRODUCTION_FINISHED G_hybrid replica 3 production 115/200 {"n": 114750000, "matched_pb": 0.06027065961001882, "matched_error_pb": 0.0008100117393344898, "relative_error": 0.013439569843364403, "hard_error_pb": 0.0007916763330549348, "cpu_ms_per_sample": 10.168198303796393, "max_weight_second_moment_fraction": 0.06367859669982018}
PROGRESS {"utc": "2026-09-22T04:28:37.731675+00:00", "stage": "G_hybrid replica 4 production 115/200", "mode": "G_hybrid", "block_completed": 146417, "block_samples": 250000, "worker_pids_seen": 128, "elapsed_s": 30.54911353881471}
G200_PRODUCTION_FINISHED G_hybrid replica 4 production 115/200 {"n": 115000000, "matched_pb": 0.060293384315036, "matched_error_pb": 0.000809049070677791, "relative_error": 0.013418538034794472, "hard_error_pb": 0.0007906913413110201, "cpu_ms_per_sample": 10.167799455497738, "max_weight_second_moment_fraction": 0.06356009826271747}
PROGRESS {"utc": "2026-09-22T04:29:33.380962+00:00", "stage": "G_hybrid replica 1 production 116/200", "mode": "G_hybrid", "block_completed": 149113, "block_samples": 250000, "worker_pids_seen": 128, "elapsed_s": 30.515956887975335}
G200_PRODUCTION_FINISHED G_hybrid replica 1 production 116/200 {"n": 115250000, "matched_pb": 0.06027223549066908, "matched_error_pb": 0.0008080701598182933, "relative_error": 0.013407004954103501, "hard_error_pb": 0.0007896896742698265, "cpu_ms_per_sample": 10.167703092909882, "max_weight_second_moment_fraction": 0.0634452905865782}
PROGRESS {"utc": "2026-09-22T04:30:25.362534+00:00", "stage": "G_hybrid replica 2 production 116/200", "mode": "G_hybrid", "block_completed": 136107, "block_samples": 250000, "worker_pids_seen": 128, "elapsed_s": 30.552113480865955}
G200_PRODUCTION_FINISHED G_hybrid replica 2 production 116/200 {"n": 115500000, "matched_pb": 0.06026178710958746, "matched_error_pb": 0.0008071524655696972, "relative_error": 0.013394101042869366, "hard_error_pb": 0.0007887505950139523, "cpu_ms_per_sample": 10.168512013752734, "max_weight_second_moment_fraction": 0.06332144168265008}
PROGRESS {"utc": "2026-09-22T04:31:22.841593+00:00", "stage": "G_hybrid replica 3 production 116/200", "mode": "G_hybrid", "block_completed": 142563, "block_samples": 250000, "worker_pids_seen": 128, "elapsed_s": 30.590362651040778}
G200_PRODUCTION_FINISHED G_hybrid replica 3 production 116/200 {"n": 115750000, "matched_pb": 0.06026613156938203, "matched_error_pb": 0.0008063634019029348, "relative_error": 0.013380042503219247, "hard_error_pb": 0.0007879431035221367, "cpu_ms_per_sample": 10.167947494332093, "max_weight_second_moment_fraction": 0.0631775023657832}
PROGRESS {"utc": "2026-09-22T04:32:17.722277+00:00", "stage": "G_hybrid replica 4 production 116/200", "mode": "G_hybrid", "block_completed": 147519, "block_samples": 250000, "worker_pids_seen": 128, "elapsed_s": 30.507009492022917}
G200_PRODUCTION_FINISHED G_hybrid replica 4 production 116/200 {"n": 116000000, "matched_pb": 0.0602533802572022, "matched_error_pb": 0.0008053945312681132, "relative_error": 0.01336679415876992, "hard_error_pb": 0.0007869515547072809, "cpu_ms_per_sample": 10.167867292538721, "max_weight_second_moment_fraction": 0.06306409589236034}
PROGRESS {"utc": "2026-09-22T04:33:10.986334+00:00", "stage": "G_hybrid replica 1 production 117/200", "mode": "G_hybrid", "block_completed": 150453, "block_samples": 250000, "worker_pids_seen": 128, "elapsed_s": 30.559677310055122}
G200_PRODUCTION_FINISHED G_hybrid replica 1 production 117/200 {"n": 116250000, "matched_pb": 0.06017195453552418, "matched_error_pb": 0.0008045654530992063, "relative_error": 0.013371103852446886, "hard_error_pb": 0.0007861030255509477, "cpu_ms_per_sample": 10.167088347914579, "max_weight_second_moment_fraction": 0.06292876657873366}
PROGRESS {"utc": "2026-09-22T04:34:02.563383+00:00", "stage": "G_hybrid replica 2 production 117/200", "mode": "G_hybrid", "block_completed": 145152, "block_samples": 250000, "worker_pids_seen": 128, "elapsed_s": 30.482222822029144}
G200_PRODUCTION_FINISHED G_hybrid replica 2 production 117/200 {"n": 116500000, "matched_pb": 0.06023320224518826, "matched_error_pb": 0.0008037077500747086, "relative_error": 0.013343267834293385, "hard_error_pb": 0.0007852251562384976, "cpu_ms_per_sample": 10.167690211643704, "max_weight_second_moment_fraction": 0.06279916479973167}
PROGRESS {"utc": "2026-09-22T04:34:55.325556+00:00", "stage": "G_hybrid replica 3 production 117/200", "mode": "G_hybrid", "block_completed": 149020, "block_samples": 250000, "worker_pids_seen": 128, "elapsed_s": 30.537995049962774}
G200_PRODUCTION_FINISHED G_hybrid replica 3 production 117/200 {"n": 116750000, "matched_pb": 0.06020794013534868, "matched_error_pb": 0.0008028099451956371, "relative_error": 0.013333954680909262, "hard_error_pb": 0.0007843061943939015, "cpu_ms_per_sample": 10.167361876532041, "max_weight_second_moment_fraction": 0.06267711989201132}
PROGRESS {"utc": "2026-09-22T04:35:47.543145+00:00", "stage": "G_hybrid replica 4 production 117/200", "mode": "G_hybrid", "block_completed": 147008, "block_samples": 250000, "worker_pids_seen": 128, "elapsed_s": 30.55135707114823}
G200_PRODUCTION_FINISHED G_hybrid replica 4 production 117/200 {"n": 117000000, "matched_pb": 0.06017886673248353, "matched_error_pb": 0.0008018598767540301, "relative_error": 0.013324609124305754, "hard_error_pb": 0.000783333683948042, "cpu_ms_per_sample": 10.166702274631861, "max_weight_second_moment_fraction": 0.06256460944735404}
PROGRESS {"utc": "2026-09-22T04:36:38.338421+00:00", "stage": "G_hybrid replica 1 production 118/200", "mode": "G_hybrid", "block_completed": 245136, "block_samples": 250000, "worker_pids_seen": 128, "elapsed_s": 30.50359340221621}
G200_PRODUCTION_FINISHED G_hybrid replica 1 production 118/200 {"n": 117250000, "matched_pb": 0.060141697605946606, "matched_error_pb": 0.0008010003639970949, "relative_error": 0.01331855261627824, "hard_error_pb": 0.0007824538207351928, "cpu_ms_per_sample": 10.166404592627982, "max_weight_second_moment_fraction": 0.0624382750051351}
PROGRESS {"utc": "2026-09-22T04:37:10.627559+00:00", "stage": "G_hybrid replica 2 production 118/200", "mode": "G_hybrid", "block_completed": 146785, "block_samples": 250000, "worker_pids_seen": 128, "elapsed_s": 30.474357889965177}
G200_PRODUCTION_FINISHED G_hybrid replica 2 production 118/200 {"n": 117500000, "matched_pb": 0.06013051355119227, "matched_error_pb": 0.0008000761067467393, "relative_error": 0.013305658965736131, "hard_error_pb": 0.0007815076295511404, "cpu_ms_per_sample": 10.16707579937666, "max_weight_second_moment_fraction": 0.0623234999184254}
PROGRESS {"utc": "2026-09-22T04:38:04.891011+00:00", "stage": "G_hybrid replica 3 production 118/200", "mode": "G_hybrid", "block_completed": 147951, "block_samples": 250000, "worker_pids_seen": 128, "elapsed_s": 30.47490363777615}
G200_PRODUCTION_FINISHED G_hybrid replica 3 production 118/200 {"n": 117750000, "matched_pb": 0.060150406413550864, "matched_error_pb": 0.0007991486871281286, "relative_error": 0.013285840192562588, "hard_error_pb": 0.0007805581481210956, "cpu_ms_per_sample": 10.166361398636004, "max_weight_second_moment_fraction": 0.06221020962219604}
PROGRESS {"utc": "2026-09-22T04:38:55.034563+00:00", "stage": "G_hybrid replica 4 production 118/200", "mode": "G_hybrid", "block_completed": 147921, "block_samples": 250000, "worker_pids_seen": 128, "elapsed_s": 30.569048042874783}
G200_PRODUCTION_FINISHED G_hybrid replica 4 production 118/200 {"n": 118000000, "matched_pb": 0.0601177572476906, "matched_error_pb": 0.0007982099426645219, "relative_error": 0.013277440463652439, "hard_error_pb": 0.0007795970183550742, "cpu_ms_per_sample": 10.165642132318608, "max_weight_second_moment_fraction": 0.06209971797028521}
PROGRESS {"utc": "2026-09-22T04:39:47.718654+00:00", "stage": "G_hybrid replica 1 production 119/200", "mode": "G_hybrid", "block_completed": 150587, "block_samples": 250000, "worker_pids_seen": 128, "elapsed_s": 30.53263444895856}
G200_PRODUCTION_FINISHED G_hybrid replica 1 production 119/200 {"n": 118250000, "matched_pb": 0.060109222218852204, "matched_error_pb": 0.0007973960162612, "relative_error": 0.013265784963211697, "hard_error_pb": 0.0007787636388589638, "cpu_ms_per_sample": 10.165594513137147, "max_weight_second_moment_fraction": 0.06196983545908038}
PROGRESS {"utc": "2026-09-22T04:40:41.096246+00:00", "stage": "G_hybrid replica 2 production 119/200", "mode": "G_hybrid", "block_completed": 143885, "block_samples": 250000, "worker_pids_seen": 128, "elapsed_s": 30.61444005393423}
G200_PRODUCTION_FINISHED G_hybrid replica 2 production 119/200 {"n": 118500000, "matched_pb": 0.06006869323951505, "matched_error_pb": 0.000796504103389143, "relative_error": 0.013259887312900256, "hard_error_pb": 0.0007778503616862084, "cpu_ms_per_sample": 10.16581697711751, "max_weight_second_moment_fraction": 0.061853618999915976}
PROGRESS {"utc": "2026-09-22T04:41:35.126432+00:00", "stage": "G_hybrid replica 3 production 119/200", "mode": "G_hybrid", "block_completed": 153584, "block_samples": 250000, "worker_pids_seen": 128, "elapsed_s": 30.563235964160413}
G200_PRODUCTION_FINISHED G_hybrid replica 3 production 119/200 {"n": 118750000, "matched_pb": 0.06006650895977032, "matched_error_pb": 0.0007956459459598364, "relative_error": 0.01324608271295943, "hard_error_pb": 0.0007769716016573228, "cpu_ms_per_sample": 10.164705971005311, "max_weight_second_moment_fraction": 0.06173285993203877}
PROGRESS {"utc": "2026-09-22T04:42:28.100963+00:00", "stage": "G_hybrid replica 4 production 119/200", "mode": "G_hybrid", "block_completed": 142031, "block_samples": 250000, "worker_pids_seen": 128, "elapsed_s": 30.56119261099957}
G200_PRODUCTION_FINISHED G_hybrid replica 4 production 119/200 {"n": 119000000, "matched_pb": 0.06007928168369317, "matched_error_pb": 0.0007947314650658298, "relative_error": 0.013228045389256664, "hard_error_pb": 0.0007760351152011763, "cpu_ms_per_sample": 10.164476548764956, "max_weight_second_moment_fraction": 0.06162220823477353}
PROGRESS {"utc": "2026-09-22T04:43:24.680524+00:00", "stage": "G_hybrid replica 1 production 120/200", "mode": "G_hybrid", "block_completed": 136202, "block_samples": 250000, "worker_pids_seen": 128, "elapsed_s": 30.567601176910102}
G200_PRODUCTION_FINISHED G_hybrid replica 1 production 120/200 {"n": 119250000, "matched_pb": 0.060062479499231144, "matched_error_pb": 0.0007941175881785316, "relative_error": 0.013221525231716366, "hard_error_pb": 0.0007754064368536739, "cpu_ms_per_sample": 10.1642519866283, "max_weight_second_moment_fraction": 0.06146365005229248}
PROGRESS {"utc": "2026-09-22T04:44:19.074310+00:00", "stage": "G_hybrid replica 2 production 120/200", "mode": "G_hybrid", "block_completed": 135213, "block_samples": 250000, "worker_pids_seen": 128, "elapsed_s": 30.638746459037066}
G200_PRODUCTION_FINISHED G_hybrid replica 2 production 120/200 {"n": 119500000, "matched_pb": 0.060068727785152085, "matched_error_pb": 0.000793236652796597, "relative_error": 0.013205484484934787, "hard_error_pb": 0.000774504219355564, "cpu_ms_per_sample": 10.164747295311654, "max_weight_second_moment_fraction": 0.06134943087951054}
PROGRESS {"utc": "2026-09-22T04:45:16.238759+00:00", "stage": "G_hybrid replica 3 production 120/200", "mode": "G_hybrid", "block_completed": 150584, "block_samples": 250000, "worker_pids_seen": 128, "elapsed_s": 30.508671404095367}
G200_PRODUCTION_FINISHED G_hybrid replica 3 production 120/200 {"n": 119750000, "matched_pb": 0.06004517065897616, "matched_error_pb": 0.000792402987155596, "relative_error": 0.013196781330775342, "hard_error_pb": 0.0007736503683917783, "cpu_ms_per_sample": 10.163854477723879, "max_weight_second_moment_fraction": 0.06122846668386335}
PROGRESS {"utc": "2026-09-22T04:46:07.095592+00:00", "stage": "G_hybrid replica 4 production 120/200", "mode": "G_hybrid", "block_completed": 145947, "block_samples": 250000, "worker_pids_seen": 128, "elapsed_s": 30.508677138015628}
G200_PRODUCTION_FINISHED G_hybrid replica 4 production 120/200 {"n": 120000000, "matched_pb": 0.06003282211642294, "matched_error_pb": 0.0007914838255340359, "relative_error": 0.01318418487805045, "hard_error_pb": 0.0007727089002603859, "cpu_ms_per_sample": 10.163393601376205, "max_weight_second_moment_fraction": 0.061122281797220936}
PROGRESS {"utc": "2026-09-22T04:47:01.708486+00:00", "stage": "G_hybrid replica 1 production 121/200", "mode": "G_hybrid", "block_completed": 143008, "block_samples": 250000, "worker_pids_seen": 128, "elapsed_s": 30.7789420587942}
G200_PRODUCTION_FINISHED G_hybrid replica 1 production 121/200 {"n": 120250000, "matched_pb": 0.06003160232471841, "matched_error_pb": 0.0007906437239152456, "relative_error": 0.013170458446845302, "hard_error_pb": 0.0007718483637517086, "cpu_ms_per_sample": 10.163064671745454, "max_weight_second_moment_fraction": 0.061004198959740914}
PROGRESS {"utc": "2026-09-22T04:47:55.676877+00:00", "stage": "G_hybrid replica 2 production 121/200", "mode": "G_hybrid", "block_completed": 140610, "block_samples": 250000, "worker_pids_seen": 128, "elapsed_s": 30.51720393099822}
G200_PRODUCTION_FINISHED G_hybrid replica 2 production 121/200 {"n": 120500000, "matched_pb": 0.060028338923415414, "matched_error_pb": 0.000789756543493589, "relative_error": 0.013156395090345012, "hard_error_pb": 0.0007709395543429872, "cpu_ms_per_sample": 10.163243429479607, "max_weight_second_moment_fraction": 0.06089464634566355}
PROGRESS {"utc": "2026-09-22T04:48:50.852490+00:00", "stage": "G_hybrid replica 3 production 121/200", "mode": "G_hybrid", "block_completed": 146630, "block_samples": 250000, "worker_pids_seen": 128, "elapsed_s": 30.50381892011501}
G200_PRODUCTION_FINISHED G_hybrid replica 3 production 121/200 {"n": 120750000, "matched_pb": 0.05999189791725705, "matched_error_pb": 0.0007889136220966018, "relative_error": 0.013150336120132411, "hard_error_pb": 0.0007700760362387616, "cpu_ms_per_sample": 10.162045471363154, "max_weight_second_moment_fraction": 0.06077882924947672}
PROGRESS {"utc": "2026-09-22T04:49:42.551164+00:00", "stage": "G_hybrid replica 4 production 121/200", "mode": "G_hybrid", "block_completed": 146408, "block_samples": 250000, "worker_pids_seen": 128, "elapsed_s": 30.638509791111574}
G200_PRODUCTION_FINISHED G_hybrid replica 4 production 121/200 {"n": 121000000, "matched_pb": 0.059971770239766645, "matched_error_pb": 0.0007880233632089035, "relative_error": 0.013139904992939053, "hard_error_pb": 0.0007691639743401235, "cpu_ms_per_sample": 10.161418579480882, "max_weight_second_moment_fraction": 0.06067156398024806}
PROGRESS {"utc": "2026-09-22T04:50:35.856775+00:00", "stage": "G_hybrid replica 1 production 122/200", "mode": "G_hybrid", "block_completed": 142831, "block_samples": 250000, "worker_pids_seen": 128, "elapsed_s": 30.532751498976722}
G200_PRODUCTION_FINISHED G_hybrid replica 1 production 122/200 {"n": 121250000, "matched_pb": 0.05998857860153303, "matched_error_pb": 0.0007872008945652448, "relative_error": 0.013122512866893093, "hard_error_pb": 0.0007683213174603087, "cpu_ms_per_sample": 10.16073096763514, "max_weight_second_moment_fraction": 0.06055423895969632}
PROGRESS {"utc": "2026-09-22T04:51:31.124075+00:00", "stage": "G_hybrid replica 2 production 122/200", "mode": "G_hybrid", "block_completed": 140636, "block_samples": 250000, "worker_pids_seen": 128, "elapsed_s": 30.483818453969434}
G200_PRODUCTION_FINISHED G_hybrid replica 2 production 122/200 {"n": 121500000, "matched_pb": 0.05997350055424172, "matched_error_pb": 0.000786341681554247, "relative_error": 0.01311148547754116, "hard_error_pb": 0.0007674409675077188, "cpu_ms_per_sample": 10.161604750652598, "max_weight_second_moment_fraction": 0.060443732817708824}
PROGRESS {"utc": "2026-09-22T04:52:26.495855+00:00", "stage": "G_hybrid replica 3 production 122/200", "mode": "G_hybrid", "block_completed": 152607, "block_samples": 250000, "worker_pids_seen": 128, "elapsed_s": 30.520309556974098}
G200_PRODUCTION_FINISHED G_hybrid replica 3 production 122/200 {"n": 121750000, "matched_pb": 0.05999692012157827, "matched_error_pb": 0.0007855535364697221, "relative_error": 0.013093231033824232, "hard_error_pb": 0.0007666333916023419, "cpu_ms_per_sample": 10.160510946983505, "max_weight_second_moment_fraction": 0.060322649265604406}
PROGRESS {"utc": "2026-09-22T04:53:17.701559+00:00", "stage": "G_hybrid replica 4 production 122/200", "mode": "G_hybrid", "block_completed": 145127, "block_samples": 250000, "worker_pids_seen": 128, "elapsed_s": 30.628720197128132}
G200_PRODUCTION_FINISHED G_hybrid replica 4 production 122/200 {"n": 122000000, "matched_pb": 0.06002865690621968, "matched_error_pb": 0.0007846738599021396, "relative_error": 0.013071654445442674, "hard_error_pb": 0.0007657319797901516, "cpu_ms_per_sample": 10.1598599805164, "max_weight_second_moment_fraction": 0.06021720529639346}
PROGRESS {"utc": "2026-09-22T04:54:10.247244+00:00", "stage": "G_hybrid replica 1 production 123/200", "mode": "G_hybrid", "block_completed": 142816, "block_samples": 250000, "worker_pids_seen": 128, "elapsed_s": 30.472943626809865}
G200_PRODUCTION_FINISHED G_hybrid replica 1 production 123/200 {"n": 122250000, "matched_pb": 0.060053591597638456, "matched_error_pb": 0.0007838039844044521, "relative_error": 0.013051742011634726, "hard_error_pb": 0.000764840561442656, "cpu_ms_per_sample": 10.159852377900357, "max_weight_second_moment_fraction": 0.06011104549944049}
PROGRESS {"utc": "2026-09-22T04:55:04.490599+00:00", "stage": "G_hybrid replica 2 production 123/200", "mode": "G_hybrid", "block_completed": 137329, "block_samples": 250000, "worker_pids_seen": 128, "elapsed_s": 30.526628407882527}
G200_PRODUCTION_FINISHED G_hybrid replica 2 production 123/200 {"n": 122500000, "matched_pb": 0.060115988382184904, "matched_error_pb": 0.0007829269316453495, "relative_error": 0.013023605744746706, "hard_error_pb": 0.0007639417378015319, "cpu_ms_per_sample": 10.159436165466706, "max_weight_second_moment_fraction": 0.06000690543237965}
PROGRESS {"utc": "2026-09-22T04:56:00.696698+00:00", "stage": "G_hybrid replica 3 production 123/200", "mode": "G_hybrid", "block_completed": 142230, "block_samples": 250000, "worker_pids_seen": 128, "elapsed_s": 30.501186677021906}
G200_PRODUCTION_FINISHED G_hybrid replica 3 production 123/200 {"n": 122750000, "matched_pb": 0.060053791626198186, "matched_error_pb": 0.0007820941319223951, "relative_error": 0.01302322652315612, "hard_error_pb": 0.0007630882187840849, "cpu_ms_per_sample": 10.158674180934987, "max_weight_second_moment_fraction": 0.05989648358800363}
PROGRESS {"utc": "2026-09-22T04:56:55.040215+00:00", "stage": "G_hybrid replica 4 production 123/200", "mode": "G_hybrid", "block_completed": 147110, "block_samples": 250000, "worker_pids_seen": 128, "elapsed_s": 30.706941711017862}
G200_PRODUCTION_FINISHED G_hybrid replica 4 production 123/200 {"n": 123000000, "matched_pb": 0.06006489616454633, "matched_error_pb": 0.0007812109757942217, "relative_error": 0.013006115479732341, "hard_error_pb": 0.000762183040457463, "cpu_ms_per_sample": 10.158021210404776, "max_weight_second_moment_fraction": 0.05979502334348676}
PROGRESS {"utc": "2026-09-22T04:57:48.686420+00:00", "stage": "G_hybrid replica 1 production 124/200", "mode": "G_hybrid", "block_completed": 145294, "block_samples": 250000, "worker_pids_seen": 128, "elapsed_s": 30.54246641602367}
G200_PRODUCTION_FINISHED G_hybrid replica 1 production 124/200 {"n": 123250000, "matched_pb": 0.060091121110579265, "matched_error_pb": 0.0007803800828404711, "relative_error": 0.012986612138662234, "hard_error_pb": 0.0007613313813010227, "cpu_ms_per_sample": 10.157436558631089, "max_weight_second_moment_fraction": 0.059686006547829185}
PROGRESS {"utc": "2026-09-22T04:58:41.805799+00:00", "stage": "G_hybrid replica 2 production 124/200", "mode": "G_hybrid", "block_completed": 139861, "block_samples": 250000, "worker_pids_seen": 128, "elapsed_s": 30.508214414818212}
G200_PRODUCTION_FINISHED G_hybrid replica 2 production 124/200 {"n": 123500000, "matched_pb": 0.060135098028706535, "matched_error_pb": 0.0007795140579119632, "relative_error": 0.01296271368078337, "hard_error_pb": 0.0007604436632269337, "cpu_ms_per_sample": 10.158474871192581, "max_weight_second_moment_fraction": 0.059583479824395394}
PROGRESS {"utc": "2026-09-22T04:59:36.849732+00:00", "stage": "G_hybrid replica 3 production 124/200", "mode": "G_hybrid", "block_completed": 143920, "block_samples": 250000, "worker_pids_seen": 128, "elapsed_s": 30.656114554032683}
G200_PRODUCTION_FINISHED G_hybrid replica 3 production 124/200 {"n": 123750000, "matched_pb": 0.06006374181608905, "matched_error_pb": 0.0007787027635182514, "relative_error": 0.012964606266166108, "hard_error_pb": 0.0007596120012023141, "cpu_ms_per_sample": 10.157921588555478, "max_weight_second_moment_fraction": 0.05947298717258974}
PROGRESS {"utc": "2026-09-22T05:00:30.794870+00:00", "stage": "G_hybrid replica 4 production 124/200", "mode": "G_hybrid", "block_completed": 150664, "block_samples": 250000, "worker_pids_seen": 128, "elapsed_s": 30.465379615081474}
G200_PRODUCTION_FINISHED G_hybrid replica 4 production 124/200 {"n": 124000000, "matched_pb": 0.060054863458584976, "matched_error_pb": 0.0007778712238925681, "relative_error": 0.012952676587617312, "hard_error_pb": 0.0007587595399200886, "cpu_ms_per_sample": 10.157740595011585, "max_weight_second_moment_fraction": 0.05936658796436678}
PROGRESS {"utc": "2026-09-22T05:01:24.684594+00:00", "stage": "G_hybrid replica 1 production 125/200", "mode": "G_hybrid", "block_completed": 217488, "block_samples": 250000, "worker_pids_seen": 128, "elapsed_s": 30.46241474710405}
G200_PRODUCTION_FINISHED G_hybrid replica 1 production 125/200 {"n": 124250000, "matched_pb": 0.06007056680453331, "matched_error_pb": 0.0007770232013706822, "relative_error": 0.01293517345856046, "hard_error_pb": 0.000757890133151215, "cpu_ms_per_sample": 10.159775081505218, "max_weight_second_moment_fraction": 0.059263663180043474}
PROGRESS {"utc": "2026-09-22T05:02:02.188313+00:00", "stage": "G_hybrid replica 2 production 125/200", "mode": "G_hybrid", "block_completed": 129836, "block_samples": 250000, "worker_pids_seen": 128, "elapsed_s": 30.47583892312832}
G200_PRODUCTION_FINISHED G_hybrid replica 2 production 125/200 {"n": 124500000, "matched_pb": 0.06008905187075428, "matched_error_pb": 0.0007762965104322594, "relative_error": 0.012919100672481866, "hard_error_pb": 0.0007571450789438743, "cpu_ms_per_sample": 10.16040152679819, "max_weight_second_moment_fraction": 0.05914212157749435}
G200_PRODUCTION_FINISHED G_hybrid replica 3 production 125/200 {"n": 124750000, "matched_pb": 0.06007084312828277, "matched_error_pb": 0.000775498729564291, "relative_error": 0.012909736057944023, "hard_error_pb": 0.0007563270972373343, "cpu_ms_per_sample": 10.163666131668172, "max_weight_second_moment_fraction": 0.059032797025579335}
G200_PRODUCTION_FINISHED G_hybrid replica 4 production 125/200 {"n": 125000000, "matched_pb": 0.06008496455610535, "matched_error_pb": 0.0007746474388896816, "relative_error": 0.012892533841246449, "hard_error_pb": 0.000755454203137401, "cpu_ms_per_sample": 10.167197123582588, "max_weight_second_moment_fraction": 0.058932855314103375}
PROGRESS {"utc": "2026-09-22T05:04:03.711505+00:00", "stage": "G_hybrid replica 1 production 126/200", "mode": "G_hybrid", "block_completed": 163682, "block_samples": 250000, "worker_pids_seen": 128, "elapsed_s": 30.792546476935968}
G200_PRODUCTION_FINISHED G_hybrid replica 1 production 126/200 {"n": 125250000, "matched_pb": 0.06010135621554867, "matched_error_pb": 0.0007738321766311351, "relative_error": 0.012875452824323104, "hard_error_pb": 0.0007546182054849345, "cpu_ms_per_sample": 10.166363719065792, "max_weight_second_moment_fraction": 0.058827958091729235}
PROGRESS {"utc": "2026-09-22T05:04:50.085418+00:00", "stage": "G_hybrid replica 2 production 126/200", "mode": "G_hybrid", "block_completed": 237712, "block_samples": 250000, "worker_pids_seen": 128, "elapsed_s": 30.464617170160636}
G200_PRODUCTION_FINISHED G_hybrid replica 2 production 126/200 {"n": 125500000, "matched_pb": 0.060112792512152916, "matched_error_pb": 0.0007730167806107047, "relative_error": 0.012859438869928144, "hard_error_pb": 0.000753782025233662, "cpu_ms_per_sample": 10.170285193596568, "max_weight_second_moment_fraction": 0.058723887487600344}
PROGRESS {"utc": "2026-09-22T05:05:23.504274+00:00", "stage": "G_hybrid replica 3 production 126/200", "mode": "G_hybrid", "block_completed": 152518, "block_samples": 250000, "worker_pids_seen": 128, "elapsed_s": 30.471800052095205}
G200_PRODUCTION_FINISHED G_hybrid replica 3 production 126/200 {"n": 125750000, "matched_pb": 0.06012032834443934, "matched_error_pb": 0.0007722148631988185, "relative_error": 0.012844488452802045, "hard_error_pb": 0.0007529596226922083, "cpu_ms_per_sample": 10.169636893175765, "max_weight_second_moment_fraction": 0.058618464901225874}
PROGRESS {"utc": "2026-09-22T05:06:14.549845+00:00", "stage": "G_hybrid replica 4 production 126/200", "mode": "G_hybrid", "block_completed": 150851, "block_samples": 250000, "worker_pids_seen": 128, "elapsed_s": 30.66445475607179}
G200_PRODUCTION_FINISHED G_hybrid replica 4 production 126/200 {"n": 126000000, "matched_pb": 0.06016452262915391, "matched_error_pb": 0.0007713730441339879, "relative_error": 0.012821061489818982, "hard_error_pb": 0.0007520962516035816, "cpu_ms_per_sample": 10.168855378562496, "max_weight_second_moment_fraction": 0.05852021245946901}
PROGRESS {"utc": "2026-09-22T05:07:06.746963+00:00", "stage": "G_hybrid replica 1 production 127/200", "mode": "G_hybrid", "block_completed": 142764, "block_samples": 250000, "worker_pids_seen": 128, "elapsed_s": 30.712098371004686}
G200_PRODUCTION_FINISHED G_hybrid replica 1 production 127/200 {"n": 126250000, "matched_pb": 0.060190475691832834, "matched_error_pb": 0.0007706413152209528, "relative_error": 0.01280337638742935, "hard_error_pb": 0.0007513457494290512, "cpu_ms_per_sample": 10.168334654205175, "max_weight_second_moment_fraction": 0.05840518627752218}
PROGRESS {"utc": "2026-09-22T05:08:00.169583+00:00", "stage": "G_hybrid replica 2 production 127/200", "mode": "G_hybrid", "block_completed": 134863, "block_samples": 250000, "worker_pids_seen": 128, "elapsed_s": 30.50495068798773}
G200_PRODUCTION_FINISHED G_hybrid replica 2 production 127/200 {"n": 126500000, "matched_pb": 0.060174518519037684, "matched_error_pb": 0.0007698577872980221, "relative_error": 0.012793750681269827, "hard_error_pb": 0.0007505420781828486, "cpu_ms_per_sample": 10.169126098490423, "max_weight_second_moment_fraction": 0.05829921327041692}
PROGRESS {"utc": "2026-09-22T05:08:57.057725+00:00", "stage": "G_hybrid replica 3 production 127/200", "mode": "G_hybrid", "block_completed": 151757, "block_samples": 250000, "worker_pids_seen": 128, "elapsed_s": 30.54951588786207}
G200_PRODUCTION_FINISHED G_hybrid replica 3 production 127/200 {"n": 126750000, "matched_pb": 0.06018858052426854, "matched_error_pb": 0.0007690425017086253, "relative_error": 0.012777216126546479, "hard_error_pb": 0.0007497057875552807, "cpu_ms_per_sample": 10.168155541041084, "max_weight_second_moment_fraction": 0.05819908775296085}
PROGRESS {"utc": "2026-09-22T05:09:47.531264+00:00", "stage": "G_hybrid replica 4 production 127/200", "mode": "G_hybrid", "block_completed": 150069, "block_samples": 250000, "worker_pids_seen": 128, "elapsed_s": 30.515439117094502}
G200_PRODUCTION_FINISHED G_hybrid replica 4 production 127/200 {"n": 127000000, "matched_pb": 0.06022764662532393, "matched_error_pb": 0.0007684248517800142, "relative_error": 0.012758673048614761, "hard_error_pb": 0.0007490721936454185, "cpu_ms_per_sample": 10.167992556423869, "max_weight_second_moment_fraction": 0.058068296897937854}
G200_PRODUCTION_FINISHED G_hybrid replica 1 production 128/200 {"n": 127250000, "matched_pb": 0.06022745299126514, "matched_error_pb": 0.000767637132157139, "relative_error": 0.012745634989221117, "hard_error_pb": 0.0007482641011875818, "cpu_ms_per_sample": 10.172714517267359, "max_weight_second_moment_fraction": 0.057965351593638734}
PROGRESS {"utc": "2026-09-22T05:11:07.987720+00:00", "stage": "G_hybrid replica 2 production 128/200", "mode": "G_hybrid", "block_completed": 136322, "block_samples": 250000, "worker_pids_seen": 128, "elapsed_s": 30.556791500886902}
G200_PRODUCTION_FINISHED G_hybrid replica 2 production 128/200 {"n": 127500000, "matched_pb": 0.06021064786005409, "matched_error_pb": 0.0007668868097490354, "relative_error": 0.012736730744560146, "hard_error_pb": 0.0007474943327053897, "cpu_ms_per_sample": 10.173259063640405, "max_weight_second_moment_fraction": 0.05785723580294703}
PROGRESS {"utc": "2026-09-22T05:12:04.820284+00:00", "stage": "G_hybrid replica 3 production 128/200", "mode": "G_hybrid", "block_completed": 150583, "block_samples": 250000, "worker_pids_seen": 128, "elapsed_s": 30.592948782956228}
G200_PRODUCTION_FINISHED G_hybrid replica 3 production 128/200 {"n": 127750000, "matched_pb": 0.06022178580687705, "matched_error_pb": 0.0007660940023438859, "relative_error": 0.012721210307522986, "hard_error_pb": 0.000746680935130191, "cpu_ms_per_sample": 10.17259671747757, "max_weight_second_moment_fraction": 0.057756639839730235}
PROGRESS {"utc": "2026-09-22T05:12:55.924270+00:00", "stage": "G_hybrid replica 4 production 128/200", "mode": "G_hybrid", "block_completed": 135041, "block_samples": 250000, "worker_pids_seen": 128, "elapsed_s": 30.491123135201633}
G200_PRODUCTION_FINISHED G_hybrid replica 4 production 128/200 {"n": 128000000, "matched_pb": 0.0601813575944877, "matched_error_pb": 0.0007653616746559146, "relative_error": 0.012717587393309615, "hard_error_pb": 0.0007459295486114815, "cpu_ms_per_sample": 10.171857537808153, "max_weight_second_moment_fraction": 0.057647206070358364}
PROGRESS {"utc": "2026-09-22T05:13:51.217225+00:00", "stage": "G_hybrid replica 1 production 129/200", "mode": "G_hybrid", "block_completed": 141484, "block_samples": 250000, "worker_pids_seen": 128, "elapsed_s": 30.514602357055992}
G200_PRODUCTION_FINISHED G_hybrid replica 1 production 129/200 {"n": 128250000, "matched_pb": 0.06021250552335114, "matched_error_pb": 0.0007645453452254029, "relative_error": 0.012697451112193014, "hard_error_pb": 0.0007450919294727685, "cpu_ms_per_sample": 10.171687885262314, "max_weight_second_moment_fraction": 0.057551861724846526}
PROGRESS {"utc": "2026-09-22T05:14:44.739443+00:00", "stage": "G_hybrid replica 2 production 129/200", "mode": "G_hybrid", "block_completed": 139386, "block_samples": 250000, "worker_pids_seen": 128, "elapsed_s": 30.487973025999963}
G200_PRODUCTION_FINISHED G_hybrid replica 2 production 129/200 {"n": 128500000, "matched_pb": 0.06024417021619853, "matched_error_pb": 0.000763732898326735, "relative_error": 0.01267729135592578, "hard_error_pb": 0.000744258247146901, "cpu_ms_per_sample": 10.171975131825095, "max_weight_second_moment_fraction": 0.05745664918227891}
PROGRESS {"utc": "2026-09-22T05:15:39.115946+00:00", "stage": "G_hybrid replica 3 production 129/200", "mode": "G_hybrid", "block_completed": 148886, "block_samples": 250000, "worker_pids_seen": 128, "elapsed_s": 30.55440939287655}
G200_PRODUCTION_FINISHED G_hybrid replica 3 production 129/200 {"n": 128750000, "matched_pb": 0.06025038603015054, "matched_error_pb": 0.0007629765947214329, "relative_error": 0.012663430809217117, "hard_error_pb": 0.0007434821333107718, "cpu_ms_per_sample": 10.171322568919203, "max_weight_second_moment_fraction": 0.05735328718375125}
PROGRESS {"utc": "2026-09-22T05:16:31.842668+00:00", "stage": "G_hybrid replica 4 production 129/200", "mode": "G_hybrid", "block_completed": 136804, "block_samples": 250000, "worker_pids_seen": 128, "elapsed_s": 30.595201654126868}
G200_PRODUCTION_FINISHED G_hybrid replica 4 production 129/200 {"n": 129000000, "matched_pb": 0.06024641563099434, "matched_error_pb": 0.0007621606254607692, "relative_error": 0.012650721499000988, "hard_error_pb": 0.0007426447451254022, "cpu_ms_per_sample": 10.170716507568935, "max_weight_second_moment_fraction": 0.05726011347549278}
PROGRESS {"utc": "2026-09-22T05:17:25.917946+00:00", "stage": "G_hybrid replica 1 production 130/200", "mode": "G_hybrid", "block_completed": 142503, "block_samples": 250000, "worker_pids_seen": 128, "elapsed_s": 30.67971906112507}
G200_PRODUCTION_FINISHED G_hybrid replica 1 production 130/200 {"n": 129250000, "matched_pb": 0.060252431723241004, "matched_error_pb": 0.0007613605462998346, "relative_error": 0.012636179561963756, "hard_error_pb": 0.0007418236177971184, "cpu_ms_per_sample": 10.169968073256493, "max_weight_second_moment_fraction": 0.05716516098330682}
PROGRESS {"utc": "2026-09-22T05:18:18.923388+00:00", "stage": "G_hybrid replica 2 production 130/200", "mode": "G_hybrid", "block_completed": 141310, "block_samples": 250000, "worker_pids_seen": 128, "elapsed_s": 30.55868203495629}
G200_PRODUCTION_FINISHED G_hybrid replica 2 production 130/200 {"n": 129500000, "matched_pb": 0.06026616898422364, "matched_error_pb": 0.0007605878713099946, "relative_error": 0.012620478190825433, "hard_error_pb": 0.0007410305718683215, "cpu_ms_per_sample": 10.170122190082454, "max_weight_second_moment_fraction": 0.05706660865074226}
PROGRESS {"utc": "2026-09-22T05:19:12.551921+00:00", "stage": "G_hybrid replica 3 production 130/200", "mode": "G_hybrid", "block_completed": 153196, "block_samples": 250000, "worker_pids_seen": 128, "elapsed_s": 30.516608824022114}
G200_PRODUCTION_FINISHED G_hybrid replica 3 production 130/200 {"n": 129750000, "matched_pb": 0.06025778554838314, "matched_error_pb": 0.0007598013406408384, "relative_error": 0.012609181265560558, "hard_error_pb": 0.0007402232607120895, "cpu_ms_per_sample": 10.169197577027195, "max_weight_second_moment_fraction": 0.05697097443818408}
PROGRESS {"utc": "2026-09-22T05:20:04.471917+00:00", "stage": "G_hybrid replica 4 production 130/200", "mode": "G_hybrid", "block_completed": 136100, "block_samples": 250000, "worker_pids_seen": 128, "elapsed_s": 30.505456052022055}
G200_PRODUCTION_FINISHED G_hybrid replica 4 production 130/200 {"n": 130000000, "matched_pb": 0.060264319347472034, "matched_error_pb": 0.0007589987842157922, "relative_error": 0.012594496916816678, "hard_error_pb": 0.0007393994542198915, "cpu_ms_per_sample": 10.16903004921401, "max_weight_second_moment_fraction": 0.05687859731538489}
PROGRESS {"utc": "2026-09-22T05:21:02.870238+00:00", "stage": "G_hybrid replica 1 production 131/200", "mode": "G_hybrid", "block_completed": 136504, "block_samples": 250000, "worker_pids_seen": 128, "elapsed_s": 30.51372314011678}
G200_PRODUCTION_FINISHED G_hybrid replica 1 production 131/200 {"n": 130250000, "matched_pb": 0.06026852546986597, "matched_error_pb": 0.0007582308423563112, "relative_error": 0.012580875945528544, "hard_error_pb": 0.0007386111350094742, "cpu_ms_per_sample": 10.168131266872686, "max_weight_second_moment_fraction": 0.05678147444416635}
PROGRESS {"utc": "2026-09-22T05:21:57.508530+00:00", "stage": "G_hybrid replica 2 production 131/200", "mode": "G_hybrid", "block_completed": 135577, "block_samples": 250000, "worker_pids_seen": 128, "elapsed_s": 30.51891838107258}
G200_PRODUCTION_FINISHED G_hybrid replica 2 production 131/200 {"n": 130500000, "matched_pb": 0.060299673338497006, "matched_error_pb": 0.0007574536168983734, "relative_error": 0.012561487898057878, "hard_error_pb": 0.0007378132420958914, "cpu_ms_per_sample": 10.168444871722397, "max_weight_second_moment_fraction": 0.05668653819315463}
PROGRESS {"utc": "2026-09-22T05:22:53.786980+00:00", "stage": "G_hybrid replica 3 production 131/200", "mode": "G_hybrid", "block_completed": 146211, "block_samples": 250000, "worker_pids_seen": 128, "elapsed_s": 30.683392585022375}
G200_PRODUCTION_FINISHED G_hybrid replica 3 production 131/200 {"n": 130750000, "matched_pb": 0.060350206834306, "matched_error_pb": 0.0007567463761363948, "relative_error": 0.0125392507471279, "hard_error_pb": 0.000737087156485031, "cpu_ms_per_sample": 10.167509482460233, "max_weight_second_moment_fraction": 0.056581285386485075}
PROGRESS {"utc": "2026-09-22T05:23:50.543735+00:00", "stage": "G_hybrid replica 4 production 131/200", "mode": "G_hybrid", "block_completed": 145161, "block_samples": 250000, "worker_pids_seen": 128, "elapsed_s": 30.534810516051948}
G200_PRODUCTION_FINISHED G_hybrid replica 4 production 131/200 {"n": 131000000, "matched_pb": 0.06032063372614739, "matched_error_pb": 0.0007559482766981789, "relative_error": 0.012532167353051123, "hard_error_pb": 0.00073626774715627, "cpu_ms_per_sample": 10.166789652995982, "max_weight_second_moment_fraction": 0.05649105861243107}
PROGRESS {"utc": "2026-09-22T05:24:43.432805+00:00", "stage": "G_hybrid replica 1 production 132/200", "mode": "G_hybrid", "block_completed": 138979, "block_samples": 250000, "worker_pids_seen": 128, "elapsed_s": 30.541285000974312}
G200_PRODUCTION_FINISHED G_hybrid replica 1 production 132/200 {"n": 131250000, "matched_pb": 0.06030530744663215, "matched_error_pb": 0.0007551586231881954, "relative_error": 0.01252225807581665, "hard_error_pb": 0.000735456963142721, "cpu_ms_per_sample": 10.166230582829858, "max_weight_second_moment_fraction": 0.056400204990372405}
PROGRESS {"utc": "2026-09-22T05:25:39.710232+00:00", "stage": "G_hybrid replica 2 production 132/200", "mode": "G_hybrid", "block_completed": 133667, "block_samples": 250000, "worker_pids_seen": 128, "elapsed_s": 30.541412885999307}
G200_PRODUCTION_FINISHED G_hybrid replica 2 production 132/200 {"n": 131500000, "matched_pb": 0.06029051580159622, "matched_error_pb": 0.0007543902820927566, "relative_error": 0.01251258630089185, "hard_error_pb": 0.0007346680176621353, "cpu_ms_per_sample": 10.166729919938705, "max_weight_second_moment_fraction": 0.05630669555994203}
PROGRESS {"utc": "2026-09-22T05:26:37.561042+00:00", "stage": "G_hybrid replica 3 production 132/200", "mode": "G_hybrid", "block_completed": 146845, "block_samples": 250000, "worker_pids_seen": 128, "elapsed_s": 30.47243631305173}
G200_PRODUCTION_FINISHED G_hybrid replica 3 production 132/200 {"n": 131750000, "matched_pb": 0.06025914574618253, "matched_error_pb": 0.0007536290397414751, "relative_error": 0.012506467365399353, "hard_error_pb": 0.0007338863181728356, "cpu_ms_per_sample": 10.165739593493251, "max_weight_second_moment_fraction": 0.056212765326751485}
PROGRESS {"utc": "2026-09-22T05:27:29.777755+00:00", "stage": "G_hybrid replica 4 production 132/200", "mode": "G_hybrid", "block_completed": 143363, "block_samples": 250000, "worker_pids_seen": 128, "elapsed_s": 30.593309292104095}
G200_PRODUCTION_FINISHED G_hybrid replica 4 production 132/200 {"n": 132000000, "matched_pb": 0.060279194265925276, "matched_error_pb": 0.0007528644719117905, "relative_error": 0.012489624008417959, "hard_error_pb": 0.000733101160500133, "cpu_ms_per_sample": 10.165178722474899, "max_weight_second_moment_fraction": 0.056120058379700986}
PROGRESS {"utc": "2026-09-22T05:28:22.301448+00:00", "stage": "G_hybrid replica 1 production 133/200", "mode": "G_hybrid", "block_completed": 141999, "block_samples": 250000, "worker_pids_seen": 128, "elapsed_s": 30.550308854086325}
G200_PRODUCTION_FINISHED G_hybrid replica 1 production 133/200 {"n": 132250000, "matched_pb": 0.060255536181457514, "matched_error_pb": 0.0007521118076338332, "relative_error": 0.012482036594428002, "hard_error_pb": 0.0007323281843831048, "cpu_ms_per_sample": 10.165109543279218, "max_weight_second_moment_fraction": 0.05602616612374957}
PROGRESS {"utc": "2026-09-22T05:29:15.714137+00:00", "stage": "G_hybrid replica 2 production 133/200", "mode": "G_hybrid", "block_completed": 144587, "block_samples": 250000, "worker_pids_seen": 128, "elapsed_s": 30.501848014071584}
G200_PRODUCTION_FINISHED G_hybrid replica 2 production 133/200 {"n": 132500000, "matched_pb": 0.060194821989756286, "matched_error_pb": 0.0007514314118348297, "relative_error": 0.012483323099829172, "hard_error_pb": 0.0007316293905740174, "cpu_ms_per_sample": 10.166024248614562, "max_weight_second_moment_fraction": 0.05592161010355963}
PROGRESS {"utc": "2026-09-22T05:30:08.834014+00:00", "stage": "G_hybrid replica 3 production 133/200", "mode": "G_hybrid", "block_completed": 162529, "block_samples": 250000, "worker_pids_seen": 128, "elapsed_s": 30.55327002191916}
G200_PRODUCTION_FINISHED G_hybrid replica 3 production 133/200 {"n": 132750000, "matched_pb": 0.06025057947903441, "matched_error_pb": 0.0007506711007982532, "relative_error": 0.012459151551554233, "hard_error_pb": 0.0007308484795313484, "cpu_ms_per_sample": 10.165292879415757, "max_weight_second_moment_fraction": 0.055830304420388756}
PROGRESS {"utc": "2026-09-22T05:30:57.065263+00:00", "stage": "G_hybrid replica 4 production 133/200", "mode": "G_hybrid", "block_completed": 145408, "block_samples": 250000, "worker_pids_seen": 128, "elapsed_s": 30.513167267199606}
G200_PRODUCTION_FINISHED G_hybrid replica 4 production 133/200 {"n": 133000000, "matched_pb": 0.060242694091870386, "matched_error_pb": 0.0007499095679259, "relative_error": 0.01244814129298873, "hard_error_pb": 0.0007300662699552915, "cpu_ms_per_sample": 10.16497335471172, "max_weight_second_moment_fraction": 0.05573986165662669}
PROGRESS {"utc": "2026-09-22T05:31:48.194452+00:00", "stage": "G_hybrid replica 1 production 134/200", "mode": "G_hybrid", "block_completed": 135804, "block_samples": 250000, "worker_pids_seen": 128, "elapsed_s": 30.48825277085416}
G200_PRODUCTION_FINISHED G_hybrid replica 1 production 134/200 {"n": 133250000, "matched_pb": 0.06020375944560051, "matched_error_pb": 0.0007491703841370654, "relative_error": 0.012443913653166593, "hard_error_pb": 0.0007293069744131759, "cpu_ms_per_sample": 10.164265132743457, "max_weight_second_moment_fraction": 0.05564658633413486}
PROGRESS {"utc": "2026-09-22T05:32:43.541233+00:00", "stage": "G_hybrid replica 2 production 134/200", "mode": "G_hybrid", "block_completed": 146966, "block_samples": 250000, "worker_pids_seen": 128, "elapsed_s": 30.608687471831217}
G200_PRODUCTION_FINISHED G_hybrid replica 2 production 134/200 {"n": 133500000, "matched_pb": 0.060188329695844756, "matched_error_pb": 0.0007484268562747158, "relative_error": 0.012434750391924985, "hard_error_pb": 0.0007285431748722081, "cpu_ms_per_sample": 10.164740540617975, "max_weight_second_moment_fraction": 0.05555466805137486}
PROGRESS {"utc": "2026-09-22T05:33:38.750584+00:00", "stage": "G_hybrid replica 3 production 134/200", "mode": "G_hybrid", "block_completed": 151701, "block_samples": 250000, "worker_pids_seen": 128, "elapsed_s": 30.767345355823636}
G200_PRODUCTION_FINISHED G_hybrid replica 3 production 134/200 {"n": 133750000, "matched_pb": 0.06019071659326043, "matched_error_pb": 0.0007477135796920724, "relative_error": 0.012422407009119976, "hard_error_pb": 0.0007278104119312638, "cpu_ms_per_sample": 10.163872368749471, "max_weight_second_moment_fraction": 0.05545868456179464}
PROGRESS {"utc": "2026-09-22T05:34:29.502385+00:00", "stage": "G_hybrid replica 4 production 134/200", "mode": "G_hybrid", "block_completed": 146151, "block_samples": 250000, "worker_pids_seen": 128, "elapsed_s": 30.579443488037214}
G200_PRODUCTION_FINISHED G_hybrid replica 4 production 134/200 {"n": 134000000, "matched_pb": 0.060270129649441284, "matched_error_pb": 0.0007469667588133214, "relative_error": 0.01239364778469903, "hard_error_pb": 0.000727043146746946, "cpu_ms_per_sample": 10.163967355695432, "max_weight_second_moment_fraction": 0.05536862881518833}
PROGRESS {"utc": "2026-09-22T05:35:22.735902+00:00", "stage": "G_hybrid replica 1 production 135/200", "mode": "G_hybrid", "block_completed": 158516, "block_samples": 250000, "worker_pids_seen": 128, "elapsed_s": 30.544350926065817}
G200_PRODUCTION_FINISHED G_hybrid replica 1 production 135/200 {"n": 134250000, "matched_pb": 0.06023379366688868, "matched_error_pb": 0.0007462521985350526, "relative_error": 0.012389261129094007, "hard_error_pb": 0.0007263089854036107, "cpu_ms_per_sample": 10.164414585055006, "max_weight_second_moment_fraction": 0.055274175921014676}
PROGRESS {"utc": "2026-09-22T05:36:09.423050+00:00", "stage": "G_hybrid replica 2 production 135/200", "mode": "G_hybrid", "block_completed": 145520, "block_samples": 250000, "worker_pids_seen": 128, "elapsed_s": 30.585610330104828}
G200_PRODUCTION_FINISHED G_hybrid replica 2 production 135/200 {"n": 134500000, "matched_pb": 0.06026626987588689, "matched_error_pb": 0.0007457060865056996, "relative_error": 0.012373523167128413, "hard_error_pb": 0.000725747866625365, "cpu_ms_per_sample": 10.165910695493498, "max_weight_second_moment_fraction": 0.05515407843127582}
PROGRESS {"utc": "2026-09-22T05:37:02.073428+00:00", "stage": "G_hybrid replica 3 production 135/200", "mode": "G_hybrid", "block_completed": 160032, "block_samples": 250000, "worker_pids_seen": 128, "elapsed_s": 30.53397423401475}
G200_PRODUCTION_FINISHED G_hybrid replica 3 production 135/200 {"n": 134750000, "matched_pb": 0.06031066716590758, "matched_error_pb": 0.0007452303985443605, "relative_error": 0.012356527187708254, "hard_error_pb": 0.0007252590884464731, "cpu_ms_per_sample": 10.16496860617901, "max_weight_second_moment_fraction": 0.0550237117408854}
PROGRESS {"utc": "2026-09-22T05:37:51.247060+00:00", "stage": "G_hybrid replica 4 production 135/200", "mode": "G_hybrid", "block_completed": 148727, "block_samples": 250000, "worker_pids_seen": 128, "elapsed_s": 30.618771756067872}
G200_PRODUCTION_FINISHED G_hybrid replica 4 production 135/200 {"n": 135000000, "matched_pb": 0.06035975640803114, "matched_error_pb": 0.0007444822311439985, "relative_error": 0.012334082763875133, "hard_error_pb": 0.0007244902973461885, "cpu_ms_per_sample": 10.164468146053805, "max_weight_second_moment_fraction": 0.054936519416370316}
G200_PEAK_REPLAYS production_135000000 new 1 total 75 issues 0
PROGRESS {"utc": "2026-09-22T05:38:49.919621+00:00", "stage": "G_hybrid replica 1 production 136/200", "mode": "G_hybrid", "block_completed": 146286, "block_samples": 250000, "worker_pids_seen": 128, "elapsed_s": 30.976793819805607}
G200_PRODUCTION_FINISHED G_hybrid replica 1 production 136/200 {"n": 135250000, "matched_pb": 0.060414953243007344, "matched_error_pb": 0.0007437620486817397, "relative_error": 0.012310893392404066, "hard_error_pb": 0.000723750221774668, "cpu_ms_per_sample": 10.164288062829417, "max_weight_second_moment_fraction": 0.05484561355894546}
PROGRESS {"utc": "2026-09-22T05:39:41.925926+00:00", "stage": "G_hybrid replica 2 production 136/200", "mode": "G_hybrid", "block_completed": 136639, "block_samples": 250000, "worker_pids_seen": 128, "elapsed_s": 30.80089931283146}
G200_PRODUCTION_FINISHED G_hybrid replica 2 production 136/200 {"n": 135500000, "matched_pb": 0.060418066433709644, "matched_error_pb": 0.0007430081179362377, "relative_error": 0.01229778047848423, "hard_error_pb": 0.0007229754226657865, "cpu_ms_per_sample": 10.16512536599662, "max_weight_second_moment_fraction": 0.05476060052605775}
PROGRESS {"utc": "2026-09-22T05:40:37.455362+00:00", "stage": "G_hybrid replica 3 production 136/200", "mode": "G_hybrid", "block_completed": 154113, "block_samples": 250000, "worker_pids_seen": 128, "elapsed_s": 30.593781136907637}
G200_PRODUCTION_FINISHED G_hybrid replica 3 production 136/200 {"n": 135750000, "matched_pb": 0.06038795549321087, "matched_error_pb": 0.0007423862314682788, "relative_error": 0.012293614271338293, "hard_error_pb": 0.000722336289503231, "cpu_ms_per_sample": 10.164261855050002, "max_weight_second_moment_fraction": 0.05465567875582758}
PROGRESS {"utc": "2026-09-22T05:41:25.751495+00:00", "stage": "G_hybrid replica 4 production 136/200", "mode": "G_hybrid", "block_completed": 154767, "block_samples": 250000, "worker_pids_seen": 128, "elapsed_s": 30.80518556991592}
G200_PRODUCTION_FINISHED G_hybrid replica 4 production 136/200 {"n": 136000000, "matched_pb": 0.060372460139422615, "matched_error_pb": 0.0007416626779718679, "relative_error": 0.01228478475548439, "hard_error_pb": 0.0007215926318609589, "cpu_ms_per_sample": 10.163756790164063, "max_weight_second_moment_fraction": 0.05456721888025544}
PROGRESS {"utc": "2026-09-22T05:42:14.879456+00:00", "stage": "G_hybrid replica 1 production 137/200", "mode": "G_hybrid", "block_completed": 153760, "block_samples": 250000, "worker_pids_seen": 128, "elapsed_s": 30.528880794066936}
G200_PRODUCTION_FINISHED G_hybrid replica 1 production 137/200 {"n": 136250000, "matched_pb": 0.060383120883203925, "matched_error_pb": 0.0007410121431399036, "relative_error": 0.01227184240068026, "hard_error_pb": 0.0007209239867977869, "cpu_ms_per_sample": 10.163656012108806, "max_weight_second_moment_fraction": 0.05446805304595796}
PROGRESS {"utc": "2026-09-22T05:43:05.213913+00:00", "stage": "G_hybrid replica 2 production 137/200", "mode": "G_hybrid", "block_completed": 148587, "block_samples": 250000, "worker_pids_seen": 128, "elapsed_s": 30.502229244913906}
G200_PRODUCTION_FINISHED G_hybrid replica 2 production 137/200 {"n": 136500000, "matched_pb": 0.06033446634197899, "matched_error_pb": 0.0007403358999022424, "relative_error": 0.012270530341744947, "hard_error_pb": 0.0007202288824697922, "cpu_ms_per_sample": 10.164011847083529, "max_weight_second_moment_fraction": 0.054373515206807735}
PROGRESS {"utc": "2026-09-22T05:43:59.207008+00:00", "stage": "G_hybrid replica 3 production 137/200", "mode": "G_hybrid", "block_completed": 153784, "block_samples": 250000, "worker_pids_seen": 128, "elapsed_s": 30.616231929976493}
G200_PRODUCTION_FINISHED G_hybrid replica 3 production 137/200 {"n": 136750000, "matched_pb": 0.060417046119920964, "matched_error_pb": 0.0007397444408342962, "relative_error": 0.01224396901771708, "hard_error_pb": 0.0007196208975598667, "cpu_ms_per_sample": 10.163641023181198, "max_weight_second_moment_fraction": 0.05426648006322803}
PROGRESS {"utc": "2026-09-22T05:44:50.509937+00:00", "stage": "G_hybrid replica 4 production 137/200", "mode": "G_hybrid", "block_completed": 158111, "block_samples": 250000, "worker_pids_seen": 128, "elapsed_s": 30.520411765901372}
G200_PRODUCTION_FINISHED G_hybrid replica 4 production 137/200 {"n": 137000000, "matched_pb": 0.06041260650327923, "matched_error_pb": 0.0007390423490868422, "relative_error": 0.012233247195628391, "hard_error_pb": 0.0007188991530134256, "cpu_ms_per_sample": 10.163627348031758, "max_weight_second_moment_fraction": 0.054177226480214835}
PROGRESS {"utc": "2026-09-22T05:45:39.872677+00:00", "stage": "G_hybrid replica 1 production 138/200", "mode": "G_hybrid", "block_completed": 164275, "block_samples": 250000, "worker_pids_seen": 128, "elapsed_s": 30.8116248389706}
G200_PRODUCTION_FINISHED G_hybrid replica 1 production 138/200 {"n": 137250000, "matched_pb": 0.06039065668483494, "matched_error_pb": 0.000738341355313223, "relative_error": 0.012226085885544483, "hard_error_pb": 0.0007181784983034437, "cpu_ms_per_sample": 10.16406148805899, "max_weight_second_moment_fraction": 0.05408842290545253}
PROGRESS {"utc": "2026-09-22T05:46:27.091168+00:00", "stage": "G_hybrid replica 2 production 138/200", "mode": "G_hybrid", "block_completed": 247476, "block_samples": 250000, "worker_pids_seen": 128, "elapsed_s": 30.632392504950985}
G200_PRODUCTION_FINISHED G_hybrid replica 2 production 138/200 {"n": 137500000, "matched_pb": 0.06037192518117654, "matched_error_pb": 0.0007376254662439212, "relative_error": 0.012218021274463293, "hard_error_pb": 0.0007174424903162516, "cpu_ms_per_sample": 10.168474331922216, "max_weight_second_moment_fraction": 0.054002543362541365}
PROGRESS {"utc": "2026-09-22T05:46:59.504693+00:00", "stage": "G_hybrid replica 3 production 138/200", "mode": "G_hybrid", "block_completed": 162731, "block_samples": 250000, "worker_pids_seen": 128, "elapsed_s": 30.70046654995531}
G200_PRODUCTION_FINISHED G_hybrid replica 3 production 138/200 {"n": 137750000, "matched_pb": 0.06042512221393612, "matched_error_pb": 0.0007369661542787344, "relative_error": 0.012196353557540089, "hard_error_pb": 0.0007167646133927162, "cpu_ms_per_sample": 10.168884191465898, "max_weight_second_moment_fraction": 0.05390853318923426}
PROGRESS {"utc": "2026-09-22T05:47:47.856922+00:00", "stage": "G_hybrid replica 4 production 138/200", "mode": "G_hybrid", "block_completed": 150702, "block_samples": 250000, "worker_pids_seen": 128, "elapsed_s": 30.639663822948933}
G200_PRODUCTION_FINISHED G_hybrid replica 4 production 138/200 {"n": 138000000, "matched_pb": 0.06037427902709243, "matched_error_pb": 0.0007362115466902788, "relative_error": 0.012194125686534664, "hard_error_pb": 0.0007159887149527674, "cpu_ms_per_sample": 10.169113049945764, "max_weight_second_moment_fraction": 0.05382986126953877}
PROGRESS {"utc": "2026-09-22T05:48:41.283825+00:00", "stage": "G_hybrid replica 1 production 139/200", "mode": "G_hybrid", "block_completed": 137630, "block_samples": 250000, "worker_pids_seen": 128, "elapsed_s": 30.583428316982463}
G200_PRODUCTION_FINISHED G_hybrid replica 1 production 139/200 {"n": 138250000, "matched_pb": 0.06035439308800722, "matched_error_pb": 0.0007354987528453183, "relative_error": 0.012186333342343996, "hard_error_pb": 0.0007152557681673327, "cpu_ms_per_sample": 10.168764562708814, "max_weight_second_moment_fraction": 0.053745331474582186}
PROGRESS {"utc": "2026-09-22T05:49:37.042667+00:00", "stage": "G_hybrid replica 2 production 139/200", "mode": "G_hybrid", "block_completed": 128959, "block_samples": 250000, "worker_pids_seen": 128, "elapsed_s": 30.655015114927664}
G200_PRODUCTION_FINISHED G_hybrid replica 2 production 139/200 {"n": 138500000, "matched_pb": 0.06037805959835006, "matched_error_pb": 0.00073483174487243, "relative_error": 0.012170509449305169, "hard_error_pb": 0.0007145698648361004, "cpu_ms_per_sample": 10.16888694315864, "max_weight_second_moment_fraction": 0.05365433785693815}
PROGRESS {"utc": "2026-09-22T05:50:35.146972+00:00", "stage": "G_hybrid replica 3 production 139/200", "mode": "G_hybrid", "block_completed": 144562, "block_samples": 250000, "worker_pids_seen": 128, "elapsed_s": 30.492058000992984}
G200_PRODUCTION_FINISHED G_hybrid replica 3 production 139/200 {"n": 138750000, "matched_pb": 0.0604475717404411, "matched_error_pb": 0.0007347095248557028, "relative_error": 0.012154491962233145, "hard_error_pb": 0.0007144441786265147, "cpu_ms_per_sample": 10.167979402612408, "max_weight_second_moment_fraction": 0.05347998749144908}
PROGRESS {"utc": "2026-09-22T05:51:28.189617+00:00", "stage": "G_hybrid replica 4 production 139/200", "mode": "G_hybrid", "block_completed": 145681, "block_samples": 250000, "worker_pids_seen": 128, "elapsed_s": 30.698041731957346}
G200_PRODUCTION_FINISHED G_hybrid replica 4 production 139/200 {"n": 139000000, "matched_pb": 0.06042849590600867, "matched_error_pb": 0.0007340170425779974, "relative_error": 0.012146869313439439, "hard_error_pb": 0.0007137320346282436, "cpu_ms_per_sample": 10.167391649445984, "max_weight_second_moment_fraction": 0.053394175184275076}
PROGRESS {"utc": "2026-09-22T05:52:22.780714+00:00", "stage": "G_hybrid replica 1 production 140/200", "mode": "G_hybrid", "block_completed": 135452, "block_samples": 250000, "worker_pids_seen": 128, "elapsed_s": 30.51113750692457}
G200_PRODUCTION_FINISHED G_hybrid replica 1 production 140/200 {"n": 139250000, "matched_pb": 0.060420895635666785, "matched_error_pb": 0.0007335312279528463, "relative_error": 0.012140356746380946, "hard_error_pb": 0.0007132324031068928, "cpu_ms_per_sample": 10.16660487677927, "max_weight_second_moment_fraction": 0.05327719220801468}
PROGRESS {"utc": "2026-09-22T05:53:19.742565+00:00", "stage": "G_hybrid replica 2 production 140/200", "mode": "G_hybrid", "block_completed": 134607, "block_samples": 250000, "worker_pids_seen": 128, "elapsed_s": 30.592056069988757}
G200_PRODUCTION_FINISHED G_hybrid replica 2 production 140/200 {"n": 139500000, "matched_pb": 0.06044085232677586, "matched_error_pb": 0.0007328401870273908, "relative_error": 0.012124914835172432, "hard_error_pb": 0.0007125216755874615, "cpu_ms_per_sample": 10.166697380012105, "max_weight_second_moment_fraction": 0.053192365285455755}
PROGRESS {"utc": "2026-09-22T05:54:17.810505+00:00", "stage": "G_hybrid replica 3 production 140/200", "mode": "G_hybrid", "block_completed": 136706, "block_samples": 250000, "worker_pids_seen": 128, "elapsed_s": 30.52705353894271}
G200_PRODUCTION_FINISHED G_hybrid replica 3 production 140/200 {"n": 139750000, "matched_pb": 0.060385276595707554, "matched_error_pb": 0.0007322306794719031, "relative_error": 0.012125980383833387, "hard_error_pb": 0.0007118947720130465, "cpu_ms_per_sample": 10.165937866978629, "max_weight_second_moment_fraction": 0.05309560715094496}
PROGRESS {"utc": "2026-09-22T05:55:14.051355+00:00", "stage": "G_hybrid replica 4 production 140/200", "mode": "G_hybrid", "block_completed": 142118, "block_samples": 250000, "worker_pids_seen": 128, "elapsed_s": 30.486690319841728}
G200_PRODUCTION_FINISHED G_hybrid replica 4 production 140/200 {"n": 140000000, "matched_pb": 0.06036472136697664, "matched_error_pb": 0.0007315298713889796, "relative_error": 0.01211849992550737, "hard_error_pb": 0.0007111739247146226, "cpu_ms_per_sample": 10.165651211507024, "max_weight_second_moment_fraction": 0.053013452153673195}
G200_PEAK_REPLAYS production_140000000 new 1 total 76 issues 0
PROGRESS {"utc": "2026-09-22T05:56:12.921176+00:00", "stage": "G_hybrid replica 1 production 141/200", "mode": "G_hybrid", "block_completed": 136702, "block_samples": 250000, "worker_pids_seen": 128, "elapsed_s": 30.683814430143684}
G200_PRODUCTION_FINISHED G_hybrid replica 1 production 141/200 {"n": 140250000, "matched_pb": 0.060392037447453, "matched_error_pb": 0.0007308558580311642, "relative_error": 0.012101857942234198, "hard_error_pb": 0.0007104806004938431, "cpu_ms_per_sample": 10.165460346476102, "max_weight_second_moment_fraction": 0.052927774970781265}
PROGRESS {"utc": "2026-09-22T05:57:08.834567+00:00", "stage": "G_hybrid replica 2 production 141/200", "mode": "G_hybrid", "block_completed": 128281, "block_samples": 250000, "worker_pids_seen": 128, "elapsed_s": 30.493850877974182}
G200_PRODUCTION_FINISHED G_hybrid replica 2 production 141/200 {"n": 140500000, "matched_pb": 0.06038246974978749, "matched_error_pb": 0.0007301754830700309, "relative_error": 0.012092507744312673, "hard_error_pb": 0.0007097806946770078, "cpu_ms_per_sample": 10.165796752277368, "max_weight_second_moment_fraction": 0.05284364873833623}
PROGRESS {"utc": "2026-09-22T05:58:09.241801+00:00", "stage": "G_hybrid replica 3 production 141/200", "mode": "G_hybrid", "block_completed": 141818, "block_samples": 250000, "worker_pids_seen": 128, "elapsed_s": 30.5055310591124}
G200_PRODUCTION_FINISHED G_hybrid replica 3 production 141/200 {"n": 140750000, "matched_pb": 0.060370617962233974, "matched_error_pb": 0.0007297882863809423, "relative_error": 0.012088468049763474, "hard_error_pb": 0.0007093823661456879, "cpu_ms_per_sample": 10.164797766710922, "max_weight_second_moment_fraction": 0.052715245888742907}
PROGRESS {"utc": "2026-09-22T05:59:02.317331+00:00", "stage": "G_hybrid replica 4 production 141/200", "mode": "G_hybrid", "block_completed": 140947, "block_samples": 250000, "worker_pids_seen": 128, "elapsed_s": 30.577650220133364}
G200_PRODUCTION_FINISHED G_hybrid replica 4 production 141/200 {"n": 141000000, "matched_pb": 0.060352416168277315, "matched_error_pb": 0.000729074669572342, "relative_error": 0.012080289669588427, "hard_error_pb": 0.0007086482006409403, "cpu_ms_per_sample": 10.163948633275421, "max_weight_second_moment_fraction": 0.05263737139127062}
PROGRESS {"utc": "2026-09-22T05:59:56.265483+00:00", "stage": "G_hybrid replica 1 production 142/200", "mode": "G_hybrid", "block_completed": 142449, "block_samples": 250000, "worker_pids_seen": 128, "elapsed_s": 30.66168529400602}
G200_PRODUCTION_FINISHED G_hybrid replica 1 production 142/200 {"n": 141250000, "matched_pb": 0.06034203860097577, "matched_error_pb": 0.0007283841870449764, "relative_error": 0.012070924415755453, "hard_error_pb": 0.0007079377955701996, "cpu_ms_per_sample": 10.16305372125283, "max_weight_second_moment_fraction": 0.05255652819538546}
PROGRESS {"utc": "2026-09-22T06:00:49.917395+00:00", "stage": "G_hybrid replica 2 production 142/200", "mode": "G_hybrid", "block_completed": 133960, "block_samples": 250000, "worker_pids_seen": 128, "elapsed_s": 30.63552311481908}
G200_PRODUCTION_FINISHED G_hybrid replica 2 production 142/200 {"n": 141500000, "matched_pb": 0.06035925113099193, "matched_error_pb": 0.0007277126269649781, "relative_error": 0.012056356123201276, "hard_error_pb": 0.0007072468210631222, "cpu_ms_per_sample": 10.163065870269733, "max_weight_second_moment_fraction": 0.05247336330443993}
PROGRESS {"utc": "2026-09-22T06:01:47.467472+00:00", "stage": "G_hybrid replica 3 production 142/200", "mode": "G_hybrid", "block_completed": 137361, "block_samples": 250000, "worker_pids_seen": 128, "elapsed_s": 30.56305429013446}
G200_PRODUCTION_FINISHED G_hybrid replica 3 production 142/200 {"n": 141750000, "matched_pb": 0.06033203878007065, "matched_error_pb": 0.0007270336079197613, "relative_error": 0.012050539358864177, "hard_error_pb": 0.0007065481338907122, "cpu_ms_per_sample": 10.16187607570285, "max_weight_second_moment_fraction": 0.05239189617857602}
PROGRESS {"utc": "2026-09-22T06:02:42.943415+00:00", "stage": "G_hybrid replica 4 production 142/200", "mode": "G_hybrid", "block_completed": 133753, "block_samples": 250000, "worker_pids_seen": 128, "elapsed_s": 30.550460199126974}
G200_PRODUCTION_FINISHED G_hybrid replica 4 production 142/200 {"n": 142000000, "matched_pb": 0.060345080637892554, "matched_error_pb": 0.0007263694765324217, "relative_error": 0.012036929420826918, "hard_error_pb": 0.0007058647284697027, "cpu_ms_per_sample": 10.160921036093523, "max_weight_second_moment_fraction": 0.052308722587117815}
PROGRESS {"utc": "2026-09-22T06:03:38.999432+00:00", "stage": "G_hybrid replica 1 production 143/200", "mode": "G_hybrid", "block_completed": 140953, "block_samples": 250000, "worker_pids_seen": 128, "elapsed_s": 30.58328932686709}
G200_PRODUCTION_FINISHED G_hybrid replica 1 production 143/200 {"n": 142250000, "matched_pb": 0.06030154723582476, "matched_error_pb": 0.0007256997871228675, "relative_error": 0.012034513547137212, "hard_error_pb": 0.0007051755664299479, "cpu_ms_per_sample": 10.160183067724612, "max_weight_second_moment_fraction": 0.052226949434516536}
PROGRESS {"utc": "2026-09-22T06:04:34.024398+00:00", "stage": "G_hybrid replica 2 production 143/200", "mode": "G_hybrid", "block_completed": 131720, "block_samples": 250000, "worker_pids_seen": 128, "elapsed_s": 30.48911018995568}
G200_PRODUCTION_FINISHED G_hybrid replica 2 production 143/200 {"n": 142500000, "matched_pb": 0.06032326114882815, "matched_error_pb": 0.0007251777777832991, "relative_error": 0.012021528080090984, "hard_error_pb": 0.0007046383525258518, "cpu_ms_per_sample": 10.160421509137267, "max_weight_second_moment_fraction": 0.05212324719927921}
PROGRESS {"utc": "2026-09-22T06:05:32.064542+00:00", "stage": "G_hybrid replica 3 production 143/200", "mode": "G_hybrid", "block_completed": 144599, "block_samples": 250000, "worker_pids_seen": 128, "elapsed_s": 30.515999996103346}
G200_PRODUCTION_FINISHED G_hybrid replica 3 production 143/200 {"n": 142750000, "matched_pb": 0.06028697485943123, "matched_error_pb": 0.000724521307633277, "relative_error": 0.01201787466235642, "hard_error_pb": 0.0007039627288956826, "cpu_ms_per_sample": 10.159627323939898, "max_weight_second_moment_fraction": 0.052040582016825994}
PROGRESS {"utc": "2026-09-22T06:06:24.531593+00:00", "stage": "G_hybrid replica 4 production 143/200", "mode": "G_hybrid", "block_completed": 138201, "block_samples": 250000, "worker_pids_seen": 128, "elapsed_s": 30.56149830110371}
G200_PRODUCTION_FINISHED G_hybrid replica 4 production 143/200 {"n": 143000000, "matched_pb": 0.0603198564076987, "matched_error_pb": 0.0007239142644256488, "relative_error": 0.012001259743271781, "hard_error_pb": 0.0007033379420296838, "cpu_ms_per_sample": 10.159159179304792, "max_weight_second_moment_fraction": 0.05195095926861062}
PROGRESS {"utc": "2026-09-22T06:07:19.551969+00:00", "stage": "G_hybrid replica 1 production 144/200", "mode": "G_hybrid", "block_completed": 139667, "block_samples": 250000, "worker_pids_seen": 128, "elapsed_s": 30.479864940047264}
G200_PRODUCTION_FINISHED G_hybrid replica 1 production 144/200 {"n": 143250000, "matched_pb": 0.06029918150052538, "matched_error_pb": 0.0007234464841262273, "relative_error": 0.011997616984567593, "hard_error_pb": 0.0007028564674627547, "cpu_ms_per_sample": 10.158635534826518, "max_weight_second_moment_fraction": 0.051840738569939086}
PROGRESS {"utc": "2026-09-22T06:08:13.822233+00:00", "stage": "G_hybrid replica 2 production 144/200", "mode": "G_hybrid", "block_completed": 133513, "block_samples": 250000, "worker_pids_seen": 128, "elapsed_s": 30.550355572951958}
G200_PRODUCTION_FINISHED G_hybrid replica 2 production 144/200 {"n": 143500000, "matched_pb": 0.06026954498932993, "matched_error_pb": 0.0007227921774568764, "relative_error": 0.011992660266222997, "hard_error_pb": 0.0007021829749093005, "cpu_ms_per_sample": 10.158680953908052, "max_weight_second_moment_fraction": 0.05175940897252369}
PROGRESS {"utc": "2026-09-22T06:09:10.849320+00:00", "stage": "G_hybrid replica 3 production 144/200", "mode": "G_hybrid", "block_completed": 141349, "block_samples": 250000, "worker_pids_seen": 128, "elapsed_s": 30.629648581845686}
G200_PRODUCTION_FINISHED G_hybrid replica 3 production 144/200 {"n": 143750000, "matched_pb": 0.06027583747589582, "matched_error_pb": 0.0007221528831049779, "relative_error": 0.011980802148021009, "hard_error_pb": 0.0007015248997979006, "cpu_ms_per_sample": 10.158244888575467, "max_weight_second_moment_fraction": 0.05167634812784168}
PROGRESS {"utc": "2026-09-22T06:10:05.047619+00:00", "stage": "G_hybrid replica 4 production 144/200", "mode": "G_hybrid", "block_completed": 142606, "block_samples": 250000, "worker_pids_seen": 128, "elapsed_s": 30.583380399970338}
G200_PRODUCTION_FINISHED G_hybrid replica 4 production 144/200 {"n": 144000000, "matched_pb": 0.06024875574787143, "matched_error_pb": 0.0007214952808366747, "relative_error": 0.011975272715273707, "hard_error_pb": 0.0007008479426589015, "cpu_ms_per_sample": 10.1578735436009, "max_weight_second_moment_fraction": 0.05159659991923941}
PROGRESS {"utc": "2026-09-22T06:11:00.574124+00:00", "stage": "G_hybrid replica 1 production 145/200", "mode": "G_hybrid", "block_completed": 148288, "block_samples": 250000, "worker_pids_seen": 128, "elapsed_s": 30.510804269928485}
G200_PRODUCTION_FINISHED G_hybrid replica 1 production 145/200 {"n": 144250000, "matched_pb": 0.06023226603612815, "matched_error_pb": 0.0007208190212987452, "relative_error": 0.011967323641225585, "hard_error_pb": 0.0007001517406432006, "cpu_ms_per_sample": 10.157024944939929, "max_weight_second_moment_fraction": 0.051520214459732414}
PROGRESS {"utc": "2026-09-22T06:11:53.134627+00:00", "stage": "G_hybrid replica 2 production 145/200", "mode": "G_hybrid", "block_completed": 126582, "block_samples": 250000, "worker_pids_seen": 128, "elapsed_s": 30.58973881183192}
G200_PRODUCTION_FINISHED G_hybrid replica 2 production 145/200 {"n": 144500000, "matched_pb": 0.060228114497389074, "matched_error_pb": 0.0007201744923197691, "relative_error": 0.011957447088120103, "hard_error_pb": 0.00069948816848297, "cpu_ms_per_sample": 10.157365598836142, "max_weight_second_moment_fraction": 0.05143955497840186}
PROGRESS {"utc": "2026-09-22T06:12:53.736247+00:00", "stage": "G_hybrid replica 3 production 145/200", "mode": "G_hybrid", "block_completed": 137839, "block_samples": 250000, "worker_pids_seen": 128, "elapsed_s": 30.604133993852884}
G200_PRODUCTION_FINISHED G_hybrid replica 3 production 145/200 {"n": 144750000, "matched_pb": 0.06024995447345108, "matched_error_pb": 0.0007195216164913022, "relative_error": 0.011942276517542545, "hard_error_pb": 0.0006988159665161345, "cpu_ms_per_sample": 10.156372912347491, "max_weight_second_moment_fraction": 0.0513606927373545}
PROGRESS {"utc": "2026-09-22T06:13:48.534888+00:00", "stage": "G_hybrid replica 4 production 145/200", "mode": "G_hybrid", "block_completed": 144593, "block_samples": 250000, "worker_pids_seen": 128, "elapsed_s": 30.573610334889963}
G200_PRODUCTION_FINISHED G_hybrid replica 4 production 145/200 {"n": 145000000, "matched_pb": 0.060234583688258014, "matched_error_pb": 0.0007188517148806772, "relative_error": 0.01193420242764637, "hard_error_pb": 0.0006981261966482227, "cpu_ms_per_sample": 10.155505583051196, "max_weight_second_moment_fraction": 0.05128492924851242}
PROGRESS {"utc": "2026-09-22T06:14:44.993331+00:00", "stage": "G_hybrid replica 1 production 146/200", "mode": "G_hybrid", "block_completed": 139362, "block_samples": 250000, "worker_pids_seen": 128, "elapsed_s": 30.620428173802793}
G200_PRODUCTION_FINISHED G_hybrid replica 1 production 146/200 {"n": 145250000, "matched_pb": 0.06023314651175091, "matched_error_pb": 0.0007181999887451511, "relative_error": 0.011923667122471133, "hard_error_pb": 0.0006974551041415911, "cpu_ms_per_sample": 10.155192247196009, "max_weight_second_moment_fraction": 0.05120694087321239}
PROGRESS {"utc": "2026-09-22T06:15:40.758285+00:00", "stage": "G_hybrid replica 2 production 146/200", "mode": "G_hybrid", "block_completed": 129499, "block_samples": 250000, "worker_pids_seen": 128, "elapsed_s": 30.60728129814379}
G200_PRODUCTION_FINISHED G_hybrid replica 2 production 146/200 {"n": 145500000, "matched_pb": 0.060239008622583995, "matched_error_pb": 0.0007175480602397835, "relative_error": 0.011911684415914675, "hard_error_pb": 0.0006967837664681193, "cpu_ms_per_sample": 10.155832174322347, "max_weight_second_moment_fraction": 0.051129505406989344}
PROGRESS {"utc": "2026-09-22T06:16:41.606224+00:00", "stage": "G_hybrid replica 3 production 146/200", "mode": "G_hybrid", "block_completed": 135260, "block_samples": 250000, "worker_pids_seen": 128, "elapsed_s": 30.74553743400611}
G200_PRODUCTION_FINISHED G_hybrid replica 3 production 146/200 {"n": 145750000, "matched_pb": 0.06026406031359846, "matched_error_pb": 0.0007168992675454923, "relative_error": 0.011895966913197276, "hard_error_pb": 0.0006961156213351959, "cpu_ms_per_sample": 10.154410198104214, "max_weight_second_moment_fraction": 0.051052116956608024}
PROGRESS {"utc": "2026-09-22T06:17:38.230407+00:00", "stage": "G_hybrid replica 4 production 146/200", "mode": "G_hybrid", "block_completed": 133306, "block_samples": 250000, "worker_pids_seen": 128, "elapsed_s": 30.659304348984733}
G200_PRODUCTION_FINISHED G_hybrid replica 4 production 146/200 {"n": 146000000, "matched_pb": 0.06027117041805208, "matched_error_pb": 0.000716238414623195, "relative_error": 0.011883598902348035, "hard_error_pb": 0.0006954350185614545, "cpu_ms_per_sample": 10.153663542622422, "max_weight_second_moment_fraction": 0.05097706384455485}
PROGRESS {"utc": "2026-09-22T06:18:36.507860+00:00", "stage": "G_hybrid replica 1 production 147/200", "mode": "G_hybrid", "block_completed": 132049, "block_samples": 250000, "worker_pids_seen": 128, "elapsed_s": 30.547614051029086}
G200_PRODUCTION_FINISHED G_hybrid replica 1 production 147/200 {"n": 146250000, "matched_pb": 0.06027932453801367, "matched_error_pb": 0.0007155878936949147, "relative_error": 0.011871199605822504, "hard_error_pb": 0.0006947650193139743, "cpu_ms_per_sample": 10.152966592833124, "max_weight_second_moment_fraction": 0.05090096353532603}
PROGRESS {"utc": "2026-09-22T06:19:35.489402+00:00", "stage": "G_hybrid replica 2 production 147/200", "mode": "G_hybrid", "block_completed": 123742, "block_samples": 250000, "worker_pids_seen": 128, "elapsed_s": 30.585882271872833}
PROGRESS {"utc": "2026-09-22T06:20:05.638750+00:00", "stage": "G_hybrid replica 2 production 147/200", "mode": "G_hybrid", "block_completed": 248464, "block_samples": 250000, "worker_pids_seen": 128, "elapsed_s": 60.73524727602489}
G200_PRODUCTION_FINISHED G_hybrid replica 2 production 147/200 {"n": 146500000, "matched_pb": 0.06023742373239245, "matched_error_pb": 0.0007149530902631066, "relative_error": 0.011868918787750931, "hard_error_pb": 0.0006941111724618676, "cpu_ms_per_sample": 10.152965941070585, "max_weight_second_moment_fraction": 0.050822998015992805}
PROGRESS {"utc": "2026-09-22T06:20:37.750520+00:00", "stage": "G_hybrid replica 3 production 147/200", "mode": "G_hybrid", "block_completed": 134047, "block_samples": 250000, "worker_pids_seen": 128, "elapsed_s": 30.50318084587343}
G200_PRODUCTION_FINISHED G_hybrid replica 3 production 147/200 {"n": 146750000, "matched_pb": 0.06025372861072306, "matched_error_pb": 0.0007143158844019501, "relative_error": 0.011855131638688777, "hard_error_pb": 0.0006934548155204943, "cpu_ms_per_sample": 10.15195192831434, "max_weight_second_moment_fraction": 0.050745910744693104}
PROGRESS {"utc": "2026-09-22T06:21:34.253860+00:00", "stage": "G_hybrid replica 4 production 147/200", "mode": "G_hybrid", "block_completed": 132557, "block_samples": 250000, "worker_pids_seen": 128, "elapsed_s": 30.55525766708888}
G200_PRODUCTION_FINISHED G_hybrid replica 4 production 147/200 {"n": 147000000, "matched_pb": 0.06023207632609498, "matched_error_pb": 0.000713642561833334, "relative_error": 0.011848214528911319, "hard_error_pb": 0.0006927612175343439, "cpu_ms_per_sample": 10.151240141081365, "max_weight_second_moment_fraction": 0.05067476889338597}
PROGRESS {"utc": "2026-09-22T06:22:32.345459+00:00", "stage": "G_hybrid replica 1 production 148/200", "mode": "G_hybrid", "block_completed": 135078, "block_samples": 250000, "worker_pids_seen": 128, "elapsed_s": 30.642742737894878}
G200_PRODUCTION_FINISHED G_hybrid replica 1 production 148/200 {"n": 147250000, "matched_pb": 0.06022435523298597, "matched_error_pb": 0.0007129902506118748, "relative_error": 0.011838902182573423, "hard_error_pb": 0.0006920892254089835, "cpu_ms_per_sample": 10.150304129142164, "max_weight_second_moment_fraction": 0.05060096306533442}
PROGRESS {"utc": "2026-09-22T06:23:30.466689+00:00", "stage": "G_hybrid replica 2 production 148/200", "mode": "G_hybrid", "block_completed": 130416, "block_samples": 250000, "worker_pids_seen": 128, "elapsed_s": 30.64054433396086}
G200_PRODUCTION_FINISHED G_hybrid replica 2 production 148/200 {"n": 147500000, "matched_pb": 0.0602078848813761, "matched_error_pb": 0.0007125150370834187, "relative_error": 0.011834247930935349, "hard_error_pb": 0.0006915996504695532, "cpu_ms_per_sample": 10.150582098656972, "max_weight_second_moment_fraction": 0.05050100131401809}
PROGRESS {"utc": "2026-09-22T06:24:30.191477+00:00", "stage": "G_hybrid replica 3 production 148/200", "mode": "G_hybrid", "block_completed": 140644, "block_samples": 250000, "worker_pids_seen": 128, "elapsed_s": 30.57329496485181}
G200_PRODUCTION_FINISHED G_hybrid replica 3 production 148/200 {"n": 147750000, "matched_pb": 0.06016313190861633, "matched_error_pb": 0.000711867368216733, "relative_error": 0.011832285747657064, "hard_error_pb": 0.0006909323761349154, "cpu_ms_per_sample": 10.149547287593768, "max_weight_second_moment_fraction": 0.050427501114195174}
PROGRESS {"utc": "2026-09-22T06:25:26.622454+00:00", "stage": "G_hybrid replica 4 production 148/200", "mode": "G_hybrid", "block_completed": 137018, "block_samples": 250000, "worker_pids_seen": 128, "elapsed_s": 30.482569756219164}
G200_PRODUCTION_FINISHED G_hybrid replica 4 production 148/200 {"n": 148000000, "matched_pb": 0.06019188889111593, "matched_error_pb": 0.0007112188987627603, "relative_error": 0.011815859443276804, "hard_error_pb": 0.0006902642395611525, "cpu_ms_per_sample": 10.1491397906359, "max_weight_second_moment_fraction": 0.05035462332497875}
PROGRESS {"utc": "2026-09-22T06:26:24.336052+00:00", "stage": "G_hybrid replica 1 production 149/200", "mode": "G_hybrid", "block_completed": 134789, "block_samples": 250000, "worker_pids_seen": 128, "elapsed_s": 30.512630632147193}
G200_PRODUCTION_FINISHED G_hybrid replica 1 production 149/200 {"n": 148250000, "matched_pb": 0.060203356717226486, "matched_error_pb": 0.0007105922200309322, "relative_error": 0.011803199336019823, "hard_error_pb": 0.0006896185189132549, "cpu_ms_per_sample": 10.148484058435255, "max_weight_second_moment_fraction": 0.05027896172332003}
PROGRESS {"utc": "2026-09-22T06:27:22.474086+00:00", "stage": "G_hybrid replica 2 production 149/200", "mode": "G_hybrid", "block_completed": 128987, "block_samples": 250000, "worker_pids_seen": 128, "elapsed_s": 30.48442998691462}
G200_PRODUCTION_FINISHED G_hybrid replica 2 production 149/200 {"n": 148500000, "matched_pb": 0.06017690452518362, "matched_error_pb": 0.0007099934663414206, "relative_error": 0.011798437821677802, "hard_error_pb": 0.0006890015389729755, "cpu_ms_per_sample": 10.148373424451647, "max_weight_second_moment_fraction": 0.05019959557427829}
PROGRESS {"utc": "2026-09-22T06:28:22.633745+00:00", "stage": "G_hybrid replica 3 production 149/200", "mode": "G_hybrid", "block_completed": 141938, "block_samples": 250000, "worker_pids_seen": 128, "elapsed_s": 30.54395007994026}
G200_PRODUCTION_FINISHED G_hybrid replica 3 production 149/200 {"n": 148750000, "matched_pb": 0.06014546343701277, "matched_error_pb": 0.0007093634102170198, "relative_error": 0.011794129925690894, "hard_error_pb": 0.0006883522689832166, "cpu_ms_per_sample": 10.147525259402006, "max_weight_second_moment_fraction": 0.05012542069258214}
PROGRESS {"utc": "2026-09-22T06:29:18.543907+00:00", "stage": "G_hybrid replica 4 production 149/200", "mode": "G_hybrid", "block_completed": 140378, "block_samples": 250000, "worker_pids_seen": 128, "elapsed_s": 30.76627397700213}
G200_PRODUCTION_FINISHED G_hybrid replica 4 production 149/200 {"n": 149000000, "matched_pb": 0.06007187053065348, "matched_error_pb": 0.0007087426614076674, "relative_error": 0.011798245254340967, "hard_error_pb": 0.0006877125551848287, "cpu_ms_per_sample": 10.14685140442954, "max_weight_second_moment_fraction": 0.050050332089697516}
PROGRESS {"utc": "2026-09-22T06:30:15.812532+00:00", "stage": "G_hybrid replica 1 production 150/200", "mode": "G_hybrid", "block_completed": 136586, "block_samples": 250000, "worker_pids_seen": 128, "elapsed_s": 30.508983199950308}
G200_PRODUCTION_FINISHED G_hybrid replica 1 production 150/200 {"n": 149250000, "matched_pb": 0.06006940568204246, "matched_error_pb": 0.0007081024515430532, "relative_error": 0.011788071539964279, "hard_error_pb": 0.0006870527493147121, "cpu_ms_per_sample": 10.146333902272733, "max_weight_second_moment_fraction": 0.04997865374394565}
PROGRESS {"utc": "2026-09-22T06:31:11.751155+00:00", "stage": "G_hybrid replica 2 production 150/200", "mode": "G_hybrid", "block_completed": 127059, "block_samples": 250000, "worker_pids_seen": 128, "elapsed_s": 30.58212203392759}
G200_PRODUCTION_FINISHED G_hybrid replica 2 production 150/200 {"n": 149500000, "matched_pb": 0.06009114914663431, "matched_error_pb": 0.0007074875912528398, "relative_error": 0.011773574000497642, "hard_error_pb": 0.0006864190339991804, "cpu_ms_per_sample": 10.146078003303654, "max_weight_second_moment_fraction": 0.04990365897778235}
PROGRESS {"utc": "2026-09-22T06:32:12.020613+00:00", "stage": "G_hybrid replica 3 production 150/200", "mode": "G_hybrid", "block_completed": 136900, "block_samples": 250000, "worker_pids_seen": 128, "elapsed_s": 30.555805935990065}
G200_PRODUCTION_FINISHED G_hybrid replica 3 production 150/200 {"n": 149750000, "matched_pb": 0.0600957924415228, "matched_error_pb": 0.0007069147525494576, "relative_error": 0.011763132223230648, "hard_error_pb": 0.0006858285979978406, "cpu_ms_per_sample": 10.145058989092856, "max_weight_second_moment_fraction": 0.0498228503377448}
PROGRESS {"utc": "2026-09-22T06:33:07.205332+00:00", "stage": "G_hybrid replica 4 production 150/200", "mode": "G_hybrid", "block_completed": 132919, "block_samples": 250000, "worker_pids_seen": 128, "elapsed_s": 30.624935045838356}
G200_PRODUCTION_FINISHED G_hybrid replica 4 production 150/200 {"n": 150000000, "matched_pb": 0.060094350269855254, "matched_error_pb": 0.0007062923330633397, "relative_error": 0.011753057149161535, "hard_error_pb": 0.000685187024252268, "cpu_ms_per_sample": 10.144707835744562, "max_weight_second_moment_fraction": 0.049749947578541204}
PROGRESS {"utc": "2026-09-22T06:34:06.785631+00:00", "stage": "G_hybrid replica 1 production 151/200", "mode": "G_hybrid", "block_completed": 134848, "block_samples": 250000, "worker_pids_seen": 128, "elapsed_s": 30.805780535098165}
G200_PRODUCTION_FINISHED G_hybrid replica 1 production 151/200 {"n": 150250000, "matched_pb": 0.06004940849445145, "matched_error_pb": 0.0007056681562343865, "relative_error": 0.011751458905704127, "hard_error_pb": 0.0006845436035658074, "cpu_ms_per_sample": 10.144005963491702, "max_weight_second_moment_fraction": 0.04967777828383248}
PROGRESS {"utc": "2026-09-22T06:35:04.295326+00:00", "stage": "G_hybrid replica 2 production 151/200", "mode": "G_hybrid", "block_completed": 133674, "block_samples": 250000, "worker_pids_seen": 128, "elapsed_s": 30.55018357303925}
PROGRESS {"utc": "2026-09-22T06:35:36.147551+00:00", "stage": "G_hybrid replica 2 production 151/200", "mode": "G_hybrid", "block_completed": 250000, "block_samples": 250000, "worker_pids_seen": 128, "elapsed_s": 62.40239522908814}
G200_PRODUCTION_FINISHED G_hybrid replica 2 production 151/200 {"n": 150500000, "matched_pb": 0.06006975276238273, "matched_error_pb": 0.0007050457754487582, "relative_error": 0.011737117984115902, "hard_error_pb": 0.0006839019987818163, "cpu_ms_per_sample": 10.144322936658167, "max_weight_second_moment_fraction": 0.04960581907434607}
PROGRESS {"utc": "2026-09-22T06:36:06.838423+00:00", "stage": "G_hybrid replica 3 production 151/200", "mode": "G_hybrid", "block_completed": 135213, "block_samples": 250000, "worker_pids_seen": 128, "elapsed_s": 30.52320493804291}
G200_PRODUCTION_FINISHED G_hybrid replica 3 production 151/200 {"n": 150750000, "matched_pb": 0.060089030205756636, "matched_error_pb": 0.0007044823818222721, "relative_error": 0.011723976562943121, "hard_error_pb": 0.0006833211724786554, "cpu_ms_per_sample": 10.143335065574469, "max_weight_second_moment_fraction": 0.04952551382071725}
PROGRESS {"utc": "2026-09-22T06:37:05.561921+00:00", "stage": "G_hybrid replica 4 production 151/200", "mode": "G_hybrid", "block_completed": 129638, "block_samples": 250000, "worker_pids_seen": 128, "elapsed_s": 30.59523274609819}
G200_PRODUCTION_FINISHED G_hybrid replica 4 production 151/200 {"n": 151000000, "matched_pb": 0.060097051746890104, "matched_error_pb": 0.0007038501055861479, "relative_error": 0.011711890768794173, "hard_error_pb": 0.0006826692973858237, "cpu_ms_per_sample": 10.142789345788989, "max_weight_second_moment_fraction": 0.049455972782269396}
PROGRESS {"utc": "2026-09-22T06:38:05.797160+00:00", "stage": "G_hybrid replica 1 production 152/200", "mode": "G_hybrid", "block_completed": 128482, "block_samples": 250000, "worker_pids_seen": 128, "elapsed_s": 30.731390483910218}
PROGRESS {"utc": "2026-09-22T06:38:35.821107+00:00", "stage": "G_hybrid replica 1 production 152/200", "mode": "G_hybrid", "block_completed": 250000, "block_samples": 250000, "worker_pids_seen": 128, "elapsed_s": 60.755339494906366}
G200_PRODUCTION_FINISHED G_hybrid replica 1 production 152/200 {"n": 151250000, "matched_pb": 0.060093070783683075, "matched_error_pb": 0.0007032449137185703, "relative_error": 0.011702595732710014, "hard_error_pb": 0.0006820453116404086, "cpu_ms_per_sample": 10.142411537912675, "max_weight_second_moment_fraction": 0.04938285043081314}
PROGRESS {"utc": "2026-09-22T06:39:06.776071+00:00", "stage": "G_hybrid replica 2 production 152/200", "mode": "G_hybrid", "block_completed": 130526, "block_samples": 250000, "worker_pids_seen": 128, "elapsed_s": 30.78055371204391}
G200_PRODUCTION_FINISHED G_hybrid replica 2 production 152/200 {"n": 151500000, "matched_pb": 0.06010548353521769, "matched_error_pb": 0.0007026291347894905, "relative_error": 0.01168993398710116, "hard_error_pb": 0.0006814103752619641, "cpu_ms_per_sample": 10.1422951019185, "max_weight_second_moment_fraction": 0.04931177456357761}
PROGRESS {"utc": "2026-09-22T06:40:06.660381+00:00", "stage": "G_hybrid replica 3 production 152/200", "mode": "G_hybrid", "block_completed": 128012, "block_samples": 250000, "worker_pids_seen": 128, "elapsed_s": 30.93112595495768}
G200_PRODUCTION_FINISHED G_hybrid replica 3 production 152/200 {"n": 151750000, "matched_pb": 0.06013901004887941, "matched_error_pb": 0.0007020179360787992, "relative_error": 0.011673253941297295, "hard_error_pb": 0.0006807801267927551, "cpu_ms_per_sample": 10.141377879107935, "max_weight_second_moment_fraction": 0.049240478636287055}
PROGRESS {"utc": "2026-09-22T06:41:04.119516+00:00", "stage": "G_hybrid replica 4 production 152/200", "mode": "G_hybrid", "block_completed": 133005, "block_samples": 250000, "worker_pids_seen": 128, "elapsed_s": 30.885444137034938}
G200_PRODUCTION_FINISHED G_hybrid replica 4 production 152/200 {"n": 152000000, "matched_pb": 0.06014105908490386, "matched_error_pb": 0.0007013963024756799, "relative_error": 0.011662519968021963, "hard_error_pb": 0.0006801390825310498, "cpu_ms_per_sample": 10.140718506996889, "max_weight_second_moment_fraction": 0.04917119468401141}
PROGRESS {"utc": "2026-09-22T06:42:00.540199+00:00", "stage": "G_hybrid replica 1 production 153/200", "mode": "G_hybrid", "block_completed": 132450, "block_samples": 250000, "worker_pids_seen": 128, "elapsed_s": 30.731365924933925}
G200_PRODUCTION_FINISHED G_hybrid replica 1 production 153/200 {"n": 152250000, "matched_pb": 0.06018625325911299, "matched_error_pb": 0.0007008949064314699, "relative_error": 0.011645431780144001, "hard_error_pb": 0.0006796220040001659, "cpu_ms_per_sample": 10.140106860753596, "max_weight_second_moment_fraction": 0.04908445532219053}
PROGRESS {"utc": "2026-09-22T06:42:57.774533+00:00", "stage": "G_hybrid replica 2 production 153/200", "mode": "G_hybrid", "block_completed": 126720, "block_samples": 250000, "worker_pids_seen": 128, "elapsed_s": 30.706522904103622}
PROGRESS {"utc": "2026-09-22T06:43:28.064025+00:00", "stage": "G_hybrid replica 2 production 153/200", "mode": "G_hybrid", "block_completed": 248720, "block_samples": 250000, "worker_pids_seen": 128, "elapsed_s": 60.996023945044726}
G200_PRODUCTION_FINISHED G_hybrid replica 2 production 153/200 {"n": 152500000, "matched_pb": 0.06018953974043717, "matched_error_pb": 0.0007002860545093557, "relative_error": 0.011634680336970283, "hard_error_pb": 0.0006789940769991318, "cpu_ms_per_sample": 10.140236299077005, "max_weight_second_moment_fraction": 0.049014184259517916}
PROGRESS {"utc": "2026-09-22T06:43:59.987502+00:00", "stage": "G_hybrid replica 3 production 153/200", "mode": "G_hybrid", "block_completed": 136724, "block_samples": 250000, "worker_pids_seen": 128, "elapsed_s": 30.727389808977023}
G200_PRODUCTION_FINISHED G_hybrid replica 3 production 153/200 {"n": 152750000, "matched_pb": 0.06018519692012306, "matched_error_pb": 0.0006997073727186858, "relative_error": 0.01162590484911643, "hard_error_pb": 0.0006783972331138361, "cpu_ms_per_sample": 10.139502501189119, "max_weight_second_moment_fraction": 0.04893987513293809}
PROGRESS {"utc": "2026-09-22T06:44:55.277587+00:00", "stage": "G_hybrid replica 4 production 153/200", "mode": "G_hybrid", "block_completed": 155852, "block_samples": 250000, "worker_pids_seen": 128, "elapsed_s": 30.533994926139712}
G200_PRODUCTION_FINISHED G_hybrid replica 4 production 153/200 {"n": 153000000, "matched_pb": 0.060208001974227376, "matched_error_pb": 0.0006991263281157923, "relative_error": 0.011611850670863655, "hard_error_pb": 0.0006777979205665161, "cpu_ms_per_sample": 10.139568198878086, "max_weight_second_moment_fraction": 0.048866374681057125}
PROGRESS {"utc": "2026-09-22T06:45:44.732305+00:00", "stage": "G_hybrid replica 1 production 154/200", "mode": "G_hybrid", "block_completed": 142344, "block_samples": 250000, "worker_pids_seen": 128, "elapsed_s": 30.536629769019783}
G200_PRODUCTION_FINISHED G_hybrid replica 1 production 154/200 {"n": 153250000, "matched_pb": 0.0602226661111151, "matched_error_pb": 0.0006985409612584518, "relative_error": 0.011599303158873673, "hard_error_pb": 0.0006771941176763901, "cpu_ms_per_sample": 10.14009559206727, "max_weight_second_moment_fraction": 0.0487939676812436}
PROGRESS {"utc": "2026-09-22T06:46:44.386729+00:00", "stage": "G_hybrid replica 2 production 154/200", "mode": "G_hybrid", "block_completed": 132736, "block_samples": 250000, "worker_pids_seen": 128, "elapsed_s": 30.620869871927425}
PROGRESS {"utc": "2026-09-22T06:47:14.546589+00:00", "stage": "G_hybrid replica 2 production 154/200", "mode": "G_hybrid", "block_completed": 249744, "block_samples": 250000, "worker_pids_seen": 128, "elapsed_s": 60.78074089996517}
G200_PRODUCTION_FINISHED G_hybrid replica 2 production 154/200 {"n": 153500000, "matched_pb": 0.06023660326150433, "matched_error_pb": 0.0006979378585918177, "relative_error": 0.011586607159136609, "hard_error_pb": 0.0006765719864991122, "cpu_ms_per_sample": 10.1404384907486, "max_weight_second_moment_fraction": 0.04872464426984205}
PROGRESS {"utc": "2026-09-22T06:47:45.615935+00:00", "stage": "G_hybrid replica 3 production 154/200", "mode": "G_hybrid", "block_completed": 134116, "block_samples": 250000, "worker_pids_seen": 128, "elapsed_s": 30.613056672969833}
G200_PRODUCTION_FINISHED G_hybrid replica 3 production 154/200 {"n": 153750000, "matched_pb": 0.06018682788159481, "matched_error_pb": 0.0006973602515531965, "relative_error": 0.011586592550202333, "hard_error_pb": 0.0006759761230294752, "cpu_ms_per_sample": 10.139233694201334, "max_weight_second_moment_fraction": 0.04865197243758565}
PROGRESS {"utc": "2026-09-22T06:48:40.401444+00:00", "stage": "G_hybrid replica 4 production 154/200", "mode": "G_hybrid", "block_completed": 142861, "block_samples": 250000, "worker_pids_seen": 128, "elapsed_s": 30.648031518096104}
G200_PRODUCTION_FINISHED G_hybrid replica 4 production 154/200 {"n": 154000000, "matched_pb": 0.06018226959428702, "matched_error_pb": 0.0006967477743076464, "relative_error": 0.011577293096533322, "hard_error_pb": 0.0006753442525573765, "cpu_ms_per_sample": 10.138554864184934, "max_weight_second_moment_fraction": 0.048584925739885224}
PROGRESS {"utc": "2026-09-22T06:49:34.457173+00:00", "stage": "G_hybrid replica 1 production 155/200", "mode": "G_hybrid", "block_completed": 140807, "block_samples": 250000, "worker_pids_seen": 128, "elapsed_s": 30.681063689058647}
G200_PRODUCTION_FINISHED G_hybrid replica 1 production 155/200 {"n": 154250000, "matched_pb": 0.060210339575240676, "matched_error_pb": 0.0006961534123453768, "relative_error": 0.011562024350908074, "hard_error_pb": 0.0006747310367692707, "cpu_ms_per_sample": 10.138079761631314, "max_weight_second_moment_fraction": 0.04851563267084267}
PROGRESS {"utc": "2026-09-22T06:50:30.641198+00:00", "stage": "G_hybrid replica 2 production 155/200", "mode": "G_hybrid", "block_completed": 128156, "block_samples": 250000, "worker_pids_seen": 128, "elapsed_s": 30.579509885050356}
G200_PRODUCTION_FINISHED G_hybrid replica 2 production 155/200 {"n": 154500000, "matched_pb": 0.0601567040750766, "matched_error_pb": 0.0006955754553608592, "relative_error": 0.01156272548597026, "hard_error_pb": 0.0006741347139556672, "cpu_ms_per_sample": 10.138143925229386, "max_weight_second_moment_fraction": 0.048444337188485634}
PROGRESS {"utc": "2026-09-22T06:51:31.199482+00:00", "stage": "G_hybrid replica 3 production 155/200", "mode": "G_hybrid", "block_completed": 132072, "block_samples": 250000, "worker_pids_seen": 128, "elapsed_s": 30.632249746937305}
G200_PRODUCTION_FINISHED G_hybrid replica 3 production 155/200 {"n": 154750000, "matched_pb": 0.06015942709604935, "matched_error_pb": 0.0006950301202040802, "relative_error": 0.011553137284608925, "hard_error_pb": 0.0006735720202402419, "cpu_ms_per_sample": 10.137290996051265, "max_weight_second_moment_fraction": 0.04836865117929679}
PROGRESS {"utc": "2026-09-22T06:52:29.138465+00:00", "stage": "G_hybrid replica 4 production 155/200", "mode": "G_hybrid", "block_completed": 135048, "block_samples": 250000, "worker_pids_seen": 128, "elapsed_s": 30.475881402147934}
G200_PRODUCTION_FINISHED G_hybrid replica 4 production 155/200 {"n": 155000000, "matched_pb": 0.060119876015845536, "matched_error_pb": 0.0006944614970634208, "relative_error": 0.011551279594794649, "hard_error_pb": 0.0006729852668247576, "cpu_ms_per_sample": 10.13644636234684, "max_weight_second_moment_fraction": 0.04829685164577754}
PROGRESS {"utc": "2026-09-22T06:53:28.076254+00:00", "stage": "G_hybrid replica 1 production 156/200", "mode": "G_hybrid", "block_completed": 136201, "block_samples": 250000, "worker_pids_seen": 128, "elapsed_s": 30.553840578068048}
G200_PRODUCTION_FINISHED G_hybrid replica 1 production 156/200 {"n": 155250000, "matched_pb": 0.06011353204251266, "matched_error_pb": 0.0006938682641766748, "relative_error": 0.011542630096763686, "hard_error_pb": 0.0006723730857873287, "cpu_ms_per_sample": 10.135646895788922, "max_weight_second_moment_fraction": 0.048229133493665435}
PROGRESS {"utc": "2026-09-22T06:54:24.954469+00:00", "stage": "G_hybrid replica 2 production 156/200", "mode": "G_hybrid", "block_completed": 130238, "block_samples": 250000, "worker_pids_seen": 128, "elapsed_s": 30.588334161089733}
G200_PRODUCTION_FINISHED G_hybrid replica 2 production 156/200 {"n": 155500000, "matched_pb": 0.06012927476894703, "matched_error_pb": 0.0006932765626560379, "relative_error": 0.01152976757694193, "hard_error_pb": 0.0006717624511594809, "cpu_ms_per_sample": 10.135976639824033, "max_weight_second_moment_fraction": 0.048161620317029134}
PROGRESS {"utc": "2026-09-22T06:55:23.602046+00:00", "stage": "G_hybrid replica 3 production 156/200", "mode": "G_hybrid", "block_completed": 138831, "block_samples": 250000, "worker_pids_seen": 128, "elapsed_s": 30.507173135876656}
G200_PRODUCTION_FINISHED G_hybrid replica 3 production 156/200 {"n": 155750000, "matched_pb": 0.060109607054360456, "matched_error_pb": 0.0006927140724994334, "relative_error": 0.01152418234697448, "hard_error_pb": 0.0006711819311471167, "cpu_ms_per_sample": 10.135190447400932, "max_weight_second_moment_fraction": 0.04809021090113237}
PROGRESS {"utc": "2026-09-22T06:56:18.788322+00:00", "stage": "G_hybrid replica 4 production 156/200", "mode": "G_hybrid", "block_completed": 139005, "block_samples": 250000, "worker_pids_seen": 128, "elapsed_s": 30.57042325497605}
G200_PRODUCTION_FINISHED G_hybrid replica 4 production 156/200 {"n": 156000000, "matched_pb": 0.06011608621151178, "matched_error_pb": 0.0006921145724994016, "relative_error": 0.011512967927823399, "hard_error_pb": 0.0006705631811586826, "cpu_ms_per_sample": 10.134635712141842, "max_weight_second_moment_fraction": 0.048024704247590734}
PROGRESS {"utc": "2026-09-22T06:57:14.619100+00:00", "stage": "G_hybrid replica 1 production 157/200", "mode": "G_hybrid", "block_completed": 137912, "block_samples": 250000, "worker_pids_seen": 128, "elapsed_s": 30.61478732014075}
G200_PRODUCTION_FINISHED G_hybrid replica 1 production 157/200 {"n": 156250000, "matched_pb": 0.06015844915380614, "matched_error_pb": 0.0006915450197524881, "relative_error": 0.011495393074120413, "hard_error_pb": 0.0006699753076077445, "cpu_ms_per_sample": 10.134138559454165, "max_weight_second_moment_fraction": 0.047955198170280974}
PROGRESS {"utc": "2026-09-22T06:58:10.923367+00:00", "stage": "G_hybrid replica 2 production 157/200", "mode": "G_hybrid", "block_completed": 128803, "block_samples": 250000, "worker_pids_seen": 128, "elapsed_s": 30.695383853046224}
G200_PRODUCTION_FINISHED G_hybrid replica 2 production 157/200 {"n": 156500000, "matched_pb": 0.06018967431868685, "matched_error_pb": 0.000691019192961265, "relative_error": 0.01148069333790575, "hard_error_pb": 0.0006694325384237463, "cpu_ms_per_sample": 10.134653551693996, "max_weight_second_moment_fraction": 0.04787965834360084}
PROGRESS {"utc": "2026-09-22T06:59:10.643688+00:00", "stage": "G_hybrid replica 3 production 157/200", "mode": "G_hybrid", "block_completed": 142908, "block_samples": 250000, "worker_pids_seen": 128, "elapsed_s": 30.52337146596983}
G200_PRODUCTION_FINISHED G_hybrid replica 3 production 157/200 {"n": 156750000, "matched_pb": 0.060204091507973, "matched_error_pb": 0.0006904447427802558, "relative_error": 0.011468402320942228, "hard_error_pb": 0.0006688395482419653, "cpu_ms_per_sample": 10.13392574821895, "max_weight_second_moment_fraction": 0.04781172144544335}
PROGRESS {"utc": "2026-09-22T07:00:04.831335+00:00", "stage": "G_hybrid replica 4 production 157/200", "mode": "G_hybrid", "block_completed": 136241, "block_samples": 250000, "worker_pids_seen": 128, "elapsed_s": 30.497256964910775}
G200_PRODUCTION_FINISHED G_hybrid replica 4 production 157/200 {"n": 157000000, "matched_pb": 0.06019742901516255, "matched_error_pb": 0.0006898505911406648, "relative_error": 0.01145980156340074, "hard_error_pb": 0.0006682261866739042, "cpu_ms_per_sample": 10.133676495999172, "max_weight_second_moment_fraction": 0.047747107731932296}
PROGRESS {"utc": "2026-09-22T07:01:02.318239+00:00", "stage": "G_hybrid replica 1 production 158/200", "mode": "G_hybrid", "block_completed": 142889, "block_samples": 250000, "worker_pids_seen": 128, "elapsed_s": 30.554859803058207}
G200_PRODUCTION_FINISHED G_hybrid replica 1 production 158/200 {"n": 157250000, "matched_pb": 0.06016516935175774, "matched_error_pb": 0.000689296269166221, "relative_error": 0.011456732800604726, "hard_error_pb": 0.0006676539112040714, "cpu_ms_per_sample": 10.133162678600339, "max_weight_second_moment_fraction": 0.04767703299977218}
PROGRESS {"utc": "2026-09-22T07:01:57.660145+00:00", "stage": "G_hybrid replica 2 production 158/200", "mode": "G_hybrid", "block_completed": 136917, "block_samples": 250000, "worker_pids_seen": 128, "elapsed_s": 30.678842628840357}
G200_PRODUCTION_FINISHED G_hybrid replica 2 production 158/200 {"n": 157500000, "matched_pb": 0.06018864980911247, "matched_error_pb": 0.0006887208826636045, "relative_error": 0.01144270364674858, "hard_error_pb": 0.0006670598568918364, "cpu_ms_per_sample": 10.133396609471925, "max_weight_second_moment_fraction": 0.0476104855467228}
PROGRESS {"utc": "2026-09-22T07:02:53.502182+00:00", "stage": "G_hybrid replica 3 production 158/200", "mode": "G_hybrid", "block_completed": 143066, "block_samples": 250000, "worker_pids_seen": 128, "elapsed_s": 30.681289528030902}
G200_PRODUCTION_FINISHED G_hybrid replica 3 production 158/200 {"n": 157750000, "matched_pb": 0.060207982271270444, "matched_error_pb": 0.0006881811051469251, "relative_error": 0.01143006424042391, "hard_error_pb": 0.000666502537085093, "cpu_ms_per_sample": 10.132561831231659, "max_weight_second_moment_fraction": 0.04753910523316592}
PROGRESS {"utc": "2026-09-22T07:03:47.520020+00:00", "stage": "G_hybrid replica 4 production 158/200", "mode": "G_hybrid", "block_completed": 131896, "block_samples": 250000, "worker_pids_seen": 128, "elapsed_s": 30.561908363830298}
G200_PRODUCTION_FINISHED G_hybrid replica 4 production 158/200 {"n": 158000000, "matched_pb": 0.060216351539303645, "matched_error_pb": 0.0006875958984374318, "relative_error": 0.011418757212293625, "hard_error_pb": 0.0006658982790243579, "cpu_ms_per_sample": 10.132100904881394, "max_weight_second_moment_fraction": 0.04747482738152331}
PROGRESS {"utc": "2026-09-22T07:04:46.060092+00:00", "stage": "G_hybrid replica 1 production 159/200", "mode": "G_hybrid", "block_completed": 140728, "block_samples": 250000, "worker_pids_seen": 128, "elapsed_s": 30.604845049092546}
G200_PRODUCTION_FINISHED G_hybrid replica 1 production 159/200 {"n": 158250000, "matched_pb": 0.060212336387998625, "matched_error_pb": 0.0006870431278241504, "relative_error": 0.011410338296739639, "hard_error_pb": 0.0006653274817336306, "cpu_ms_per_sample": 10.13132798863099, "max_weight_second_moment_fraction": 0.04740618237824667}
PROGRESS {"utc": "2026-09-22T07:05:41.549662+00:00", "stage": "G_hybrid replica 2 production 159/200", "mode": "G_hybrid", "block_completed": 135568, "block_samples": 250000, "worker_pids_seen": 128, "elapsed_s": 30.57289038784802}
G200_PRODUCTION_FINISHED G_hybrid replica 2 production 159/200 {"n": 158500000, "matched_pb": 0.0602285054693457, "matched_error_pb": 0.0006864843740378607, "relative_error": 0.011397997819940232, "hard_error_pb": 0.0006647504751843177, "cpu_ms_per_sample": 10.132217351684025, "max_weight_second_moment_fraction": 0.04733882878972295}
PROGRESS {"utc": "2026-09-22T07:06:39.152666+00:00", "stage": "G_hybrid replica 3 production 159/200", "mode": "G_hybrid", "block_completed": 143978, "block_samples": 250000, "worker_pids_seen": 128, "elapsed_s": 30.55646793008782}
G200_PRODUCTION_FINISHED G_hybrid replica 3 production 159/200 {"n": 158750000, "matched_pb": 0.060225979125082055, "matched_error_pb": 0.0006859254547307339, "relative_error": 0.011389195571335584, "hard_error_pb": 0.0006641732664803566, "cpu_ms_per_sample": 10.131539878263837, "max_weight_second_moment_fraction": 0.04727190431883199}
PROGRESS {"utc": "2026-09-22T07:07:34.486977+00:00", "stage": "G_hybrid replica 4 production 159/200", "mode": "G_hybrid", "block_completed": 137527, "block_samples": 250000, "worker_pids_seen": 128, "elapsed_s": 30.702902366872877}
G200_PRODUCTION_FINISHED G_hybrid replica 4 production 159/200 {"n": 159000000, "matched_pb": 0.06018200201113666, "matched_error_pb": 0.0006853999961254698, "relative_error": 0.01138878690008745, "hard_error_pb": 0.000663630584850048, "cpu_ms_per_sample": 10.13075358621178, "max_weight_second_moment_fraction": 0.04720046446818149}
PROGRESS {"utc": "2026-09-22T07:08:30.000238+00:00", "stage": "G_hybrid replica 1 production 160/200", "mode": "G_hybrid", "block_completed": 142098, "block_samples": 250000, "worker_pids_seen": 128, "elapsed_s": 30.773354558972642}
G200_PRODUCTION_FINISHED G_hybrid replica 1 production 160/200 {"n": 159250000, "matched_pb": 0.06015528576218765, "matched_error_pb": 0.0006849006775604197, "relative_error": 0.011385544410312382, "hard_error_pb": 0.0006631148743485887, "cpu_ms_per_sample": 10.130460501390138, "max_weight_second_moment_fraction": 0.04712559678706264}
PROGRESS {"utc": "2026-09-22T07:09:25.362061+00:00", "stage": "G_hybrid replica 2 production 160/200", "mode": "G_hybrid", "block_completed": 127021, "block_samples": 250000, "worker_pids_seen": 128, "elapsed_s": 30.634139691945165}
PROGRESS {"utc": "2026-09-22T07:09:56.610177+00:00", "stage": "G_hybrid replica 2 production 160/200", "mode": "G_hybrid", "block_completed": 250000, "block_samples": 250000, "worker_pids_seen": 128, "elapsed_s": 61.88225302915089}
G200_PRODUCTION_FINISHED G_hybrid replica 2 production 160/200 {"n": 159500000, "matched_pb": 0.06017093623221399, "matched_error_pb": 0.0006843595995575888, "relative_error": 0.011373590680332477, "hard_error_pb": 0.0006625560051544669, "cpu_ms_per_sample": 10.130794400794672, "max_weight_second_moment_fraction": 0.04705727024575917}
PROGRESS {"utc": "2026-09-22T07:10:27.277591+00:00", "stage": "G_hybrid replica 3 production 160/200", "mode": "G_hybrid", "block_completed": 136407, "block_samples": 250000, "worker_pids_seen": 128, "elapsed_s": 30.508818797999993}
G200_PRODUCTION_FINISHED G_hybrid replica 3 production 160/200 {"n": 159750000, "matched_pb": 0.06015146353007143, "matched_error_pb": 0.0006856238708676737, "relative_error": 0.011398290758543402, "hard_error_pb": 0.0006638618009519716, "cpu_ms_per_sample": 10.129878466757779, "max_weight_second_moment_fraction": 0.04672575782220363}
PROGRESS {"utc": "2026-09-22T07:11:24.374959+00:00", "stage": "G_hybrid replica 4 production 160/200", "mode": "G_hybrid", "block_completed": 142110, "block_samples": 250000, "worker_pids_seen": 128, "elapsed_s": 30.478448030073196}
G200_PRODUCTION_FINISHED G_hybrid replica 4 production 160/200 {"n": 160000000, "matched_pb": 0.06015742165847644, "matched_error_pb": 0.0006850493514896506, "relative_error": 0.011387611579811186, "hard_error_pb": 0.0006632684316594704, "cpu_ms_per_sample": 10.1292294455301, "max_weight_second_moment_fraction": 0.046663232988827706}
G200_PEAK_REPLAYS production_160000000 new 1 total 77 issues 0
PROGRESS {"utc": "2026-09-22T07:12:23.806451+00:00", "stage": "G_hybrid replica 1 production 161/200", "mode": "G_hybrid", "block_completed": 140855, "block_samples": 250000, "worker_pids_seen": 128, "elapsed_s": 30.4960205538664}
G200_PRODUCTION_FINISHED G_hybrid replica 1 production 161/200 {"n": 160250000, "matched_pb": 0.0601691589286152, "matched_error_pb": 0.0006845640358734988, "relative_error": 0.011377324331318422, "hard_error_pb": 0.0006627671670134509, "cpu_ms_per_sample": 10.128766610566984, "max_weight_second_moment_fraction": 0.04658814400679178}
PROGRESS {"utc": "2026-09-22T07:13:18.698914+00:00", "stage": "G_hybrid replica 2 production 161/200", "mode": "G_hybrid", "block_completed": 129546, "block_samples": 250000, "worker_pids_seen": 128, "elapsed_s": 30.81688651116565}
G200_PRODUCTION_FINISHED G_hybrid replica 2 production 161/200 {"n": 160500000, "matched_pb": 0.06013537818999848, "matched_error_pb": 0.0006840059387752468, "relative_error": 0.011374434806315203, "hard_error_pb": 0.0006621906996775395, "cpu_ms_per_sample": 10.128736481253016, "max_weight_second_moment_fraction": 0.04652401581485474}
PROGRESS {"utc": "2026-09-22T07:14:16.696064+00:00", "stage": "G_hybrid replica 3 production 161/200", "mode": "G_hybrid", "block_completed": 137823, "block_samples": 250000, "worker_pids_seen": 128, "elapsed_s": 30.55301085812971}
G200_PRODUCTION_FINISHED G_hybrid replica 3 production 161/200 {"n": 160750000, "matched_pb": 0.060154280662440635, "matched_error_pb": 0.000683476837969249, "relative_error": 0.011362064851288314, "hard_error_pb": 0.0006616441539831406, "cpu_ms_per_sample": 10.127802999257344, "max_weight_second_moment_fraction": 0.04645607488447934}
PROGRESS {"utc": "2026-09-22T07:15:13.619242+00:00", "stage": "G_hybrid replica 4 production 161/200", "mode": "G_hybrid", "block_completed": 133157, "block_samples": 250000, "worker_pids_seen": 128, "elapsed_s": 30.565510808955878}
G200_PRODUCTION_FINISHED G_hybrid replica 4 production 161/200 {"n": 161000000, "matched_pb": 0.060176947102337355, "matched_error_pb": 0.0006829269856336701, "relative_error": 0.01134864792114295, "hard_error_pb": 0.0006610761424876212, "cpu_ms_per_sample": 10.12752515058776, "max_weight_second_moment_fraction": 0.04639153361056985}
PROGRESS {"utc": "2026-09-22T07:16:11.735067+00:00", "stage": "G_hybrid replica 1 production 162/200", "mode": "G_hybrid", "block_completed": 138411, "block_samples": 250000, "worker_pids_seen": 128, "elapsed_s": 30.565543579868972}
G200_PRODUCTION_FINISHED G_hybrid replica 1 production 162/200 {"n": 161250000, "matched_pb": 0.06023543687121223, "matched_error_pb": 0.0006823738440767624, "relative_error": 0.011328445173158246, "hard_error_pb": 0.0006605047021329373, "cpu_ms_per_sample": 10.126761437763781, "max_weight_second_moment_fraction": 0.04632785808919736}
PROGRESS {"utc": "2026-09-22T07:17:08.414416+00:00", "stage": "G_hybrid replica 2 production 162/200", "mode": "G_hybrid", "block_completed": 132788, "block_samples": 250000, "worker_pids_seen": 128, "elapsed_s": 30.804381715832278}
PROGRESS {"utc": "2026-09-22T07:17:39.135228+00:00", "stage": "G_hybrid replica 2 production 162/200", "mode": "G_hybrid", "block_completed": 250000, "block_samples": 250000, "worker_pids_seen": 128, "elapsed_s": 61.52519387798384}
G200_PRODUCTION_FINISHED G_hybrid replica 2 production 162/200 {"n": 161500000, "matched_pb": 0.06022124498351315, "matched_error_pb": 0.00068184876526845, "relative_error": 0.011322395700306772, "hard_error_pb": 0.0006599622240384161, "cpu_ms_per_sample": 10.12700305789638, "max_weight_second_moment_fraction": 0.046260494646875316}
PROGRESS {"utc": "2026-09-22T07:18:09.915529+00:00", "stage": "G_hybrid replica 3 production 162/200", "mode": "G_hybrid", "block_completed": 140448, "block_samples": 250000, "worker_pids_seen": 128, "elapsed_s": 30.6325752758421}
G200_PRODUCTION_FINISHED G_hybrid replica 3 production 162/200 {"n": 161750000, "matched_pb": 0.060201915191975194, "matched_error_pb": 0.0006813204178638085, "relative_error": 0.011317254869569785, "hard_error_pb": 0.0006594163406056429, "cpu_ms_per_sample": 10.126173328986264, "max_weight_second_moment_fraction": 0.04619398954149207}
PROGRESS {"utc": "2026-09-22T07:19:05.529320+00:00", "stage": "G_hybrid replica 4 production 162/200", "mode": "G_hybrid", "block_completed": 141600, "block_samples": 250000, "worker_pids_seen": 128, "elapsed_s": 30.63730736891739}
G200_PRODUCTION_FINISHED G_hybrid replica 4 production 162/200 {"n": 162000000, "matched_pb": 0.06019650925944539, "matched_error_pb": 0.000680752435887873, "relative_error": 0.011308835749160265, "hard_error_pb": 0.0006588294752262494, "cpu_ms_per_sample": 10.125854936939673, "max_weight_second_moment_fraction": 0.04613360339338523}
PROGRESS {"utc": "2026-09-22T07:19:59.595479+00:00", "stage": "G_hybrid replica 1 production 163/200", "mode": "G_hybrid", "block_completed": 127680, "block_samples": 250000, "worker_pids_seen": 128, "elapsed_s": 30.693325206870213}
G200_PRODUCTION_FINISHED G_hybrid replica 1 production 163/200 {"n": 162250000, "matched_pb": 0.06018260507904863, "matched_error_pb": 0.0006802024166418687, "relative_error": 0.011302309292667484, "hard_error_pb": 0.0006582611382005328, "cpu_ms_per_sample": 10.12568341381123, "max_weight_second_moment_fraction": 0.04607099446321546}
PROGRESS {"utc": "2026-09-22T07:20:59.095899+00:00", "stage": "G_hybrid replica 2 production 163/200", "mode": "G_hybrid", "block_completed": 128379, "block_samples": 250000, "worker_pids_seen": 128, "elapsed_s": 30.64039504295215}
G200_PRODUCTION_FINISHED G_hybrid replica 2 production 163/200 {"n": 162500000, "matched_pb": 0.060164091682509524, "matched_error_pb": 0.0006796754882226039, "relative_error": 0.011297028995456343, "hard_error_pb": 0.0006577166318029806, "cpu_ms_per_sample": 10.126138308711415, "max_weight_second_moment_fraction": 0.04600542340431962}
PROGRESS {"utc": "2026-09-22T07:21:57.804535+00:00", "stage": "G_hybrid replica 3 production 163/200", "mode": "G_hybrid", "block_completed": 134063, "block_samples": 250000, "worker_pids_seen": 128, "elapsed_s": 30.57902606180869}
G200_PRODUCTION_FINISHED G_hybrid replica 3 production 163/200 {"n": 162750000, "matched_pb": 0.06017080933583453, "matched_error_pb": 0.0006791466765156602, "relative_error": 0.011286979251435738, "hard_error_pb": 0.0006571701504799875, "cpu_ms_per_sample": 10.125401203927703, "max_weight_second_moment_fraction": 0.0459405045239828}
PROGRESS {"utc": "2026-09-22T07:22:53.519089+00:00", "stage": "G_hybrid replica 4 production 163/200", "mode": "G_hybrid", "block_completed": 137872, "block_samples": 250000, "worker_pids_seen": 128, "elapsed_s": 30.493112201802433}
G200_PRODUCTION_FINISHED G_hybrid replica 4 production 163/200 {"n": 163000000, "matched_pb": 0.060206666043522886, "matched_error_pb": 0.0006786054762191584, "relative_error": 0.011271268130485755, "hard_error_pb": 0.0006566108366561227, "cpu_ms_per_sample": 10.125087984222741, "max_weight_second_moment_fraction": 0.045877752913822956}
PROGRESS {"utc": "2026-09-22T07:23:49.647904+00:00", "stage": "G_hybrid replica 1 production 164/200", "mode": "G_hybrid", "block_completed": 130641, "block_samples": 250000, "worker_pids_seen": 128, "elapsed_s": 30.840689002070576}
G200_PRODUCTION_FINISHED G_hybrid replica 1 production 164/200 {"n": 163250000, "matched_pb": 0.06024432364125083, "matched_error_pb": 0.0006787299615244184, "relative_error": 0.011266289012823685, "hard_error_pb": 0.0006567394910697553, "cpu_ms_per_sample": 10.12460376977357, "max_weight_second_moment_fraction": 0.045719438356903425}
PROGRESS {"utc": "2026-09-22T07:24:46.720603+00:00", "stage": "G_hybrid replica 2 production 164/200", "mode": "G_hybrid", "block_completed": 130730, "block_samples": 250000, "worker_pids_seen": 128, "elapsed_s": 30.505800382001325}
G200_PRODUCTION_FINISHED G_hybrid replica 2 production 164/200 {"n": 163500000, "matched_pb": 0.06026072589715513, "matched_error_pb": 0.0006781878171623101, "relative_error": 0.011254225817321706, "hard_error_pb": 0.0006561791781266772, "cpu_ms_per_sample": 10.124864717277523, "max_weight_second_moment_fraction": 0.045657605894219105}
PROGRESS {"utc": "2026-09-22T07:25:46.903879+00:00", "stage": "G_hybrid replica 3 production 164/200", "mode": "G_hybrid", "block_completed": 129309, "block_samples": 250000, "worker_pids_seen": 128, "elapsed_s": 30.58855311293155}
G200_PRODUCTION_FINISHED G_hybrid replica 3 production 164/200 {"n": 163750000, "matched_pb": 0.060272309233885574, "matched_error_pb": 0.0006776542637717097, "relative_error": 0.011243210561952837, "hard_error_pb": 0.000655627714230874, "cpu_ms_per_sample": 10.12431895519155, "max_weight_second_moment_fraction": 0.04559490557106625}
PROGRESS {"utc": "2026-09-22T07:26:44.406546+00:00", "stage": "G_hybrid replica 4 production 164/200", "mode": "G_hybrid", "block_completed": 131098, "block_samples": 250000, "worker_pids_seen": 128, "elapsed_s": 30.62790533201769}
G200_PRODUCTION_FINISHED G_hybrid replica 4 production 164/200 {"n": 164000000, "matched_pb": 0.0602391535831793, "matched_error_pb": 0.0006771746346572006, "relative_error": 0.011241436746320577, "hard_error_pb": 0.0006551319594423217, "cpu_ms_per_sample": 10.12379816799966, "max_weight_second_moment_fraction": 0.04552482110818872}
PROGRESS {"utc": "2026-09-22T07:27:41.495456+00:00", "stage": "G_hybrid replica 1 production 165/200", "mode": "G_hybrid", "block_completed": 138372, "block_samples": 250000, "worker_pids_seen": 128, "elapsed_s": 30.519540547858924}
G200_PRODUCTION_FINISHED G_hybrid replica 1 production 165/200 {"n": 164250000, "matched_pb": 0.060219333417367835, "matched_error_pb": 0.0006766306346822359, "relative_error": 0.011236103030112405, "hard_error_pb": 0.0006545696404891599, "cpu_ms_per_sample": 10.123588495664249, "max_weight_second_moment_fraction": 0.04546435349948982}
PROGRESS {"utc": "2026-09-22T07:28:37.657895+00:00", "stage": "G_hybrid replica 2 production 165/200", "mode": "G_hybrid", "block_completed": 129325, "block_samples": 250000, "worker_pids_seen": 128, "elapsed_s": 30.560246447101235}
G200_PRODUCTION_FINISHED G_hybrid replica 2 production 165/200 {"n": 164500000, "matched_pb": 0.06026769171719672, "matched_error_pb": 0.0006761423968263679, "relative_error": 0.011218986119447449, "hard_error_pb": 0.0006540649350375911, "cpu_ms_per_sample": 10.124161051324153, "max_weight_second_moment_fraction": 0.045396251807234216}
PROGRESS {"utc": "2026-09-22T07:29:36.939341+00:00", "stage": "G_hybrid replica 3 production 165/200", "mode": "G_hybrid", "block_completed": 138067, "block_samples": 250000, "worker_pids_seen": 128, "elapsed_s": 30.511203016154468}
G200_PRODUCTION_FINISHED G_hybrid replica 3 production 165/200 {"n": 164750000, "matched_pb": 0.060301494316858426, "matched_error_pb": 0.0006756147576877438, "relative_error": 0.011203947188069316, "hard_error_pb": 0.0006535194712210887, "cpu_ms_per_sample": 10.123461676744844, "max_weight_second_moment_fraction": 0.04533416798711377}
PROGRESS {"utc": "2026-09-22T07:30:32.015176+00:00", "stage": "G_hybrid replica 4 production 165/200", "mode": "G_hybrid", "block_completed": 134972, "block_samples": 250000, "worker_pids_seen": 128, "elapsed_s": 30.76510091801174}
G200_PRODUCTION_FINISHED G_hybrid replica 4 production 165/200 {"n": 165000000, "matched_pb": 0.0602932591666894, "matched_error_pb": 0.0006750729087749238, "relative_error": 0.011196490587921073, "hard_error_pb": 0.0006529592871086675, "cpu_ms_per_sample": 10.123076652699533, "max_weight_second_moment_fraction": 0.045274477943730275}
PROGRESS {"utc": "2026-09-22T07:31:30.487116+00:00", "stage": "G_hybrid replica 1 production 166/200", "mode": "G_hybrid", "block_completed": 134481, "block_samples": 250000, "worker_pids_seen": 128, "elapsed_s": 30.549764867173508}
G200_PRODUCTION_FINISHED G_hybrid replica 1 production 166/200 {"n": 165250000, "matched_pb": 0.06025563169591028, "matched_error_pb": 0.000674884002529413, "relative_error": 0.01120034731251883, "hard_error_pb": 0.0006527639813360902, "cpu_ms_per_sample": 10.122470035270826, "max_weight_second_moment_fraction": 0.045164607457597504}
PROGRESS {"utc": "2026-09-22T07:32:26.959277+00:00", "stage": "G_hybrid replica 2 production 166/200", "mode": "G_hybrid", "block_completed": 125120, "block_samples": 250000, "worker_pids_seen": 128, "elapsed_s": 30.617387612117454}
PROGRESS {"utc": "2026-09-22T07:32:57.384499+00:00", "stage": "G_hybrid replica 2 production 166/200", "mode": "G_hybrid", "block_completed": 249232, "block_samples": 250000, "worker_pids_seen": 128, "elapsed_s": 61.0426140120253}
G200_PRODUCTION_FINISHED G_hybrid replica 2 production 166/200 {"n": 165500000, "matched_pb": 0.06025485486617127, "matched_error_pb": 0.0006743743770098051, "relative_error": 0.011192033878558348, "hard_error_pb": 0.0006522370725640988, "cpu_ms_per_sample": 10.122868062307361, "max_weight_second_moment_fraction": 0.045101042569331305}
PROGRESS {"utc": "2026-09-22T07:33:28.996339+00:00", "stage": "G_hybrid replica 3 production 166/200", "mode": "G_hybrid", "block_completed": 134832, "block_samples": 250000, "worker_pids_seen": 128, "elapsed_s": 30.490693599916995}
G200_PRODUCTION_FINISHED G_hybrid replica 3 production 166/200 {"n": 165750000, "matched_pb": 0.06026597461859905, "matched_error_pb": 0.0006738564080475411, "relative_error": 0.0111813741055733, "hard_error_pb": 0.0006517015092251643, "cpu_ms_per_sample": 10.121755347947119, "max_weight_second_moment_fraction": 0.0450390286501312}
PROGRESS {"utc": "2026-09-22T07:34:24.261415+00:00", "stage": "G_hybrid replica 4 production 166/200", "mode": "G_hybrid", "block_completed": 137874, "block_samples": 250000, "worker_pids_seen": 128, "elapsed_s": 30.550539503106847}
G200_PRODUCTION_FINISHED G_hybrid replica 4 production 166/200 {"n": 166000000, "matched_pb": 0.060240745671692755, "matched_error_pb": 0.0006733082876262495, "relative_error": 0.011176958055860161, "hard_error_pb": 0.0006511347392405162, "cpu_ms_per_sample": 10.121276498496682, "max_weight_second_moment_fraction": 0.044981673128425735}
PROGRESS {"utc": "2026-09-22T07:35:18.717941+00:00", "stage": "G_hybrid replica 1 production 167/200", "mode": "G_hybrid", "block_completed": 133892, "block_samples": 250000, "worker_pids_seen": 128, "elapsed_s": 30.48606396187097}
G200_PRODUCTION_FINISHED G_hybrid replica 1 production 167/200 {"n": 166250000, "matched_pb": 0.06026198927726717, "matched_error_pb": 0.0006727964033997201, "relative_error": 0.011164523632038834, "hard_error_pb": 0.0006506054095127258, "cpu_ms_per_sample": 10.12109209153695, "max_weight_second_moment_fraction": 0.044919496648549925}
PROGRESS {"utc": "2026-09-22T07:36:18.363142+00:00", "stage": "G_hybrid replica 2 production 167/200", "mode": "G_hybrid", "block_completed": 123904, "block_samples": 250000, "worker_pids_seen": 128, "elapsed_s": 30.736586418934166}
PROGRESS {"utc": "2026-09-22T07:36:48.432392+00:00", "stage": "G_hybrid replica 2 production 167/200", "mode": "G_hybrid", "block_completed": 249744, "block_samples": 250000, "worker_pids_seen": 128, "elapsed_s": 60.805851228069514}
G200_PRODUCTION_FINISHED G_hybrid replica 2 production 167/200 {"n": 166500000, "matched_pb": 0.06026330085286316, "matched_error_pb": 0.0006722671808600457, "relative_error": 0.011155498808494254, "hard_error_pb": 0.000650058121186972, "cpu_ms_per_sample": 10.121522150215085, "max_weight_second_moment_fraction": 0.04486014491759686}
PROGRESS {"utc": "2026-09-22T07:37:19.335368+00:00", "stage": "G_hybrid replica 3 production 167/200", "mode": "G_hybrid", "block_completed": 130828, "block_samples": 250000, "worker_pids_seen": 128, "elapsed_s": 30.599962031003088}
G200_PRODUCTION_FINISHED G_hybrid replica 3 production 167/200 {"n": 166750000, "matched_pb": 0.06026268177454465, "matched_error_pb": 0.0006718052084355773, "relative_error": 0.0111479474303673, "hard_error_pb": 0.0006495803541832158, "cpu_ms_per_sample": 10.12090310291893, "max_weight_second_moment_fraction": 0.04479154844994915}
PROGRESS {"utc": "2026-09-22T07:38:16.676062+00:00", "stage": "G_hybrid replica 4 production 167/200", "mode": "G_hybrid", "block_completed": 128616, "block_samples": 250000, "worker_pids_seen": 128, "elapsed_s": 30.631550868041813}
G200_PRODUCTION_FINISHED G_hybrid replica 4 production 167/200 {"n": 167000000, "matched_pb": 0.060291723161142535, "matched_error_pb": 0.0006712746671318693, "relative_error": 0.011133778103136049, "hard_error_pb": 0.0006490316457559097, "cpu_ms_per_sample": 10.12030101777807, "max_weight_second_moment_fraction": 0.044733085632451514}
PROGRESS {"utc": "2026-09-22T07:39:15.741446+00:00", "stage": "G_hybrid replica 1 production 168/200", "mode": "G_hybrid", "block_completed": 133423, "block_samples": 250000, "worker_pids_seen": 128, "elapsed_s": 30.493540416006}
G200_PRODUCTION_FINISHED G_hybrid replica 1 production 168/200 {"n": 167250000, "matched_pb": 0.060315983868603, "matched_error_pb": 0.0006707614014057826, "relative_error": 0.011120790185019963, "hard_error_pb": 0.0006485007756938091, "cpu_ms_per_sample": 10.1202106361775, "max_weight_second_moment_fraction": 0.04467250523114844}
PROGRESS {"utc": "2026-09-22T07:40:14.260703+00:00", "stage": "G_hybrid replica 2 production 168/200", "mode": "G_hybrid", "block_completed": 124068, "block_samples": 250000, "worker_pids_seen": 128, "elapsed_s": 30.541005128994584}
PROGRESS {"utc": "2026-09-22T07:40:44.442334+00:00", "stage": "G_hybrid replica 2 production 168/200", "mode": "G_hybrid", "block_completed": 249488, "block_samples": 250000, "worker_pids_seen": 128, "elapsed_s": 60.722641110187396}
G200_PRODUCTION_FINISHED G_hybrid replica 2 production 168/200 {"n": 167500000, "matched_pb": 0.06031796183532735, "matched_error_pb": 0.0006702359719153422, "relative_error": 0.011111714512919677, "hard_error_pb": 0.0006479572952818156, "cpu_ms_per_sample": 10.120623389102263, "max_weight_second_moment_fraction": 0.0446140003746279}
PROGRESS {"utc": "2026-09-22T07:41:17.815981+00:00", "stage": "G_hybrid replica 3 production 168/200", "mode": "G_hybrid", "block_completed": 142258, "block_samples": 250000, "worker_pids_seen": 128, "elapsed_s": 30.53468687995337}
G200_PRODUCTION_FINISHED G_hybrid replica 3 production 168/200 {"n": 167750000, "matched_pb": 0.060285992456308155, "matched_error_pb": 0.0006697285614833701, "relative_error": 0.011109190281121293, "hard_error_pb": 0.000647432424679369, "cpu_ms_per_sample": 10.119859746088025, "max_weight_second_moment_fraction": 0.04455326909060215}
PROGRESS {"utc": "2026-09-22T07:42:13.367534+00:00", "stage": "G_hybrid replica 4 production 168/200", "mode": "G_hybrid", "block_completed": 133435, "block_samples": 250000, "worker_pids_seen": 128, "elapsed_s": 30.484426574781537}
G200_PRODUCTION_FINISHED G_hybrid replica 4 production 168/200 {"n": 168000000, "matched_pb": 0.060320449782004265, "matched_error_pb": 0.0006692310243787517, "relative_error": 0.011094596058174738, "hard_error_pb": 0.0006469177400957992, "cpu_ms_per_sample": 10.119469441698257, "max_weight_second_moment_fraction": 0.04449148149591186}
PROGRESS {"utc": "2026-09-22T07:43:13.130835+00:00", "stage": "G_hybrid replica 1 production 169/200", "mode": "G_hybrid", "block_completed": 128799, "block_samples": 250000, "worker_pids_seen": 128, "elapsed_s": 30.506490082014352}
G200_PRODUCTION_FINISHED G_hybrid replica 1 production 169/200 {"n": 168250000, "matched_pb": 0.06034067273472503, "matched_error_pb": 0.0006687027404679118, "relative_error": 0.011082122723552015, "hard_error_pb": 0.0006463712196322776, "cpu_ms_per_sample": 10.118982421620958, "max_weight_second_moment_fraction": 0.04443440777774596}
PROGRESS {"utc": "2026-09-22T07:44:13.367403+00:00", "stage": "G_hybrid replica 2 production 169/200", "mode": "G_hybrid", "block_completed": 124870, "block_samples": 250000, "worker_pids_seen": 128, "elapsed_s": 30.60918232006952}
PROGRESS {"utc": "2026-09-22T07:44:43.370438+00:00", "stage": "G_hybrid replica 2 production 169/200", "mode": "G_hybrid", "block_completed": 245392, "block_samples": 250000, "worker_pids_seen": 128, "elapsed_s": 60.612217143177986}
G200_PRODUCTION_FINISHED G_hybrid replica 2 production 169/200 {"n": 168500000, "matched_pb": 0.06033114755490318, "matched_error_pb": 0.000668187134999217, "relative_error": 0.01107532613052232, "hard_error_pb": 0.0006458377860098343, "cpu_ms_per_sample": 10.119436464566489, "max_weight_second_moment_fraction": 0.044375865693313046}
PROGRESS {"utc": "2026-09-22T07:45:16.432238+00:00", "stage": "G_hybrid replica 3 production 169/200", "mode": "G_hybrid", "block_completed": 133750, "block_samples": 250000, "worker_pids_seen": 128, "elapsed_s": 30.61965234600939}
G200_PRODUCTION_FINISHED G_hybrid replica 3 production 169/200 {"n": 168750000, "matched_pb": 0.06030539241304983, "matched_error_pb": 0.0006677548056833528, "relative_error": 0.01107288716587231, "hard_error_pb": 0.0006453904856541, "cpu_ms_per_sample": 10.118679141467467, "max_weight_second_moment_fraction": 0.044305827295443564}
PROGRESS {"utc": "2026-09-22T07:46:11.612999+00:00", "stage": "G_hybrid replica 4 production 169/200", "mode": "G_hybrid", "block_completed": 131008, "block_samples": 250000, "worker_pids_seen": 128, "elapsed_s": 30.59496569004841}
G200_PRODUCTION_FINISHED G_hybrid replica 4 production 169/200 {"n": 169000000, "matched_pb": 0.06031084878108933, "matched_error_pb": 0.0006672657718583358, "relative_error": 0.011063776838563731, "hard_error_pb": 0.0006448844925669428, "cpu_ms_per_sample": 10.11813833232851, "max_weight_second_moment_fraction": 0.0442441907759466}
PROGRESS {"utc": "2026-09-22T07:47:10.979459+00:00", "stage": "G_hybrid replica 1 production 170/200", "mode": "G_hybrid", "block_completed": 125952, "block_samples": 250000, "worker_pids_seen": 128, "elapsed_s": 30.764939674176276}
PROGRESS {"utc": "2026-09-22T07:47:41.283276+00:00", "stage": "G_hybrid replica 1 production 170/200", "mode": "G_hybrid", "block_completed": 250000, "block_samples": 250000, "worker_pids_seen": 128, "elapsed_s": 61.0687647650484}
G200_PRODUCTION_FINISHED G_hybrid replica 1 production 170/200 {"n": 169250000, "matched_pb": 0.06030699897143371, "matched_error_pb": 0.0006667814087021336, "relative_error": 0.011056451491110932, "hard_error_pb": 0.0006443833063095477, "cpu_ms_per_sample": 10.117832606327031, "max_weight_second_moment_fraction": 0.044182227817270825}
PROGRESS {"utc": "2026-09-22T07:48:11.942389+00:00", "stage": "G_hybrid replica 2 production 170/200", "mode": "G_hybrid", "block_completed": 121609, "block_samples": 250000, "worker_pids_seen": 128, "elapsed_s": 30.491884756833315}
PROGRESS {"utc": "2026-09-22T07:48:42.203780+00:00", "stage": "G_hybrid replica 2 production 170/200", "mode": "G_hybrid", "block_completed": 250000, "block_samples": 250000, "worker_pids_seen": 128, "elapsed_s": 60.75330787780695}
G200_PRODUCTION_FINISHED G_hybrid replica 2 production 170/200 {"n": 169500000, "matched_pb": 0.06030294352405838, "matched_error_pb": 0.0006662702463306094, "relative_error": 0.011048718476981065, "hard_error_pb": 0.0006438543621076692, "cpu_ms_per_sample": 10.11802245593718, "max_weight_second_moment_fraction": 0.04412440159649313}
PROGRESS {"utc": "2026-09-22T07:49:13.082592+00:00", "stage": "G_hybrid replica 3 production 170/200", "mode": "G_hybrid", "block_completed": 132114, "block_samples": 250000, "worker_pids_seen": 128, "elapsed_s": 30.676409887848422}
G200_PRODUCTION_FINISHED G_hybrid replica 3 production 170/200 {"n": 169750000, "matched_pb": 0.06029792671839346, "matched_error_pb": 0.0006658216435780193, "relative_error": 0.011042197962917936, "hard_error_pb": 0.0006433901301050223, "cpu_ms_per_sample": 10.117454822698411, "max_weight_second_moment_fraction": 0.04405803874221489}
PROGRESS {"utc": "2026-09-22T07:50:09.894746+00:00", "stage": "G_hybrid replica 4 production 170/200", "mode": "G_hybrid", "block_completed": 131190, "block_samples": 250000, "worker_pids_seen": 128, "elapsed_s": 30.550441537983716}
G200_PRODUCTION_FINISHED G_hybrid replica 4 production 170/200 {"n": 170000000, "matched_pb": 0.06031579657628661, "matched_error_pb": 0.0006653022753085822, "relative_error": 0.011030315656481746, "hard_error_pb": 0.00064285263940533, "cpu_ms_per_sample": 10.116490180951637, "max_weight_second_moment_fraction": 0.04400204076423836}
PROGRESS {"utc": "2026-09-22T07:51:09.647205+00:00", "stage": "G_hybrid replica 1 production 171/200", "mode": "G_hybrid", "block_completed": 141341, "block_samples": 250000, "worker_pids_seen": 128, "elapsed_s": 30.59624375612475}
G200_PRODUCTION_FINISHED G_hybrid replica 1 production 171/200 {"n": 170250000, "matched_pb": 0.06033636591985682, "matched_error_pb": 0.0006647762214066115, "relative_error": 0.011017836611001995, "hard_error_pb": 0.0006423081993928419, "cpu_ms_per_sample": 10.115904583877546, "max_weight_second_moment_fraction": 0.04394731658286175}
PROGRESS {"utc": "2026-09-22T07:52:02.931759+00:00", "stage": "G_hybrid replica 2 production 171/200", "mode": "G_hybrid", "block_completed": 126284, "block_samples": 250000, "worker_pids_seen": 128, "elapsed_s": 30.490086626959965}
G200_PRODUCTION_FINISHED G_hybrid replica 2 production 171/200 {"n": 170500000, "matched_pb": 0.06035210368261058, "matched_error_pb": 0.0006642692294648706, "relative_error": 0.011006562968512866, "hard_error_pb": 0.0006417834585539546, "cpu_ms_per_sample": 10.115967098909936, "max_weight_second_moment_fraction": 0.04389021808328396}
PROGRESS {"utc": "2026-09-22T07:53:03.524323+00:00", "stage": "G_hybrid replica 3 production 171/200", "mode": "G_hybrid", "block_completed": 138975, "block_samples": 250000, "worker_pids_seen": 128, "elapsed_s": 30.61006036004983}
G200_PRODUCTION_FINISHED G_hybrid replica 3 production 171/200 {"n": 170750000, "matched_pb": 0.06038332548902334, "matched_error_pb": 0.0006638136980065865, "relative_error": 0.010993327920093712, "hard_error_pb": 0.0006413119553858343, "cpu_ms_per_sample": 10.115180486393411, "max_weight_second_moment_fraction": 0.04382616546782649}
PROGRESS {"utc": "2026-09-22T07:53:57.879144+00:00", "stage": "G_hybrid replica 4 production 171/200", "mode": "G_hybrid", "block_completed": 135815, "block_samples": 250000, "worker_pids_seen": 128, "elapsed_s": 30.550086830044165}
PROGRESS {"utc": "2026-09-22T07:54:28.008933+00:00", "stage": "G_hybrid replica 4 production 171/200", "mode": "G_hybrid", "block_completed": 250000, "block_samples": 250000, "worker_pids_seen": 128, "elapsed_s": 60.67988302302547}
G200_PRODUCTION_FINISHED G_hybrid replica 4 production 171/200 {"n": 171000000, "matched_pb": 0.06037511598435108, "matched_error_pb": 0.0006633039631218249, "relative_error": 0.010986379939936676, "hard_error_pb": 0.000640784320932357, "cpu_ms_per_sample": 10.114807969157646, "max_weight_second_moment_fraction": 0.04377010457938202}
PROGRESS {"utc": "2026-09-22T07:54:58.726389+00:00", "stage": "G_hybrid replica 1 production 172/200", "mode": "G_hybrid", "block_completed": 127128, "block_samples": 250000, "worker_pids_seen": 128, "elapsed_s": 30.554912019055337}
G200_PRODUCTION_FINISHED G_hybrid replica 1 production 172/200 {"n": 171250000, "matched_pb": 0.06043076884420734, "matched_error_pb": 0.0006628320024365396, "relative_error": 0.010968452248975087, "hard_error_pb": 0.0006402957612804067, "cpu_ms_per_sample": 10.114206668785606, "max_weight_second_moment_fraction": 0.04370903222805269}
PROGRESS {"utc": "2026-09-22T07:55:55.805856+00:00", "stage": "G_hybrid replica 2 production 172/200", "mode": "G_hybrid", "block_completed": 121780, "block_samples": 250000, "worker_pids_seen": 128, "elapsed_s": 30.86106817005202}
PROGRESS {"utc": "2026-09-22T07:56:25.970359+00:00", "stage": "G_hybrid replica 2 production 172/200", "mode": "G_hybrid", "block_completed": 249744, "block_samples": 250000, "worker_pids_seen": 128, "elapsed_s": 61.02557390509173}
G200_PRODUCTION_FINISHED G_hybrid replica 2 production 172/200 {"n": 171500000, "matched_pb": 0.060454143444053934, "matched_error_pb": 0.0006623558454112613, "relative_error": 0.01095633496195716, "hard_error_pb": 0.0006398028324492549, "cpu_ms_per_sample": 10.11482618118107, "max_weight_second_moment_fraction": 0.04364887523032068}
PROGRESS {"utc": "2026-09-22T07:56:57.313336+00:00", "stage": "G_hybrid replica 3 production 172/200", "mode": "G_hybrid", "block_completed": 142190, "block_samples": 250000, "worker_pids_seen": 128, "elapsed_s": 30.573058810085058}
G200_PRODUCTION_FINISHED G_hybrid replica 3 production 172/200 {"n": 171750000, "matched_pb": 0.06040667948447882, "matched_error_pb": 0.0006618618825142672, "relative_error": 0.010956766506000866, "hard_error_pb": 0.0006392914436975927, "cpu_ms_per_sample": 10.114089140462685, "max_weight_second_moment_fraction": 0.04359154900980516}
PROGRESS {"utc": "2026-09-22T07:57:54.114087+00:00", "stage": "G_hybrid replica 4 production 172/200", "mode": "G_hybrid", "block_completed": 126534, "block_samples": 250000, "worker_pids_seen": 128, "elapsed_s": 30.518507337896153}
PROGRESS {"utc": "2026-09-22T07:58:24.132914+00:00", "stage": "G_hybrid replica 4 production 172/200", "mode": "G_hybrid", "block_completed": 250000, "block_samples": 250000, "worker_pids_seen": 128, "elapsed_s": 60.5373343010433}
G200_PRODUCTION_FINISHED G_hybrid replica 4 production 172/200 {"n": 172000000, "matched_pb": 0.06041121032590835, "matched_error_pb": 0.0006613361991444907, "relative_error": 0.01094724299640237, "hard_error_pb": 0.0006387471853233517, "cpu_ms_per_sample": 10.113726905056199, "max_weight_second_moment_fraction": 0.043539023127467054}
PROGRESS {"utc": "2026-09-22T07:58:54.780906+00:00", "stage": "G_hybrid replica 1 production 173/200", "mode": "G_hybrid", "block_completed": 135361, "block_samples": 250000, "worker_pids_seen": 128, "elapsed_s": 30.504653604933992}
G200_PRODUCTION_FINISHED G_hybrid replica 1 production 173/200 {"n": 172250000, "matched_pb": 0.06042100865535549, "matched_error_pb": 0.0006608391386146884, "relative_error": 0.010937241090828994, "hard_error_pb": 0.0006382325325338924, "cpu_ms_per_sample": 10.11288905848114, "max_weight_second_moment_fraction": 0.0434827738192135}
PROGRESS {"utc": "2026-09-22T07:59:52.663283+00:00", "stage": "G_hybrid replica 2 production 173/200", "mode": "G_hybrid", "block_completed": 130689, "block_samples": 250000, "worker_pids_seen": 128, "elapsed_s": 30.593833770835772}
G200_PRODUCTION_FINISHED G_hybrid replica 2 production 173/200 {"n": 172500000, "matched_pb": 0.06039708557862905, "matched_error_pb": 0.0006603536694660062, "relative_error": 0.010933535337666462, "hard_error_pb": 0.000637729854434338, "cpu_ms_per_sample": 10.113078888923566, "max_weight_second_moment_fraction": 0.043425202942457074}
PROGRESS {"utc": "2026-09-22T08:00:52.318047+00:00", "stage": "G_hybrid replica 3 production 173/200", "mode": "G_hybrid", "block_completed": 139358, "block_samples": 250000, "worker_pids_seen": 128, "elapsed_s": 30.48364193015732}
G200_PRODUCTION_FINISHED G_hybrid replica 3 production 173/200 {"n": 172750000, "matched_pb": 0.06045145235041699, "matched_error_pb": 0.000659888642394987, "relative_error": 0.01091600973571043, "hard_error_pb": 0.0006372483180217282, "cpu_ms_per_sample": 10.112511133417263, "max_weight_second_moment_fraction": 0.04336507380510243}
PROGRESS {"utc": "2026-09-22T08:01:48.505152+00:00", "stage": "G_hybrid replica 4 production 173/200", "mode": "G_hybrid", "block_completed": 142952, "block_samples": 250000, "worker_pids_seen": 128, "elapsed_s": 30.63724808092229}
G200_PRODUCTION_FINISHED G_hybrid replica 4 production 173/200 {"n": 173000000, "matched_pb": 0.060442478564731325, "matched_error_pb": 0.0006594380744447704, "relative_error": 0.010910175924346654, "hard_error_pb": 0.0006367817306479899, "cpu_ms_per_sample": 10.112043127365533, "max_weight_second_moment_fraction": 0.04330322017164744}
PROGRESS {"utc": "2026-09-22T08:02:42.452501+00:00", "stage": "G_hybrid replica 1 production 174/200", "mode": "G_hybrid", "block_completed": 133980, "block_samples": 250000, "worker_pids_seen": 128, "elapsed_s": 30.570125714177266}
G200_PRODUCTION_FINISHED G_hybrid replica 1 production 174/200 {"n": 173250000, "matched_pb": 0.06041802588637718, "matched_error_pb": 0.000658960867554292, "relative_error": 0.010906693124888608, "hard_error_pb": 0.0006362875320384077, "cpu_ms_per_sample": 10.111814024335038, "max_weight_second_moment_fraction": 0.04324543314460736}
PROGRESS {"utc": "2026-09-22T08:03:39.188629+00:00", "stage": "G_hybrid replica 2 production 174/200", "mode": "G_hybrid", "block_completed": 132916, "block_samples": 250000, "worker_pids_seen": 128, "elapsed_s": 30.5513719629962}
G200_PRODUCTION_FINISHED G_hybrid replica 2 production 174/200 {"n": 173500000, "matched_pb": 0.060421032589316484, "matched_error_pb": 0.0006585180382758751, "relative_error": 0.010898821321903604, "hard_error_pb": 0.0006358289118892986, "cpu_ms_per_sample": 10.112260803979193, "max_weight_second_moment_fraction": 0.04318312478348848}
PROGRESS {"utc": "2026-09-22T08:04:35.678949+00:00", "stage": "G_hybrid replica 3 production 174/200", "mode": "G_hybrid", "block_completed": 140355, "block_samples": 250000, "worker_pids_seen": 128, "elapsed_s": 30.52903065388091}
G200_PRODUCTION_FINISHED G_hybrid replica 3 production 174/200 {"n": 173750000, "matched_pb": 0.06040738855369493, "matched_error_pb": 0.00065803201686411, "relative_error": 0.01089323727807234, "hard_error_pb": 0.0006353255336265581, "cpu_ms_per_sample": 10.111646543142673, "max_weight_second_moment_fraction": 0.04312720415352654}
PROGRESS {"utc": "2026-09-22T08:05:31.050450+00:00", "stage": "G_hybrid replica 4 production 174/200", "mode": "G_hybrid", "block_completed": 144299, "block_samples": 250000, "worker_pids_seen": 128, "elapsed_s": 30.561142285820097}
G200_PRODUCTION_FINISHED G_hybrid replica 4 production 174/200 {"n": 174000000, "matched_pb": 0.06039840070979084, "matched_error_pb": 0.0006575362868819297, "relative_error": 0.01088665062575639, "hard_error_pb": 0.0006348120722120035, "cpu_ms_per_sample": 10.111429534853581, "max_weight_second_moment_fraction": 0.04307295693349028}
PROGRESS {"utc": "2026-09-22T08:06:24.802937+00:00", "stage": "G_hybrid replica 1 production 175/200", "mode": "G_hybrid", "block_completed": 138851, "block_samples": 250000, "worker_pids_seen": 128, "elapsed_s": 30.605746180051938}
G200_PRODUCTION_FINISHED G_hybrid replica 1 production 175/200 {"n": 174250000, "matched_pb": 0.0603662331474983, "matched_error_pb": 0.0006570325389453885, "relative_error": 0.010884106969868424, "hard_error_pb": 0.000634290277154432, "cpu_ms_per_sample": 10.111491975447702, "max_weight_second_moment_fraction": 0.043020140177036745}
PROGRESS {"utc": "2026-09-22T08:07:19.602751+00:00", "stage": "G_hybrid replica 2 production 175/200", "mode": "G_hybrid", "block_completed": 133704, "block_samples": 250000, "worker_pids_seen": 128, "elapsed_s": 30.62169129215181}
G200_PRODUCTION_FINISHED G_hybrid replica 2 production 175/200 {"n": 174500000, "matched_pb": 0.06034859476284406, "matched_error_pb": 0.0006565390703177829, "relative_error": 0.010879111152427472, "hard_error_pb": 0.000633779101354219, "cpu_ms_per_sample": 10.111715690933709, "max_weight_second_moment_fraction": 0.04296618470197175}
PROGRESS {"utc": "2026-09-22T08:08:15.648712+00:00", "stage": "G_hybrid replica 3 production 175/200", "mode": "G_hybrid", "block_completed": 139318, "block_samples": 250000, "worker_pids_seen": 128, "elapsed_s": 30.617824334884062}
G200_PRODUCTION_FINISHED G_hybrid replica 3 production 175/200 {"n": 174750000, "matched_pb": 0.060391617258335875, "matched_error_pb": 0.0006561605240119921, "relative_error": 0.01086509276950059, "hard_error_pb": 0.0006333869526058418, "cpu_ms_per_sample": 10.111454088644784, "max_weight_second_moment_fraction": 0.04289640837470188}
PROGRESS {"utc": "2026-09-22T08:09:09.531459+00:00", "stage": "G_hybrid replica 4 production 175/200", "mode": "G_hybrid", "block_completed": 137904, "block_samples": 250000, "worker_pids_seen": 128, "elapsed_s": 30.543227965012193}
G200_PRODUCTION_FINISHED G_hybrid replica 4 production 175/200 {"n": 175000000, "matched_pb": 0.060442017475867874, "matched_error_pb": 0.0006556584586460644, "relative_error": 0.010847726234615565, "hard_error_pb": 0.0006328668207875616, "cpu_ms_per_sample": 10.111010008732647, "max_weight_second_moment_fraction": 0.042844276227358126}
PROGRESS {"utc": "2026-09-22T08:10:07.633866+00:00", "stage": "G_hybrid replica 1 production 176/200", "mode": "G_hybrid", "block_completed": 143830, "block_samples": 250000, "worker_pids_seen": 128, "elapsed_s": 31.089834064943716}
G200_PRODUCTION_FINISHED G_hybrid replica 1 production 176/200 {"n": 175250000, "matched_pb": 0.060473399972461345, "matched_error_pb": 0.0006551737015552453, "relative_error": 0.010834080800047646, "hard_error_pb": 0.0006323645923588893, "cpu_ms_per_sample": 10.110582821292864, "max_weight_second_moment_fraction": 0.04279001540755863}
PROGRESS {"utc": "2026-09-22T08:11:03.048466+00:00", "stage": "G_hybrid replica 2 production 176/200", "mode": "G_hybrid", "block_completed": 128159, "block_samples": 250000, "worker_pids_seen": 128, "elapsed_s": 30.570449127815664}
PROGRESS {"utc": "2026-09-22T08:11:33.157658+00:00", "stage": "G_hybrid replica 2 production 176/200", "mode": "G_hybrid", "block_completed": 249488, "block_samples": 250000, "worker_pids_seen": 128, "elapsed_s": 60.679642248898745}
G200_PRODUCTION_FINISHED G_hybrid replica 2 production 176/200 {"n": 175500000, "matched_pb": 0.060463964325465455, "matched_error_pb": 0.0006548103557772389, "relative_error": 0.010829762207660175, "hard_error_pb": 0.0006319881331898066, "cpu_ms_per_sample": 10.111110151299313, "max_weight_second_moment_fraction": 0.042719041101520326}
PROGRESS {"utc": "2026-09-22T08:12:04.186602+00:00", "stage": "G_hybrid replica 3 production 176/200", "mode": "G_hybrid", "block_completed": 143156, "block_samples": 250000, "worker_pids_seen": 128, "elapsed_s": 30.57350540580228}
G200_PRODUCTION_FINISHED G_hybrid replica 3 production 176/200 {"n": 175750000, "matched_pb": 0.06045580764435736, "matched_error_pb": 0.0006543767461815364, "relative_error": 0.010824051016422285, "hard_error_pb": 0.000631538854230488, "cpu_ms_per_sample": 10.11026313216877, "max_weight_second_moment_fraction": 0.04265822301596176}
PROGRESS {"utc": "2026-09-22T08:12:58.888199+00:00", "stage": "G_hybrid replica 4 production 176/200", "mode": "G_hybrid", "block_completed": 135498, "block_samples": 250000, "worker_pids_seen": 128, "elapsed_s": 30.488477081991732}
G200_PRODUCTION_FINISHED G_hybrid replica 4 production 176/200 {"n": 176000000, "matched_pb": 0.06046732971556183, "matched_error_pb": 0.00065390302530176, "relative_error": 0.010814154161887388, "hard_error_pb": 0.0006310479894258572, "cpu_ms_per_sample": 10.10962361319183, "max_weight_second_moment_fraction": 0.042603322829062935}
PROGRESS {"utc": "2026-09-22T08:13:55.401457+00:00", "stage": "G_hybrid replica 1 production 177/200", "mode": "G_hybrid", "block_completed": 138364, "block_samples": 250000, "worker_pids_seen": 128, "elapsed_s": 30.499130378011614}
G200_PRODUCTION_FINISHED G_hybrid replica 1 production 177/200 {"n": 176250000, "matched_pb": 0.06048067041934886, "matched_error_pb": 0.0006534051595171296, "relative_error": 0.010803536981099558, "hard_error_pb": 0.0006305320776480988, "cpu_ms_per_sample": 10.109146216860097, "max_weight_second_moment_fraction": 0.042552096833483266}
PROGRESS {"utc": "2026-09-22T08:14:50.077251+00:00", "stage": "G_hybrid replica 2 production 177/200", "mode": "G_hybrid", "block_completed": 133451, "block_samples": 250000, "worker_pids_seen": 128, "elapsed_s": 30.546145065920427}
G200_PRODUCTION_FINISHED G_hybrid replica 2 production 177/200 {"n": 176500000, "matched_pb": 0.06049389625096749, "matched_error_pb": 0.0006529243794550194, "relative_error": 0.010793227414982004, "hard_error_pb": 0.000630033843334106, "cpu_ms_per_sample": 10.10935493322103, "max_weight_second_moment_fraction": 0.04249877555072571}
PROGRESS {"utc": "2026-09-22T08:15:48.464917+00:00", "stage": "G_hybrid replica 3 production 177/200", "mode": "G_hybrid", "block_completed": 140896, "block_samples": 250000, "worker_pids_seen": 128, "elapsed_s": 30.693065846106037}
G200_PRODUCTION_FINISHED G_hybrid replica 3 production 177/200 {"n": 176750000, "matched_pb": 0.060472916586662026, "matched_error_pb": 0.0006524647338013421, "relative_error": 0.01078937102142764, "hard_error_pb": 0.000629557485313358, "cpu_ms_per_sample": 10.108642515171368, "max_weight_second_moment_fraction": 0.04244279195977019}
PROGRESS {"utc": "2026-09-22T08:16:43.165699+00:00", "stage": "G_hybrid replica 4 production 177/200", "mode": "G_hybrid", "block_completed": 129904, "block_samples": 250000, "worker_pids_seen": 128, "elapsed_s": 30.724691204028204}
G200_PRODUCTION_FINISHED G_hybrid replica 4 production 177/200 {"n": 177000000, "matched_pb": 0.06045447816865393, "matched_error_pb": 0.0006519704136178739, "relative_error": 0.010784485010341634, "hard_error_pb": 0.0006290451642709641, "cpu_ms_per_sample": 10.108440271613754, "max_weight_second_moment_fraction": 0.042391946863259505}
PROGRESS {"utc": "2026-09-22T08:17:40.958880+00:00", "stage": "G_hybrid replica 1 production 178/200", "mode": "G_hybrid", "block_completed": 137153, "block_samples": 250000, "worker_pids_seen": 128, "elapsed_s": 30.89720690296963}
G200_PRODUCTION_FINISHED G_hybrid replica 1 production 178/200 {"n": 177250000, "matched_pb": 0.06044402062518926, "matched_error_pb": 0.0006514905927097504, "relative_error": 0.010778412586906077, "hard_error_pb": 0.0006285478429275885, "cpu_ms_per_sample": 10.108083140891425, "max_weight_second_moment_fraction": 0.042339367746360705}
PROGRESS {"utc": "2026-09-22T08:18:37.743022+00:00", "stage": "G_hybrid replica 2 production 178/200", "mode": "G_hybrid", "block_completed": 132343, "block_samples": 250000, "worker_pids_seen": 128, "elapsed_s": 30.60112227499485}
G200_PRODUCTION_FINISHED G_hybrid replica 2 production 178/200 {"n": 177500000, "matched_pb": 0.06043526802590317, "matched_error_pb": 0.0006510055555734318, "relative_error": 0.010771947851615456, "hard_error_pb": 0.0006280450874317029, "cpu_ms_per_sample": 10.108108054877505, "max_weight_second_moment_fraction": 0.042287806898727374}
PROGRESS {"utc": "2026-09-22T08:19:36.781948+00:00", "stage": "G_hybrid replica 3 production 178/200", "mode": "G_hybrid", "block_completed": 134729, "block_samples": 250000, "worker_pids_seen": 128, "elapsed_s": 30.58226924901828}
G200_PRODUCTION_FINISHED G_hybrid replica 3 production 178/200 {"n": 177750000, "matched_pb": 0.06044108304042925, "matched_error_pb": 0.0006505573787924731, "relative_error": 0.010763496384691073, "hard_error_pb": 0.0006275805140067336, "cpu_ms_per_sample": 10.107487618700029, "max_weight_second_moment_fraction": 0.04223139293786112}
PROGRESS {"utc": "2026-09-22T08:20:32.706118+00:00", "stage": "G_hybrid replica 4 production 178/200", "mode": "G_hybrid", "block_completed": 143759, "block_samples": 250000, "worker_pids_seen": 128, "elapsed_s": 30.481577183818445}
G200_PRODUCTION_FINISHED G_hybrid replica 4 production 178/200 {"n": 178000000, "matched_pb": 0.060509876329335244, "matched_error_pb": 0.0006500702943632722, "relative_error": 0.010743209766702457, "hard_error_pb": 0.0006270755824246181, "cpu_ms_per_sample": 10.10694093017459, "max_weight_second_moment_fraction": 0.04218070117304325}
PROGRESS {"utc": "2026-09-22T08:21:29.466007+00:00", "stage": "G_hybrid replica 1 production 179/200", "mode": "G_hybrid", "block_completed": 135644, "block_samples": 250000, "worker_pids_seen": 128, "elapsed_s": 30.689062361838296}
G200_PRODUCTION_FINISHED G_hybrid replica 1 production 179/200 {"n": 178250000, "matched_pb": 0.06050273595326622, "matched_error_pb": 0.0006495889627401976, "relative_error": 0.01073652211764367, "hard_error_pb": 0.0006265765866783632, "cpu_ms_per_sample": 10.106522120683783, "max_weight_second_moment_fraction": 0.0421294864946779}
PROGRESS {"utc": "2026-09-22T08:22:27.505373+00:00", "stage": "G_hybrid replica 2 production 179/200", "mode": "G_hybrid", "block_completed": 126461, "block_samples": 250000, "worker_pids_seen": 128, "elapsed_s": 30.508330901153386}
G200_PRODUCTION_FINISHED G_hybrid replica 2 production 179/200 {"n": 178500000, "matched_pb": 0.060502166364635276, "matched_error_pb": 0.0006491258159010394, "relative_error": 0.01072896814948541, "hard_error_pb": 0.0006260964169589319, "cpu_ms_per_sample": 10.1067972126877, "max_weight_second_moment_fraction": 0.042076023167532534}
PROGRESS {"utc": "2026-09-22T08:23:27.779648+00:00", "stage": "G_hybrid replica 3 production 179/200", "mode": "G_hybrid", "block_completed": 137142, "block_samples": 250000, "worker_pids_seen": 128, "elapsed_s": 30.67547986912541}
G200_PRODUCTION_FINISHED G_hybrid replica 3 production 179/200 {"n": 178750000, "matched_pb": 0.0604302630685412, "matched_error_pb": 0.0006487350965931202, "relative_error": 0.010735268450797775, "hard_error_pb": 0.0006256913168738301, "cpu_ms_per_sample": 10.106306126837508, "max_weight_second_moment_fraction": 0.04201275357881813}
PROGRESS {"utc": "2026-09-22T08:24:24.417564+00:00", "stage": "G_hybrid replica 4 production 179/200", "mode": "G_hybrid", "block_completed": 147848, "block_samples": 250000, "worker_pids_seen": 128, "elapsed_s": 30.512397120939568}
G200_PRODUCTION_FINISHED G_hybrid replica 4 production 179/200 {"n": 179000000, "matched_pb": 0.06043027308765299, "matched_error_pb": 0.0006482551570493715, "relative_error": 0.010727324632623941, "hard_error_pb": 0.000625193687668652, "cpu_ms_per_sample": 10.10576833224987, "max_weight_second_moment_fraction": 0.04196220169956802}
PROGRESS {"utc": "2026-09-22T08:25:18.757297+00:00", "stage": "G_hybrid replica 1 production 180/200", "mode": "G_hybrid", "block_completed": 140007, "block_samples": 250000, "worker_pids_seen": 128, "elapsed_s": 30.49570466997102}
G200_PRODUCTION_FINISHED G_hybrid replica 1 production 180/200 {"n": 179250000, "matched_pb": 0.06041666597029506, "matched_error_pb": 0.0006478441254361153, "relative_error": 0.010722937372191963, "hard_error_pb": 0.0006247674842064909, "cpu_ms_per_sample": 10.105412220720632, "max_weight_second_moment_fraction": 0.04190234427566779}
PROGRESS {"utc": "2026-09-22T08:26:14.517498+00:00", "stage": "G_hybrid replica 2 production 180/200", "mode": "G_hybrid", "block_completed": 133272, "block_samples": 250000, "worker_pids_seen": 128, "elapsed_s": 30.752813488943502}
G200_PRODUCTION_FINISHED G_hybrid replica 2 production 180/200 {"n": 179500000, "matched_pb": 0.060437402573939064, "matched_error_pb": 0.0006473953942156649, "relative_error": 0.010711833511105015, "hard_error_pb": 0.0006243021663515824, "cpu_ms_per_sample": 10.105595704989934, "max_weight_second_moment_fraction": 0.041848019786438866}
PROGRESS {"utc": "2026-09-22T08:27:12.592872+00:00", "stage": "G_hybrid replica 3 production 180/200", "mode": "G_hybrid", "block_completed": 142482, "block_samples": 250000, "worker_pids_seen": 128, "elapsed_s": 30.49079911992885}
G200_PRODUCTION_FINISHED G_hybrid replica 3 production 180/200 {"n": 179750000, "matched_pb": 0.060430451490590634, "matched_error_pb": 0.0006469273431712071, "relative_error": 0.01070532036769471, "hard_error_pb": 0.0006238167886504654, "cpu_ms_per_sample": 10.1047378011059, "max_weight_second_moment_fraction": 0.041796659730221224}
PROGRESS {"utc": "2026-09-22T08:28:08.059853+00:00", "stage": "G_hybrid replica 4 production 180/200", "mode": "G_hybrid", "block_completed": 132457, "block_samples": 250000, "worker_pids_seen": 128, "elapsed_s": 30.510988598223776}
G200_PRODUCTION_FINISHED G_hybrid replica 4 production 180/200 {"n": 180000000, "matched_pb": 0.06040756490992401, "matched_error_pb": 0.0006464809095423026, "relative_error": 0.010701985926866853, "hard_error_pb": 0.000623353803920587, "cpu_ms_per_sample": 10.104402012929423, "max_weight_second_moment_fraction": 0.04174257439295581}
PROGRESS {"utc": "2026-09-22T08:29:08.445488+00:00", "stage": "G_hybrid replica 1 production 181/200", "mode": "G_hybrid", "block_completed": 136995, "block_samples": 250000, "worker_pids_seen": 128, "elapsed_s": 30.5521003510803}
G200_PRODUCTION_FINISHED G_hybrid replica 1 production 181/200 {"n": 180250000, "matched_pb": 0.06041063775558801, "matched_error_pb": 0.0006460311084983283, "relative_error": 0.01069399583417856, "hard_error_pb": 0.0006228873024931569, "cpu_ms_per_sample": 10.104436769678136, "max_weight_second_moment_fraction": 0.041689238740783174}
PROGRESS {"utc": "2026-09-22T08:30:03.708470+00:00", "stage": "G_hybrid replica 2 production 181/200", "mode": "G_hybrid", "block_completed": 134943, "block_samples": 250000, "worker_pids_seen": 128, "elapsed_s": 30.48837814386934}
G200_PRODUCTION_FINISHED G_hybrid replica 2 production 181/200 {"n": 180500000, "matched_pb": 0.06038907495187874, "matched_error_pb": 0.0006455978646261229, "relative_error": 0.01069064007257223, "hard_error_pb": 0.0006224379497342947, "cpu_ms_per_sample": 10.105269063796838, "max_weight_second_moment_fraction": 0.041633882034342526}
PROGRESS {"utc": "2026-09-22T08:31:03.326106+00:00", "stage": "G_hybrid replica 3 production 181/200", "mode": "G_hybrid", "block_completed": 126781, "block_samples": 250000, "worker_pids_seen": 128, "elapsed_s": 31.047967952908948}
G200_PRODUCTION_FINISHED G_hybrid replica 3 production 181/200 {"n": 180750000, "matched_pb": 0.06043239498250583, "matched_error_pb": 0.000645140283778462, "relative_error": 0.010675404871265145, "hard_error_pb": 0.0006219633302803125, "cpu_ms_per_sample": 10.106637554079548, "max_weight_second_moment_fraction": 0.041582185144071436}
PROGRESS {"utc": "2026-09-22T08:32:01.420698+00:00", "stage": "G_hybrid replica 4 production 181/200", "mode": "G_hybrid", "block_completed": 139151, "block_samples": 250000, "worker_pids_seen": 128, "elapsed_s": 30.568773210979998}
G200_PRODUCTION_FINISHED G_hybrid replica 4 production 181/200 {"n": 181000000, "matched_pb": 0.06045453273870173, "matched_error_pb": 0.0006446843663599443, "relative_error": 0.010663954167777908, "hard_error_pb": 0.0006214904107776286, "cpu_ms_per_sample": 10.106338414175921, "max_weight_second_moment_fraction": 0.04153053075556837}
PROGRESS {"utc": "2026-09-22T08:32:56.428074+00:00", "stage": "G_hybrid replica 1 production 182/200", "mode": "G_hybrid", "block_completed": 136402, "block_samples": 250000, "worker_pids_seen": 128, "elapsed_s": 30.632795057957992}
G200_PRODUCTION_FINISHED G_hybrid replica 1 production 182/200 {"n": 181250000, "matched_pb": 0.06046074237583311, "matched_error_pb": 0.0006442349702496825, "relative_error": 0.010655426065479324, "hard_error_pb": 0.0006210242308897712, "cpu_ms_per_sample": 10.106152997469655, "max_weight_second_moment_fraction": 0.0414782452667066}
PROGRESS {"utc": "2026-09-22T08:33:52.685342+00:00", "stage": "G_hybrid replica 2 production 182/200", "mode": "G_hybrid", "block_completed": 131189, "block_samples": 250000, "worker_pids_seen": 128, "elapsed_s": 30.490936291171238}
PROGRESS {"utc": "2026-09-22T08:34:22.688437+00:00", "stage": "G_hybrid replica 2 production 182/200", "mode": "G_hybrid", "block_completed": 224885, "block_samples": 250000, "worker_pids_seen": 128, "elapsed_s": 60.49403243907727}
G200_PRODUCTION_FINISHED G_hybrid replica 2 production 182/200 {"n": 181500000, "matched_pb": 0.06045265966049895, "matched_error_pb": 0.0006438013422367451, "relative_error": 0.010649677712317734, "hard_error_pb": 0.0006205743845224819, "cpu_ms_per_sample": 10.107629659882551, "max_weight_second_moment_fraction": 0.041424048223370924}
PROGRESS {"utc": "2026-09-22T08:34:57.874838+00:00", "stage": "G_hybrid replica 3 production 182/200", "mode": "G_hybrid", "block_completed": 143379, "block_samples": 250000, "worker_pids_seen": 128, "elapsed_s": 30.495589952915907}
G200_PRODUCTION_FINISHED G_hybrid replica 3 production 182/200 {"n": 181750000, "matched_pb": 0.06046703397788662, "matched_error_pb": 0.0006433408523787794, "relative_error": 0.010639530502092352, "hard_error_pb": 0.0006200966463375504, "cpu_ms_per_sample": 10.10671313237381, "max_weight_second_moment_fraction": 0.041373845770888824}
PROGRESS {"utc": "2026-09-22T08:35:52.734462+00:00", "stage": "G_hybrid replica 4 production 182/200", "mode": "G_hybrid", "block_completed": 137598, "block_samples": 250000, "worker_pids_seen": 128, "elapsed_s": 30.521046864800155}
G200_PRODUCTION_FINISHED G_hybrid replica 4 production 182/200 {"n": 182000000, "matched_pb": 0.06046041477543897, "matched_error_pb": 0.0006428670619756142, "relative_error": 0.010632858943547444, "hard_error_pb": 0.0006196050821553846, "cpu_ms_per_sample": 10.106498644522853, "max_weight_second_moment_fraction": 0.04132575194671366}
PROGRESS {"utc": "2026-09-22T08:36:49.860221+00:00", "stage": "G_hybrid replica 1 production 183/200", "mode": "G_hybrid", "block_completed": 135899, "block_samples": 250000, "worker_pids_seen": 128, "elapsed_s": 30.60356958792545}
G200_PRODUCTION_FINISHED G_hybrid replica 1 production 183/200 {"n": 182250000, "matched_pb": 0.06045259128269871, "matched_error_pb": 0.0006423997303599224, "relative_error": 0.010626504451328202, "hard_error_pb": 0.0006191201919063242, "cpu_ms_per_sample": 10.106013344864754, "max_weight_second_moment_fraction": 0.04127703178944624}
PROGRESS {"utc": "2026-09-22T08:37:47.024756+00:00", "stage": "G_hybrid replica 2 production 183/200", "mode": "G_hybrid", "block_completed": 128155, "block_samples": 250000, "worker_pids_seen": 128, "elapsed_s": 30.686753949848935}
G200_PRODUCTION_FINISHED G_hybrid replica 2 production 183/200 {"n": 182500000, "matched_pb": 0.06045081346266713, "matched_error_pb": 0.0006419390152149032, "relative_error": 0.010619195647571364, "hard_error_pb": 0.000618642140267459, "cpu_ms_per_sample": 10.106325095205207, "max_weight_second_moment_fraction": 0.04122766386694525}
PROGRESS {"utc": "2026-09-22T08:38:46.429624+00:00", "stage": "G_hybrid replica 3 production 183/200", "mode": "G_hybrid", "block_completed": 131516, "block_samples": 250000, "worker_pids_seen": 128, "elapsed_s": 30.562545377062634}
G200_PRODUCTION_FINISHED G_hybrid replica 3 production 183/200 {"n": 182750000, "matched_pb": 0.06047498087945351, "matched_error_pb": 0.0006415340261765865, "relative_error": 0.010608255130421199, "hard_error_pb": 0.0006182218899407913, "cpu_ms_per_sample": 10.105596380687361, "max_weight_second_moment_fraction": 0.04117086168927739}
PROGRESS {"utc": "2026-09-22T08:39:43.126621+00:00", "stage": "G_hybrid replica 4 production 183/200", "mode": "G_hybrid", "block_completed": 133053, "block_samples": 250000, "worker_pids_seen": 128, "elapsed_s": 30.644326247973368}
G200_PRODUCTION_FINISHED G_hybrid replica 4 production 183/200 {"n": 183000000, "matched_pb": 0.06046235295707533, "matched_error_pb": 0.0006410850953353726, "relative_error": 0.010603045762881654, "hard_error_pb": 0.0006177560181178217, "cpu_ms_per_sample": 10.10513297985704, "max_weight_second_moment_fraction": 0.04112039901007617}
PROGRESS {"utc": "2026-09-22T08:40:41.156833+00:00", "stage": "G_hybrid replica 1 production 184/200", "mode": "G_hybrid", "block_completed": 128315, "block_samples": 250000, "worker_pids_seen": 128, "elapsed_s": 30.618147712899372}
G200_PRODUCTION_FINISHED G_hybrid replica 1 production 184/200 {"n": 183250000, "matched_pb": 0.06046514417338597, "matched_error_pb": 0.0006406218293956073, "relative_error": 0.010594894598425188, "hard_error_pb": 0.0006172752439210544, "cpu_ms_per_sample": 10.104722877941638, "max_weight_second_moment_fraction": 0.04107218239182431}
PROGRESS {"utc": "2026-09-22T08:41:41.122540+00:00", "stage": "G_hybrid replica 2 production 184/200", "mode": "G_hybrid", "block_completed": 121471, "block_samples": 250000, "worker_pids_seen": 128, "elapsed_s": 30.593619463965297}
PROGRESS {"utc": "2026-09-22T08:42:11.160414+00:00", "stage": "G_hybrid replica 2 production 184/200", "mode": "G_hybrid", "block_completed": 242832, "block_samples": 250000, "worker_pids_seen": 128, "elapsed_s": 60.63138015801087}
G200_PRODUCTION_FINISHED G_hybrid replica 2 production 184/200 {"n": 183500000, "matched_pb": 0.060468172955679245, "matched_error_pb": 0.000640181258235485, "relative_error": 0.010587077911295787, "hard_error_pb": 0.0006168179973505892, "cpu_ms_per_sample": 10.10507971539172, "max_weight_second_moment_fraction": 0.041021095464615985}
PROGRESS {"utc": "2026-09-22T08:42:44.064628+00:00", "stage": "G_hybrid replica 3 production 184/200", "mode": "G_hybrid", "block_completed": 131596, "block_samples": 250000, "worker_pids_seen": 128, "elapsed_s": 30.571604249998927}
G200_PRODUCTION_FINISHED G_hybrid replica 3 production 184/200 {"n": 183750000, "matched_pb": 0.06047510582181326, "matched_error_pb": 0.0006397272432286767, "relative_error": 0.010578356739277144, "hard_error_pb": 0.0006163467726763766, "cpu_ms_per_sample": 10.104305733764098, "max_weight_second_moment_fraction": 0.040972127730360415}
PROGRESS {"utc": "2026-09-22T08:43:40.647634+00:00", "stage": "G_hybrid replica 4 production 184/200", "mode": "G_hybrid", "block_completed": 131208, "block_samples": 250000, "worker_pids_seen": 128, "elapsed_s": 30.769344162894413}
G200_PRODUCTION_FINISHED G_hybrid replica 4 production 184/200 {"n": 184000000, "matched_pb": 0.06050214317925204, "matched_error_pb": 0.0006392613352543356, "relative_error": 0.010565928769835002, "hard_error_pb": 0.0006158631773460553, "cpu_ms_per_sample": 10.103873261654392, "max_weight_second_moment_fraction": 0.04092506337606469}
PROGRESS {"utc": "2026-09-22T08:44:38.909909+00:00", "stage": "G_hybrid replica 1 production 185/200", "mode": "G_hybrid", "block_completed": 135827, "block_samples": 250000, "worker_pids_seen": 128, "elapsed_s": 30.64637122186832}
G200_PRODUCTION_FINISHED G_hybrid replica 1 production 185/200 {"n": 184250000, "matched_pb": 0.06049476932272993, "matched_error_pb": 0.0006388022948475821, "relative_error": 0.010559628576144722, "hard_error_pb": 0.000615386683608087, "cpu_ms_per_sample": 10.103504644725994, "max_weight_second_moment_fraction": 0.04087730818002396}
PROGRESS {"utc": "2026-09-22T08:45:38.411368+00:00", "stage": "G_hybrid replica 2 production 185/200", "mode": "G_hybrid", "block_completed": 126758, "block_samples": 250000, "worker_pids_seen": 128, "elapsed_s": 30.804828308988363}
G200_PRODUCTION_FINISHED G_hybrid replica 2 production 185/200 {"n": 184500000, "matched_pb": 0.06049869765511047, "matched_error_pb": 0.0006383635575865105, "relative_error": 0.010551690901276556, "hard_error_pb": 0.0006149312401513918, "cpu_ms_per_sample": 10.103753576146628, "max_weight_second_moment_fraction": 0.040827013805240196}
PROGRESS {"utc": "2026-09-22T08:46:37.525256+00:00", "stage": "G_hybrid replica 3 production 185/200", "mode": "G_hybrid", "block_completed": 131923, "block_samples": 250000, "worker_pids_seen": 128, "elapsed_s": 30.553239725064486}
G200_PRODUCTION_FINISHED G_hybrid replica 3 production 185/200 {"n": 184750000, "matched_pb": 0.060540823295956586, "matched_error_pb": 0.0006379225155779258, "relative_error": 0.010537063767028941, "hard_error_pb": 0.0006144733796844999, "cpu_ms_per_sample": 10.103156770890866, "max_weight_second_moment_fraction": 0.040777299678719355}
PROGRESS {"utc": "2026-09-22T08:47:34.127685+00:00", "stage": "G_hybrid replica 4 production 185/200", "mode": "G_hybrid", "block_completed": 136439, "block_samples": 250000, "worker_pids_seen": 128, "elapsed_s": 30.55162113206461}
G200_PRODUCTION_FINISHED G_hybrid replica 4 production 185/200 {"n": 185000000, "matched_pb": 0.06054420618219476, "matched_error_pb": 0.0006374714183939162, "relative_error": 0.010529024304581401, "hard_error_pb": 0.0006140050551329151, "cpu_ms_per_sample": 10.102689718630536, "max_weight_second_moment_fraction": 0.04072922539246312}
PROGRESS {"utc": "2026-09-22T08:48:33.798050+00:00", "stage": "G_hybrid replica 1 production 186/200", "mode": "G_hybrid", "block_completed": 125825, "block_samples": 250000, "worker_pids_seen": 128, "elapsed_s": 30.850514261983335}
G200_PRODUCTION_FINISHED G_hybrid replica 1 production 186/200 {"n": 185250000, "matched_pb": 0.06054086698428991, "matched_error_pb": 0.0006370185372516348, "relative_error": 0.010522124458788116, "hard_error_pb": 0.0006135348525241538, "cpu_ms_per_sample": 10.102389893298113, "max_weight_second_moment_fraction": 0.040681652177050304}
PROGRESS {"utc": "2026-09-22T08:49:34.482644+00:00", "stage": "G_hybrid replica 2 production 186/200", "mode": "G_hybrid", "block_completed": 127275, "block_samples": 250000, "worker_pids_seen": 128, "elapsed_s": 30.848121693124995}
G200_PRODUCTION_FINISHED G_hybrid replica 2 production 186/200 {"n": 185500000, "matched_pb": 0.060555121615521, "matched_error_pb": 0.000636579714113618, "relative_error": 0.010512400885847697, "hard_error_pb": 0.0006130792207215951, "cpu_ms_per_sample": 10.1025614607851, "max_weight_second_moment_fraction": 0.040632400379325716}
PROGRESS {"utc": "2026-09-22T08:50:35.087469+00:00", "stage": "G_hybrid replica 3 production 186/200", "mode": "G_hybrid", "block_completed": 136153, "block_samples": 250000, "worker_pids_seen": 128, "elapsed_s": 30.604130228981376}
G200_PRODUCTION_FINISHED G_hybrid replica 3 production 186/200 {"n": 185750000, "matched_pb": 0.06057307569469729, "matched_error_pb": 0.0006361425715761861, "relative_error": 0.010502068192516688, "hard_error_pb": 0.00061262530949283, "cpu_ms_per_sample": 10.102008246073595, "max_weight_second_moment_fraction": 0.04058317281504935}
PROGRESS {"utc": "2026-09-22T08:51:33.326018+00:00", "stage": "G_hybrid replica 4 production 186/200", "mode": "G_hybrid", "block_completed": 132556, "block_samples": 250000, "worker_pids_seen": 128, "elapsed_s": 30.61981425783597}
G200_PRODUCTION_FINISHED G_hybrid replica 4 production 186/200 {"n": 186000000, "matched_pb": 0.06056085435882336, "matched_error_pb": 0.0006357285698609603, "relative_error": 0.01049735140944785, "hard_error_pb": 0.0006121954042600161, "cpu_ms_per_sample": 10.101326161734669, "max_weight_second_moment_fraction": 0.04053101513142549}
PROGRESS {"utc": "2026-09-22T08:52:29.676068+00:00", "stage": "G_hybrid replica 1 production 187/200", "mode": "G_hybrid", "block_completed": 137607, "block_samples": 250000, "worker_pids_seen": 128, "elapsed_s": 30.529407777125016}
G200_PRODUCTION_FINISHED G_hybrid replica 1 production 187/200 {"n": 186250000, "matched_pb": 0.06057307402792622, "matched_error_pb": 0.0006353073482739397, "relative_error": 0.010488279792124166, "hard_error_pb": 0.0006117579792944981, "cpu_ms_per_sample": 10.10087643857727, "max_weight_second_moment_fraction": 0.04048010771820218}
PROGRESS {"utc": "2026-09-22T08:53:26.607092+00:00", "stage": "G_hybrid replica 2 production 187/200", "mode": "G_hybrid", "block_completed": 122661, "block_samples": 250000, "worker_pids_seen": 128, "elapsed_s": 30.575108719058335}
PROGRESS {"utc": "2026-09-22T08:53:56.613984+00:00", "stage": "G_hybrid replica 2 production 187/200", "mode": "G_hybrid", "block_completed": 246160, "block_samples": 250000, "worker_pids_seen": 128, "elapsed_s": 60.58200446818955}
G200_PRODUCTION_FINISHED G_hybrid replica 2 production 187/200 {"n": 186500000, "matched_pb": 0.06058940863847924, "matched_error_pb": 0.0006348683480778644, "relative_error": 0.010478206708798787, "hard_error_pb": 0.00061130206759894, "cpu_ms_per_sample": 10.101433490511344, "max_weight_second_moment_fraction": 0.04043189676137417}
PROGRESS {"utc": "2026-09-22T08:54:29.850514+00:00", "stage": "G_hybrid replica 3 production 187/200", "mode": "G_hybrid", "block_completed": 134690, "block_samples": 250000, "worker_pids_seen": 128, "elapsed_s": 30.511622053803876}
G200_PRODUCTION_FINISHED G_hybrid replica 3 production 187/200 {"n": 186750000, "matched_pb": 0.060630167448033345, "matched_error_pb": 0.0006345372379140992, "relative_error": 0.010465701557858417, "hard_error_pb": 0.0006109581857699238, "cpu_ms_per_sample": 10.100950944966097, "max_weight_second_moment_fraction": 0.04036912745413608}
PROGRESS {"utc": "2026-09-22T08:55:26.817945+00:00", "stage": "G_hybrid replica 4 production 187/200", "mode": "G_hybrid", "block_completed": 140140, "block_samples": 250000, "worker_pids_seen": 128, "elapsed_s": 30.5425831398461}
G200_PRODUCTION_FINISHED G_hybrid replica 4 production 187/200 {"n": 187000000, "matched_pb": 0.06066240139924983, "matched_error_pb": 0.0006341139975404284, "relative_error": 0.010453163457328446, "hard_error_pb": 0.0006105185995007237, "cpu_ms_per_sample": 10.100355458391698, "max_weight_second_moment_fraction": 0.04031926187215725}
PROGRESS {"utc": "2026-09-22T08:56:23.315337+00:00", "stage": "G_hybrid replica 1 production 188/200", "mode": "G_hybrid", "block_completed": 131333, "block_samples": 250000, "worker_pids_seen": 128, "elapsed_s": 30.587534609017894}
G200_PRODUCTION_FINISHED G_hybrid replica 1 production 188/200 {"n": 187250000, "matched_pb": 0.06067876893788349, "matched_error_pb": 0.0006336748219964246, "relative_error": 0.010443106099352705, "hard_error_pb": 0.0006100624381912257, "cpu_ms_per_sample": 10.100028112414154, "max_weight_second_moment_fraction": 0.040271830376214075}
PROGRESS {"utc": "2026-09-22T08:57:23.352128+00:00", "stage": "G_hybrid replica 2 production 188/200", "mode": "G_hybrid", "block_completed": 131333, "block_samples": 250000, "worker_pids_seen": 128, "elapsed_s": 30.688865426927805}
G200_PRODUCTION_FINISHED G_hybrid replica 2 production 188/200 {"n": 187500000, "matched_pb": 0.06066361471437723, "matched_error_pb": 0.0006332405496979698, "relative_error": 0.010438556170440209, "hard_error_pb": 0.0006096113452367908, "cpu_ms_per_sample": 10.100192643031667, "max_weight_second_moment_fraction": 0.04022397169236269}
PROGRESS {"utc": "2026-09-22T08:58:20.321711+00:00", "stage": "G_hybrid replica 3 production 188/200", "mode": "G_hybrid", "block_completed": 138928, "block_samples": 250000, "worker_pids_seen": 128, "elapsed_s": 30.54206390818581}
G200_PRODUCTION_FINISHED G_hybrid replica 3 production 188/200 {"n": 187750000, "matched_pb": 0.060680555075356093, "matched_error_pb": 0.0006328192734315604, "relative_error": 0.010428699484467379, "hard_error_pb": 0.0006091737283288493, "cpu_ms_per_sample": 10.100019879632008, "max_weight_second_moment_fraction": 0.04017458190771972}
PROGRESS {"utc": "2026-09-22T08:59:15.680599+00:00", "stage": "G_hybrid replica 4 production 188/200", "mode": "G_hybrid", "block_completed": 136971, "block_samples": 250000, "worker_pids_seen": 128, "elapsed_s": 30.56359985121526}
G200_PRODUCTION_FINISHED G_hybrid replica 4 production 188/200 {"n": 188000000, "matched_pb": 0.06069005649725129, "matched_error_pb": 0.0006323725017733815, "relative_error": 0.010419705274158416, "hard_error_pb": 0.0006087096019110821, "cpu_ms_per_sample": 10.099682364424268, "max_weight_second_moment_fraction": 0.040128930645303325}
PROGRESS {"utc": "2026-09-22T09:00:11.163504+00:00", "stage": "G_hybrid replica 1 production 189/200", "mode": "G_hybrid", "block_completed": 125944, "block_samples": 250000, "worker_pids_seen": 128, "elapsed_s": 30.53984367195517}
G200_PRODUCTION_FINISHED G_hybrid replica 1 production 189/200 {"n": 188250000, "matched_pb": 0.0606588099088253, "matched_error_pb": 0.0006319288105036121, "relative_error": 0.010417758136921052, "hard_error_pb": 0.0006082486498169418, "cpu_ms_per_sample": 10.099558654034642, "max_weight_second_moment_fraction": 0.04008309798888072}
PROGRESS {"utc": "2026-09-22T09:01:10.507739+00:00", "stage": "G_hybrid replica 2 production 189/200", "mode": "G_hybrid", "block_completed": 125428, "block_samples": 250000, "worker_pids_seen": 128, "elapsed_s": 30.51878527086228}
PROGRESS {"utc": "2026-09-22T09:01:40.565342+00:00", "stage": "G_hybrid replica 2 production 189/200", "mode": "G_hybrid", "block_completed": 248976, "block_samples": 250000, "worker_pids_seen": 128, "elapsed_s": 60.576403823914006}
G200_PRODUCTION_FINISHED G_hybrid replica 2 production 189/200 {"n": 188500000, "matched_pb": 0.0606558336399597, "matched_error_pb": 0.0006315431591696228, "relative_error": 0.010411911291473307, "hard_error_pb": 0.0006078479747054934, "cpu_ms_per_sample": 10.09994079801812, "max_weight_second_moment_fraction": 0.040029567506943614}
PROGRESS {"utc": "2026-09-22T09:02:12.381319+00:00", "stage": "G_hybrid replica 3 production 189/200", "mode": "G_hybrid", "block_completed": 132514, "block_samples": 250000, "worker_pids_seen": 128, "elapsed_s": 30.52095514605753}
G200_PRODUCTION_FINISHED G_hybrid replica 3 production 189/200 {"n": 188750000, "matched_pb": 0.0606435987005676, "matched_error_pb": 0.0006311400496869696, "relative_error": 0.010407364721267149, "hard_error_pb": 0.0006074291405410948, "cpu_ms_per_sample": 10.099427148230085, "max_weight_second_moment_fraction": 0.03997867317949305}
PROGRESS {"utc": "2026-09-22T09:03:10.584085+00:00", "stage": "G_hybrid replica 4 production 189/200", "mode": "G_hybrid", "block_completed": 135790, "block_samples": 250000, "worker_pids_seen": 128, "elapsed_s": 30.613564911996946}
G200_PRODUCTION_FINISHED G_hybrid replica 4 production 189/200 {"n": 189000000, "matched_pb": 0.06064381651005185, "matched_error_pb": 0.0006306953925144229, "relative_error": 0.010399995066436555, "hard_error_pb": 0.0006069671132759539, "cpu_ms_per_sample": 10.099038224576342, "max_weight_second_moment_fraction": 0.03993370514260109}
PROGRESS {"utc": "2026-09-22T09:04:05.586635+00:00", "stage": "G_hybrid replica 1 production 190/200", "mode": "G_hybrid", "block_completed": 139656, "block_samples": 250000, "worker_pids_seen": 128, "elapsed_s": 30.518916450906545}
G200_PRODUCTION_FINISHED G_hybrid replica 1 production 190/200 {"n": 189250000, "matched_pb": 0.06065492869922885, "matched_error_pb": 0.000630311925760816, "relative_error": 0.010391767648204812, "hard_error_pb": 0.0006065686459222328, "cpu_ms_per_sample": 10.09869652349744, "max_weight_second_moment_fraction": 0.039880615776783104}
PROGRESS {"utc": "2026-09-22T09:05:02.542142+00:00", "stage": "G_hybrid replica 2 production 190/200", "mode": "G_hybrid", "block_completed": 127254, "block_samples": 250000, "worker_pids_seen": 128, "elapsed_s": 30.575809869915247}
PROGRESS {"utc": "2026-09-22T09:05:32.572739+00:00", "stage": "G_hybrid replica 2 production 190/200", "mode": "G_hybrid", "block_completed": 248208, "block_samples": 250000, "worker_pids_seen": 128, "elapsed_s": 60.606426196871325}
G200_PRODUCTION_FINISHED G_hybrid replica 2 production 190/200 {"n": 189500000, "matched_pb": 0.06063052315244756, "matched_error_pb": 0.000629875761941832, "relative_error": 0.010388756837180695, "hard_error_pb": 0.000606115396555331, "cpu_ms_per_sample": 10.098951527249744, "max_weight_second_moment_fraction": 0.03983496676996729}
PROGRESS {"utc": "2026-09-22T09:06:04.322622+00:00", "stage": "G_hybrid replica 3 production 190/200", "mode": "G_hybrid", "block_completed": 133934, "block_samples": 250000, "worker_pids_seen": 128, "elapsed_s": 30.579331309068948}
G200_PRODUCTION_FINISHED G_hybrid replica 3 production 190/200 {"n": 189750000, "matched_pb": 0.06063908031015108, "matched_error_pb": 0.0006294546311594382, "relative_error": 0.010380345940933844, "hard_error_pb": 0.000605677745296694, "cpu_ms_per_sample": 10.098521672696169, "max_weight_second_moment_fraction": 0.03978750640816981}
PROGRESS {"utc": "2026-09-22T09:06:59.677610+00:00", "stage": "G_hybrid replica 4 production 190/200", "mode": "G_hybrid", "block_completed": 133705, "block_samples": 250000, "worker_pids_seen": 128, "elapsed_s": 30.559012030018494}
G200_PRODUCTION_FINISHED G_hybrid replica 4 production 190/200 {"n": 190000000, "matched_pb": 0.060612874258947555, "matched_error_pb": 0.0006291071666464101, "relative_error": 0.010379101376363825, "hard_error_pb": 0.0006053166325035986, "cpu_ms_per_sample": 10.098423505090071, "max_weight_second_moment_fraction": 0.03973023079827486}
PROGRESS {"utc": "2026-09-22T09:07:59.898418+00:00", "stage": "G_hybrid replica 1 production 191/200", "mode": "G_hybrid", "block_completed": 139091, "block_samples": 250000, "worker_pids_seen": 128, "elapsed_s": 30.6933903680183}
G200_PRODUCTION_FINISHED G_hybrid replica 1 production 191/200 {"n": 190250000, "matched_pb": 0.06060985014548967, "matched_error_pb": 0.0006286804063279204, "relative_error": 0.010372578134062655, "hard_error_pb": 0.0006048730873168864, "cpu_ms_per_sample": 10.098237615840512, "max_weight_second_moment_fraction": 0.03968401843513878}
PROGRESS {"utc": "2026-09-22T09:08:54.677110+00:00", "stage": "G_hybrid replica 2 production 191/200", "mode": "G_hybrid", "block_completed": 137255, "block_samples": 250000, "worker_pids_seen": 128, "elapsed_s": 30.532907265936956}
G200_PRODUCTION_FINISHED G_hybrid replica 2 production 191/200 {"n": 190500000, "matched_pb": 0.060587568122559596, "matched_error_pb": 0.0006282621392234524, "relative_error": 0.010369489297747881, "hard_error_pb": 0.0006044383459388156, "cpu_ms_per_sample": 10.09848324223051, "max_weight_second_moment_fraction": 0.039636883208212625}
PROGRESS {"utc": "2026-09-22T09:09:51.309816+00:00", "stage": "G_hybrid replica 3 production 191/200", "mode": "G_hybrid", "block_completed": 132167, "block_samples": 250000, "worker_pids_seen": 128, "elapsed_s": 30.562652718042955}
G200_PRODUCTION_FINISHED G_hybrid replica 3 production 191/200 {"n": 190750000, "matched_pb": 0.06056496514714242, "matched_error_pb": 0.0006279063506269525, "relative_error": 0.010367484718293088, "hard_error_pb": 0.000604068525597287, "cpu_ms_per_sample": 10.09796276343044, "max_weight_second_moment_fraction": 0.03958147261235803}
PROGRESS {"utc": "2026-09-22T09:10:48.877507+00:00", "stage": "G_hybrid replica 4 production 191/200", "mode": "G_hybrid", "block_completed": 137635, "block_samples": 250000, "worker_pids_seen": 128, "elapsed_s": 30.65920294378884}
G200_PRODUCTION_FINISHED G_hybrid replica 4 production 191/200 {"n": 191000000, "matched_pb": 0.06057929845949096, "matched_error_pb": 0.0006274721056881288, "relative_error": 0.010357863521772473, "hard_error_pb": 0.0006036171318611798, "cpu_ms_per_sample": 10.09782351823588, "max_weight_second_moment_fraction": 0.0395369910449011}
PROGRESS {"utc": "2026-09-22T09:11:46.099469+00:00", "stage": "G_hybrid replica 1 production 192/200", "mode": "G_hybrid", "block_completed": 140655, "block_samples": 250000, "worker_pids_seen": 128, "elapsed_s": 30.50482133612968}
G200_PRODUCTION_FINISHED G_hybrid replica 1 production 192/200 {"n": 191250000, "matched_pb": 0.060587685018252915, "matched_error_pb": 0.0006270412314264058, "relative_error": 0.010349318202824559, "hard_error_pb": 0.000603169217026504, "cpu_ms_per_sample": 10.097297302353727, "max_weight_second_moment_fraction": 0.03949228294334616}
PROGRESS {"utc": "2026-09-22T09:12:41.909513+00:00", "stage": "G_hybrid replica 2 production 192/200", "mode": "G_hybrid", "block_completed": 125138, "block_samples": 250000, "worker_pids_seen": 128, "elapsed_s": 30.556933054002002}
G200_PRODUCTION_FINISHED G_hybrid replica 2 production 192/200 {"n": 191500000, "matched_pb": 0.06062367200346412, "matched_error_pb": 0.0006267749344554646, "relative_error": 0.010338782091913697, "hard_error_pb": 0.0006028923759024281, "cpu_ms_per_sample": 10.0974922415072, "max_weight_second_moment_fraction": 0.039425423636533376}
PROGRESS {"utc": "2026-09-22T09:13:42.178076+00:00", "stage": "G_hybrid replica 3 production 192/200", "mode": "G_hybrid", "block_completed": 138529, "block_samples": 250000, "worker_pids_seen": 128, "elapsed_s": 30.508578916080296}
G200_PRODUCTION_FINISHED G_hybrid replica 3 production 192/200 {"n": 191750000, "matched_pb": 0.06062361236448381, "matched_error_pb": 0.0006263898143642915, "relative_error": 0.010332439621022326, "hard_error_pb": 0.0006024919899873808, "cpu_ms_per_sample": 10.09717162556143, "max_weight_second_moment_fraction": 0.03937496747874348}
PROGRESS {"utc": "2026-09-22T09:14:39.285736+00:00", "stage": "G_hybrid replica 4 production 192/200", "mode": "G_hybrid", "block_completed": 138371, "block_samples": 250000, "worker_pids_seen": 128, "elapsed_s": 30.479276763973758}
G200_PRODUCTION_FINISHED G_hybrid replica 4 production 192/200 {"n": 192000000, "matched_pb": 0.06060880418656732, "matched_error_pb": 0.0006259608201564472, "relative_error": 0.010327885998700801, "hard_error_pb": 0.0006020459673733847, "cpu_ms_per_sample": 10.096756233742619, "max_weight_second_moment_fraction": 0.03933070479135252}
PROGRESS {"utc": "2026-09-22T09:15:34.028058+00:00", "stage": "G_hybrid replica 1 production 193/200", "mode": "G_hybrid", "block_completed": 140433, "block_samples": 250000, "worker_pids_seen": 128, "elapsed_s": 30.497256708098575}
G200_PRODUCTION_FINISHED G_hybrid replica 1 production 193/200 {"n": 192250000, "matched_pb": 0.06059055650617379, "matched_error_pb": 0.0006255357500166448, "relative_error": 0.010323980931795975, "hard_error_pb": 0.0006016040001599964, "cpu_ms_per_sample": 10.096357867865212, "max_weight_second_moment_fraction": 0.039286138297861185}
PROGRESS {"utc": "2026-09-22T09:16:29.654487+00:00", "stage": "G_hybrid replica 2 production 193/200", "mode": "G_hybrid", "block_completed": 133040, "block_samples": 250000, "worker_pids_seen": 128, "elapsed_s": 30.541428447002545}
G200_PRODUCTION_FINISHED G_hybrid replica 2 production 193/200 {"n": 192500000, "matched_pb": 0.0605939492458807, "matched_error_pb": 0.0006251186874654165, "relative_error": 0.010316519970150541, "hard_error_pb": 0.0006011703351614314, "cpu_ms_per_sample": 10.096615913222939, "max_weight_second_moment_fraction": 0.039240715300392484}
PROGRESS {"utc": "2026-09-22T09:17:26.738198+00:00", "stage": "G_hybrid replica 3 production 193/200", "mode": "G_hybrid", "block_completed": 141126, "block_samples": 250000, "worker_pids_seen": 128, "elapsed_s": 30.52991166803986}
G200_PRODUCTION_FINISHED G_hybrid replica 3 production 193/200 {"n": 192750000, "matched_pb": 0.06061518406631458, "matched_error_pb": 0.0006247109240067755, "relative_error": 0.010306178783905457, "hard_error_pb": 0.0006007463167036664, "cpu_ms_per_sample": 10.096034146244207, "max_weight_second_moment_fraction": 0.03919426055924391}
PROGRESS {"utc": "2026-09-22T09:18:21.863607+00:00", "stage": "G_hybrid replica 4 production 193/200", "mode": "G_hybrid", "block_completed": 137773, "block_samples": 250000, "worker_pids_seen": 128, "elapsed_s": 30.630282083060592}
G200_PRODUCTION_FINISHED G_hybrid replica 4 production 193/200 {"n": 193000000, "matched_pb": 0.060632826236561965, "matched_error_pb": 0.0006243236285847926, "relative_error": 0.010296792469296469, "hard_error_pb": 0.0006003435613620794, "cpu_ms_per_sample": 10.095754404830119, "max_weight_second_moment_fraction": 0.03914525837691824}
PROGRESS {"utc": "2026-09-22T09:19:17.314675+00:00", "stage": "G_hybrid replica 1 production 194/200", "mode": "G_hybrid", "block_completed": 137875, "block_samples": 250000, "worker_pids_seen": 128, "elapsed_s": 30.696089713834226}
G200_PRODUCTION_FINISHED G_hybrid replica 1 production 194/200 {"n": 193250000, "matched_pb": 0.06064694204010154, "matched_error_pb": 0.0006239048834316643, "relative_error": 0.010287491214629092, "hard_error_pb": 0.0005999080779832035, "cpu_ms_per_sample": 10.095500282154878, "max_weight_second_moment_fraction": 0.03910074920549404}
PROGRESS {"utc": "2026-09-22T09:20:13.065886+00:00", "stage": "G_hybrid replica 2 production 194/200", "mode": "G_hybrid", "block_completed": 126001, "block_samples": 250000, "worker_pids_seen": 128, "elapsed_s": 30.510240700794384}
G200_PRODUCTION_FINISHED G_hybrid replica 2 production 194/200 {"n": 193500000, "matched_pb": 0.060693056731590006, "matched_error_pb": 0.0006235163791314031, "relative_error": 0.010273273628132662, "hard_error_pb": 0.0005995040229262505, "cpu_ms_per_sample": 10.095602175375726, "max_weight_second_moment_fraction": 0.039052370453745745}
PROGRESS {"utc": "2026-09-22T09:21:13.725378+00:00", "stage": "G_hybrid replica 3 production 194/200", "mode": "G_hybrid", "block_completed": 139245, "block_samples": 250000, "worker_pids_seen": 128, "elapsed_s": 30.502437071176246}
G200_PRODUCTION_FINISHED G_hybrid replica 3 production 194/200 {"n": 193750000, "matched_pb": 0.06067309355100099, "matched_error_pb": 0.000623118446220919, "relative_error": 0.01027009518967636, "hard_error_pb": 0.0005990901405301168, "cpu_ms_per_sample": 10.09523362583249, "max_weight_second_moment_fraction": 0.039005491565596906}
PROGRESS {"utc": "2026-09-22T09:22:08.749920+00:00", "stage": "G_hybrid replica 4 production 194/200", "mode": "G_hybrid", "block_completed": 143957, "block_samples": 250000, "worker_pids_seen": 128, "elapsed_s": 30.550682295113802}
G200_PRODUCTION_FINISHED G_hybrid replica 4 production 194/200 {"n": 194000000, "matched_pb": 0.06068135222711546, "matched_error_pb": 0.0006226995545006318, "relative_error": 0.01026179430165003, "hard_error_pb": 0.0005986544359101567, "cpu_ms_per_sample": 10.094758132603188, "max_weight_second_moment_fraction": 0.03896167818990783}
PROGRESS {"utc": "2026-09-22T09:23:02.056670+00:00", "stage": "G_hybrid replica 1 production 195/200", "mode": "G_hybrid", "block_completed": 135840, "block_samples": 250000, "worker_pids_seen": 128, "elapsed_s": 30.520831895060837}
G200_PRODUCTION_FINISHED G_hybrid replica 1 production 195/200 {"n": 194250000, "matched_pb": 0.06068298683627096, "matched_error_pb": 0.0006222826192369365, "relative_error": 0.01025464717015199, "hard_error_pb": 0.0005982207424220634, "cpu_ms_per_sample": 10.094633395852696, "max_weight_second_moment_fraction": 0.03891782233425731}
PROGRESS {"utc": "2026-09-22T09:23:57.926513+00:00", "stage": "G_hybrid replica 2 production 195/200", "mode": "G_hybrid", "block_completed": 134572, "block_samples": 250000, "worker_pids_seen": 128, "elapsed_s": 30.536208504112437}
G200_PRODUCTION_FINISHED G_hybrid replica 2 production 195/200 {"n": 194500000, "matched_pb": 0.06070179513717472, "matched_error_pb": 0.0006218771885548479, "relative_error": 0.010244790737234733, "hard_error_pb": 0.0005977989930607984, "cpu_ms_per_sample": 10.094806307418036, "max_weight_second_moment_fraction": 0.0388726335233558}
PROGRESS {"utc": "2026-09-22T09:24:56.283716+00:00", "stage": "G_hybrid replica 3 production 195/200", "mode": "G_hybrid", "block_completed": 134426, "block_samples": 250000, "worker_pids_seen": 128, "elapsed_s": 30.57239691191353}
G200_PRODUCTION_FINISHED G_hybrid replica 3 production 195/200 {"n": 194750000, "matched_pb": 0.06069421358548477, "matched_error_pb": 0.0006215094829517097, "relative_error": 0.01024001212366554, "hard_error_pb": 0.0005974164676827415, "cpu_ms_per_sample": 10.094143827384963, "max_weight_second_moment_fraction": 0.0388225640466892}
PROGRESS {"utc": "2026-09-22T09:25:52.435776+00:00", "stage": "G_hybrid replica 4 production 195/200", "mode": "G_hybrid", "block_completed": 140762, "block_samples": 250000, "worker_pids_seen": 128, "elapsed_s": 30.503617363981903}
G200_PRODUCTION_FINISHED G_hybrid replica 4 production 195/200 {"n": 195000000, "matched_pb": 0.06067928013103953, "matched_error_pb": 0.0006210977229248845, "relative_error": 0.010235746396193183, "hard_error_pb": 0.0005969880902347209, "cpu_ms_per_sample": 10.093907641781538, "max_weight_second_moment_fraction": 0.038778673795549966}
G200_PEAK_REPLAYS production_195000000 new 1 total 78 issues 0
PROGRESS {"utc": "2026-09-22T09:26:49.349860+00:00", "stage": "G_hybrid replica 1 production 196/200", "mode": "G_hybrid", "block_completed": 142959, "block_samples": 250000, "worker_pids_seen": 128, "elapsed_s": 30.71633980399929}
G200_PRODUCTION_FINISHED G_hybrid replica 1 production 196/200 {"n": 195250000, "matched_pb": 0.0606706572674911, "matched_error_pb": 0.0006207080502497803, "relative_error": 0.010230778405995145, "hard_error_pb": 0.0005965826699666246, "cpu_ms_per_sample": 10.09361746904988, "max_weight_second_moment_fraction": 0.038732020005509196}
PROGRESS {"utc": "2026-09-22T09:27:41.375259+00:00", "stage": "G_hybrid replica 2 production 196/200", "mode": "G_hybrid", "block_completed": 137878, "block_samples": 250000, "worker_pids_seen": 128, "elapsed_s": 30.542049288051203}
G200_PRODUCTION_FINISHED G_hybrid replica 2 production 196/200 {"n": 195500000, "matched_pb": 0.06064867767976176, "matched_error_pb": 0.0006203022901322436, "relative_error": 0.010227795788188079, "hard_error_pb": 0.0005961604898036507, "cpu_ms_per_sample": 10.093769328275432, "max_weight_second_moment_fraction": 0.03868775888898583}
PROGRESS {"utc": "2026-09-22T09:28:37.134139+00:00", "stage": "G_hybrid replica 3 production 196/200", "mode": "G_hybrid", "block_completed": 132190, "block_samples": 250000, "worker_pids_seen": 128, "elapsed_s": 30.559113068971783}
G200_PRODUCTION_FINISHED G_hybrid replica 3 production 196/200 {"n": 195750000, "matched_pb": 0.06068657052862281, "matched_error_pb": 0.0006199153330845162, "relative_error": 0.010215033205610676, "hard_error_pb": 0.000595757852363617, "cpu_ms_per_sample": 10.09325873129972, "max_weight_second_moment_fraction": 0.038641183103916815}
PROGRESS {"utc": "2026-09-22T09:29:32.835139+00:00", "stage": "G_hybrid replica 4 production 196/200", "mode": "G_hybrid", "block_completed": 132403, "block_samples": 250000, "worker_pids_seen": 128, "elapsed_s": 30.583860300015658}
G200_PRODUCTION_FINISHED G_hybrid replica 4 production 196/200 {"n": 196000000, "matched_pb": 0.06070608866702325, "matched_error_pb": 0.0006195265041157668, "relative_error": 0.010205343775546289, "hard_error_pb": 0.0005953532462005443, "cpu_ms_per_sample": 10.092922076182672, "max_weight_second_moment_fraction": 0.03859507834814297}
PROGRESS {"utc": "2026-09-22T09:30:31.197724+00:00", "stage": "G_hybrid replica 1 production 197/200", "mode": "G_hybrid", "block_completed": 132548, "block_samples": 250000, "worker_pids_seen": 128, "elapsed_s": 30.560788424219936}
G200_PRODUCTION_FINISHED G_hybrid replica 1 production 197/200 {"n": 196250000, "matched_pb": 0.06072021726285652, "matched_error_pb": 0.0006191135411433735, "relative_error": 0.010196168081270926, "hard_error_pb": 0.0005949235037269164, "cpu_ms_per_sample": 10.09266742702513, "max_weight_second_moment_fraction": 0.03855244656713748}
PROGRESS {"utc": "2026-09-22T09:31:28.722341+00:00", "stage": "G_hybrid replica 2 production 197/200", "mode": "G_hybrid", "block_completed": 131079, "block_samples": 250000, "worker_pids_seen": 128, "elapsed_s": 30.715810521971434}
G200_PRODUCTION_FINISHED G_hybrid replica 2 production 197/200 {"n": 196500000, "matched_pb": 0.06072447620383105, "matched_error_pb": 0.0006187138270313401, "relative_error": 0.010188870546277451, "hard_error_pb": 0.0005945075257886898, "cpu_ms_per_sample": 10.093001987079385, "max_weight_second_moment_fraction": 0.03850824319229452}
PROGRESS {"utc": "2026-09-22T09:32:25.761352+00:00", "stage": "G_hybrid replica 3 production 197/200", "mode": "G_hybrid", "block_completed": 142993, "block_samples": 250000, "worker_pids_seen": 128, "elapsed_s": 30.593771839980036}
G200_PRODUCTION_FINISHED G_hybrid replica 3 production 197/200 {"n": 196750000, "matched_pb": 0.060684998966773165, "matched_error_pb": 0.0006183098265920926, "relative_error": 0.010188841346617399, "hard_error_pb": 0.0005940870644274005, "cpu_ms_per_sample": 10.09258835324552, "max_weight_second_moment_fraction": 0.0384648298061381}
PROGRESS {"utc": "2026-09-22T09:33:19.320077+00:00", "stage": "G_hybrid replica 4 production 197/200", "mode": "G_hybrid", "block_completed": 132641, "block_samples": 250000, "worker_pids_seen": 128, "elapsed_s": 30.568275118013844}
G200_PRODUCTION_FINISHED G_hybrid replica 4 production 197/200 {"n": 197000000, "matched_pb": 0.06067864921741514, "matched_error_pb": 0.0006179423920285508, "relative_error": 0.010183852145660447, "hard_error_pb": 0.0005937046389624977, "cpu_ms_per_sample": 10.092438955031172, "max_weight_second_moment_fraction": 0.03841670799390095}
PROGRESS {"utc": "2026-09-22T09:34:16.718599+00:00", "stage": "G_hybrid replica 1 production 198/200", "mode": "G_hybrid", "block_completed": 134970, "block_samples": 250000, "worker_pids_seen": 128, "elapsed_s": 30.540897767990828}
G200_PRODUCTION_FINISHED G_hybrid replica 1 production 198/200 {"n": 197250000, "matched_pb": 0.06069210441650834, "matched_error_pb": 0.0006175428202917289, "relative_error": 0.010175010839198325, "hard_error_pb": 0.0005932887436598517, "cpu_ms_per_sample": 10.091942623633733, "max_weight_second_moment_fraction": 0.038373132229665395}
PROGRESS {"utc": "2026-09-22T09:35:13.289384+00:00", "stage": "G_hybrid replica 2 production 198/200", "mode": "G_hybrid", "block_completed": 131820, "block_samples": 250000, "worker_pids_seen": 128, "elapsed_s": 30.509560249978676}
G200_PRODUCTION_FINISHED G_hybrid replica 2 production 198/200 {"n": 197500000, "matched_pb": 0.06065997651605602, "matched_error_pb": 0.000617161841210483, "relative_error": 0.01017411935606548, "hard_error_pb": 0.0005928921796633314, "cpu_ms_per_sample": 10.092419664934663, "max_weight_second_moment_fraction": 0.03832726390188537}
PROGRESS {"utc": "2026-09-22T09:36:11.424502+00:00", "stage": "G_hybrid replica 3 production 198/200", "mode": "G_hybrid", "block_completed": 138917, "block_samples": 250000, "worker_pids_seen": 128, "elapsed_s": 30.51064796722494}
G200_PRODUCTION_FINISHED G_hybrid replica 3 production 198/200 {"n": 197750000, "matched_pb": 0.06067356783416221, "matched_error_pb": 0.0006168215556796053, "relative_error": 0.010166231815566718, "hard_error_pb": 0.0005925379565990952, "cpu_ms_per_sample": 10.092143811566503, "max_weight_second_moment_fraction": 0.03827614046636626}
PROGRESS {"utc": "2026-09-22T09:37:07.840420+00:00", "stage": "G_hybrid replica 4 production 198/200", "mode": "G_hybrid", "block_completed": 135129, "block_samples": 250000, "worker_pids_seen": 128, "elapsed_s": 30.54084681905806}
G200_PRODUCTION_FINISHED G_hybrid replica 4 production 198/200 {"n": 198000000, "matched_pb": 0.06067573074639421, "matched_error_pb": 0.0006164024371786575, "relative_error": 0.010158961904472632, "hard_error_pb": 0.0005921016492287548, "cpu_ms_per_sample": 10.091958067617732, "max_weight_second_moment_fraction": 0.03823583231991394}
PROGRESS {"utc": "2026-09-22T09:38:05.120562+00:00", "stage": "G_hybrid replica 1 production 199/200", "mode": "G_hybrid", "block_completed": 134961, "block_samples": 250000, "worker_pids_seen": 128, "elapsed_s": 30.571759401122108}
G200_PRODUCTION_FINISHED G_hybrid replica 1 production 199/200 {"n": 198250000, "matched_pb": 0.060667697903298054, "matched_error_pb": 0.000616014794191661, "relative_error": 0.010153917413737449, "hard_error_pb": 0.0005916980861238417, "cpu_ms_per_sample": 10.091616351008948, "max_weight_second_moment_fraction": 0.03819150204511328}
PROGRESS {"utc": "2026-09-22T09:39:00.694733+00:00", "stage": "G_hybrid replica 2 production 199/200", "mode": "G_hybrid", "block_completed": 137574, "block_samples": 250000, "worker_pids_seen": 128, "elapsed_s": 30.562964789103717}
G200_PRODUCTION_FINISHED G_hybrid replica 2 production 199/200 {"n": 198500000, "matched_pb": 0.06064141169383179, "matched_error_pb": 0.0006156364389458969, "relative_error": 0.01015207960616321, "hard_error_pb": 0.0005913041716558473, "cpu_ms_per_sample": 10.091908501835798, "max_weight_second_moment_fraction": 0.03814613372340693}
PROGRESS {"utc": "2026-09-22T09:39:59.603920+00:00", "stage": "G_hybrid replica 3 production 199/200", "mode": "G_hybrid", "block_completed": 133338, "block_samples": 250000, "worker_pids_seen": 128, "elapsed_s": 30.66239064000547}
G200_PRODUCTION_FINISHED G_hybrid replica 3 production 199/200 {"n": 198750000, "matched_pb": 0.06066954939100336, "matched_error_pb": 0.0006152676078105172, "relative_error": 0.010141291866950222, "hard_error_pb": 0.0005909201533883398, "cpu_ms_per_sample": 10.091636668105181, "max_weight_second_moment_fraction": 0.03809970210288945}
PROGRESS {"utc": "2026-09-22T09:40:57.785577+00:00", "stage": "G_hybrid replica 4 production 199/200", "mode": "G_hybrid", "block_completed": 135852, "block_samples": 250000, "worker_pids_seen": 128, "elapsed_s": 30.63942111795768}
G200_PRODUCTION_FINISHED G_hybrid replica 4 production 199/200 {"n": 199000000, "matched_pb": 0.06066950644682119, "matched_error_pb": 0.0006148947352863637, "relative_error": 0.01013515308263368, "hard_error_pb": 0.0005905319076413315, "cpu_ms_per_sample": 10.091488638235779, "max_weight_second_moment_fraction": 0.03805402218258005}
PROGRESS {"utc": "2026-09-22T09:41:56.190445+00:00", "stage": "G_hybrid replica 1 production 200/200", "mode": "G_hybrid", "block_completed": 139993, "block_samples": 250000, "worker_pids_seen": 128, "elapsed_s": 30.546705740038306}
G200_PRODUCTION_FINISHED G_hybrid replica 1 production 200/200 {"n": 199250000, "matched_pb": 0.060660107240671404, "matched_error_pb": 0.0006145219831423581, "relative_error": 0.010130578581145884, "hard_error_pb": 0.0005901437674201426, "cpu_ms_per_sample": 10.090971955096487, "max_weight_second_moment_fraction": 0.038008535545221815}
PROGRESS {"utc": "2026-09-22T09:42:53.124885+00:00", "stage": "G_hybrid replica 2 production 200/200", "mode": "G_hybrid", "block_completed": 127708, "block_samples": 250000, "worker_pids_seen": 128, "elapsed_s": 30.558820331003517}
G200_PRODUCTION_FINISHED G_hybrid replica 2 production 200/200 {"n": 199500000, "matched_pb": 0.06068967026330009, "matched_error_pb": 0.0006141362501787621, "relative_error": 0.010119287969671818, "hard_error_pb": 0.0005897420895978629, "cpu_ms_per_sample": 10.091006873838142, "max_weight_second_moment_fraction": 0.03796500143068974}
PROGRESS {"utc": "2026-09-22T09:43:51.259885+00:00", "stage": "G_hybrid replica 3 production 200/200", "mode": "G_hybrid", "block_completed": 140136, "block_samples": 250000, "worker_pids_seen": 128, "elapsed_s": 30.656506281113252}
G200_PRODUCTION_FINISHED G_hybrid replica 3 production 200/200 {"n": 199750000, "matched_pb": 0.06068713172160947, "matched_error_pb": 0.0006137590650917179, "relative_error": 0.01011349601934096, "hard_error_pb": 0.0005893492923910932, "cpu_ms_per_sample": 10.090674910448325, "max_weight_second_moment_fraction": 0.03792052624287729}
PROGRESS {"utc": "2026-09-22T09:44:48.159436+00:00", "stage": "G_hybrid replica 4 production 200/200", "mode": "G_hybrid", "block_completed": 141305, "block_samples": 250000, "worker_pids_seen": 128, "elapsed_s": 30.7986380639486}
G200_PRODUCTION_FINISHED G_hybrid replica 4 production 200/200 {"n": 200000000, "matched_pb": 0.06067825926020157, "matched_error_pb": 0.0006133700256369178, "relative_error": 0.010108563316008356, "hard_error_pb": 0.0005889441287672846, "cpu_ms_per_sample": 10.090211004583077, "max_weight_second_moment_fraction": 0.0378778455013623}
G200_PEAK_REPLAYS replica_1_final new 6 total 84 issues 0
G200_PEAK_REPLAYS replica_2_final new 3 total 87 issues 0
G200_PEAK_REPLAYS replica_3_final new 2 total 89 issues 0
G200_PEAK_REPLAYS replica_4_final new 7 total 96 issues 0
AUXILIARY_STARTED qqbar 21
AUXILIARY_FINISHED qqbar 0.0162533910003191 2.8676273419551863e-05 wall 112.02761321584694
AUXILIARY_STARTED qg 21
AUXILIARY_FINISHED qg -0.008570153356317552 1.4474263920248229e-06 wall 200.810174733866
AUXILIARY_STARTED gg 21
AUXILIARY_FINISHED gg 0.12311595954685968 0.00010874866527568474 wall 134.07033760217018
AUXILIARY_STARTED qqbar 22
AUXILIARY_FINISHED qqbar 0.016214174323880944 2.3705538048997823e-05 wall 240.61690713604912
AUXILIARY_STARTED qg 22
AUXILIARY_FINISHED qg -0.008570781183760895 9.679126868520213e-07 wall 259.0609335680492
AUXILIARY_STARTED gg 22
AUXILIARY_FINISHED gg 0.12295555074848956 6.769379425998445e-05 wall 280.52814205992036
AUXILIARY_STARTED qqbar 23
AUXILIARY_FINISHED qqbar 0.016202751960529282 1.6050329944794218e-05 wall 369.82951211882755
AUXILIARY_STARTED qg 23
AUXILIARY_FINISHED qg -0.00857098656849391 1.0387487163650399e-06 wall 462.23303576000035
AUXILIARY_STARTED gg 23
AUXILIARY_FINISHED gg 0.12296936859496621 2.298450480167197e-05 wall 517.4170437250286
G200_CAMPAIGN_FINISHED {"n": 200000000, "matched_pb": 0.060573927029586694, "matched_error_pb": 0.0005896118777303138, "relative_error": 0.009733756859487153, "hard_error_pb": 0.0005889441287672846, "cpu_ms_per_sample": 10.090211004583077, "pull": 0.9695066306364395}
