[92mINFO[0m [94mmain l.1827[0m [96mt=2026-09-01,21:27:54.562[0m > Using DY card /home/zeno/DY/pygloop_6c15087/cards/campaigns/ttbar_dy_msbar_scan_20260901/production/ttbar/partonic/s2000/qg.toml (source SHA256 999bee851b8fe76c16ca3b6195d59b04738445a8a458ddff2287d06e5048ada6, generation fingerprint 2a11f12b87985f5ce68fa1be76a1c7d98c2b114d32c5fade628ccbad4b5b1272).
[92mINFO[0m [94mmain l.1853[0m [96mt=2026-09-01,21:27:54.562[0m > Applied general settings to process TTBAR_QG_MSBAR_SCAN_20260901: {}
[92mINFO[0m [94m__init__ l.940[0m [96mt=2026-09-01,21:27:54.594[0m > Loaded compiled DY bundle from [92m/home/zeno/DY/pygloop_6c15087/outputs/evaluators/tt~/TTBAR_QG_MSBAR_SCAN_20260901_2L_processed[0m
[92mWARNING[0m [94m_verify_card_bundle_compatibility l.396[0m [96mt=2026-09-01,21:27:54.596[0m > DY bundle source provenance differs from the current checkout for: src/processes/dy/dy.py. Physics settings match, so integration will continue.
[92mINFO[0m [94msymbolica_integrator l.6698[0m [96mt=2026-09-01,21:27:54.596[0m > Symbolica discrete graph channels: graph_0, graph_1, graph_2, graph_3, graph_4, graph_5, graph_6, graph_7, graph_8, graph_9, graph_10 (bundle indices: 0, 1, 2, 3, 4, 5, 6, 7, 8, 9, 10)
[92mINFO[0m [94msymbolica_integrator l.6717[0m [96mt=2026-09-01,21:27:54.596[0m > DY graph factor graph_0: closed_ghost_loops=0 automatic=+1 explicit=+1.0000000000000000e+00 combined=+1.0000000000000000e+00
[92mINFO[0m [94msymbolica_integrator l.6717[0m [96mt=2026-09-01,21:27:54.596[0m > DY graph factor graph_1: closed_ghost_loops=0 automatic=+1 explicit=+1.0000000000000000e+00 combined=+1.0000000000000000e+00
[92mINFO[0m [94msymbolica_integrator l.6717[0m [96mt=2026-09-01,21:27:54.596[0m > DY graph factor graph_2: closed_ghost_loops=0 automatic=+1 explicit=+1.0000000000000000e+00 combined=+1.0000000000000000e+00
[92mINFO[0m [94msymbolica_integrator l.6717[0m [96mt=2026-09-01,21:27:54.597[0m > DY graph factor graph_3: closed_ghost_loops=0 automatic=+1 explicit=+1.0000000000000000e+00 combined=+1.0000000000000000e+00
[92mINFO[0m [94msymbolica_integrator l.6717[0m [96mt=2026-09-01,21:27:54.597[0m > DY graph factor graph_4: closed_ghost_loops=0 automatic=+1 explicit=+1.0000000000000000e+00 combined=+1.0000000000000000e+00
[92mINFO[0m [94msymbolica_integrator l.6717[0m [96mt=2026-09-01,21:27:54.597[0m > DY graph factor graph_5: closed_ghost_loops=0 automatic=+1 explicit=+1.0000000000000000e+00 combined=+1.0000000000000000e+00
[92mINFO[0m [94msymbolica_integrator l.6717[0m [96mt=2026-09-01,21:27:54.597[0m > DY graph factor graph_6: closed_ghost_loops=0 automatic=+1 explicit=+1.0000000000000000e+00 combined=+1.0000000000000000e+00
[92mINFO[0m [94msymbolica_integrator l.6717[0m [96mt=2026-09-01,21:27:54.597[0m > DY graph factor graph_7: closed_ghost_loops=0 automatic=+1 explicit=+1.0000000000000000e+00 combined=+1.0000000000000000e+00
[92mINFO[0m [94msymbolica_integrator l.6717[0m [96mt=2026-09-01,21:27:54.597[0m > DY graph factor graph_8: closed_ghost_loops=0 automatic=+1 explicit=+1.0000000000000000e+00 combined=+1.0000000000000000e+00
[92mINFO[0m [94msymbolica_integrator l.6717[0m [96mt=2026-09-01,21:27:54.597[0m > DY graph factor graph_9: closed_ghost_loops=0 automatic=+1 explicit=+1.0000000000000000e+00 combined=+1.0000000000000000e+00
[92mINFO[0m [94msymbolica_integrator l.6717[0m [96mt=2026-09-01,21:27:54.597[0m > DY graph factor graph_10: closed_ghost_loops=0 automatic=+1 explicit=+1.0000000000000000e+00 combined=+1.0000000000000000e+00
[92mINFO[0m [94msymbolica_integrator l.6744[0m [96mt=2026-09-01,21:27:54.603[0m > Symbolica integration: starting iteration [92m1/100[0m using [94m1000000[0m points ...
[92mINFO[0m [94msymbolica_integrator l.6777[0m [96mt=2026-09-01,21:28:49.999[0m > ... result after this iteration:
| > Integration result after [92m1000000[0m evaluations in [92m1226.00 CPU-s[0m [94m(1226.0 µs / eval)[0m
| > Extremal weights:
| >   with jacobian    : 1.75388e+02 at xs = [2.1120502071709646e-01 5.1856798656665681e-01 8.2331416698442350e-03 9.3462677669699512e-02 7.4107706904583359e-01 8.7369588189217329e-01] | jacobian = 3.71452e+17
| >     momentum space  : k = [[-1.3755450424186670e+01, -1.6121155624345560e+00, 5.3533397483501585e+02]; [-4.4653237576541338e+00, -7.9562824136404259e+01, -1.9017638309129157e+02]]
| >   without jacobian : 2.67109e-15 at xs = [2.0342457826572069e-04 2.4311605045818219e-01 3.8984363688834589e-01 2.1042836868783288e-01 3.7946849212169942e-01 6.0680542906101143e-02] | jacobian = 2.09732e+13
| >     momentum space  : k = [[1.6552424827498038e-02, 3.8244864656423128e-01, 1.3803134031157180e-01]; [-7.3392337999703614e+01, 6.9382680955269166e+01, 5.2336310369550267e+02]]
| >   before clipping   : 1.75388e+02 at xs = [2.1120502071709646e-01 5.1856798656665681e-01 8.2331416698442350e-03 9.3462677669699512e-02 7.4107706904583359e-01 8.7369588189217329e-01]
| >     momentum space  : k = [[-1.3755450424186670e+01, -1.6121155624345560e+00, 5.3533397483501585e+02]; [-4.4653237576541338e+00, -7.9562824136404259e+01, -1.9017638309129157e+02]]
| > Stability pipeline: float pairs accepted = 999664, HP pairs attempted/accepted = 336/336
| > Stability triggers: float mismatch = 336, float non-finite/error = 0
| > Higher-precision rejections: disagreement = 0, non-finite = 0, error = 0
| > Unstable rotational-check points rejected = 0
| > Rotational-check high-precision retries = 336
| > Rotational-check high-precision salvaged = 336
| > Large-weight high-precision retries = 0
| > Large-weight high-precision salvaged = 0
| > Large-weight high-precision rejected = 0
| > Large-weight samples zeroed = 0 (0.000e+00 of samples; removed signed/absolute sums = 0.00000e+00/0.00000e+00)
| > Non-finite final outputs zeroed = 0
| > Non-finite float rotated evaluations seen = 0
| > Example higher-precision-retried xs = [1.1737056346071351e-01 6.8210704234608166e-01 1.3637080159835113e-03 4.3066148777310964e-01 4.3356886191813082e-01 5.9829937939858402e-01] | float rel = 3.97127e-06
| >     momentum space  : k = [[-4.7144688033663129e-01, -1.0373028020352817e+00, 2.6595416256139868e+02]; [-1.3175423952853735e+03, 5.8427290965667441e+02, -4.5980225484447061e+02]]
| > [92mCentral value[0m : +4.0984615104076830e-08   +/- 6.35e-09     ([91m15.498%[0m)
[92mINFO[0m [94msymbolica_integrator l.6781[0m [96mt=2026-09-01,21:28:50.000[0m > | > Graph-channel Symbolica observer estimates:
| >   graph_0     : 1.3349471468205824e-09 +/- 7.09e-11 [90913 selected]
| >   graph_1     : 2.0809550507638280e-09 +/- 1.50e-10 [90866 selected]
| >   graph_2     : 2.1122925053572828e-08 +/- 1.80e-09 [90690 selected]
| >   graph_3     : 7.0930244169328647e-11 +/- 6.62e-12 [90857 selected]
| >   graph_4     : -3.1783030071382682e-09 +/- 1.49e-10 [91090 selected]
| >   graph_5     : 4.0720819913597167e-10 +/- 3.56e-11 [90674 selected]
| >   graph_6     : 6.6828231266816277e-08 +/- 4.66e-09 [90802 selected]
| >   graph_7     : -1.9316903043167687e-09 +/- 1.23e-10 [90900 selected]
| >   graph_8     : -4.7765834440299795e-08 +/- 3.91e-09 [91474 selected]
| >   graph_9     : 1.7380957825532386e-09 +/- 1.04e-10 [91000 selected]
| >   graph_10    : 2.7715011200074718e-10 +/- 1.31e-10 [90734 selected]
| >   sum         : 4.0984615104077968e-08
| >   total       : 4.0984615104076830e-08
| >   difference  : 1.1382005228729661e-21
[92mINFO[0m [94msymbolica_integrator l.6744[0m [96mt=2026-09-01,21:28:50.806[0m > Symbolica integration: starting iteration [92m2/100[0m using [94m1000000[0m points ...
[92mINFO[0m [94msymbolica_integrator l.6777[0m [96mt=2026-09-01,21:30:26.217[0m > ... result after this iteration:
| > Integration result after [92m2000000[0m evaluations in [92m3126.17 CPU-s[0m [94m(1563.1 µs / eval)[0m
| > Extremal weights:
| >   with jacobian    : 4.65499e+02 at xs = [2.6384585885986361e-01 4.4991935870861111e-01 7.0635749406051194e-03 1.0696311527553033e-01 9.8016999272811001e-01 8.7244772577558793e-01] | jacobian = 9.20337e+17
| >     momentum space  : k = [[-1.5124640800321110e+01, 4.9227675548151479e+00, 7.1664583087819312e+02]; [9.2718702094956427e+01, -1.1612496614367034e+01, -2.2057241341659679e+02]]
| >   without jacobian : 1.53218e-12 at xs = [2.0743585314175635e-06 5.4629116429828772e-01 2.1398227099242761e-01 2.2752342937312720e-01 5.2295018682124605e-01 2.5288601793243032e-01] | jacobian = 6.93136e+09
| >     momentum space  : k = [[-2.4750806697762702e-03, -7.4090354791046505e-04, 3.2460687432006698e-03]; [-4.1593637227325058e+02, -6.0397349941210585e+01, 4.1274542993210559e+02]]
| >   before clipping   : 4.65499e+02 at xs = [2.6384585885986361e-01 4.4991935870861111e-01 7.0635749406051194e-03 1.0696311527553033e-01 9.8016999272811001e-01 8.7244772577558793e-01]
| >     momentum space  : k = [[-1.5124640800321110e+01, 4.9227675548151479e+00, 7.1664583087819312e+02]; [9.2718702094956427e+01, -1.1612496614367034e+01, -2.2057241341659679e+02]]
| > Stability pipeline: float pairs accepted = 1996716, HP pairs attempted/accepted = 3284/3284
| > Stability triggers: float mismatch = 3278, float non-finite/error = 0
| > Higher-precision rejections: disagreement = 0, non-finite = 0, error = 0
| > Unstable rotational-check points rejected = 0
| > Rotational-check high-precision retries = 3278
| > Rotational-check high-precision salvaged = 3278
| > Large-weight high-precision retries = 6
| > Large-weight high-precision salvaged = 6
| > Large-weight high-precision rejected = 0
| > Large-weight samples zeroed = 0 (0.000e+00 of samples; removed signed/absolute sums = 0.00000e+00/0.00000e+00)
| > Non-finite final outputs zeroed = 0
| > Non-finite float rotated evaluations seen = 0
| > Example higher-precision-retried xs = [1.1737056346071351e-01 6.8210704234608166e-01 1.3637080159835113e-03 4.3066148777310964e-01 4.3356886191813082e-01 5.9829937939858402e-01] | float rel = 3.97127e-06
| >     momentum space  : k = [[-4.7144688033663129e-01, -1.0373028020352817e+00, 2.6595416256139868e+02]; [-1.3175423952853735e+03, 5.8427290965667441e+02, -4.5980225484447061e+02]]
| > Example large-weight higher-precision-retried xs = [2.4743214951097262e-01 1.9253954976410956e-02 7.5639735761422510e-03 1.1789330545539248e-01 5.8387763198916209e-01 8.8411195536692044e-01] | compiled = 4.30723e+02 | higher precision = 4.30723e+02
| >     momentum space  : k = [[1.5510067285466739e+01, 1.8855559947614091e+00, 6.5738203690586454e+02]; [-8.2265791044449472e+01, -4.7872044474115157e+01, -2.4977907995107381e+02]]
| > [92mCentral value[0m : +4.4883576952001086e-08   +/- 3.20e-09     ([91m7.127%[0m)
[92mINFO[0m [94msymbolica_integrator l.6781[0m [96mt=2026-09-01,21:30:26.217[0m > | > Graph-channel Symbolica observer estimates:
| >   graph_0     : 1.3030609215634965e-09 +/- 5.02e-11 [6463 selected]
| >   graph_1     : 2.1671834601770936e-09 +/- 9.14e-11 [13296 selected]
| >   graph_2     : 2.1692863494957721e-08 +/- 9.18e-10 [161049 selected]
| >   graph_3     : 6.7833632050527878e-11 +/- 5.13e-12 [4278 selected]
| >   graph_4     : -3.1159602261027961e-09 +/- 9.54e-11 [13283 selected]
| >   graph_5     : 3.7228439423935709e-10 +/- 2.34e-11 [4164 selected]
| >   graph_6     : 7.0211476586868311e-08 +/- 2.34e-09 [417229 selected]
| >   graph_7     : -2.0827061184195815e-09 +/- 7.79e-11 [10856 selected]
| >   graph_8     : -4.7836832458551040e-08 +/- 1.96e-09 [348223 selected]
| >   graph_9     : 1.8288059047304141e-09 +/- 6.69e-11 [9334 selected]
| >   graph_10    : 2.7556736048811560e-10 +/- 7.99e-11 [11825 selected]
| >   sum         : 4.4883576952001622e-08
| >   total       : 4.4883576952001086e-08
| >   difference  : 5.3601303693436193e-22
[92mINFO[0m [94msymbolica_integrator l.6744[0m [96mt=2026-09-01,21:30:26.217[0m > Symbolica integration: starting iteration [92m3/100[0m using [94m1000000[0m points ...
[92mINFO[0m [94msymbolica_integrator l.6777[0m [96mt=2026-09-01,21:31:16.480[0m > ... result after this iteration:
| > Integration result after [92m3000000[0m evaluations in [92m4333.89 CPU-s[0m [94m(1444.6 µs / eval)[0m
| > Extremal weights:
| >   with jacobian    : 5.35912e+02 at xs = [2.6980644017964955e-01 1.4485897129280312e-01 7.1055046354670899e-03 1.6111582156435394e-01 6.1261859183939293e-01 9.2147527803369533e-01] | jacobian = 1.82436e+18
| >     momentum space  : k = [[1.0121463876606413e+01, 1.3024664944779550e+01, 7.3881566679958325e+02]; [-7.1281595889422789e+01, -6.0972151653069467e+01, -3.7249027346243963e+02]]
| >   without jacobian : 1.53218e-12 at xs = [2.0743585314175635e-06 5.4629116429828772e-01 2.1398227099242761e-01 2.2752342937312720e-01 5.2295018682124605e-01 2.5288601793243032e-01] | jacobian = 6.93136e+09
| >     momentum space  : k = [[-2.4750806697762702e-03, -7.4090354791046505e-04, 3.2460687432006698e-03]; [-4.1593637227325058e+02, -6.0397349941210585e+01, 4.1274542993210559e+02]]
| >   before clipping   : 5.35912e+02 at xs = [2.6980644017964955e-01 1.4485897129280312e-01 7.1055046354670899e-03 1.6111582156435394e-01 6.1261859183939293e-01 9.2147527803369533e-01]
| >     momentum space  : k = [[1.0121463876606413e+01, 1.3024664944779550e+01, 7.3881566679958325e+02]; [-7.1281595889422789e+01, -6.0972151653069467e+01, -3.7249027346243963e+02]]
| > Stability pipeline: float pairs accepted = 2993810, HP pairs attempted/accepted = 6190/6190
| > Stability triggers: float mismatch = 6157, float non-finite/error = 0
| > Higher-precision rejections: disagreement = 0, non-finite = 0, error = 0
| > Unstable rotational-check points rejected = 0
| > Rotational-check high-precision retries = 6157
| > Rotational-check high-precision salvaged = 6157
| > Large-weight high-precision retries = 33
| > Large-weight high-precision salvaged = 33
| > Large-weight high-precision rejected = 0
| > Large-weight samples zeroed = 0 (0.000e+00 of samples; removed signed/absolute sums = 0.00000e+00/0.00000e+00)
| > Non-finite final outputs zeroed = 0
| > Non-finite float rotated evaluations seen = 0
| > Example higher-precision-retried xs = [1.1737056346071351e-01 6.8210704234608166e-01 1.3637080159835113e-03 4.3066148777310964e-01 4.3356886191813082e-01 5.9829937939858402e-01] | float rel = 3.97127e-06
| >     momentum space  : k = [[-4.7144688033663129e-01, -1.0373028020352817e+00, 2.6595416256139868e+02]; [-1.3175423952853735e+03, 5.8427290965667441e+02, -4.5980225484447061e+02]]
| > Example large-weight higher-precision-retried xs = [2.4743214951097262e-01 1.9253954976410956e-02 7.5639735761422510e-03 1.1789330545539248e-01 5.8387763198916209e-01 8.8411195536692044e-01] | compiled = 4.30723e+02 | higher precision = 4.30723e+02
| >     momentum space  : k = [[1.5510067285466739e+01, 1.8855559947614091e+00, 6.5738203690586454e+02]; [-8.2265791044449472e+01, -4.7872044474115157e+01, -2.4977907995107381e+02]]
| > [92mCentral value[0m : +4.6698601625119654e-08   +/- 2.14e-09     ([91m4.578%[0m)
[92mINFO[0m [94msymbolica_integrator l.6781[0m [96mt=2026-09-01,21:31:16.480[0m > | > Graph-channel Symbolica observer estimates:
| >   graph_0     : 1.3146730816534317e-09 +/- 3.74e-11 [11355 selected]
| >   graph_1     : 2.2179849777243753e-09 +/- 6.48e-11 [23503 selected]
| >   graph_2     : 2.1959338794616825e-08 +/- 6.14e-10 [190577 selected]
| >   graph_3     : 6.5488949021450918e-11 +/- 4.12e-12 [3628 selected]
| >   graph_4     : -3.1072836429200805e-09 +/- 6.86e-11 [23523 selected]
| >   graph_5     : 3.7167162646251935e-10 +/- 1.83e-11 [5788 selected]
| >   graph_6     : 7.1524007728861473e-08 +/- 1.57e-09 [364974 selected]
| >   graph_7     : -2.1526939152792294e-09 +/- 5.46e-11 [19370 selected]
| >   graph_8     : -4.7645945215002116e-08 +/- 1.31e-09 [319833 selected]
| >   graph_9     : 1.8945836173695941e-09 +/- 4.73e-11 [16714 selected]
| >   graph_10    : 2.5677562261267359e-10 +/- 5.57e-11 [20735 selected]
| >   sum         : 4.6698601625120918e-08
| >   total       : 4.6698601625119654e-08
| >   difference  : 1.2639319759810263e-21
[92mINFO[0m [94msymbolica_integrator l.6744[0m [96mt=2026-09-01,21:31:16.510[0m > Symbolica integration: starting iteration [92m4/100[0m using [94m1000000[0m points ...
[92mINFO[0m [94msymbolica_integrator l.6777[0m [96mt=2026-09-01,21:32:13.159[0m > ... result after this iteration:
| > Integration result after [92m4000000[0m evaluations in [92m5594.24 CPU-s[0m [94m(1398.6 µs / eval)[0m
| > Extremal weights:
| >   with jacobian    : 5.69445e+02 at xs = [2.5841947948001559e-01 4.8539340313225945e-02 5.9506176109425761e-03 1.5017997035747491e-01 6.1320978707716223e-01 9.3594538019522622e-01] | jacobian = 8.89661e+17
| >     momentum space  : k = [[1.2426955740369419e+01, 3.9120439388882251e+00, 6.9682068843349202e+02]; [-5.3513592228495391e+01, -4.6119250677477531e+01, -3.4630733314037525e+02]]
| >   without jacobian : 1.53218e-12 at xs = [2.0743585314175635e-06 5.4629116429828772e-01 2.1398227099242761e-01 2.2752342937312720e-01 5.2295018682124605e-01 2.5288601793243032e-01] | jacobian = 6.93136e+09
| >     momentum space  : k = [[-2.4750806697762702e-03, -7.4090354791046505e-04, 3.2460687432006698e-03]; [-4.1593637227325058e+02, -6.0397349941210585e+01, 4.1274542993210559e+02]]
| >   before clipping   : 5.69445e+02 at xs = [2.5841947948001559e-01 4.8539340313225945e-02 5.9506176109425761e-03 1.5017997035747491e-01 6.1320978707716223e-01 9.3594538019522622e-01]
| >     momentum space  : k = [[1.2426955740369419e+01, 3.9120439388882251e+00, 6.9682068843349202e+02]; [-5.3513592228495391e+01, -4.6119250677477531e+01, -3.4630733314037525e+02]]
| > Stability pipeline: float pairs accepted = 3991461, HP pairs attempted/accepted = 8539/8539
| > Stability triggers: float mismatch = 8445, float non-finite/error = 0
| > Higher-precision rejections: disagreement = 0, non-finite = 0, error = 0
| > Unstable rotational-check points rejected = 0
| > Rotational-check high-precision retries = 8445
| > Rotational-check high-precision salvaged = 8445
| > Large-weight high-precision retries = 94
| > Large-weight high-precision salvaged = 94
| > Large-weight high-precision rejected = 0
| > Large-weight samples zeroed = 0 (0.000e+00 of samples; removed signed/absolute sums = 0.00000e+00/0.00000e+00)
| > Non-finite final outputs zeroed = 0
| > Non-finite float rotated evaluations seen = 0
| > Example higher-precision-retried xs = [1.1737056346071351e-01 6.8210704234608166e-01 1.3637080159835113e-03 4.3066148777310964e-01 4.3356886191813082e-01 5.9829937939858402e-01] | float rel = 3.97127e-06
| >     momentum space  : k = [[-4.7144688033663129e-01, -1.0373028020352817e+00, 2.6595416256139868e+02]; [-1.3175423952853735e+03, 5.8427290965667441e+02, -4.5980225484447061e+02]]
| > Example large-weight higher-precision-retried xs = [2.4743214951097262e-01 1.9253954976410956e-02 7.5639735761422510e-03 1.1789330545539248e-01 5.8387763198916209e-01 8.8411195536692044e-01] | compiled = 4.30723e+02 | higher precision = 4.30723e+02
| >     momentum space  : k = [[1.5510067285466739e+01, 1.8855559947614091e+00, 6.5738203690586454e+02]; [-8.2265791044449472e+01, -4.7872044474115157e+01, -2.4977907995107381e+02]]
| > [92mCentral value[0m : +4.7454727606083923e-08   +/- 1.61e-09     ([91m3.384%[0m)
[92mINFO[0m [94msymbolica_integrator l.6781[0m [96mt=2026-09-01,21:32:13.159[0m > | > Graph-channel Symbolica observer estimates:
| >   graph_0     : 1.3069156845132850e-09 +/- 2.94e-11 [13812 selected]
| >   graph_1     : 2.2499883212096238e-09 +/- 5.03e-11 [27249 selected]
| >   graph_2     : 2.2075120639214899e-08 +/- 4.62e-10 [183827 selected]
| >   graph_3     : 6.2485985400366375e-11 +/- 3.37e-12 [3550 selected]
| >   graph_4     : -3.0985380734473883e-09 +/- 5.35e-11 [26847 selected]
| >   graph_5     : 3.6667844774034015e-10 +/- 1.63e-11 [7073 selected]
| >   graph_6     : 7.2190783109702064e-08 +/- 1.18e-09 [358891 selected]
| >   graph_7     : -2.1875420039021185e-09 +/- 4.23e-11 [22705 selected]
| >   graph_8     : -4.7670237128013342e-08 +/- 9.85e-10 [312842 selected]
| >   graph_9     : 1.9139494211525537e-09 +/- 3.66e-11 [19307 selected]
| >   graph_10    : 2.4512320251487242e-10 +/- 4.28e-11 [23897 selected]
| >   sum         : 4.7454727606085154e-08
| >   total       : 4.7454727606083923e-08
| >   difference  : 1.2308447514789052e-21
[92mINFO[0m [94msymbolica_integrator l.6744[0m [96mt=2026-09-01,21:32:13.159[0m > Symbolica integration: starting iteration [92m5/100[0m using [94m1000000[0m points ...
[92mINFO[0m [94msymbolica_integrator l.6777[0m [96mt=2026-09-01,21:33:17.354[0m > ... result after this iteration:
| > Integration result after [92m5000000[0m evaluations in [92m6952.45 CPU-s[0m [94m(1390.5 µs / eval)[0m
| > Extremal weights:
| >   with jacobian    : 5.69445e+02 at xs = [2.5841947948001559e-01 4.8539340313225945e-02 5.9506176109425761e-03 1.5017997035747491e-01 6.1320978707716223e-01 9.3594538019522622e-01] | jacobian = 8.89661e+17
| >     momentum space  : k = [[1.2426955740369419e+01, 3.9120439388882251e+00, 6.9682068843349202e+02]; [-5.3513592228495391e+01, -4.6119250677477531e+01, -3.4630733314037525e+02]]
| >   without jacobian : 1.53218e-12 at xs = [2.0743585314175635e-06 5.4629116429828772e-01 2.1398227099242761e-01 2.2752342937312720e-01 5.2295018682124605e-01 2.5288601793243032e-01] | jacobian = 6.93136e+09
| >     momentum space  : k = [[-2.4750806697762702e-03, -7.4090354791046505e-04, 3.2460687432006698e-03]; [-4.1593637227325058e+02, -6.0397349941210585e+01, 4.1274542993210559e+02]]
| >   before clipping   : 5.69445e+02 at xs = [2.5841947948001559e-01 4.8539340313225945e-02 5.9506176109425761e-03 1.5017997035747491e-01 6.1320978707716223e-01 9.3594538019522622e-01]
| >     momentum space  : k = [[1.2426955740369419e+01, 3.9120439388882251e+00, 6.9682068843349202e+02]; [-5.3513592228495391e+01, -4.6119250677477531e+01, -3.4630733314037525e+02]]
| > Stability pipeline: float pairs accepted = 4989418, HP pairs attempted/accepted = 10582/10582
| > Stability triggers: float mismatch = 10429, float non-finite/error = 0
| > Higher-precision rejections: disagreement = 0, non-finite = 0, error = 0
| > Unstable rotational-check points rejected = 0
| > Rotational-check high-precision retries = 10429
| > Rotational-check high-precision salvaged = 10429
| > Large-weight high-precision retries = 153
| > Large-weight high-precision salvaged = 153
| > Large-weight high-precision rejected = 0
| > Large-weight samples zeroed = 0 (0.000e+00 of samples; removed signed/absolute sums = 0.00000e+00/0.00000e+00)
| > Non-finite final outputs zeroed = 0
| > Non-finite float rotated evaluations seen = 0
| > Example higher-precision-retried xs = [1.1737056346071351e-01 6.8210704234608166e-01 1.3637080159835113e-03 4.3066148777310964e-01 4.3356886191813082e-01 5.9829937939858402e-01] | float rel = 3.97127e-06
| >     momentum space  : k = [[-4.7144688033663129e-01, -1.0373028020352817e+00, 2.6595416256139868e+02]; [-1.3175423952853735e+03, 5.8427290965667441e+02, -4.5980225484447061e+02]]
| > Example large-weight higher-precision-retried xs = [2.4743214951097262e-01 1.9253954976410956e-02 7.5639735761422510e-03 1.1789330545539248e-01 5.8387763198916209e-01 8.8411195536692044e-01] | compiled = 4.30723e+02 | higher precision = 4.30723e+02
| >     momentum space  : k = [[1.5510067285466739e+01, 1.8855559947614091e+00, 6.5738203690586454e+02]; [-8.2265791044449472e+01, -4.7872044474115157e+01, -2.4977907995107381e+02]]
| > [92mCentral value[0m : +4.7820774112543206e-08   +/- 1.29e-09     ([91m2.691%[0m)
[92mINFO[0m [94msymbolica_integrator l.6781[0m [96mt=2026-09-01,21:33:17.354[0m > | > Graph-channel Symbolica observer estimates:
| >   graph_0     : 1.3074091486622009e-09 +/- 2.45e-11 [15108 selected]
| >   graph_1     : 2.2528813672547165e-09 +/- 4.18e-11 [28809 selected]
| >   graph_2     : 2.2136514118800830e-08 +/- 3.70e-10 [180576 selected]
| >   graph_3     : 6.3654052629570196e-11 +/- 3.29e-12 [3531 selected]
| >   graph_4     : -3.1132462178075763e-09 +/- 4.47e-11 [28588 selected]
| >   graph_5     : 3.6772636826348903e-10 +/- 1.38e-11 [8124 selected]
| >   graph_6     : 7.2511952074884137e-08 +/- 9.42e-10 [356315 selected]
| >   graph_7     : -2.1998761299666332e-09 +/- 3.45e-11 [24312 selected]
| >   graph_8     : -4.7654798715011686e-08 +/- 7.89e-10 [308394 selected]
| >   graph_9     : 1.9164994653829480e-09 +/- 3.01e-11 [20875 selected]
| >   graph_10    : 2.3205857945228624e-10 +/- 3.51e-11 [25368 selected]
| >   sum         : 4.7820774112544284e-08
| >   total       : 4.7820774112543206e-08
| >   difference  : 1.0786435187691481e-21
[92mINFO[0m [94msymbolica_integrator l.6744[0m [96mt=2026-09-01,21:33:17.371[0m > Symbolica integration: starting iteration [92m6/100[0m using [94m1000000[0m points ...
[92mINFO[0m [94msymbolica_integrator l.6777[0m [96mt=2026-09-01,21:35:02.983[0m > ... result after this iteration:
| > Integration result after [92m6000000[0m evaluations in [92m9261.73 CPU-s[0m [94m(1543.6 µs / eval)[0m
| > Extremal weights:
| >   with jacobian    : 5.84695e+02 at xs = [2.6083981659136896e-01 5.9051930576894673e-01 6.5423526939406102e-03 1.3892627370870594e-01 9.4991815195864540e-02 9.1216559006316522e-01] | jacobian = 1.11733e+18
| >     momentum space  : k = [[-1.2221575060395320e+01, -7.8121017730300544e+00, 7.0562438147080525e+02]; [7.2715357597786735e+01, 4.9411839567458742e+01, -3.1047429311440095e+02]]
| >   without jacobian : 1.53218e-12 at xs = [2.0743585314175635e-06 5.4629116429828772e-01 2.1398227099242761e-01 2.2752342937312720e-01 5.2295018682124605e-01 2.5288601793243032e-01] | jacobian = 6.93136e+09
| >     momentum space  : k = [[-2.4750806697762702e-03, -7.4090354791046505e-04, 3.2460687432006698e-03]; [-4.1593637227325058e+02, -6.0397349941210585e+01, 4.1274542993210559e+02]]
| >   before clipping   : 5.84695e+02 at xs = [2.6083981659136896e-01 5.9051930576894673e-01 6.5423526939406102e-03 1.3892627370870594e-01 9.4991815195864540e-02 9.1216559006316522e-01]
| >     momentum space  : k = [[-1.2221575060395320e+01, -7.8121017730300544e+00, 7.0562438147080525e+02]; [7.2715357597786735e+01, 4.9411839567458742e+01, -3.1047429311440095e+02]]
| > Stability pipeline: float pairs accepted = 5987513, HP pairs attempted/accepted = 12487/12487
| > Stability triggers: float mismatch = 12254, float non-finite/error = 0
| > Higher-precision rejections: disagreement = 0, non-finite = 0, error = 0
| > Unstable rotational-check points rejected = 0
| > Rotational-check high-precision retries = 12254
| > Rotational-check high-precision salvaged = 12254
| > Large-weight high-precision retries = 233
| > Large-weight high-precision salvaged = 233
| > Large-weight high-precision rejected = 0
| > Large-weight samples zeroed = 0 (0.000e+00 of samples; removed signed/absolute sums = 0.00000e+00/0.00000e+00)
| > Non-finite final outputs zeroed = 0
| > Non-finite float rotated evaluations seen = 0
| > Example higher-precision-retried xs = [1.1737056346071351e-01 6.8210704234608166e-01 1.3637080159835113e-03 4.3066148777310964e-01 4.3356886191813082e-01 5.9829937939858402e-01] | float rel = 3.97127e-06
| >     momentum space  : k = [[-4.7144688033663129e-01, -1.0373028020352817e+00, 2.6595416256139868e+02]; [-1.3175423952853735e+03, 5.8427290965667441e+02, -4.5980225484447061e+02]]
| > Example large-weight higher-precision-retried xs = [2.4743214951097262e-01 1.9253954976410956e-02 7.5639735761422510e-03 1.1789330545539248e-01 5.8387763198916209e-01 8.8411195536692044e-01] | compiled = 4.30723e+02 | higher precision = 4.30723e+02
| >     momentum space  : k = [[1.5510067285466739e+01, 1.8855559947614091e+00, 6.5738203690586454e+02]; [-8.2265791044449472e+01, -4.7872044474115157e+01, -2.4977907995107381e+02]]
| > [92mCentral value[0m : +4.8176474725105108e-08   +/- 1.07e-09     ([91m2.229%[0m)
[92mINFO[0m [94msymbolica_integrator l.6781[0m [96mt=2026-09-01,21:35:02.983[0m > | > Graph-channel Symbolica observer estimates:
| >   graph_0     : 1.3063470509496050e-09 +/- 2.10e-11 [15914 selected]
| >   graph_1     : 2.2600168302786213e-09 +/- 3.58e-11 [29740 selected]
| >   graph_2     : 2.2191806905454466e-08 +/- 3.09e-10 [179224 selected]
| >   graph_3     : 6.5076123339589902e-11 +/- 3.50e-12 [3526 selected]
| >   graph_4     : -3.1082204435813212e-09 +/- 3.85e-11 [29466 selected]
| >   graph_5     : 3.6968407685940360e-10 +/- 1.26e-11 [8546 selected]
| >   graph_6     : 7.2781548674213607e-08 +/- 7.86e-10 [354886 selected]
| >   graph_7     : -2.2050085025912971e-09 +/- 2.94e-11 [24817 selected]
| >   graph_8     : -4.7641780298537649e-08 +/- 6.58e-10 [305487 selected]
| >   graph_9     : 1.9249708836751970e-09 +/- 2.56e-11 [22070 selected]
| >   graph_10    : 2.3203342504630868e-10 +/- 2.97e-11 [26324 selected]
| >   sum         : 4.8176474725106531e-08
| >   total       : 4.8176474725105108e-08
| >   difference  : 1.4227506535912076e-21
[92mINFO[0m [94msymbolica_integrator l.6744[0m [96mt=2026-09-01,21:35:03.010[0m > Symbolica integration: starting iteration [92m7/100[0m using [94m1000000[0m points ...
[92mINFO[0m [94msymbolica_integrator l.6777[0m [96mt=2026-09-01,21:35:59.547[0m > ... result after this iteration:
| > Integration result after [92m7000000[0m evaluations in [92m10522.46 CPU-s[0m [94m(1503.2 µs / eval)[0m
| > Extremal weights:
| >   with jacobian    : 5.84695e+02 at xs = [2.6083981659136896e-01 5.9051930576894673e-01 6.5423526939406102e-03 1.3892627370870594e-01 9.4991815195864540e-02 9.1216559006316522e-01] | jacobian = 1.11733e+18
| >     momentum space  : k = [[-1.2221575060395320e+01, -7.8121017730300544e+00, 7.0562438147080525e+02]; [7.2715357597786735e+01, 4.9411839567458742e+01, -3.1047429311440095e+02]]
| >   without jacobian : 1.53218e-12 at xs = [2.0743585314175635e-06 5.4629116429828772e-01 2.1398227099242761e-01 2.2752342937312720e-01 5.2295018682124605e-01 2.5288601793243032e-01] | jacobian = 6.93136e+09
| >     momentum space  : k = [[-2.4750806697762702e-03, -7.4090354791046505e-04, 3.2460687432006698e-03]; [-4.1593637227325058e+02, -6.0397349941210585e+01, 4.1274542993210559e+02]]
| >   before clipping   : 5.84695e+02 at xs = [2.6083981659136896e-01 5.9051930576894673e-01 6.5423526939406102e-03 1.3892627370870594e-01 9.4991815195864540e-02 9.1216559006316522e-01]
| >     momentum space  : k = [[-1.2221575060395320e+01, -7.8121017730300544e+00, 7.0562438147080525e+02]; [7.2715357597786735e+01, 4.9411839567458742e+01, -3.1047429311440095e+02]]
| > Stability pipeline: float pairs accepted = 6985595, HP pairs attempted/accepted = 14405/14405
| > Stability triggers: float mismatch = 14094, float non-finite/error = 0
| > Higher-precision rejections: disagreement = 0, non-finite = 0, error = 0
| > Unstable rotational-check points rejected = 0
| > Rotational-check high-precision retries = 14094
| > Rotational-check high-precision salvaged = 14094
| > Large-weight high-precision retries = 311
| > Large-weight high-precision salvaged = 311
| > Large-weight high-precision rejected = 0
| > Large-weight samples zeroed = 0 (0.000e+00 of samples; removed signed/absolute sums = 0.00000e+00/0.00000e+00)
| > Non-finite final outputs zeroed = 0
| > Non-finite float rotated evaluations seen = 0
| > Example higher-precision-retried xs = [1.1737056346071351e-01 6.8210704234608166e-01 1.3637080159835113e-03 4.3066148777310964e-01 4.3356886191813082e-01 5.9829937939858402e-01] | float rel = 3.97127e-06
| >     momentum space  : k = [[-4.7144688033663129e-01, -1.0373028020352817e+00, 2.6595416256139868e+02]; [-1.3175423952853735e+03, 5.8427290965667441e+02, -4.5980225484447061e+02]]
| > Example large-weight higher-precision-retried xs = [2.4743214951097262e-01 1.9253954976410956e-02 7.5639735761422510e-03 1.1789330545539248e-01 5.8387763198916209e-01 8.8411195536692044e-01] | compiled = 4.30723e+02 | higher precision = 4.30723e+02
| >     momentum space  : k = [[1.5510067285466739e+01, 1.8855559947614091e+00, 6.5738203690586454e+02]; [-8.2265791044449472e+01, -4.7872044474115157e+01, -2.4977907995107381e+02]]
| > [92mCentral value[0m : +4.8377118916856575e-08   +/- 9.22e-10     ([91m1.906%[0m)
[92mINFO[0m [94msymbolica_integrator l.6781[0m [96mt=2026-09-01,21:35:59.548[0m > | > Graph-channel Symbolica observer estimates:
| >   graph_0     : 1.3072943192955696e-09 +/- 1.85e-11 [16447 selected]
| >   graph_1     : 2.2548600487252343e-09 +/- 3.16e-11 [29915 selected]
| >   graph_2     : 2.2207640701284326e-08 +/- 2.66e-10 [177883 selected]
| >   graph_3     : 6.4922620446749593e-11 +/- 3.22e-12 [3557 selected]
| >   graph_4     : -3.1146310017995512e-09 +/- 3.40e-11 [30037 selected]
| >   graph_5     : 3.7362874397324219e-10 +/- 1.15e-11 [9153 selected]
| >   graph_6     : 7.2969157497961310e-08 +/- 6.75e-10 [354180 selected]
| >   graph_7     : -2.2122270121136628e-09 +/- 2.59e-11 [25195 selected]
| >   graph_8     : -4.7647407995495116e-08 +/- 5.65e-10 [304377 selected]
| >   graph_9     : 1.9402511628789140e-09 +/- 2.26e-11 [22342 selected]
| >   graph_10    : 2.3362983170065875e-10 +/- 2.60e-11 [26914 selected]
| >   sum         : 4.8377118916857673e-08
| >   total       : 4.8377118916856575e-08
| >   difference  : 1.0984958534704208e-21
[92mINFO[0m [94msymbolica_integrator l.6744[0m [96mt=2026-09-01,21:35:59.548[0m > Symbolica integration: starting iteration [92m8/100[0m using [94m1000000[0m points ...
[92mINFO[0m [94msymbolica_integrator l.6777[0m [96mt=2026-09-01,21:36:47.591[0m > ... result after this iteration:
| > Integration result after [92m8000000[0m evaluations in [92m11674.42 CPU-s[0m [94m(1459.3 µs / eval)[0m
| > Extremal weights:
| >   with jacobian    : 5.94378e+02 at xs = [2.7833384513684539e-01 5.6563076375229593e-01 5.8546097438498474e-03 1.4718318918590931e-01 9.4285656022606343e-02 9.3420143812617029e-01] | jacobian = 1.10106e+18
| >     momentum space  : k = [[-1.2997526545249883e+01, -5.6857955020230806e+00, 7.7123408131921610e+02]; [5.8771607676334028e+01, 3.9556693754762698e+01, -3.3782121165214460e+02]]
| >   without jacobian : 1.53218e-12 at xs = [2.0743585314175635e-06 5.4629116429828772e-01 2.1398227099242761e-01 2.2752342937312720e-01 5.2295018682124605e-01 2.5288601793243032e-01] | jacobian = 6.93136e+09
| >     momentum space  : k = [[-2.4750806697762702e-03, -7.4090354791046505e-04, 3.2460687432006698e-03]; [-4.1593637227325058e+02, -6.0397349941210585e+01, 4.1274542993210559e+02]]
| >   before clipping   : 5.94378e+02 at xs = [2.7833384513684539e-01 5.6563076375229593e-01 5.8546097438498474e-03 1.4718318918590931e-01 9.4285656022606343e-02 9.3420143812617029e-01]
| >     momentum space  : k = [[-1.2997526545249883e+01, -5.6857955020230806e+00, 7.7123408131921610e+02]; [5.8771607676334028e+01, 3.9556693754762698e+01, -3.3782121165214460e+02]]
| > Stability pipeline: float pairs accepted = 7983716, HP pairs attempted/accepted = 16284/16284
| > Stability triggers: float mismatch = 15898, float non-finite/error = 0
| > Higher-precision rejections: disagreement = 0, non-finite = 0, error = 0
| > Unstable rotational-check points rejected = 0
| > Rotational-check high-precision retries = 15898
| > Rotational-check high-precision salvaged = 15898
| > Large-weight high-precision retries = 386
| > Large-weight high-precision salvaged = 386
| > Large-weight high-precision rejected = 0
| > Large-weight samples zeroed = 0 (0.000e+00 of samples; removed signed/absolute sums = 0.00000e+00/0.00000e+00)
| > Non-finite final outputs zeroed = 0
| > Non-finite float rotated evaluations seen = 0
| > Example higher-precision-retried xs = [1.1737056346071351e-01 6.8210704234608166e-01 1.3637080159835113e-03 4.3066148777310964e-01 4.3356886191813082e-01 5.9829937939858402e-01] | float rel = 3.97127e-06
| >     momentum space  : k = [[-4.7144688033663129e-01, -1.0373028020352817e+00, 2.6595416256139868e+02]; [-1.3175423952853735e+03, 5.8427290965667441e+02, -4.5980225484447061e+02]]
| > Example large-weight higher-precision-retried xs = [2.4743214951097262e-01 1.9253954976410956e-02 7.5639735761422510e-03 1.1789330545539248e-01 5.8387763198916209e-01 8.8411195536692044e-01] | compiled = 4.30723e+02 | higher precision = 4.30723e+02
| >     momentum space  : k = [[1.5510067285466739e+01, 1.8855559947614091e+00, 6.5738203690586454e+02]; [-8.2265791044449472e+01, -4.7872044474115157e+01, -2.4977907995107381e+02]]
| > [92mCentral value[0m : +4.8569177462511227e-08   +/- 8.08e-10     ([91m1.664%[0m)
[92mINFO[0m [94msymbolica_integrator l.6781[0m [96mt=2026-09-01,21:36:47.591[0m > | > Graph-channel Symbolica observer estimates:
| >   graph_0     : 1.3129696552001457e-09 +/- 1.66e-11 [16791 selected]
| >   graph_1     : 2.2743855561761112e-09 +/- 3.16e-11 [30477 selected]
| >   graph_2     : 2.2211307156768148e-08 +/- 2.33e-10 [176413 selected]
| >   graph_3     : 6.3841563129611602e-11 +/- 2.92e-12 [3490 selected]
| >   graph_4     : -3.1151172562897021e-09 +/- 3.06e-11 [30047 selected]
| >   graph_5     : 3.7329454625235025e-10 +/- 1.04e-11 [9643 selected]
| >   graph_6     : 7.3157672950516339e-08 +/- 5.91e-10 [354082 selected]
| >   graph_7     : -2.2223203555378732e-09 +/- 2.31e-11 [25925 selected]
| >   graph_8     : -4.7661376286142837e-08 +/- 4.95e-10 [303439 selected]
| >   graph_9     : 1.9479699595402287e-09 +/- 2.02e-11 [22913 selected]
| >   graph_10    : 2.2654997289978432e-10 +/- 2.31e-11 [26780 selected]
| >   sum         : 4.8569177462512305e-08
| >   total       : 4.8569177462511227e-08
| >   difference  : 1.0786435187691481e-21
[92mINFO[0m [94msymbolica_integrator l.6744[0m [96mt=2026-09-01,21:36:47.591[0m > Symbolica integration: starting iteration [92m9/100[0m using [94m1000000[0m points ...
[92mINFO[0m [94msymbolica_integrator l.6777[0m [96mt=2026-09-01,21:37:40.646[0m > ... result after this iteration:
| > Integration result after [92m9000000[0m evaluations in [92m12944.78 CPU-s[0m [94m(1438.3 µs / eval)[0m
| > Extremal weights:
| >   with jacobian    : 5.94378e+02 at xs = [2.7833384513684539e-01 5.6563076375229593e-01 5.8546097438498474e-03 1.4718318918590931e-01 9.4285656022606343e-02 9.3420143812617029e-01] | jacobian = 1.10106e+18
| >     momentum space  : k = [[-1.2997526545249883e+01, -5.6857955020230806e+00, 7.7123408131921610e+02]; [5.8771607676334028e+01, 3.9556693754762698e+01, -3.3782121165214460e+02]]
| >   without jacobian : 1.53218e-12 at xs = [2.0743585314175635e-06 5.4629116429828772e-01 2.1398227099242761e-01 2.2752342937312720e-01 5.2295018682124605e-01 2.5288601793243032e-01] | jacobian = 6.93136e+09
| >     momentum space  : k = [[-2.4750806697762702e-03, -7.4090354791046505e-04, 3.2460687432006698e-03]; [-4.1593637227325058e+02, -6.0397349941210585e+01, 4.1274542993210559e+02]]
| >   before clipping   : 5.94378e+02 at xs = [2.7833384513684539e-01 5.6563076375229593e-01 5.8546097438498474e-03 1.4718318918590931e-01 9.4285656022606343e-02 9.3420143812617029e-01]
| >     momentum space  : k = [[-1.2997526545249883e+01, -5.6857955020230806e+00, 7.7123408131921610e+02]; [5.8771607676334028e+01, 3.9556693754762698e+01, -3.3782121165214460e+02]]
| > Stability pipeline: float pairs accepted = 8981978, HP pairs attempted/accepted = 18022/18022
| > Stability triggers: float mismatch = 17572, float non-finite/error = 0
| > Higher-precision rejections: disagreement = 0, non-finite = 0, error = 0
| > Unstable rotational-check points rejected = 0
| > Rotational-check high-precision retries = 17572
| > Rotational-check high-precision salvaged = 17572
| > Large-weight high-precision retries = 450
| > Large-weight high-precision salvaged = 450
| > Large-weight high-precision rejected = 0
| > Large-weight samples zeroed = 0 (0.000e+00 of samples; removed signed/absolute sums = 0.00000e+00/0.00000e+00)
| > Non-finite final outputs zeroed = 0
| > Non-finite float rotated evaluations seen = 0
| > Example higher-precision-retried xs = [1.1737056346071351e-01 6.8210704234608166e-01 1.3637080159835113e-03 4.3066148777310964e-01 4.3356886191813082e-01 5.9829937939858402e-01] | float rel = 3.97127e-06
| >     momentum space  : k = [[-4.7144688033663129e-01, -1.0373028020352817e+00, 2.6595416256139868e+02]; [-1.3175423952853735e+03, 5.8427290965667441e+02, -4.5980225484447061e+02]]
| > Example large-weight higher-precision-retried xs = [2.4743214951097262e-01 1.9253954976410956e-02 7.5639735761422510e-03 1.1789330545539248e-01 5.8387763198916209e-01 8.8411195536692044e-01] | compiled = 4.30723e+02 | higher precision = 4.30723e+02
| >     momentum space  : k = [[1.5510067285466739e+01, 1.8855559947614091e+00, 6.5738203690586454e+02]; [-8.2265791044449472e+01, -4.7872044474115157e+01, -2.4977907995107381e+02]]
| > [92mCentral value[0m : +4.8781556470634253e-08   +/- 7.19e-10     ([91m1.475%[0m)
[92mINFO[0m [94msymbolica_integrator l.6781[0m [96mt=2026-09-01,21:37:40.647[0m > | > Graph-channel Symbolica observer estimates:
| >   graph_0     : 1.3139146069978008e-09 +/- 1.51e-11 [16919 selected]
| >   graph_1     : 2.2737868046872914e-09 +/- 2.87e-11 [31238 selected]
| >   graph_2     : 2.2261069361162344e-08 +/- 2.08e-10 [176409 selected]
| >   graph_3     : 6.4687224754331099e-11 +/- 2.78e-12 [3435 selected]
| >   graph_4     : -3.1086046057137050e-09 +/- 2.79e-11 [30650 selected]
| >   graph_5     : 3.7087273636478563e-10 +/- 9.47e-12 [9746 selected]
| >   graph_6     : 7.3289424474489836e-08 +/- 5.26e-10 [353744 selected]
| >   graph_7     : -2.2319950609469796e-09 +/- 2.09e-11 [25836 selected]
| >   graph_8     : -4.7642559398758733e-08 +/- 4.40e-10 [301531 selected]
| >   graph_9     : 1.9597811617921933e-09 +/- 1.84e-11 [23143 selected]
| >   graph_10    : 2.3117916580597899e-10 +/- 2.10e-11 [27349 selected]
| >   sum         : 4.8781556470635140e-08
| >   total       : 4.8781556470634253e-08
| >   difference  : 8.8673761665684567e-22
[92mINFO[0m [94msymbolica_integrator l.6744[0m [96mt=2026-09-01,21:37:40.647[0m > Symbolica integration: starting iteration [92m10/100[0m using [94m1000000[0m points ...
[92mINFO[0m [94msymbolica_integrator l.6777[0m [96mt=2026-09-01,21:38:54.824[0m > ... result after this iteration:
| > Integration result after [92m10000000[0m evaluations in [92m14663.57 CPU-s[0m [94m(1466.4 µs / eval)[0m
| > Extremal weights:
| >   with jacobian    : 5.94378e+02 at xs = [2.7833384513684539e-01 5.6563076375229593e-01 5.8546097438498474e-03 1.4718318918590931e-01 9.4285656022606343e-02 9.3420143812617029e-01] | jacobian = 1.10106e+18
| >     momentum space  : k = [[-1.2997526545249883e+01, -5.6857955020230806e+00, 7.7123408131921610e+02]; [5.8771607676334028e+01, 3.9556693754762698e+01, -3.3782121165214460e+02]]
| >   without jacobian : 1.53218e-12 at xs = [2.0743585314175635e-06 5.4629116429828772e-01 2.1398227099242761e-01 2.2752342937312720e-01 5.2295018682124605e-01 2.5288601793243032e-01] | jacobian = 6.93136e+09
| >     momentum space  : k = [[-2.4750806697762702e-03, -7.4090354791046505e-04, 3.2460687432006698e-03]; [-4.1593637227325058e+02, -6.0397349941210585e+01, 4.1274542993210559e+02]]
| >   before clipping   : 5.94378e+02 at xs = [2.7833384513684539e-01 5.6563076375229593e-01 5.8546097438498474e-03 1.4718318918590931e-01 9.4285656022606343e-02 9.3420143812617029e-01]
| >     momentum space  : k = [[-1.2997526545249883e+01, -5.6857955020230806e+00, 7.7123408131921610e+02]; [5.8771607676334028e+01, 3.9556693754762698e+01, -3.3782121165214460e+02]]
| > Stability pipeline: float pairs accepted = 9980250, HP pairs attempted/accepted = 19750/19750
| > Stability triggers: float mismatch = 19222, float non-finite/error = 0
| > Higher-precision rejections: disagreement = 0, non-finite = 0, error = 0
| > Unstable rotational-check points rejected = 0
| > Rotational-check high-precision retries = 19222
| > Rotational-check high-precision salvaged = 19222
| > Large-weight high-precision retries = 528
| > Large-weight high-precision salvaged = 528
| > Large-weight high-precision rejected = 0
| > Large-weight samples zeroed = 0 (0.000e+00 of samples; removed signed/absolute sums = 0.00000e+00/0.00000e+00)
| > Non-finite final outputs zeroed = 0
| > Non-finite float rotated evaluations seen = 0
| > Example higher-precision-retried xs = [1.1737056346071351e-01 6.8210704234608166e-01 1.3637080159835113e-03 4.3066148777310964e-01 4.3356886191813082e-01 5.9829937939858402e-01] | float rel = 3.97127e-06
| >     momentum space  : k = [[-4.7144688033663129e-01, -1.0373028020352817e+00, 2.6595416256139868e+02]; [-1.3175423952853735e+03, 5.8427290965667441e+02, -4.5980225484447061e+02]]
| > Example large-weight higher-precision-retried xs = [2.4743214951097262e-01 1.9253954976410956e-02 7.5639735761422510e-03 1.1789330545539248e-01 5.8387763198916209e-01 8.8411195536692044e-01] | compiled = 4.30723e+02 | higher precision = 4.30723e+02
| >     momentum space  : k = [[1.5510067285466739e+01, 1.8855559947614091e+00, 6.5738203690586454e+02]; [-8.2265791044449472e+01, -4.7872044474115157e+01, -2.4977907995107381e+02]]
| > [92mCentral value[0m : +4.8819764933177271e-08   +/- 6.48e-10     ([91m1.328%[0m)
[92mINFO[0m [94msymbolica_integrator l.6781[0m [96mt=2026-09-01,21:38:54.824[0m > | > Graph-channel Symbolica observer estimates:
| >   graph_0     : 1.3197984693545573e-09 +/- 1.40e-11 [17356 selected]
| >   graph_1     : 2.2716893216859259e-09 +/- 2.63e-11 [31366 selected]
| >   graph_2     : 2.2271004603893956e-08 +/- 1.87e-10 [175572 selected]
| >   graph_3     : 6.4221524471160888e-11 +/- 2.64e-12 [3530 selected]
| >   graph_4     : -3.1112399342364750e-09 +/- 2.58e-11 [30928 selected]
| >   graph_5     : 3.6678028170466674e-10 +/- 8.65e-12 [9979 selected]
| >   graph_6     : 7.3359681587609504e-08 +/- 4.74e-10 [354021 selected]
| >   graph_7     : -2.2478683729368076e-09 +/- 1.92e-11 [25992 selected]
| >   graph_8     : -4.7662170399664702e-08 +/- 3.96e-10 [300936 selected]
| >   graph_9     : 1.9597391017330251e-09 +/- 1.69e-11 [22946 selected]
| >   graph_10    : 2.2812874956314589e-10 +/- 1.92e-11 [27374 selected]
| >   sum         : 4.8819764933177959e-08
| >   total       : 4.8819764933177271e-08
| >   difference  : 6.8821426964411903e-22
[92mINFO[0m [94msymbolica_integrator l.6744[0m [96mt=2026-09-01,21:38:54.853[0m > Symbolica integration: starting iteration [92m11/100[0m using [94m1000000[0m points ...
[92mINFO[0m [94msymbolica_integrator l.6777[0m [96mt=2026-09-01,21:39:47.015[0m > ... result after this iteration:
| > Integration result after [92m11000000[0m evaluations in [92m15847.70 CPU-s[0m [94m(1440.7 µs / eval)[0m
| > Extremal weights:
| >   with jacobian    : 5.94378e+02 at xs = [2.7833384513684539e-01 5.6563076375229593e-01 5.8546097438498474e-03 1.4718318918590931e-01 9.4285656022606343e-02 9.3420143812617029e-01] | jacobian = 1.10106e+18
| >     momentum space  : k = [[-1.2997526545249883e+01, -5.6857955020230806e+00, 7.7123408131921610e+02]; [5.8771607676334028e+01, 3.9556693754762698e+01, -3.3782121165214460e+02]]
| >   without jacobian : 1.53218e-12 at xs = [2.0743585314175635e-06 5.4629116429828772e-01 2.1398227099242761e-01 2.2752342937312720e-01 5.2295018682124605e-01 2.5288601793243032e-01] | jacobian = 6.93136e+09
| >     momentum space  : k = [[-2.4750806697762702e-03, -7.4090354791046505e-04, 3.2460687432006698e-03]; [-4.1593637227325058e+02, -6.0397349941210585e+01, 4.1274542993210559e+02]]
| >   before clipping   : 5.94378e+02 at xs = [2.7833384513684539e-01 5.6563076375229593e-01 5.8546097438498474e-03 1.4718318918590931e-01 9.4285656022606343e-02 9.3420143812617029e-01]
| >     momentum space  : k = [[-1.2997526545249883e+01, -5.6857955020230806e+00, 7.7123408131921610e+02]; [5.8771607676334028e+01, 3.9556693754762698e+01, -3.3782121165214460e+02]]
| > Stability pipeline: float pairs accepted = 10978576, HP pairs attempted/accepted = 21424/21424
| > Stability triggers: float mismatch = 20834, float non-finite/error = 0
| > Higher-precision rejections: disagreement = 0, non-finite = 0, error = 0
| > Unstable rotational-check points rejected = 0
| > Rotational-check high-precision retries = 20834
| > Rotational-check high-precision salvaged = 20834
| > Large-weight high-precision retries = 590
| > Large-weight high-precision salvaged = 590
| > Large-weight high-precision rejected = 0
| > Large-weight samples zeroed = 0 (0.000e+00 of samples; removed signed/absolute sums = 0.00000e+00/0.00000e+00)
| > Non-finite final outputs zeroed = 0
| > Non-finite float rotated evaluations seen = 0
| > Example higher-precision-retried xs = [1.1737056346071351e-01 6.8210704234608166e-01 1.3637080159835113e-03 4.3066148777310964e-01 4.3356886191813082e-01 5.9829937939858402e-01] | float rel = 3.97127e-06
| >     momentum space  : k = [[-4.7144688033663129e-01, -1.0373028020352817e+00, 2.6595416256139868e+02]; [-1.3175423952853735e+03, 5.8427290965667441e+02, -4.5980225484447061e+02]]
| > Example large-weight higher-precision-retried xs = [2.4743214951097262e-01 1.9253954976410956e-02 7.5639735761422510e-03 1.1789330545539248e-01 5.8387763198916209e-01 8.8411195536692044e-01] | compiled = 4.30723e+02 | higher precision = 4.30723e+02
| >     momentum space  : k = [[1.5510067285466739e+01, 1.8855559947614091e+00, 6.5738203690586454e+02]; [-8.2265791044449472e+01, -4.7872044474115157e+01, -2.4977907995107381e+02]]
| > [92mCentral value[0m : +4.8919825976236638e-08   +/- 5.90e-10     ([91m1.207%[0m)
[92mINFO[0m [94msymbolica_integrator l.6781[0m [96mt=2026-09-01,21:39:47.016[0m > | > Graph-channel Symbolica observer estimates:
| >   graph_0     : 1.3167706388053355e-09 +/- 1.30e-11 [17295 selected]
| >   graph_1     : 2.2778538619069183e-09 +/- 2.43e-11 [31760 selected]
| >   graph_2     : 2.2272879139065120e-08 +/- 1.71e-10 [175073 selected]
| >   graph_3     : 6.4018146729801529e-11 +/- 2.46e-12 [3560 selected]
| >   graph_4     : -3.1195071026692097e-09 +/- 2.41e-11 [31286 selected]
| >   graph_5     : 3.6440337254797418e-10 +/- 8.01e-12 [10197 selected]
| >   graph_6     : 7.3434779422430327e-08 +/- 4.32e-10 [354499 selected]
| >   graph_7     : -2.2490232472742794e-09 +/- 1.77e-11 [25883 selected]
| >   graph_8     : -4.7623253785924179e-08 +/- 3.61e-10 [300319 selected]
| >   graph_9     : 1.9572279128942002e-09 +/- 1.56e-11 [22837 selected]
| >   graph_10    : 2.2367761772520469e-10 +/- 1.77e-11 [27291 selected]
| >   sum         : 4.8919825976237213e-08
| >   total       : 4.8919825976236638e-08
| >   difference  : 5.7571770633690726e-22
[92mINFO[0m [94msymbolica_integrator l.6744[0m [96mt=2026-09-01,21:39:47.016[0m > Symbolica integration: starting iteration [92m12/100[0m using [94m1000000[0m points ...
[92mINFO[0m [94msymbolica_integrator l.6777[0m [96mt=2026-09-01,21:40:52.586[0m > ... result after this iteration:
| > Integration result after [92m12000000[0m evaluations in [92m17276.18 CPU-s[0m [94m(1439.7 µs / eval)[0m
| > Extremal weights:
| >   with jacobian    : 5.94378e+02 at xs = [2.7833384513684539e-01 5.6563076375229593e-01 5.8546097438498474e-03 1.4718318918590931e-01 9.4285656022606343e-02 9.3420143812617029e-01] | jacobian = 1.10106e+18
| >     momentum space  : k = [[-1.2997526545249883e+01, -5.6857955020230806e+00, 7.7123408131921610e+02]; [5.8771607676334028e+01, 3.9556693754762698e+01, -3.3782121165214460e+02]]
| >   without jacobian : 1.53218e-12 at xs = [2.0743585314175635e-06 5.4629116429828772e-01 2.1398227099242761e-01 2.2752342937312720e-01 5.2295018682124605e-01 2.5288601793243032e-01] | jacobian = 6.93136e+09
| >     momentum space  : k = [[-2.4750806697762702e-03, -7.4090354791046505e-04, 3.2460687432006698e-03]; [-4.1593637227325058e+02, -6.0397349941210585e+01, 4.1274542993210559e+02]]
| >   before clipping   : 5.94378e+02 at xs = [2.7833384513684539e-01 5.6563076375229593e-01 5.8546097438498474e-03 1.4718318918590931e-01 9.4285656022606343e-02 9.3420143812617029e-01]
| >     momentum space  : k = [[-1.2997526545249883e+01, -5.6857955020230806e+00, 7.7123408131921610e+02]; [5.8771607676334028e+01, 3.9556693754762698e+01, -3.3782121165214460e+02]]
| > Stability pipeline: float pairs accepted = 11976826, HP pairs attempted/accepted = 23174/23174
| > Stability triggers: float mismatch = 22490, float non-finite/error = 0
| > Higher-precision rejections: disagreement = 0, non-finite = 0, error = 0
| > Unstable rotational-check points rejected = 0
| > Rotational-check high-precision retries = 22490
| > Rotational-check high-precision salvaged = 22490
| > Large-weight high-precision retries = 684
| > Large-weight high-precision salvaged = 684
| > Large-weight high-precision rejected = 0
| > Large-weight samples zeroed = 0 (0.000e+00 of samples; removed signed/absolute sums = 0.00000e+00/0.00000e+00)
| > Non-finite final outputs zeroed = 0
| > Non-finite float rotated evaluations seen = 0
| > Example higher-precision-retried xs = [1.1737056346071351e-01 6.8210704234608166e-01 1.3637080159835113e-03 4.3066148777310964e-01 4.3356886191813082e-01 5.9829937939858402e-01] | float rel = 3.97127e-06
| >     momentum space  : k = [[-4.7144688033663129e-01, -1.0373028020352817e+00, 2.6595416256139868e+02]; [-1.3175423952853735e+03, 5.8427290965667441e+02, -4.5980225484447061e+02]]
| > Example large-weight higher-precision-retried xs = [2.4743214951097262e-01 1.9253954976410956e-02 7.5639735761422510e-03 1.1789330545539248e-01 5.8387763198916209e-01 8.8411195536692044e-01] | compiled = 4.30723e+02 | higher precision = 4.30723e+02
| >     momentum space  : k = [[1.5510067285466739e+01, 1.8855559947614091e+00, 6.5738203690586454e+02]; [-8.2265791044449472e+01, -4.7872044474115157e+01, -2.4977907995107381e+02]]
| > [92mCentral value[0m : +4.8956777962790559e-08   +/- 5.42e-10     ([91m1.107%[0m)
[92mINFO[0m [94msymbolica_integrator l.6781[0m [96mt=2026-09-01,21:40:52.586[0m > | > Graph-channel Symbolica observer estimates:
| >   graph_0     : 1.3180072634948619e-09 +/- 1.21e-11 [17443 selected]
| >   graph_1     : 2.2827479619799228e-09 +/- 2.26e-11 [31832 selected]
| >   graph_2     : 2.2283758172588150e-08 +/- 1.57e-10 [174857 selected]
| >   graph_3     : 6.3873513328671001e-11 +/- 2.31e-12 [3610 selected]
| >   graph_4     : -3.1275852193488357e-09 +/- 2.28e-11 [30722 selected]
| >   graph_5     : 3.6225031760467767e-10 +/- 7.56e-12 [10291 selected]
| >   graph_6     : 7.3486084832297592e-08 +/- 3.96e-10 [354396 selected]
| >   graph_7     : -2.2519077773013584e-09 +/- 1.66e-11 [26345 selected]
| >   graph_8     : -4.7636400338656642e-08 +/- 3.31e-10 [300067 selected]
| >   graph_9     : 1.9575968199853062e-09 +/- 1.46e-11 [23176 selected]
| >   graph_10    : 2.1835241681870809e-10 +/- 1.64e-11 [27261 selected]
| >   sum         : 4.8956777962791055e-08
| >   total       : 4.8956777962790559e-08
| >   difference  : 4.9630836753181660e-22
[92mINFO[0m [94msymbolica_integrator l.6744[0m [96mt=2026-09-01,21:40:52.586[0m > Symbolica integration: starting iteration [92m13/100[0m using [94m1000000[0m points ...
[92mINFO[0m [94msymbolica_integrator l.6777[0m [96mt=2026-09-01,21:41:42.256[0m > ... result after this iteration:
| > Integration result after [92m13000000[0m evaluations in [92m18483.04 CPU-s[0m [94m(1421.8 µs / eval)[0m
| > Extremal weights:
| >   with jacobian    : 6.01110e+02 at xs = [2.7368845941000280e-01 3.1530719491606096e-01 6.4109416656307787e-03 1.5188046984795639e-01 8.0969934780326347e-01 9.1973308817103216e-01] | jacobian = 1.50367e+18
| >     momentum space  : k = [[-6.0546650197931857e+00, 1.3917740859312447e+01, 7.5348644807625533e+02]; [3.2739029949271142e+01, -8.3147912655750446e+01, -3.4683116351085334e+02]]
| >   without jacobian : 1.53218e-12 at xs = [2.0743585314175635e-06 5.4629116429828772e-01 2.1398227099242761e-01 2.2752342937312720e-01 5.2295018682124605e-01 2.5288601793243032e-01] | jacobian = 6.93136e+09
| >     momentum space  : k = [[-2.4750806697762702e-03, -7.4090354791046505e-04, 3.2460687432006698e-03]; [-4.1593637227325058e+02, -6.0397349941210585e+01, 4.1274542993210559e+02]]
| >   before clipping   : 6.01110e+02 at xs = [2.7368845941000280e-01 3.1530719491606096e-01 6.4109416656307787e-03 1.5188046984795639e-01 8.0969934780326347e-01 9.1973308817103216e-01]
| >     momentum space  : k = [[-6.0546650197931857e+00, 1.3917740859312447e+01, 7.5348644807625533e+02]; [3.2739029949271142e+01, -8.3147912655750446e+01, -3.4683116351085334e+02]]
| > Stability pipeline: float pairs accepted = 12975145, HP pairs attempted/accepted = 24855/24855
| > Stability triggers: float mismatch = 24107, float non-finite/error = 0
| > Higher-precision rejections: disagreement = 0, non-finite = 0, error = 0
| > Unstable rotational-check points rejected = 0
| > Rotational-check high-precision retries = 24107
| > Rotational-check high-precision salvaged = 24107
| > Large-weight high-precision retries = 748
| > Large-weight high-precision salvaged = 748
| > Large-weight high-precision rejected = 0
| > Large-weight samples zeroed = 0 (0.000e+00 of samples; removed signed/absolute sums = 0.00000e+00/0.00000e+00)
| > Non-finite final outputs zeroed = 0
| > Non-finite float rotated evaluations seen = 0
| > Example higher-precision-retried xs = [1.1737056346071351e-01 6.8210704234608166e-01 1.3637080159835113e-03 4.3066148777310964e-01 4.3356886191813082e-01 5.9829937939858402e-01] | float rel = 3.97127e-06
| >     momentum space  : k = [[-4.7144688033663129e-01, -1.0373028020352817e+00, 2.6595416256139868e+02]; [-1.3175423952853735e+03, 5.8427290965667441e+02, -4.5980225484447061e+02]]
| > Example large-weight higher-precision-retried xs = [2.4743214951097262e-01 1.9253954976410956e-02 7.5639735761422510e-03 1.1789330545539248e-01 5.8387763198916209e-01 8.8411195536692044e-01] | compiled = 4.30723e+02 | higher precision = 4.30723e+02
| >     momentum space  : k = [[1.5510067285466739e+01, 1.8855559947614091e+00, 6.5738203690586454e+02]; [-8.2265791044449472e+01, -4.7872044474115157e+01, -2.4977907995107381e+02]]
| > [92mCentral value[0m : +4.9009567669063395e-08   +/- 5.01e-10     ([91m1.022%[0m)
[92mINFO[0m [94msymbolica_integrator l.6781[0m [96mt=2026-09-01,21:41:42.257[0m > | > Graph-channel Symbolica observer estimates:
| >   graph_0     : 1.3204193728040219e-09 +/- 1.15e-11 [17484 selected]
| >   graph_1     : 2.2844287679350448e-09 +/- 2.12e-11 [31431 selected]
| >   graph_2     : 2.2292313000192669e-08 +/- 1.45e-10 [174277 selected]
| >   graph_3     : 6.3271751836061910e-11 +/- 2.17e-12 [3530 selected]
| >   graph_4     : -3.1223496762034038e-09 +/- 2.14e-11 [30990 selected]
| >   graph_5     : 3.6222060094635454e-10 +/- 7.11e-12 [10326 selected]
| >   graph_6     : 7.3559293319143705e-08 +/- 3.66e-10 [354967 selected]
| >   graph_7     : -2.2559392393582901e-09 +/- 1.56e-11 [26614 selected]
| >   graph_8     : -4.7668386106703345e-08 +/- 3.06e-10 [300127 selected]
| >   graph_9     : 1.9557877201739016e-09 +/- 1.37e-11 [22979 selected]
| >   graph_10    : 2.1850815829721281e-10 +/- 1.53e-11 [27275 selected]
| >   sum         : 4.9009567669063931e-08
| >   total       : 4.9009567669063395e-08
| >   difference  : 5.3601303693436193e-22
[92mINFO[0m [94msymbolica_integrator l.6744[0m [96mt=2026-09-01,21:41:42.291[0m > Symbolica integration: starting iteration [92m14/100[0m using [94m1000000[0m points ...
[92mINFO[0m [94msymbolica_integrator l.6777[0m [96mt=2026-09-01,21:42:32.383[0m > ... result after this iteration:
| > Integration result after [92m14000000[0m evaluations in [92m19698.53 CPU-s[0m [94m(1407.0 µs / eval)[0m
| > Extremal weights:
| >   with jacobian    : 6.01110e+02 at xs = [2.7368845941000280e-01 3.1530719491606096e-01 6.4109416656307787e-03 1.5188046984795639e-01 8.0969934780326347e-01 9.1973308817103216e-01] | jacobian = 1.50367e+18
| >     momentum space  : k = [[-6.0546650197931857e+00, 1.3917740859312447e+01, 7.5348644807625533e+02]; [3.2739029949271142e+01, -8.3147912655750446e+01, -3.4683116351085334e+02]]
| >   without jacobian : 1.53218e-12 at xs = [2.0743585314175635e-06 5.4629116429828772e-01 2.1398227099242761e-01 2.2752342937312720e-01 5.2295018682124605e-01 2.5288601793243032e-01] | jacobian = 6.93136e+09
| >     momentum space  : k = [[-2.4750806697762702e-03, -7.4090354791046505e-04, 3.2460687432006698e-03]; [-4.1593637227325058e+02, -6.0397349941210585e+01, 4.1274542993210559e+02]]
| >   before clipping   : 6.01110e+02 at xs = [2.7368845941000280e-01 3.1530719491606096e-01 6.4109416656307787e-03 1.5188046984795639e-01 8.0969934780326347e-01 9.1973308817103216e-01]
| >     momentum space  : k = [[-6.0546650197931857e+00, 1.3917740859312447e+01, 7.5348644807625533e+02]; [3.2739029949271142e+01, -8.3147912655750446e+01, -3.4683116351085334e+02]]
| > Stability pipeline: float pairs accepted = 13973445, HP pairs attempted/accepted = 26555/26555
| > Stability triggers: float mismatch = 25728, float non-finite/error = 0
| > Higher-precision rejections: disagreement = 0, non-finite = 0, error = 0
| > Unstable rotational-check points rejected = 0
| > Rotational-check high-precision retries = 25728
| > Rotational-check high-precision salvaged = 25728
| > Large-weight high-precision retries = 827
| > Large-weight high-precision salvaged = 827
| > Large-weight high-precision rejected = 0
| > Large-weight samples zeroed = 0 (0.000e+00 of samples; removed signed/absolute sums = 0.00000e+00/0.00000e+00)
| > Non-finite final outputs zeroed = 0
| > Non-finite float rotated evaluations seen = 0
| > Example higher-precision-retried xs = [1.1737056346071351e-01 6.8210704234608166e-01 1.3637080159835113e-03 4.3066148777310964e-01 4.3356886191813082e-01 5.9829937939858402e-01] | float rel = 3.97127e-06
| >     momentum space  : k = [[-4.7144688033663129e-01, -1.0373028020352817e+00, 2.6595416256139868e+02]; [-1.3175423952853735e+03, 5.8427290965667441e+02, -4.5980225484447061e+02]]
| > Example large-weight higher-precision-retried xs = [2.4743214951097262e-01 1.9253954976410956e-02 7.5639735761422510e-03 1.1789330545539248e-01 5.8387763198916209e-01 8.8411195536692044e-01] | compiled = 4.30723e+02 | higher precision = 4.30723e+02
| >     momentum space  : k = [[1.5510067285466739e+01, 1.8855559947614091e+00, 6.5738203690586454e+02]; [-8.2265791044449472e+01, -4.7872044474115157e+01, -2.4977907995107381e+02]]
| > [92mCentral value[0m : +4.9087151753390186e-08   +/- 4.66e-10     ([92m0.949%[0m)
[92mINFO[0m [94msymbolica_integrator l.6781[0m [96mt=2026-09-01,21:42:32.383[0m > | > Graph-channel Symbolica observer estimates:
| >   graph_0     : 1.3175867175019889e-09 +/- 1.08e-11 [17685 selected]
| >   graph_1     : 2.2825207755263986e-09 +/- 1.99e-11 [31174 selected]
| >   graph_2     : 2.2315569875402768e-08 +/- 1.35e-10 [174960 selected]
| >   graph_3     : 6.2842801164323133e-11 +/- 2.05e-12 [3547 selected]
| >   graph_4     : -3.1312627713212675e-09 +/- 2.12e-11 [31195 selected]
| >   graph_5     : 3.6192003251232573e-10 +/- 6.73e-12 [10257 selected]
| >   graph_6     : 7.3642266220578990e-08 +/- 3.40e-10 [354890 selected]
| >   graph_7     : -2.2612151068691686e-09 +/- 1.47e-11 [26346 selected]
| >   graph_8     : -4.7675202312835142e-08 +/- 2.84e-10 [299575 selected]
| >   graph_9     : 1.9566131991304046e-09 +/- 1.30e-11 [23136 selected]
| >   graph_10    : 2.1551232259924205e-10 +/- 1.44e-11 [27235 selected]
| >   sum         : 4.9087151753390861e-08
| >   total       : 4.9087151753390186e-08
| >   difference  : 6.7497937984327058e-22
[92mINFO[0m [94msymbolica_integrator l.6744[0m [96mt=2026-09-01,21:42:32.383[0m > Symbolica integration: starting iteration [92m15/100[0m using [94m1000000[0m points ...
[92mINFO[0m [94msymbolica_integrator l.6777[0m [96mt=2026-09-01,21:43:19.221[0m > ... result after this iteration:
| > Integration result after [92m15000000[0m evaluations in [92m20810.15 CPU-s[0m [94m(1387.3 µs / eval)[0m
| > Extremal weights:
| >   with jacobian    : 6.01110e+02 at xs = [2.7368845941000280e-01 3.1530719491606096e-01 6.4109416656307787e-03 1.5188046984795639e-01 8.0969934780326347e-01 9.1973308817103216e-01] | jacobian = 1.50367e+18
| >     momentum space  : k = [[-6.0546650197931857e+00, 1.3917740859312447e+01, 7.5348644807625533e+02]; [3.2739029949271142e+01, -8.3147912655750446e+01, -3.4683116351085334e+02]]
| >   without jacobian : 1.53218e-12 at xs = [2.0743585314175635e-06 5.4629116429828772e-01 2.1398227099242761e-01 2.2752342937312720e-01 5.2295018682124605e-01 2.5288601793243032e-01] | jacobian = 6.93136e+09
| >     momentum space  : k = [[-2.4750806697762702e-03, -7.4090354791046505e-04, 3.2460687432006698e-03]; [-4.1593637227325058e+02, -6.0397349941210585e+01, 4.1274542993210559e+02]]
| >   before clipping   : 6.01110e+02 at xs = [2.7368845941000280e-01 3.1530719491606096e-01 6.4109416656307787e-03 1.5188046984795639e-01 8.0969934780326347e-01 9.1973308817103216e-01]
| >     momentum space  : k = [[-6.0546650197931857e+00, 1.3917740859312447e+01, 7.5348644807625533e+02]; [3.2739029949271142e+01, -8.3147912655750446e+01, -3.4683116351085334e+02]]
| > Stability pipeline: float pairs accepted = 14971733, HP pairs attempted/accepted = 28267/28267
| > Stability triggers: float mismatch = 27363, float non-finite/error = 0
| > Higher-precision rejections: disagreement = 0, non-finite = 0, error = 0
| > Unstable rotational-check points rejected = 0
| > Rotational-check high-precision retries = 27363
| > Rotational-check high-precision salvaged = 27363
| > Large-weight high-precision retries = 904
| > Large-weight high-precision salvaged = 904
| > Large-weight high-precision rejected = 0
| > Large-weight samples zeroed = 0 (0.000e+00 of samples; removed signed/absolute sums = 0.00000e+00/0.00000e+00)
| > Non-finite final outputs zeroed = 0
| > Non-finite float rotated evaluations seen = 0
| > Example higher-precision-retried xs = [1.1737056346071351e-01 6.8210704234608166e-01 1.3637080159835113e-03 4.3066148777310964e-01 4.3356886191813082e-01 5.9829937939858402e-01] | float rel = 3.97127e-06
| >     momentum space  : k = [[-4.7144688033663129e-01, -1.0373028020352817e+00, 2.6595416256139868e+02]; [-1.3175423952853735e+03, 5.8427290965667441e+02, -4.5980225484447061e+02]]
| > Example large-weight higher-precision-retried xs = [2.4743214951097262e-01 1.9253954976410956e-02 7.5639735761422510e-03 1.1789330545539248e-01 5.8387763198916209e-01 8.8411195536692044e-01] | compiled = 4.30723e+02 | higher precision = 4.30723e+02
| >     momentum space  : k = [[1.5510067285466739e+01, 1.8855559947614091e+00, 6.5738203690586454e+02]; [-8.2265791044449472e+01, -4.7872044474115157e+01, -2.4977907995107381e+02]]
| > [92mCentral value[0m : +4.9091672567402525e-08   +/- 4.35e-10     ([92m0.887%[0m)
[92mINFO[0m [94msymbolica_integrator l.6781[0m [96mt=2026-09-01,21:43:19.221[0m > | > Graph-channel Symbolica observer estimates:
| >   graph_0     : 1.3169290251313104e-09 +/- 1.03e-11 [17595 selected]
| >   graph_1     : 2.2822511107272310e-09 +/- 1.89e-11 [31541 selected]
| >   graph_2     : 2.2305654831782619e-08 +/- 1.26e-10 [173272 selected]
| >   graph_3     : 6.3494397616655822e-11 +/- 2.02e-12 [3573 selected]
| >   graph_4     : -3.1262395380947869e-09 +/- 2.02e-11 [31589 selected]
| >   graph_5     : 3.6128585696346238e-10 +/- 6.40e-12 [10521 selected]
| >   graph_6     : 7.3678130022145413e-08 +/- 3.18e-10 [356142 selected]
| >   graph_7     : -2.2662859163151689e-09 +/- 1.39e-11 [26164 selected]
| >   graph_8     : -4.7694733131359857e-08 +/- 2.66e-10 [299539 selected]
| >   graph_9     : 1.9544464937934833e-09 +/- 1.24e-11 [22744 selected]
| >   graph_10    : 2.1673941501279077e-10 +/- 1.36e-11 [27320 selected]
| >   sum         : 4.9091672567403153e-08
| >   total       : 4.9091672567402525e-08
| >   difference  : 6.2865726554030103e-22
[92mINFO[0m [94msymbolica_integrator l.6744[0m [96mt=2026-09-01,21:43:19.262[0m > Symbolica integration: starting iteration [92m16/100[0m using [94m1000000[0m points ...
[92mINFO[0m [94msymbolica_integrator l.6777[0m [96mt=2026-09-01,21:44:11.185[0m > ... result after this iteration:
| > Integration result after [92m16000000[0m evaluations in [92m21990.81 CPU-s[0m [94m(1374.4 µs / eval)[0m
| > Extremal weights:
| >   with jacobian    : 6.01110e+02 at xs = [2.7368845941000280e-01 3.1530719491606096e-01 6.4109416656307787e-03 1.5188046984795639e-01 8.0969934780326347e-01 9.1973308817103216e-01] | jacobian = 1.50367e+18
| >     momentum space  : k = [[-6.0546650197931857e+00, 1.3917740859312447e+01, 7.5348644807625533e+02]; [3.2739029949271142e+01, -8.3147912655750446e+01, -3.4683116351085334e+02]]
| >   without jacobian : 1.53218e-12 at xs = [2.0743585314175635e-06 5.4629116429828772e-01 2.1398227099242761e-01 2.2752342937312720e-01 5.2295018682124605e-01 2.5288601793243032e-01] | jacobian = 6.93136e+09
| >     momentum space  : k = [[-2.4750806697762702e-03, -7.4090354791046505e-04, 3.2460687432006698e-03]; [-4.1593637227325058e+02, -6.0397349941210585e+01, 4.1274542993210559e+02]]
| >   before clipping   : 6.01110e+02 at xs = [2.7368845941000280e-01 3.1530719491606096e-01 6.4109416656307787e-03 1.5188046984795639e-01 8.0969934780326347e-01 9.1973308817103216e-01]
| >     momentum space  : k = [[-6.0546650197931857e+00, 1.3917740859312447e+01, 7.5348644807625533e+02]; [3.2739029949271142e+01, -8.3147912655750446e+01, -3.4683116351085334e+02]]
| > Stability pipeline: float pairs accepted = 15970054, HP pairs attempted/accepted = 29946/29945
| > Stability triggers: float mismatch = 28962, float non-finite/error = 1
| > Higher-precision rejections: disagreement = 1, non-finite = 0, error = 0
| > Unstable rotational-check points rejected = 1
| > Rotational-check high-precision retries = 28963
| > Rotational-check high-precision salvaged = 28962
| > Large-weight high-precision retries = 983
| > Large-weight high-precision salvaged = 983
| > Large-weight high-precision rejected = 0
| > Large-weight samples zeroed = 0 (0.000e+00 of samples; removed signed/absolute sums = 0.00000e+00/0.00000e+00)
| > Non-finite final outputs zeroed = 0
| > Non-finite float rotated evaluations seen = 0
| > Example higher-precision-retried xs = [1.1737056346071351e-01 6.8210704234608166e-01 1.3637080159835113e-03 4.3066148777310964e-01 4.3356886191813082e-01 5.9829937939858402e-01] | float rel = 3.97127e-06
| >     momentum space  : k = [[-4.7144688033663129e-01, -1.0373028020352817e+00, 2.6595416256139868e+02]; [-1.3175423952853735e+03, 5.8427290965667441e+02, -4.5980225484447061e+02]]
| > Example large-weight higher-precision-retried xs = [2.4743214951097262e-01 1.9253954976410956e-02 7.5639735761422510e-03 1.1789330545539248e-01 5.8387763198916209e-01 8.8411195536692044e-01] | compiled = 4.30723e+02 | higher precision = 4.30723e+02
| >     momentum space  : k = [[1.5510067285466739e+01, 1.8855559947614091e+00, 6.5738203690586454e+02]; [-8.2265791044449472e+01, -4.7872044474115157e+01, -2.4977907995107381e+02]]
| > Example unstable xs = [3.9920422286985552e-01 4.6207242265265575e-01 2.1903351813005502e-09 8.0889503796212459e-02 7.6799941403647265e-01 7.5650221262021880e-02]
| >     momentum space  : k = [[-8.8860437550255776e-06, 2.1586154694590237e-06, 1.3289182050405120e+03]; [4.6766024140998237e+00, -4.1175141562071751e+01, 1.7106927440814647e+02]]
| > Example higher-precision rejection xs = [3.9920422286985552e-01 4.6207242265265575e-01 2.1903351813005502e-09 8.0889503796212459e-02 7.6799941403647265e-01 7.5650221262021880e-02] | reason = higher-precision original/rotated pair disagrees
| >     momentum space  : k = [[-8.8860437550255776e-06, 2.1586154694590237e-06, 1.3289182050405120e+03]; [4.6766024140998237e+00, -4.1175141562071751e+01, 1.7106927440814647e+02]]
| > [92mCentral value[0m : +4.9129554889713608e-08   +/- 4.09e-10     ([92m0.832%[0m)
[92mINFO[0m [94msymbolica_integrator l.6781[0m [96mt=2026-09-01,21:44:11.185[0m > | > Graph-channel Symbolica observer estimates:
| >   graph_0     : 1.3160040831785856e-09 +/- 9.81e-12 [17635 selected]
| >   graph_1     : 2.2809993697532493e-09 +/- 1.79e-11 [31348 selected]
| >   graph_2     : 2.2303904318039304e-08 +/- 1.19e-10 [172881 selected]
| >   graph_3     : 6.3163462567286668e-11 +/- 1.93e-12 [3485 selected]
| >   graph_4     : -3.1179955818395239e-09 +/- 1.93e-11 [31803 selected]
| >   graph_5     : 3.6035637189034375e-10 +/- 6.09e-12 [10522 selected]
| >   graph_6     : 7.3718386170259151e-08 +/- 2.99e-10 [356858 selected]
| >   graph_7     : -2.2674846541924755e-09 +/- 1.32e-11 [26256 selected]
| >   graph_8     : -4.7699448899104641e-08 +/- 2.49e-10 [298709 selected]
| >   graph_9     : 1.9570163378819231e-09 +/- 1.18e-11 [23299 selected]
| >   graph_10    : 2.1465391128110037e-10 +/- 1.29e-11 [27204 selected]
| >   sum         : 4.9129554889714303e-08
| >   total       : 4.9129554889713608e-08
| >   difference  : 6.9483171454454325e-22
[92mINFO[0m [94msymbolica_integrator l.6744[0m [96mt=2026-09-01,21:44:11.213[0m > Symbolica integration: starting iteration [92m17/100[0m using [94m1000000[0m points ...
[92mINFO[0m [94msymbolica_integrator l.6777[0m [96mt=2026-09-01,21:45:05.095[0m > ... result after this iteration:
| > Integration result after [92m17000000[0m evaluations in [92m23291.34 CPU-s[0m [94m(1370.1 µs / eval)[0m
| > Extremal weights:
| >   with jacobian    : 6.01110e+02 at xs = [2.7368845941000280e-01 3.1530719491606096e-01 6.4109416656307787e-03 1.5188046984795639e-01 8.0969934780326347e-01 9.1973308817103216e-01] | jacobian = 1.50367e+18
| >     momentum space  : k = [[-6.0546650197931857e+00, 1.3917740859312447e+01, 7.5348644807625533e+02]; [3.2739029949271142e+01, -8.3147912655750446e+01, -3.4683116351085334e+02]]
| >   without jacobian : 2.40198e-12 at xs = [2.0231025968725933e-01 9.6790326112182989e-01 5.2726321992148741e-08 7.9559640952997238e-02 1.6941796973682785e-01 8.2637307841992547e-01] | jacobian = 1.91044e+12
| >     momentum space  : k = [[8.2318831532790588e-05, -1.6830002498297399e-05, 5.0724047073224034e+02]; [4.3495248633942388e+01, 7.8436731936210407e+01, -1.4778672115385956e+02]]
| >   before clipping   : 6.01110e+02 at xs = [2.7368845941000280e-01 3.1530719491606096e-01 6.4109416656307787e-03 1.5188046984795639e-01 8.0969934780326347e-01 9.1973308817103216e-01]
| >     momentum space  : k = [[-6.0546650197931857e+00, 1.3917740859312447e+01, 7.5348644807625533e+02]; [3.2739029949271142e+01, -8.3147912655750446e+01, -3.4683116351085334e+02]]
| > Stability pipeline: float pairs accepted = 16968282, HP pairs attempted/accepted = 31718/31717
| > Stability triggers: float mismatch = 30662, float non-finite/error = 1
| > Higher-precision rejections: disagreement = 1, non-finite = 0, error = 0
| > Unstable rotational-check points rejected = 1
| > Rotational-check high-precision retries = 30663
| > Rotational-check high-precision salvaged = 30662
| > Large-weight high-precision retries = 1055
| > Large-weight high-precision salvaged = 1055
| > Large-weight high-precision rejected = 0
| > Large-weight samples zeroed = 0 (0.000e+00 of samples; removed signed/absolute sums = 0.00000e+00/0.00000e+00)
| > Non-finite final outputs zeroed = 0
| > Non-finite float rotated evaluations seen = 0
| > Example higher-precision-retried xs = [1.1737056346071351e-01 6.8210704234608166e-01 1.3637080159835113e-03 4.3066148777310964e-01 4.3356886191813082e-01 5.9829937939858402e-01] | float rel = 3.97127e-06
| >     momentum space  : k = [[-4.7144688033663129e-01, -1.0373028020352817e+00, 2.6595416256139868e+02]; [-1.3175423952853735e+03, 5.8427290965667441e+02, -4.5980225484447061e+02]]
| > Example large-weight higher-precision-retried xs = [2.4743214951097262e-01 1.9253954976410956e-02 7.5639735761422510e-03 1.1789330545539248e-01 5.8387763198916209e-01 8.8411195536692044e-01] | compiled = 4.30723e+02 | higher precision = 4.30723e+02
| >     momentum space  : k = [[1.5510067285466739e+01, 1.8855559947614091e+00, 6.5738203690586454e+02]; [-8.2265791044449472e+01, -4.7872044474115157e+01, -2.4977907995107381e+02]]
| > Example unstable xs = [3.9920422286985552e-01 4.6207242265265575e-01 2.1903351813005502e-09 8.0889503796212459e-02 7.6799941403647265e-01 7.5650221262021880e-02]
| >     momentum space  : k = [[-8.8860437550255776e-06, 2.1586154694590237e-06, 1.3289182050405120e+03]; [4.6766024140998237e+00, -4.1175141562071751e+01, 1.7106927440814647e+02]]
| > Example higher-precision rejection xs = [3.9920422286985552e-01 4.6207242265265575e-01 2.1903351813005502e-09 8.0889503796212459e-02 7.6799941403647265e-01 7.5650221262021880e-02] | reason = higher-precision original/rotated pair disagrees
| >     momentum space  : k = [[-8.8860437550255776e-06, 2.1586154694590237e-06, 1.3289182050405120e+03]; [4.6766024140998237e+00, -4.1175141562071751e+01, 1.7106927440814647e+02]]
| > [92mCentral value[0m : +4.9159907045699451e-08   +/- 3.85e-10     ([92m0.784%[0m)
[92mINFO[0m [94msymbolica_integrator l.6781[0m [96mt=2026-09-01,21:45:05.096[0m > | > Graph-channel Symbolica observer estimates:
| >   graph_0     : 1.3133861052324788e-09 +/- 9.36e-12 [17607 selected]
| >   graph_1     : 2.2839726105318587e-09 +/- 1.71e-11 [31297 selected]
| >   graph_2     : 2.2296118974238719e-08 +/- 1.12e-10 [173302 selected]
| >   graph_3     : 6.3407838413625057e-11 +/- 1.85e-12 [3557 selected]
| >   graph_4     : -3.1170179545896098e-09 +/- 1.85e-11 [31783 selected]
| >   graph_5     : 3.6139706573834562e-10 +/- 5.87e-12 [10535 selected]
| >   graph_6     : 7.3756371113429515e-08 +/- 2.81e-10 [356810 selected]
| >   graph_7     : -2.2686414971498439e-09 +/- 1.26e-11 [26223 selected]
| >   graph_8     : -4.7697555619453301e-08 +/- 2.35e-10 [298740 selected]
| >   graph_9     : 1.9554860387040871e-09 +/- 1.12e-11 [23022 selected]
| >   graph_10    : 2.1298237060427238e-10 +/- 1.23e-11 [27124 selected]
| >   sum         : 4.9159907045700146e-08
| >   total       : 4.9159907045699451e-08
| >   difference  : 6.9483171454454325e-22
[92mINFO[0m [94msymbolica_integrator l.6744[0m [96mt=2026-09-01,21:45:05.096[0m > Symbolica integration: starting iteration [92m18/100[0m using [94m1000000[0m points ...
[92mINFO[0m [94msymbolica_integrator l.6777[0m [96mt=2026-09-01,21:45:58.437[0m > ... result after this iteration:
| > Integration result after [92m18000000[0m evaluations in [92m24498.11 CPU-s[0m [94m(1361.0 µs / eval)[0m
| > Extremal weights:
| >   with jacobian    : 6.01110e+02 at xs = [2.7368845941000280e-01 3.1530719491606096e-01 6.4109416656307787e-03 1.5188046984795639e-01 8.0969934780326347e-01 9.1973308817103216e-01] | jacobian = 1.50367e+18
| >     momentum space  : k = [[-6.0546650197931857e+00, 1.3917740859312447e+01, 7.5348644807625533e+02]; [3.2739029949271142e+01, -8.3147912655750446e+01, -3.4683116351085334e+02]]
| >   without jacobian : 2.40198e-12 at xs = [2.0231025968725933e-01 9.6790326112182989e-01 5.2726321992148741e-08 7.9559640952997238e-02 1.6941796973682785e-01 8.2637307841992547e-01] | jacobian = 1.91044e+12
| >     momentum space  : k = [[8.2318831532790588e-05, -1.6830002498297399e-05, 5.0724047073224034e+02]; [4.3495248633942388e+01, 7.8436731936210407e+01, -1.4778672115385956e+02]]
| >   before clipping   : 6.01110e+02 at xs = [2.7368845941000280e-01 3.1530719491606096e-01 6.4109416656307787e-03 1.5188046984795639e-01 8.0969934780326347e-01 9.1973308817103216e-01]
| >     momentum space  : k = [[-6.0546650197931857e+00, 1.3917740859312447e+01, 7.5348644807625533e+02]; [3.2739029949271142e+01, -8.3147912655750446e+01, -3.4683116351085334e+02]]
| > Stability pipeline: float pairs accepted = 17966535, HP pairs attempted/accepted = 33465/33464
| > Stability triggers: float mismatch = 32336, float non-finite/error = 1
| > Higher-precision rejections: disagreement = 1, non-finite = 0, error = 0
| > Unstable rotational-check points rejected = 1
| > Rotational-check high-precision retries = 32337
| > Rotational-check high-precision salvaged = 32336
| > Large-weight high-precision retries = 1128
| > Large-weight high-precision salvaged = 1128
| > Large-weight high-precision rejected = 0
| > Large-weight samples zeroed = 0 (0.000e+00 of samples; removed signed/absolute sums = 0.00000e+00/0.00000e+00)
| > Non-finite final outputs zeroed = 0
| > Non-finite float rotated evaluations seen = 0
| > Example higher-precision-retried xs = [1.1737056346071351e-01 6.8210704234608166e-01 1.3637080159835113e-03 4.3066148777310964e-01 4.3356886191813082e-01 5.9829937939858402e-01] | float rel = 3.97127e-06
| >     momentum space  : k = [[-4.7144688033663129e-01, -1.0373028020352817e+00, 2.6595416256139868e+02]; [-1.3175423952853735e+03, 5.8427290965667441e+02, -4.5980225484447061e+02]]
| > Example large-weight higher-precision-retried xs = [2.4743214951097262e-01 1.9253954976410956e-02 7.5639735761422510e-03 1.1789330545539248e-01 5.8387763198916209e-01 8.8411195536692044e-01] | compiled = 4.30723e+02 | higher precision = 4.30723e+02
| >     momentum space  : k = [[1.5510067285466739e+01, 1.8855559947614091e+00, 6.5738203690586454e+02]; [-8.2265791044449472e+01, -4.7872044474115157e+01, -2.4977907995107381e+02]]
| > Example unstable xs = [3.9920422286985552e-01 4.6207242265265575e-01 2.1903351813005502e-09 8.0889503796212459e-02 7.6799941403647265e-01 7.5650221262021880e-02]
| >     momentum space  : k = [[-8.8860437550255776e-06, 2.1586154694590237e-06, 1.3289182050405120e+03]; [4.6766024140998237e+00, -4.1175141562071751e+01, 1.7106927440814647e+02]]
| > Example higher-precision rejection xs = [3.9920422286985552e-01 4.6207242265265575e-01 2.1903351813005502e-09 8.0889503796212459e-02 7.6799941403647265e-01 7.5650221262021880e-02] | reason = higher-precision original/rotated pair disagrees
| >     momentum space  : k = [[-8.8860437550255776e-06, 2.1586154694590237e-06, 1.3289182050405120e+03]; [4.6766024140998237e+00, -4.1175141562071751e+01, 1.7106927440814647e+02]]
| > [92mCentral value[0m : +4.9190908595317623e-08   +/- 3.65e-10     ([92m0.741%[0m)
[92mINFO[0m [94msymbolica_integrator l.6781[0m [96mt=2026-09-01,21:45:58.437[0m > | > Graph-channel Symbolica observer estimates:
| >   graph_0     : 1.3118488488395359e-09 +/- 8.96e-12 [17667 selected]
| >   graph_1     : 2.2863507298044299e-09 +/- 1.64e-11 [31622 selected]
| >   graph_2     : 2.2301562317849163e-08 +/- 1.06e-10 [172579 selected]
| >   graph_3     : 6.3321368527246172e-11 +/- 1.79e-12 [3555 selected]
| >   graph_4     : -3.1194292306899773e-09 +/- 1.78e-11 [31953 selected]
| >   graph_5     : 3.6202814758381264e-10 +/- 5.64e-12 [10696 selected]
| >   graph_6     : 7.3776093800152365e-08 +/- 2.66e-10 [357435 selected]
| >   graph_7     : -2.2711549366046557e-09 +/- 1.20e-11 [26235 selected]
| >   graph_8     : -4.7683893104503253e-08 +/- 2.22e-10 [298471 selected]
| >   graph_9     : 1.9532809399871106e-09 +/- 1.07e-11 [22834 selected]
| >   graph_10    : 2.1089971437256356e-10 +/- 1.17e-11 [26953 selected]
| >   sum         : 4.9190908595318337e-08
| >   total       : 4.9190908595317623e-08
| >   difference  : 7.1468404924581591e-22
[92mINFO[0m [94msymbolica_integrator l.6744[0m [96mt=2026-09-01,21:45:58.474[0m > Symbolica integration: starting iteration [92m19/100[0m using [94m1000000[0m points ...
[92mINFO[0m [94msymbolica_integrator l.6777[0m [96mt=2026-09-01,21:47:28.824[0m > ... result after this iteration:
| > Integration result after [92m19000000[0m evaluations in [92m26442.65 CPU-s[0m [94m(1391.7 µs / eval)[0m
| > Extremal weights:
| >   with jacobian    : 6.01110e+02 at xs = [2.7368845941000280e-01 3.1530719491606096e-01 6.4109416656307787e-03 1.5188046984795639e-01 8.0969934780326347e-01 9.1973308817103216e-01] | jacobian = 1.50367e+18
| >     momentum space  : k = [[-6.0546650197931857e+00, 1.3917740859312447e+01, 7.5348644807625533e+02]; [3.2739029949271142e+01, -8.3147912655750446e+01, -3.4683116351085334e+02]]
| >   without jacobian : 2.40198e-12 at xs = [2.0231025968725933e-01 9.6790326112182989e-01 5.2726321992148741e-08 7.9559640952997238e-02 1.6941796973682785e-01 8.2637307841992547e-01] | jacobian = 1.91044e+12
| >     momentum space  : k = [[8.2318831532790588e-05, -1.6830002498297399e-05, 5.0724047073224034e+02]; [4.3495248633942388e+01, 7.8436731936210407e+01, -1.4778672115385956e+02]]
| >   before clipping   : 6.01110e+02 at xs = [2.7368845941000280e-01 3.1530719491606096e-01 6.4109416656307787e-03 1.5188046984795639e-01 8.0969934780326347e-01 9.1973308817103216e-01]
| >     momentum space  : k = [[-6.0546650197931857e+00, 1.3917740859312447e+01, 7.5348644807625533e+02]; [3.2739029949271142e+01, -8.3147912655750446e+01, -3.4683116351085334e+02]]
| > Stability pipeline: float pairs accepted = 18964787, HP pairs attempted/accepted = 35213/35212
| > Stability triggers: float mismatch = 34017, float non-finite/error = 1
| > Higher-precision rejections: disagreement = 1, non-finite = 0, error = 0
| > Unstable rotational-check points rejected = 1
| > Rotational-check high-precision retries = 34018
| > Rotational-check high-precision salvaged = 34017
| > Large-weight high-precision retries = 1195
| > Large-weight high-precision salvaged = 1195
| > Large-weight high-precision rejected = 0
| > Large-weight samples zeroed = 0 (0.000e+00 of samples; removed signed/absolute sums = 0.00000e+00/0.00000e+00)
| > Non-finite final outputs zeroed = 0
| > Non-finite float rotated evaluations seen = 0
| > Example higher-precision-retried xs = [1.1737056346071351e-01 6.8210704234608166e-01 1.3637080159835113e-03 4.3066148777310964e-01 4.3356886191813082e-01 5.9829937939858402e-01] | float rel = 3.97127e-06
| >     momentum space  : k = [[-4.7144688033663129e-01, -1.0373028020352817e+00, 2.6595416256139868e+02]; [-1.3175423952853735e+03, 5.8427290965667441e+02, -4.5980225484447061e+02]]
| > Example large-weight higher-precision-retried xs = [2.4743214951097262e-01 1.9253954976410956e-02 7.5639735761422510e-03 1.1789330545539248e-01 5.8387763198916209e-01 8.8411195536692044e-01] | compiled = 4.30723e+02 | higher precision = 4.30723e+02
| >     momentum space  : k = [[1.5510067285466739e+01, 1.8855559947614091e+00, 6.5738203690586454e+02]; [-8.2265791044449472e+01, -4.7872044474115157e+01, -2.4977907995107381e+02]]
| > Example unstable xs = [3.9920422286985552e-01 4.6207242265265575e-01 2.1903351813005502e-09 8.0889503796212459e-02 7.6799941403647265e-01 7.5650221262021880e-02]
| >     momentum space  : k = [[-8.8860437550255776e-06, 2.1586154694590237e-06, 1.3289182050405120e+03]; [4.6766024140998237e+00, -4.1175141562071751e+01, 1.7106927440814647e+02]]
| > Example higher-precision rejection xs = [3.9920422286985552e-01 4.6207242265265575e-01 2.1903351813005502e-09 8.0889503796212459e-02 7.6799941403647265e-01 7.5650221262021880e-02] | reason = higher-precision original/rotated pair disagrees
| >     momentum space  : k = [[-8.8860437550255776e-06, 2.1586154694590237e-06, 1.3289182050405120e+03]; [4.6766024140998237e+00, -4.1175141562071751e+01, 1.7106927440814647e+02]]
| > [92mCentral value[0m : +4.9218310135894509e-08   +/- 3.46e-10     ([92m0.703%[0m)
[92mINFO[0m [94msymbolica_integrator l.6781[0m [96mt=2026-09-01,21:47:28.824[0m > | > Graph-channel Symbolica observer estimates:
| >   graph_0     : 1.3113713758028156e-09 +/- 8.60e-12 [17499 selected]
| >   graph_1     : 2.2836614981899969e-09 +/- 1.57e-11 [31046 selected]
| >   graph_2     : 2.2313634125158217e-08 +/- 1.01e-10 [172258 selected]
| >   graph_3     : 6.2957117648972322e-11 +/- 1.73e-12 [3639 selected]
| >   graph_4     : -3.1184428880596168e-09 +/- 1.71e-11 [31568 selected]
| >   graph_5     : 3.6187096342995140e-10 +/- 5.41e-12 [10627 selected]
| >   graph_6     : 7.3784677494594993e-08 +/- 2.52e-10 [358497 selected]
| >   graph_7     : -2.2717022390807703e-09 +/- 1.15e-11 [26024 selected]
| >   graph_8     : -4.7673140945108997e-08 +/- 2.11e-10 [299227 selected]
| >   graph_9     : 1.9550503061532980e-09 +/- 1.03e-11 [22835 selected]
| >   graph_10    : 2.0837332716628790e-10 +/- 1.13e-11 [26780 selected]
| >   sum         : 4.9218310135895151e-08
| >   total       : 4.9218310135894509e-08
| >   difference  : 6.4189215534114948e-22
[92mINFO[0m [94msymbolica_integrator l.6744[0m [96mt=2026-09-01,21:47:28.824[0m > Symbolica integration: starting iteration [92m20/100[0m using [94m1000000[0m points ...
[92mINFO[0m [94msymbolica_integrator l.6777[0m [96mt=2026-09-01,21:48:23.319[0m > ... result after this iteration:
| > Integration result after [92m20000000[0m evaluations in [92m27749.12 CPU-s[0m [94m(1387.5 µs / eval)[0m
| > Extremal weights:
| >   with jacobian    : 6.01110e+02 at xs = [2.7368845941000280e-01 3.1530719491606096e-01 6.4109416656307787e-03 1.5188046984795639e-01 8.0969934780326347e-01 9.1973308817103216e-01] | jacobian = 1.50367e+18
| >     momentum space  : k = [[-6.0546650197931857e+00, 1.3917740859312447e+01, 7.5348644807625533e+02]; [3.2739029949271142e+01, -8.3147912655750446e+01, -3.4683116351085334e+02]]
| >   without jacobian : 2.40198e-12 at xs = [2.0231025968725933e-01 9.6790326112182989e-01 5.2726321992148741e-08 7.9559640952997238e-02 1.6941796973682785e-01 8.2637307841992547e-01] | jacobian = 1.91044e+12
| >     momentum space  : k = [[8.2318831532790588e-05, -1.6830002498297399e-05, 5.0724047073224034e+02]; [4.3495248633942388e+01, 7.8436731936210407e+01, -1.4778672115385956e+02]]
| >   before clipping   : 6.01110e+02 at xs = [2.7368845941000280e-01 3.1530719491606096e-01 6.4109416656307787e-03 1.5188046984795639e-01 8.0969934780326347e-01 9.1973308817103216e-01]
| >     momentum space  : k = [[-6.0546650197931857e+00, 1.3917740859312447e+01, 7.5348644807625533e+02]; [3.2739029949271142e+01, -8.3147912655750446e+01, -3.4683116351085334e+02]]
| > Stability pipeline: float pairs accepted = 19962910, HP pairs attempted/accepted = 37090/37089
| > Stability triggers: float mismatch = 35832, float non-finite/error = 1
| > Higher-precision rejections: disagreement = 1, non-finite = 0, error = 0
| > Unstable rotational-check points rejected = 1
| > Rotational-check high-precision retries = 35833
| > Rotational-check high-precision salvaged = 35832
| > Large-weight high-precision retries = 1257
| > Large-weight high-precision salvaged = 1257
| > Large-weight high-precision rejected = 0
| > Large-weight samples zeroed = 0 (0.000e+00 of samples; removed signed/absolute sums = 0.00000e+00/0.00000e+00)
| > Non-finite final outputs zeroed = 0
| > Non-finite float rotated evaluations seen = 0
| > Example higher-precision-retried xs = [1.1737056346071351e-01 6.8210704234608166e-01 1.3637080159835113e-03 4.3066148777310964e-01 4.3356886191813082e-01 5.9829937939858402e-01] | float rel = 3.97127e-06
| >     momentum space  : k = [[-4.7144688033663129e-01, -1.0373028020352817e+00, 2.6595416256139868e+02]; [-1.3175423952853735e+03, 5.8427290965667441e+02, -4.5980225484447061e+02]]
| > Example large-weight higher-precision-retried xs = [2.4743214951097262e-01 1.9253954976410956e-02 7.5639735761422510e-03 1.1789330545539248e-01 5.8387763198916209e-01 8.8411195536692044e-01] | compiled = 4.30723e+02 | higher precision = 4.30723e+02
| >     momentum space  : k = [[1.5510067285466739e+01, 1.8855559947614091e+00, 6.5738203690586454e+02]; [-8.2265791044449472e+01, -4.7872044474115157e+01, -2.4977907995107381e+02]]
| > Example unstable xs = [3.9920422286985552e-01 4.6207242265265575e-01 2.1903351813005502e-09 8.0889503796212459e-02 7.6799941403647265e-01 7.5650221262021880e-02]
| >     momentum space  : k = [[-8.8860437550255776e-06, 2.1586154694590237e-06, 1.3289182050405120e+03]; [4.6766024140998237e+00, -4.1175141562071751e+01, 1.7106927440814647e+02]]
| > Example higher-precision rejection xs = [3.9920422286985552e-01 4.6207242265265575e-01 2.1903351813005502e-09 8.0889503796212459e-02 7.6799941403647265e-01 7.5650221262021880e-02] | reason = higher-precision original/rotated pair disagrees
| >     momentum space  : k = [[-8.8860437550255776e-06, 2.1586154694590237e-06, 1.3289182050405120e+03]; [4.6766024140998237e+00, -4.1175141562071751e+01, 1.7106927440814647e+02]]
| > [92mCentral value[0m : +4.9261948016905432e-08   +/- 3.29e-10     ([92m0.668%[0m)
[92mINFO[0m [94msymbolica_integrator l.6781[0m [96mt=2026-09-01,21:48:23.319[0m > | > Graph-channel Symbolica observer estimates:
| >   graph_0     : 1.3110532732946714e-09 +/- 8.49e-12 [17541 selected]
| >   graph_1     : 2.2865436188859571e-09 +/- 1.51e-11 [31387 selected]
| >   graph_2     : 2.2319719730256294e-08 +/- 9.59e-11 [173171 selected]
| >   graph_3     : 6.2995808735226872e-11 +/- 1.68e-12 [3569 selected]
| >   graph_4     : -3.1146402644422199e-09 +/- 1.66e-11 [31548 selected]
| >   graph_5     : 3.6097106073858782e-10 +/- 5.21e-12 [10585 selected]
| >   graph_6     : 7.3818865919834338e-08 +/- 2.40e-10 [359238 selected]
| >   graph_7     : -2.2716048274014044e-09 +/- 1.11e-11 [25457 selected]
| >   graph_8     : -4.7675255294721442e-08 +/- 2.00e-10 [297791 selected]
| >   graph_9     : 1.9565474926640253e-09 +/- 9.97e-12 [22702 selected]
| >   graph_10    : 2.0675149906210938e-10 +/- 1.08e-11 [27011 selected]
| >   sum         : 4.9261948016906147e-08
| >   total       : 4.9261948016905432e-08
| >   difference  : 7.1468404924581591e-22
[92mINFO[0m [94msymbolica_integrator l.6744[0m [96mt=2026-09-01,21:48:23.351[0m > Symbolica integration: starting iteration [92m21/100[0m using [94m1000000[0m points ...
[92mINFO[0m [94msymbolica_integrator l.6777[0m [96mt=2026-09-01,21:49:25.435[0m > ... result after this iteration:
| > Integration result after [92m21000000[0m evaluations in [92m29057.71 CPU-s[0m [94m(1383.7 µs / eval)[0m
| > Extremal weights:
| >   with jacobian    : 6.01110e+02 at xs = [2.7368845941000280e-01 3.1530719491606096e-01 6.4109416656307787e-03 1.5188046984795639e-01 8.0969934780326347e-01 9.1973308817103216e-01] | jacobian = 1.50367e+18
| >     momentum space  : k = [[-6.0546650197931857e+00, 1.3917740859312447e+01, 7.5348644807625533e+02]; [3.2739029949271142e+01, -8.3147912655750446e+01, -3.4683116351085334e+02]]
| >   without jacobian : 2.40198e-12 at xs = [2.0231025968725933e-01 9.6790326112182989e-01 5.2726321992148741e-08 7.9559640952997238e-02 1.6941796973682785e-01 8.2637307841992547e-01] | jacobian = 1.91044e+12
| >     momentum space  : k = [[8.2318831532790588e-05, -1.6830002498297399e-05, 5.0724047073224034e+02]; [4.3495248633942388e+01, 7.8436731936210407e+01, -1.4778672115385956e+02]]
| >   before clipping   : 6.01110e+02 at xs = [2.7368845941000280e-01 3.1530719491606096e-01 6.4109416656307787e-03 1.5188046984795639e-01 8.0969934780326347e-01 9.1973308817103216e-01]
| >     momentum space  : k = [[-6.0546650197931857e+00, 1.3917740859312447e+01, 7.5348644807625533e+02]; [3.2739029949271142e+01, -8.3147912655750446e+01, -3.4683116351085334e+02]]
| > Stability pipeline: float pairs accepted = 20961218, HP pairs attempted/accepted = 38782/38781
| > Stability triggers: float mismatch = 37426, float non-finite/error = 1
| > Higher-precision rejections: disagreement = 1, non-finite = 0, error = 0
| > Unstable rotational-check points rejected = 1
| > Rotational-check high-precision retries = 37427
| > Rotational-check high-precision salvaged = 37426
| > Large-weight high-precision retries = 1355
| > Large-weight high-precision salvaged = 1355
| > Large-weight high-precision rejected = 0
| > Large-weight samples zeroed = 0 (0.000e+00 of samples; removed signed/absolute sums = 0.00000e+00/0.00000e+00)
| > Non-finite final outputs zeroed = 0
| > Non-finite float rotated evaluations seen = 0
| > Example higher-precision-retried xs = [1.1737056346071351e-01 6.8210704234608166e-01 1.3637080159835113e-03 4.3066148777310964e-01 4.3356886191813082e-01 5.9829937939858402e-01] | float rel = 3.97127e-06
| >     momentum space  : k = [[-4.7144688033663129e-01, -1.0373028020352817e+00, 2.6595416256139868e+02]; [-1.3175423952853735e+03, 5.8427290965667441e+02, -4.5980225484447061e+02]]
| > Example large-weight higher-precision-retried xs = [2.4743214951097262e-01 1.9253954976410956e-02 7.5639735761422510e-03 1.1789330545539248e-01 5.8387763198916209e-01 8.8411195536692044e-01] | compiled = 4.30723e+02 | higher precision = 4.30723e+02
| >     momentum space  : k = [[1.5510067285466739e+01, 1.8855559947614091e+00, 6.5738203690586454e+02]; [-8.2265791044449472e+01, -4.7872044474115157e+01, -2.4977907995107381e+02]]
| > Example unstable xs = [3.9920422286985552e-01 4.6207242265265575e-01 2.1903351813005502e-09 8.0889503796212459e-02 7.6799941403647265e-01 7.5650221262021880e-02]
| >     momentum space  : k = [[-8.8860437550255776e-06, 2.1586154694590237e-06, 1.3289182050405120e+03]; [4.6766024140998237e+00, -4.1175141562071751e+01, 1.7106927440814647e+02]]
| > Example higher-precision rejection xs = [3.9920422286985552e-01 4.6207242265265575e-01 2.1903351813005502e-09 8.0889503796212459e-02 7.6799941403647265e-01 7.5650221262021880e-02] | reason = higher-precision original/rotated pair disagrees
| >     momentum space  : k = [[-8.8860437550255776e-06, 2.1586154694590237e-06, 1.3289182050405120e+03]; [4.6766024140998237e+00, -4.1175141562071751e+01, 1.7106927440814647e+02]]
| > [92mCentral value[0m : +4.9303056963453218e-08   +/- 3.14e-10     ([92m0.637%[0m)
[92mINFO[0m [94msymbolica_integrator l.6781[0m [96mt=2026-09-01,21:49:25.436[0m > | > Graph-channel Symbolica observer estimates:
| >   graph_0     : 1.3108152692480387e-09 +/- 8.20e-12 [17511 selected]
| >   graph_1     : 2.2823573474662121e-09 +/- 1.46e-11 [31199 selected]
| >   graph_2     : 2.2323246098087255e-08 +/- 9.16e-11 [171662 selected]
| >   graph_3     : 6.2644977176328476e-11 +/- 1.62e-12 [3619 selected]
| >   graph_4     : -3.1078973120661927e-09 +/- 1.60e-11 [31778 selected]
| >   graph_5     : 3.6341783518374442e-10 +/- 5.06e-12 [10660 selected]
| >   graph_6     : 7.3848035519426526e-08 +/- 2.29e-10 [360911 selected]
| >   graph_7     : -2.2731715869671077e-09 +/- 1.07e-11 [25693 selected]
| >   graph_8     : -4.7672891784475046e-08 +/- 1.91e-10 [297311 selected]
| >   graph_9     : 1.9610909705850536e-09 +/- 9.65e-12 [22770 selected]
| >   graph_10    : 2.0540962978908967e-10 +/- 1.04e-11 [26886 selected]
| >   sum         : 4.9303056963453900e-08
| >   total       : 4.9303056963453218e-08
| >   difference  : 6.8159682474369480e-22
[92mINFO[0m [94msymbolica_integrator l.6744[0m [96mt=2026-09-01,21:49:25.436[0m > Symbolica integration: starting iteration [92m22/100[0m using [94m1000000[0m points ...
[92mINFO[0m [94msymbolica_integrator l.6777[0m [96mt=2026-09-01,21:50:19.804[0m > ... result after this iteration:
| > Integration result after [92m22000000[0m evaluations in [92m30355.64 CPU-s[0m [94m(1379.8 µs / eval)[0m
| > Extremal weights:
| >   with jacobian    : 6.01110e+02 at xs = [2.7368845941000280e-01 3.1530719491606096e-01 6.4109416656307787e-03 1.5188046984795639e-01 8.0969934780326347e-01 9.1973308817103216e-01] | jacobian = 1.50367e+18
| >     momentum space  : k = [[-6.0546650197931857e+00, 1.3917740859312447e+01, 7.5348644807625533e+02]; [3.2739029949271142e+01, -8.3147912655750446e+01, -3.4683116351085334e+02]]
| >   without jacobian : 2.40198e-12 at xs = [2.0231025968725933e-01 9.6790326112182989e-01 5.2726321992148741e-08 7.9559640952997238e-02 1.6941796973682785e-01 8.2637307841992547e-01] | jacobian = 1.91044e+12
| >     momentum space  : k = [[8.2318831532790588e-05, -1.6830002498297399e-05, 5.0724047073224034e+02]; [4.3495248633942388e+01, 7.8436731936210407e+01, -1.4778672115385956e+02]]
| >   before clipping   : 6.01110e+02 at xs = [2.7368845941000280e-01 3.1530719491606096e-01 6.4109416656307787e-03 1.5188046984795639e-01 8.0969934780326347e-01 9.1973308817103216e-01]
| >     momentum space  : k = [[-6.0546650197931857e+00, 1.3917740859312447e+01, 7.5348644807625533e+02]; [3.2739029949271142e+01, -8.3147912655750446e+01, -3.4683116351085334e+02]]
| > Stability pipeline: float pairs accepted = 21959553, HP pairs attempted/accepted = 40447/40446
| > Stability triggers: float mismatch = 39012, float non-finite/error = 1
| > Higher-precision rejections: disagreement = 1, non-finite = 0, error = 0
| > Unstable rotational-check points rejected = 1
| > Rotational-check high-precision retries = 39013
| > Rotational-check high-precision salvaged = 39012
| > Large-weight high-precision retries = 1434
| > Large-weight high-precision salvaged = 1434
| > Large-weight high-precision rejected = 0
| > Large-weight samples zeroed = 0 (0.000e+00 of samples; removed signed/absolute sums = 0.00000e+00/0.00000e+00)
| > Non-finite final outputs zeroed = 0
| > Non-finite float rotated evaluations seen = 0
| > Example higher-precision-retried xs = [1.1737056346071351e-01 6.8210704234608166e-01 1.3637080159835113e-03 4.3066148777310964e-01 4.3356886191813082e-01 5.9829937939858402e-01] | float rel = 3.97127e-06
| >     momentum space  : k = [[-4.7144688033663129e-01, -1.0373028020352817e+00, 2.6595416256139868e+02]; [-1.3175423952853735e+03, 5.8427290965667441e+02, -4.5980225484447061e+02]]
| > Example large-weight higher-precision-retried xs = [2.4743214951097262e-01 1.9253954976410956e-02 7.5639735761422510e-03 1.1789330545539248e-01 5.8387763198916209e-01 8.8411195536692044e-01] | compiled = 4.30723e+02 | higher precision = 4.30723e+02
| >     momentum space  : k = [[1.5510067285466739e+01, 1.8855559947614091e+00, 6.5738203690586454e+02]; [-8.2265791044449472e+01, -4.7872044474115157e+01, -2.4977907995107381e+02]]
| > Example unstable xs = [3.9920422286985552e-01 4.6207242265265575e-01 2.1903351813005502e-09 8.0889503796212459e-02 7.6799941403647265e-01 7.5650221262021880e-02]
| >     momentum space  : k = [[-8.8860437550255776e-06, 2.1586154694590237e-06, 1.3289182050405120e+03]; [4.6766024140998237e+00, -4.1175141562071751e+01, 1.7106927440814647e+02]]
| > Example higher-precision rejection xs = [3.9920422286985552e-01 4.6207242265265575e-01 2.1903351813005502e-09 8.0889503796212459e-02 7.6799941403647265e-01 7.5650221262021880e-02] | reason = higher-precision original/rotated pair disagrees
| >     momentum space  : k = [[-8.8860437550255776e-06, 2.1586154694590237e-06, 1.3289182050405120e+03]; [4.6766024140998237e+00, -4.1175141562071751e+01, 1.7106927440814647e+02]]
| > [92mCentral value[0m : +4.9342402946181047e-08   +/- 3.00e-10     ([92m0.608%[0m)
[92mINFO[0m [94msymbolica_integrator l.6781[0m [96mt=2026-09-01,21:50:19.805[0m > | > Graph-channel Symbolica observer estimates:
| >   graph_0     : 1.3111092630127608e-09 +/- 7.94e-12 [17589 selected]
| >   graph_1     : 2.2828373541351159e-09 +/- 1.41e-11 [31240 selected]
| >   graph_2     : 2.2329456291502039e-08 +/- 8.76e-11 [171736 selected]
| >   graph_3     : 6.2754609013611252e-11 +/- 1.57e-12 [3639 selected]
| >   graph_4     : -3.1052434555805146e-09 +/- 1.55e-11 [31281 selected]
| >   graph_5     : 3.6363638374688297e-10 +/- 4.91e-12 [10610 selected]
| >   graph_6     : 7.3874754345063302e-08 +/- 2.19e-10 [361184 selected]
| >   graph_7     : -2.2747768431261755e-09 +/- 1.04e-11 [25710 selected]
| >   graph_8     : -4.7670202647703768e-08 +/- 1.83e-10 [297244 selected]
| >   graph_9     : 1.9609437829149211e-09 +/- 9.34e-12 [22891 selected]
| >   graph_10    : 2.0713386320352761e-10 +/- 1.01e-11 [26876 selected]
| >   sum         : 4.9342402946181702e-08
| >   total       : 4.9342402946181047e-08
| >   difference  : 6.5512704514199792e-22
[92mINFO[0m [94msymbolica_integrator l.6744[0m [96mt=2026-09-01,21:50:19.805[0m > Symbolica integration: starting iteration [92m23/100[0m using [94m1000000[0m points ...
[92mINFO[0m [94msymbolica_integrator l.6777[0m [96mt=2026-09-01,21:51:14.419[0m > ... result after this iteration:
| > Integration result after [92m23000000[0m evaluations in [92m31660.19 CPU-s[0m [94m(1376.5 µs / eval)[0m
| > Extremal weights:
| >   with jacobian    : 6.01110e+02 at xs = [2.7368845941000280e-01 3.1530719491606096e-01 6.4109416656307787e-03 1.5188046984795639e-01 8.0969934780326347e-01 9.1973308817103216e-01] | jacobian = 1.50367e+18
| >     momentum space  : k = [[-6.0546650197931857e+00, 1.3917740859312447e+01, 7.5348644807625533e+02]; [3.2739029949271142e+01, -8.3147912655750446e+01, -3.4683116351085334e+02]]
| >   without jacobian : 2.40198e-12 at xs = [2.0231025968725933e-01 9.6790326112182989e-01 5.2726321992148741e-08 7.9559640952997238e-02 1.6941796973682785e-01 8.2637307841992547e-01] | jacobian = 1.91044e+12
| >     momentum space  : k = [[8.2318831532790588e-05, -1.6830002498297399e-05, 5.0724047073224034e+02]; [4.3495248633942388e+01, 7.8436731936210407e+01, -1.4778672115385956e+02]]
| >   before clipping   : 6.01110e+02 at xs = [2.7368845941000280e-01 3.1530719491606096e-01 6.4109416656307787e-03 1.5188046984795639e-01 8.0969934780326347e-01 9.1973308817103216e-01]
| >     momentum space  : k = [[-6.0546650197931857e+00, 1.3917740859312447e+01, 7.5348644807625533e+02]; [3.2739029949271142e+01, -8.3147912655750446e+01, -3.4683116351085334e+02]]
| > Stability pipeline: float pairs accepted = 22957790, HP pairs attempted/accepted = 42210/42209
| > Stability triggers: float mismatch = 40711, float non-finite/error = 1
| > Higher-precision rejections: disagreement = 1, non-finite = 0, error = 0
| > Unstable rotational-check points rejected = 1
| > Rotational-check high-precision retries = 40712
| > Rotational-check high-precision salvaged = 40711
| > Large-weight high-precision retries = 1498
| > Large-weight high-precision salvaged = 1498
| > Large-weight high-precision rejected = 0
| > Large-weight samples zeroed = 0 (0.000e+00 of samples; removed signed/absolute sums = 0.00000e+00/0.00000e+00)
| > Non-finite final outputs zeroed = 0
| > Non-finite float rotated evaluations seen = 0
| > Example higher-precision-retried xs = [1.1737056346071351e-01 6.8210704234608166e-01 1.3637080159835113e-03 4.3066148777310964e-01 4.3356886191813082e-01 5.9829937939858402e-01] | float rel = 3.97127e-06
| >     momentum space  : k = [[-4.7144688033663129e-01, -1.0373028020352817e+00, 2.6595416256139868e+02]; [-1.3175423952853735e+03, 5.8427290965667441e+02, -4.5980225484447061e+02]]
| > Example large-weight higher-precision-retried xs = [2.4743214951097262e-01 1.9253954976410956e-02 7.5639735761422510e-03 1.1789330545539248e-01 5.8387763198916209e-01 8.8411195536692044e-01] | compiled = 4.30723e+02 | higher precision = 4.30723e+02
| >     momentum space  : k = [[1.5510067285466739e+01, 1.8855559947614091e+00, 6.5738203690586454e+02]; [-8.2265791044449472e+01, -4.7872044474115157e+01, -2.4977907995107381e+02]]
| > Example unstable xs = [3.9920422286985552e-01 4.6207242265265575e-01 2.1903351813005502e-09 8.0889503796212459e-02 7.6799941403647265e-01 7.5650221262021880e-02]
| >     momentum space  : k = [[-8.8860437550255776e-06, 2.1586154694590237e-06, 1.3289182050405120e+03]; [4.6766024140998237e+00, -4.1175141562071751e+01, 1.7106927440814647e+02]]
| > Example higher-precision rejection xs = [3.9920422286985552e-01 4.6207242265265575e-01 2.1903351813005502e-09 8.0889503796212459e-02 7.6799941403647265e-01 7.5650221262021880e-02] | reason = higher-precision original/rotated pair disagrees
| >     momentum space  : k = [[-8.8860437550255776e-06, 2.1586154694590237e-06, 1.3289182050405120e+03]; [4.6766024140998237e+00, -4.1175141562071751e+01, 1.7106927440814647e+02]]
| > [92mCentral value[0m : +4.9346463708941592e-08   +/- 2.87e-10     ([92m0.582%[0m)
[92mINFO[0m [94msymbolica_integrator l.6781[0m [96mt=2026-09-01,21:51:14.454[0m > | > Graph-channel Symbolica observer estimates:
| >   graph_0     : 1.3115872675752690e-09 +/- 7.70e-12 [17447 selected]
| >   graph_1     : 2.2852253609077893e-09 +/- 1.36e-11 [31264 selected]
| >   graph_2     : 2.2340174439198084e-08 +/- 8.40e-11 [171277 selected]
| >   graph_3     : 6.2922500332727375e-11 +/- 1.54e-12 [3564 selected]
| >   graph_4     : -3.1055037606708624e-09 +/- 1.50e-11 [32193 selected]
| >   graph_5     : 3.6295128665293037e-10 +/- 4.75e-12 [10405 selected]
| >   graph_6     : 7.3871833217665952e-08 +/- 2.10e-10 [360357 selected]
| >   graph_7     : -2.2776986083256375e-09 +/- 1.00e-11 [25439 selected]
| >   graph_8     : -4.7681036753512635e-08 +/- 1.75e-10 [298375 selected]
| >   graph_9     : 1.9641042492034412e-09 +/- 9.05e-12 [22859 selected]
| >   graph_10    : 2.1190450991514786e-10 +/- 1.06e-11 [26820 selected]
| >   sum         : 4.9346463708942207e-08
| >   total       : 4.9346463708941592e-08
| >   difference  : 6.1542237573945259e-22
[92mINFO[0m [94msymbolica_integrator l.6744[0m [96mt=2026-09-01,21:51:14.476[0m > Symbolica integration: starting iteration [92m24/100[0m using [94m1000000[0m points ...
[92mINFO[0m [94msymbolica_integrator l.6777[0m [96mt=2026-09-01,21:52:01.765[0m > ... result after this iteration:
| > Integration result after [92m24000000[0m evaluations in [92m32791.66 CPU-s[0m [94m(1366.3 µs / eval)[0m
| > Extremal weights:
| >   with jacobian    : 6.01110e+02 at xs = [2.7368845941000280e-01 3.1530719491606096e-01 6.4109416656307787e-03 1.5188046984795639e-01 8.0969934780326347e-01 9.1973308817103216e-01] | jacobian = 1.50367e+18
| >     momentum space  : k = [[-6.0546650197931857e+00, 1.3917740859312447e+01, 7.5348644807625533e+02]; [3.2739029949271142e+01, -8.3147912655750446e+01, -3.4683116351085334e+02]]
| >   without jacobian : 2.40198e-12 at xs = [2.0231025968725933e-01 9.6790326112182989e-01 5.2726321992148741e-08 7.9559640952997238e-02 1.6941796973682785e-01 8.2637307841992547e-01] | jacobian = 1.91044e+12
| >     momentum space  : k = [[8.2318831532790588e-05, -1.6830002498297399e-05, 5.0724047073224034e+02]; [4.3495248633942388e+01, 7.8436731936210407e+01, -1.4778672115385956e+02]]
| >   before clipping   : 6.01110e+02 at xs = [2.7368845941000280e-01 3.1530719491606096e-01 6.4109416656307787e-03 1.5188046984795639e-01 8.0969934780326347e-01 9.1973308817103216e-01]
| >     momentum space  : k = [[-6.0546650197931857e+00, 1.3917740859312447e+01, 7.5348644807625533e+02]; [3.2739029949271142e+01, -8.3147912655750446e+01, -3.4683116351085334e+02]]
| > Stability pipeline: float pairs accepted = 23956113, HP pairs attempted/accepted = 43887/43886
| > Stability triggers: float mismatch = 42296, float non-finite/error = 1
| > Higher-precision rejections: disagreement = 1, non-finite = 0, error = 0
| > Unstable rotational-check points rejected = 1
| > Rotational-check high-precision retries = 42297
| > Rotational-check high-precision salvaged = 42296
| > Large-weight high-precision retries = 1590
| > Large-weight high-precision salvaged = 1590
| > Large-weight high-precision rejected = 0
| > Large-weight samples zeroed = 0 (0.000e+00 of samples; removed signed/absolute sums = 0.00000e+00/0.00000e+00)
| > Non-finite final outputs zeroed = 0
| > Non-finite float rotated evaluations seen = 0
| > Example higher-precision-retried xs = [1.1737056346071351e-01 6.8210704234608166e-01 1.3637080159835113e-03 4.3066148777310964e-01 4.3356886191813082e-01 5.9829937939858402e-01] | float rel = 3.97127e-06
| >     momentum space  : k = [[-4.7144688033663129e-01, -1.0373028020352817e+00, 2.6595416256139868e+02]; [-1.3175423952853735e+03, 5.8427290965667441e+02, -4.5980225484447061e+02]]
| > Example large-weight higher-precision-retried xs = [2.4743214951097262e-01 1.9253954976410956e-02 7.5639735761422510e-03 1.1789330545539248e-01 5.8387763198916209e-01 8.8411195536692044e-01] | compiled = 4.30723e+02 | higher precision = 4.30723e+02
| >     momentum space  : k = [[1.5510067285466739e+01, 1.8855559947614091e+00, 6.5738203690586454e+02]; [-8.2265791044449472e+01, -4.7872044474115157e+01, -2.4977907995107381e+02]]
| > Example unstable xs = [3.9920422286985552e-01 4.6207242265265575e-01 2.1903351813005502e-09 8.0889503796212459e-02 7.6799941403647265e-01 7.5650221262021880e-02]
| >     momentum space  : k = [[-8.8860437550255776e-06, 2.1586154694590237e-06, 1.3289182050405120e+03]; [4.6766024140998237e+00, -4.1175141562071751e+01, 1.7106927440814647e+02]]
| > Example higher-precision rejection xs = [3.9920422286985552e-01 4.6207242265265575e-01 2.1903351813005502e-09 8.0889503796212459e-02 7.6799941403647265e-01 7.5650221262021880e-02] | reason = higher-precision original/rotated pair disagrees
| >     momentum space  : k = [[-8.8860437550255776e-06, 2.1586154694590237e-06, 1.3289182050405120e+03]; [4.6766024140998237e+00, -4.1175141562071751e+01, 1.7106927440814647e+02]]
| > [92mCentral value[0m : +4.9383408451907328e-08   +/- 2.76e-10     ([92m0.559%[0m)
[92mINFO[0m [94msymbolica_integrator l.6781[0m [96mt=2026-09-01,21:52:01.766[0m > | > Graph-channel Symbolica observer estimates:
| >   graph_0     : 1.3122185308289552e-09 +/- 7.46e-12 [17630 selected]
| >   graph_1     : 2.2902899796005568e-09 +/- 1.32e-11 [31154 selected]
| >   graph_2     : 2.2348957201560943e-08 +/- 8.07e-11 [171585 selected]
| >   graph_3     : 6.2711428159939358e-11 +/- 1.50e-12 [3660 selected]
| >   graph_4     : -3.1051177553397638e-09 +/- 1.45e-11 [31875 selected]
| >   graph_5     : 3.6272600698345745e-10 +/- 4.63e-12 [10571 selected]
| >   graph_6     : 7.3886910593572270e-08 +/- 2.01e-10 [362091 selected]
| >   graph_7     : -2.2791626428635524e-09 +/- 9.75e-12 [25385 selected]
| >   graph_8     : -4.7671697251190384e-08 +/- 1.68e-10 [296260 selected]
| >   graph_9     : 1.9637248688074420e-09 +/- 8.78e-12 [22600 selected]
| >   graph_10    : 2.1184749178805122e-10 +/- 1.02e-11 [27189 selected]
| >   sum         : 4.9383408451907917e-08
| >   total       : 4.9383408451907328e-08
| >   difference  : 5.8895259613775570e-22
[92mINFO[0m [94msymbolica_integrator l.6744[0m [96mt=2026-09-01,21:52:01.797[0m > Symbolica integration: starting iteration [92m25/100[0m using [94m1000000[0m points ...
[92mINFO[0m [94msymbolica_integrator l.6777[0m [96mt=2026-09-01,21:52:56.716[0m > ... result after this iteration:
| > Integration result after [92m25000000[0m evaluations in [92m33997.58 CPU-s[0m [94m(1359.9 µs / eval)[0m
| > Extremal weights:
| >   with jacobian    : 6.01110e+02 at xs = [2.7368845941000280e-01 3.1530719491606096e-01 6.4109416656307787e-03 1.5188046984795639e-01 8.0969934780326347e-01 9.1973308817103216e-01] | jacobian = 1.50367e+18
| >     momentum space  : k = [[-6.0546650197931857e+00, 1.3917740859312447e+01, 7.5348644807625533e+02]; [3.2739029949271142e+01, -8.3147912655750446e+01, -3.4683116351085334e+02]]
| >   without jacobian : 2.40198e-12 at xs = [2.0231025968725933e-01 9.6790326112182989e-01 5.2726321992148741e-08 7.9559640952997238e-02 1.6941796973682785e-01 8.2637307841992547e-01] | jacobian = 1.91044e+12
| >     momentum space  : k = [[8.2318831532790588e-05, -1.6830002498297399e-05, 5.0724047073224034e+02]; [4.3495248633942388e+01, 7.8436731936210407e+01, -1.4778672115385956e+02]]
| >   before clipping   : 6.01110e+02 at xs = [2.7368845941000280e-01 3.1530719491606096e-01 6.4109416656307787e-03 1.5188046984795639e-01 8.0969934780326347e-01 9.1973308817103216e-01]
| >     momentum space  : k = [[-6.0546650197931857e+00, 1.3917740859312447e+01, 7.5348644807625533e+02]; [3.2739029949271142e+01, -8.3147912655750446e+01, -3.4683116351085334e+02]]
| > Stability pipeline: float pairs accepted = 24954391, HP pairs attempted/accepted = 45609/45608
| > Stability triggers: float mismatch = 43935, float non-finite/error = 1
| > Higher-precision rejections: disagreement = 1, non-finite = 0, error = 0
| > Unstable rotational-check points rejected = 1
| > Rotational-check high-precision retries = 43936
| > Rotational-check high-precision salvaged = 43935
| > Large-weight high-precision retries = 1673
| > Large-weight high-precision salvaged = 1673
| > Large-weight high-precision rejected = 0
| > Large-weight samples zeroed = 0 (0.000e+00 of samples; removed signed/absolute sums = 0.00000e+00/0.00000e+00)
| > Non-finite final outputs zeroed = 0
| > Non-finite float rotated evaluations seen = 0
| > Example higher-precision-retried xs = [1.1737056346071351e-01 6.8210704234608166e-01 1.3637080159835113e-03 4.3066148777310964e-01 4.3356886191813082e-01 5.9829937939858402e-01] | float rel = 3.97127e-06
| >     momentum space  : k = [[-4.7144688033663129e-01, -1.0373028020352817e+00, 2.6595416256139868e+02]; [-1.3175423952853735e+03, 5.8427290965667441e+02, -4.5980225484447061e+02]]
| > Example large-weight higher-precision-retried xs = [2.4743214951097262e-01 1.9253954976410956e-02 7.5639735761422510e-03 1.1789330545539248e-01 5.8387763198916209e-01 8.8411195536692044e-01] | compiled = 4.30723e+02 | higher precision = 4.30723e+02
| >     momentum space  : k = [[1.5510067285466739e+01, 1.8855559947614091e+00, 6.5738203690586454e+02]; [-8.2265791044449472e+01, -4.7872044474115157e+01, -2.4977907995107381e+02]]
| > Example unstable xs = [3.9920422286985552e-01 4.6207242265265575e-01 2.1903351813005502e-09 8.0889503796212459e-02 7.6799941403647265e-01 7.5650221262021880e-02]
| >     momentum space  : k = [[-8.8860437550255776e-06, 2.1586154694590237e-06, 1.3289182050405120e+03]; [4.6766024140998237e+00, -4.1175141562071751e+01, 1.7106927440814647e+02]]
| > Example higher-precision rejection xs = [3.9920422286985552e-01 4.6207242265265575e-01 2.1903351813005502e-09 8.0889503796212459e-02 7.6799941403647265e-01 7.5650221262021880e-02] | reason = higher-precision original/rotated pair disagrees
| >     momentum space  : k = [[-8.8860437550255776e-06, 2.1586154694590237e-06, 1.3289182050405120e+03]; [4.6766024140998237e+00, -4.1175141562071751e+01, 1.7106927440814647e+02]]
| > [92mCentral value[0m : +4.9424816623596735e-08   +/- 2.65e-10     ([92m0.537%[0m)
[92mINFO[0m [94msymbolica_integrator l.6781[0m [96mt=2026-09-01,21:52:56.716[0m > | > Graph-channel Symbolica observer estimates:
| >   graph_0     : 1.3128657944902638e-09 +/- 7.29e-12 [17571 selected]
| >   graph_1     : 2.2898723177298360e-09 +/- 1.29e-11 [30946 selected]
| >   graph_2     : 2.2346652621179678e-08 +/- 7.76e-11 [171547 selected]
| >   graph_3     : 6.2572383296569333e-11 +/- 1.46e-12 [3595 selected]
| >   graph_4     : -3.1044756053953805e-09 +/- 1.41e-11 [31863 selected]
| >   graph_5     : 3.6443393833432468e-10 +/- 4.65e-12 [10596 selected]
| >   graph_6     : 7.3916421272723715e-08 +/- 1.93e-10 [362973 selected]
| >   graph_7     : -2.2792575817395007e-09 +/- 9.46e-12 [25525 selected]
| >   graph_8     : -4.7661070174801436e-08 +/- 1.61e-10 [295508 selected]
| >   graph_9     : 1.9656255254608746e-09 +/- 8.53e-12 [22897 selected]
| >   graph_10    : 2.1117613231830947e-10 +/- 9.93e-12 [26979 selected]
| >   sum         : 4.9424816623597251e-08
| >   total       : 4.9424816623596735e-08
| >   difference  : 5.1616070223308927e-22
[92mINFO[0m [94msymbolica_integrator l.6744[0m [96mt=2026-09-01,21:52:56.717[0m > Symbolica integration: starting iteration [92m26/100[0m using [94m1000000[0m points ...
[92mINFO[0m [94msymbolica_integrator l.6777[0m [96mt=2026-09-01,21:54:41.190[0m > ... result after this iteration:
| > Integration result after [92m26000000[0m evaluations in [92m36507.49 CPU-s[0m [94m(1404.1 µs / eval)[0m
| > Extremal weights:
| >   with jacobian    : 6.01110e+02 at xs = [2.7368845941000280e-01 3.1530719491606096e-01 6.4109416656307787e-03 1.5188046984795639e-01 8.0969934780326347e-01 9.1973308817103216e-01] | jacobian = 1.50367e+18
| >     momentum space  : k = [[-6.0546650197931857e+00, 1.3917740859312447e+01, 7.5348644807625533e+02]; [3.2739029949271142e+01, -8.3147912655750446e+01, -3.4683116351085334e+02]]
| >   without jacobian : 2.40198e-12 at xs = [2.0231025968725933e-01 9.6790326112182989e-01 5.2726321992148741e-08 7.9559640952997238e-02 1.6941796973682785e-01 8.2637307841992547e-01] | jacobian = 1.91044e+12
| >     momentum space  : k = [[8.2318831532790588e-05, -1.6830002498297399e-05, 5.0724047073224034e+02]; [4.3495248633942388e+01, 7.8436731936210407e+01, -1.4778672115385956e+02]]
| >   before clipping   : 6.01110e+02 at xs = [2.7368845941000280e-01 3.1530719491606096e-01 6.4109416656307787e-03 1.5188046984795639e-01 8.0969934780326347e-01 9.1973308817103216e-01]
| >     momentum space  : k = [[-6.0546650197931857e+00, 1.3917740859312447e+01, 7.5348644807625533e+02]; [3.2739029949271142e+01, -8.3147912655750446e+01, -3.4683116351085334e+02]]
| > Stability pipeline: float pairs accepted = 25952658, HP pairs attempted/accepted = 47342/47341
| > Stability triggers: float mismatch = 45578, float non-finite/error = 1
| > Higher-precision rejections: disagreement = 1, non-finite = 0, error = 0
| > Unstable rotational-check points rejected = 1
| > Rotational-check high-precision retries = 45579
| > Rotational-check high-precision salvaged = 45578
| > Large-weight high-precision retries = 1763
| > Large-weight high-precision salvaged = 1763
| > Large-weight high-precision rejected = 0
| > Large-weight samples zeroed = 0 (0.000e+00 of samples; removed signed/absolute sums = 0.00000e+00/0.00000e+00)
| > Non-finite final outputs zeroed = 0
| > Non-finite float rotated evaluations seen = 0
| > Example higher-precision-retried xs = [1.1737056346071351e-01 6.8210704234608166e-01 1.3637080159835113e-03 4.3066148777310964e-01 4.3356886191813082e-01 5.9829937939858402e-01] | float rel = 3.97127e-06
| >     momentum space  : k = [[-4.7144688033663129e-01, -1.0373028020352817e+00, 2.6595416256139868e+02]; [-1.3175423952853735e+03, 5.8427290965667441e+02, -4.5980225484447061e+02]]
| > Example large-weight higher-precision-retried xs = [2.4743214951097262e-01 1.9253954976410956e-02 7.5639735761422510e-03 1.1789330545539248e-01 5.8387763198916209e-01 8.8411195536692044e-01] | compiled = 4.30723e+02 | higher precision = 4.30723e+02
| >     momentum space  : k = [[1.5510067285466739e+01, 1.8855559947614091e+00, 6.5738203690586454e+02]; [-8.2265791044449472e+01, -4.7872044474115157e+01, -2.4977907995107381e+02]]
| > Example unstable xs = [3.9920422286985552e-01 4.6207242265265575e-01 2.1903351813005502e-09 8.0889503796212459e-02 7.6799941403647265e-01 7.5650221262021880e-02]
| >     momentum space  : k = [[-8.8860437550255776e-06, 2.1586154694590237e-06, 1.3289182050405120e+03]; [4.6766024140998237e+00, -4.1175141562071751e+01, 1.7106927440814647e+02]]
| > Example higher-precision rejection xs = [3.9920422286985552e-01 4.6207242265265575e-01 2.1903351813005502e-09 8.0889503796212459e-02 7.6799941403647265e-01 7.5650221262021880e-02] | reason = higher-precision original/rotated pair disagrees
| >     momentum space  : k = [[-8.8860437550255776e-06, 2.1586154694590237e-06, 1.3289182050405120e+03]; [4.6766024140998237e+00, -4.1175141562071751e+01, 1.7106927440814647e+02]]
| > [92mCentral value[0m : +4.9433120762594054e-08   +/- 2.55e-10     ([92m0.517%[0m)
[92mINFO[0m [94msymbolica_integrator l.6781[0m [96mt=2026-09-01,21:54:41.190[0m > | > Graph-channel Symbolica observer estimates:
| >   graph_0     : 1.3127187278683183e-09 +/- 7.09e-12 [17580 selected]
| >   graph_1     : 2.2887307488504105e-09 +/- 1.26e-11 [30778 selected]
| >   graph_2     : 2.2345468993048725e-08 +/- 7.48e-11 [172039 selected]
| >   graph_3     : 6.2861673043523755e-11 +/- 1.43e-12 [3645 selected]
| >   graph_4     : -3.1023178815476195e-09 +/- 1.37e-11 [31633 selected]
| >   graph_5     : 3.6468424060520762e-10 +/- 4.54e-12 [10627 selected]
| >   graph_6     : 7.3925989691826557e-08 +/- 1.86e-10 [362519 selected]
| >   graph_7     : -2.2796829089765005e-09 +/- 9.20e-12 [25592 selected]
| >   graph_8     : -4.7662998506224431e-08 +/- 1.55e-10 [296044 selected]
| >   graph_9     : 1.9684978317159221e-09 +/- 8.83e-12 [22514 selected]
| >   graph_10    : 2.0916815238443199e-10 +/- 9.63e-12 [27029 selected]
| >   sum         : 4.9433120762594544e-08
| >   total       : 4.9433120762594054e-08
| >   difference  : 4.8969092263139238e-22
[92mINFO[0m [94msymbolica_integrator l.6744[0m [96mt=2026-09-01,21:54:41.219[0m > Symbolica integration: starting iteration [92m27/100[0m using [94m1000000[0m points ...
[92mINFO[0m [94msymbolica_integrator l.6777[0m [96mt=2026-09-01,21:55:32.724[0m > ... result after this iteration:
| > Integration result after [92m27000000[0m evaluations in [92m37703.03 CPU-s[0m [94m(1396.4 µs / eval)[0m
| > Extremal weights:
| >   with jacobian    : 6.01110e+02 at xs = [2.7368845941000280e-01 3.1530719491606096e-01 6.4109416656307787e-03 1.5188046984795639e-01 8.0969934780326347e-01 9.1973308817103216e-01] | jacobian = 1.50367e+18
| >     momentum space  : k = [[-6.0546650197931857e+00, 1.3917740859312447e+01, 7.5348644807625533e+02]; [3.2739029949271142e+01, -8.3147912655750446e+01, -3.4683116351085334e+02]]
| >   without jacobian : 2.40198e-12 at xs = [2.0231025968725933e-01 9.6790326112182989e-01 5.2726321992148741e-08 7.9559640952997238e-02 1.6941796973682785e-01 8.2637307841992547e-01] | jacobian = 1.91044e+12
| >     momentum space  : k = [[8.2318831532790588e-05, -1.6830002498297399e-05, 5.0724047073224034e+02]; [4.3495248633942388e+01, 7.8436731936210407e+01, -1.4778672115385956e+02]]
| >   before clipping   : 6.01110e+02 at xs = [2.7368845941000280e-01 3.1530719491606096e-01 6.4109416656307787e-03 1.5188046984795639e-01 8.0969934780326347e-01 9.1973308817103216e-01]
| >     momentum space  : k = [[-6.0546650197931857e+00, 1.3917740859312447e+01, 7.5348644807625533e+02]; [3.2739029949271142e+01, -8.3147912655750446e+01, -3.4683116351085334e+02]]
| > Stability pipeline: float pairs accepted = 26950955, HP pairs attempted/accepted = 49045/49044
| > Stability triggers: float mismatch = 47185, float non-finite/error = 1
| > Higher-precision rejections: disagreement = 1, non-finite = 0, error = 0
| > Unstable rotational-check points rejected = 1
| > Rotational-check high-precision retries = 47186
| > Rotational-check high-precision salvaged = 47185
| > Large-weight high-precision retries = 1859
| > Large-weight high-precision salvaged = 1859
| > Large-weight high-precision rejected = 0
| > Large-weight samples zeroed = 0 (0.000e+00 of samples; removed signed/absolute sums = 0.00000e+00/0.00000e+00)
| > Non-finite final outputs zeroed = 0
| > Non-finite float rotated evaluations seen = 0
| > Example higher-precision-retried xs = [1.1737056346071351e-01 6.8210704234608166e-01 1.3637080159835113e-03 4.3066148777310964e-01 4.3356886191813082e-01 5.9829937939858402e-01] | float rel = 3.97127e-06
| >     momentum space  : k = [[-4.7144688033663129e-01, -1.0373028020352817e+00, 2.6595416256139868e+02]; [-1.3175423952853735e+03, 5.8427290965667441e+02, -4.5980225484447061e+02]]
| > Example large-weight higher-precision-retried xs = [2.4743214951097262e-01 1.9253954976410956e-02 7.5639735761422510e-03 1.1789330545539248e-01 5.8387763198916209e-01 8.8411195536692044e-01] | compiled = 4.30723e+02 | higher precision = 4.30723e+02
| >     momentum space  : k = [[1.5510067285466739e+01, 1.8855559947614091e+00, 6.5738203690586454e+02]; [-8.2265791044449472e+01, -4.7872044474115157e+01, -2.4977907995107381e+02]]
| > Example unstable xs = [3.9920422286985552e-01 4.6207242265265575e-01 2.1903351813005502e-09 8.0889503796212459e-02 7.6799941403647265e-01 7.5650221262021880e-02]
| >     momentum space  : k = [[-8.8860437550255776e-06, 2.1586154694590237e-06, 1.3289182050405120e+03]; [4.6766024140998237e+00, -4.1175141562071751e+01, 1.7106927440814647e+02]]
| > Example higher-precision rejection xs = [3.9920422286985552e-01 4.6207242265265575e-01 2.1903351813005502e-09 8.0889503796212459e-02 7.6799941403647265e-01 7.5650221262021880e-02] | reason = higher-precision original/rotated pair disagrees
| >     momentum space  : k = [[-8.8860437550255776e-06, 2.1586154694590237e-06, 1.3289182050405120e+03]; [4.6766024140998237e+00, -4.1175141562071751e+01, 1.7106927440814647e+02]]
| > [92mCentral value[0m : +4.9451419124294715e-08   +/- 2.46e-10     ([92m0.498%[0m)
[92mINFO[0m [94msymbolica_integrator l.6781[0m [96mt=2026-09-01,21:55:32.725[0m > | > Graph-channel Symbolica observer estimates:
| >   graph_0     : 1.3110994393555532e-09 +/- 6.90e-12 [17348 selected]
| >   graph_1     : 2.2904517828607419e-09 +/- 1.22e-11 [31167 selected]
| >   graph_2     : 2.2341409917205596e-08 +/- 7.22e-11 [170402 selected]
| >   graph_3     : 6.2391330010713032e-11 +/- 1.39e-12 [3693 selected]
| >   graph_4     : -3.1026726584223332e-09 +/- 1.34e-11 [31683 selected]
| >   graph_5     : 3.6381084329671120e-10 +/- 4.41e-12 [10456 selected]
| >   graph_6     : 7.3946485873537870e-08 +/- 1.79e-10 [363387 selected]
| >   graph_7     : -2.2788445647064914e-09 +/- 8.95e-12 [25306 selected]
| >   graph_8     : -4.7659383445586655e-08 +/- 1.50e-10 [296916 selected]
| >   graph_9     : 1.9683351059638419e-09 +/- 8.60e-12 [22562 selected]
| >   graph_10    : 2.0833550077961748e-10 +/- 9.36e-12 [27080 selected]
| >   sum         : 4.9451419124295165e-08
| >   total       : 4.9451419124294715e-08
| >   difference  : 4.4998625322884706e-22
[92mINFO[0m [94msymbolica_integrator l.6744[0m [96mt=2026-09-01,21:55:32.725[0m > Symbolica integration: starting iteration [92m28/100[0m using [94m1000000[0m points ...
[92mINFO[0m [94msymbolica_integrator l.6777[0m [96mt=2026-09-01,21:56:34.976[0m > ... result after this iteration:
| > Integration result after [92m28000000[0m evaluations in [92m38969.21 CPU-s[0m [94m(1391.8 µs / eval)[0m
| > Extremal weights:
| >   with jacobian    : 6.01110e+02 at xs = [2.7368845941000280e-01 3.1530719491606096e-01 6.4109416656307787e-03 1.5188046984795639e-01 8.0969934780326347e-01 9.1973308817103216e-01] | jacobian = 1.50367e+18
| >     momentum space  : k = [[-6.0546650197931857e+00, 1.3917740859312447e+01, 7.5348644807625533e+02]; [3.2739029949271142e+01, -8.3147912655750446e+01, -3.4683116351085334e+02]]
| >   without jacobian : 2.40198e-12 at xs = [2.0231025968725933e-01 9.6790326112182989e-01 5.2726321992148741e-08 7.9559640952997238e-02 1.6941796973682785e-01 8.2637307841992547e-01] | jacobian = 1.91044e+12
| >     momentum space  : k = [[8.2318831532790588e-05, -1.6830002498297399e-05, 5.0724047073224034e+02]; [4.3495248633942388e+01, 7.8436731936210407e+01, -1.4778672115385956e+02]]
| >   before clipping   : 6.01110e+02 at xs = [2.7368845941000280e-01 3.1530719491606096e-01 6.4109416656307787e-03 1.5188046984795639e-01 8.0969934780326347e-01 9.1973308817103216e-01]
| >     momentum space  : k = [[-6.0546650197931857e+00, 1.3917740859312447e+01, 7.5348644807625533e+02]; [3.2739029949271142e+01, -8.3147912655750446e+01, -3.4683116351085334e+02]]
| > Stability pipeline: float pairs accepted = 27949238, HP pairs attempted/accepted = 50762/50760
| > Stability triggers: float mismatch = 48831, float non-finite/error = 2
| > Higher-precision rejections: disagreement = 2, non-finite = 0, error = 0
| > Unstable rotational-check points rejected = 2
| > Rotational-check high-precision retries = 48833
| > Rotational-check high-precision salvaged = 48831
| > Large-weight high-precision retries = 1929
| > Large-weight high-precision salvaged = 1929
| > Large-weight high-precision rejected = 0
| > Large-weight samples zeroed = 0 (0.000e+00 of samples; removed signed/absolute sums = 0.00000e+00/0.00000e+00)
| > Non-finite final outputs zeroed = 0
| > Non-finite float rotated evaluations seen = 0
| > Example higher-precision-retried xs = [1.1737056346071351e-01 6.8210704234608166e-01 1.3637080159835113e-03 4.3066148777310964e-01 4.3356886191813082e-01 5.9829937939858402e-01] | float rel = 3.97127e-06
| >     momentum space  : k = [[-4.7144688033663129e-01, -1.0373028020352817e+00, 2.6595416256139868e+02]; [-1.3175423952853735e+03, 5.8427290965667441e+02, -4.5980225484447061e+02]]
| > Example large-weight higher-precision-retried xs = [2.4743214951097262e-01 1.9253954976410956e-02 7.5639735761422510e-03 1.1789330545539248e-01 5.8387763198916209e-01 8.8411195536692044e-01] | compiled = 4.30723e+02 | higher precision = 4.30723e+02
| >     momentum space  : k = [[1.5510067285466739e+01, 1.8855559947614091e+00, 6.5738203690586454e+02]; [-8.2265791044449472e+01, -4.7872044474115157e+01, -2.4977907995107381e+02]]
| > Example unstable xs = [3.9920422286985552e-01 4.6207242265265575e-01 2.1903351813005502e-09 8.0889503796212459e-02 7.6799941403647265e-01 7.5650221262021880e-02]
| >     momentum space  : k = [[-8.8860437550255776e-06, 2.1586154694590237e-06, 1.3289182050405120e+03]; [4.6766024140998237e+00, -4.1175141562071751e+01, 1.7106927440814647e+02]]
| > Example higher-precision rejection xs = [3.9920422286985552e-01 4.6207242265265575e-01 2.1903351813005502e-09 8.0889503796212459e-02 7.6799941403647265e-01 7.5650221262021880e-02] | reason = higher-precision original/rotated pair disagrees
| >     momentum space  : k = [[-8.8860437550255776e-06, 2.1586154694590237e-06, 1.3289182050405120e+03]; [4.6766024140998237e+00, -4.1175141562071751e+01, 1.7106927440814647e+02]]
| > [92mCentral value[0m : +4.9488378379874147e-08   +/- 2.38e-10     ([92m0.480%[0m)
[92mINFO[0m [94msymbolica_integrator l.6781[0m [96mt=2026-09-01,21:56:34.976[0m > | > Graph-channel Symbolica observer estimates:
| >   graph_0     : 1.3107611680267691e-09 +/- 6.73e-12 [17355 selected]
| >   graph_1     : 2.2932594631558066e-09 +/- 1.19e-11 [31228 selected]
| >   graph_2     : 2.2348020129996045e-08 +/- 6.98e-11 [170905 selected]
| >   graph_3     : 6.2217274550845829e-11 +/- 1.36e-12 [3647 selected]
| >   graph_4     : -3.1055771741009592e-09 +/- 1.31e-11 [31655 selected]
| >   graph_5     : 3.6426255312251916e-10 +/- 4.30e-12 [10512 selected]
| >   graph_6     : 7.3970878580401456e-08 +/- 1.73e-10 [363891 selected]
| >   graph_7     : -2.2777150538739117e-09 +/- 8.73e-12 [25181 selected]
| >   graph_8     : -4.7654391849569341e-08 +/- 1.44e-10 [295793 selected]
| >   graph_9     : 1.9689846439412409e-09 +/- 8.39e-12 [22969 selected]
| >   graph_10    : 2.0767864422416956e-10 +/- 9.10e-12 [26864 selected]
| >   sum         : 4.9488378379874637e-08
| >   total       : 4.9488378379874147e-08
| >   difference  : 4.8969092263139238e-22
[92mINFO[0m [94msymbolica_integrator l.6744[0m [96mt=2026-09-01,21:56:34.976[0m > Symbolica integration: starting iteration [92m29/100[0m using [94m1000000[0m points ...
[92mINFO[0m [94msymbolica_integrator l.6777[0m [96mt=2026-09-01,21:57:48.496[0m > ... result after this iteration:
| > Integration result after [92m29000000[0m evaluations in [92m40302.94 CPU-s[0m [94m(1389.8 µs / eval)[0m
| > Extremal weights:
| >   with jacobian    : 6.01110e+02 at xs = [2.7368845941000280e-01 3.1530719491606096e-01 6.4109416656307787e-03 1.5188046984795639e-01 8.0969934780326347e-01 9.1973308817103216e-01] | jacobian = 1.50367e+18
| >     momentum space  : k = [[-6.0546650197931857e+00, 1.3917740859312447e+01, 7.5348644807625533e+02]; [3.2739029949271142e+01, -8.3147912655750446e+01, -3.4683116351085334e+02]]
| >   without jacobian : 2.40198e-12 at xs = [2.0231025968725933e-01 9.6790326112182989e-01 5.2726321992148741e-08 7.9559640952997238e-02 1.6941796973682785e-01 8.2637307841992547e-01] | jacobian = 1.91044e+12
| >     momentum space  : k = [[8.2318831532790588e-05, -1.6830002498297399e-05, 5.0724047073224034e+02]; [4.3495248633942388e+01, 7.8436731936210407e+01, -1.4778672115385956e+02]]
| >   before clipping   : 6.01110e+02 at xs = [2.7368845941000280e-01 3.1530719491606096e-01 6.4109416656307787e-03 1.5188046984795639e-01 8.0969934780326347e-01 9.1973308817103216e-01]
| >     momentum space  : k = [[-6.0546650197931857e+00, 1.3917740859312447e+01, 7.5348644807625533e+02]; [3.2739029949271142e+01, -8.3147912655750446e+01, -3.4683116351085334e+02]]
| > Stability pipeline: float pairs accepted = 28947456, HP pairs attempted/accepted = 52544/52542
| > Stability triggers: float mismatch = 50524, float non-finite/error = 2
| > Higher-precision rejections: disagreement = 2, non-finite = 0, error = 0
| > Unstable rotational-check points rejected = 2
| > Rotational-check high-precision retries = 50526
| > Rotational-check high-precision salvaged = 50524
| > Large-weight high-precision retries = 2018
| > Large-weight high-precision salvaged = 2018
| > Large-weight high-precision rejected = 0
| > Large-weight samples zeroed = 0 (0.000e+00 of samples; removed signed/absolute sums = 0.00000e+00/0.00000e+00)
| > Non-finite final outputs zeroed = 0
| > Non-finite float rotated evaluations seen = 0
| > Example higher-precision-retried xs = [1.1737056346071351e-01 6.8210704234608166e-01 1.3637080159835113e-03 4.3066148777310964e-01 4.3356886191813082e-01 5.9829937939858402e-01] | float rel = 3.97127e-06
| >     momentum space  : k = [[-4.7144688033663129e-01, -1.0373028020352817e+00, 2.6595416256139868e+02]; [-1.3175423952853735e+03, 5.8427290965667441e+02, -4.5980225484447061e+02]]
| > Example large-weight higher-precision-retried xs = [2.4743214951097262e-01 1.9253954976410956e-02 7.5639735761422510e-03 1.1789330545539248e-01 5.8387763198916209e-01 8.8411195536692044e-01] | compiled = 4.30723e+02 | higher precision = 4.30723e+02
| >     momentum space  : k = [[1.5510067285466739e+01, 1.8855559947614091e+00, 6.5738203690586454e+02]; [-8.2265791044449472e+01, -4.7872044474115157e+01, -2.4977907995107381e+02]]
| > Example unstable xs = [3.9920422286985552e-01 4.6207242265265575e-01 2.1903351813005502e-09 8.0889503796212459e-02 7.6799941403647265e-01 7.5650221262021880e-02]
| >     momentum space  : k = [[-8.8860437550255776e-06, 2.1586154694590237e-06, 1.3289182050405120e+03]; [4.6766024140998237e+00, -4.1175141562071751e+01, 1.7106927440814647e+02]]
| > Example higher-precision rejection xs = [3.9920422286985552e-01 4.6207242265265575e-01 2.1903351813005502e-09 8.0889503796212459e-02 7.6799941403647265e-01 7.5650221262021880e-02] | reason = higher-precision original/rotated pair disagrees
| >     momentum space  : k = [[-8.8860437550255776e-06, 2.1586154694590237e-06, 1.3289182050405120e+03]; [4.6766024140998237e+00, -4.1175141562071751e+01, 1.7106927440814647e+02]]
| > [92mCentral value[0m : +4.9493550074903417e-08   +/- 2.30e-10     ([92m0.464%[0m)
[92mINFO[0m [94msymbolica_integrator l.6781[0m [96mt=2026-09-01,21:57:48.497[0m > | > Graph-channel Symbolica observer estimates:
| >   graph_0     : 1.3115953546480965e-09 +/- 6.61e-12 [17486 selected]
| >   graph_1     : 2.2956483660284594e-09 +/- 1.16e-11 [30648 selected]
| >   graph_2     : 2.2351620858882192e-08 +/- 6.75e-11 [171074 selected]
| >   graph_3     : 6.2309474211167949e-11 +/- 1.34e-12 [3674 selected]
| >   graph_4     : -3.1094633566357251e-09 +/- 1.29e-11 [31770 selected]
| >   graph_5     : 3.6459110111098216e-10 +/- 4.20e-12 [10490 selected]
| >   graph_6     : 7.3967591014397247e-08 +/- 1.67e-10 [364039 selected]
| >   graph_7     : -2.2793062954837193e-09 +/- 8.51e-12 [25280 selected]
| >   graph_8     : -4.7645352357072027e-08 +/- 1.39e-10 [295876 selected]
| >   graph_9     : 1.9683324669396725e-09 +/- 8.17e-12 [23166 selected]
| >   graph_10    : 2.0598344787751262e-10 +/- 8.86e-12 [26497 selected]
| >   sum         : 4.9493550074903860e-08
| >   total       : 4.9493550074903417e-08
| >   difference  : 4.4336880832842283e-22
[92mINFO[0m [94msymbolica_integrator l.6744[0m [96mt=2026-09-01,21:57:48.522[0m > Symbolica integration: starting iteration [92m30/100[0m using [94m1000000[0m points ...
[92mINFO[0m [94msymbolica_integrator l.6777[0m [96mt=2026-09-01,21:58:38.870[0m > ... result after this iteration:
| > Integration result after [92m30000000[0m evaluations in [92m41442.29 CPU-s[0m [94m(1381.4 µs / eval)[0m
| > Extremal weights:
| >   with jacobian    : 6.01110e+02 at xs = [2.7368845941000280e-01 3.1530719491606096e-01 6.4109416656307787e-03 1.5188046984795639e-01 8.0969934780326347e-01 9.1973308817103216e-01] | jacobian = 1.50367e+18
| >     momentum space  : k = [[-6.0546650197931857e+00, 1.3917740859312447e+01, 7.5348644807625533e+02]; [3.2739029949271142e+01, -8.3147912655750446e+01, -3.4683116351085334e+02]]
| >   without jacobian : 2.40198e-12 at xs = [2.0231025968725933e-01 9.6790326112182989e-01 5.2726321992148741e-08 7.9559640952997238e-02 1.6941796973682785e-01 8.2637307841992547e-01] | jacobian = 1.91044e+12
| >     momentum space  : k = [[8.2318831532790588e-05, -1.6830002498297399e-05, 5.0724047073224034e+02]; [4.3495248633942388e+01, 7.8436731936210407e+01, -1.4778672115385956e+02]]
| >   before clipping   : 6.01110e+02 at xs = [2.7368845941000280e-01 3.1530719491606096e-01 6.4109416656307787e-03 1.5188046984795639e-01 8.0969934780326347e-01 9.1973308817103216e-01]
| >     momentum space  : k = [[-6.0546650197931857e+00, 1.3917740859312447e+01, 7.5348644807625533e+02]; [3.2739029949271142e+01, -8.3147912655750446e+01, -3.4683116351085334e+02]]
| > Stability pipeline: float pairs accepted = 29945725, HP pairs attempted/accepted = 54275/54273
| > Stability triggers: float mismatch = 52162, float non-finite/error = 2
| > Higher-precision rejections: disagreement = 2, non-finite = 0, error = 0
| > Unstable rotational-check points rejected = 2
| > Rotational-check high-precision retries = 52164
| > Rotational-check high-precision salvaged = 52162
| > Large-weight high-precision retries = 2111
| > Large-weight high-precision salvaged = 2111
| > Large-weight high-precision rejected = 0
| > Large-weight samples zeroed = 0 (0.000e+00 of samples; removed signed/absolute sums = 0.00000e+00/0.00000e+00)
| > Non-finite final outputs zeroed = 0
| > Non-finite float rotated evaluations seen = 0
| > Example higher-precision-retried xs = [1.1737056346071351e-01 6.8210704234608166e-01 1.3637080159835113e-03 4.3066148777310964e-01 4.3356886191813082e-01 5.9829937939858402e-01] | float rel = 3.97127e-06
| >     momentum space  : k = [[-4.7144688033663129e-01, -1.0373028020352817e+00, 2.6595416256139868e+02]; [-1.3175423952853735e+03, 5.8427290965667441e+02, -4.5980225484447061e+02]]
| > Example large-weight higher-precision-retried xs = [2.4743214951097262e-01 1.9253954976410956e-02 7.5639735761422510e-03 1.1789330545539248e-01 5.8387763198916209e-01 8.8411195536692044e-01] | compiled = 4.30723e+02 | higher precision = 4.30723e+02
| >     momentum space  : k = [[1.5510067285466739e+01, 1.8855559947614091e+00, 6.5738203690586454e+02]; [-8.2265791044449472e+01, -4.7872044474115157e+01, -2.4977907995107381e+02]]
| > Example unstable xs = [3.9920422286985552e-01 4.6207242265265575e-01 2.1903351813005502e-09 8.0889503796212459e-02 7.6799941403647265e-01 7.5650221262021880e-02]
| >     momentum space  : k = [[-8.8860437550255776e-06, 2.1586154694590237e-06, 1.3289182050405120e+03]; [4.6766024140998237e+00, -4.1175141562071751e+01, 1.7106927440814647e+02]]
| > Example higher-precision rejection xs = [3.9920422286985552e-01 4.6207242265265575e-01 2.1903351813005502e-09 8.0889503796212459e-02 7.6799941403647265e-01 7.5650221262021880e-02] | reason = higher-precision original/rotated pair disagrees
| >     momentum space  : k = [[-8.8860437550255776e-06, 2.1586154694590237e-06, 1.3289182050405120e+03]; [4.6766024140998237e+00, -4.1175141562071751e+01, 1.7106927440814647e+02]]
| > [92mCentral value[0m : +4.9505779610563172e-08   +/- 2.23e-10     ([92m0.450%[0m)
[92mINFO[0m [94msymbolica_integrator l.6781[0m [96mt=2026-09-01,21:58:38.870[0m > | > Graph-channel Symbolica observer estimates:
| >   graph_0     : 1.3103050756378715e-09 +/- 6.45e-12 [17338 selected]
| >   graph_1     : 2.2995930993218493e-09 +/- 1.13e-11 [31077 selected]
| >   graph_2     : 2.2353451836628143e-08 +/- 6.54e-11 [170904 selected]
| >   graph_3     : 6.2321075435108587e-11 +/- 1.31e-12 [3633 selected]
| >   graph_4     : -3.1110509485564815e-09 +/- 1.26e-11 [31983 selected]
| >   graph_5     : 3.6404401020694238e-10 +/- 4.09e-12 [10611 selected]
| >   graph_6     : 7.3969120396087301e-08 +/- 1.62e-10 [363256 selected]
| >   graph_7     : -2.2781627589309532e-09 +/- 8.31e-12 [25061 selected]
| >   graph_8     : -4.7641703350810043e-08 +/- 1.35e-10 [296323 selected]
| >   graph_9     : 1.9708774778131169e-09 +/- 7.98e-12 [23059 selected]
| >   graph_10    : 2.0698369773084855e-10 +/- 8.65e-12 [26755 selected]
| >   sum         : 4.9505779610563701e-08
| >   total       : 4.9505779610563172e-08
| >   difference  : 5.2939559203393771e-22
[92mINFO[0m [94msymbolica_integrator l.6744[0m [96mt=2026-09-01,21:58:38.870[0m > Symbolica integration: starting iteration [92m31/100[0m using [94m1000000[0m points ...
[92mINFO[0m [94msymbolica_integrator l.6777[0m [96mt=2026-09-01,22:00:17.862[0m > ... result after this iteration:
| > Integration result after [92m31000000[0m evaluations in [92m43118.31 CPU-s[0m [94m(1390.9 µs / eval)[0m
| > Extremal weights:
| >   with jacobian    : 6.01110e+02 at xs = [2.7368845941000280e-01 3.1530719491606096e-01 6.4109416656307787e-03 1.5188046984795639e-01 8.0969934780326347e-01 9.1973308817103216e-01] | jacobian = 1.50367e+18
| >     momentum space  : k = [[-6.0546650197931857e+00, 1.3917740859312447e+01, 7.5348644807625533e+02]; [3.2739029949271142e+01, -8.3147912655750446e+01, -3.4683116351085334e+02]]
| >   without jacobian : 2.40198e-12 at xs = [2.0231025968725933e-01 9.6790326112182989e-01 5.2726321992148741e-08 7.9559640952997238e-02 1.6941796973682785e-01 8.2637307841992547e-01] | jacobian = 1.91044e+12
| >     momentum space  : k = [[8.2318831532790588e-05, -1.6830002498297399e-05, 5.0724047073224034e+02]; [4.3495248633942388e+01, 7.8436731936210407e+01, -1.4778672115385956e+02]]
| >   before clipping   : 6.01110e+02 at xs = [2.7368845941000280e-01 3.1530719491606096e-01 6.4109416656307787e-03 1.5188046984795639e-01 8.0969934780326347e-01 9.1973308817103216e-01]
| >     momentum space  : k = [[-6.0546650197931857e+00, 1.3917740859312447e+01, 7.5348644807625533e+02]; [3.2739029949271142e+01, -8.3147912655750446e+01, -3.4683116351085334e+02]]
| > Stability pipeline: float pairs accepted = 30943977, HP pairs attempted/accepted = 56023/56021
| > Stability triggers: float mismatch = 53817, float non-finite/error = 2
| > Higher-precision rejections: disagreement = 2, non-finite = 0, error = 0
| > Unstable rotational-check points rejected = 2
| > Rotational-check high-precision retries = 53819
| > Rotational-check high-precision salvaged = 53817
| > Large-weight high-precision retries = 2204
| > Large-weight high-precision salvaged = 2204
| > Large-weight high-precision rejected = 0
| > Large-weight samples zeroed = 0 (0.000e+00 of samples; removed signed/absolute sums = 0.00000e+00/0.00000e+00)
| > Non-finite final outputs zeroed = 0
| > Non-finite float rotated evaluations seen = 0
| > Example higher-precision-retried xs = [1.1737056346071351e-01 6.8210704234608166e-01 1.3637080159835113e-03 4.3066148777310964e-01 4.3356886191813082e-01 5.9829937939858402e-01] | float rel = 3.97127e-06
| >     momentum space  : k = [[-4.7144688033663129e-01, -1.0373028020352817e+00, 2.6595416256139868e+02]; [-1.3175423952853735e+03, 5.8427290965667441e+02, -4.5980225484447061e+02]]
| > Example large-weight higher-precision-retried xs = [2.4743214951097262e-01 1.9253954976410956e-02 7.5639735761422510e-03 1.1789330545539248e-01 5.8387763198916209e-01 8.8411195536692044e-01] | compiled = 4.30723e+02 | higher precision = 4.30723e+02
| >     momentum space  : k = [[1.5510067285466739e+01, 1.8855559947614091e+00, 6.5738203690586454e+02]; [-8.2265791044449472e+01, -4.7872044474115157e+01, -2.4977907995107381e+02]]
| > Example unstable xs = [3.9920422286985552e-01 4.6207242265265575e-01 2.1903351813005502e-09 8.0889503796212459e-02 7.6799941403647265e-01 7.5650221262021880e-02]
| >     momentum space  : k = [[-8.8860437550255776e-06, 2.1586154694590237e-06, 1.3289182050405120e+03]; [4.6766024140998237e+00, -4.1175141562071751e+01, 1.7106927440814647e+02]]
| > Example higher-precision rejection xs = [3.9920422286985552e-01 4.6207242265265575e-01 2.1903351813005502e-09 8.0889503796212459e-02 7.6799941403647265e-01 7.5650221262021880e-02] | reason = higher-precision original/rotated pair disagrees
| >     momentum space  : k = [[-8.8860437550255776e-06, 2.1586154694590237e-06, 1.3289182050405120e+03]; [4.6766024140998237e+00, -4.1175141562071751e+01, 1.7106927440814647e+02]]
| > [92mCentral value[0m : +4.9514725077531704e-08   +/- 2.16e-10     ([92m0.436%[0m)
[92mINFO[0m [94msymbolica_integrator l.6781[0m [96mt=2026-09-01,22:00:17.895[0m > | > Graph-channel Symbolica observer estimates:
| >   graph_0     : 1.3099528780093357e-09 +/- 6.31e-12 [17122 selected]
| >   graph_1     : 2.3004139167691355e-09 +/- 1.11e-11 [30851 selected]
| >   graph_2     : 2.2360976385183114e-08 +/- 6.35e-11 [170671 selected]
| >   graph_3     : 6.2212796091119085e-11 +/- 1.29e-12 [3688 selected]
| >   graph_4     : -3.1124717144500845e-09 +/- 1.24e-11 [31785 selected]
| >   graph_5     : 3.6312034369341923e-10 +/- 3.99e-12 [10547 selected]
| >   graph_6     : 7.3976661967517722e-08 +/- 1.57e-10 [365362 selected]
| >   graph_7     : -2.2793845732652478e-09 +/- 8.12e-12 [25265 selected]
| >   graph_8     : -4.7645449671540474e-08 +/- 1.31e-10 [295160 selected]
| >   graph_9     : 1.9709855410208629e-09 +/- 7.79e-12 [22749 selected]
| >   graph_10    : 2.0770720850332810e-10 +/- 8.43e-12 [26800 selected]
| >   sum         : 4.9514725077532233e-08
| >   total       : 4.9514725077531704e-08
| >   difference  : 5.2939559203393771e-22
[92mINFO[0m [94msymbolica_integrator l.6744[0m [96mt=2026-09-01,22:00:17.895[0m > Symbolica integration: starting iteration [92m32/100[0m using [94m1000000[0m points ...
[92mINFO[0m [94msymbolica_integrator l.6777[0m [96mt=2026-09-01,22:01:42.641[0m > ... result after this iteration:
| > Integration result after [92m32000000[0m evaluations in [92m44674.02 CPU-s[0m [94m(1396.1 µs / eval)[0m
| > Extremal weights:
| >   with jacobian    : 6.01110e+02 at xs = [2.7368845941000280e-01 3.1530719491606096e-01 6.4109416656307787e-03 1.5188046984795639e-01 8.0969934780326347e-01 9.1973308817103216e-01] | jacobian = 1.50367e+18
| >     momentum space  : k = [[-6.0546650197931857e+00, 1.3917740859312447e+01, 7.5348644807625533e+02]; [3.2739029949271142e+01, -8.3147912655750446e+01, -3.4683116351085334e+02]]
| >   without jacobian : 2.40198e-12 at xs = [2.0231025968725933e-01 9.6790326112182989e-01 5.2726321992148741e-08 7.9559640952997238e-02 1.6941796973682785e-01 8.2637307841992547e-01] | jacobian = 1.91044e+12
| >     momentum space  : k = [[8.2318831532790588e-05, -1.6830002498297399e-05, 5.0724047073224034e+02]; [4.3495248633942388e+01, 7.8436731936210407e+01, -1.4778672115385956e+02]]
| >   before clipping   : 6.01110e+02 at xs = [2.7368845941000280e-01 3.1530719491606096e-01 6.4109416656307787e-03 1.5188046984795639e-01 8.0969934780326347e-01 9.1973308817103216e-01]
| >     momentum space  : k = [[-6.0546650197931857e+00, 1.3917740859312447e+01, 7.5348644807625533e+02]; [3.2739029949271142e+01, -8.3147912655750446e+01, -3.4683116351085334e+02]]
| > Stability pipeline: float pairs accepted = 31942273, HP pairs attempted/accepted = 57727/57725
| > Stability triggers: float mismatch = 55416, float non-finite/error = 2
| > Higher-precision rejections: disagreement = 2, non-finite = 0, error = 0
| > Unstable rotational-check points rejected = 2
| > Rotational-check high-precision retries = 55418
| > Rotational-check high-precision salvaged = 55416
| > Large-weight high-precision retries = 2309
| > Large-weight high-precision salvaged = 2309
| > Large-weight high-precision rejected = 0
| > Large-weight samples zeroed = 0 (0.000e+00 of samples; removed signed/absolute sums = 0.00000e+00/0.00000e+00)
| > Non-finite final outputs zeroed = 0
| > Non-finite float rotated evaluations seen = 0
| > Example higher-precision-retried xs = [1.1737056346071351e-01 6.8210704234608166e-01 1.3637080159835113e-03 4.3066148777310964e-01 4.3356886191813082e-01 5.9829937939858402e-01] | float rel = 3.97127e-06
| >     momentum space  : k = [[-4.7144688033663129e-01, -1.0373028020352817e+00, 2.6595416256139868e+02]; [-1.3175423952853735e+03, 5.8427290965667441e+02, -4.5980225484447061e+02]]
| > Example large-weight higher-precision-retried xs = [2.4743214951097262e-01 1.9253954976410956e-02 7.5639735761422510e-03 1.1789330545539248e-01 5.8387763198916209e-01 8.8411195536692044e-01] | compiled = 4.30723e+02 | higher precision = 4.30723e+02
| >     momentum space  : k = [[1.5510067285466739e+01, 1.8855559947614091e+00, 6.5738203690586454e+02]; [-8.2265791044449472e+01, -4.7872044474115157e+01, -2.4977907995107381e+02]]
| > Example unstable xs = [3.9920422286985552e-01 4.6207242265265575e-01 2.1903351813005502e-09 8.0889503796212459e-02 7.6799941403647265e-01 7.5650221262021880e-02]
| >     momentum space  : k = [[-8.8860437550255776e-06, 2.1586154694590237e-06, 1.3289182050405120e+03]; [4.6766024140998237e+00, -4.1175141562071751e+01, 1.7106927440814647e+02]]
| > Example higher-precision rejection xs = [3.9920422286985552e-01 4.6207242265265575e-01 2.1903351813005502e-09 8.0889503796212459e-02 7.6799941403647265e-01 7.5650221262021880e-02] | reason = higher-precision original/rotated pair disagrees
| >     momentum space  : k = [[-8.8860437550255776e-06, 2.1586154694590237e-06, 1.3289182050405120e+03]; [4.6766024140998237e+00, -4.1175141562071751e+01, 1.7106927440814647e+02]]
| > [92mCentral value[0m : +4.9522202248473022e-08   +/- 2.09e-10     ([92m0.422%[0m)
[92mINFO[0m [94msymbolica_integrator l.6781[0m [96mt=2026-09-01,22:01:42.671[0m > | > Graph-channel Symbolica observer estimates:
| >   graph_0     : 1.3098480827213451e-09 +/- 6.18e-12 [17184 selected]
| >   graph_1     : 2.3004672209772039e-09 +/- 1.08e-11 [30765 selected]
| >   graph_2     : 2.2356759110171655e-08 +/- 6.16e-11 [169881 selected]
| >   graph_3     : 6.1954427558526922e-11 +/- 1.26e-12 [3675 selected]
| >   graph_4     : -3.1117007687167102e-09 +/- 1.21e-11 [31728 selected]
| >   graph_5     : 3.6254590878517881e-10 +/- 3.90e-12 [10525 selected]
| >   graph_6     : 7.3985323588200435e-08 +/- 1.52e-10 [366043 selected]
| >   graph_7     : -2.2788968324400780e-09 +/- 7.93e-12 [25028 selected]
| >   graph_8     : -4.7641617767515404e-08 +/- 1.27e-10 [295746 selected]
| >   graph_9     : 1.9705829997166031e-09 +/- 7.61e-12 [22790 selected]
| >   graph_10    : 2.0693627901484266e-10 +/- 8.23e-12 [26635 selected]
| >   sum         : 4.9522202248473598e-08
| >   total       : 4.9522202248473022e-08
| >   difference  : 5.7571770633690726e-22
[92mINFO[0m [94msymbolica_integrator l.6744[0m [96mt=2026-09-01,22:01:42.671[0m > Symbolica integration: starting iteration [92m33/100[0m using [94m1000000[0m points ...
[92mINFO[0m [94msymbolica_integrator l.6777[0m [96mt=2026-09-01,22:03:02.004[0m > ... result after this iteration:
| > Integration result after [92m33000000[0m evaluations in [92m46301.03 CPU-s[0m [94m(1403.1 µs / eval)[0m
| > Extremal weights:
| >   with jacobian    : 6.01110e+02 at xs = [2.7368845941000280e-01 3.1530719491606096e-01 6.4109416656307787e-03 1.5188046984795639e-01 8.0969934780326347e-01 9.1973308817103216e-01] | jacobian = 1.50367e+18
| >     momentum space  : k = [[-6.0546650197931857e+00, 1.3917740859312447e+01, 7.5348644807625533e+02]; [3.2739029949271142e+01, -8.3147912655750446e+01, -3.4683116351085334e+02]]
| >   without jacobian : 2.40198e-12 at xs = [2.0231025968725933e-01 9.6790326112182989e-01 5.2726321992148741e-08 7.9559640952997238e-02 1.6941796973682785e-01 8.2637307841992547e-01] | jacobian = 1.91044e+12
| >     momentum space  : k = [[8.2318831532790588e-05, -1.6830002498297399e-05, 5.0724047073224034e+02]; [4.3495248633942388e+01, 7.8436731936210407e+01, -1.4778672115385956e+02]]
| >   before clipping   : 6.01110e+02 at xs = [2.7368845941000280e-01 3.1530719491606096e-01 6.4109416656307787e-03 1.5188046984795639e-01 8.0969934780326347e-01 9.1973308817103216e-01]
| >     momentum space  : k = [[-6.0546650197931857e+00, 1.3917740859312447e+01, 7.5348644807625533e+02]; [3.2739029949271142e+01, -8.3147912655750446e+01, -3.4683116351085334e+02]]
| > Stability pipeline: float pairs accepted = 32940555, HP pairs attempted/accepted = 59445/59443
| > Stability triggers: float mismatch = 57039, float non-finite/error = 2
| > Higher-precision rejections: disagreement = 2, non-finite = 0, error = 0
| > Unstable rotational-check points rejected = 2
| > Rotational-check high-precision retries = 57041
| > Rotational-check high-precision salvaged = 57039
| > Large-weight high-precision retries = 2404
| > Large-weight high-precision salvaged = 2404
| > Large-weight high-precision rejected = 0
| > Large-weight samples zeroed = 0 (0.000e+00 of samples; removed signed/absolute sums = 0.00000e+00/0.00000e+00)
| > Non-finite final outputs zeroed = 0
| > Non-finite float rotated evaluations seen = 0
| > Example higher-precision-retried xs = [1.1737056346071351e-01 6.8210704234608166e-01 1.3637080159835113e-03 4.3066148777310964e-01 4.3356886191813082e-01 5.9829937939858402e-01] | float rel = 3.97127e-06
| >     momentum space  : k = [[-4.7144688033663129e-01, -1.0373028020352817e+00, 2.6595416256139868e+02]; [-1.3175423952853735e+03, 5.8427290965667441e+02, -4.5980225484447061e+02]]
| > Example large-weight higher-precision-retried xs = [2.4743214951097262e-01 1.9253954976410956e-02 7.5639735761422510e-03 1.1789330545539248e-01 5.8387763198916209e-01 8.8411195536692044e-01] | compiled = 4.30723e+02 | higher precision = 4.30723e+02
| >     momentum space  : k = [[1.5510067285466739e+01, 1.8855559947614091e+00, 6.5738203690586454e+02]; [-8.2265791044449472e+01, -4.7872044474115157e+01, -2.4977907995107381e+02]]
| > Example unstable xs = [3.9920422286985552e-01 4.6207242265265575e-01 2.1903351813005502e-09 8.0889503796212459e-02 7.6799941403647265e-01 7.5650221262021880e-02]
| >     momentum space  : k = [[-8.8860437550255776e-06, 2.1586154694590237e-06, 1.3289182050405120e+03]; [4.6766024140998237e+00, -4.1175141562071751e+01, 1.7106927440814647e+02]]
| > Example higher-precision rejection xs = [3.9920422286985552e-01 4.6207242265265575e-01 2.1903351813005502e-09 8.0889503796212459e-02 7.6799941403647265e-01 7.5650221262021880e-02] | reason = higher-precision original/rotated pair disagrees
| >     momentum space  : k = [[-8.8860437550255776e-06, 2.1586154694590237e-06, 1.3289182050405120e+03]; [4.6766024140998237e+00, -4.1175141562071751e+01, 1.7106927440814647e+02]]
| > [92mCentral value[0m : +4.9522894455737943e-08   +/- 2.03e-10     ([92m0.410%[0m)
[92mINFO[0m [94msymbolica_integrator l.6781[0m [96mt=2026-09-01,22:03:02.005[0m > | > Graph-channel Symbolica observer estimates:
| >   graph_0     : 1.3085271148977672e-09 +/- 6.05e-12 [17093 selected]
| >   graph_1     : 2.2995151508335458e-09 +/- 1.06e-11 [30638 selected]
| >   graph_2     : 2.2357175437648185e-08 +/- 5.99e-11 [170634 selected]
| >   graph_3     : 6.1799354109772449e-11 +/- 1.24e-12 [3599 selected]
| >   graph_4     : -3.1113017206718580e-09 +/- 1.19e-11 [31786 selected]
| >   graph_5     : 3.6171987493996569e-10 +/- 3.82e-12 [10337 selected]
| >   graph_6     : 7.3985519322922418e-08 +/- 1.48e-10 [365845 selected]
| >   graph_7     : -2.2811722156408498e-09 +/- 7.77e-12 [25294 selected]
| >   graph_8     : -4.7636807894650089e-08 +/- 1.23e-10 [295469 selected]
| >   graph_9     : 1.9705988027032989e-09 +/- 7.45e-12 [22707 selected]
| >   graph_10    : 2.0732122864637527e-10 +/- 8.04e-12 [26598 selected]
| >   sum         : 4.9522894455738532e-08
| >   total       : 4.9522894455737943e-08
| >   difference  : 5.8895259613775570e-22
[92mINFO[0m [94msymbolica_integrator l.6744[0m [96mt=2026-09-01,22:03:02.005[0m > Symbolica integration: starting iteration [92m34/100[0m using [94m1000000[0m points ...
[92mINFO[0m [94msymbolica_integrator l.6777[0m [96mt=2026-09-01,22:04:06.939[0m > ... result after this iteration:
| > Integration result after [92m34000000[0m evaluations in [92m47463.64 CPU-s[0m [94m(1396.0 µs / eval)[0m
| > Extremal weights:
| >   with jacobian    : 6.01110e+02 at xs = [2.7368845941000280e-01 3.1530719491606096e-01 6.4109416656307787e-03 1.5188046984795639e-01 8.0969934780326347e-01 9.1973308817103216e-01] | jacobian = 1.50367e+18
| >     momentum space  : k = [[-6.0546650197931857e+00, 1.3917740859312447e+01, 7.5348644807625533e+02]; [3.2739029949271142e+01, -8.3147912655750446e+01, -3.4683116351085334e+02]]
| >   without jacobian : 2.40198e-12 at xs = [2.0231025968725933e-01 9.6790326112182989e-01 5.2726321992148741e-08 7.9559640952997238e-02 1.6941796973682785e-01 8.2637307841992547e-01] | jacobian = 1.91044e+12
| >     momentum space  : k = [[8.2318831532790588e-05, -1.6830002498297399e-05, 5.0724047073224034e+02]; [4.3495248633942388e+01, 7.8436731936210407e+01, -1.4778672115385956e+02]]
| >   before clipping   : 6.01110e+02 at xs = [2.7368845941000280e-01 3.1530719491606096e-01 6.4109416656307787e-03 1.5188046984795639e-01 8.0969934780326347e-01 9.1973308817103216e-01]
| >     momentum space  : k = [[-6.0546650197931857e+00, 1.3917740859312447e+01, 7.5348644807625533e+02]; [3.2739029949271142e+01, -8.3147912655750446e+01, -3.4683116351085334e+02]]
| > Stability pipeline: float pairs accepted = 33938838, HP pairs attempted/accepted = 61162/61160
| > Stability triggers: float mismatch = 58664, float non-finite/error = 2
| > Higher-precision rejections: disagreement = 2, non-finite = 0, error = 0
| > Unstable rotational-check points rejected = 2
| > Rotational-check high-precision retries = 58666
| > Rotational-check high-precision salvaged = 58664
| > Large-weight high-precision retries = 2496
| > Large-weight high-precision salvaged = 2496
| > Large-weight high-precision rejected = 0
| > Large-weight samples zeroed = 0 (0.000e+00 of samples; removed signed/absolute sums = 0.00000e+00/0.00000e+00)
| > Non-finite final outputs zeroed = 0
| > Non-finite float rotated evaluations seen = 0
| > Example higher-precision-retried xs = [1.1737056346071351e-01 6.8210704234608166e-01 1.3637080159835113e-03 4.3066148777310964e-01 4.3356886191813082e-01 5.9829937939858402e-01] | float rel = 3.97127e-06
| >     momentum space  : k = [[-4.7144688033663129e-01, -1.0373028020352817e+00, 2.6595416256139868e+02]; [-1.3175423952853735e+03, 5.8427290965667441e+02, -4.5980225484447061e+02]]
| > Example large-weight higher-precision-retried xs = [2.4743214951097262e-01 1.9253954976410956e-02 7.5639735761422510e-03 1.1789330545539248e-01 5.8387763198916209e-01 8.8411195536692044e-01] | compiled = 4.30723e+02 | higher precision = 4.30723e+02
| >     momentum space  : k = [[1.5510067285466739e+01, 1.8855559947614091e+00, 6.5738203690586454e+02]; [-8.2265791044449472e+01, -4.7872044474115157e+01, -2.4977907995107381e+02]]
| > Example unstable xs = [3.9920422286985552e-01 4.6207242265265575e-01 2.1903351813005502e-09 8.0889503796212459e-02 7.6799941403647265e-01 7.5650221262021880e-02]
| >     momentum space  : k = [[-8.8860437550255776e-06, 2.1586154694590237e-06, 1.3289182050405120e+03]; [4.6766024140998237e+00, -4.1175141562071751e+01, 1.7106927440814647e+02]]
| > Example higher-precision rejection xs = [3.9920422286985552e-01 4.6207242265265575e-01 2.1903351813005502e-09 8.0889503796212459e-02 7.6799941403647265e-01 7.5650221262021880e-02] | reason = higher-precision original/rotated pair disagrees
| >     momentum space  : k = [[-8.8860437550255776e-06, 2.1586154694590237e-06, 1.3289182050405120e+03]; [4.6766024140998237e+00, -4.1175141562071751e+01, 1.7106927440814647e+02]]
| > [92mCentral value[0m : +4.9523130575920023e-08   +/- 1.97e-10     ([92m0.399%[0m)
[92mINFO[0m [94msymbolica_integrator l.6781[0m [96mt=2026-09-01,22:04:06.939[0m > | > Graph-channel Symbolica observer estimates:
| >   graph_0     : 1.3086173978197380e-09 +/- 5.93e-12 [17179 selected]
| >   graph_1     : 2.2994607509784249e-09 +/- 1.04e-11 [30854 selected]
| >   graph_2     : 2.2356978004069688e-08 +/- 5.83e-11 [169693 selected]
| >   graph_3     : 6.1388518905473560e-11 +/- 1.22e-12 [3707 selected]
| >   graph_4     : -3.1103536218238271e-09 +/- 1.16e-11 [31762 selected]
| >   graph_5     : 3.6193755880581965e-10 +/- 3.75e-12 [10477 selected]
| >   graph_6     : 7.3984318193811195e-08 +/- 1.44e-10 [366547 selected]
| >   graph_7     : -2.2818633616932498e-09 +/- 7.61e-12 [25216 selected]
| >   graph_8     : -4.7637005512709959e-08 +/- 1.20e-10 [295898 selected]
| >   graph_9     : 1.9716048469123093e-09 +/- 7.31e-12 [22618 selected]
| >   graph_10    : 2.0804780084501449e-10 +/- 7.86e-12 [26049 selected]
| >   sum         : 4.9523130575920625e-08
| >   total       : 4.9523130575920023e-08
| >   difference  : 6.0218748593860415e-22
[92mINFO[0m [94msymbolica_integrator l.6744[0m [96mt=2026-09-01,22:04:06.939[0m > Symbolica integration: starting iteration [92m35/100[0m using [94m1000000[0m points ...
[92mINFO[0m [94msymbolica_integrator l.6777[0m [96mt=2026-09-01,22:05:02.378[0m > ... result after this iteration:
| > Integration result after [92m35000000[0m evaluations in [92m48706.88 CPU-s[0m [94m(1391.6 µs / eval)[0m
| > Extremal weights:
| >   with jacobian    : 6.01110e+02 at xs = [2.7368845941000280e-01 3.1530719491606096e-01 6.4109416656307787e-03 1.5188046984795639e-01 8.0969934780326347e-01 9.1973308817103216e-01] | jacobian = 1.50367e+18
| >     momentum space  : k = [[-6.0546650197931857e+00, 1.3917740859312447e+01, 7.5348644807625533e+02]; [3.2739029949271142e+01, -8.3147912655750446e+01, -3.4683116351085334e+02]]
| >   without jacobian : 2.40198e-12 at xs = [2.0231025968725933e-01 9.6790326112182989e-01 5.2726321992148741e-08 7.9559640952997238e-02 1.6941796973682785e-01 8.2637307841992547e-01] | jacobian = 1.91044e+12
| >     momentum space  : k = [[8.2318831532790588e-05, -1.6830002498297399e-05, 5.0724047073224034e+02]; [4.3495248633942388e+01, 7.8436731936210407e+01, -1.4778672115385956e+02]]
| >   before clipping   : 6.01110e+02 at xs = [2.7368845941000280e-01 3.1530719491606096e-01 6.4109416656307787e-03 1.5188046984795639e-01 8.0969934780326347e-01 9.1973308817103216e-01]
| >     momentum space  : k = [[-6.0546650197931857e+00, 1.3917740859312447e+01, 7.5348644807625533e+02]; [3.2739029949271142e+01, -8.3147912655750446e+01, -3.4683116351085334e+02]]
| > Stability pipeline: float pairs accepted = 34937041, HP pairs attempted/accepted = 62959/62957
| > Stability triggers: float mismatch = 60380, float non-finite/error = 2
| > Higher-precision rejections: disagreement = 2, non-finite = 0, error = 0
| > Unstable rotational-check points rejected = 2
| > Rotational-check high-precision retries = 60382
| > Rotational-check high-precision salvaged = 60380
| > Large-weight high-precision retries = 2577
| > Large-weight high-precision salvaged = 2577
| > Large-weight high-precision rejected = 0
| > Large-weight samples zeroed = 0 (0.000e+00 of samples; removed signed/absolute sums = 0.00000e+00/0.00000e+00)
| > Non-finite final outputs zeroed = 0
| > Non-finite float rotated evaluations seen = 0
| > Example higher-precision-retried xs = [1.1737056346071351e-01 6.8210704234608166e-01 1.3637080159835113e-03 4.3066148777310964e-01 4.3356886191813082e-01 5.9829937939858402e-01] | float rel = 3.97127e-06
| >     momentum space  : k = [[-4.7144688033663129e-01, -1.0373028020352817e+00, 2.6595416256139868e+02]; [-1.3175423952853735e+03, 5.8427290965667441e+02, -4.5980225484447061e+02]]
| > Example large-weight higher-precision-retried xs = [2.4743214951097262e-01 1.9253954976410956e-02 7.5639735761422510e-03 1.1789330545539248e-01 5.8387763198916209e-01 8.8411195536692044e-01] | compiled = 4.30723e+02 | higher precision = 4.30723e+02
| >     momentum space  : k = [[1.5510067285466739e+01, 1.8855559947614091e+00, 6.5738203690586454e+02]; [-8.2265791044449472e+01, -4.7872044474115157e+01, -2.4977907995107381e+02]]
| > Example unstable xs = [3.9920422286985552e-01 4.6207242265265575e-01 2.1903351813005502e-09 8.0889503796212459e-02 7.6799941403647265e-01 7.5650221262021880e-02]
| >     momentum space  : k = [[-8.8860437550255776e-06, 2.1586154694590237e-06, 1.3289182050405120e+03]; [4.6766024140998237e+00, -4.1175141562071751e+01, 1.7106927440814647e+02]]
| > Example higher-precision rejection xs = [3.9920422286985552e-01 4.6207242265265575e-01 2.1903351813005502e-09 8.0889503796212459e-02 7.6799941403647265e-01 7.5650221262021880e-02] | reason = higher-precision original/rotated pair disagrees
| >     momentum space  : k = [[-8.8860437550255776e-06, 2.1586154694590237e-06, 1.3289182050405120e+03]; [4.6766024140998237e+00, -4.1175141562071751e+01, 1.7106927440814647e+02]]
| > [92mCentral value[0m : +4.9529014636039711e-08   +/- 1.92e-10     ([92m0.388%[0m)
[92mINFO[0m [94msymbolica_integrator l.6781[0m [96mt=2026-09-01,22:05:02.378[0m > | > Graph-channel Symbolica observer estimates:
| >   graph_0     : 1.3080893034813341e-09 +/- 5.81e-12 [16964 selected]
| >   graph_1     : 2.3005516647338130e-09 +/- 1.02e-11 [30649 selected]
| >   graph_2     : 2.2359590836112600e-08 +/- 5.67e-11 [170007 selected]
| >   graph_3     : 6.1729820842980320e-11 +/- 1.21e-12 [3753 selected]
| >   graph_4     : -3.1089771579618993e-09 +/- 1.14e-11 [31485 selected]
| >   graph_5     : 3.6243492255057079e-10 +/- 3.68e-12 [10327 selected]
| >   graph_6     : 7.3996591411152184e-08 +/- 1.40e-10 [366557 selected]
| >   graph_7     : -2.2849333567107022e-09 +/- 7.47e-12 [25312 selected]
| >   graph_8     : -4.7643397911452386e-08 +/- 1.16e-10 [296094 selected]
| >   graph_9     : 1.9701761653670987e-09 +/- 7.17e-12 [22611 selected]
| >   graph_10    : 2.0715893792474728e-10 +/- 7.73e-12 [26241 selected]
| >   sum         : 4.9529014636040340e-08
| >   total       : 4.9529014636039711e-08
| >   difference  : 6.2865726554030103e-22
[92mINFO[0m [94msymbolica_integrator l.6744[0m [96mt=2026-09-01,22:05:02.403[0m > Symbolica integration: starting iteration [92m36/100[0m using [94m1000000[0m points ...
[92mINFO[0m [94msymbolica_integrator l.6777[0m [96mt=2026-09-01,22:05:50.014[0m > ... result after this iteration:
| > Integration result after [92m36000000[0m evaluations in [92m49839.67 CPU-s[0m [94m(1384.4 µs / eval)[0m
| > Extremal weights:
| >   with jacobian    : 6.01110e+02 at xs = [2.7368845941000280e-01 3.1530719491606096e-01 6.4109416656307787e-03 1.5188046984795639e-01 8.0969934780326347e-01 9.1973308817103216e-01] | jacobian = 1.50367e+18
| >     momentum space  : k = [[-6.0546650197931857e+00, 1.3917740859312447e+01, 7.5348644807625533e+02]; [3.2739029949271142e+01, -8.3147912655750446e+01, -3.4683116351085334e+02]]
| >   without jacobian : 2.40198e-12 at xs = [2.0231025968725933e-01 9.6790326112182989e-01 5.2726321992148741e-08 7.9559640952997238e-02 1.6941796973682785e-01 8.2637307841992547e-01] | jacobian = 1.91044e+12
| >     momentum space  : k = [[8.2318831532790588e-05, -1.6830002498297399e-05, 5.0724047073224034e+02]; [4.3495248633942388e+01, 7.8436731936210407e+01, -1.4778672115385956e+02]]
| >   before clipping   : 6.01110e+02 at xs = [2.7368845941000280e-01 3.1530719491606096e-01 6.4109416656307787e-03 1.5188046984795639e-01 8.0969934780326347e-01 9.1973308817103216e-01]
| >     momentum space  : k = [[-6.0546650197931857e+00, 1.3917740859312447e+01, 7.5348644807625533e+02]; [3.2739029949271142e+01, -8.3147912655750446e+01, -3.4683116351085334e+02]]
| > Stability pipeline: float pairs accepted = 35935295, HP pairs attempted/accepted = 64705/64703
| > Stability triggers: float mismatch = 62040, float non-finite/error = 2
| > Higher-precision rejections: disagreement = 2, non-finite = 0, error = 0
| > Unstable rotational-check points rejected = 2
| > Rotational-check high-precision retries = 62042
| > Rotational-check high-precision salvaged = 62040
| > Large-weight high-precision retries = 2663
| > Large-weight high-precision salvaged = 2663
| > Large-weight high-precision rejected = 0
| > Large-weight samples zeroed = 0 (0.000e+00 of samples; removed signed/absolute sums = 0.00000e+00/0.00000e+00)
| > Non-finite final outputs zeroed = 0
| > Non-finite float rotated evaluations seen = 0
| > Example higher-precision-retried xs = [1.1737056346071351e-01 6.8210704234608166e-01 1.3637080159835113e-03 4.3066148777310964e-01 4.3356886191813082e-01 5.9829937939858402e-01] | float rel = 3.97127e-06
| >     momentum space  : k = [[-4.7144688033663129e-01, -1.0373028020352817e+00, 2.6595416256139868e+02]; [-1.3175423952853735e+03, 5.8427290965667441e+02, -4.5980225484447061e+02]]
| > Example large-weight higher-precision-retried xs = [2.4743214951097262e-01 1.9253954976410956e-02 7.5639735761422510e-03 1.1789330545539248e-01 5.8387763198916209e-01 8.8411195536692044e-01] | compiled = 4.30723e+02 | higher precision = 4.30723e+02
| >     momentum space  : k = [[1.5510067285466739e+01, 1.8855559947614091e+00, 6.5738203690586454e+02]; [-8.2265791044449472e+01, -4.7872044474115157e+01, -2.4977907995107381e+02]]
| > Example unstable xs = [3.9920422286985552e-01 4.6207242265265575e-01 2.1903351813005502e-09 8.0889503796212459e-02 7.6799941403647265e-01 7.5650221262021880e-02]
| >     momentum space  : k = [[-8.8860437550255776e-06, 2.1586154694590237e-06, 1.3289182050405120e+03]; [4.6766024140998237e+00, -4.1175141562071751e+01, 1.7106927440814647e+02]]
| > Example higher-precision rejection xs = [3.9920422286985552e-01 4.6207242265265575e-01 2.1903351813005502e-09 8.0889503796212459e-02 7.6799941403647265e-01 7.5650221262021880e-02] | reason = higher-precision original/rotated pair disagrees
| >     momentum space  : k = [[-8.8860437550255776e-06, 2.1586154694590237e-06, 1.3289182050405120e+03]; [4.6766024140998237e+00, -4.1175141562071751e+01, 1.7106927440814647e+02]]
| > [92mCentral value[0m : +4.9526371144881709e-08   +/- 1.87e-10     ([92m0.378%[0m)
[92mINFO[0m [94msymbolica_integrator l.6781[0m [96mt=2026-09-01,22:05:50.059[0m > | > Graph-channel Symbolica observer estimates:
| >   graph_0     : 1.3069455960501867e-09 +/- 5.70e-12 [16932 selected]
| >   graph_1     : 2.3008460994188824e-09 +/- 1.00e-11 [30523 selected]
| >   graph_2     : 2.2364849865977058e-08 +/- 5.53e-11 [170967 selected]
| >   graph_3     : 6.1681441342566174e-11 +/- 1.20e-12 [3571 selected]
| >   graph_4     : -3.1095634756665049e-09 +/- 1.12e-11 [31660 selected]
| >   graph_5     : 3.6269269682975575e-10 +/- 3.61e-12 [10337 selected]
| >   graph_6     : 7.3991390329140714e-08 +/- 1.36e-10 [366433 selected]
| >   graph_7     : -2.2854433841016000e-09 +/- 7.33e-12 [24696 selected]
| >   graph_8     : -4.7643023117130584e-08 +/- 1.13e-10 [295934 selected]
| >   graph_9     : 1.9690676766276935e-09 +/- 7.02e-12 [22468 selected]
| >   graph_10    : 2.0692741639417380e-10 +/- 7.57e-12 [26479 selected]
| >   sum         : 4.9526371144882344e-08
| >   total       : 4.9526371144881709e-08
| >   difference  : 6.3527471044072525e-22
[92mINFO[0m [94msymbolica_integrator l.6744[0m [96mt=2026-09-01,22:05:50.059[0m > Symbolica integration: starting iteration [92m37/100[0m using [94m1000000[0m points ...
[92mINFO[0m [94msymbolica_integrator l.6777[0m [96mt=2026-09-01,22:06:37.206[0m > ... result after this iteration:
| > Integration result after [92m37000000[0m evaluations in [92m50940.79 CPU-s[0m [94m(1376.8 µs / eval)[0m
| > Extremal weights:
| >   with jacobian    : 6.01110e+02 at xs = [2.7368845941000280e-01 3.1530719491606096e-01 6.4109416656307787e-03 1.5188046984795639e-01 8.0969934780326347e-01 9.1973308817103216e-01] | jacobian = 1.50367e+18
| >     momentum space  : k = [[-6.0546650197931857e+00, 1.3917740859312447e+01, 7.5348644807625533e+02]; [3.2739029949271142e+01, -8.3147912655750446e+01, -3.4683116351085334e+02]]
| >   without jacobian : 2.40198e-12 at xs = [2.0231025968725933e-01 9.6790326112182989e-01 5.2726321992148741e-08 7.9559640952997238e-02 1.6941796973682785e-01 8.2637307841992547e-01] | jacobian = 1.91044e+12
| >     momentum space  : k = [[8.2318831532790588e-05, -1.6830002498297399e-05, 5.0724047073224034e+02]; [4.3495248633942388e+01, 7.8436731936210407e+01, -1.4778672115385956e+02]]
| >   before clipping   : 6.01110e+02 at xs = [2.7368845941000280e-01 3.1530719491606096e-01 6.4109416656307787e-03 1.5188046984795639e-01 8.0969934780326347e-01 9.1973308817103216e-01]
| >     momentum space  : k = [[-6.0546650197931857e+00, 1.3917740859312447e+01, 7.5348644807625533e+02]; [3.2739029949271142e+01, -8.3147912655750446e+01, -3.4683116351085334e+02]]
| > Stability pipeline: float pairs accepted = 36933483, HP pairs attempted/accepted = 66517/66515
| > Stability triggers: float mismatch = 63770, float non-finite/error = 2
| > Higher-precision rejections: disagreement = 2, non-finite = 0, error = 0
| > Unstable rotational-check points rejected = 2
| > Rotational-check high-precision retries = 63772
| > Rotational-check high-precision salvaged = 63770
| > Large-weight high-precision retries = 2745
| > Large-weight high-precision salvaged = 2745
| > Large-weight high-precision rejected = 0
| > Large-weight samples zeroed = 0 (0.000e+00 of samples; removed signed/absolute sums = 0.00000e+00/0.00000e+00)
| > Non-finite final outputs zeroed = 0
| > Non-finite float rotated evaluations seen = 0
| > Example higher-precision-retried xs = [1.1737056346071351e-01 6.8210704234608166e-01 1.3637080159835113e-03 4.3066148777310964e-01 4.3356886191813082e-01 5.9829937939858402e-01] | float rel = 3.97127e-06
| >     momentum space  : k = [[-4.7144688033663129e-01, -1.0373028020352817e+00, 2.6595416256139868e+02]; [-1.3175423952853735e+03, 5.8427290965667441e+02, -4.5980225484447061e+02]]
| > Example large-weight higher-precision-retried xs = [2.4743214951097262e-01 1.9253954976410956e-02 7.5639735761422510e-03 1.1789330545539248e-01 5.8387763198916209e-01 8.8411195536692044e-01] | compiled = 4.30723e+02 | higher precision = 4.30723e+02
| >     momentum space  : k = [[1.5510067285466739e+01, 1.8855559947614091e+00, 6.5738203690586454e+02]; [-8.2265791044449472e+01, -4.7872044474115157e+01, -2.4977907995107381e+02]]
| > Example unstable xs = [3.9920422286985552e-01 4.6207242265265575e-01 2.1903351813005502e-09 8.0889503796212459e-02 7.6799941403647265e-01 7.5650221262021880e-02]
| >     momentum space  : k = [[-8.8860437550255776e-06, 2.1586154694590237e-06, 1.3289182050405120e+03]; [4.6766024140998237e+00, -4.1175141562071751e+01, 1.7106927440814647e+02]]
| > Example higher-precision rejection xs = [3.9920422286985552e-01 4.6207242265265575e-01 2.1903351813005502e-09 8.0889503796212459e-02 7.6799941403647265e-01 7.5650221262021880e-02] | reason = higher-precision original/rotated pair disagrees
| >     momentum space  : k = [[-8.8860437550255776e-06, 2.1586154694590237e-06, 1.3289182050405120e+03]; [4.6766024140998237e+00, -4.1175141562071751e+01, 1.7106927440814647e+02]]
| > [92mCentral value[0m : +4.9530492278128429e-08   +/- 1.82e-10     ([92m0.368%[0m)
[92mINFO[0m [94msymbolica_integrator l.6781[0m [96mt=2026-09-01,22:06:37.207[0m > | > Graph-channel Symbolica observer estimates:
| >   graph_0     : 1.3071740483930536e-09 +/- 5.61e-12 [17125 selected]
| >   graph_1     : 2.3001283905590397e-09 +/- 9.83e-12 [30378 selected]
| >   graph_2     : 2.2368602212275098e-08 +/- 5.39e-11 [169823 selected]
| >   graph_3     : 6.2083238994515375e-11 +/- 1.20e-12 [3701 selected]
| >   graph_4     : -3.1076912260434640e-09 +/- 1.10e-11 [31942 selected]
| >   graph_5     : 3.6216839204970203e-10 +/- 3.54e-12 [10276 selected]
| >   graph_6     : 7.3990963723500778e-08 +/- 1.33e-10 [367331 selected]
| >   graph_7     : -2.2852042192295306e-09 +/- 7.21e-12 [24514 selected]
| >   graph_8     : -4.7644875668234699e-08 +/- 1.10e-10 [295914 selected]
| >   graph_9     : 1.9701142043712819e-09 +/- 6.89e-12 [22607 selected]
| >   graph_10    : 2.0702918149333304e-10 +/- 7.42e-12 [26389 selected]
| >   sum         : 4.9530492278129110e-08
| >   total       : 4.9530492278128429e-08
| >   difference  : 6.8159682474369480e-22
[92mINFO[0m [94msymbolica_integrator l.6744[0m [96mt=2026-09-01,22:06:37.242[0m > Symbolica integration: starting iteration [92m38/100[0m using [94m1000000[0m points ...
[92mINFO[0m [94msymbolica_integrator l.6777[0m [96mt=2026-09-01,22:07:54.552[0m > ... result after this iteration:
| > Integration result after [92m38000000[0m evaluations in [92m52618.31 CPU-s[0m [94m(1384.7 µs / eval)[0m
| > Extremal weights:
| >   with jacobian    : 6.01110e+02 at xs = [2.7368845941000280e-01 3.1530719491606096e-01 6.4109416656307787e-03 1.5188046984795639e-01 8.0969934780326347e-01 9.1973308817103216e-01] | jacobian = 1.50367e+18
| >     momentum space  : k = [[-6.0546650197931857e+00, 1.3917740859312447e+01, 7.5348644807625533e+02]; [3.2739029949271142e+01, -8.3147912655750446e+01, -3.4683116351085334e+02]]
| >   without jacobian : 2.40198e-12 at xs = [2.0231025968725933e-01 9.6790326112182989e-01 5.2726321992148741e-08 7.9559640952997238e-02 1.6941796973682785e-01 8.2637307841992547e-01] | jacobian = 1.91044e+12
| >     momentum space  : k = [[8.2318831532790588e-05, -1.6830002498297399e-05, 5.0724047073224034e+02]; [4.3495248633942388e+01, 7.8436731936210407e+01, -1.4778672115385956e+02]]
| >   before clipping   : 6.01110e+02 at xs = [2.7368845941000280e-01 3.1530719491606096e-01 6.4109416656307787e-03 1.5188046984795639e-01 8.0969934780326347e-01 9.1973308817103216e-01]
| >     momentum space  : k = [[-6.0546650197931857e+00, 1.3917740859312447e+01, 7.5348644807625533e+02]; [3.2739029949271142e+01, -8.3147912655750446e+01, -3.4683116351085334e+02]]
| > Stability pipeline: float pairs accepted = 37931726, HP pairs attempted/accepted = 68274/68272
| > Stability triggers: float mismatch = 65458, float non-finite/error = 2
| > Higher-precision rejections: disagreement = 2, non-finite = 0, error = 0
| > Unstable rotational-check points rejected = 2
| > Rotational-check high-precision retries = 65460
| > Rotational-check high-precision salvaged = 65458
| > Large-weight high-precision retries = 2814
| > Large-weight high-precision salvaged = 2814
| > Large-weight high-precision rejected = 0
| > Large-weight samples zeroed = 0 (0.000e+00 of samples; removed signed/absolute sums = 0.00000e+00/0.00000e+00)
| > Non-finite final outputs zeroed = 0
| > Non-finite float rotated evaluations seen = 0
| > Example higher-precision-retried xs = [1.1737056346071351e-01 6.8210704234608166e-01 1.3637080159835113e-03 4.3066148777310964e-01 4.3356886191813082e-01 5.9829937939858402e-01] | float rel = 3.97127e-06
| >     momentum space  : k = [[-4.7144688033663129e-01, -1.0373028020352817e+00, 2.6595416256139868e+02]; [-1.3175423952853735e+03, 5.8427290965667441e+02, -4.5980225484447061e+02]]
| > Example large-weight higher-precision-retried xs = [2.4743214951097262e-01 1.9253954976410956e-02 7.5639735761422510e-03 1.1789330545539248e-01 5.8387763198916209e-01 8.8411195536692044e-01] | compiled = 4.30723e+02 | higher precision = 4.30723e+02
| >     momentum space  : k = [[1.5510067285466739e+01, 1.8855559947614091e+00, 6.5738203690586454e+02]; [-8.2265791044449472e+01, -4.7872044474115157e+01, -2.4977907995107381e+02]]
| > Example unstable xs = [3.9920422286985552e-01 4.6207242265265575e-01 2.1903351813005502e-09 8.0889503796212459e-02 7.6799941403647265e-01 7.5650221262021880e-02]
| >     momentum space  : k = [[-8.8860437550255776e-06, 2.1586154694590237e-06, 1.3289182050405120e+03]; [4.6766024140998237e+00, -4.1175141562071751e+01, 1.7106927440814647e+02]]
| > Example higher-precision rejection xs = [3.9920422286985552e-01 4.6207242265265575e-01 2.1903351813005502e-09 8.0889503796212459e-02 7.6799941403647265e-01 7.5650221262021880e-02] | reason = higher-precision original/rotated pair disagrees
| >     momentum space  : k = [[-8.8860437550255776e-06, 2.1586154694590237e-06, 1.3289182050405120e+03]; [4.6766024140998237e+00, -4.1175141562071751e+01, 1.7106927440814647e+02]]
| > [92mCentral value[0m : +4.9530580644152609e-08   +/- 1.78e-10     ([92m0.359%[0m)
[92mINFO[0m [94msymbolica_integrator l.6781[0m [96mt=2026-09-01,22:07:54.552[0m > | > Graph-channel Symbolica observer estimates:
| >   graph_0     : 1.3072738722297738e-09 +/- 5.52e-12 [17107 selected]
| >   graph_1     : 2.2999362658585705e-09 +/- 9.65e-12 [30488 selected]
| >   graph_2     : 2.2367800284983955e-08 +/- 5.26e-11 [170218 selected]
| >   graph_3     : 6.2157894106538350e-11 +/- 1.17e-12 [3764 selected]
| >   graph_4     : -3.1075618948780949e-09 +/- 1.08e-11 [31875 selected]
| >   graph_5     : 3.6239530484120943e-10 +/- 3.48e-12 [10361 selected]
| >   graph_6     : 7.3995968137825958e-08 +/- 1.29e-10 [368525 selected]
| >   graph_7     : -2.2849603652645743e-09 +/- 7.08e-12 [24470 selected]
| >   graph_8     : -4.7649428154762908e-08 +/- 1.07e-10 [294848 selected]
| >   graph_9     : 1.9707486044895873e-09 +/- 6.77e-12 [22233 selected]
| >   graph_10    : 2.0625069472327829e-10 +/- 7.28e-12 [26111 selected]
| >   sum         : 4.9530580644153290e-08
| >   total       : 4.9530580644152609e-08
| >   difference  : 6.8159682474369480e-22
[92mINFO[0m [94msymbolica_integrator l.6744[0m [96mt=2026-09-01,22:07:54.552[0m > Symbolica integration: starting iteration [92m39/100[0m using [94m1000000[0m points ...
[92mINFO[0m [94msymbolica_integrator l.6777[0m [96mt=2026-09-01,22:08:45.532[0m > ... result after this iteration:
| > Integration result after [92m39000000[0m evaluations in [92m53839.62 CPU-s[0m [94m(1380.5 µs / eval)[0m
| > Extremal weights:
| >   with jacobian    : 6.01110e+02 at xs = [2.7368845941000280e-01 3.1530719491606096e-01 6.4109416656307787e-03 1.5188046984795639e-01 8.0969934780326347e-01 9.1973308817103216e-01] | jacobian = 1.50367e+18
| >     momentum space  : k = [[-6.0546650197931857e+00, 1.3917740859312447e+01, 7.5348644807625533e+02]; [3.2739029949271142e+01, -8.3147912655750446e+01, -3.4683116351085334e+02]]
| >   without jacobian : 2.40198e-12 at xs = [2.0231025968725933e-01 9.6790326112182989e-01 5.2726321992148741e-08 7.9559640952997238e-02 1.6941796973682785e-01 8.2637307841992547e-01] | jacobian = 1.91044e+12
| >     momentum space  : k = [[8.2318831532790588e-05, -1.6830002498297399e-05, 5.0724047073224034e+02]; [4.3495248633942388e+01, 7.8436731936210407e+01, -1.4778672115385956e+02]]
| >   before clipping   : 6.01110e+02 at xs = [2.7368845941000280e-01 3.1530719491606096e-01 6.4109416656307787e-03 1.5188046984795639e-01 8.0969934780326347e-01 9.1973308817103216e-01]
| >     momentum space  : k = [[-6.0546650197931857e+00, 1.3917740859312447e+01, 7.5348644807625533e+02]; [3.2739029949271142e+01, -8.3147912655750446e+01, -3.4683116351085334e+02]]
| > Stability pipeline: float pairs accepted = 38929936, HP pairs attempted/accepted = 70064/70062
| > Stability triggers: float mismatch = 67188, float non-finite/error = 2
| > Higher-precision rejections: disagreement = 2, non-finite = 0, error = 0
| > Unstable rotational-check points rejected = 2
| > Rotational-check high-precision retries = 67190
| > Rotational-check high-precision salvaged = 67188
| > Large-weight high-precision retries = 2874
| > Large-weight high-precision salvaged = 2874
| > Large-weight high-precision rejected = 0
| > Large-weight samples zeroed = 0 (0.000e+00 of samples; removed signed/absolute sums = 0.00000e+00/0.00000e+00)
| > Non-finite final outputs zeroed = 0
| > Non-finite float rotated evaluations seen = 0
| > Example higher-precision-retried xs = [1.1737056346071351e-01 6.8210704234608166e-01 1.3637080159835113e-03 4.3066148777310964e-01 4.3356886191813082e-01 5.9829937939858402e-01] | float rel = 3.97127e-06
| >     momentum space  : k = [[-4.7144688033663129e-01, -1.0373028020352817e+00, 2.6595416256139868e+02]; [-1.3175423952853735e+03, 5.8427290965667441e+02, -4.5980225484447061e+02]]
| > Example large-weight higher-precision-retried xs = [2.4743214951097262e-01 1.9253954976410956e-02 7.5639735761422510e-03 1.1789330545539248e-01 5.8387763198916209e-01 8.8411195536692044e-01] | compiled = 4.30723e+02 | higher precision = 4.30723e+02
| >     momentum space  : k = [[1.5510067285466739e+01, 1.8855559947614091e+00, 6.5738203690586454e+02]; [-8.2265791044449472e+01, -4.7872044474115157e+01, -2.4977907995107381e+02]]
| > Example unstable xs = [3.9920422286985552e-01 4.6207242265265575e-01 2.1903351813005502e-09 8.0889503796212459e-02 7.6799941403647265e-01 7.5650221262021880e-02]
| >     momentum space  : k = [[-8.8860437550255776e-06, 2.1586154694590237e-06, 1.3289182050405120e+03]; [4.6766024140998237e+00, -4.1175141562071751e+01, 1.7106927440814647e+02]]
| > Example higher-precision rejection xs = [3.9920422286985552e-01 4.6207242265265575e-01 2.1903351813005502e-09 8.0889503796212459e-02 7.6799941403647265e-01 7.5650221262021880e-02] | reason = higher-precision original/rotated pair disagrees
| >     momentum space  : k = [[-8.8860437550255776e-06, 2.1586154694590237e-06, 1.3289182050405120e+03]; [4.6766024140998237e+00, -4.1175141562071751e+01, 1.7106927440814647e+02]]
| > [92mCentral value[0m : +4.9536944472265262e-08   +/- 1.73e-10     ([92m0.350%[0m)
[92mINFO[0m [94msymbolica_integrator l.6781[0m [96mt=2026-09-01,22:08:45.533[0m > | > Graph-channel Symbolica observer estimates:
| >   graph_0     : 1.3073903328056351e-09 +/- 5.44e-12 [16921 selected]
| >   graph_1     : 2.3006916509550077e-09 +/- 9.47e-12 [30768 selected]
| >   graph_2     : 2.2370593233194376e-08 +/- 5.14e-11 [169455 selected]
| >   graph_3     : 6.1955806137804924e-11 +/- 1.15e-12 [3640 selected]
| >   graph_4     : -3.1074530710713439e-09 +/- 1.06e-11 [31647 selected]
| >   graph_5     : 3.6273718488234085e-10 +/- 3.44e-12 [10173 selected]
| >   graph_6     : 7.4001075495635833e-08 +/- 1.26e-10 [367359 selected]
| >   graph_7     : -2.2836202031267424e-09 +/- 6.95e-12 [24250 selected]
| >   graph_8     : -4.7653435403162516e-08 +/- 1.05e-10 [297002 selected]
| >   graph_9     : 1.9701945454713106e-09 +/- 6.64e-12 [22582 selected]
| >   graph_10    : 2.0681490054420558e-10 +/- 7.14e-12 [26203 selected]
| >   sum         : 4.9536944472265911e-08
| >   total       : 4.9536944472265262e-08
| >   difference  : 6.4850960024157370e-22
[92mINFO[0m [94msymbolica_integrator l.6744[0m [96mt=2026-09-01,22:08:45.598[0m > Symbolica integration: starting iteration [92m40/100[0m using [94m1000000[0m points ...
[92mINFO[0m [94msymbolica_integrator l.6777[0m [96mt=2026-09-01,22:09:38.488[0m > ... result after this iteration:
| > Integration result after [92m40000000[0m evaluations in [92m55034.55 CPU-s[0m [94m(1375.9 µs / eval)[0m
| > Extremal weights:
| >   with jacobian    : 6.01110e+02 at xs = [2.7368845941000280e-01 3.1530719491606096e-01 6.4109416656307787e-03 1.5188046984795639e-01 8.0969934780326347e-01 9.1973308817103216e-01] | jacobian = 1.50367e+18
| >     momentum space  : k = [[-6.0546650197931857e+00, 1.3917740859312447e+01, 7.5348644807625533e+02]; [3.2739029949271142e+01, -8.3147912655750446e+01, -3.4683116351085334e+02]]
| >   without jacobian : 2.40198e-12 at xs = [2.0231025968725933e-01 9.6790326112182989e-01 5.2726321992148741e-08 7.9559640952997238e-02 1.6941796973682785e-01 8.2637307841992547e-01] | jacobian = 1.91044e+12
| >     momentum space  : k = [[8.2318831532790588e-05, -1.6830002498297399e-05, 5.0724047073224034e+02]; [4.3495248633942388e+01, 7.8436731936210407e+01, -1.4778672115385956e+02]]
| >   before clipping   : 6.01110e+02 at xs = [2.7368845941000280e-01 3.1530719491606096e-01 6.4109416656307787e-03 1.5188046984795639e-01 8.0969934780326347e-01 9.1973308817103216e-01]
| >     momentum space  : k = [[-6.0546650197931857e+00, 1.3917740859312447e+01, 7.5348644807625533e+02]; [3.2739029949271142e+01, -8.3147912655750446e+01, -3.4683116351085334e+02]]
| > Stability pipeline: float pairs accepted = 39928225, HP pairs attempted/accepted = 71775/71773
| > Stability triggers: float mismatch = 68831, float non-finite/error = 2
| > Higher-precision rejections: disagreement = 2, non-finite = 0, error = 0
| > Unstable rotational-check points rejected = 2
| > Rotational-check high-precision retries = 68833
| > Rotational-check high-precision salvaged = 68831
| > Large-weight high-precision retries = 2942
| > Large-weight high-precision salvaged = 2942
| > Large-weight high-precision rejected = 0
| > Large-weight samples zeroed = 0 (0.000e+00 of samples; removed signed/absolute sums = 0.00000e+00/0.00000e+00)
| > Non-finite final outputs zeroed = 0
| > Non-finite float rotated evaluations seen = 0
| > Example higher-precision-retried xs = [1.1737056346071351e-01 6.8210704234608166e-01 1.3637080159835113e-03 4.3066148777310964e-01 4.3356886191813082e-01 5.9829937939858402e-01] | float rel = 3.97127e-06
| >     momentum space  : k = [[-4.7144688033663129e-01, -1.0373028020352817e+00, 2.6595416256139868e+02]; [-1.3175423952853735e+03, 5.8427290965667441e+02, -4.5980225484447061e+02]]
| > Example large-weight higher-precision-retried xs = [2.4743214951097262e-01 1.9253954976410956e-02 7.5639735761422510e-03 1.1789330545539248e-01 5.8387763198916209e-01 8.8411195536692044e-01] | compiled = 4.30723e+02 | higher precision = 4.30723e+02
| >     momentum space  : k = [[1.5510067285466739e+01, 1.8855559947614091e+00, 6.5738203690586454e+02]; [-8.2265791044449472e+01, -4.7872044474115157e+01, -2.4977907995107381e+02]]
| > Example unstable xs = [3.9920422286985552e-01 4.6207242265265575e-01 2.1903351813005502e-09 8.0889503796212459e-02 7.6799941403647265e-01 7.5650221262021880e-02]
| >     momentum space  : k = [[-8.8860437550255776e-06, 2.1586154694590237e-06, 1.3289182050405120e+03]; [4.6766024140998237e+00, -4.1175141562071751e+01, 1.7106927440814647e+02]]
| > Example higher-precision rejection xs = [3.9920422286985552e-01 4.6207242265265575e-01 2.1903351813005502e-09 8.0889503796212459e-02 7.6799941403647265e-01 7.5650221262021880e-02] | reason = higher-precision original/rotated pair disagrees
| >     momentum space  : k = [[-8.8860437550255776e-06, 2.1586154694590237e-06, 1.3289182050405120e+03]; [4.6766024140998237e+00, -4.1175141562071751e+01, 1.7106927440814647e+02]]
| > [92mCentral value[0m : +4.9533846774509526e-08   +/- 1.69e-10     ([92m0.342%[0m)
[92mINFO[0m [94msymbolica_integrator l.6781[0m [96mt=2026-09-01,22:09:38.489[0m > | > Graph-channel Symbolica observer estimates:
| >   graph_0     : 1.3064281288045130e-09 +/- 5.35e-12 [16961 selected]
| >   graph_1     : 2.3011689036053497e-09 +/- 9.31e-12 [30381 selected]
| >   graph_2     : 2.2366900193440460e-08 +/- 5.02e-11 [169367 selected]
| >   graph_3     : 6.1912963888925542e-11 +/- 1.13e-12 [3636 selected]
| >   graph_4     : -3.1073186871164742e-09 +/- 1.05e-11 [31538 selected]
| >   graph_5     : 3.6279526618688877e-10 +/- 3.39e-12 [10367 selected]
| >   graph_6     : 7.4013958880288794e-08 +/- 1.23e-10 [369520 selected]
| >   graph_7     : -2.2842992834892837e-09 +/- 6.83e-12 [24749 selected]
| >   graph_8     : -4.7665313303191143e-08 +/- 1.02e-10 [295562 selected]
| >   graph_9     : 1.9705370642636824e-09 +/- 6.54e-12 [22195 selected]
| >   graph_10    : 2.0707664782844328e-10 +/- 7.01e-12 [25724 selected]
| >   sum         : 4.9533846774510154e-08
| >   total       : 4.9533846774509526e-08
| >   difference  : 6.2865726554030103e-22
[92mINFO[0m [94msymbolica_integrator l.6744[0m [96mt=2026-09-01,22:09:38.489[0m > Symbolica integration: starting iteration [92m41/100[0m using [94m1000000[0m points ...
[92mINFO[0m [94msymbolica_integrator l.6777[0m [96mt=2026-09-01,22:10:31.717[0m > ... result after this iteration:
| > Integration result after [92m41000000[0m evaluations in [92m56350.34 CPU-s[0m [94m(1374.4 µs / eval)[0m
| > Extremal weights:
| >   with jacobian    : 6.01110e+02 at xs = [2.7368845941000280e-01 3.1530719491606096e-01 6.4109416656307787e-03 1.5188046984795639e-01 8.0969934780326347e-01 9.1973308817103216e-01] | jacobian = 1.50367e+18
| >     momentum space  : k = [[-6.0546650197931857e+00, 1.3917740859312447e+01, 7.5348644807625533e+02]; [3.2739029949271142e+01, -8.3147912655750446e+01, -3.4683116351085334e+02]]
| >   without jacobian : 2.40198e-12 at xs = [2.0231025968725933e-01 9.6790326112182989e-01 5.2726321992148741e-08 7.9559640952997238e-02 1.6941796973682785e-01 8.2637307841992547e-01] | jacobian = 1.91044e+12
| >     momentum space  : k = [[8.2318831532790588e-05, -1.6830002498297399e-05, 5.0724047073224034e+02]; [4.3495248633942388e+01, 7.8436731936210407e+01, -1.4778672115385956e+02]]
| >   before clipping   : 6.01110e+02 at xs = [2.7368845941000280e-01 3.1530719491606096e-01 6.4109416656307787e-03 1.5188046984795639e-01 8.0969934780326347e-01 9.1973308817103216e-01]
| >     momentum space  : k = [[-6.0546650197931857e+00, 1.3917740859312447e+01, 7.5348644807625533e+02]; [3.2739029949271142e+01, -8.3147912655750446e+01, -3.4683116351085334e+02]]
| > Stability pipeline: float pairs accepted = 40926461, HP pairs attempted/accepted = 73539/73537
| > Stability triggers: float mismatch = 70512, float non-finite/error = 2
| > Higher-precision rejections: disagreement = 2, non-finite = 0, error = 0
| > Unstable rotational-check points rejected = 2
| > Rotational-check high-precision retries = 70514
| > Rotational-check high-precision salvaged = 70512
| > Large-weight high-precision retries = 3025
| > Large-weight high-precision salvaged = 3025
| > Large-weight high-precision rejected = 0
| > Large-weight samples zeroed = 0 (0.000e+00 of samples; removed signed/absolute sums = 0.00000e+00/0.00000e+00)
| > Non-finite final outputs zeroed = 0
| > Non-finite float rotated evaluations seen = 0
| > Example higher-precision-retried xs = [1.1737056346071351e-01 6.8210704234608166e-01 1.3637080159835113e-03 4.3066148777310964e-01 4.3356886191813082e-01 5.9829937939858402e-01] | float rel = 3.97127e-06
| >     momentum space  : k = [[-4.7144688033663129e-01, -1.0373028020352817e+00, 2.6595416256139868e+02]; [-1.3175423952853735e+03, 5.8427290965667441e+02, -4.5980225484447061e+02]]
| > Example large-weight higher-precision-retried xs = [2.4743214951097262e-01 1.9253954976410956e-02 7.5639735761422510e-03 1.1789330545539248e-01 5.8387763198916209e-01 8.8411195536692044e-01] | compiled = 4.30723e+02 | higher precision = 4.30723e+02
| >     momentum space  : k = [[1.5510067285466739e+01, 1.8855559947614091e+00, 6.5738203690586454e+02]; [-8.2265791044449472e+01, -4.7872044474115157e+01, -2.4977907995107381e+02]]
| > Example unstable xs = [3.9920422286985552e-01 4.6207242265265575e-01 2.1903351813005502e-09 8.0889503796212459e-02 7.6799941403647265e-01 7.5650221262021880e-02]
| >     momentum space  : k = [[-8.8860437550255776e-06, 2.1586154694590237e-06, 1.3289182050405120e+03]; [4.6766024140998237e+00, -4.1175141562071751e+01, 1.7106927440814647e+02]]
| > Example higher-precision rejection xs = [3.9920422286985552e-01 4.6207242265265575e-01 2.1903351813005502e-09 8.0889503796212459e-02 7.6799941403647265e-01 7.5650221262021880e-02] | reason = higher-precision original/rotated pair disagrees
| >     momentum space  : k = [[-8.8860437550255776e-06, 2.1586154694590237e-06, 1.3289182050405120e+03]; [4.6766024140998237e+00, -4.1175141562071751e+01, 1.7106927440814647e+02]]
| > [92mCentral value[0m : +4.9558394791847612e-08   +/- 1.65e-10     ([92m0.334%[0m)
[92mINFO[0m [94msymbolica_integrator l.6781[0m [96mt=2026-09-01,22:10:31.718[0m > | > Graph-channel Symbolica observer estimates:
| >   graph_0     : 1.3074915838930100e-09 +/- 5.28e-12 [16958 selected]
| >   graph_1     : 2.3042380976216507e-09 +/- 9.20e-12 [30220 selected]
| >   graph_2     : 2.2370985537071687e-08 +/- 4.91e-11 [169802 selected]
| >   graph_3     : 6.1872795588966005e-11 +/- 1.12e-12 [3656 selected]
| >   graph_4     : -3.1060026462867563e-09 +/- 1.03e-11 [31744 selected]
| >   graph_5     : 3.6306929307923728e-10 +/- 3.34e-12 [10228 selected]
| >   graph_6     : 7.4024384471806184e-08 +/- 1.20e-10 [370060 selected]
| >   graph_7     : -2.2843312319150336e-09 +/- 6.74e-12 [24559 selected]
| >   graph_8     : -4.7660496378510659e-08 +/- 9.99e-11 [294851 selected]
| >   graph_9     : 1.9707494461379383e-09 +/- 6.43e-12 [22083 selected]
| >   graph_10    : 2.0643382336199620e-10 +/- 6.89e-12 [25839 selected]
| >   sum         : 4.9558394791848221e-08
| >   total       : 4.9558394791847612e-08
| >   difference  : 6.0880493083902837e-22
[92mINFO[0m [94msymbolica_integrator l.6744[0m [96mt=2026-09-01,22:10:31.718[0m > Symbolica integration: starting iteration [92m42/100[0m using [94m1000000[0m points ...
[92mINFO[0m [94msymbolica_integrator l.6777[0m [96mt=2026-09-01,22:12:23.161[0m > ... result after this iteration:
| > Integration result after [92m42000000[0m evaluations in [92m59403.81 CPU-s[0m [94m(1414.4 µs / eval)[0m
| > Extremal weights:
| >   with jacobian    : 6.01110e+02 at xs = [2.7368845941000280e-01 3.1530719491606096e-01 6.4109416656307787e-03 1.5188046984795639e-01 8.0969934780326347e-01 9.1973308817103216e-01] | jacobian = 1.50367e+18
| >     momentum space  : k = [[-6.0546650197931857e+00, 1.3917740859312447e+01, 7.5348644807625533e+02]; [3.2739029949271142e+01, -8.3147912655750446e+01, -3.4683116351085334e+02]]
| >   without jacobian : 2.40198e-12 at xs = [2.0231025968725933e-01 9.6790326112182989e-01 5.2726321992148741e-08 7.9559640952997238e-02 1.6941796973682785e-01 8.2637307841992547e-01] | jacobian = 1.91044e+12
| >     momentum space  : k = [[8.2318831532790588e-05, -1.6830002498297399e-05, 5.0724047073224034e+02]; [4.3495248633942388e+01, 7.8436731936210407e+01, -1.4778672115385956e+02]]
| >   before clipping   : 6.01110e+02 at xs = [2.7368845941000280e-01 3.1530719491606096e-01 6.4109416656307787e-03 1.5188046984795639e-01 8.0969934780326347e-01 9.1973308817103216e-01]
| >     momentum space  : k = [[-6.0546650197931857e+00, 1.3917740859312447e+01, 7.5348644807625533e+02]; [3.2739029949271142e+01, -8.3147912655750446e+01, -3.4683116351085334e+02]]
| > Stability pipeline: float pairs accepted = 41924770, HP pairs attempted/accepted = 75230/75228
| > Stability triggers: float mismatch = 72121, float non-finite/error = 2
| > Higher-precision rejections: disagreement = 2, non-finite = 0, error = 0
| > Unstable rotational-check points rejected = 2
| > Rotational-check high-precision retries = 72123
| > Rotational-check high-precision salvaged = 72121
| > Large-weight high-precision retries = 3107
| > Large-weight high-precision salvaged = 3107
| > Large-weight high-precision rejected = 0
| > Large-weight samples zeroed = 0 (0.000e+00 of samples; removed signed/absolute sums = 0.00000e+00/0.00000e+00)
| > Non-finite final outputs zeroed = 0
| > Non-finite float rotated evaluations seen = 0
| > Example higher-precision-retried xs = [1.1737056346071351e-01 6.8210704234608166e-01 1.3637080159835113e-03 4.3066148777310964e-01 4.3356886191813082e-01 5.9829937939858402e-01] | float rel = 3.97127e-06
| >     momentum space  : k = [[-4.7144688033663129e-01, -1.0373028020352817e+00, 2.6595416256139868e+02]; [-1.3175423952853735e+03, 5.8427290965667441e+02, -4.5980225484447061e+02]]
| > Example large-weight higher-precision-retried xs = [2.4743214951097262e-01 1.9253954976410956e-02 7.5639735761422510e-03 1.1789330545539248e-01 5.8387763198916209e-01 8.8411195536692044e-01] | compiled = 4.30723e+02 | higher precision = 4.30723e+02
| >     momentum space  : k = [[1.5510067285466739e+01, 1.8855559947614091e+00, 6.5738203690586454e+02]; [-8.2265791044449472e+01, -4.7872044474115157e+01, -2.4977907995107381e+02]]
| > Example unstable xs = [3.9920422286985552e-01 4.6207242265265575e-01 2.1903351813005502e-09 8.0889503796212459e-02 7.6799941403647265e-01 7.5650221262021880e-02]
| >     momentum space  : k = [[-8.8860437550255776e-06, 2.1586154694590237e-06, 1.3289182050405120e+03]; [4.6766024140998237e+00, -4.1175141562071751e+01, 1.7106927440814647e+02]]
| > Example higher-precision rejection xs = [3.9920422286985552e-01 4.6207242265265575e-01 2.1903351813005502e-09 8.0889503796212459e-02 7.6799941403647265e-01 7.5650221262021880e-02] | reason = higher-precision original/rotated pair disagrees
| >     momentum space  : k = [[-8.8860437550255776e-06, 2.1586154694590237e-06, 1.3289182050405120e+03]; [4.6766024140998237e+00, -4.1175141562071751e+01, 1.7106927440814647e+02]]
| > [92mCentral value[0m : +4.9577091609897796e-08   +/- 1.62e-10     ([92m0.326%[0m)
[92mINFO[0m [94msymbolica_integrator l.6781[0m [96mt=2026-09-01,22:12:23.161[0m > | > Graph-channel Symbolica observer estimates:
| >   graph_0     : 1.3086175191849679e-09 +/- 5.20e-12 [16695 selected]
| >   graph_1     : 2.3051186838755061e-09 +/- 9.06e-12 [30358 selected]
| >   graph_2     : 2.2367824970310386e-08 +/- 4.80e-11 [169655 selected]
| >   graph_3     : 6.1684921914670748e-11 +/- 1.10e-12 [3694 selected]
| >   graph_4     : -3.1056687514997414e-09 +/- 1.02e-11 [31448 selected]
| >   graph_5     : 3.6266938600017970e-10 +/- 3.28e-12 [10173 selected]
| >   graph_6     : 7.4038767680590822e-08 +/- 1.17e-10 [370205 selected]
| >   graph_7     : -2.2843894672889260e-09 +/- 6.64e-12 [24419 selected]
| >   graph_8     : -4.7655992841672086e-08 +/- 9.76e-11 [294784 selected]
| >   graph_9     : 1.9713955286749011e-09 +/- 6.32e-12 [22432 selected]
| >   graph_10    : 2.0706397980771678e-10 +/- 6.77e-12 [26137 selected]
| >   sum         : 4.9577091609898398e-08
| >   total       : 4.9577091609897796e-08
| >   difference  : 6.0218748593860415e-22
[92mINFO[0m [94msymbolica_integrator l.6744[0m [96mt=2026-09-01,22:12:23.212[0m > Symbolica integration: starting iteration [92m43/100[0m using [94m1000000[0m points ...
[92mINFO[0m [94msymbolica_integrator l.6777[0m [96mt=2026-09-01,22:13:11.277[0m > ... result after this iteration:
| > Integration result after [92m43000000[0m evaluations in [92m60542.81 CPU-s[0m [94m(1408.0 µs / eval)[0m
| > Extremal weights:
| >   with jacobian    : 6.01110e+02 at xs = [2.7368845941000280e-01 3.1530719491606096e-01 6.4109416656307787e-03 1.5188046984795639e-01 8.0969934780326347e-01 9.1973308817103216e-01] | jacobian = 1.50367e+18
| >     momentum space  : k = [[-6.0546650197931857e+00, 1.3917740859312447e+01, 7.5348644807625533e+02]; [3.2739029949271142e+01, -8.3147912655750446e+01, -3.4683116351085334e+02]]
| >   without jacobian : 2.40198e-12 at xs = [2.0231025968725933e-01 9.6790326112182989e-01 5.2726321992148741e-08 7.9559640952997238e-02 1.6941796973682785e-01 8.2637307841992547e-01] | jacobian = 1.91044e+12
| >     momentum space  : k = [[8.2318831532790588e-05, -1.6830002498297399e-05, 5.0724047073224034e+02]; [4.3495248633942388e+01, 7.8436731936210407e+01, -1.4778672115385956e+02]]
| >   before clipping   : 6.01110e+02 at xs = [2.7368845941000280e-01 3.1530719491606096e-01 6.4109416656307787e-03 1.5188046984795639e-01 8.0969934780326347e-01 9.1973308817103216e-01]
| >     momentum space  : k = [[-6.0546650197931857e+00, 1.3917740859312447e+01, 7.5348644807625533e+02]; [3.2739029949271142e+01, -8.3147912655750446e+01, -3.4683116351085334e+02]]
| > Stability pipeline: float pairs accepted = 42923025, HP pairs attempted/accepted = 76975/76973
| > Stability triggers: float mismatch = 73779, float non-finite/error = 2
| > Higher-precision rejections: disagreement = 2, non-finite = 0, error = 0
| > Unstable rotational-check points rejected = 2
| > Rotational-check high-precision retries = 73781
| > Rotational-check high-precision salvaged = 73779
| > Large-weight high-precision retries = 3194
| > Large-weight high-precision salvaged = 3194
| > Large-weight high-precision rejected = 0
| > Large-weight samples zeroed = 0 (0.000e+00 of samples; removed signed/absolute sums = 0.00000e+00/0.00000e+00)
| > Non-finite final outputs zeroed = 0
| > Non-finite float rotated evaluations seen = 0
| > Example higher-precision-retried xs = [1.1737056346071351e-01 6.8210704234608166e-01 1.3637080159835113e-03 4.3066148777310964e-01 4.3356886191813082e-01 5.9829937939858402e-01] | float rel = 3.97127e-06
| >     momentum space  : k = [[-4.7144688033663129e-01, -1.0373028020352817e+00, 2.6595416256139868e+02]; [-1.3175423952853735e+03, 5.8427290965667441e+02, -4.5980225484447061e+02]]
| > Example large-weight higher-precision-retried xs = [2.4743214951097262e-01 1.9253954976410956e-02 7.5639735761422510e-03 1.1789330545539248e-01 5.8387763198916209e-01 8.8411195536692044e-01] | compiled = 4.30723e+02 | higher precision = 4.30723e+02
| >     momentum space  : k = [[1.5510067285466739e+01, 1.8855559947614091e+00, 6.5738203690586454e+02]; [-8.2265791044449472e+01, -4.7872044474115157e+01, -2.4977907995107381e+02]]
| > Example unstable xs = [3.9920422286985552e-01 4.6207242265265575e-01 2.1903351813005502e-09 8.0889503796212459e-02 7.6799941403647265e-01 7.5650221262021880e-02]
| >     momentum space  : k = [[-8.8860437550255776e-06, 2.1586154694590237e-06, 1.3289182050405120e+03]; [4.6766024140998237e+00, -4.1175141562071751e+01, 1.7106927440814647e+02]]
| > Example higher-precision rejection xs = [3.9920422286985552e-01 4.6207242265265575e-01 2.1903351813005502e-09 8.0889503796212459e-02 7.6799941403647265e-01 7.5650221262021880e-02] | reason = higher-precision original/rotated pair disagrees
| >     momentum space  : k = [[-8.8860437550255776e-06, 2.1586154694590237e-06, 1.3289182050405120e+03]; [4.6766024140998237e+00, -4.1175141562071751e+01, 1.7106927440814647e+02]]
| > [92mCentral value[0m : +4.9580327845103320e-08   +/- 1.58e-10     ([92m0.319%[0m)
[92mINFO[0m [94msymbolica_integrator l.6781[0m [96mt=2026-09-01,22:13:11.277[0m > | > Graph-channel Symbolica observer estimates:
| >   graph_0     : 1.3088622881870716e-09 +/- 5.13e-12 [16921 selected]
| >   graph_1     : 2.3059448435214887e-09 +/- 8.92e-12 [30685 selected]
| >   graph_2     : 2.2366931809152121e-08 +/- 4.70e-11 [168777 selected]
| >   graph_3     : 6.1780490935270931e-11 +/- 1.10e-12 [3707 selected]
| >   graph_4     : -3.1081551162234816e-09 +/- 1.02e-11 [31966 selected]
| >   graph_5     : 3.6285426876835980e-10 +/- 3.24e-12 [10229 selected]
| >   graph_6     : 7.4047231756974491e-08 +/- 1.15e-10 [369931 selected]
| >   graph_7     : -2.2844142978896841e-09 +/- 6.55e-12 [24595 selected]
| >   graph_8     : -4.7659013449450092e-08 +/- 9.54e-11 [295091 selected]
| >   graph_9     : 1.9714773904886243e-09 +/- 6.23e-12 [22147 selected]
| >   graph_10    : 2.0682786063972885e-10 +/- 6.66e-12 [25951 selected]
| >   sum         : 4.9580327845103896e-08
| >   total       : 4.9580327845103320e-08
| >   difference  : 5.7571770633690726e-22
[92mINFO[0m [94msymbolica_integrator l.6744[0m [96mt=2026-09-01,22:13:11.277[0m > Symbolica integration: starting iteration [92m44/100[0m using [94m1000000[0m points ...
[92mINFO[0m [94msymbolica_integrator l.6777[0m [96mt=2026-09-01,22:14:11.164[0m > ... result after this iteration:
| > Integration result after [92m44000000[0m evaluations in [92m61871.21 CPU-s[0m [94m(1406.2 µs / eval)[0m
| > Extremal weights:
| >   with jacobian    : 6.01110e+02 at xs = [2.7368845941000280e-01 3.1530719491606096e-01 6.4109416656307787e-03 1.5188046984795639e-01 8.0969934780326347e-01 9.1973308817103216e-01] | jacobian = 1.50367e+18
| >     momentum space  : k = [[-6.0546650197931857e+00, 1.3917740859312447e+01, 7.5348644807625533e+02]; [3.2739029949271142e+01, -8.3147912655750446e+01, -3.4683116351085334e+02]]
| >   without jacobian : 2.40198e-12 at xs = [2.0231025968725933e-01 9.6790326112182989e-01 5.2726321992148741e-08 7.9559640952997238e-02 1.6941796973682785e-01 8.2637307841992547e-01] | jacobian = 1.91044e+12
| >     momentum space  : k = [[8.2318831532790588e-05, -1.6830002498297399e-05, 5.0724047073224034e+02]; [4.3495248633942388e+01, 7.8436731936210407e+01, -1.4778672115385956e+02]]
| >   before clipping   : 6.01110e+02 at xs = [2.7368845941000280e-01 3.1530719491606096e-01 6.4109416656307787e-03 1.5188046984795639e-01 8.0969934780326347e-01 9.1973308817103216e-01]
| >     momentum space  : k = [[-6.0546650197931857e+00, 1.3917740859312447e+01, 7.5348644807625533e+02]; [3.2739029949271142e+01, -8.3147912655750446e+01, -3.4683116351085334e+02]]
| > Stability pipeline: float pairs accepted = 43921340, HP pairs attempted/accepted = 78660/78658
| > Stability triggers: float mismatch = 75375, float non-finite/error = 2
| > Higher-precision rejections: disagreement = 2, non-finite = 0, error = 0
| > Unstable rotational-check points rejected = 2
| > Rotational-check high-precision retries = 75377
| > Rotational-check high-precision salvaged = 75375
| > Large-weight high-precision retries = 3283
| > Large-weight high-precision salvaged = 3283
| > Large-weight high-precision rejected = 0
| > Large-weight samples zeroed = 0 (0.000e+00 of samples; removed signed/absolute sums = 0.00000e+00/0.00000e+00)
| > Non-finite final outputs zeroed = 0
| > Non-finite float rotated evaluations seen = 0
| > Example higher-precision-retried xs = [1.1737056346071351e-01 6.8210704234608166e-01 1.3637080159835113e-03 4.3066148777310964e-01 4.3356886191813082e-01 5.9829937939858402e-01] | float rel = 3.97127e-06
| >     momentum space  : k = [[-4.7144688033663129e-01, -1.0373028020352817e+00, 2.6595416256139868e+02]; [-1.3175423952853735e+03, 5.8427290965667441e+02, -4.5980225484447061e+02]]
| > Example large-weight higher-precision-retried xs = [2.4743214951097262e-01 1.9253954976410956e-02 7.5639735761422510e-03 1.1789330545539248e-01 5.8387763198916209e-01 8.8411195536692044e-01] | compiled = 4.30723e+02 | higher precision = 4.30723e+02
| >     momentum space  : k = [[1.5510067285466739e+01, 1.8855559947614091e+00, 6.5738203690586454e+02]; [-8.2265791044449472e+01, -4.7872044474115157e+01, -2.4977907995107381e+02]]
| > Example unstable xs = [3.9920422286985552e-01 4.6207242265265575e-01 2.1903351813005502e-09 8.0889503796212459e-02 7.6799941403647265e-01 7.5650221262021880e-02]
| >     momentum space  : k = [[-8.8860437550255776e-06, 2.1586154694590237e-06, 1.3289182050405120e+03]; [4.6766024140998237e+00, -4.1175141562071751e+01, 1.7106927440814647e+02]]
| > Example higher-precision rejection xs = [3.9920422286985552e-01 4.6207242265265575e-01 2.1903351813005502e-09 8.0889503796212459e-02 7.6799941403647265e-01 7.5650221262021880e-02] | reason = higher-precision original/rotated pair disagrees
| >     momentum space  : k = [[-8.8860437550255776e-06, 2.1586154694590237e-06, 1.3289182050405120e+03]; [4.6766024140998237e+00, -4.1175141562071751e+01, 1.7106927440814647e+02]]
| > [92mCentral value[0m : +4.9583924315841518e-08   +/- 1.55e-10     ([92m0.312%[0m)
[92mINFO[0m [94msymbolica_integrator l.6781[0m [96mt=2026-09-01,22:14:11.164[0m > | > Graph-channel Symbolica observer estimates:
| >   graph_0     : 1.3093215187456091e-09 +/- 5.06e-12 [16583 selected]
| >   graph_1     : 2.3065304627086504e-09 +/- 8.78e-12 [30141 selected]
| >   graph_2     : 2.2364159608930264e-08 +/- 4.60e-11 [168402 selected]
| >   graph_3     : 6.1849935486300367e-11 +/- 1.09e-12 [3705 selected]
| >   graph_4     : -3.1092874363079346e-09 +/- 1.01e-11 [32042 selected]
| >   graph_5     : 3.6447436508990940e-10 +/- 3.27e-12 [10289 selected]
| >   graph_6     : 7.4055847603073548e-08 +/- 1.12e-10 [372170 selected]
| >   graph_7     : -2.2855549564221283e-09 +/- 6.46e-12 [24549 selected]
| >   graph_8     : -4.7663041427941491e-08 +/- 9.34e-11 [294477 selected]
| >   graph_9     : 1.9716802978606364e-09 +/- 6.13e-12 [22017 selected]
| >   graph_10    : 2.0794434461870226e-10 +/- 6.55e-12 [25625 selected]
| >   sum         : 4.9583924315842067e-08
| >   total       : 4.9583924315841518e-08
| >   difference  : 5.4924792673521038e-22
[92mINFO[0m [94msymbolica_integrator l.6744[0m [96mt=2026-09-01,22:14:11.192[0m > Symbolica integration: starting iteration [92m45/100[0m using [94m1000000[0m points ...
[92mINFO[0m [94msymbolica_integrator l.6777[0m [96mt=2026-09-01,22:15:00.314[0m > ... result after this iteration:
| > Integration result after [92m45000000[0m evaluations in [92m63013.28 CPU-s[0m [94m(1400.3 µs / eval)[0m
| > Extremal weights:
| >   with jacobian    : 6.01110e+02 at xs = [2.7368845941000280e-01 3.1530719491606096e-01 6.4109416656307787e-03 1.5188046984795639e-01 8.0969934780326347e-01 9.1973308817103216e-01] | jacobian = 1.50367e+18
| >     momentum space  : k = [[-6.0546650197931857e+00, 1.3917740859312447e+01, 7.5348644807625533e+02]; [3.2739029949271142e+01, -8.3147912655750446e+01, -3.4683116351085334e+02]]
| >   without jacobian : 2.40198e-12 at xs = [2.0231025968725933e-01 9.6790326112182989e-01 5.2726321992148741e-08 7.9559640952997238e-02 1.6941796973682785e-01 8.2637307841992547e-01] | jacobian = 1.91044e+12
| >     momentum space  : k = [[8.2318831532790588e-05, -1.6830002498297399e-05, 5.0724047073224034e+02]; [4.3495248633942388e+01, 7.8436731936210407e+01, -1.4778672115385956e+02]]
| >   before clipping   : 6.01110e+02 at xs = [2.7368845941000280e-01 3.1530719491606096e-01 6.4109416656307787e-03 1.5188046984795639e-01 8.0969934780326347e-01 9.1973308817103216e-01]
| >     momentum space  : k = [[-6.0546650197931857e+00, 1.3917740859312447e+01, 7.5348644807625533e+02]; [3.2739029949271142e+01, -8.3147912655750446e+01, -3.4683116351085334e+02]]
| > Stability pipeline: float pairs accepted = 44919561, HP pairs attempted/accepted = 80439/80437
| > Stability triggers: float mismatch = 77084, float non-finite/error = 2
| > Higher-precision rejections: disagreement = 2, non-finite = 0, error = 0
| > Unstable rotational-check points rejected = 2
| > Rotational-check high-precision retries = 77086
| > Rotational-check high-precision salvaged = 77084
| > Large-weight high-precision retries = 3353
| > Large-weight high-precision salvaged = 3353
| > Large-weight high-precision rejected = 0
| > Large-weight samples zeroed = 0 (0.000e+00 of samples; removed signed/absolute sums = 0.00000e+00/0.00000e+00)
| > Non-finite final outputs zeroed = 0
| > Non-finite float rotated evaluations seen = 0
| > Example higher-precision-retried xs = [1.1737056346071351e-01 6.8210704234608166e-01 1.3637080159835113e-03 4.3066148777310964e-01 4.3356886191813082e-01 5.9829937939858402e-01] | float rel = 3.97127e-06
| >     momentum space  : k = [[-4.7144688033663129e-01, -1.0373028020352817e+00, 2.6595416256139868e+02]; [-1.3175423952853735e+03, 5.8427290965667441e+02, -4.5980225484447061e+02]]
| > Example large-weight higher-precision-retried xs = [2.4743214951097262e-01 1.9253954976410956e-02 7.5639735761422510e-03 1.1789330545539248e-01 5.8387763198916209e-01 8.8411195536692044e-01] | compiled = 4.30723e+02 | higher precision = 4.30723e+02
| >     momentum space  : k = [[1.5510067285466739e+01, 1.8855559947614091e+00, 6.5738203690586454e+02]; [-8.2265791044449472e+01, -4.7872044474115157e+01, -2.4977907995107381e+02]]
| > Example unstable xs = [3.9920422286985552e-01 4.6207242265265575e-01 2.1903351813005502e-09 8.0889503796212459e-02 7.6799941403647265e-01 7.5650221262021880e-02]
| >     momentum space  : k = [[-8.8860437550255776e-06, 2.1586154694590237e-06, 1.3289182050405120e+03]; [4.6766024140998237e+00, -4.1175141562071751e+01, 1.7106927440814647e+02]]
| > Example higher-precision rejection xs = [3.9920422286985552e-01 4.6207242265265575e-01 2.1903351813005502e-09 8.0889503796212459e-02 7.6799941403647265e-01 7.5650221262021880e-02] | reason = higher-precision original/rotated pair disagrees
| >     momentum space  : k = [[-8.8860437550255776e-06, 2.1586154694590237e-06, 1.3289182050405120e+03]; [4.6766024140998237e+00, -4.1175141562071751e+01, 1.7106927440814647e+02]]
| > [92mCentral value[0m : +4.9580977478041674e-08   +/- 1.52e-10     ([92m0.306%[0m)
[92mINFO[0m [94msymbolica_integrator l.6781[0m [96mt=2026-09-01,22:15:00.315[0m > | > Graph-channel Symbolica observer estimates:
| >   graph_0     : 1.3101892783683626e-09 +/- 5.00e-12 [16771 selected]
| >   graph_1     : 2.3065582016339557e-09 +/- 8.65e-12 [30241 selected]
| >   graph_2     : 2.2362150085900688e-08 +/- 4.51e-11 [168373 selected]
| >   graph_3     : 6.2182952270352167e-11 +/- 1.15e-12 [3765 selected]
| >   graph_4     : -3.1078762122728447e-09 +/- 9.99e-12 [32001 selected]
| >   graph_5     : 3.6404377956997124e-10 +/- 3.22e-12 [10016 selected]
| >   graph_6     : 7.4053207437535032e-08 +/- 1.10e-10 [372796 selected]
| >   graph_7     : -2.2855271298972235e-09 +/- 6.37e-12 [24250 selected]
| >   graph_8     : -4.7664523307423601e-08 +/- 9.14e-11 [294431 selected]
| >   graph_9     : 1.9710453616339122e-09 +/- 6.04e-12 [21680 selected]
| >   graph_10    : 2.0952703072362983e-10 +/- 6.57e-12 [25676 selected]
| >   sum         : 4.9580977478042236e-08
| >   total       : 4.9580977478041674e-08
| >   difference  : 5.6248281653605882e-22
[92mINFO[0m [94msymbolica_integrator l.6744[0m [96mt=2026-09-01,22:15:00.341[0m > Symbolica integration: starting iteration [92m46/100[0m using [94m1000000[0m points ...
[92mINFO[0m [94msymbolica_integrator l.6777[0m [96mt=2026-09-01,22:16:10.818[0m > ... result after this iteration:
| > Integration result after [92m46000000[0m evaluations in [92m64506.47 CPU-s[0m [94m(1402.3 µs / eval)[0m
| > Extremal weights:
| >   with jacobian    : 6.01110e+02 at xs = [2.7368845941000280e-01 3.1530719491606096e-01 6.4109416656307787e-03 1.5188046984795639e-01 8.0969934780326347e-01 9.1973308817103216e-01] | jacobian = 1.50367e+18
| >     momentum space  : k = [[-6.0546650197931857e+00, 1.3917740859312447e+01, 7.5348644807625533e+02]; [3.2739029949271142e+01, -8.3147912655750446e+01, -3.4683116351085334e+02]]
| >   without jacobian : 2.40198e-12 at xs = [2.0231025968725933e-01 9.6790326112182989e-01 5.2726321992148741e-08 7.9559640952997238e-02 1.6941796973682785e-01 8.2637307841992547e-01] | jacobian = 1.91044e+12
| >     momentum space  : k = [[8.2318831532790588e-05, -1.6830002498297399e-05, 5.0724047073224034e+02]; [4.3495248633942388e+01, 7.8436731936210407e+01, -1.4778672115385956e+02]]
| >   before clipping   : 6.01110e+02 at xs = [2.7368845941000280e-01 3.1530719491606096e-01 6.4109416656307787e-03 1.5188046984795639e-01 8.0969934780326347e-01 9.1973308817103216e-01]
| >     momentum space  : k = [[-6.0546650197931857e+00, 1.3917740859312447e+01, 7.5348644807625533e+02]; [3.2739029949271142e+01, -8.3147912655750446e+01, -3.4683116351085334e+02]]
| > Stability pipeline: float pairs accepted = 45917796, HP pairs attempted/accepted = 82204/82202
| > Stability triggers: float mismatch = 78779, float non-finite/error = 2
| > Higher-precision rejections: disagreement = 2, non-finite = 0, error = 0
| > Unstable rotational-check points rejected = 2
| > Rotational-check high-precision retries = 78781
| > Rotational-check high-precision salvaged = 78779
| > Large-weight high-precision retries = 3423
| > Large-weight high-precision salvaged = 3423
| > Large-weight high-precision rejected = 0
| > Large-weight samples zeroed = 0 (0.000e+00 of samples; removed signed/absolute sums = 0.00000e+00/0.00000e+00)
| > Non-finite final outputs zeroed = 0
| > Non-finite float rotated evaluations seen = 0
| > Example higher-precision-retried xs = [1.1737056346071351e-01 6.8210704234608166e-01 1.3637080159835113e-03 4.3066148777310964e-01 4.3356886191813082e-01 5.9829937939858402e-01] | float rel = 3.97127e-06
| >     momentum space  : k = [[-4.7144688033663129e-01, -1.0373028020352817e+00, 2.6595416256139868e+02]; [-1.3175423952853735e+03, 5.8427290965667441e+02, -4.5980225484447061e+02]]
| > Example large-weight higher-precision-retried xs = [2.4743214951097262e-01 1.9253954976410956e-02 7.5639735761422510e-03 1.1789330545539248e-01 5.8387763198916209e-01 8.8411195536692044e-01] | compiled = 4.30723e+02 | higher precision = 4.30723e+02
| >     momentum space  : k = [[1.5510067285466739e+01, 1.8855559947614091e+00, 6.5738203690586454e+02]; [-8.2265791044449472e+01, -4.7872044474115157e+01, -2.4977907995107381e+02]]
| > Example unstable xs = [3.9920422286985552e-01 4.6207242265265575e-01 2.1903351813005502e-09 8.0889503796212459e-02 7.6799941403647265e-01 7.5650221262021880e-02]
| >     momentum space  : k = [[-8.8860437550255776e-06, 2.1586154694590237e-06, 1.3289182050405120e+03]; [4.6766024140998237e+00, -4.1175141562071751e+01, 1.7106927440814647e+02]]
| > Example higher-precision rejection xs = [3.9920422286985552e-01 4.6207242265265575e-01 2.1903351813005502e-09 8.0889503796212459e-02 7.6799941403647265e-01 7.5650221262021880e-02] | reason = higher-precision original/rotated pair disagrees
| >     momentum space  : k = [[-8.8860437550255776e-06, 2.1586154694590237e-06, 1.3289182050405120e+03]; [4.6766024140998237e+00, -4.1175141562071751e+01, 1.7106927440814647e+02]]
| > [92mCentral value[0m : +4.9566762012496548e-08   +/- 1.48e-10     ([92m0.300%[0m)
[92mINFO[0m [94msymbolica_integrator l.6781[0m [96mt=2026-09-01,22:16:10.818[0m > | > Graph-channel Symbolica observer estimates:
| >   graph_0     : 1.3095455552544087e-09 +/- 4.93e-12 [16536 selected]
| >   graph_1     : 2.3051112636481791e-09 +/- 8.53e-12 [30284 selected]
| >   graph_2     : 2.2360316737424784e-08 +/- 4.42e-11 [168461 selected]
| >   graph_3     : 6.2311622405872719e-11 +/- 1.14e-12 [3802 selected]
| >   graph_4     : -3.1078162128494730e-09 +/- 9.85e-12 [31963 selected]
| >   graph_5     : 3.6435144430571005e-10 +/- 3.18e-12 [10128 selected]
| >   graph_6     : 7.4052995396539708e-08 +/- 1.08e-10 [373122 selected]
| >   graph_7     : -2.2876979860835606e-09 +/- 6.28e-12 [24250 selected]
| >   graph_8     : -4.7672191505666655e-08 +/- 8.95e-11 [294217 selected]
| >   graph_9     : 1.9710245574669903e-09 +/- 5.96e-12 [21707 selected]
| >   graph_10    : 2.0881114005114767e-10 +/- 6.47e-12 [25530 selected]
| >   sum         : 4.9566762012497111e-08
| >   total       : 4.9566762012496548e-08
| >   difference  : 5.6248281653605882e-22
[92mINFO[0m [94msymbolica_integrator l.6744[0m [96mt=2026-09-01,22:16:10.819[0m > Symbolica integration: starting iteration [92m47/100[0m using [94m1000000[0m points ...
[92mINFO[0m [94msymbolica_integrator l.6777[0m [96mt=2026-09-01,22:17:44.600[0m > ... result after this iteration:
| > Integration result after [92m47000000[0m evaluations in [92m65935.62 CPU-s[0m [94m(1402.9 µs / eval)[0m
| > Extremal weights:
| >   with jacobian    : 6.01110e+02 at xs = [2.7368845941000280e-01 3.1530719491606096e-01 6.4109416656307787e-03 1.5188046984795639e-01 8.0969934780326347e-01 9.1973308817103216e-01] | jacobian = 1.50367e+18
| >     momentum space  : k = [[-6.0546650197931857e+00, 1.3917740859312447e+01, 7.5348644807625533e+02]; [3.2739029949271142e+01, -8.3147912655750446e+01, -3.4683116351085334e+02]]
| >   without jacobian : 2.40198e-12 at xs = [2.0231025968725933e-01 9.6790326112182989e-01 5.2726321992148741e-08 7.9559640952997238e-02 1.6941796973682785e-01 8.2637307841992547e-01] | jacobian = 1.91044e+12
| >     momentum space  : k = [[8.2318831532790588e-05, -1.6830002498297399e-05, 5.0724047073224034e+02]; [4.3495248633942388e+01, 7.8436731936210407e+01, -1.4778672115385956e+02]]
| >   before clipping   : 6.01110e+02 at xs = [2.7368845941000280e-01 3.1530719491606096e-01 6.4109416656307787e-03 1.5188046984795639e-01 8.0969934780326347e-01 9.1973308817103216e-01]
| >     momentum space  : k = [[-6.0546650197931857e+00, 1.3917740859312447e+01, 7.5348644807625533e+02]; [3.2739029949271142e+01, -8.3147912655750446e+01, -3.4683116351085334e+02]]
| > Stability pipeline: float pairs accepted = 46916057, HP pairs attempted/accepted = 83943/83941
| > Stability triggers: float mismatch = 80446, float non-finite/error = 2
| > Higher-precision rejections: disagreement = 2, non-finite = 0, error = 0
| > Unstable rotational-check points rejected = 2
| > Rotational-check high-precision retries = 80448
| > Rotational-check high-precision salvaged = 80446
| > Large-weight high-precision retries = 3495
| > Large-weight high-precision salvaged = 3495
| > Large-weight high-precision rejected = 0
| > Large-weight samples zeroed = 0 (0.000e+00 of samples; removed signed/absolute sums = 0.00000e+00/0.00000e+00)
| > Non-finite final outputs zeroed = 0
| > Non-finite float rotated evaluations seen = 0
| > Example higher-precision-retried xs = [1.1737056346071351e-01 6.8210704234608166e-01 1.3637080159835113e-03 4.3066148777310964e-01 4.3356886191813082e-01 5.9829937939858402e-01] | float rel = 3.97127e-06
| >     momentum space  : k = [[-4.7144688033663129e-01, -1.0373028020352817e+00, 2.6595416256139868e+02]; [-1.3175423952853735e+03, 5.8427290965667441e+02, -4.5980225484447061e+02]]
| > Example large-weight higher-precision-retried xs = [2.4743214951097262e-01 1.9253954976410956e-02 7.5639735761422510e-03 1.1789330545539248e-01 5.8387763198916209e-01 8.8411195536692044e-01] | compiled = 4.30723e+02 | higher precision = 4.30723e+02
| >     momentum space  : k = [[1.5510067285466739e+01, 1.8855559947614091e+00, 6.5738203690586454e+02]; [-8.2265791044449472e+01, -4.7872044474115157e+01, -2.4977907995107381e+02]]
| > Example unstable xs = [3.9920422286985552e-01 4.6207242265265575e-01 2.1903351813005502e-09 8.0889503796212459e-02 7.6799941403647265e-01 7.5650221262021880e-02]
| >     momentum space  : k = [[-8.8860437550255776e-06, 2.1586154694590237e-06, 1.3289182050405120e+03]; [4.6766024140998237e+00, -4.1175141562071751e+01, 1.7106927440814647e+02]]
| > Example higher-precision rejection xs = [3.9920422286985552e-01 4.6207242265265575e-01 2.1903351813005502e-09 8.0889503796212459e-02 7.6799941403647265e-01 7.5650221262021880e-02] | reason = higher-precision original/rotated pair disagrees
| >     momentum space  : k = [[-8.8860437550255776e-06, 2.1586154694590237e-06, 1.3289182050405120e+03]; [4.6766024140998237e+00, -4.1175141562071751e+01, 1.7106927440814647e+02]]
| > [92mCentral value[0m : +4.9559976574871998e-08   +/- 1.45e-10     ([92m0.294%[0m)
[92mINFO[0m [94msymbolica_integrator l.6781[0m [96mt=2026-09-01,22:17:44.601[0m > | > Graph-channel Symbolica observer estimates:
| >   graph_0     : 1.3091685923783102e-09 +/- 4.87e-12 [16717 selected]
| >   graph_1     : 2.3065820779212098e-09 +/- 8.41e-12 [30497 selected]
| >   graph_2     : 2.2355663959630814e-08 +/- 4.33e-11 [168486 selected]
| >   graph_3     : 6.2193666135321879e-11 +/- 1.13e-12 [3715 selected]
| >   graph_4     : -3.1093757225100116e-09 +/- 9.71e-12 [32180 selected]
| >   graph_5     : 3.6373591032397853e-10 +/- 3.13e-12 [10215 selected]
| >   graph_6     : 7.4053447433897910e-08 +/- 1.06e-10 [372515 selected]
| >   graph_7     : -2.2888366605386308e-09 +/- 6.33e-12 [24149 selected]
| >   graph_8     : -4.7671021835428233e-08 +/- 8.77e-11 [294472 selected]
| >   graph_9     : 1.9703455300674782e-09 +/- 5.87e-12 [21587 selected]
| >   graph_10    : 2.0807362299439861e-10 +/- 6.37e-12 [25467 selected]
| >   sum         : 4.9559976574872547e-08
| >   total       : 4.9559976574871998e-08
| >   difference  : 5.4924792673521038e-22
[92mINFO[0m [94msymbolica_integrator l.6744[0m [96mt=2026-09-01,22:17:44.601[0m > Symbolica integration: starting iteration [92m48/100[0m using [94m1000000[0m points ...
[92mINFO[0m [94msymbolica_integrator l.6777[0m [96mt=2026-09-01,22:18:53.013[0m > ... result after this iteration:
| > Integration result after [92m48000000[0m evaluations in [92m67193.19 CPU-s[0m [94m(1399.9 µs / eval)[0m
| > Extremal weights:
| >   with jacobian    : 6.01110e+02 at xs = [2.7368845941000280e-01 3.1530719491606096e-01 6.4109416656307787e-03 1.5188046984795639e-01 8.0969934780326347e-01 9.1973308817103216e-01] | jacobian = 1.50367e+18
| >     momentum space  : k = [[-6.0546650197931857e+00, 1.3917740859312447e+01, 7.5348644807625533e+02]; [3.2739029949271142e+01, -8.3147912655750446e+01, -3.4683116351085334e+02]]
| >   without jacobian : 7.26036e-12 at xs = [2.9105947421563949e-01 1.3844171464982316e-01 3.4712975051379235e-08 7.0754448124389593e-02 1.3406523919335916e-01 8.4153291045116763e-01] | jacobian = 2.92408e+12
| >     momentum space  : k = [[5.7751226238349991e-05, 6.8433821074335990e-05, 8.2111111900004357e+02]; [4.8409945850346105e+01, 5.4264466975917607e+01, -1.3379892434885724e+02]]
| >   before clipping   : 6.01110e+02 at xs = [2.7368845941000280e-01 3.1530719491606096e-01 6.4109416656307787e-03 1.5188046984795639e-01 8.0969934780326347e-01 9.1973308817103216e-01]
| >     momentum space  : k = [[-6.0546650197931857e+00, 1.3917740859312447e+01, 7.5348644807625533e+02]; [3.2739029949271142e+01, -8.3147912655750446e+01, -3.4683116351085334e+02]]
| > Stability pipeline: float pairs accepted = 47914372, HP pairs attempted/accepted = 85628/85626
| > Stability triggers: float mismatch = 82057, float non-finite/error = 2
| > Higher-precision rejections: disagreement = 2, non-finite = 0, error = 0
| > Unstable rotational-check points rejected = 2
| > Rotational-check high-precision retries = 82059
| > Rotational-check high-precision salvaged = 82057
| > Large-weight high-precision retries = 3569
| > Large-weight high-precision salvaged = 3569
| > Large-weight high-precision rejected = 0
| > Large-weight samples zeroed = 0 (0.000e+00 of samples; removed signed/absolute sums = 0.00000e+00/0.00000e+00)
| > Non-finite final outputs zeroed = 0
| > Non-finite float rotated evaluations seen = 0
| > Example higher-precision-retried xs = [1.1737056346071351e-01 6.8210704234608166e-01 1.3637080159835113e-03 4.3066148777310964e-01 4.3356886191813082e-01 5.9829937939858402e-01] | float rel = 3.97127e-06
| >     momentum space  : k = [[-4.7144688033663129e-01, -1.0373028020352817e+00, 2.6595416256139868e+02]; [-1.3175423952853735e+03, 5.8427290965667441e+02, -4.5980225484447061e+02]]
| > Example large-weight higher-precision-retried xs = [2.4743214951097262e-01 1.9253954976410956e-02 7.5639735761422510e-03 1.1789330545539248e-01 5.8387763198916209e-01 8.8411195536692044e-01] | compiled = 4.30723e+02 | higher precision = 4.30723e+02
| >     momentum space  : k = [[1.5510067285466739e+01, 1.8855559947614091e+00, 6.5738203690586454e+02]; [-8.2265791044449472e+01, -4.7872044474115157e+01, -2.4977907995107381e+02]]
| > Example unstable xs = [3.9920422286985552e-01 4.6207242265265575e-01 2.1903351813005502e-09 8.0889503796212459e-02 7.6799941403647265e-01 7.5650221262021880e-02]
| >     momentum space  : k = [[-8.8860437550255776e-06, 2.1586154694590237e-06, 1.3289182050405120e+03]; [4.6766024140998237e+00, -4.1175141562071751e+01, 1.7106927440814647e+02]]
| > Example higher-precision rejection xs = [3.9920422286985552e-01 4.6207242265265575e-01 2.1903351813005502e-09 8.0889503796212459e-02 7.6799941403647265e-01 7.5650221262021880e-02] | reason = higher-precision original/rotated pair disagrees
| >     momentum space  : k = [[-8.8860437550255776e-06, 2.1586154694590237e-06, 1.3289182050405120e+03]; [4.6766024140998237e+00, -4.1175141562071751e+01, 1.7106927440814647e+02]]
| > [92mCentral value[0m : +4.9549434837836130e-08   +/- 1.43e-10     ([92m0.288%[0m)
[92mINFO[0m [94msymbolica_integrator l.6781[0m [96mt=2026-09-01,22:18:53.014[0m > | > Graph-channel Symbolica observer estimates:
| >   graph_0     : 1.3087203559689586e-09 +/- 4.80e-12 [16642 selected]
| >   graph_1     : 2.3068127215566414e-09 +/- 8.29e-12 [29866 selected]
| >   graph_2     : 2.2356062571161184e-08 +/- 4.25e-11 [167281 selected]
| >   graph_3     : 6.2141885622916103e-11 +/- 1.11e-12 [3862 selected]
| >   graph_4     : -3.1107157422606927e-09 +/- 9.59e-12 [32245 selected]
| >   graph_5     : 3.6374231478411429e-10 +/- 3.08e-12 [10347 selected]
| >   graph_6     : 7.4047305664357384e-08 +/- 1.04e-10 [374075 selected]
| >   graph_7     : -2.2880548598639548e-09 +/- 6.26e-12 [24005 selected]
| >   graph_8     : -4.7671829053160158e-08 +/- 8.59e-11 [294176 selected]
| >   graph_9     : 1.9685230169418954e-09 +/- 5.78e-12 [21653 selected]
| >   graph_10    : 2.0672596272840323e-10 +/- 6.38e-12 [25848 selected]
| >   sum         : 4.9549434837836693e-08
| >   total       : 4.9549434837836130e-08
| >   difference  : 5.6248281653605882e-22
[92mINFO[0m [94msymbolica_integrator l.6744[0m [96mt=2026-09-01,22:18:53.124[0m > Symbolica integration: starting iteration [92m49/100[0m using [94m1000000[0m points ...
[92mINFO[0m [94msymbolica_integrator l.6777[0m [96mt=2026-09-01,22:19:48.056[0m > ... result after this iteration:
| > Integration result after [92m49000000[0m evaluations in [92m68488.24 CPU-s[0m [94m(1397.7 µs / eval)[0m
| > Extremal weights:
| >   with jacobian    : 6.01110e+02 at xs = [2.7368845941000280e-01 3.1530719491606096e-01 6.4109416656307787e-03 1.5188046984795639e-01 8.0969934780326347e-01 9.1973308817103216e-01] | jacobian = 1.50367e+18
| >     momentum space  : k = [[-6.0546650197931857e+00, 1.3917740859312447e+01, 7.5348644807625533e+02]; [3.2739029949271142e+01, -8.3147912655750446e+01, -3.4683116351085334e+02]]
| >   without jacobian : 7.26036e-12 at xs = [2.9105947421563949e-01 1.3844171464982316e-01 3.4712975051379235e-08 7.0754448124389593e-02 1.3406523919335916e-01 8.4153291045116763e-01] | jacobian = 2.92408e+12
| >     momentum space  : k = [[5.7751226238349991e-05, 6.8433821074335990e-05, 8.2111111900004357e+02]; [4.8409945850346105e+01, 5.4264466975917607e+01, -1.3379892434885724e+02]]
| >   before clipping   : 6.01110e+02 at xs = [2.7368845941000280e-01 3.1530719491606096e-01 6.4109416656307787e-03 1.5188046984795639e-01 8.0969934780326347e-01 9.1973308817103216e-01]
| >     momentum space  : k = [[-6.0546650197931857e+00, 1.3917740859312447e+01, 7.5348644807625533e+02]; [3.2739029949271142e+01, -8.3147912655750446e+01, -3.4683116351085334e+02]]
| > Stability pipeline: float pairs accepted = 48912658, HP pairs attempted/accepted = 87342/87340
| > Stability triggers: float mismatch = 83687, float non-finite/error = 2
| > Higher-precision rejections: disagreement = 2, non-finite = 0, error = 0
| > Unstable rotational-check points rejected = 2
| > Rotational-check high-precision retries = 83689
| > Rotational-check high-precision salvaged = 83687
| > Large-weight high-precision retries = 3653
| > Large-weight high-precision salvaged = 3653
| > Large-weight high-precision rejected = 0
| > Large-weight samples zeroed = 0 (0.000e+00 of samples; removed signed/absolute sums = 0.00000e+00/0.00000e+00)
| > Non-finite final outputs zeroed = 0
| > Non-finite float rotated evaluations seen = 0
| > Example higher-precision-retried xs = [1.1737056346071351e-01 6.8210704234608166e-01 1.3637080159835113e-03 4.3066148777310964e-01 4.3356886191813082e-01 5.9829937939858402e-01] | float rel = 3.97127e-06
| >     momentum space  : k = [[-4.7144688033663129e-01, -1.0373028020352817e+00, 2.6595416256139868e+02]; [-1.3175423952853735e+03, 5.8427290965667441e+02, -4.5980225484447061e+02]]
| > Example large-weight higher-precision-retried xs = [2.4743214951097262e-01 1.9253954976410956e-02 7.5639735761422510e-03 1.1789330545539248e-01 5.8387763198916209e-01 8.8411195536692044e-01] | compiled = 4.30723e+02 | higher precision = 4.30723e+02
| >     momentum space  : k = [[1.5510067285466739e+01, 1.8855559947614091e+00, 6.5738203690586454e+02]; [-8.2265791044449472e+01, -4.7872044474115157e+01, -2.4977907995107381e+02]]
| > Example unstable xs = [3.9920422286985552e-01 4.6207242265265575e-01 2.1903351813005502e-09 8.0889503796212459e-02 7.6799941403647265e-01 7.5650221262021880e-02]
| >     momentum space  : k = [[-8.8860437550255776e-06, 2.1586154694590237e-06, 1.3289182050405120e+03]; [4.6766024140998237e+00, -4.1175141562071751e+01, 1.7106927440814647e+02]]
| > Example higher-precision rejection xs = [3.9920422286985552e-01 4.6207242265265575e-01 2.1903351813005502e-09 8.0889503796212459e-02 7.6799941403647265e-01 7.5650221262021880e-02] | reason = higher-precision original/rotated pair disagrees
| >     momentum space  : k = [[-8.8860437550255776e-06, 2.1586154694590237e-06, 1.3289182050405120e+03]; [4.6766024140998237e+00, -4.1175141562071751e+01, 1.7106927440814647e+02]]
| > [92mCentral value[0m : +4.9554617589261488e-08   +/- 1.40e-10     ([92m0.282%[0m)
[92mINFO[0m [94msymbolica_integrator l.6781[0m [96mt=2026-09-01,22:19:48.056[0m > | > Graph-channel Symbolica observer estimates:
| >   graph_0     : 1.3083352779655784e-09 +/- 4.74e-12 [16598 selected]
| >   graph_1     : 2.3101571011489519e-09 +/- 8.18e-12 [30455 selected]
| >   graph_2     : 2.2351856030906357e-08 +/- 4.17e-11 [167421 selected]
| >   graph_3     : 6.2177627511571031e-11 +/- 1.10e-12 [3654 selected]
| >   graph_4     : -3.1105415449802122e-09 +/- 9.47e-12 [32200 selected]
| >   graph_5     : 3.6368345597583196e-10 +/- 3.04e-12 [10185 selected]
| >   graph_6     : 7.4051360509775862e-08 +/- 1.02e-10 [373934 selected]
| >   graph_7     : -2.2880255900638195e-09 +/- 6.18e-12 [24244 selected]
| >   graph_8     : -4.7670810691150605e-08 +/- 8.43e-11 [293714 selected]
| >   graph_9     : 1.9690308551222663e-09 +/- 5.72e-12 [21725 selected]
| >   graph_10    : 2.0739455705026141e-10 +/- 6.30e-12 [25870 selected]
| >   sum         : 4.9554617589262044e-08
| >   total       : 4.9554617589261488e-08
| >   difference  : 5.5586537163563460e-22
[92mINFO[0m [94msymbolica_integrator l.6744[0m [96mt=2026-09-01,22:19:48.056[0m > Symbolica integration: starting iteration [92m50/100[0m using [94m1000000[0m points ...
[92mINFO[0m [94msymbolica_integrator l.6777[0m [96mt=2026-09-01,22:20:37.310[0m > ... result after this iteration:
| > Integration result after [92m50000000[0m evaluations in [92m69672.94 CPU-s[0m [94m(1393.5 µs / eval)[0m
| > Extremal weights:
| >   with jacobian    : 6.01110e+02 at xs = [2.7368845941000280e-01 3.1530719491606096e-01 6.4109416656307787e-03 1.5188046984795639e-01 8.0969934780326347e-01 9.1973308817103216e-01] | jacobian = 1.50367e+18
| >     momentum space  : k = [[-6.0546650197931857e+00, 1.3917740859312447e+01, 7.5348644807625533e+02]; [3.2739029949271142e+01, -8.3147912655750446e+01, -3.4683116351085334e+02]]
| >   without jacobian : 7.26036e-12 at xs = [2.9105947421563949e-01 1.3844171464982316e-01 3.4712975051379235e-08 7.0754448124389593e-02 1.3406523919335916e-01 8.4153291045116763e-01] | jacobian = 2.92408e+12
| >     momentum space  : k = [[5.7751226238349991e-05, 6.8433821074335990e-05, 8.2111111900004357e+02]; [4.8409945850346105e+01, 5.4264466975917607e+01, -1.3379892434885724e+02]]
| >   before clipping   : 6.01110e+02 at xs = [2.7368845941000280e-01 3.1530719491606096e-01 6.4109416656307787e-03 1.5188046984795639e-01 8.0969934780326347e-01 9.1973308817103216e-01]
| >     momentum space  : k = [[-6.0546650197931857e+00, 1.3917740859312447e+01, 7.5348644807625533e+02]; [3.2739029949271142e+01, -8.3147912655750446e+01, -3.4683116351085334e+02]]
| > Stability pipeline: float pairs accepted = 49910945, HP pairs attempted/accepted = 89055/89053
| > Stability triggers: float mismatch = 85325, float non-finite/error = 2
| > Higher-precision rejections: disagreement = 2, non-finite = 0, error = 0
| > Unstable rotational-check points rejected = 2
| > Rotational-check high-precision retries = 85327
| > Rotational-check high-precision salvaged = 85325
| > Large-weight high-precision retries = 3728
| > Large-weight high-precision salvaged = 3728
| > Large-weight high-precision rejected = 0
| > Large-weight samples zeroed = 0 (0.000e+00 of samples; removed signed/absolute sums = 0.00000e+00/0.00000e+00)
| > Non-finite final outputs zeroed = 0
| > Non-finite float rotated evaluations seen = 0
| > Example higher-precision-retried xs = [1.1737056346071351e-01 6.8210704234608166e-01 1.3637080159835113e-03 4.3066148777310964e-01 4.3356886191813082e-01 5.9829937939858402e-01] | float rel = 3.97127e-06
| >     momentum space  : k = [[-4.7144688033663129e-01, -1.0373028020352817e+00, 2.6595416256139868e+02]; [-1.3175423952853735e+03, 5.8427290965667441e+02, -4.5980225484447061e+02]]
| > Example large-weight higher-precision-retried xs = [2.4743214951097262e-01 1.9253954976410956e-02 7.5639735761422510e-03 1.1789330545539248e-01 5.8387763198916209e-01 8.8411195536692044e-01] | compiled = 4.30723e+02 | higher precision = 4.30723e+02
| >     momentum space  : k = [[1.5510067285466739e+01, 1.8855559947614091e+00, 6.5738203690586454e+02]; [-8.2265791044449472e+01, -4.7872044474115157e+01, -2.4977907995107381e+02]]
| > Example unstable xs = [3.9920422286985552e-01 4.6207242265265575e-01 2.1903351813005502e-09 8.0889503796212459e-02 7.6799941403647265e-01 7.5650221262021880e-02]
| >     momentum space  : k = [[-8.8860437550255776e-06, 2.1586154694590237e-06, 1.3289182050405120e+03]; [4.6766024140998237e+00, -4.1175141562071751e+01, 1.7106927440814647e+02]]
| > Example higher-precision rejection xs = [3.9920422286985552e-01 4.6207242265265575e-01 2.1903351813005502e-09 8.0889503796212459e-02 7.6799941403647265e-01 7.5650221262021880e-02] | reason = higher-precision original/rotated pair disagrees
| >     momentum space  : k = [[-8.8860437550255776e-06, 2.1586154694590237e-06, 1.3289182050405120e+03]; [4.6766024140998237e+00, -4.1175141562071751e+01, 1.7106927440814647e+02]]
| > [92mCentral value[0m : +4.9558257137735636e-08   +/- 1.37e-10     ([92m0.277%[0m)
[92mINFO[0m [94msymbolica_integrator l.6781[0m [96mt=2026-09-01,22:20:37.310[0m > | > Graph-channel Symbolica observer estimates:
| >   graph_0     : 1.3079604997393375e-09 +/- 4.68e-12 [16559 selected]
| >   graph_1     : 2.3107066460602392e-09 +/- 8.08e-12 [30082 selected]
| >   graph_2     : 2.2355363934238748e-08 +/- 4.10e-11 [168413 selected]
| >   graph_3     : 6.2638204418812298e-11 +/- 1.11e-12 [3732 selected]
| >   graph_4     : -3.1101213176562852e-09 +/- 9.35e-12 [32024 selected]
| >   graph_5     : 3.6371826749377034e-10 +/- 3.00e-12 [9917 selected]
| >   graph_6     : 7.4048504665773486e-08 +/- 9.96e-11 [373614 selected]
| >   graph_7     : -2.2890655830433960e-09 +/- 6.10e-12 [24258 selected]
| >   graph_8     : -4.7668550917977909e-08 +/- 8.27e-11 [294180 selected]
| >   graph_9     : 1.9695141603236759e-09 +/- 5.65e-12 [21566 selected]
| >   graph_10    : 2.0758857836568709e-10 +/- 6.22e-12 [25655 selected]
| >   sum         : 4.9558257137736165e-08
| >   total       : 4.9558257137735636e-08
| >   difference  : 5.2939559203393771e-22
[92mINFO[0m [94msymbolica_integrator l.6744[0m [96mt=2026-09-01,22:20:37.310[0m > Symbolica integration: starting iteration [92m51/100[0m using [94m1000000[0m points ...
[92mINFO[0m [94msymbolica_integrator l.6777[0m [96mt=2026-09-01,22:21:25.169[0m > ... result after this iteration:
| > Integration result after [92m51000000[0m evaluations in [92m70821.70 CPU-s[0m [94m(1388.7 µs / eval)[0m
| > Extremal weights:
| >   with jacobian    : 6.01110e+02 at xs = [2.7368845941000280e-01 3.1530719491606096e-01 6.4109416656307787e-03 1.5188046984795639e-01 8.0969934780326347e-01 9.1973308817103216e-01] | jacobian = 1.50367e+18
| >     momentum space  : k = [[-6.0546650197931857e+00, 1.3917740859312447e+01, 7.5348644807625533e+02]; [3.2739029949271142e+01, -8.3147912655750446e+01, -3.4683116351085334e+02]]
| >   without jacobian : 7.26036e-12 at xs = [2.9105947421563949e-01 1.3844171464982316e-01 3.4712975051379235e-08 7.0754448124389593e-02 1.3406523919335916e-01 8.4153291045116763e-01] | jacobian = 2.92408e+12
| >     momentum space  : k = [[5.7751226238349991e-05, 6.8433821074335990e-05, 8.2111111900004357e+02]; [4.8409945850346105e+01, 5.4264466975917607e+01, -1.3379892434885724e+02]]
| >   before clipping   : 6.01110e+02 at xs = [2.7368845941000280e-01 3.1530719491606096e-01 6.4109416656307787e-03 1.5188046984795639e-01 8.0969934780326347e-01 9.1973308817103216e-01]
| >     momentum space  : k = [[-6.0546650197931857e+00, 1.3917740859312447e+01, 7.5348644807625533e+02]; [3.2739029949271142e+01, -8.3147912655750446e+01, -3.4683116351085334e+02]]
| > Stability pipeline: float pairs accepted = 50909289, HP pairs attempted/accepted = 90711/90709
| > Stability triggers: float mismatch = 86891, float non-finite/error = 2
| > Higher-precision rejections: disagreement = 2, non-finite = 0, error = 0
| > Unstable rotational-check points rejected = 2
| > Rotational-check high-precision retries = 86893
| > Rotational-check high-precision salvaged = 86891
| > Large-weight high-precision retries = 3818
| > Large-weight high-precision salvaged = 3818
| > Large-weight high-precision rejected = 0
| > Large-weight samples zeroed = 0 (0.000e+00 of samples; removed signed/absolute sums = 0.00000e+00/0.00000e+00)
| > Non-finite final outputs zeroed = 0
| > Non-finite float rotated evaluations seen = 0
| > Example higher-precision-retried xs = [1.1737056346071351e-01 6.8210704234608166e-01 1.3637080159835113e-03 4.3066148777310964e-01 4.3356886191813082e-01 5.9829937939858402e-01] | float rel = 3.97127e-06
| >     momentum space  : k = [[-4.7144688033663129e-01, -1.0373028020352817e+00, 2.6595416256139868e+02]; [-1.3175423952853735e+03, 5.8427290965667441e+02, -4.5980225484447061e+02]]
| > Example large-weight higher-precision-retried xs = [2.4743214951097262e-01 1.9253954976410956e-02 7.5639735761422510e-03 1.1789330545539248e-01 5.8387763198916209e-01 8.8411195536692044e-01] | compiled = 4.30723e+02 | higher precision = 4.30723e+02
| >     momentum space  : k = [[1.5510067285466739e+01, 1.8855559947614091e+00, 6.5738203690586454e+02]; [-8.2265791044449472e+01, -4.7872044474115157e+01, -2.4977907995107381e+02]]
| > Example unstable xs = [3.9920422286985552e-01 4.6207242265265575e-01 2.1903351813005502e-09 8.0889503796212459e-02 7.6799941403647265e-01 7.5650221262021880e-02]
| >     momentum space  : k = [[-8.8860437550255776e-06, 2.1586154694590237e-06, 1.3289182050405120e+03]; [4.6766024140998237e+00, -4.1175141562071751e+01, 1.7106927440814647e+02]]
| > Example higher-precision rejection xs = [3.9920422286985552e-01 4.6207242265265575e-01 2.1903351813005502e-09 8.0889503796212459e-02 7.6799941403647265e-01 7.5650221262021880e-02] | reason = higher-precision original/rotated pair disagrees
| >     momentum space  : k = [[-8.8860437550255776e-06, 2.1586154694590237e-06, 1.3289182050405120e+03]; [4.6766024140998237e+00, -4.1175141562071751e+01, 1.7106927440814647e+02]]
| > [92mCentral value[0m : +4.9550778498926077e-08   +/- 1.35e-10     ([92m0.272%[0m)
[92mINFO[0m [94msymbolica_integrator l.6781[0m [96mt=2026-09-01,22:21:25.169[0m > | > Graph-channel Symbolica observer estimates:
| >   graph_0     : 1.3079074516609339e-09 +/- 4.63e-12 [16531 selected]
| >   graph_1     : 2.3110924367923568e-09 +/- 7.98e-12 [30104 selected]
| >   graph_2     : 2.2354251640626870e-08 +/- 4.03e-11 [167891 selected]
| >   graph_3     : 6.2551538728844453e-11 +/- 1.09e-12 [3775 selected]
| >   graph_4     : -3.1106232493901135e-09 +/- 9.23e-12 [31901 selected]
| >   graph_5     : 3.6317494107620513e-10 +/- 2.96e-12 [9876 selected]
| >   graph_6     : 7.4044994981197332e-08 +/- 9.78e-11 [373643 selected]
| >   graph_7     : -2.2890604397746266e-09 +/- 6.03e-12 [24105 selected]
| >   graph_8     : -4.7671359723804664e-08 +/- 8.11e-11 [294749 selected]
| >   graph_9     : 1.9705945637850680e-09 +/- 5.59e-12 [21788 selected]
| >   graph_10    : 2.0725435802839259e-10 +/- 6.13e-12 [25637 selected]
| >   sum         : 4.9550778498926599e-08
| >   total       : 4.9550778498926077e-08
| >   difference  : 5.2277814713351349e-22
[92mINFO[0m [94msymbolica_integrator l.6744[0m [96mt=2026-09-01,22:21:25.170[0m > Symbolica integration: starting iteration [92m52/100[0m using [94m1000000[0m points ...
[92mINFO[0m [94msymbolica_integrator l.6777[0m [96mt=2026-09-01,22:22:13.330[0m > ... result after this iteration:
| > Integration result after [92m52000000[0m evaluations in [92m71975.33 CPU-s[0m [94m(1384.1 µs / eval)[0m
| > Extremal weights:
| >   with jacobian    : 6.01110e+02 at xs = [2.7368845941000280e-01 3.1530719491606096e-01 6.4109416656307787e-03 1.5188046984795639e-01 8.0969934780326347e-01 9.1973308817103216e-01] | jacobian = 1.50367e+18
| >     momentum space  : k = [[-6.0546650197931857e+00, 1.3917740859312447e+01, 7.5348644807625533e+02]; [3.2739029949271142e+01, -8.3147912655750446e+01, -3.4683116351085334e+02]]
| >   without jacobian : 7.26036e-12 at xs = [2.9105947421563949e-01 1.3844171464982316e-01 3.4712975051379235e-08 7.0754448124389593e-02 1.3406523919335916e-01 8.4153291045116763e-01] | jacobian = 2.92408e+12
| >     momentum space  : k = [[5.7751226238349991e-05, 6.8433821074335990e-05, 8.2111111900004357e+02]; [4.8409945850346105e+01, 5.4264466975917607e+01, -1.3379892434885724e+02]]
| >   before clipping   : 6.01110e+02 at xs = [2.7368845941000280e-01 3.1530719491606096e-01 6.4109416656307787e-03 1.5188046984795639e-01 8.0969934780326347e-01 9.1973308817103216e-01]
| >     momentum space  : k = [[-6.0546650197931857e+00, 1.3917740859312447e+01, 7.5348644807625533e+02]; [3.2739029949271142e+01, -8.3147912655750446e+01, -3.4683116351085334e+02]]
| > Stability pipeline: float pairs accepted = 51907553, HP pairs attempted/accepted = 92447/92445
| > Stability triggers: float mismatch = 88552, float non-finite/error = 2
| > Higher-precision rejections: disagreement = 2, non-finite = 0, error = 0
| > Unstable rotational-check points rejected = 2
| > Rotational-check high-precision retries = 88554
| > Rotational-check high-precision salvaged = 88552
| > Large-weight high-precision retries = 3893
| > Large-weight high-precision salvaged = 3893
| > Large-weight high-precision rejected = 0
| > Large-weight samples zeroed = 0 (0.000e+00 of samples; removed signed/absolute sums = 0.00000e+00/0.00000e+00)
| > Non-finite final outputs zeroed = 0
| > Non-finite float rotated evaluations seen = 0
| > Example higher-precision-retried xs = [1.1737056346071351e-01 6.8210704234608166e-01 1.3637080159835113e-03 4.3066148777310964e-01 4.3356886191813082e-01 5.9829937939858402e-01] | float rel = 3.97127e-06
| >     momentum space  : k = [[-4.7144688033663129e-01, -1.0373028020352817e+00, 2.6595416256139868e+02]; [-1.3175423952853735e+03, 5.8427290965667441e+02, -4.5980225484447061e+02]]
| > Example large-weight higher-precision-retried xs = [2.4743214951097262e-01 1.9253954976410956e-02 7.5639735761422510e-03 1.1789330545539248e-01 5.8387763198916209e-01 8.8411195536692044e-01] | compiled = 4.30723e+02 | higher precision = 4.30723e+02
| >     momentum space  : k = [[1.5510067285466739e+01, 1.8855559947614091e+00, 6.5738203690586454e+02]; [-8.2265791044449472e+01, -4.7872044474115157e+01, -2.4977907995107381e+02]]
| > Example unstable xs = [3.9920422286985552e-01 4.6207242265265575e-01 2.1903351813005502e-09 8.0889503796212459e-02 7.6799941403647265e-01 7.5650221262021880e-02]
| >     momentum space  : k = [[-8.8860437550255776e-06, 2.1586154694590237e-06, 1.3289182050405120e+03]; [4.6766024140998237e+00, -4.1175141562071751e+01, 1.7106927440814647e+02]]
| > Example higher-precision rejection xs = [3.9920422286985552e-01 4.6207242265265575e-01 2.1903351813005502e-09 8.0889503796212459e-02 7.6799941403647265e-01 7.5650221262021880e-02] | reason = higher-precision original/rotated pair disagrees
| >     momentum space  : k = [[-8.8860437550255776e-06, 2.1586154694590237e-06, 1.3289182050405120e+03]; [4.6766024140998237e+00, -4.1175141562071751e+01, 1.7106927440814647e+02]]
| > [92mCentral value[0m : +4.9546859576082511e-08   +/- 1.32e-10     ([92m0.267%[0m)
[92mINFO[0m [94msymbolica_integrator l.6781[0m [96mt=2026-09-01,22:22:13.330[0m > | > Graph-channel Symbolica observer estimates:
| >   graph_0     : 1.3074559389377049e-09 +/- 4.57e-12 [16330 selected]
| >   graph_1     : 2.3101722573968620e-09 +/- 7.88e-12 [30173 selected]
| >   graph_2     : 2.2355739107175755e-08 +/- 3.96e-11 [167969 selected]
| >   graph_3     : 6.2492344109556639e-11 +/- 1.08e-12 [3791 selected]
| >   graph_4     : -3.1125281788276588e-09 +/- 9.12e-12 [32039 selected]
| >   graph_5     : 3.6335393234859874e-10 +/- 2.93e-12 [10040 selected]
| >   graph_6     : 7.4047291956678581e-08 +/- 9.60e-11 [374026 selected]
| >   graph_7     : -2.2903296231059845e-09 +/- 5.96e-12 [24085 selected]
| >   graph_8     : -4.7673932924898369e-08 +/- 7.96e-11 [294356 selected]
| >   graph_9     : 1.9706510003796733e-09 +/- 5.52e-12 [21529 selected]
| >   graph_10    : 2.0649376588832774e-10 +/- 6.04e-12 [25662 selected]
| >   sum         : 4.9546859576083047e-08
| >   total       : 4.9546859576082511e-08
| >   difference  : 5.3601303693436193e-22
[92mINFO[0m [94msymbolica_integrator l.6744[0m [96mt=2026-09-01,22:22:13.330[0m > Symbolica integration: starting iteration [92m53/100[0m using [94m1000000[0m points ...
[92mINFO[0m [94msymbolica_integrator l.6777[0m [96mt=2026-09-01,22:23:01.490[0m > ... result after this iteration:
| > Integration result after [92m53000000[0m evaluations in [92m73125.12 CPU-s[0m [94m(1379.7 µs / eval)[0m
| > Extremal weights:
| >   with jacobian    : 6.01110e+02 at xs = [2.7368845941000280e-01 3.1530719491606096e-01 6.4109416656307787e-03 1.5188046984795639e-01 8.0969934780326347e-01 9.1973308817103216e-01] | jacobian = 1.50367e+18
| >     momentum space  : k = [[-6.0546650197931857e+00, 1.3917740859312447e+01, 7.5348644807625533e+02]; [3.2739029949271142e+01, -8.3147912655750446e+01, -3.4683116351085334e+02]]
| >   without jacobian : 7.26036e-12 at xs = [2.9105947421563949e-01 1.3844171464982316e-01 3.4712975051379235e-08 7.0754448124389593e-02 1.3406523919335916e-01 8.4153291045116763e-01] | jacobian = 2.92408e+12
| >     momentum space  : k = [[5.7751226238349991e-05, 6.8433821074335990e-05, 8.2111111900004357e+02]; [4.8409945850346105e+01, 5.4264466975917607e+01, -1.3379892434885724e+02]]
| >   before clipping   : 6.01110e+02 at xs = [2.7368845941000280e-01 3.1530719491606096e-01 6.4109416656307787e-03 1.5188046984795639e-01 8.0969934780326347e-01 9.1973308817103216e-01]
| >     momentum space  : k = [[-6.0546650197931857e+00, 1.3917740859312447e+01, 7.5348644807625533e+02]; [3.2739029949271142e+01, -8.3147912655750446e+01, -3.4683116351085334e+02]]
| > Stability pipeline: float pairs accepted = 52905854, HP pairs attempted/accepted = 94146/94144
| > Stability triggers: float mismatch = 90160, float non-finite/error = 2
| > Higher-precision rejections: disagreement = 2, non-finite = 0, error = 0
| > Unstable rotational-check points rejected = 2
| > Rotational-check high-precision retries = 90162
| > Rotational-check high-precision salvaged = 90160
| > Large-weight high-precision retries = 3984
| > Large-weight high-precision salvaged = 3984
| > Large-weight high-precision rejected = 0
| > Large-weight samples zeroed = 0 (0.000e+00 of samples; removed signed/absolute sums = 0.00000e+00/0.00000e+00)
| > Non-finite final outputs zeroed = 0
| > Non-finite float rotated evaluations seen = 0
| > Example higher-precision-retried xs = [1.1737056346071351e-01 6.8210704234608166e-01 1.3637080159835113e-03 4.3066148777310964e-01 4.3356886191813082e-01 5.9829937939858402e-01] | float rel = 3.97127e-06
| >     momentum space  : k = [[-4.7144688033663129e-01, -1.0373028020352817e+00, 2.6595416256139868e+02]; [-1.3175423952853735e+03, 5.8427290965667441e+02, -4.5980225484447061e+02]]
| > Example large-weight higher-precision-retried xs = [2.4743214951097262e-01 1.9253954976410956e-02 7.5639735761422510e-03 1.1789330545539248e-01 5.8387763198916209e-01 8.8411195536692044e-01] | compiled = 4.30723e+02 | higher precision = 4.30723e+02
| >     momentum space  : k = [[1.5510067285466739e+01, 1.8855559947614091e+00, 6.5738203690586454e+02]; [-8.2265791044449472e+01, -4.7872044474115157e+01, -2.4977907995107381e+02]]
| > Example unstable xs = [3.9920422286985552e-01 4.6207242265265575e-01 2.1903351813005502e-09 8.0889503796212459e-02 7.6799941403647265e-01 7.5650221262021880e-02]
| >     momentum space  : k = [[-8.8860437550255776e-06, 2.1586154694590237e-06, 1.3289182050405120e+03]; [4.6766024140998237e+00, -4.1175141562071751e+01, 1.7106927440814647e+02]]
| > Example higher-precision rejection xs = [3.9920422286985552e-01 4.6207242265265575e-01 2.1903351813005502e-09 8.0889503796212459e-02 7.6799941403647265e-01 7.5650221262021880e-02] | reason = higher-precision original/rotated pair disagrees
| >     momentum space  : k = [[-8.8860437550255776e-06, 2.1586154694590237e-06, 1.3289182050405120e+03]; [4.6766024140998237e+00, -4.1175141562071751e+01, 1.7106927440814647e+02]]
| > [92mCentral value[0m : +4.9552177088112053e-08   +/- 1.30e-10     ([92m0.262%[0m)
[92mINFO[0m [94msymbolica_integrator l.6781[0m [96mt=2026-09-01,22:23:01.490[0m > | > Graph-channel Symbolica observer estimates:
| >   graph_0     : 1.3066970620769874e-09 +/- 4.51e-12 [16474 selected]
| >   graph_1     : 2.3116886837744171e-09 +/- 7.77e-12 [29976 selected]
| >   graph_2     : 2.2355333581136544e-08 +/- 3.89e-11 [168098 selected]
| >   graph_3     : 6.2211350841840348e-11 +/- 1.06e-12 [3665 selected]
| >   graph_4     : -3.1107950176063922e-09 +/- 9.00e-12 [32289 selected]
| >   graph_5     : 3.6328013737099772e-10 +/- 2.90e-12 [10111 selected]
| >   graph_6     : 7.4047904029745863e-08 +/- 9.43e-11 [374744 selected]
| >   graph_7     : -2.2910925023071029e-09 +/- 5.89e-12 [24134 selected]
| >   graph_8     : -4.7669568670873537e-08 +/- 7.82e-11 [293194 selected]
| >   graph_9     : 1.9694204618191538e-09 +/- 5.45e-12 [21590 selected]
| >   graph_10    : 2.0709797213374033e-10 +/- 5.97e-12 [25725 selected]
| >   sum         : 4.9552177088112509e-08
| >   total       : 4.9552177088112053e-08
| >   difference  : 4.5660369812927128e-22
[92mINFO[0m [94msymbolica_integrator l.6744[0m [96mt=2026-09-01,22:23:01.506[0m > Symbolica integration: starting iteration [92m54/100[0m using [94m1000000[0m points ...
[92mINFO[0m [94msymbolica_integrator l.6777[0m [96mt=2026-09-01,22:24:04.682[0m > ... result after this iteration:
| > Integration result after [92m54000000[0m evaluations in [92m74416.60 CPU-s[0m [94m(1378.1 µs / eval)[0m
| > Extremal weights:
| >   with jacobian    : 6.01110e+02 at xs = [2.7368845941000280e-01 3.1530719491606096e-01 6.4109416656307787e-03 1.5188046984795639e-01 8.0969934780326347e-01 9.1973308817103216e-01] | jacobian = 1.50367e+18
| >     momentum space  : k = [[-6.0546650197931857e+00, 1.3917740859312447e+01, 7.5348644807625533e+02]; [3.2739029949271142e+01, -8.3147912655750446e+01, -3.4683116351085334e+02]]
| >   without jacobian : 7.26036e-12 at xs = [2.9105947421563949e-01 1.3844171464982316e-01 3.4712975051379235e-08 7.0754448124389593e-02 1.3406523919335916e-01 8.4153291045116763e-01] | jacobian = 2.92408e+12
| >     momentum space  : k = [[5.7751226238349991e-05, 6.8433821074335990e-05, 8.2111111900004357e+02]; [4.8409945850346105e+01, 5.4264466975917607e+01, -1.3379892434885724e+02]]
| >   before clipping   : 6.01110e+02 at xs = [2.7368845941000280e-01 3.1530719491606096e-01 6.4109416656307787e-03 1.5188046984795639e-01 8.0969934780326347e-01 9.1973308817103216e-01]
| >     momentum space  : k = [[-6.0546650197931857e+00, 1.3917740859312447e+01, 7.5348644807625533e+02]; [3.2739029949271142e+01, -8.3147912655750446e+01, -3.4683116351085334e+02]]
| > Stability pipeline: float pairs accepted = 53904132, HP pairs attempted/accepted = 95868/95866
| > Stability triggers: float mismatch = 91797, float non-finite/error = 2
| > Higher-precision rejections: disagreement = 2, non-finite = 0, error = 0
| > Unstable rotational-check points rejected = 2
| > Rotational-check high-precision retries = 91799
| > Rotational-check high-precision salvaged = 91797
| > Large-weight high-precision retries = 4069
| > Large-weight high-precision salvaged = 4069
| > Large-weight high-precision rejected = 0
| > Large-weight samples zeroed = 0 (0.000e+00 of samples; removed signed/absolute sums = 0.00000e+00/0.00000e+00)
| > Non-finite final outputs zeroed = 0
| > Non-finite float rotated evaluations seen = 0
| > Example higher-precision-retried xs = [1.1737056346071351e-01 6.8210704234608166e-01 1.3637080159835113e-03 4.3066148777310964e-01 4.3356886191813082e-01 5.9829937939858402e-01] | float rel = 3.97127e-06
| >     momentum space  : k = [[-4.7144688033663129e-01, -1.0373028020352817e+00, 2.6595416256139868e+02]; [-1.3175423952853735e+03, 5.8427290965667441e+02, -4.5980225484447061e+02]]
| > Example large-weight higher-precision-retried xs = [2.4743214951097262e-01 1.9253954976410956e-02 7.5639735761422510e-03 1.1789330545539248e-01 5.8387763198916209e-01 8.8411195536692044e-01] | compiled = 4.30723e+02 | higher precision = 4.30723e+02
| >     momentum space  : k = [[1.5510067285466739e+01, 1.8855559947614091e+00, 6.5738203690586454e+02]; [-8.2265791044449472e+01, -4.7872044474115157e+01, -2.4977907995107381e+02]]
| > Example unstable xs = [3.9920422286985552e-01 4.6207242265265575e-01 2.1903351813005502e-09 8.0889503796212459e-02 7.6799941403647265e-01 7.5650221262021880e-02]
| >     momentum space  : k = [[-8.8860437550255776e-06, 2.1586154694590237e-06, 1.3289182050405120e+03]; [4.6766024140998237e+00, -4.1175141562071751e+01, 1.7106927440814647e+02]]
| > Example higher-precision rejection xs = [3.9920422286985552e-01 4.6207242265265575e-01 2.1903351813005502e-09 8.0889503796212459e-02 7.6799941403647265e-01 7.5650221262021880e-02] | reason = higher-precision original/rotated pair disagrees
| >     momentum space  : k = [[-8.8860437550255776e-06, 2.1586154694590237e-06, 1.3289182050405120e+03]; [4.6766024140998237e+00, -4.1175141562071751e+01, 1.7106927440814647e+02]]
| > [92mCentral value[0m : +4.9561487231073793e-08   +/- 1.28e-10     ([92m0.258%[0m)
[92mINFO[0m [94msymbolica_integrator l.6781[0m [96mt=2026-09-01,22:24:04.682[0m > | > Graph-channel Symbolica observer estimates:
| >   graph_0     : 1.3064767865694899e-09 +/- 4.46e-12 [16218 selected]
| >   graph_1     : 2.3118457975436846e-09 +/- 7.68e-12 [29859 selected]
| >   graph_2     : 2.2361402333941912e-08 +/- 3.83e-11 [167968 selected]
| >   graph_3     : 6.2188010280863150e-11 +/- 1.05e-12 [3693 selected]
| >   graph_4     : -3.1114612760858949e-09 +/- 8.92e-12 [31904 selected]
| >   graph_5     : 3.6358024050992137e-10 +/- 2.87e-12 [10264 selected]
| >   graph_6     : 7.4055220588349430e-08 +/- 9.27e-11 [374544 selected]
| >   graph_7     : -2.2918778849744601e-09 +/- 5.82e-12 [24289 selected]
| >   graph_8     : -4.7672103983874271e-08 +/- 7.68e-11 [294226 selected]
| >   graph_9     : 1.9688334603051463e-09 +/- 5.39e-12 [21239 selected]
| >   graph_10    : 2.0738315850843958e-10 +/- 5.90e-12 [25796 selected]
| >   sum         : 4.9561487231074263e-08
| >   total       : 4.9561487231073793e-08
| >   difference  : 4.6983858793011972e-22
[92mINFO[0m [94msymbolica_integrator l.6744[0m [96mt=2026-09-01,22:24:04.723[0m > Symbolica integration: starting iteration [92m55/100[0m using [94m1000000[0m points ...
[92mINFO[0m [94msymbolica_integrator l.6777[0m [96mt=2026-09-01,22:26:05.800[0m > ... result after this iteration:
| > Integration result after [92m55000000[0m evaluations in [92m77494.41 CPU-s[0m [94m(1409.0 µs / eval)[0m
| > Extremal weights:
| >   with jacobian    : 6.01110e+02 at xs = [2.7368845941000280e-01 3.1530719491606096e-01 6.4109416656307787e-03 1.5188046984795639e-01 8.0969934780326347e-01 9.1973308817103216e-01] | jacobian = 1.50367e+18
| >     momentum space  : k = [[-6.0546650197931857e+00, 1.3917740859312447e+01, 7.5348644807625533e+02]; [3.2739029949271142e+01, -8.3147912655750446e+01, -3.4683116351085334e+02]]
| >   without jacobian : 7.26036e-12 at xs = [2.9105947421563949e-01 1.3844171464982316e-01 3.4712975051379235e-08 7.0754448124389593e-02 1.3406523919335916e-01 8.4153291045116763e-01] | jacobian = 2.92408e+12
| >     momentum space  : k = [[5.7751226238349991e-05, 6.8433821074335990e-05, 8.2111111900004357e+02]; [4.8409945850346105e+01, 5.4264466975917607e+01, -1.3379892434885724e+02]]
| >   before clipping   : 6.01110e+02 at xs = [2.7368845941000280e-01 3.1530719491606096e-01 6.4109416656307787e-03 1.5188046984795639e-01 8.0969934780326347e-01 9.1973308817103216e-01]
| >     momentum space  : k = [[-6.0546650197931857e+00, 1.3917740859312447e+01, 7.5348644807625533e+02]; [3.2739029949271142e+01, -8.3147912655750446e+01, -3.4683116351085334e+02]]
| > Stability pipeline: float pairs accepted = 54902385, HP pairs attempted/accepted = 97615/97613
| > Stability triggers: float mismatch = 93463, float non-finite/error = 2
| > Higher-precision rejections: disagreement = 2, non-finite = 0, error = 0
| > Unstable rotational-check points rejected = 2
| > Rotational-check high-precision retries = 93465
| > Rotational-check high-precision salvaged = 93463
| > Large-weight high-precision retries = 4150
| > Large-weight high-precision salvaged = 4150
| > Large-weight high-precision rejected = 0
| > Large-weight samples zeroed = 0 (0.000e+00 of samples; removed signed/absolute sums = 0.00000e+00/0.00000e+00)
| > Non-finite final outputs zeroed = 0
| > Non-finite float rotated evaluations seen = 0
| > Example higher-precision-retried xs = [1.1737056346071351e-01 6.8210704234608166e-01 1.3637080159835113e-03 4.3066148777310964e-01 4.3356886191813082e-01 5.9829937939858402e-01] | float rel = 3.97127e-06
| >     momentum space  : k = [[-4.7144688033663129e-01, -1.0373028020352817e+00, 2.6595416256139868e+02]; [-1.3175423952853735e+03, 5.8427290965667441e+02, -4.5980225484447061e+02]]
| > Example large-weight higher-precision-retried xs = [2.4743214951097262e-01 1.9253954976410956e-02 7.5639735761422510e-03 1.1789330545539248e-01 5.8387763198916209e-01 8.8411195536692044e-01] | compiled = 4.30723e+02 | higher precision = 4.30723e+02
| >     momentum space  : k = [[1.5510067285466739e+01, 1.8855559947614091e+00, 6.5738203690586454e+02]; [-8.2265791044449472e+01, -4.7872044474115157e+01, -2.4977907995107381e+02]]
| > Example unstable xs = [3.9920422286985552e-01 4.6207242265265575e-01 2.1903351813005502e-09 8.0889503796212459e-02 7.6799941403647265e-01 7.5650221262021880e-02]
| >     momentum space  : k = [[-8.8860437550255776e-06, 2.1586154694590237e-06, 1.3289182050405120e+03]; [4.6766024140998237e+00, -4.1175141562071751e+01, 1.7106927440814647e+02]]
| > Example higher-precision rejection xs = [3.9920422286985552e-01 4.6207242265265575e-01 2.1903351813005502e-09 8.0889503796212459e-02 7.6799941403647265e-01 7.5650221262021880e-02] | reason = higher-precision original/rotated pair disagrees
| >     momentum space  : k = [[-8.8860437550255776e-06, 2.1586154694590237e-06, 1.3289182050405120e+03]; [4.6766024140998237e+00, -4.1175141562071751e+01, 1.7106927440814647e+02]]
| > [92mCentral value[0m : +4.9568195565061506e-08   +/- 1.26e-10     ([92m0.253%[0m)
[92mINFO[0m [94msymbolica_integrator l.6781[0m [96mt=2026-09-01,22:26:05.801[0m > | > Graph-channel Symbolica observer estimates:
| >   graph_0     : 1.3067450730271727e-09 +/- 4.41e-12 [16475 selected]
| >   graph_1     : 2.3126946728861925e-09 +/- 7.60e-12 [29940 selected]
| >   graph_2     : 2.2360297981990361e-08 +/- 3.77e-11 [167434 selected]
| >   graph_3     : 6.2142140913192959e-11 +/- 1.03e-12 [3820 selected]
| >   graph_4     : -3.1117350137522176e-09 +/- 8.82e-12 [32065 selected]
| >   graph_5     : 3.6403522245600178e-10 +/- 2.84e-12 [9994 selected]
| >   graph_6     : 7.4059568270196017e-08 +/- 9.11e-11 [375688 selected]
| >   graph_7     : -2.2926985086291338e-09 +/- 5.76e-12 [23981 selected]
| >   graph_8     : -4.7669330816459777e-08 +/- 7.55e-11 [293769 selected]
| >   graph_9     : 1.9687505542037240e-09 +/- 5.32e-12 [21418 selected]
| >   graph_10    : 2.0772598823042848e-10 +/- 5.83e-12 [25416 selected]
| >   sum         : 4.9568195565061963e-08
| >   total       : 4.9568195565061506e-08
| >   difference  : 4.5660369812927128e-22
[92mINFO[0m [94msymbolica_integrator l.6744[0m [96mt=2026-09-01,22:26:05.836[0m > Symbolica integration: starting iteration [92m56/100[0m using [94m1000000[0m points ...
[92mINFO[0m [94msymbolica_integrator l.6777[0m [96mt=2026-09-01,22:27:13.615[0m > ... result after this iteration:
| > Integration result after [92m56000000[0m evaluations in [92m78919.01 CPU-s[0m [94m(1409.3 µs / eval)[0m
| > Extremal weights:
| >   with jacobian    : 6.07958e+02 at xs = [2.7807442678925393e-01 1.1354113945739913e-01 6.0802850114241381e-03 1.4837041396525982e-01 5.9942638400086801e-01 9.2629881873517494e-01] | jacobian = 1.30217e+18
| >     momentum space  : k = [[1.1126253467559630e+01, 9.6293043349024412e+00, 7.7022814272072014e+02]; [-6.4856580595199858e+01, -4.6764854095292392e+01, -3.3914053125240025e+02]]
| >   without jacobian : 7.26036e-12 at xs = [2.9105947421563949e-01 1.3844171464982316e-01 3.4712975051379235e-08 7.0754448124389593e-02 1.3406523919335916e-01 8.4153291045116763e-01] | jacobian = 2.92408e+12
| >     momentum space  : k = [[5.7751226238349991e-05, 6.8433821074335990e-05, 8.2111111900004357e+02]; [4.8409945850346105e+01, 5.4264466975917607e+01, -1.3379892434885724e+02]]
| >   before clipping   : 6.07958e+02 at xs = [2.7807442678925393e-01 1.1354113945739913e-01 6.0802850114241381e-03 1.4837041396525982e-01 5.9942638400086801e-01 9.2629881873517494e-01]
| >     momentum space  : k = [[1.1126253467559630e+01, 9.6293043349024412e+00, 7.7022814272072014e+02]; [-6.4856580595199858e+01, -4.6764854095292392e+01, -3.3914053125240025e+02]]
| > Stability pipeline: float pairs accepted = 55900739, HP pairs attempted/accepted = 99261/99259
| > Stability triggers: float mismatch = 95035, float non-finite/error = 2
| > Higher-precision rejections: disagreement = 2, non-finite = 0, error = 0
| > Unstable rotational-check points rejected = 2
| > Rotational-check high-precision retries = 95037
| > Rotational-check high-precision salvaged = 95035
| > Large-weight high-precision retries = 4224
| > Large-weight high-precision salvaged = 4224
| > Large-weight high-precision rejected = 0
| > Large-weight samples zeroed = 0 (0.000e+00 of samples; removed signed/absolute sums = 0.00000e+00/0.00000e+00)
| > Non-finite final outputs zeroed = 0
| > Non-finite float rotated evaluations seen = 0
| > Example higher-precision-retried xs = [1.1737056346071351e-01 6.8210704234608166e-01 1.3637080159835113e-03 4.3066148777310964e-01 4.3356886191813082e-01 5.9829937939858402e-01] | float rel = 3.97127e-06
| >     momentum space  : k = [[-4.7144688033663129e-01, -1.0373028020352817e+00, 2.6595416256139868e+02]; [-1.3175423952853735e+03, 5.8427290965667441e+02, -4.5980225484447061e+02]]
| > Example large-weight higher-precision-retried xs = [2.4743214951097262e-01 1.9253954976410956e-02 7.5639735761422510e-03 1.1789330545539248e-01 5.8387763198916209e-01 8.8411195536692044e-01] | compiled = 4.30723e+02 | higher precision = 4.30723e+02
| >     momentum space  : k = [[1.5510067285466739e+01, 1.8855559947614091e+00, 6.5738203690586454e+02]; [-8.2265791044449472e+01, -4.7872044474115157e+01, -2.4977907995107381e+02]]
| > Example unstable xs = [3.9920422286985552e-01 4.6207242265265575e-01 2.1903351813005502e-09 8.0889503796212459e-02 7.6799941403647265e-01 7.5650221262021880e-02]
| >     momentum space  : k = [[-8.8860437550255776e-06, 2.1586154694590237e-06, 1.3289182050405120e+03]; [4.6766024140998237e+00, -4.1175141562071751e+01, 1.7106927440814647e+02]]
| > Example higher-precision rejection xs = [3.9920422286985552e-01 4.6207242265265575e-01 2.1903351813005502e-09 8.0889503796212459e-02 7.6799941403647265e-01 7.5650221262021880e-02] | reason = higher-precision original/rotated pair disagrees
| >     momentum space  : k = [[-8.8860437550255776e-06, 2.1586154694590237e-06, 1.3289182050405120e+03]; [4.6766024140998237e+00, -4.1175141562071751e+01, 1.7106927440814647e+02]]
| > [92mCentral value[0m : +4.9571964205343084e-08   +/- 1.24e-10     ([92m0.249%[0m)
[92mINFO[0m [94msymbolica_integrator l.6781[0m [96mt=2026-09-01,22:27:13.615[0m > | > Graph-channel Symbolica observer estimates:
| >   graph_0     : 1.3069071073378914e-09 +/- 4.37e-12 [16386 selected]
| >   graph_1     : 2.3128457877828172e-09 +/- 7.51e-12 [29937 selected]
| >   graph_2     : 2.2362234641255240e-08 +/- 3.71e-11 [167881 selected]
| >   graph_3     : 6.2060856503459363e-11 +/- 1.02e-12 [3809 selected]
| >   graph_4     : -3.1119743928128875e-09 +/- 8.72e-12 [32002 selected]
| >   graph_5     : 3.6412273108061525e-10 +/- 2.81e-12 [10084 selected]
| >   graph_6     : 7.4061838781360736e-08 +/- 8.96e-11 [375815 selected]
| >   graph_7     : -2.2924706625681680e-09 +/- 5.69e-12 [24051 selected]
| >   graph_8     : -4.7670809522419190e-08 +/- 7.42e-11 [293137 selected]
| >   graph_9     : 1.9693421260009799e-09 +/- 5.27e-12 [21503 selected]
| >   graph_10    : 2.0786675182209507e-10 +/- 5.75e-12 [25395 selected]
| >   sum         : 4.9571964205343587e-08
| >   total       : 4.9571964205343084e-08
| >   difference  : 5.0292581243224083e-22
[92mINFO[0m [94msymbolica_integrator l.6744[0m [96mt=2026-09-01,22:27:13.644[0m > Symbolica integration: starting iteration [92m57/100[0m using [94m1000000[0m points ...
[92mINFO[0m [94msymbolica_integrator l.6777[0m [96mt=2026-09-01,22:28:12.009[0m > ... result after this iteration:
| > Integration result after [92m57000000[0m evaluations in [92m80110.93 CPU-s[0m [94m(1405.5 µs / eval)[0m
| > Extremal weights:
| >   with jacobian    : 6.07958e+02 at xs = [2.7807442678925393e-01 1.1354113945739913e-01 6.0802850114241381e-03 1.4837041396525982e-01 5.9942638400086801e-01 9.2629881873517494e-01] | jacobian = 1.30217e+18
| >     momentum space  : k = [[1.1126253467559630e+01, 9.6293043349024412e+00, 7.7022814272072014e+02]; [-6.4856580595199858e+01, -4.6764854095292392e+01, -3.3914053125240025e+02]]
| >   without jacobian : 7.26036e-12 at xs = [2.9105947421563949e-01 1.3844171464982316e-01 3.4712975051379235e-08 7.0754448124389593e-02 1.3406523919335916e-01 8.4153291045116763e-01] | jacobian = 2.92408e+12
| >     momentum space  : k = [[5.7751226238349991e-05, 6.8433821074335990e-05, 8.2111111900004357e+02]; [4.8409945850346105e+01, 5.4264466975917607e+01, -1.3379892434885724e+02]]
| >   before clipping   : 6.07958e+02 at xs = [2.7807442678925393e-01 1.1354113945739913e-01 6.0802850114241381e-03 1.4837041396525982e-01 5.9942638400086801e-01 9.2629881873517494e-01]
| >     momentum space  : k = [[1.1126253467559630e+01, 9.6293043349024412e+00, 7.7022814272072014e+02]; [-6.4856580595199858e+01, -4.6764854095292392e+01, -3.3914053125240025e+02]]
| > Stability pipeline: float pairs accepted = 56899031, HP pairs attempted/accepted = 100969/100967
| > Stability triggers: float mismatch = 96662, float non-finite/error = 2
| > Higher-precision rejections: disagreement = 2, non-finite = 0, error = 0
| > Unstable rotational-check points rejected = 2
| > Rotational-check high-precision retries = 96664
| > Rotational-check high-precision salvaged = 96662
| > Large-weight high-precision retries = 4305
| > Large-weight high-precision salvaged = 4305
| > Large-weight high-precision rejected = 0
| > Large-weight samples zeroed = 0 (0.000e+00 of samples; removed signed/absolute sums = 0.00000e+00/0.00000e+00)
| > Non-finite final outputs zeroed = 0
| > Non-finite float rotated evaluations seen = 0
| > Example higher-precision-retried xs = [1.1737056346071351e-01 6.8210704234608166e-01 1.3637080159835113e-03 4.3066148777310964e-01 4.3356886191813082e-01 5.9829937939858402e-01] | float rel = 3.97127e-06
| >     momentum space  : k = [[-4.7144688033663129e-01, -1.0373028020352817e+00, 2.6595416256139868e+02]; [-1.3175423952853735e+03, 5.8427290965667441e+02, -4.5980225484447061e+02]]
| > Example large-weight higher-precision-retried xs = [2.4743214951097262e-01 1.9253954976410956e-02 7.5639735761422510e-03 1.1789330545539248e-01 5.8387763198916209e-01 8.8411195536692044e-01] | compiled = 4.30723e+02 | higher precision = 4.30723e+02
| >     momentum space  : k = [[1.5510067285466739e+01, 1.8855559947614091e+00, 6.5738203690586454e+02]; [-8.2265791044449472e+01, -4.7872044474115157e+01, -2.4977907995107381e+02]]
| > Example unstable xs = [3.9920422286985552e-01 4.6207242265265575e-01 2.1903351813005502e-09 8.0889503796212459e-02 7.6799941403647265e-01 7.5650221262021880e-02]
| >     momentum space  : k = [[-8.8860437550255776e-06, 2.1586154694590237e-06, 1.3289182050405120e+03]; [4.6766024140998237e+00, -4.1175141562071751e+01, 1.7106927440814647e+02]]
| > Example higher-precision rejection xs = [3.9920422286985552e-01 4.6207242265265575e-01 2.1903351813005502e-09 8.0889503796212459e-02 7.6799941403647265e-01 7.5650221262021880e-02] | reason = higher-precision original/rotated pair disagrees
| >     momentum space  : k = [[-8.8860437550255776e-06, 2.1586154694590237e-06, 1.3289182050405120e+03]; [4.6766024140998237e+00, -4.1175141562071751e+01, 1.7106927440814647e+02]]
| > [92mCentral value[0m : +4.9573729596307788e-08   +/- 1.22e-10     ([92m0.245%[0m)
[92mINFO[0m [94msymbolica_integrator l.6781[0m [96mt=2026-09-01,22:28:12.009[0m > | > Graph-channel Symbolica observer estimates:
| >   graph_0     : 1.3062647791652792e-09 +/- 4.32e-12 [16296 selected]
| >   graph_1     : 2.3132102629191796e-09 +/- 7.42e-12 [29740 selected]
| >   graph_2     : 2.2364768716877538e-08 +/- 3.65e-11 [167993 selected]
| >   graph_3     : 6.1814223828677246e-11 +/- 1.00e-12 [3749 selected]
| >   graph_4     : -3.1126759854876079e-09 +/- 8.63e-12 [31864 selected]
| >   graph_5     : 3.6401166053148249e-10 +/- 2.78e-12 [9898 selected]
| >   graph_6     : 7.4061332007576409e-08 +/- 8.81e-11 [375244 selected]
| >   graph_7     : -2.2913789142554397e-09 +/- 5.62e-12 [23541 selected]
| >   graph_8     : -4.7670943405128515e-08 +/- 7.30e-11 [294749 selected]
| >   graph_9     : 1.9697521389574949e-09 +/- 5.21e-12 [21540 selected]
| >   graph_10    : 2.0757411132375995e-10 +/- 5.68e-12 [25386 selected]
| >   sum         : 4.9573729596308257e-08
| >   total       : 4.9573729596307788e-08
| >   difference  : 4.6983858793011972e-22
[92mINFO[0m [94msymbolica_integrator l.6744[0m [96mt=2026-09-01,22:28:12.009[0m > Symbolica integration: starting iteration [92m58/100[0m using [94m1000000[0m points ...
[92mINFO[0m [94msymbolica_integrator l.6777[0m [96mt=2026-09-01,22:29:15.509[0m > ... result after this iteration:
| > Integration result after [92m58000000[0m evaluations in [92m81347.26 CPU-s[0m [94m(1402.5 µs / eval)[0m
| > Extremal weights:
| >   with jacobian    : 6.07958e+02 at xs = [2.7807442678925393e-01 1.1354113945739913e-01 6.0802850114241381e-03 1.4837041396525982e-01 5.9942638400086801e-01 9.2629881873517494e-01] | jacobian = 1.30217e+18
| >     momentum space  : k = [[1.1126253467559630e+01, 9.6293043349024412e+00, 7.7022814272072014e+02]; [-6.4856580595199858e+01, -4.6764854095292392e+01, -3.3914053125240025e+02]]
| >   without jacobian : 7.26036e-12 at xs = [2.9105947421563949e-01 1.3844171464982316e-01 3.4712975051379235e-08 7.0754448124389593e-02 1.3406523919335916e-01 8.4153291045116763e-01] | jacobian = 2.92408e+12
| >     momentum space  : k = [[5.7751226238349991e-05, 6.8433821074335990e-05, 8.2111111900004357e+02]; [4.8409945850346105e+01, 5.4264466975917607e+01, -1.3379892434885724e+02]]
| >   before clipping   : 6.07958e+02 at xs = [2.7807442678925393e-01 1.1354113945739913e-01 6.0802850114241381e-03 1.4837041396525982e-01 5.9942638400086801e-01 9.2629881873517494e-01]
| >     momentum space  : k = [[1.1126253467559630e+01, 9.6293043349024412e+00, 7.7022814272072014e+02]; [-6.4856580595199858e+01, -4.6764854095292392e+01, -3.3914053125240025e+02]]
| > Stability pipeline: float pairs accepted = 57897325, HP pairs attempted/accepted = 102675/102673
| > Stability triggers: float mismatch = 98300, float non-finite/error = 2
| > Higher-precision rejections: disagreement = 2, non-finite = 0, error = 0
| > Unstable rotational-check points rejected = 2
| > Rotational-check high-precision retries = 98302
| > Rotational-check high-precision salvaged = 98300
| > Large-weight high-precision retries = 4373
| > Large-weight high-precision salvaged = 4373
| > Large-weight high-precision rejected = 0
| > Large-weight samples zeroed = 0 (0.000e+00 of samples; removed signed/absolute sums = 0.00000e+00/0.00000e+00)
| > Non-finite final outputs zeroed = 0
| > Non-finite float rotated evaluations seen = 0
| > Example higher-precision-retried xs = [1.1737056346071351e-01 6.8210704234608166e-01 1.3637080159835113e-03 4.3066148777310964e-01 4.3356886191813082e-01 5.9829937939858402e-01] | float rel = 3.97127e-06
| >     momentum space  : k = [[-4.7144688033663129e-01, -1.0373028020352817e+00, 2.6595416256139868e+02]; [-1.3175423952853735e+03, 5.8427290965667441e+02, -4.5980225484447061e+02]]
| > Example large-weight higher-precision-retried xs = [2.4743214951097262e-01 1.9253954976410956e-02 7.5639735761422510e-03 1.1789330545539248e-01 5.8387763198916209e-01 8.8411195536692044e-01] | compiled = 4.30723e+02 | higher precision = 4.30723e+02
| >     momentum space  : k = [[1.5510067285466739e+01, 1.8855559947614091e+00, 6.5738203690586454e+02]; [-8.2265791044449472e+01, -4.7872044474115157e+01, -2.4977907995107381e+02]]
| > Example unstable xs = [3.9920422286985552e-01 4.6207242265265575e-01 2.1903351813005502e-09 8.0889503796212459e-02 7.6799941403647265e-01 7.5650221262021880e-02]
| >     momentum space  : k = [[-8.8860437550255776e-06, 2.1586154694590237e-06, 1.3289182050405120e+03]; [4.6766024140998237e+00, -4.1175141562071751e+01, 1.7106927440814647e+02]]
| > Example higher-precision rejection xs = [3.9920422286985552e-01 4.6207242265265575e-01 2.1903351813005502e-09 8.0889503796212459e-02 7.6799941403647265e-01 7.5650221262021880e-02] | reason = higher-precision original/rotated pair disagrees
| >     momentum space  : k = [[-8.8860437550255776e-06, 2.1586154694590237e-06, 1.3289182050405120e+03]; [4.6766024140998237e+00, -4.1175141562071751e+01, 1.7106927440814647e+02]]
| > [92mCentral value[0m : +4.9581196501498895e-08   +/- 1.20e-10     ([92m0.241%[0m)
[92mINFO[0m [94msymbolica_integrator l.6781[0m [96mt=2026-09-01,22:29:15.510[0m > | > Graph-channel Symbolica observer estimates:
| >   graph_0     : 1.3060829721866589e-09 +/- 4.27e-12 [16481 selected]
| >   graph_1     : 2.3128938013307895e-09 +/- 7.34e-12 [29775 selected]
| >   graph_2     : 2.2366684464542504e-08 +/- 3.60e-11 [167489 selected]
| >   graph_3     : 6.1820962181050823e-11 +/- 9.93e-13 [3723 selected]
| >   graph_4     : -3.1133470156576341e-09 +/- 8.54e-12 [32101 selected]
| >   graph_5     : 3.6409604326444068e-10 +/- 2.75e-12 [9854 selected]
| >   graph_6     : 7.4067027015038199e-08 +/- 8.67e-11 [376351 selected]
| >   graph_7     : -2.2926493256645893e-09 +/- 5.62e-12 [23979 selected]
| >   graph_8     : -4.7669997383875747e-08 +/- 7.18e-11 [293666 selected]
| >   graph_9     : 1.9712694570715954e-09 +/- 5.15e-12 [21314 selected]
| >   graph_10    : 2.0731551108212403e-10 +/- 5.61e-12 [25267 selected]
| >   sum         : 4.9581196501499391e-08
| >   total       : 4.9581196501498895e-08
| >   difference  : 4.9630836753181660e-22
[92mINFO[0m [94msymbolica_integrator l.6744[0m [96mt=2026-09-01,22:29:15.537[0m > Symbolica integration: starting iteration [92m59/100[0m using [94m1000000[0m points ...
[92mINFO[0m [94msymbolica_integrator l.6777[0m [96mt=2026-09-01,22:30:47.719[0m > ... result after this iteration:
| > Integration result after [92m59000000[0m evaluations in [92m83414.58 CPU-s[0m [94m(1413.8 µs / eval)[0m
| > Extremal weights:
| >   with jacobian    : 6.07958e+02 at xs = [2.7807442678925393e-01 1.1354113945739913e-01 6.0802850114241381e-03 1.4837041396525982e-01 5.9942638400086801e-01 9.2629881873517494e-01] | jacobian = 1.30217e+18
| >     momentum space  : k = [[1.1126253467559630e+01, 9.6293043349024412e+00, 7.7022814272072014e+02]; [-6.4856580595199858e+01, -4.6764854095292392e+01, -3.3914053125240025e+02]]
| >   without jacobian : 7.26036e-12 at xs = [2.9105947421563949e-01 1.3844171464982316e-01 3.4712975051379235e-08 7.0754448124389593e-02 1.3406523919335916e-01 8.4153291045116763e-01] | jacobian = 2.92408e+12
| >     momentum space  : k = [[5.7751226238349991e-05, 6.8433821074335990e-05, 8.2111111900004357e+02]; [4.8409945850346105e+01, 5.4264466975917607e+01, -1.3379892434885724e+02]]
| >   before clipping   : 6.07958e+02 at xs = [2.7807442678925393e-01 1.1354113945739913e-01 6.0802850114241381e-03 1.4837041396525982e-01 5.9942638400086801e-01 9.2629881873517494e-01]
| >     momentum space  : k = [[1.1126253467559630e+01, 9.6293043349024412e+00, 7.7022814272072014e+02]; [-6.4856580595199858e+01, -4.6764854095292392e+01, -3.3914053125240025e+02]]
| > Stability pipeline: float pairs accepted = 58895640, HP pairs attempted/accepted = 104360/104358
| > Stability triggers: float mismatch = 99917, float non-finite/error = 2
| > Higher-precision rejections: disagreement = 2, non-finite = 0, error = 0
| > Unstable rotational-check points rejected = 2
| > Rotational-check high-precision retries = 99919
| > Rotational-check high-precision salvaged = 99917
| > Large-weight high-precision retries = 4441
| > Large-weight high-precision salvaged = 4441
| > Large-weight high-precision rejected = 0
| > Large-weight samples zeroed = 0 (0.000e+00 of samples; removed signed/absolute sums = 0.00000e+00/0.00000e+00)
| > Non-finite final outputs zeroed = 0
| > Non-finite float rotated evaluations seen = 0
| > Example higher-precision-retried xs = [1.1737056346071351e-01 6.8210704234608166e-01 1.3637080159835113e-03 4.3066148777310964e-01 4.3356886191813082e-01 5.9829937939858402e-01] | float rel = 3.97127e-06
| >     momentum space  : k = [[-4.7144688033663129e-01, -1.0373028020352817e+00, 2.6595416256139868e+02]; [-1.3175423952853735e+03, 5.8427290965667441e+02, -4.5980225484447061e+02]]
| > Example large-weight higher-precision-retried xs = [2.4743214951097262e-01 1.9253954976410956e-02 7.5639735761422510e-03 1.1789330545539248e-01 5.8387763198916209e-01 8.8411195536692044e-01] | compiled = 4.30723e+02 | higher precision = 4.30723e+02
| >     momentum space  : k = [[1.5510067285466739e+01, 1.8855559947614091e+00, 6.5738203690586454e+02]; [-8.2265791044449472e+01, -4.7872044474115157e+01, -2.4977907995107381e+02]]
| > Example unstable xs = [3.9920422286985552e-01 4.6207242265265575e-01 2.1903351813005502e-09 8.0889503796212459e-02 7.6799941403647265e-01 7.5650221262021880e-02]
| >     momentum space  : k = [[-8.8860437550255776e-06, 2.1586154694590237e-06, 1.3289182050405120e+03]; [4.6766024140998237e+00, -4.1175141562071751e+01, 1.7106927440814647e+02]]
| > Example higher-precision rejection xs = [3.9920422286985552e-01 4.6207242265265575e-01 2.1903351813005502e-09 8.0889503796212459e-02 7.6799941403647265e-01 7.5650221262021880e-02] | reason = higher-precision original/rotated pair disagrees
| >     momentum space  : k = [[-8.8860437550255776e-06, 2.1586154694590237e-06, 1.3289182050405120e+03]; [4.6766024140998237e+00, -4.1175141562071751e+01, 1.7106927440814647e+02]]
| > [92mCentral value[0m : +4.9587385830533255e-08   +/- 1.18e-10     ([92m0.237%[0m)
[92mINFO[0m [94msymbolica_integrator l.6781[0m [96mt=2026-09-01,22:30:47.719[0m > | > Graph-channel Symbolica observer estimates:
| >   graph_0     : 1.3071099092152631e-09 +/- 4.24e-12 [16323 selected]
| >   graph_1     : 2.3124659333353062e-09 +/- 7.26e-12 [29752 selected]
| >   graph_2     : 2.2368810197065000e-08 +/- 3.54e-11 [167347 selected]
| >   graph_3     : 6.1812931923486482e-11 +/- 9.83e-13 [3754 selected]
| >   graph_4     : -3.1130612328038001e-09 +/- 8.45e-12 [31911 selected]
| >   graph_5     : 3.6370228460312824e-10 +/- 2.73e-12 [9915 selected]
| >   graph_6     : 7.4068406392322436e-08 +/- 8.53e-11 [376880 selected]
| >   graph_7     : -2.2923558778412286e-09 +/- 5.56e-12 [23899 selected]
| >   graph_8     : -4.7667633738048910e-08 +/- 7.07e-11 [293806 selected]
| >   graph_9     : 1.9710182513805826e-09 +/- 5.10e-12 [21286 selected]
| >   graph_10    : 2.0711077938242885e-10 +/- 5.66e-12 [25127 selected]
| >   sum         : 4.9587385830533691e-08
| >   total       : 4.9587385830533255e-08
| >   difference  : 4.3675136342799861e-22
[92mINFO[0m [94msymbolica_integrator l.6744[0m [96mt=2026-09-01,22:30:47.767[0m > Symbolica integration: starting iteration [92m60/100[0m using [94m1000000[0m points ...
[92mINFO[0m [94msymbolica_integrator l.6777[0m [96mt=2026-09-01,22:31:44.296[0m > ... result after this iteration:
| > Integration result after [92m60000000[0m evaluations in [92m84636.33 CPU-s[0m [94m(1410.6 µs / eval)[0m
| > Extremal weights:
| >   with jacobian    : 6.07958e+02 at xs = [2.7807442678925393e-01 1.1354113945739913e-01 6.0802850114241381e-03 1.4837041396525982e-01 5.9942638400086801e-01 9.2629881873517494e-01] | jacobian = 1.30217e+18
| >     momentum space  : k = [[1.1126253467559630e+01, 9.6293043349024412e+00, 7.7022814272072014e+02]; [-6.4856580595199858e+01, -4.6764854095292392e+01, -3.3914053125240025e+02]]
| >   without jacobian : 7.26036e-12 at xs = [2.9105947421563949e-01 1.3844171464982316e-01 3.4712975051379235e-08 7.0754448124389593e-02 1.3406523919335916e-01 8.4153291045116763e-01] | jacobian = 2.92408e+12
| >     momentum space  : k = [[5.7751226238349991e-05, 6.8433821074335990e-05, 8.2111111900004357e+02]; [4.8409945850346105e+01, 5.4264466975917607e+01, -1.3379892434885724e+02]]
| >   before clipping   : 6.07958e+02 at xs = [2.7807442678925393e-01 1.1354113945739913e-01 6.0802850114241381e-03 1.4837041396525982e-01 5.9942638400086801e-01 9.2629881873517494e-01]
| >     momentum space  : k = [[1.1126253467559630e+01, 9.6293043349024412e+00, 7.7022814272072014e+02]; [-6.4856580595199858e+01, -4.6764854095292392e+01, -3.3914053125240025e+02]]
| > Stability pipeline: float pairs accepted = 59893958, HP pairs attempted/accepted = 106042/106040
| > Stability triggers: float mismatch = 101532, float non-finite/error = 2
| > Higher-precision rejections: disagreement = 2, non-finite = 0, error = 0
| > Unstable rotational-check points rejected = 2
| > Rotational-check high-precision retries = 101534
| > Rotational-check high-precision salvaged = 101532
| > Large-weight high-precision retries = 4508
| > Large-weight high-precision salvaged = 4508
| > Large-weight high-precision rejected = 0
| > Large-weight samples zeroed = 0 (0.000e+00 of samples; removed signed/absolute sums = 0.00000e+00/0.00000e+00)
| > Non-finite final outputs zeroed = 0
| > Non-finite float rotated evaluations seen = 0
| > Example higher-precision-retried xs = [1.1737056346071351e-01 6.8210704234608166e-01 1.3637080159835113e-03 4.3066148777310964e-01 4.3356886191813082e-01 5.9829937939858402e-01] | float rel = 3.97127e-06
| >     momentum space  : k = [[-4.7144688033663129e-01, -1.0373028020352817e+00, 2.6595416256139868e+02]; [-1.3175423952853735e+03, 5.8427290965667441e+02, -4.5980225484447061e+02]]
| > Example large-weight higher-precision-retried xs = [2.4743214951097262e-01 1.9253954976410956e-02 7.5639735761422510e-03 1.1789330545539248e-01 5.8387763198916209e-01 8.8411195536692044e-01] | compiled = 4.30723e+02 | higher precision = 4.30723e+02
| >     momentum space  : k = [[1.5510067285466739e+01, 1.8855559947614091e+00, 6.5738203690586454e+02]; [-8.2265791044449472e+01, -4.7872044474115157e+01, -2.4977907995107381e+02]]
| > Example unstable xs = [3.9920422286985552e-01 4.6207242265265575e-01 2.1903351813005502e-09 8.0889503796212459e-02 7.6799941403647265e-01 7.5650221262021880e-02]
| >     momentum space  : k = [[-8.8860437550255776e-06, 2.1586154694590237e-06, 1.3289182050405120e+03]; [4.6766024140998237e+00, -4.1175141562071751e+01, 1.7106927440814647e+02]]
| > Example higher-precision rejection xs = [3.9920422286985552e-01 4.6207242265265575e-01 2.1903351813005502e-09 8.0889503796212459e-02 7.6799941403647265e-01 7.5650221262021880e-02] | reason = higher-precision original/rotated pair disagrees
| >     momentum space  : k = [[-8.8860437550255776e-06, 2.1586154694590237e-06, 1.3289182050405120e+03]; [4.6766024140998237e+00, -4.1175141562071751e+01, 1.7106927440814647e+02]]
| > [92mCentral value[0m : +4.9588891432154651e-08   +/- 1.16e-10     ([92m0.234%[0m)
[92mINFO[0m [94msymbolica_integrator l.6781[0m [96mt=2026-09-01,22:31:44.297[0m > | > Graph-channel Symbolica observer estimates:
| >   graph_0     : 1.3070004751342798e-09 +/- 4.20e-12 [16230 selected]
| >   graph_1     : 2.3125181818191459e-09 +/- 7.17e-12 [29380 selected]
| >   graph_2     : 2.2369983242254651e-08 +/- 3.49e-11 [167830 selected]
| >   graph_3     : 6.1856840841848934e-11 +/- 9.77e-13 [3768 selected]
| >   graph_4     : -3.1118311615193523e-09 +/- 8.35e-12 [32042 selected]
| >   graph_5     : 3.6373453291848775e-10 +/- 2.71e-12 [9916 selected]
| >   graph_6     : 7.4073347263133610e-08 +/- 8.40e-11 [377357 selected]
| >   graph_7     : -2.2921638759025153e-09 +/- 5.50e-12 [23898 selected]
| >   graph_8     : -4.7672246712839301e-08 +/- 6.96e-11 [293118 selected]
| >   graph_9     : 1.9702861133206132e-09 +/- 5.04e-12 [21174 selected]
| >   graph_10    : 2.0640653299361809e-10 +/- 5.60e-12 [25287 selected]
| >   sum         : 4.9588891432155088e-08
| >   total       : 4.9588891432154651e-08
| >   difference  : 4.3675136342799861e-22
[92mINFO[0m [94msymbolica_integrator l.6744[0m [96mt=2026-09-01,22:31:44.320[0m > Symbolica integration: starting iteration [92m61/100[0m using [94m1000000[0m points ...
[92mINFO[0m [94msymbolica_integrator l.6777[0m [96mt=2026-09-01,22:32:39.154[0m > ... result after this iteration:
| > Integration result after [92m61000000[0m evaluations in [92m85848.56 CPU-s[0m [94m(1407.4 µs / eval)[0m
| > Extremal weights:
| >   with jacobian    : 6.07958e+02 at xs = [2.7807442678925393e-01 1.1354113945739913e-01 6.0802850114241381e-03 1.4837041396525982e-01 5.9942638400086801e-01 9.2629881873517494e-01] | jacobian = 1.30217e+18
| >     momentum space  : k = [[1.1126253467559630e+01, 9.6293043349024412e+00, 7.7022814272072014e+02]; [-6.4856580595199858e+01, -4.6764854095292392e+01, -3.3914053125240025e+02]]
| >   without jacobian : 3.77968e-11 at xs = [1.3006825908305571e-06 5.4847100637504809e-01 6.9554271691009018e-03 1.9790512586524156e-01 3.1458153711418047e-01 7.2849435893380698e-01] | jacobian = 6.56996e+07
| >     momentum space  : k = [[-5.4222665857190135e-05, -1.7043877752225761e-05, 2.6007475503847040e-03]; [-1.4672134754180379e+02, 3.4151381268913622e+02, -3.2458344211843064e+02]]
| >   before clipping   : 6.07958e+02 at xs = [2.7807442678925393e-01 1.1354113945739913e-01 6.0802850114241381e-03 1.4837041396525982e-01 5.9942638400086801e-01 9.2629881873517494e-01]
| >     momentum space  : k = [[1.1126253467559630e+01, 9.6293043349024412e+00, 7.7022814272072014e+02]; [-6.4856580595199858e+01, -4.6764854095292392e+01, -3.3914053125240025e+02]]
| > Stability pipeline: float pairs accepted = 60892251, HP pairs attempted/accepted = 107749/107747
| > Stability triggers: float mismatch = 103164, float non-finite/error = 2
| > Higher-precision rejections: disagreement = 2, non-finite = 0, error = 0
| > Unstable rotational-check points rejected = 2
| > Rotational-check high-precision retries = 103166
| > Rotational-check high-precision salvaged = 103164
| > Large-weight high-precision retries = 4583
| > Large-weight high-precision salvaged = 4583
| > Large-weight high-precision rejected = 0
| > Large-weight samples zeroed = 0 (0.000e+00 of samples; removed signed/absolute sums = 0.00000e+00/0.00000e+00)
| > Non-finite final outputs zeroed = 0
| > Non-finite float rotated evaluations seen = 0
| > Example higher-precision-retried xs = [1.1737056346071351e-01 6.8210704234608166e-01 1.3637080159835113e-03 4.3066148777310964e-01 4.3356886191813082e-01 5.9829937939858402e-01] | float rel = 3.97127e-06
| >     momentum space  : k = [[-4.7144688033663129e-01, -1.0373028020352817e+00, 2.6595416256139868e+02]; [-1.3175423952853735e+03, 5.8427290965667441e+02, -4.5980225484447061e+02]]
| > Example large-weight higher-precision-retried xs = [2.4743214951097262e-01 1.9253954976410956e-02 7.5639735761422510e-03 1.1789330545539248e-01 5.8387763198916209e-01 8.8411195536692044e-01] | compiled = 4.30723e+02 | higher precision = 4.30723e+02
| >     momentum space  : k = [[1.5510067285466739e+01, 1.8855559947614091e+00, 6.5738203690586454e+02]; [-8.2265791044449472e+01, -4.7872044474115157e+01, -2.4977907995107381e+02]]
| > Example unstable xs = [3.9920422286985552e-01 4.6207242265265575e-01 2.1903351813005502e-09 8.0889503796212459e-02 7.6799941403647265e-01 7.5650221262021880e-02]
| >     momentum space  : k = [[-8.8860437550255776e-06, 2.1586154694590237e-06, 1.3289182050405120e+03]; [4.6766024140998237e+00, -4.1175141562071751e+01, 1.7106927440814647e+02]]
| > Example higher-precision rejection xs = [3.9920422286985552e-01 4.6207242265265575e-01 2.1903351813005502e-09 8.0889503796212459e-02 7.6799941403647265e-01 7.5650221262021880e-02] | reason = higher-precision original/rotated pair disagrees
| >     momentum space  : k = [[-8.8860437550255776e-06, 2.1586154694590237e-06, 1.3289182050405120e+03]; [4.6766024140998237e+00, -4.1175141562071751e+01, 1.7106927440814647e+02]]
| > [92mCentral value[0m : +4.9601627538212298e-08   +/- 1.14e-10     ([92m0.230%[0m)
[92mINFO[0m [94msymbolica_integrator l.6781[0m [96mt=2026-09-01,22:32:39.155[0m > | > Graph-channel Symbolica observer estimates:
| >   graph_0     : 1.3065400303965287e-09 +/- 4.16e-12 [16091 selected]
| >   graph_1     : 2.3136537703989337e-09 +/- 7.11e-12 [29705 selected]
| >   graph_2     : 2.2373006963644128e-08 +/- 3.44e-11 [167481 selected]
| >   graph_3     : 6.1994666041000890e-11 +/- 1.01e-12 [3739 selected]
| >   graph_4     : -3.1114404896413573e-09 +/- 8.26e-12 [32002 selected]
| >   graph_5     : 3.6439232893392658e-10 +/- 2.78e-12 [9792 selected]
| >   graph_6     : 7.4077468157795898e-08 +/- 8.27e-11 [377034 selected]
| >   graph_7     : -2.2919592678660509e-09 +/- 5.45e-12 [23855 selected]
| >   graph_8     : -4.7668788472837052e-08 +/- 6.85e-11 [293560 selected]
| >   graph_9     : 1.9706685132797107e-09 +/- 4.98e-12 [21476 selected]
| >   graph_10    : 2.0609133806706459e-10 +/- 5.54e-12 [25265 selected]
| >   sum         : 4.9601627538212729e-08
| >   total       : 4.9601627538212298e-08
| >   difference  : 4.3013391852757439e-22
[92mINFO[0m [94msymbolica_integrator l.6744[0m [96mt=2026-09-01,22:32:39.202[0m > Symbolica integration: starting iteration [92m62/100[0m using [94m1000000[0m points ...
[92mINFO[0m [94msymbolica_integrator l.6777[0m [96mt=2026-09-01,22:33:31.236[0m > ... result after this iteration:
| > Integration result after [92m62000000[0m evaluations in [92m86985.01 CPU-s[0m [94m(1403.0 µs / eval)[0m
| > Extremal weights:
| >   with jacobian    : 6.07958e+02 at xs = [2.7807442678925393e-01 1.1354113945739913e-01 6.0802850114241381e-03 1.4837041396525982e-01 5.9942638400086801e-01 9.2629881873517494e-01] | jacobian = 1.30217e+18
| >     momentum space  : k = [[1.1126253467559630e+01, 9.6293043349024412e+00, 7.7022814272072014e+02]; [-6.4856580595199858e+01, -4.6764854095292392e+01, -3.3914053125240025e+02]]
| >   without jacobian : 3.77968e-11 at xs = [1.3006825908305571e-06 5.4847100637504809e-01 6.9554271691009018e-03 1.9790512586524156e-01 3.1458153711418047e-01 7.2849435893380698e-01] | jacobian = 6.56996e+07
| >     momentum space  : k = [[-5.4222665857190135e-05, -1.7043877752225761e-05, 2.6007475503847040e-03]; [-1.4672134754180379e+02, 3.4151381268913622e+02, -3.2458344211843064e+02]]
| >   before clipping   : 6.07958e+02 at xs = [2.7807442678925393e-01 1.1354113945739913e-01 6.0802850114241381e-03 1.4837041396525982e-01 5.9942638400086801e-01 9.2629881873517494e-01]
| >     momentum space  : k = [[1.1126253467559630e+01, 9.6293043349024412e+00, 7.7022814272072014e+02]; [-6.4856580595199858e+01, -4.6764854095292392e+01, -3.3914053125240025e+02]]
| > Stability pipeline: float pairs accepted = 61890499, HP pairs attempted/accepted = 109501/109499
| > Stability triggers: float mismatch = 104840, float non-finite/error = 2
| > Higher-precision rejections: disagreement = 2, non-finite = 0, error = 0
| > Unstable rotational-check points rejected = 2
| > Rotational-check high-precision retries = 104842
| > Rotational-check high-precision salvaged = 104840
| > Large-weight high-precision retries = 4659
| > Large-weight high-precision salvaged = 4659
| > Large-weight high-precision rejected = 0
| > Large-weight samples zeroed = 0 (0.000e+00 of samples; removed signed/absolute sums = 0.00000e+00/0.00000e+00)
| > Non-finite final outputs zeroed = 0
| > Non-finite float rotated evaluations seen = 0
| > Example higher-precision-retried xs = [1.1737056346071351e-01 6.8210704234608166e-01 1.3637080159835113e-03 4.3066148777310964e-01 4.3356886191813082e-01 5.9829937939858402e-01] | float rel = 3.97127e-06
| >     momentum space  : k = [[-4.7144688033663129e-01, -1.0373028020352817e+00, 2.6595416256139868e+02]; [-1.3175423952853735e+03, 5.8427290965667441e+02, -4.5980225484447061e+02]]
| > Example large-weight higher-precision-retried xs = [2.4743214951097262e-01 1.9253954976410956e-02 7.5639735761422510e-03 1.1789330545539248e-01 5.8387763198916209e-01 8.8411195536692044e-01] | compiled = 4.30723e+02 | higher precision = 4.30723e+02
| >     momentum space  : k = [[1.5510067285466739e+01, 1.8855559947614091e+00, 6.5738203690586454e+02]; [-8.2265791044449472e+01, -4.7872044474115157e+01, -2.4977907995107381e+02]]
| > Example unstable xs = [3.9920422286985552e-01 4.6207242265265575e-01 2.1903351813005502e-09 8.0889503796212459e-02 7.6799941403647265e-01 7.5650221262021880e-02]
| >     momentum space  : k = [[-8.8860437550255776e-06, 2.1586154694590237e-06, 1.3289182050405120e+03]; [4.6766024140998237e+00, -4.1175141562071751e+01, 1.7106927440814647e+02]]
| > Example higher-precision rejection xs = [3.9920422286985552e-01 4.6207242265265575e-01 2.1903351813005502e-09 8.0889503796212459e-02 7.6799941403647265e-01 7.5650221262021880e-02] | reason = higher-precision original/rotated pair disagrees
| >     momentum space  : k = [[-8.8860437550255776e-06, 2.1586154694590237e-06, 1.3289182050405120e+03]; [4.6766024140998237e+00, -4.1175141562071751e+01, 1.7106927440814647e+02]]
| > [92mCentral value[0m : +4.9609055865323815e-08   +/- 1.12e-10     ([92m0.227%[0m)
[92mINFO[0m [94msymbolica_integrator l.6781[0m [96mt=2026-09-01,22:33:31.237[0m > | > Graph-channel Symbolica observer estimates:
| >   graph_0     : 1.3063170524615890e-09 +/- 4.12e-12 [16213 selected]
| >   graph_1     : 2.3138468752613114e-09 +/- 7.03e-12 [29862 selected]
| >   graph_2     : 2.2376011759166244e-08 +/- 3.40e-11 [168162 selected]
| >   graph_3     : 6.2134688748163475e-11 +/- 1.01e-12 [3887 selected]
| >   graph_4     : -3.1117110785860978e-09 +/- 8.18e-12 [31984 selected]
| >   graph_5     : 3.6474519007804840e-10 +/- 2.77e-12 [9904 selected]
| >   graph_6     : 7.4079826058240493e-08 +/- 8.14e-11 [376709 selected]
| >   graph_7     : -2.2928063346431158e-09 +/- 5.39e-12 [23878 selected]
| >   graph_8     : -4.7666189611107943e-08 +/- 6.75e-11 [293191 selected]
| >   graph_9     : 1.9713491947745057e-09 +/- 4.94e-12 [21225 selected]
| >   graph_10    : 2.0553207093104638e-10 +/- 5.47e-12 [24985 selected]
| >   sum         : 4.9609055865324245e-08
| >   total       : 4.9609055865323815e-08
| >   difference  : 4.3013391852757439e-22
[92mINFO[0m [94msymbolica_integrator l.6744[0m [96mt=2026-09-01,22:33:31.278[0m > Symbolica integration: starting iteration [92m63/100[0m using [94m1000000[0m points ...
[92mINFO[0m [94msymbolica_integrator l.6777[0m [96mt=2026-09-01,22:34:22.196[0m > ... result after this iteration:
| > Integration result after [92m63000000[0m evaluations in [92m88227.06 CPU-s[0m [94m(1400.4 µs / eval)[0m
| > Extremal weights:
| >   with jacobian    : 6.07958e+02 at xs = [2.7807442678925393e-01 1.1354113945739913e-01 6.0802850114241381e-03 1.4837041396525982e-01 5.9942638400086801e-01 9.2629881873517494e-01] | jacobian = 1.30217e+18
| >     momentum space  : k = [[1.1126253467559630e+01, 9.6293043349024412e+00, 7.7022814272072014e+02]; [-6.4856580595199858e+01, -4.6764854095292392e+01, -3.3914053125240025e+02]]
| >   without jacobian : 3.77968e-11 at xs = [1.3006825908305571e-06 5.4847100637504809e-01 6.9554271691009018e-03 1.9790512586524156e-01 3.1458153711418047e-01 7.2849435893380698e-01] | jacobian = 6.56996e+07
| >     momentum space  : k = [[-5.4222665857190135e-05, -1.7043877752225761e-05, 2.6007475503847040e-03]; [-1.4672134754180379e+02, 3.4151381268913622e+02, -3.2458344211843064e+02]]
| >   before clipping   : 6.07958e+02 at xs = [2.7807442678925393e-01 1.1354113945739913e-01 6.0802850114241381e-03 1.4837041396525982e-01 5.9942638400086801e-01 9.2629881873517494e-01]
| >     momentum space  : k = [[1.1126253467559630e+01, 9.6293043349024412e+00, 7.7022814272072014e+02]; [-6.4856580595199858e+01, -4.6764854095292392e+01, -3.3914053125240025e+02]]
| > Stability pipeline: float pairs accepted = 62888785, HP pairs attempted/accepted = 111215/111213
| > Stability triggers: float mismatch = 106469, float non-finite/error = 2
| > Higher-precision rejections: disagreement = 2, non-finite = 0, error = 0
| > Unstable rotational-check points rejected = 2
| > Rotational-check high-precision retries = 106471
| > Rotational-check high-precision salvaged = 106469
| > Large-weight high-precision retries = 4744
| > Large-weight high-precision salvaged = 4744
| > Large-weight high-precision rejected = 0
| > Large-weight samples zeroed = 0 (0.000e+00 of samples; removed signed/absolute sums = 0.00000e+00/0.00000e+00)
| > Non-finite final outputs zeroed = 0
| > Non-finite float rotated evaluations seen = 0
| > Example higher-precision-retried xs = [1.1737056346071351e-01 6.8210704234608166e-01 1.3637080159835113e-03 4.3066148777310964e-01 4.3356886191813082e-01 5.9829937939858402e-01] | float rel = 3.97127e-06
| >     momentum space  : k = [[-4.7144688033663129e-01, -1.0373028020352817e+00, 2.6595416256139868e+02]; [-1.3175423952853735e+03, 5.8427290965667441e+02, -4.5980225484447061e+02]]
| > Example large-weight higher-precision-retried xs = [2.4743214951097262e-01 1.9253954976410956e-02 7.5639735761422510e-03 1.1789330545539248e-01 5.8387763198916209e-01 8.8411195536692044e-01] | compiled = 4.30723e+02 | higher precision = 4.30723e+02
| >     momentum space  : k = [[1.5510067285466739e+01, 1.8855559947614091e+00, 6.5738203690586454e+02]; [-8.2265791044449472e+01, -4.7872044474115157e+01, -2.4977907995107381e+02]]
| > Example unstable xs = [3.9920422286985552e-01 4.6207242265265575e-01 2.1903351813005502e-09 8.0889503796212459e-02 7.6799941403647265e-01 7.5650221262021880e-02]
| >     momentum space  : k = [[-8.8860437550255776e-06, 2.1586154694590237e-06, 1.3289182050405120e+03]; [4.6766024140998237e+00, -4.1175141562071751e+01, 1.7106927440814647e+02]]
| > Example higher-precision rejection xs = [3.9920422286985552e-01 4.6207242265265575e-01 2.1903351813005502e-09 8.0889503796212459e-02 7.6799941403647265e-01 7.5650221262021880e-02] | reason = higher-precision original/rotated pair disagrees
| >     momentum space  : k = [[-8.8860437550255776e-06, 2.1586154694590237e-06, 1.3289182050405120e+03]; [4.6766024140998237e+00, -4.1175141562071751e+01, 1.7106927440814647e+02]]
| > [92mCentral value[0m : +4.9615734922616126e-08   +/- 1.11e-10     ([92m0.223%[0m)
[92mINFO[0m [94msymbolica_integrator l.6781[0m [96mt=2026-09-01,22:34:22.196[0m > | > Graph-channel Symbolica observer estimates:
| >   graph_0     : 1.3062514252079565e-09 +/- 4.08e-12 [16297 selected]
| >   graph_1     : 2.3143655750309212e-09 +/- 6.96e-12 [29601 selected]
| >   graph_2     : 2.2376944822269067e-08 +/- 3.35e-11 [168105 selected]
| >   graph_3     : 6.2042487925589574e-11 +/- 9.97e-13 [3808 selected]
| >   graph_4     : -3.1120671478648809e-09 +/- 8.10e-12 [31785 selected]
| >   graph_5     : 3.6457348327699331e-10 +/- 2.74e-12 [9821 selected]
| >   graph_6     : 7.4082965579244945e-08 +/- 8.02e-11 [377443 selected]
| >   graph_7     : -2.2926755924502289e-09 +/- 5.33e-12 [23711 selected]
| >   graph_8     : -4.7664218336109482e-08 +/- 6.64e-11 [293206 selected]
| >   graph_9     : 1.9710299239526818e-09 +/- 4.89e-12 [20899 selected]
| >   graph_10    : 2.0652270213299715e-10 +/- 5.44e-12 [25324 selected]
| >   sum         : 4.9615734922616556e-08
| >   total       : 4.9615734922616126e-08
| >   difference  : 4.3013391852757439e-22
[92mINFO[0m [94msymbolica_integrator l.6744[0m [96mt=2026-09-01,22:34:22.229[0m > Symbolica integration: starting iteration [92m64/100[0m using [94m1000000[0m points ...
[92mINFO[0m [94msymbolica_integrator l.6777[0m [96mt=2026-09-01,22:35:40.707[0m > ... result after this iteration:
| > Integration result after [92m64000000[0m evaluations in [92m89685.01 CPU-s[0m [94m(1401.3 µs / eval)[0m
| > Extremal weights:
| >   with jacobian    : 6.07958e+02 at xs = [2.7807442678925393e-01 1.1354113945739913e-01 6.0802850114241381e-03 1.4837041396525982e-01 5.9942638400086801e-01 9.2629881873517494e-01] | jacobian = 1.30217e+18
| >     momentum space  : k = [[1.1126253467559630e+01, 9.6293043349024412e+00, 7.7022814272072014e+02]; [-6.4856580595199858e+01, -4.6764854095292392e+01, -3.3914053125240025e+02]]
| >   without jacobian : 3.77968e-11 at xs = [1.3006825908305571e-06 5.4847100637504809e-01 6.9554271691009018e-03 1.9790512586524156e-01 3.1458153711418047e-01 7.2849435893380698e-01] | jacobian = 6.56996e+07
| >     momentum space  : k = [[-5.4222665857190135e-05, -1.7043877752225761e-05, 2.6007475503847040e-03]; [-1.4672134754180379e+02, 3.4151381268913622e+02, -3.2458344211843064e+02]]
| >   before clipping   : 6.07958e+02 at xs = [2.7807442678925393e-01 1.1354113945739913e-01 6.0802850114241381e-03 1.4837041396525982e-01 5.9942638400086801e-01 9.2629881873517494e-01]
| >     momentum space  : k = [[1.1126253467559630e+01, 9.6293043349024412e+00, 7.7022814272072014e+02]; [-6.4856580595199858e+01, -4.6764854095292392e+01, -3.3914053125240025e+02]]
| > Stability pipeline: float pairs accepted = 63887091, HP pairs attempted/accepted = 112909/112907
| > Stability triggers: float mismatch = 108069, float non-finite/error = 2
| > Higher-precision rejections: disagreement = 2, non-finite = 0, error = 0
| > Unstable rotational-check points rejected = 2
| > Rotational-check high-precision retries = 108071
| > Rotational-check high-precision salvaged = 108069
| > Large-weight high-precision retries = 4838
| > Large-weight high-precision salvaged = 4838
| > Large-weight high-precision rejected = 0
| > Large-weight samples zeroed = 0 (0.000e+00 of samples; removed signed/absolute sums = 0.00000e+00/0.00000e+00)
| > Non-finite final outputs zeroed = 0
| > Non-finite float rotated evaluations seen = 0
| > Example higher-precision-retried xs = [1.1737056346071351e-01 6.8210704234608166e-01 1.3637080159835113e-03 4.3066148777310964e-01 4.3356886191813082e-01 5.9829937939858402e-01] | float rel = 3.97127e-06
| >     momentum space  : k = [[-4.7144688033663129e-01, -1.0373028020352817e+00, 2.6595416256139868e+02]; [-1.3175423952853735e+03, 5.8427290965667441e+02, -4.5980225484447061e+02]]
| > Example large-weight higher-precision-retried xs = [2.4743214951097262e-01 1.9253954976410956e-02 7.5639735761422510e-03 1.1789330545539248e-01 5.8387763198916209e-01 8.8411195536692044e-01] | compiled = 4.30723e+02 | higher precision = 4.30723e+02
| >     momentum space  : k = [[1.5510067285466739e+01, 1.8855559947614091e+00, 6.5738203690586454e+02]; [-8.2265791044449472e+01, -4.7872044474115157e+01, -2.4977907995107381e+02]]
| > Example unstable xs = [3.9920422286985552e-01 4.6207242265265575e-01 2.1903351813005502e-09 8.0889503796212459e-02 7.6799941403647265e-01 7.5650221262021880e-02]
| >     momentum space  : k = [[-8.8860437550255776e-06, 2.1586154694590237e-06, 1.3289182050405120e+03]; [4.6766024140998237e+00, -4.1175141562071751e+01, 1.7106927440814647e+02]]
| > Example higher-precision rejection xs = [3.9920422286985552e-01 4.6207242265265575e-01 2.1903351813005502e-09 8.0889503796212459e-02 7.6799941403647265e-01 7.5650221262021880e-02] | reason = higher-precision original/rotated pair disagrees
| >     momentum space  : k = [[-8.8860437550255776e-06, 2.1586154694590237e-06, 1.3289182050405120e+03]; [4.6766024140998237e+00, -4.1175141562071751e+01, 1.7106927440814647e+02]]
| > [92mCentral value[0m : +4.9610951949576616e-08   +/- 1.09e-10     ([92m0.220%[0m)
[92mINFO[0m [94msymbolica_integrator l.6781[0m [96mt=2026-09-01,22:35:40.708[0m > | > Graph-channel Symbolica observer estimates:
| >   graph_0     : 1.3059764600041345e-09 +/- 4.04e-12 [16116 selected]
| >   graph_1     : 2.3136657856462713e-09 +/- 6.90e-12 [29770 selected]
| >   graph_2     : 2.2374231257766701e-08 +/- 3.30e-11 [167897 selected]
| >   graph_3     : 6.2121620145243874e-11 +/- 9.87e-13 [3708 selected]
| >   graph_4     : -3.1116947765128363e-09 +/- 8.01e-12 [31978 selected]
| >   graph_5     : 3.6405523811143683e-10 +/- 2.71e-12 [9919 selected]
| >   graph_6     : 7.4083121008783088e-08 +/- 7.90e-11 [377172 selected]
| >   graph_7     : -2.2934841228281735e-09 +/- 5.29e-12 [23710 selected]
| >   graph_8     : -4.7664292824791261e-08 +/- 6.55e-11 [293321 selected]
| >   graph_9     : 1.9712517624206847e-09 +/- 4.85e-12 [21331 selected]
| >   graph_10    : 2.0600054083172792e-10 +/- 5.38e-12 [25078 selected]
| >   sum         : 4.9610951949577013e-08
| >   total       : 4.9610951949576616e-08
| >   difference  : 3.9704669402545328e-22
[92mINFO[0m [94msymbolica_integrator l.6744[0m [96mt=2026-09-01,22:35:40.708[0m > Symbolica integration: starting iteration [92m65/100[0m using [94m1000000[0m points ...
[92mINFO[0m [94msymbolica_integrator l.6777[0m [96mt=2026-09-01,22:37:05.495[0m > ... result after this iteration:
| > Integration result after [92m65000000[0m evaluations in [92m91380.67 CPU-s[0m [94m(1405.9 µs / eval)[0m
| > Extremal weights:
| >   with jacobian    : 6.07958e+02 at xs = [2.7807442678925393e-01 1.1354113945739913e-01 6.0802850114241381e-03 1.4837041396525982e-01 5.9942638400086801e-01 9.2629881873517494e-01] | jacobian = 1.30217e+18
| >     momentum space  : k = [[1.1126253467559630e+01, 9.6293043349024412e+00, 7.7022814272072014e+02]; [-6.4856580595199858e+01, -4.6764854095292392e+01, -3.3914053125240025e+02]]
| >   without jacobian : 3.77968e-11 at xs = [1.3006825908305571e-06 5.4847100637504809e-01 6.9554271691009018e-03 1.9790512586524156e-01 3.1458153711418047e-01 7.2849435893380698e-01] | jacobian = 6.56996e+07
| >     momentum space  : k = [[-5.4222665857190135e-05, -1.7043877752225761e-05, 2.6007475503847040e-03]; [-1.4672134754180379e+02, 3.4151381268913622e+02, -3.2458344211843064e+02]]
| >   before clipping   : 6.07958e+02 at xs = [2.7807442678925393e-01 1.1354113945739913e-01 6.0802850114241381e-03 1.4837041396525982e-01 5.9942638400086801e-01 9.2629881873517494e-01]
| >     momentum space  : k = [[1.1126253467559630e+01, 9.6293043349024412e+00, 7.7022814272072014e+02]; [-6.4856580595199858e+01, -4.6764854095292392e+01, -3.3914053125240025e+02]]
| > Stability pipeline: float pairs accepted = 64885382, HP pairs attempted/accepted = 114618/114616
| > Stability triggers: float mismatch = 109707, float non-finite/error = 2
| > Higher-precision rejections: disagreement = 2, non-finite = 0, error = 0
| > Unstable rotational-check points rejected = 2
| > Rotational-check high-precision retries = 109709
| > Rotational-check high-precision salvaged = 109707
| > Large-weight high-precision retries = 4909
| > Large-weight high-precision salvaged = 4909
| > Large-weight high-precision rejected = 0
| > Large-weight samples zeroed = 0 (0.000e+00 of samples; removed signed/absolute sums = 0.00000e+00/0.00000e+00)
| > Non-finite final outputs zeroed = 0
| > Non-finite float rotated evaluations seen = 0
| > Example higher-precision-retried xs = [1.1737056346071351e-01 6.8210704234608166e-01 1.3637080159835113e-03 4.3066148777310964e-01 4.3356886191813082e-01 5.9829937939858402e-01] | float rel = 3.97127e-06
| >     momentum space  : k = [[-4.7144688033663129e-01, -1.0373028020352817e+00, 2.6595416256139868e+02]; [-1.3175423952853735e+03, 5.8427290965667441e+02, -4.5980225484447061e+02]]
| > Example large-weight higher-precision-retried xs = [2.4743214951097262e-01 1.9253954976410956e-02 7.5639735761422510e-03 1.1789330545539248e-01 5.8387763198916209e-01 8.8411195536692044e-01] | compiled = 4.30723e+02 | higher precision = 4.30723e+02
| >     momentum space  : k = [[1.5510067285466739e+01, 1.8855559947614091e+00, 6.5738203690586454e+02]; [-8.2265791044449472e+01, -4.7872044474115157e+01, -2.4977907995107381e+02]]
| > Example unstable xs = [3.9920422286985552e-01 4.6207242265265575e-01 2.1903351813005502e-09 8.0889503796212459e-02 7.6799941403647265e-01 7.5650221262021880e-02]
| >     momentum space  : k = [[-8.8860437550255776e-06, 2.1586154694590237e-06, 1.3289182050405120e+03]; [4.6766024140998237e+00, -4.1175141562071751e+01, 1.7106927440814647e+02]]
| > Example higher-precision rejection xs = [3.9920422286985552e-01 4.6207242265265575e-01 2.1903351813005502e-09 8.0889503796212459e-02 7.6799941403647265e-01 7.5650221262021880e-02] | reason = higher-precision original/rotated pair disagrees
| >     momentum space  : k = [[-8.8860437550255776e-06, 2.1586154694590237e-06, 1.3289182050405120e+03]; [4.6766024140998237e+00, -4.1175141562071751e+01, 1.7106927440814647e+02]]
| > [92mCentral value[0m : +4.9612361624553266e-08   +/- 1.08e-10     ([92m0.217%[0m)
[92mINFO[0m [94msymbolica_integrator l.6781[0m [96mt=2026-09-01,22:37:05.495[0m > | > Graph-channel Symbolica observer estimates:
| >   graph_0     : 1.3059046368411250e-09 +/- 4.00e-12 [16060 selected]
| >   graph_1     : 2.3143709197158313e-09 +/- 6.84e-12 [29616 selected]
| >   graph_2     : 2.2371262950993523e-08 +/- 3.26e-11 [166966 selected]
| >   graph_3     : 6.2435414049804734e-11 +/- 9.85e-13 [3845 selected]
| >   graph_4     : -3.1110437310101070e-09 +/- 7.93e-12 [31616 selected]
| >   graph_5     : 3.6394121185046559e-10 +/- 2.70e-12 [9761 selected]
| >   graph_6     : 7.4086352497246548e-08 +/- 7.79e-11 [378347 selected]
| >   graph_7     : -2.2937969076576120e-09 +/- 5.24e-12 [23730 selected]
| >   graph_8     : -4.7664412425342691e-08 +/- 6.45e-11 [293646 selected]
| >   graph_9     : 1.9721209536995309e-09 +/- 4.81e-12 [21225 selected]
| >   graph_10    : 2.0522610416720443e-10 +/- 5.32e-12 [25188 selected]
| >   sum         : 4.9612361624553623e-08
| >   total       : 4.9612361624553266e-08
| >   difference  : 3.5734202462290796e-22
[92mINFO[0m [94msymbolica_integrator l.6744[0m [96mt=2026-09-01,22:37:05.532[0m > Symbolica integration: starting iteration [92m66/100[0m using [94m1000000[0m points ...
[92mINFO[0m [94msymbolica_integrator l.6777[0m [96mt=2026-09-01,22:38:18.513[0m > ... result after this iteration:
| > Integration result after [92m66000000[0m evaluations in [92m92892.34 CPU-s[0m [94m(1407.5 µs / eval)[0m
| > Extremal weights:
| >   with jacobian    : 6.07958e+02 at xs = [2.7807442678925393e-01 1.1354113945739913e-01 6.0802850114241381e-03 1.4837041396525982e-01 5.9942638400086801e-01 9.2629881873517494e-01] | jacobian = 1.30217e+18
| >     momentum space  : k = [[1.1126253467559630e+01, 9.6293043349024412e+00, 7.7022814272072014e+02]; [-6.4856580595199858e+01, -4.6764854095292392e+01, -3.3914053125240025e+02]]
| >   without jacobian : 3.77968e-11 at xs = [1.3006825908305571e-06 5.4847100637504809e-01 6.9554271691009018e-03 1.9790512586524156e-01 3.1458153711418047e-01 7.2849435893380698e-01] | jacobian = 6.56996e+07
| >     momentum space  : k = [[-5.4222665857190135e-05, -1.7043877752225761e-05, 2.6007475503847040e-03]; [-1.4672134754180379e+02, 3.4151381268913622e+02, -3.2458344211843064e+02]]
| >   before clipping   : 6.07958e+02 at xs = [2.7807442678925393e-01 1.1354113945739913e-01 6.0802850114241381e-03 1.4837041396525982e-01 5.9942638400086801e-01 9.2629881873517494e-01]
| >     momentum space  : k = [[1.1126253467559630e+01, 9.6293043349024412e+00, 7.7022814272072014e+02]; [-6.4856580595199858e+01, -4.6764854095292392e+01, -3.3914053125240025e+02]]
| > Stability pipeline: float pairs accepted = 65883743, HP pairs attempted/accepted = 116257/116255
| > Stability triggers: float mismatch = 111266, float non-finite/error = 2
| > Higher-precision rejections: disagreement = 2, non-finite = 0, error = 0
| > Unstable rotational-check points rejected = 2
| > Rotational-check high-precision retries = 111268
| > Rotational-check high-precision salvaged = 111266
| > Large-weight high-precision retries = 4989
| > Large-weight high-precision salvaged = 4989
| > Large-weight high-precision rejected = 0
| > Large-weight samples zeroed = 0 (0.000e+00 of samples; removed signed/absolute sums = 0.00000e+00/0.00000e+00)
| > Non-finite final outputs zeroed = 0
| > Non-finite float rotated evaluations seen = 0
| > Example higher-precision-retried xs = [1.1737056346071351e-01 6.8210704234608166e-01 1.3637080159835113e-03 4.3066148777310964e-01 4.3356886191813082e-01 5.9829937939858402e-01] | float rel = 3.97127e-06
| >     momentum space  : k = [[-4.7144688033663129e-01, -1.0373028020352817e+00, 2.6595416256139868e+02]; [-1.3175423952853735e+03, 5.8427290965667441e+02, -4.5980225484447061e+02]]
| > Example large-weight higher-precision-retried xs = [2.4743214951097262e-01 1.9253954976410956e-02 7.5639735761422510e-03 1.1789330545539248e-01 5.8387763198916209e-01 8.8411195536692044e-01] | compiled = 4.30723e+02 | higher precision = 4.30723e+02
| >     momentum space  : k = [[1.5510067285466739e+01, 1.8855559947614091e+00, 6.5738203690586454e+02]; [-8.2265791044449472e+01, -4.7872044474115157e+01, -2.4977907995107381e+02]]
| > Example unstable xs = [3.9920422286985552e-01 4.6207242265265575e-01 2.1903351813005502e-09 8.0889503796212459e-02 7.6799941403647265e-01 7.5650221262021880e-02]
| >     momentum space  : k = [[-8.8860437550255776e-06, 2.1586154694590237e-06, 1.3289182050405120e+03]; [4.6766024140998237e+00, -4.1175141562071751e+01, 1.7106927440814647e+02]]
| > Example higher-precision rejection xs = [3.9920422286985552e-01 4.6207242265265575e-01 2.1903351813005502e-09 8.0889503796212459e-02 7.6799941403647265e-01 7.5650221262021880e-02] | reason = higher-precision original/rotated pair disagrees
| >     momentum space  : k = [[-8.8860437550255776e-06, 2.1586154694590237e-06, 1.3289182050405120e+03]; [4.6766024140998237e+00, -4.1175141562071751e+01, 1.7106927440814647e+02]]
| > [92mCentral value[0m : +4.9621382077605047e-08   +/- 1.06e-10     ([92m0.214%[0m)
[92mINFO[0m [94msymbolica_integrator l.6781[0m [96mt=2026-09-01,22:38:18.513[0m > | > Graph-channel Symbolica observer estimates:
| >   graph_0     : 1.3065859390376124e-09 +/- 3.97e-12 [16356 selected]
| >   graph_1     : 2.3146921498055450e-09 +/- 6.77e-12 [29618 selected]
| >   graph_2     : 2.2370857762431988e-08 +/- 3.22e-11 [167072 selected]
| >   graph_3     : 6.2274276069636738e-11 +/- 9.73e-13 [3700 selected]
| >   graph_4     : -3.1106439174851410e-09 +/- 7.85e-12 [31714 selected]
| >   graph_5     : 3.6335713338709679e-10 +/- 2.67e-12 [9924 selected]
| >   graph_6     : 7.4093386987358141e-08 +/- 7.68e-11 [379092 selected]
| >   graph_7     : -2.2936865871429319e-09 +/- 5.19e-12 [23546 selected]
| >   graph_8     : -4.7662038793559154e-08 +/- 6.36e-11 [293212 selected]
| >   graph_9     : 1.9720422731112642e-09 +/- 4.76e-12 [20797 selected]
| >   graph_10    : 2.0455485459135559e-10 +/- 5.27e-12 [24969 selected]
| >   sum         : 4.9621382077605411e-08
| >   total       : 4.9621382077605047e-08
| >   difference  : 3.6395946952333218e-22
[92mINFO[0m [94msymbolica_integrator l.6744[0m [96mt=2026-09-01,22:38:18.535[0m > Symbolica integration: starting iteration [92m67/100[0m using [94m1000000[0m points ...
[92mINFO[0m [94msymbolica_integrator l.6777[0m [96mt=2026-09-01,22:40:00.795[0m > ... result after this iteration:
| > Integration result after [92m67000000[0m evaluations in [92m95151.99 CPU-s[0m [94m(1420.2 µs / eval)[0m
| > Extremal weights:
| >   with jacobian    : 6.07958e+02 at xs = [2.7807442678925393e-01 1.1354113945739913e-01 6.0802850114241381e-03 1.4837041396525982e-01 5.9942638400086801e-01 9.2629881873517494e-01] | jacobian = 1.30217e+18
| >     momentum space  : k = [[1.1126253467559630e+01, 9.6293043349024412e+00, 7.7022814272072014e+02]; [-6.4856580595199858e+01, -4.6764854095292392e+01, -3.3914053125240025e+02]]
| >   without jacobian : 3.77968e-11 at xs = [1.3006825908305571e-06 5.4847100637504809e-01 6.9554271691009018e-03 1.9790512586524156e-01 3.1458153711418047e-01 7.2849435893380698e-01] | jacobian = 6.56996e+07
| >     momentum space  : k = [[-5.4222665857190135e-05, -1.7043877752225761e-05, 2.6007475503847040e-03]; [-1.4672134754180379e+02, 3.4151381268913622e+02, -3.2458344211843064e+02]]
| >   before clipping   : 6.07958e+02 at xs = [2.7807442678925393e-01 1.1354113945739913e-01 6.0802850114241381e-03 1.4837041396525982e-01 5.9942638400086801e-01 9.2629881873517494e-01]
| >     momentum space  : k = [[1.1126253467559630e+01, 9.6293043349024412e+00, 7.7022814272072014e+02]; [-6.4856580595199858e+01, -4.6764854095292392e+01, -3.3914053125240025e+02]]
| > Stability pipeline: float pairs accepted = 66881994, HP pairs attempted/accepted = 118006/118004
| > Stability triggers: float mismatch = 112929, float non-finite/error = 2
| > Higher-precision rejections: disagreement = 2, non-finite = 0, error = 0
| > Unstable rotational-check points rejected = 2
| > Rotational-check high-precision retries = 112931
| > Rotational-check high-precision salvaged = 112929
| > Large-weight high-precision retries = 5075
| > Large-weight high-precision salvaged = 5075
| > Large-weight high-precision rejected = 0
| > Large-weight samples zeroed = 0 (0.000e+00 of samples; removed signed/absolute sums = 0.00000e+00/0.00000e+00)
| > Non-finite final outputs zeroed = 0
| > Non-finite float rotated evaluations seen = 0
| > Example higher-precision-retried xs = [1.1737056346071351e-01 6.8210704234608166e-01 1.3637080159835113e-03 4.3066148777310964e-01 4.3356886191813082e-01 5.9829937939858402e-01] | float rel = 3.97127e-06
| >     momentum space  : k = [[-4.7144688033663129e-01, -1.0373028020352817e+00, 2.6595416256139868e+02]; [-1.3175423952853735e+03, 5.8427290965667441e+02, -4.5980225484447061e+02]]
| > Example large-weight higher-precision-retried xs = [2.4743214951097262e-01 1.9253954976410956e-02 7.5639735761422510e-03 1.1789330545539248e-01 5.8387763198916209e-01 8.8411195536692044e-01] | compiled = 4.30723e+02 | higher precision = 4.30723e+02
| >     momentum space  : k = [[1.5510067285466739e+01, 1.8855559947614091e+00, 6.5738203690586454e+02]; [-8.2265791044449472e+01, -4.7872044474115157e+01, -2.4977907995107381e+02]]
| > Example unstable xs = [3.9920422286985552e-01 4.6207242265265575e-01 2.1903351813005502e-09 8.0889503796212459e-02 7.6799941403647265e-01 7.5650221262021880e-02]
| >     momentum space  : k = [[-8.8860437550255776e-06, 2.1586154694590237e-06, 1.3289182050405120e+03]; [4.6766024140998237e+00, -4.1175141562071751e+01, 1.7106927440814647e+02]]
| > Example higher-precision rejection xs = [3.9920422286985552e-01 4.6207242265265575e-01 2.1903351813005502e-09 8.0889503796212459e-02 7.6799941403647265e-01 7.5650221262021880e-02] | reason = higher-precision original/rotated pair disagrees
| >     momentum space  : k = [[-8.8860437550255776e-06, 2.1586154694590237e-06, 1.3289182050405120e+03]; [4.6766024140998237e+00, -4.1175141562071751e+01, 1.7106927440814647e+02]]
| > [92mCentral value[0m : +4.9615594795736118e-08   +/- 1.05e-10     ([92m0.211%[0m)
[92mINFO[0m [94msymbolica_integrator l.6781[0m [96mt=2026-09-01,22:40:00.795[0m > | > Graph-channel Symbolica observer estimates:
| >   graph_0     : 1.3062153962205775e-09 +/- 3.93e-12 [16042 selected]
| >   graph_1     : 2.3135117635689231e-09 +/- 6.71e-12 [29523 selected]
| >   graph_2     : 2.2367487339967153e-08 +/- 3.17e-11 [168355 selected]
| >   graph_3     : 6.2533388003676166e-11 +/- 9.77e-13 [3707 selected]
| >   graph_4     : -3.1101460032581160e-09 +/- 7.80e-12 [31646 selected]
| >   graph_5     : 3.6319766521889896e-10 +/- 2.65e-12 [9926 selected]
| >   graph_6     : 7.4091947900869202e-08 +/- 7.57e-11 [378008 selected]
| >   graph_7     : -2.2931367050881645e-09 +/- 5.14e-12 [23470 selected]
| >   graph_8     : -4.7662644936632113e-08 +/- 6.27e-11 [293060 selected]
| >   graph_9     : 1.9719873039645794e-09 +/- 4.72e-12 [21178 selected]
| >   graph_10    : 2.0464168290190749e-10 +/- 5.22e-12 [25085 selected]
| >   sum         : 4.9615594795736521e-08
| >   total       : 4.9615594795736118e-08
| >   difference  : 4.0366413892587751e-22
[92mINFO[0m [94msymbolica_integrator l.6744[0m [96mt=2026-09-01,22:40:00.814[0m > Symbolica integration: starting iteration [92m68/100[0m using [94m1000000[0m points ...
[92mINFO[0m [94msymbolica_integrator l.6777[0m [96mt=2026-09-01,22:41:06.764[0m > ... result after this iteration:
| > Integration result after [92m68000000[0m evaluations in [92m96664.13 CPU-s[0m [94m(1421.5 µs / eval)[0m
| > Extremal weights:
| >   with jacobian    : 6.07958e+02 at xs = [2.7807442678925393e-01 1.1354113945739913e-01 6.0802850114241381e-03 1.4837041396525982e-01 5.9942638400086801e-01 9.2629881873517494e-01] | jacobian = 1.30217e+18
| >     momentum space  : k = [[1.1126253467559630e+01, 9.6293043349024412e+00, 7.7022814272072014e+02]; [-6.4856580595199858e+01, -4.6764854095292392e+01, -3.3914053125240025e+02]]
| >   without jacobian : 3.77968e-11 at xs = [1.3006825908305571e-06 5.4847100637504809e-01 6.9554271691009018e-03 1.9790512586524156e-01 3.1458153711418047e-01 7.2849435893380698e-01] | jacobian = 6.56996e+07
| >     momentum space  : k = [[-5.4222665857190135e-05, -1.7043877752225761e-05, 2.6007475503847040e-03]; [-1.4672134754180379e+02, 3.4151381268913622e+02, -3.2458344211843064e+02]]
| >   before clipping   : 6.07958e+02 at xs = [2.7807442678925393e-01 1.1354113945739913e-01 6.0802850114241381e-03 1.4837041396525982e-01 5.9942638400086801e-01 9.2629881873517494e-01]
| >     momentum space  : k = [[1.1126253467559630e+01, 9.6293043349024412e+00, 7.7022814272072014e+02]; [-6.4856580595199858e+01, -4.6764854095292392e+01, -3.3914053125240025e+02]]
| > Stability pipeline: float pairs accepted = 67880237, HP pairs attempted/accepted = 119763/119761
| > Stability triggers: float mismatch = 114604, float non-finite/error = 2
| > Higher-precision rejections: disagreement = 2, non-finite = 0, error = 0
| > Unstable rotational-check points rejected = 2
| > Rotational-check high-precision retries = 114606
| > Rotational-check high-precision salvaged = 114604
| > Large-weight high-precision retries = 5157
| > Large-weight high-precision salvaged = 5157
| > Large-weight high-precision rejected = 0
| > Large-weight samples zeroed = 0 (0.000e+00 of samples; removed signed/absolute sums = 0.00000e+00/0.00000e+00)
| > Non-finite final outputs zeroed = 0
| > Non-finite float rotated evaluations seen = 0
| > Example higher-precision-retried xs = [1.1737056346071351e-01 6.8210704234608166e-01 1.3637080159835113e-03 4.3066148777310964e-01 4.3356886191813082e-01 5.9829937939858402e-01] | float rel = 3.97127e-06
| >     momentum space  : k = [[-4.7144688033663129e-01, -1.0373028020352817e+00, 2.6595416256139868e+02]; [-1.3175423952853735e+03, 5.8427290965667441e+02, -4.5980225484447061e+02]]
| > Example large-weight higher-precision-retried xs = [2.4743214951097262e-01 1.9253954976410956e-02 7.5639735761422510e-03 1.1789330545539248e-01 5.8387763198916209e-01 8.8411195536692044e-01] | compiled = 4.30723e+02 | higher precision = 4.30723e+02
| >     momentum space  : k = [[1.5510067285466739e+01, 1.8855559947614091e+00, 6.5738203690586454e+02]; [-8.2265791044449472e+01, -4.7872044474115157e+01, -2.4977907995107381e+02]]
| > Example unstable xs = [3.9920422286985552e-01 4.6207242265265575e-01 2.1903351813005502e-09 8.0889503796212459e-02 7.6799941403647265e-01 7.5650221262021880e-02]
| >     momentum space  : k = [[-8.8860437550255776e-06, 2.1586154694590237e-06, 1.3289182050405120e+03]; [4.6766024140998237e+00, -4.1175141562071751e+01, 1.7106927440814647e+02]]
| > Example higher-precision rejection xs = [3.9920422286985552e-01 4.6207242265265575e-01 2.1903351813005502e-09 8.0889503796212459e-02 7.6799941403647265e-01 7.5650221262021880e-02] | reason = higher-precision original/rotated pair disagrees
| >     momentum space  : k = [[-8.8860437550255776e-06, 2.1586154694590237e-06, 1.3289182050405120e+03]; [4.6766024140998237e+00, -4.1175141562071751e+01, 1.7106927440814647e+02]]
| > [92mCentral value[0m : +4.9614358454389195e-08   +/- 1.03e-10     ([92m0.208%[0m)
[92mINFO[0m [94msymbolica_integrator l.6781[0m [96mt=2026-09-01,22:41:06.764[0m > | > Graph-channel Symbolica observer estimates:
| >   graph_0     : 1.3057408396748373e-09 +/- 3.90e-12 [15984 selected]
| >   graph_1     : 2.3131100796413014e-09 +/- 6.65e-12 [29755 selected]
| >   graph_2     : 2.2366045691853611e-08 +/- 3.13e-11 [166988 selected]
| >   graph_3     : 6.2537561529839974e-11 +/- 9.68e-13 [3752 selected]
| >   graph_4     : -3.1098737971751622e-09 +/- 7.73e-12 [31901 selected]
| >   graph_5     : 3.6287889759834841e-10 +/- 2.62e-12 [9716 selected]
| >   graph_6     : 7.4097987132402855e-08 +/- 7.47e-11 [379754 selected]
| >   graph_7     : -2.2927834329242991e-09 +/- 5.09e-12 [23350 selected]
| >   graph_8     : -4.7667613027185515e-08 +/- 6.19e-11 [292926 selected]
| >   graph_9     : 1.9717389953535095e-09 +/- 4.67e-12 [20910 selected]
| >   graph_10    : 2.0458951362025889e-10 +/- 5.17e-12 [24964 selected]
| >   sum         : 4.9614358454389586e-08
| >   total       : 4.9614358454389195e-08
| >   difference  : 3.9042924912502906e-22
[92mINFO[0m [94msymbolica_integrator l.6744[0m [96mt=2026-09-01,22:41:07.038[0m > Symbolica integration: starting iteration [92m69/100[0m using [94m1000000[0m points ...
[92mINFO[0m [94msymbolica_integrator l.6777[0m [96mt=2026-09-01,22:42:58.250[0m > ... result after this iteration:
| > Integration result after [92m69000000[0m evaluations in [92m99064.19 CPU-s[0m [94m(1435.7 µs / eval)[0m
| > Extremal weights:
| >   with jacobian    : 6.07958e+02 at xs = [2.7807442678925393e-01 1.1354113945739913e-01 6.0802850114241381e-03 1.4837041396525982e-01 5.9942638400086801e-01 9.2629881873517494e-01] | jacobian = 1.30217e+18
| >     momentum space  : k = [[1.1126253467559630e+01, 9.6293043349024412e+00, 7.7022814272072014e+02]; [-6.4856580595199858e+01, -4.6764854095292392e+01, -3.3914053125240025e+02]]
| >   without jacobian : 3.77968e-11 at xs = [1.3006825908305571e-06 5.4847100637504809e-01 6.9554271691009018e-03 1.9790512586524156e-01 3.1458153711418047e-01 7.2849435893380698e-01] | jacobian = 6.56996e+07
| >     momentum space  : k = [[-5.4222665857190135e-05, -1.7043877752225761e-05, 2.6007475503847040e-03]; [-1.4672134754180379e+02, 3.4151381268913622e+02, -3.2458344211843064e+02]]
| >   before clipping   : 6.07958e+02 at xs = [2.7807442678925393e-01 1.1354113945739913e-01 6.0802850114241381e-03 1.4837041396525982e-01 5.9942638400086801e-01 9.2629881873517494e-01]
| >     momentum space  : k = [[1.1126253467559630e+01, 9.6293043349024412e+00, 7.7022814272072014e+02]; [-6.4856580595199858e+01, -4.6764854095292392e+01, -3.3914053125240025e+02]]
| > Stability pipeline: float pairs accepted = 68878488, HP pairs attempted/accepted = 121512/121510
| > Stability triggers: float mismatch = 116270, float non-finite/error = 2
| > Higher-precision rejections: disagreement = 2, non-finite = 0, error = 0
| > Unstable rotational-check points rejected = 2
| > Rotational-check high-precision retries = 116272
| > Rotational-check high-precision salvaged = 116270
| > Large-weight high-precision retries = 5240
| > Large-weight high-precision salvaged = 5240
| > Large-weight high-precision rejected = 0
| > Large-weight samples zeroed = 0 (0.000e+00 of samples; removed signed/absolute sums = 0.00000e+00/0.00000e+00)
| > Non-finite final outputs zeroed = 0
| > Non-finite float rotated evaluations seen = 0
| > Example higher-precision-retried xs = [1.1737056346071351e-01 6.8210704234608166e-01 1.3637080159835113e-03 4.3066148777310964e-01 4.3356886191813082e-01 5.9829937939858402e-01] | float rel = 3.97127e-06
| >     momentum space  : k = [[-4.7144688033663129e-01, -1.0373028020352817e+00, 2.6595416256139868e+02]; [-1.3175423952853735e+03, 5.8427290965667441e+02, -4.5980225484447061e+02]]
| > Example large-weight higher-precision-retried xs = [2.4743214951097262e-01 1.9253954976410956e-02 7.5639735761422510e-03 1.1789330545539248e-01 5.8387763198916209e-01 8.8411195536692044e-01] | compiled = 4.30723e+02 | higher precision = 4.30723e+02
| >     momentum space  : k = [[1.5510067285466739e+01, 1.8855559947614091e+00, 6.5738203690586454e+02]; [-8.2265791044449472e+01, -4.7872044474115157e+01, -2.4977907995107381e+02]]
| > Example unstable xs = [3.9920422286985552e-01 4.6207242265265575e-01 2.1903351813005502e-09 8.0889503796212459e-02 7.6799941403647265e-01 7.5650221262021880e-02]
| >     momentum space  : k = [[-8.8860437550255776e-06, 2.1586154694590237e-06, 1.3289182050405120e+03]; [4.6766024140998237e+00, -4.1175141562071751e+01, 1.7106927440814647e+02]]
| > Example higher-precision rejection xs = [3.9920422286985552e-01 4.6207242265265575e-01 2.1903351813005502e-09 8.0889503796212459e-02 7.6799941403647265e-01 7.5650221262021880e-02] | reason = higher-precision original/rotated pair disagrees
| >     momentum space  : k = [[-8.8860437550255776e-06, 2.1586154694590237e-06, 1.3289182050405120e+03]; [4.6766024140998237e+00, -4.1175141562071751e+01, 1.7106927440814647e+02]]
| > [92mCentral value[0m : +4.9608100527549929e-08   +/- 1.02e-10     ([92m0.206%[0m)
[92mINFO[0m [94msymbolica_integrator l.6781[0m [96mt=2026-09-01,22:42:58.251[0m > | > Graph-channel Symbolica observer estimates:
| >   graph_0     : 1.3066555522706930e-09 +/- 3.90e-12 [16093 selected]
| >   graph_1     : 2.3132044599207729e-09 +/- 6.59e-12 [29390 selected]
| >   graph_2     : 2.2366443619351178e-08 +/- 3.10e-11 [167362 selected]
| >   graph_3     : 6.2744038828523242e-11 +/- 9.63e-13 [3833 selected]
| >   graph_4     : -3.1106565059144359e-09 +/- 7.67e-12 [31863 selected]
| >   graph_5     : 3.6278588876327869e-10 +/- 2.60e-12 [9784 selected]
| >   graph_6     : 7.4092077308345643e-08 +/- 7.37e-11 [379336 selected]
| >   graph_7     : -2.2930172351302551e-09 +/- 5.05e-12 [23566 selected]
| >   graph_8     : -4.7668504645646638e-08 +/- 6.10e-11 [293122 selected]
| >   graph_9     : 1.9718235567084040e-09 +/- 4.63e-12 [20693 selected]
| >   graph_10    : 2.0454449005318551e-10 +/- 5.11e-12 [24958 selected]
| >   sum         : 4.9608100527550353e-08
| >   total       : 4.9608100527549929e-08
| >   difference  : 4.2351647362715017e-22
[92mINFO[0m [94msymbolica_integrator l.6744[0m [96mt=2026-09-01,22:42:58.274[0m > Symbolica integration: starting iteration [92m70/100[0m using [94m1000000[0m points ...
[92mINFO[0m [94msymbolica_integrator l.6777[0m [96mt=2026-09-01,22:43:57.404[0m > ... result after this iteration:
| > Integration result after [92m70000000[0m evaluations in [92m100263.58 CPU-s[0m [94m(1432.3 µs / eval)[0m
| > Extremal weights:
| >   with jacobian    : 6.07958e+02 at xs = [2.7807442678925393e-01 1.1354113945739913e-01 6.0802850114241381e-03 1.4837041396525982e-01 5.9942638400086801e-01 9.2629881873517494e-01] | jacobian = 1.30217e+18
| >     momentum space  : k = [[1.1126253467559630e+01, 9.6293043349024412e+00, 7.7022814272072014e+02]; [-6.4856580595199858e+01, -4.6764854095292392e+01, -3.3914053125240025e+02]]
| >   without jacobian : 3.77968e-11 at xs = [1.3006825908305571e-06 5.4847100637504809e-01 6.9554271691009018e-03 1.9790512586524156e-01 3.1458153711418047e-01 7.2849435893380698e-01] | jacobian = 6.56996e+07
| >     momentum space  : k = [[-5.4222665857190135e-05, -1.7043877752225761e-05, 2.6007475503847040e-03]; [-1.4672134754180379e+02, 3.4151381268913622e+02, -3.2458344211843064e+02]]
| >   before clipping   : 6.07958e+02 at xs = [2.7807442678925393e-01 1.1354113945739913e-01 6.0802850114241381e-03 1.4837041396525982e-01 5.9942638400086801e-01 9.2629881873517494e-01]
| >     momentum space  : k = [[1.1126253467559630e+01, 9.6293043349024412e+00, 7.7022814272072014e+02]; [-6.4856580595199858e+01, -4.6764854095292392e+01, -3.3914053125240025e+02]]
| > Stability pipeline: float pairs accepted = 69876729, HP pairs attempted/accepted = 123271/123269
| > Stability triggers: float mismatch = 117941, float non-finite/error = 2
| > Higher-precision rejections: disagreement = 2, non-finite = 0, error = 0
| > Unstable rotational-check points rejected = 2
| > Rotational-check high-precision retries = 117943
| > Rotational-check high-precision salvaged = 117941
| > Large-weight high-precision retries = 5328
| > Large-weight high-precision salvaged = 5328
| > Large-weight high-precision rejected = 0
| > Large-weight samples zeroed = 0 (0.000e+00 of samples; removed signed/absolute sums = 0.00000e+00/0.00000e+00)
| > Non-finite final outputs zeroed = 0
| > Non-finite float rotated evaluations seen = 0
| > Example higher-precision-retried xs = [1.1737056346071351e-01 6.8210704234608166e-01 1.3637080159835113e-03 4.3066148777310964e-01 4.3356886191813082e-01 5.9829937939858402e-01] | float rel = 3.97127e-06
| >     momentum space  : k = [[-4.7144688033663129e-01, -1.0373028020352817e+00, 2.6595416256139868e+02]; [-1.3175423952853735e+03, 5.8427290965667441e+02, -4.5980225484447061e+02]]
| > Example large-weight higher-precision-retried xs = [2.4743214951097262e-01 1.9253954976410956e-02 7.5639735761422510e-03 1.1789330545539248e-01 5.8387763198916209e-01 8.8411195536692044e-01] | compiled = 4.30723e+02 | higher precision = 4.30723e+02
| >     momentum space  : k = [[1.5510067285466739e+01, 1.8855559947614091e+00, 6.5738203690586454e+02]; [-8.2265791044449472e+01, -4.7872044474115157e+01, -2.4977907995107381e+02]]
| > Example unstable xs = [3.9920422286985552e-01 4.6207242265265575e-01 2.1903351813005502e-09 8.0889503796212459e-02 7.6799941403647265e-01 7.5650221262021880e-02]
| >     momentum space  : k = [[-8.8860437550255776e-06, 2.1586154694590237e-06, 1.3289182050405120e+03]; [4.6766024140998237e+00, -4.1175141562071751e+01, 1.7106927440814647e+02]]
| > Example higher-precision rejection xs = [3.9920422286985552e-01 4.6207242265265575e-01 2.1903351813005502e-09 8.0889503796212459e-02 7.6799941403647265e-01 7.5650221262021880e-02] | reason = higher-precision original/rotated pair disagrees
| >     momentum space  : k = [[-8.8860437550255776e-06, 2.1586154694590237e-06, 1.3289182050405120e+03]; [4.6766024140998237e+00, -4.1175141562071751e+01, 1.7106927440814647e+02]]
| > [92mCentral value[0m : +4.9611620911802955e-08   +/- 1.01e-10     ([92m0.203%[0m)
[92mINFO[0m [94msymbolica_integrator l.6781[0m [96mt=2026-09-01,22:43:57.404[0m > | > Graph-channel Symbolica observer estimates:
| >   graph_0     : 1.3067868595070393e-09 +/- 3.87e-12 [16049 selected]
| >   graph_1     : 2.3132128941198396e-09 +/- 6.53e-12 [29387 selected]
| >   graph_2     : 2.2366512134082325e-08 +/- 3.06e-11 [167438 selected]
| >   graph_3     : 6.2693984405541003e-11 +/- 9.55e-13 [3688 selected]
| >   graph_4     : -3.1106152714613829e-09 +/- 7.60e-12 [31854 selected]
| >   graph_5     : 3.6283013707462601e-10 +/- 2.58e-12 [9881 selected]
| >   graph_6     : 7.4093677462022970e-08 +/- 7.27e-11 [379122 selected]
| >   graph_7     : -2.2922439086688246e-09 +/- 5.00e-12 [23555 selected]
| >   graph_8     : -4.7667354788036222e-08 +/- 6.02e-11 [293309 selected]
| >   graph_9     : 1.9709774365210094e-09 +/- 4.59e-12 [20685 selected]
| >   graph_10    : 2.0514397223649465e-10 +/- 5.07e-12 [25032 selected]
| >   sum         : 4.9611620911803418e-08
| >   total       : 4.9611620911802955e-08
| >   difference  : 4.6322114302969550e-22
[92mINFO[0m [94msymbolica_integrator l.6744[0m [96mt=2026-09-01,22:43:57.421[0m > Symbolica integration: starting iteration [92m71/100[0m using [94m1000000[0m points ...
[92mINFO[0m [94msymbolica_integrator l.6777[0m [96mt=2026-09-01,22:45:45.293[0m > ... result after this iteration:
| > Integration result after [92m71000000[0m evaluations in [92m102544.77 CPU-s[0m [94m(1444.3 µs / eval)[0m
| > Extremal weights:
| >   with jacobian    : 6.07958e+02 at xs = [2.7807442678925393e-01 1.1354113945739913e-01 6.0802850114241381e-03 1.4837041396525982e-01 5.9942638400086801e-01 9.2629881873517494e-01] | jacobian = 1.30217e+18
| >     momentum space  : k = [[1.1126253467559630e+01, 9.6293043349024412e+00, 7.7022814272072014e+02]; [-6.4856580595199858e+01, -4.6764854095292392e+01, -3.3914053125240025e+02]]
| >   without jacobian : 3.77968e-11 at xs = [1.3006825908305571e-06 5.4847100637504809e-01 6.9554271691009018e-03 1.9790512586524156e-01 3.1458153711418047e-01 7.2849435893380698e-01] | jacobian = 6.56996e+07
| >     momentum space  : k = [[-5.4222665857190135e-05, -1.7043877752225761e-05, 2.6007475503847040e-03]; [-1.4672134754180379e+02, 3.4151381268913622e+02, -3.2458344211843064e+02]]
| >   before clipping   : 6.07958e+02 at xs = [2.7807442678925393e-01 1.1354113945739913e-01 6.0802850114241381e-03 1.4837041396525982e-01 5.9942638400086801e-01 9.2629881873517494e-01]
| >     momentum space  : k = [[1.1126253467559630e+01, 9.6293043349024412e+00, 7.7022814272072014e+02]; [-6.4856580595199858e+01, -4.6764854095292392e+01, -3.3914053125240025e+02]]
| > Stability pipeline: float pairs accepted = 70875009, HP pairs attempted/accepted = 124991/124989
| > Stability triggers: float mismatch = 119596, float non-finite/error = 2
| > Higher-precision rejections: disagreement = 2, non-finite = 0, error = 0
| > Unstable rotational-check points rejected = 2
| > Rotational-check high-precision retries = 119598
| > Rotational-check high-precision salvaged = 119596
| > Large-weight high-precision retries = 5393
| > Large-weight high-precision salvaged = 5393
| > Large-weight high-precision rejected = 0
| > Large-weight samples zeroed = 0 (0.000e+00 of samples; removed signed/absolute sums = 0.00000e+00/0.00000e+00)
| > Non-finite final outputs zeroed = 0
| > Non-finite float rotated evaluations seen = 0
| > Example higher-precision-retried xs = [1.1737056346071351e-01 6.8210704234608166e-01 1.3637080159835113e-03 4.3066148777310964e-01 4.3356886191813082e-01 5.9829937939858402e-01] | float rel = 3.97127e-06
| >     momentum space  : k = [[-4.7144688033663129e-01, -1.0373028020352817e+00, 2.6595416256139868e+02]; [-1.3175423952853735e+03, 5.8427290965667441e+02, -4.5980225484447061e+02]]
| > Example large-weight higher-precision-retried xs = [2.4743214951097262e-01 1.9253954976410956e-02 7.5639735761422510e-03 1.1789330545539248e-01 5.8387763198916209e-01 8.8411195536692044e-01] | compiled = 4.30723e+02 | higher precision = 4.30723e+02
| >     momentum space  : k = [[1.5510067285466739e+01, 1.8855559947614091e+00, 6.5738203690586454e+02]; [-8.2265791044449472e+01, -4.7872044474115157e+01, -2.4977907995107381e+02]]
| > Example unstable xs = [3.9920422286985552e-01 4.6207242265265575e-01 2.1903351813005502e-09 8.0889503796212459e-02 7.6799941403647265e-01 7.5650221262021880e-02]
| >     momentum space  : k = [[-8.8860437550255776e-06, 2.1586154694590237e-06, 1.3289182050405120e+03]; [4.6766024140998237e+00, -4.1175141562071751e+01, 1.7106927440814647e+02]]
| > Example higher-precision rejection xs = [3.9920422286985552e-01 4.6207242265265575e-01 2.1903351813005502e-09 8.0889503796212459e-02 7.6799941403647265e-01 7.5650221262021880e-02] | reason = higher-precision original/rotated pair disagrees
| >     momentum space  : k = [[-8.8860437550255776e-06, 2.1586154694590237e-06, 1.3289182050405120e+03]; [4.6766024140998237e+00, -4.1175141562071751e+01, 1.7106927440814647e+02]]
| > [92mCentral value[0m : +4.9610473589251262e-08   +/- 9.94e-11     ([92m0.200%[0m)
[92mINFO[0m [94msymbolica_integrator l.6781[0m [96mt=2026-09-01,22:45:45.294[0m > | > Graph-channel Symbolica observer estimates:
| >   graph_0     : 1.3066878514012987e-09 +/- 3.84e-12 [15876 selected]
| >   graph_1     : 2.3131474127613695e-09 +/- 6.48e-12 [29441 selected]
| >   graph_2     : 2.2369287019793663e-08 +/- 3.02e-11 [167751 selected]
| >   graph_3     : 6.2733000623932396e-11 +/- 9.47e-13 [3827 selected]
| >   graph_4     : -3.1102741944024588e-09 +/- 7.53e-12 [31563 selected]
| >   graph_5     : 3.6266314486763747e-10 +/- 2.55e-12 [9552 selected]
| >   graph_6     : 7.4092992661863443e-08 +/- 7.18e-11 [379361 selected]
| >   graph_7     : -2.2924194634236694e-09 +/- 4.96e-12 [23465 selected]
| >   graph_8     : -4.7669781446739644e-08 +/- 5.94e-11 [293553 selected]
| >   graph_9     : 1.9703460721459241e-09 +/- 4.55e-12 [20765 selected]
| >   graph_10    : 2.0509153036022806e-10 +/- 5.02e-12 [24846 selected]
| >   sum         : 4.9610473589251725e-08
| >   total       : 4.9610473589251262e-08
| >   difference  : 4.6322114302969550e-22
[92mINFO[0m [94msymbolica_integrator l.6744[0m [96mt=2026-09-01,22:45:45.334[0m > Symbolica integration: starting iteration [92m72/100[0m using [94m1000000[0m points ...
[92mINFO[0m [94msymbolica_integrator l.6777[0m [96mt=2026-09-01,22:46:59.392[0m > ... result after this iteration:
| > Integration result after [92m72000000[0m evaluations in [92m103892.25 CPU-s[0m [94m(1442.9 µs / eval)[0m
| > Extremal weights:
| >   with jacobian    : 6.07958e+02 at xs = [2.7807442678925393e-01 1.1354113945739913e-01 6.0802850114241381e-03 1.4837041396525982e-01 5.9942638400086801e-01 9.2629881873517494e-01] | jacobian = 1.30217e+18
| >     momentum space  : k = [[1.1126253467559630e+01, 9.6293043349024412e+00, 7.7022814272072014e+02]; [-6.4856580595199858e+01, -4.6764854095292392e+01, -3.3914053125240025e+02]]
| >   without jacobian : 3.77968e-11 at xs = [1.3006825908305571e-06 5.4847100637504809e-01 6.9554271691009018e-03 1.9790512586524156e-01 3.1458153711418047e-01 7.2849435893380698e-01] | jacobian = 6.56996e+07
| >     momentum space  : k = [[-5.4222665857190135e-05, -1.7043877752225761e-05, 2.6007475503847040e-03]; [-1.4672134754180379e+02, 3.4151381268913622e+02, -3.2458344211843064e+02]]
| >   before clipping   : 6.07958e+02 at xs = [2.7807442678925393e-01 1.1354113945739913e-01 6.0802850114241381e-03 1.4837041396525982e-01 5.9942638400086801e-01 9.2629881873517494e-01]
| >     momentum space  : k = [[1.1126253467559630e+01, 9.6293043349024412e+00, 7.7022814272072014e+02]; [-6.4856580595199858e+01, -4.6764854095292392e+01, -3.3914053125240025e+02]]
| > Stability pipeline: float pairs accepted = 71873271, HP pairs attempted/accepted = 126729/126727
| > Stability triggers: float mismatch = 121240, float non-finite/error = 2
| > Higher-precision rejections: disagreement = 2, non-finite = 0, error = 0
| > Unstable rotational-check points rejected = 2
| > Rotational-check high-precision retries = 121242
| > Rotational-check high-precision salvaged = 121240
| > Large-weight high-precision retries = 5487
| > Large-weight high-precision salvaged = 5487
| > Large-weight high-precision rejected = 0
| > Large-weight samples zeroed = 0 (0.000e+00 of samples; removed signed/absolute sums = 0.00000e+00/0.00000e+00)
| > Non-finite final outputs zeroed = 0
| > Non-finite float rotated evaluations seen = 0
| > Example higher-precision-retried xs = [1.1737056346071351e-01 6.8210704234608166e-01 1.3637080159835113e-03 4.3066148777310964e-01 4.3356886191813082e-01 5.9829937939858402e-01] | float rel = 3.97127e-06
| >     momentum space  : k = [[-4.7144688033663129e-01, -1.0373028020352817e+00, 2.6595416256139868e+02]; [-1.3175423952853735e+03, 5.8427290965667441e+02, -4.5980225484447061e+02]]
| > Example large-weight higher-precision-retried xs = [2.4743214951097262e-01 1.9253954976410956e-02 7.5639735761422510e-03 1.1789330545539248e-01 5.8387763198916209e-01 8.8411195536692044e-01] | compiled = 4.30723e+02 | higher precision = 4.30723e+02
| >     momentum space  : k = [[1.5510067285466739e+01, 1.8855559947614091e+00, 6.5738203690586454e+02]; [-8.2265791044449472e+01, -4.7872044474115157e+01, -2.4977907995107381e+02]]
| > Example unstable xs = [3.9920422286985552e-01 4.6207242265265575e-01 2.1903351813005502e-09 8.0889503796212459e-02 7.6799941403647265e-01 7.5650221262021880e-02]
| >     momentum space  : k = [[-8.8860437550255776e-06, 2.1586154694590237e-06, 1.3289182050405120e+03]; [4.6766024140998237e+00, -4.1175141562071751e+01, 1.7106927440814647e+02]]
| > Example higher-precision rejection xs = [3.9920422286985552e-01 4.6207242265265575e-01 2.1903351813005502e-09 8.0889503796212459e-02 7.6799941403647265e-01 7.5650221262021880e-02] | reason = higher-precision original/rotated pair disagrees
| >     momentum space  : k = [[-8.8860437550255776e-06, 2.1586154694590237e-06, 1.3289182050405120e+03]; [4.6766024140998237e+00, -4.1175141562071751e+01, 1.7106927440814647e+02]]
| > [92mCentral value[0m : +4.9617576864397300e-08   +/- 9.81e-11     ([92m0.198%[0m)
[92mINFO[0m [94msymbolica_integrator l.6781[0m [96mt=2026-09-01,22:46:59.393[0m > | > Graph-channel Symbolica observer estimates:
| >   graph_0     : 1.3061367685352024e-09 +/- 3.81e-12 [15989 selected]
| >   graph_1     : 2.3139465423574426e-09 +/- 6.42e-12 [29086 selected]
| >   graph_2     : 2.2371806759301570e-08 +/- 2.99e-11 [168008 selected]
| >   graph_3     : 6.2678347888796410e-11 +/- 9.37e-13 [3877 selected]
| >   graph_4     : -3.1098729425153967e-09 +/- 7.46e-12 [31361 selected]
| >   graph_5     : 3.6273732746638345e-10 +/- 2.53e-12 [9720 selected]
| >   graph_6     : 7.4098535346434769e-08 +/- 7.09e-11 [379776 selected]
| >   graph_7     : -2.2921400690504529e-09 +/- 4.91e-12 [23218 selected]
| >   graph_8     : -4.7672172102532842e-08 +/- 5.87e-11 [293103 selected]
| >   graph_9     : 1.9709755985302154e-09 +/- 4.51e-12 [20863 selected]
| >   graph_10    : 2.0494528798206636e-10 +/- 4.97e-12 [24999 selected]
| >   sum         : 4.9617576864397756e-08
| >   total       : 4.9617576864397300e-08
| >   difference  : 4.5660369812927128e-22
[92mINFO[0m [94msymbolica_integrator l.6744[0m [96mt=2026-09-01,22:46:59.414[0m > Symbolica integration: starting iteration [92m73/100[0m using [94m1000000[0m points ...
[92mINFO[0m [94msymbolica_integrator l.6777[0m [96mt=2026-09-01,22:49:31.691[0m > ... result after this iteration:
| > Integration result after [92m73000000[0m evaluations in [92m107361.05 CPU-s[0m [94m(1470.7 µs / eval)[0m
| > Extremal weights:
| >   with jacobian    : 6.07958e+02 at xs = [2.7807442678925393e-01 1.1354113945739913e-01 6.0802850114241381e-03 1.4837041396525982e-01 5.9942638400086801e-01 9.2629881873517494e-01] | jacobian = 1.30217e+18
| >     momentum space  : k = [[1.1126253467559630e+01, 9.6293043349024412e+00, 7.7022814272072014e+02]; [-6.4856580595199858e+01, -4.6764854095292392e+01, -3.3914053125240025e+02]]
| >   without jacobian : 3.77968e-11 at xs = [1.3006825908305571e-06 5.4847100637504809e-01 6.9554271691009018e-03 1.9790512586524156e-01 3.1458153711418047e-01 7.2849435893380698e-01] | jacobian = 6.56996e+07
| >     momentum space  : k = [[-5.4222665857190135e-05, -1.7043877752225761e-05, 2.6007475503847040e-03]; [-1.4672134754180379e+02, 3.4151381268913622e+02, -3.2458344211843064e+02]]
| >   before clipping   : 6.07958e+02 at xs = [2.7807442678925393e-01 1.1354113945739913e-01 6.0802850114241381e-03 1.4837041396525982e-01 5.9942638400086801e-01 9.2629881873517494e-01]
| >     momentum space  : k = [[1.1126253467559630e+01, 9.6293043349024412e+00, 7.7022814272072014e+02]; [-6.4856580595199858e+01, -4.6764854095292392e+01, -3.3914053125240025e+02]]
| > Stability pipeline: float pairs accepted = 72871580, HP pairs attempted/accepted = 128420/128418
| > Stability triggers: float mismatch = 122847, float non-finite/error = 2
| > Higher-precision rejections: disagreement = 2, non-finite = 0, error = 0
| > Unstable rotational-check points rejected = 2
| > Rotational-check high-precision retries = 122849
| > Rotational-check high-precision salvaged = 122847
| > Large-weight high-precision retries = 5571
| > Large-weight high-precision salvaged = 5571
| > Large-weight high-precision rejected = 0
| > Large-weight samples zeroed = 0 (0.000e+00 of samples; removed signed/absolute sums = 0.00000e+00/0.00000e+00)
| > Non-finite final outputs zeroed = 0
| > Non-finite float rotated evaluations seen = 0
| > Example higher-precision-retried xs = [1.1737056346071351e-01 6.8210704234608166e-01 1.3637080159835113e-03 4.3066148777310964e-01 4.3356886191813082e-01 5.9829937939858402e-01] | float rel = 3.97127e-06
| >     momentum space  : k = [[-4.7144688033663129e-01, -1.0373028020352817e+00, 2.6595416256139868e+02]; [-1.3175423952853735e+03, 5.8427290965667441e+02, -4.5980225484447061e+02]]
| > Example large-weight higher-precision-retried xs = [2.4743214951097262e-01 1.9253954976410956e-02 7.5639735761422510e-03 1.1789330545539248e-01 5.8387763198916209e-01 8.8411195536692044e-01] | compiled = 4.30723e+02 | higher precision = 4.30723e+02
| >     momentum space  : k = [[1.5510067285466739e+01, 1.8855559947614091e+00, 6.5738203690586454e+02]; [-8.2265791044449472e+01, -4.7872044474115157e+01, -2.4977907995107381e+02]]
| > Example unstable xs = [3.9920422286985552e-01 4.6207242265265575e-01 2.1903351813005502e-09 8.0889503796212459e-02 7.6799941403647265e-01 7.5650221262021880e-02]
| >     momentum space  : k = [[-8.8860437550255776e-06, 2.1586154694590237e-06, 1.3289182050405120e+03]; [4.6766024140998237e+00, -4.1175141562071751e+01, 1.7106927440814647e+02]]
| > Example higher-precision rejection xs = [3.9920422286985552e-01 4.6207242265265575e-01 2.1903351813005502e-09 8.0889503796212459e-02 7.6799941403647265e-01 7.5650221262021880e-02] | reason = higher-precision original/rotated pair disagrees
| >     momentum space  : k = [[-8.8860437550255776e-06, 2.1586154694590237e-06, 1.3289182050405120e+03]; [4.6766024140998237e+00, -4.1175141562071751e+01, 1.7106927440814647e+02]]
| > [92mCentral value[0m : +4.9624210212499168e-08   +/- 9.69e-11     ([92m0.195%[0m)
[92mINFO[0m [94msymbolica_integrator l.6781[0m [96mt=2026-09-01,22:49:31.691[0m > | > Graph-channel Symbolica observer estimates:
| >   graph_0     : 1.3059770210405465e-09 +/- 3.78e-12 [16052 selected]
| >   graph_1     : 2.3147397686167425e-09 +/- 6.37e-12 [29300 selected]
| >   graph_2     : 2.2374121058293735e-08 +/- 2.95e-11 [168032 selected]
| >   graph_3     : 6.2581529793892670e-11 +/- 9.27e-13 [3775 selected]
| >   graph_4     : -3.1102056455828903e-09 +/- 7.43e-12 [31776 selected]
| >   graph_5     : 3.6284942498867788e-10 +/- 2.51e-12 [9658 selected]
| >   graph_6     : 7.4099807933356017e-08 +/- 7.00e-11 [378958 selected]
| >   graph_7     : -2.2916332048318544e-09 +/- 4.87e-12 [23298 selected]
| >   graph_8     : -4.7669133309756469e-08 +/- 5.79e-11 [293559 selected]
| >   graph_9     : 1.9702024405326772e-09 +/- 4.47e-12 [20863 selected]
| >   graph_10    : 2.0490319604848888e-10 +/- 4.92e-12 [24729 selected]
| >   sum         : 4.9624210212499565e-08
| >   total       : 4.9624210212499168e-08
| >   difference  : 3.9704669402545328e-22
[92mINFO[0m [94msymbolica_integrator l.6744[0m [96mt=2026-09-01,22:49:31.923[0m > Symbolica integration: starting iteration [92m74/100[0m using [94m1000000[0m points ...
[92mINFO[0m [94msymbolica_integrator l.6777[0m [96mt=2026-09-01,22:50:31.659[0m > ... result after this iteration:
| > Integration result after [92m74000000[0m evaluations in [92m108579.94 CPU-s[0m [94m(1467.3 µs / eval)[0m
| > Extremal weights:
| >   with jacobian    : 6.07958e+02 at xs = [2.7807442678925393e-01 1.1354113945739913e-01 6.0802850114241381e-03 1.4837041396525982e-01 5.9942638400086801e-01 9.2629881873517494e-01] | jacobian = 1.30217e+18
| >     momentum space  : k = [[1.1126253467559630e+01, 9.6293043349024412e+00, 7.7022814272072014e+02]; [-6.4856580595199858e+01, -4.6764854095292392e+01, -3.3914053125240025e+02]]
| >   without jacobian : 3.77968e-11 at xs = [1.3006825908305571e-06 5.4847100637504809e-01 6.9554271691009018e-03 1.9790512586524156e-01 3.1458153711418047e-01 7.2849435893380698e-01] | jacobian = 6.56996e+07
| >     momentum space  : k = [[-5.4222665857190135e-05, -1.7043877752225761e-05, 2.6007475503847040e-03]; [-1.4672134754180379e+02, 3.4151381268913622e+02, -3.2458344211843064e+02]]
| >   before clipping   : 6.07958e+02 at xs = [2.7807442678925393e-01 1.1354113945739913e-01 6.0802850114241381e-03 1.4837041396525982e-01 5.9942638400086801e-01 9.2629881873517494e-01]
| >     momentum space  : k = [[1.1126253467559630e+01, 9.6293043349024412e+00, 7.7022814272072014e+02]; [-6.4856580595199858e+01, -4.6764854095292392e+01, -3.3914053125240025e+02]]
| > Stability pipeline: float pairs accepted = 73869834, HP pairs attempted/accepted = 130166/130164
| > Stability triggers: float mismatch = 124487, float non-finite/error = 2
| > Higher-precision rejections: disagreement = 2, non-finite = 0, error = 0
| > Unstable rotational-check points rejected = 2
| > Rotational-check high-precision retries = 124489
| > Rotational-check high-precision salvaged = 124487
| > Large-weight high-precision retries = 5677
| > Large-weight high-precision salvaged = 5677
| > Large-weight high-precision rejected = 0
| > Large-weight samples zeroed = 0 (0.000e+00 of samples; removed signed/absolute sums = 0.00000e+00/0.00000e+00)
| > Non-finite final outputs zeroed = 0
| > Non-finite float rotated evaluations seen = 0
| > Example higher-precision-retried xs = [1.1737056346071351e-01 6.8210704234608166e-01 1.3637080159835113e-03 4.3066148777310964e-01 4.3356886191813082e-01 5.9829937939858402e-01] | float rel = 3.97127e-06
| >     momentum space  : k = [[-4.7144688033663129e-01, -1.0373028020352817e+00, 2.6595416256139868e+02]; [-1.3175423952853735e+03, 5.8427290965667441e+02, -4.5980225484447061e+02]]
| > Example large-weight higher-precision-retried xs = [2.4743214951097262e-01 1.9253954976410956e-02 7.5639735761422510e-03 1.1789330545539248e-01 5.8387763198916209e-01 8.8411195536692044e-01] | compiled = 4.30723e+02 | higher precision = 4.30723e+02
| >     momentum space  : k = [[1.5510067285466739e+01, 1.8855559947614091e+00, 6.5738203690586454e+02]; [-8.2265791044449472e+01, -4.7872044474115157e+01, -2.4977907995107381e+02]]
| > Example unstable xs = [3.9920422286985552e-01 4.6207242265265575e-01 2.1903351813005502e-09 8.0889503796212459e-02 7.6799941403647265e-01 7.5650221262021880e-02]
| >     momentum space  : k = [[-8.8860437550255776e-06, 2.1586154694590237e-06, 1.3289182050405120e+03]; [4.6766024140998237e+00, -4.1175141562071751e+01, 1.7106927440814647e+02]]
| > Example higher-precision rejection xs = [3.9920422286985552e-01 4.6207242265265575e-01 2.1903351813005502e-09 8.0889503796212459e-02 7.6799941403647265e-01 7.5650221262021880e-02] | reason = higher-precision original/rotated pair disagrees
| >     momentum space  : k = [[-8.8860437550255776e-06, 2.1586154694590237e-06, 1.3289182050405120e+03]; [4.6766024140998237e+00, -4.1175141562071751e+01, 1.7106927440814647e+02]]
| > [92mCentral value[0m : +4.9629628637451395e-08   +/- 9.58e-11     ([92m0.193%[0m)
[92mINFO[0m [94msymbolica_integrator l.6781[0m [96mt=2026-09-01,22:50:31.659[0m > | > Graph-channel Symbolica observer estimates:
| >   graph_0     : 1.3057409481645815e-09 +/- 3.75e-12 [15928 selected]
| >   graph_1     : 2.3149672056801151e-09 +/- 6.31e-12 [29350 selected]
| >   graph_2     : 2.2375478646011145e-08 +/- 2.92e-11 [167589 selected]
| >   graph_3     : 6.2527635118839592e-11 +/- 9.19e-13 [3767 selected]
| >   graph_4     : -3.1097603693812991e-09 +/- 7.37e-12 [31493 selected]
| >   graph_5     : 3.6292626975901425e-10 +/- 2.49e-12 [9621 selected]
| >   graph_6     : 7.4105609408542162e-08 +/- 6.93e-11 [380215 selected]
| >   graph_7     : -2.2919621617454819e-09 +/- 4.83e-12 [23269 selected]
| >   graph_8     : -4.7671496178710224e-08 +/- 5.72e-11 [293542 selected]
| >   graph_9     : 1.9703681249406886e-09 +/- 4.44e-12 [20720 selected]
| >   graph_10    : 2.0522910907224872e-10 +/- 4.88e-12 [24506 selected]
| >   sum         : 4.9629628637451792e-08
| >   total       : 4.9629628637451395e-08
| >   difference  : 3.9704669402545328e-22
[92mINFO[0m [94msymbolica_integrator l.6744[0m [96mt=2026-09-01,22:50:31.749[0m > Symbolica integration: starting iteration [92m75/100[0m using [94m1000000[0m points ...
[92mINFO[0m [94msymbolica_integrator l.6777[0m [96mt=2026-09-01,22:52:33.649[0m > ... result after this iteration:
| > Integration result after [92m75000000[0m evaluations in [92m111307.37 CPU-s[0m [94m(1484.1 µs / eval)[0m
| > Extremal weights:
| >   with jacobian    : 6.07958e+02 at xs = [2.7807442678925393e-01 1.1354113945739913e-01 6.0802850114241381e-03 1.4837041396525982e-01 5.9942638400086801e-01 9.2629881873517494e-01] | jacobian = 1.30217e+18
| >     momentum space  : k = [[1.1126253467559630e+01, 9.6293043349024412e+00, 7.7022814272072014e+02]; [-6.4856580595199858e+01, -4.6764854095292392e+01, -3.3914053125240025e+02]]
| >   without jacobian : 3.77968e-11 at xs = [1.3006825908305571e-06 5.4847100637504809e-01 6.9554271691009018e-03 1.9790512586524156e-01 3.1458153711418047e-01 7.2849435893380698e-01] | jacobian = 6.56996e+07
| >     momentum space  : k = [[-5.4222665857190135e-05, -1.7043877752225761e-05, 2.6007475503847040e-03]; [-1.4672134754180379e+02, 3.4151381268913622e+02, -3.2458344211843064e+02]]
| >   before clipping   : 6.07958e+02 at xs = [2.7807442678925393e-01 1.1354113945739913e-01 6.0802850114241381e-03 1.4837041396525982e-01 5.9942638400086801e-01 9.2629881873517494e-01]
| >     momentum space  : k = [[1.1126253467559630e+01, 9.6293043349024412e+00, 7.7022814272072014e+02]; [-6.4856580595199858e+01, -4.6764854095292392e+01, -3.3914053125240025e+02]]
| > Stability pipeline: float pairs accepted = 74868151, HP pairs attempted/accepted = 131849/131847
| > Stability triggers: float mismatch = 126063, float non-finite/error = 2
| > Higher-precision rejections: disagreement = 2, non-finite = 0, error = 0
| > Unstable rotational-check points rejected = 2
| > Rotational-check high-precision retries = 126065
| > Rotational-check high-precision salvaged = 126063
| > Large-weight high-precision retries = 5784
| > Large-weight high-precision salvaged = 5784
| > Large-weight high-precision rejected = 0
| > Large-weight samples zeroed = 0 (0.000e+00 of samples; removed signed/absolute sums = 0.00000e+00/0.00000e+00)
| > Non-finite final outputs zeroed = 0
| > Non-finite float rotated evaluations seen = 0
| > Example higher-precision-retried xs = [1.1737056346071351e-01 6.8210704234608166e-01 1.3637080159835113e-03 4.3066148777310964e-01 4.3356886191813082e-01 5.9829937939858402e-01] | float rel = 3.97127e-06
| >     momentum space  : k = [[-4.7144688033663129e-01, -1.0373028020352817e+00, 2.6595416256139868e+02]; [-1.3175423952853735e+03, 5.8427290965667441e+02, -4.5980225484447061e+02]]
| > Example large-weight higher-precision-retried xs = [2.4743214951097262e-01 1.9253954976410956e-02 7.5639735761422510e-03 1.1789330545539248e-01 5.8387763198916209e-01 8.8411195536692044e-01] | compiled = 4.30723e+02 | higher precision = 4.30723e+02
| >     momentum space  : k = [[1.5510067285466739e+01, 1.8855559947614091e+00, 6.5738203690586454e+02]; [-8.2265791044449472e+01, -4.7872044474115157e+01, -2.4977907995107381e+02]]
| > Example unstable xs = [3.9920422286985552e-01 4.6207242265265575e-01 2.1903351813005502e-09 8.0889503796212459e-02 7.6799941403647265e-01 7.5650221262021880e-02]
| >     momentum space  : k = [[-8.8860437550255776e-06, 2.1586154694590237e-06, 1.3289182050405120e+03]; [4.6766024140998237e+00, -4.1175141562071751e+01, 1.7106927440814647e+02]]
| > Example higher-precision rejection xs = [3.9920422286985552e-01 4.6207242265265575e-01 2.1903351813005502e-09 8.0889503796212459e-02 7.6799941403647265e-01 7.5650221262021880e-02] | reason = higher-precision original/rotated pair disagrees
| >     momentum space  : k = [[-8.8860437550255776e-06, 2.1586154694590237e-06, 1.3289182050405120e+03]; [4.6766024140998237e+00, -4.1175141562071751e+01, 1.7106927440814647e+02]]
| > [92mCentral value[0m : +4.9627250536781586e-08   +/- 9.47e-11     ([92m0.191%[0m)
[92mINFO[0m [94msymbolica_integrator l.6781[0m [96mt=2026-09-01,22:52:33.649[0m > | > Graph-channel Symbolica observer estimates:
| >   graph_0     : 1.3053001725754373e-09 +/- 3.72e-12 [15739 selected]
| >   graph_1     : 2.3154412719807076e-09 +/- 6.26e-12 [28842 selected]
| >   graph_2     : 2.2375751258405726e-08 +/- 2.88e-11 [166577 selected]
| >   graph_3     : 6.2503453877502081e-11 +/- 9.10e-13 [3773 selected]
| >   graph_4     : -3.1090186189353256e-09 +/- 7.31e-12 [31498 selected]
| >   graph_5     : 3.6290993445135794e-10 +/- 2.47e-12 [9729 selected]
| >   graph_6     : 7.4105407575611068e-08 +/- 6.84e-11 [383256 selected]
| >   graph_7     : -2.2924783288454491e-09 +/- 4.79e-12 [23364 selected]
| >   graph_8     : -4.7672468855305695e-08 +/- 5.65e-11 [291833 selected]
| >   graph_9     : 1.9704618008135474e-09 +/- 4.40e-12 [20533 selected]
| >   graph_10    : 2.0344087215307860e-10 +/- 5.19e-12 [24856 selected]
| >   sum         : 4.9627250536781956e-08
| >   total       : 4.9627250536781586e-08
| >   difference  : 3.7057691442375640e-22
[92mINFO[0m [94msymbolica_integrator l.6744[0m [96mt=2026-09-01,22:52:33.677[0m > Symbolica integration: starting iteration [92m76/100[0m using [94m1000000[0m points ...
[92mINFO[0m [94msymbolica_integrator l.6777[0m [96mt=2026-09-01,22:54:20.906[0m > ... result after this iteration:
| > Integration result after [92m76000000[0m evaluations in [92m113456.61 CPU-s[0m [94m(1492.9 µs / eval)[0m
| > Extremal weights:
| >   with jacobian    : 6.07958e+02 at xs = [2.7807442678925393e-01 1.1354113945739913e-01 6.0802850114241381e-03 1.4837041396525982e-01 5.9942638400086801e-01 9.2629881873517494e-01] | jacobian = 1.30217e+18
| >     momentum space  : k = [[1.1126253467559630e+01, 9.6293043349024412e+00, 7.7022814272072014e+02]; [-6.4856580595199858e+01, -4.6764854095292392e+01, -3.3914053125240025e+02]]
| >   without jacobian : 3.77968e-11 at xs = [1.3006825908305571e-06 5.4847100637504809e-01 6.9554271691009018e-03 1.9790512586524156e-01 3.1458153711418047e-01 7.2849435893380698e-01] | jacobian = 6.56996e+07
| >     momentum space  : k = [[-5.4222665857190135e-05, -1.7043877752225761e-05, 2.6007475503847040e-03]; [-1.4672134754180379e+02, 3.4151381268913622e+02, -3.2458344211843064e+02]]
| >   before clipping   : 6.07958e+02 at xs = [2.7807442678925393e-01 1.1354113945739913e-01 6.0802850114241381e-03 1.4837041396525982e-01 5.9942638400086801e-01 9.2629881873517494e-01]
| >     momentum space  : k = [[1.1126253467559630e+01, 9.6293043349024412e+00, 7.7022814272072014e+02]; [-6.4856580595199858e+01, -4.6764854095292392e+01, -3.3914053125240025e+02]]
| > Stability pipeline: float pairs accepted = 75866349, HP pairs attempted/accepted = 133651/133649
| > Stability triggers: float mismatch = 127765, float non-finite/error = 2
| > Higher-precision rejections: disagreement = 2, non-finite = 0, error = 0
| > Unstable rotational-check points rejected = 2
| > Rotational-check high-precision retries = 127767
| > Rotational-check high-precision salvaged = 127765
| > Large-weight high-precision retries = 5884
| > Large-weight high-precision salvaged = 5884
| > Large-weight high-precision rejected = 0
| > Large-weight samples zeroed = 0 (0.000e+00 of samples; removed signed/absolute sums = 0.00000e+00/0.00000e+00)
| > Non-finite final outputs zeroed = 0
| > Non-finite float rotated evaluations seen = 0
| > Example higher-precision-retried xs = [1.1737056346071351e-01 6.8210704234608166e-01 1.3637080159835113e-03 4.3066148777310964e-01 4.3356886191813082e-01 5.9829937939858402e-01] | float rel = 3.97127e-06
| >     momentum space  : k = [[-4.7144688033663129e-01, -1.0373028020352817e+00, 2.6595416256139868e+02]; [-1.3175423952853735e+03, 5.8427290965667441e+02, -4.5980225484447061e+02]]
| > Example large-weight higher-precision-retried xs = [2.4743214951097262e-01 1.9253954976410956e-02 7.5639735761422510e-03 1.1789330545539248e-01 5.8387763198916209e-01 8.8411195536692044e-01] | compiled = 4.30723e+02 | higher precision = 4.30723e+02
| >     momentum space  : k = [[1.5510067285466739e+01, 1.8855559947614091e+00, 6.5738203690586454e+02]; [-8.2265791044449472e+01, -4.7872044474115157e+01, -2.4977907995107381e+02]]
| > Example unstable xs = [3.9920422286985552e-01 4.6207242265265575e-01 2.1903351813005502e-09 8.0889503796212459e-02 7.6799941403647265e-01 7.5650221262021880e-02]
| >     momentum space  : k = [[-8.8860437550255776e-06, 2.1586154694590237e-06, 1.3289182050405120e+03]; [4.6766024140998237e+00, -4.1175141562071751e+01, 1.7106927440814647e+02]]
| > Example higher-precision rejection xs = [3.9920422286985552e-01 4.6207242265265575e-01 2.1903351813005502e-09 8.0889503796212459e-02 7.6799941403647265e-01 7.5650221262021880e-02] | reason = higher-precision original/rotated pair disagrees
| >     momentum space  : k = [[-8.8860437550255776e-06, 2.1586154694590237e-06, 1.3289182050405120e+03]; [4.6766024140998237e+00, -4.1175141562071751e+01, 1.7106927440814647e+02]]
| > [92mCentral value[0m : +4.9628180686670510e-08   +/- 9.35e-11     ([92m0.188%[0m)
[92mINFO[0m [94msymbolica_integrator l.6781[0m [96mt=2026-09-01,22:54:20.906[0m > | > Graph-channel Symbolica observer estimates:
| >   graph_0     : 1.3049925201634882e-09 +/- 3.69e-12 [16114 selected]
| >   graph_1     : 2.3157559613801517e-09 +/- 6.21e-12 [29069 selected]
| >   graph_2     : 2.2378222583505865e-08 +/- 2.85e-11 [166511 selected]
| >   graph_3     : 6.2523270991407870e-11 +/- 9.02e-13 [3836 selected]
| >   graph_4     : -3.1086238654235373e-09 +/- 7.25e-12 [31063 selected]
| >   graph_5     : 3.6290164288869045e-10 +/- 2.46e-12 [9389 selected]
| >   graph_6     : 7.4105453865628129e-08 +/- 6.76e-11 [383940 selected]
| >   graph_7     : -2.2925304519468319e-09 +/- 4.76e-12 [22970 selected]
| >   graph_8     : -4.7674883105804653e-08 +/- 5.58e-11 [291263 selected]
| >   graph_9     : 1.9706955510976857e-09 +/- 4.37e-12 [20460 selected]
| >   graph_10    : 2.0367271419047236e-10 +/- 5.15e-12 [25385 selected]
| >   sum         : 4.9628180686670867e-08
| >   total       : 4.9628180686670510e-08
| >   difference  : 3.5734202462290796e-22
[92mINFO[0m [94msymbolica_integrator l.6744[0m [96mt=2026-09-01,22:54:20.906[0m > Symbolica integration: starting iteration [92m77/100[0m using [94m1000000[0m points ...
[92mINFO[0m [94msymbolica_integrator l.6777[0m [96mt=2026-09-01,22:56:07.758[0m > ... result after this iteration:
| > Integration result after [92m77000000[0m evaluations in [92m115731.37 CPU-s[0m [94m(1503.0 µs / eval)[0m
| > Extremal weights:
| >   with jacobian    : 6.07958e+02 at xs = [2.7807442678925393e-01 1.1354113945739913e-01 6.0802850114241381e-03 1.4837041396525982e-01 5.9942638400086801e-01 9.2629881873517494e-01] | jacobian = 1.30217e+18
| >     momentum space  : k = [[1.1126253467559630e+01, 9.6293043349024412e+00, 7.7022814272072014e+02]; [-6.4856580595199858e+01, -4.6764854095292392e+01, -3.3914053125240025e+02]]
| >   without jacobian : 3.77968e-11 at xs = [1.3006825908305571e-06 5.4847100637504809e-01 6.9554271691009018e-03 1.9790512586524156e-01 3.1458153711418047e-01 7.2849435893380698e-01] | jacobian = 6.56996e+07
| >     momentum space  : k = [[-5.4222665857190135e-05, -1.7043877752225761e-05, 2.6007475503847040e-03]; [-1.4672134754180379e+02, 3.4151381268913622e+02, -3.2458344211843064e+02]]
| >   before clipping   : 6.07958e+02 at xs = [2.7807442678925393e-01 1.1354113945739913e-01 6.0802850114241381e-03 1.4837041396525982e-01 5.9942638400086801e-01 9.2629881873517494e-01]
| >     momentum space  : k = [[1.1126253467559630e+01, 9.6293043349024412e+00, 7.7022814272072014e+02]; [-6.4856580595199858e+01, -4.6764854095292392e+01, -3.3914053125240025e+02]]
| > Stability pipeline: float pairs accepted = 76864641, HP pairs attempted/accepted = 135359/135357
| > Stability triggers: float mismatch = 129393, float non-finite/error = 2
| > Higher-precision rejections: disagreement = 2, non-finite = 0, error = 0
| > Unstable rotational-check points rejected = 2
| > Rotational-check high-precision retries = 129395
| > Rotational-check high-precision salvaged = 129393
| > Large-weight high-precision retries = 5964
| > Large-weight high-precision salvaged = 5964
| > Large-weight high-precision rejected = 0
| > Large-weight samples zeroed = 0 (0.000e+00 of samples; removed signed/absolute sums = 0.00000e+00/0.00000e+00)
| > Non-finite final outputs zeroed = 0
| > Non-finite float rotated evaluations seen = 0
| > Example higher-precision-retried xs = [1.1737056346071351e-01 6.8210704234608166e-01 1.3637080159835113e-03 4.3066148777310964e-01 4.3356886191813082e-01 5.9829937939858402e-01] | float rel = 3.97127e-06
| >     momentum space  : k = [[-4.7144688033663129e-01, -1.0373028020352817e+00, 2.6595416256139868e+02]; [-1.3175423952853735e+03, 5.8427290965667441e+02, -4.5980225484447061e+02]]
| > Example large-weight higher-precision-retried xs = [2.4743214951097262e-01 1.9253954976410956e-02 7.5639735761422510e-03 1.1789330545539248e-01 5.8387763198916209e-01 8.8411195536692044e-01] | compiled = 4.30723e+02 | higher precision = 4.30723e+02
| >     momentum space  : k = [[1.5510067285466739e+01, 1.8855559947614091e+00, 6.5738203690586454e+02]; [-8.2265791044449472e+01, -4.7872044474115157e+01, -2.4977907995107381e+02]]
| > Example unstable xs = [3.9920422286985552e-01 4.6207242265265575e-01 2.1903351813005502e-09 8.0889503796212459e-02 7.6799941403647265e-01 7.5650221262021880e-02]
| >     momentum space  : k = [[-8.8860437550255776e-06, 2.1586154694590237e-06, 1.3289182050405120e+03]; [4.6766024140998237e+00, -4.1175141562071751e+01, 1.7106927440814647e+02]]
| > Example higher-precision rejection xs = [3.9920422286985552e-01 4.6207242265265575e-01 2.1903351813005502e-09 8.0889503796212459e-02 7.6799941403647265e-01 7.5650221262021880e-02] | reason = higher-precision original/rotated pair disagrees
| >     momentum space  : k = [[-8.8860437550255776e-06, 2.1586154694590237e-06, 1.3289182050405120e+03]; [4.6766024140998237e+00, -4.1175141562071751e+01, 1.7106927440814647e+02]]
| > [92mCentral value[0m : +4.9640180950932197e-08   +/- 9.24e-11     ([92m0.186%[0m)
[92mINFO[0m [94msymbolica_integrator l.6781[0m [96mt=2026-09-01,22:56:07.758[0m > | > Graph-channel Symbolica observer estimates:
| >   graph_0     : 1.3048876261743767e-09 +/- 3.67e-12 [15701 selected]
| >   graph_1     : 2.3155475078797609e-09 +/- 6.16e-12 [28826 selected]
| >   graph_2     : 2.2381108232763914e-08 +/- 2.82e-11 [166556 selected]
| >   graph_3     : 6.2552915882022754e-11 +/- 8.95e-13 [3801 selected]
| >   graph_4     : -3.1074499763256488e-09 +/- 7.19e-12 [31507 selected]
| >   graph_5     : 3.6311037320225112e-10 +/- 2.44e-12 [9601 selected]
| >   graph_6     : 7.4109164004796223e-08 +/- 6.68e-11 [384309 selected]
| >   graph_7     : -2.2925051844457347e-09 +/- 4.72e-12 [23229 selected]
| >   graph_8     : -4.7671208116542136e-08 +/- 5.51e-11 [290524 selected]
| >   graph_9     : 1.9711156852881304e-09 +/- 4.33e-12 [20832 selected]
| >   graph_10    : 2.0385788225936177e-10 +/- 5.10e-12 [25114 selected]
| >   sum         : 4.9640180950932521e-08
| >   total       : 4.9640180950932197e-08
| >   difference  : 3.2425480012078685e-22
[92mINFO[0m [94msymbolica_integrator l.6744[0m [96mt=2026-09-01,22:56:07.862[0m > Symbolica integration: starting iteration [92m78/100[0m using [94m1000000[0m points ...
[92mINFO[0m [94msymbolica_integrator l.6777[0m [96mt=2026-09-01,22:57:43.477[0m > ... result after this iteration:
| > Integration result after [92m78000000[0m evaluations in [92m117639.73 CPU-s[0m [94m(1508.2 µs / eval)[0m
| > Extremal weights:
| >   with jacobian    : 6.07958e+02 at xs = [2.7807442678925393e-01 1.1354113945739913e-01 6.0802850114241381e-03 1.4837041396525982e-01 5.9942638400086801e-01 9.2629881873517494e-01] | jacobian = 1.30217e+18
| >     momentum space  : k = [[1.1126253467559630e+01, 9.6293043349024412e+00, 7.7022814272072014e+02]; [-6.4856580595199858e+01, -4.6764854095292392e+01, -3.3914053125240025e+02]]
| >   without jacobian : 3.77968e-11 at xs = [1.3006825908305571e-06 5.4847100637504809e-01 6.9554271691009018e-03 1.9790512586524156e-01 3.1458153711418047e-01 7.2849435893380698e-01] | jacobian = 6.56996e+07
| >     momentum space  : k = [[-5.4222665857190135e-05, -1.7043877752225761e-05, 2.6007475503847040e-03]; [-1.4672134754180379e+02, 3.4151381268913622e+02, -3.2458344211843064e+02]]
| >   before clipping   : 6.07958e+02 at xs = [2.7807442678925393e-01 1.1354113945739913e-01 6.0802850114241381e-03 1.4837041396525982e-01 5.9942638400086801e-01 9.2629881873517494e-01]
| >     momentum space  : k = [[1.1126253467559630e+01, 9.6293043349024412e+00, 7.7022814272072014e+02]; [-6.4856580595199858e+01, -4.6764854095292392e+01, -3.3914053125240025e+02]]
| > Stability pipeline: float pairs accepted = 77862911, HP pairs attempted/accepted = 137089/137087
| > Stability triggers: float mismatch = 131031, float non-finite/error = 2
| > Higher-precision rejections: disagreement = 2, non-finite = 0, error = 0
| > Unstable rotational-check points rejected = 2
| > Rotational-check high-precision retries = 131033
| > Rotational-check high-precision salvaged = 131031
| > Large-weight high-precision retries = 6056
| > Large-weight high-precision salvaged = 6056
| > Large-weight high-precision rejected = 0
| > Large-weight samples zeroed = 0 (0.000e+00 of samples; removed signed/absolute sums = 0.00000e+00/0.00000e+00)
| > Non-finite final outputs zeroed = 0
| > Non-finite float rotated evaluations seen = 0
| > Example higher-precision-retried xs = [1.1737056346071351e-01 6.8210704234608166e-01 1.3637080159835113e-03 4.3066148777310964e-01 4.3356886191813082e-01 5.9829937939858402e-01] | float rel = 3.97127e-06
| >     momentum space  : k = [[-4.7144688033663129e-01, -1.0373028020352817e+00, 2.6595416256139868e+02]; [-1.3175423952853735e+03, 5.8427290965667441e+02, -4.5980225484447061e+02]]
| > Example large-weight higher-precision-retried xs = [2.4743214951097262e-01 1.9253954976410956e-02 7.5639735761422510e-03 1.1789330545539248e-01 5.8387763198916209e-01 8.8411195536692044e-01] | compiled = 4.30723e+02 | higher precision = 4.30723e+02
| >     momentum space  : k = [[1.5510067285466739e+01, 1.8855559947614091e+00, 6.5738203690586454e+02]; [-8.2265791044449472e+01, -4.7872044474115157e+01, -2.4977907995107381e+02]]
| > Example unstable xs = [3.9920422286985552e-01 4.6207242265265575e-01 2.1903351813005502e-09 8.0889503796212459e-02 7.6799941403647265e-01 7.5650221262021880e-02]
| >     momentum space  : k = [[-8.8860437550255776e-06, 2.1586154694590237e-06, 1.3289182050405120e+03]; [4.6766024140998237e+00, -4.1175141562071751e+01, 1.7106927440814647e+02]]
| > Example higher-precision rejection xs = [3.9920422286985552e-01 4.6207242265265575e-01 2.1903351813005502e-09 8.0889503796212459e-02 7.6799941403647265e-01 7.5650221262021880e-02] | reason = higher-precision original/rotated pair disagrees
| >     momentum space  : k = [[-8.8860437550255776e-06, 2.1586154694590237e-06, 1.3289182050405120e+03]; [4.6766024140998237e+00, -4.1175141562071751e+01, 1.7106927440814647e+02]]
| > [92mCentral value[0m : +4.9648443337437797e-08   +/- 9.14e-11     ([92m0.184%[0m)
[92mINFO[0m [94msymbolica_integrator l.6781[0m [96mt=2026-09-01,22:57:43.478[0m > | > Graph-channel Symbolica observer estimates:
| >   graph_0     : 1.3048540918207043e-09 +/- 3.65e-12 [15936 selected]
| >   graph_1     : 2.3161798016359011e-09 +/- 6.11e-12 [28997 selected]
| >   graph_2     : 2.2382094084685737e-08 +/- 2.79e-11 [166223 selected]
| >   graph_3     : 6.2593152941849104e-11 +/- 8.87e-13 [3971 selected]
| >   graph_4     : -3.1080976168517599e-09 +/- 7.13e-12 [31531 selected]
| >   graph_5     : 3.6299184182821725e-10 +/- 2.42e-12 [9420 selected]
| >   graph_6     : 7.4110804118818564e-08 +/- 6.60e-11 [383887 selected]
| >   graph_7     : -2.2927707827300760e-09 +/- 4.68e-12 [22888 selected]
| >   graph_8     : -4.7664577003217234e-08 +/- 5.45e-11 [291654 selected]
| >   graph_9     : 1.9710348335160240e-09 +/- 4.30e-12 [20437 selected]
| >   graph_10    : 2.0333681499022293e-10 +/- 5.05e-12 [25056 selected]
| >   sum         : 4.9648443337438148e-08
| >   total       : 4.9648443337437797e-08
| >   difference  : 3.5072457972248373e-22
[92mINFO[0m [94msymbolica_integrator l.6744[0m [96mt=2026-09-01,22:57:43.504[0m > Symbolica integration: starting iteration [92m79/100[0m using [94m1000000[0m points ...
[92mINFO[0m [94msymbolica_integrator l.6777[0m [96mt=2026-09-01,22:59:48.432[0m > ... result after this iteration:
| > Integration result after [92m79000000[0m evaluations in [92m120157.00 CPU-s[0m [94m(1521.0 µs / eval)[0m
| > Extremal weights:
| >   with jacobian    : 6.07958e+02 at xs = [2.7807442678925393e-01 1.1354113945739913e-01 6.0802850114241381e-03 1.4837041396525982e-01 5.9942638400086801e-01 9.2629881873517494e-01] | jacobian = 1.30217e+18
| >     momentum space  : k = [[1.1126253467559630e+01, 9.6293043349024412e+00, 7.7022814272072014e+02]; [-6.4856580595199858e+01, -4.6764854095292392e+01, -3.3914053125240025e+02]]
| >   without jacobian : 3.77968e-11 at xs = [1.3006825908305571e-06 5.4847100637504809e-01 6.9554271691009018e-03 1.9790512586524156e-01 3.1458153711418047e-01 7.2849435893380698e-01] | jacobian = 6.56996e+07
| >     momentum space  : k = [[-5.4222665857190135e-05, -1.7043877752225761e-05, 2.6007475503847040e-03]; [-1.4672134754180379e+02, 3.4151381268913622e+02, -3.2458344211843064e+02]]
| >   before clipping   : 6.07958e+02 at xs = [2.7807442678925393e-01 1.1354113945739913e-01 6.0802850114241381e-03 1.4837041396525982e-01 5.9942638400086801e-01 9.2629881873517494e-01]
| >     momentum space  : k = [[1.1126253467559630e+01, 9.6293043349024412e+00, 7.7022814272072014e+02]; [-6.4856580595199858e+01, -4.6764854095292392e+01, -3.3914053125240025e+02]]
| > Stability pipeline: float pairs accepted = 78861101, HP pairs attempted/accepted = 138899/138897
| > Stability triggers: float mismatch = 132743, float non-finite/error = 2
| > Higher-precision rejections: disagreement = 2, non-finite = 0, error = 0
| > Unstable rotational-check points rejected = 2
| > Rotational-check high-precision retries = 132745
| > Rotational-check high-precision salvaged = 132743
| > Large-weight high-precision retries = 6154
| > Large-weight high-precision salvaged = 6154
| > Large-weight high-precision rejected = 0
| > Large-weight samples zeroed = 0 (0.000e+00 of samples; removed signed/absolute sums = 0.00000e+00/0.00000e+00)
| > Non-finite final outputs zeroed = 0
| > Non-finite float rotated evaluations seen = 0
| > Example higher-precision-retried xs = [1.1737056346071351e-01 6.8210704234608166e-01 1.3637080159835113e-03 4.3066148777310964e-01 4.3356886191813082e-01 5.9829937939858402e-01] | float rel = 3.97127e-06
| >     momentum space  : k = [[-4.7144688033663129e-01, -1.0373028020352817e+00, 2.6595416256139868e+02]; [-1.3175423952853735e+03, 5.8427290965667441e+02, -4.5980225484447061e+02]]
| > Example large-weight higher-precision-retried xs = [2.4743214951097262e-01 1.9253954976410956e-02 7.5639735761422510e-03 1.1789330545539248e-01 5.8387763198916209e-01 8.8411195536692044e-01] | compiled = 4.30723e+02 | higher precision = 4.30723e+02
| >     momentum space  : k = [[1.5510067285466739e+01, 1.8855559947614091e+00, 6.5738203690586454e+02]; [-8.2265791044449472e+01, -4.7872044474115157e+01, -2.4977907995107381e+02]]
| > Example unstable xs = [3.9920422286985552e-01 4.6207242265265575e-01 2.1903351813005502e-09 8.0889503796212459e-02 7.6799941403647265e-01 7.5650221262021880e-02]
| >     momentum space  : k = [[-8.8860437550255776e-06, 2.1586154694590237e-06, 1.3289182050405120e+03]; [4.6766024140998237e+00, -4.1175141562071751e+01, 1.7106927440814647e+02]]
| > Example higher-precision rejection xs = [3.9920422286985552e-01 4.6207242265265575e-01 2.1903351813005502e-09 8.0889503796212459e-02 7.6799941403647265e-01 7.5650221262021880e-02] | reason = higher-precision original/rotated pair disagrees
| >     momentum space  : k = [[-8.8860437550255776e-06, 2.1586154694590237e-06, 1.3289182050405120e+03]; [4.6766024140998237e+00, -4.1175141562071751e+01, 1.7106927440814647e+02]]
| > [92mCentral value[0m : +4.9652221052545002e-08   +/- 9.03e-11     ([92m0.182%[0m)
[92mINFO[0m [94msymbolica_integrator l.6781[0m [96mt=2026-09-01,22:59:48.433[0m > | > Graph-channel Symbolica observer estimates:
| >   graph_0     : 1.3052900217155751e-09 +/- 3.62e-12 [15858 selected]
| >   graph_1     : 2.3155530911616075e-09 +/- 6.08e-12 [28741 selected]
| >   graph_2     : 2.2383683592648047e-08 +/- 2.76e-11 [166664 selected]
| >   graph_3     : 6.2787171730436436e-11 +/- 8.89e-13 [3847 selected]
| >   graph_4     : -3.1084992897673039e-09 +/- 7.08e-12 [31515 selected]
| >   graph_5     : 3.6334772049878765e-10 +/- 2.40e-12 [9688 selected]
| >   graph_6     : 7.4109483132788902e-08 +/- 6.52e-11 [383935 selected]
| >   graph_7     : -2.2922493919059554e-09 +/- 4.64e-12 [22811 selected]
| >   graph_8     : -4.7661415414390973e-08 +/- 5.38e-11 [291202 selected]
| >   graph_9     : 1.9708182665863484e-09 +/- 4.27e-12 [20519 selected]
| >   graph_10    : 2.0342215147989024e-10 +/- 5.01e-12 [25220 selected]
| >   sum         : 4.9652221052545366e-08
| >   total       : 4.9652221052545002e-08
| >   difference  : 3.6395946952333218e-22
[92mINFO[0m [94msymbolica_integrator l.6744[0m [96mt=2026-09-01,22:59:48.452[0m > Symbolica integration: starting iteration [92m80/100[0m using [94m1000000[0m points ...
[92mINFO[0m [94msymbolica_integrator l.6777[0m [96mt=2026-09-01,23:01:34.003[0m > ... result after this iteration:
| > Integration result after [92m80000000[0m evaluations in [92m122501.01 CPU-s[0m [94m(1531.3 µs / eval)[0m
| > Extremal weights:
| >   with jacobian    : 6.07958e+02 at xs = [2.7807442678925393e-01 1.1354113945739913e-01 6.0802850114241381e-03 1.4837041396525982e-01 5.9942638400086801e-01 9.2629881873517494e-01] | jacobian = 1.30217e+18
| >     momentum space  : k = [[1.1126253467559630e+01, 9.6293043349024412e+00, 7.7022814272072014e+02]; [-6.4856580595199858e+01, -4.6764854095292392e+01, -3.3914053125240025e+02]]
| >   without jacobian : 3.77968e-11 at xs = [1.3006825908305571e-06 5.4847100637504809e-01 6.9554271691009018e-03 1.9790512586524156e-01 3.1458153711418047e-01 7.2849435893380698e-01] | jacobian = 6.56996e+07
| >     momentum space  : k = [[-5.4222665857190135e-05, -1.7043877752225761e-05, 2.6007475503847040e-03]; [-1.4672134754180379e+02, 3.4151381268913622e+02, -3.2458344211843064e+02]]
| >   before clipping   : 6.07958e+02 at xs = [2.7807442678925393e-01 1.1354113945739913e-01 6.0802850114241381e-03 1.4837041396525982e-01 5.9942638400086801e-01 9.2629881873517494e-01]
| >     momentum space  : k = [[1.1126253467559630e+01, 9.6293043349024412e+00, 7.7022814272072014e+02]; [-6.4856580595199858e+01, -4.6764854095292392e+01, -3.3914053125240025e+02]]
| > Stability pipeline: float pairs accepted = 79859335, HP pairs attempted/accepted = 140665/140663
| > Stability triggers: float mismatch = 134421, float non-finite/error = 2
| > Higher-precision rejections: disagreement = 2, non-finite = 0, error = 0
| > Unstable rotational-check points rejected = 2
| > Rotational-check high-precision retries = 134423
| > Rotational-check high-precision salvaged = 134421
| > Large-weight high-precision retries = 6242
| > Large-weight high-precision salvaged = 6242
| > Large-weight high-precision rejected = 0
| > Large-weight samples zeroed = 0 (0.000e+00 of samples; removed signed/absolute sums = 0.00000e+00/0.00000e+00)
| > Non-finite final outputs zeroed = 0
| > Non-finite float rotated evaluations seen = 0
| > Example higher-precision-retried xs = [1.1737056346071351e-01 6.8210704234608166e-01 1.3637080159835113e-03 4.3066148777310964e-01 4.3356886191813082e-01 5.9829937939858402e-01] | float rel = 3.97127e-06
| >     momentum space  : k = [[-4.7144688033663129e-01, -1.0373028020352817e+00, 2.6595416256139868e+02]; [-1.3175423952853735e+03, 5.8427290965667441e+02, -4.5980225484447061e+02]]
| > Example large-weight higher-precision-retried xs = [2.4743214951097262e-01 1.9253954976410956e-02 7.5639735761422510e-03 1.1789330545539248e-01 5.8387763198916209e-01 8.8411195536692044e-01] | compiled = 4.30723e+02 | higher precision = 4.30723e+02
| >     momentum space  : k = [[1.5510067285466739e+01, 1.8855559947614091e+00, 6.5738203690586454e+02]; [-8.2265791044449472e+01, -4.7872044474115157e+01, -2.4977907995107381e+02]]
| > Example unstable xs = [3.9920422286985552e-01 4.6207242265265575e-01 2.1903351813005502e-09 8.0889503796212459e-02 7.6799941403647265e-01 7.5650221262021880e-02]
| >     momentum space  : k = [[-8.8860437550255776e-06, 2.1586154694590237e-06, 1.3289182050405120e+03]; [4.6766024140998237e+00, -4.1175141562071751e+01, 1.7106927440814647e+02]]
| > Example higher-precision rejection xs = [3.9920422286985552e-01 4.6207242265265575e-01 2.1903351813005502e-09 8.0889503796212459e-02 7.6799941403647265e-01 7.5650221262021880e-02] | reason = higher-precision original/rotated pair disagrees
| >     momentum space  : k = [[-8.8860437550255776e-06, 2.1586154694590237e-06, 1.3289182050405120e+03]; [4.6766024140998237e+00, -4.1175141562071751e+01, 1.7106927440814647e+02]]
| > [92mCentral value[0m : +4.9650775288087529e-08   +/- 8.93e-11     ([92m0.180%[0m)
[92mINFO[0m [94msymbolica_integrator l.6781[0m [96mt=2026-09-01,23:01:34.004[0m > | > Graph-channel Symbolica observer estimates:
| >   graph_0     : 1.3058067459411212e-09 +/- 3.60e-12 [15777 selected]
| >   graph_1     : 2.3145102749680586e-09 +/- 6.04e-12 [28757 selected]
| >   graph_2     : 2.2384057344208658e-08 +/- 2.73e-11 [166257 selected]
| >   graph_3     : 6.2698524874453353e-11 +/- 8.80e-13 [3817 selected]
| >   graph_4     : -3.1087002585425302e-09 +/- 7.03e-12 [31380 selected]
| >   graph_5     : 3.6323641553971491e-10 +/- 2.38e-12 [9529 selected]
| >   graph_6     : 7.4109710883037989e-08 +/- 6.45e-11 [384964 selected]
| >   graph_7     : -2.2917106792416407e-09 +/- 4.61e-12 [22866 selected]
| >   graph_8     : -4.7662708824569409e-08 +/- 5.32e-11 [291430 selected]
| >   graph_9     : 1.9707581989401237e-09 +/- 4.24e-12 [20287 selected]
| >   graph_10    : 2.0311666293133841e-10 +/- 4.97e-12 [24936 selected]
| >   sum         : 4.9650775288087880e-08
| >   total       : 4.9650775288087529e-08
| >   difference  : 3.5072457972248373e-22
[92mINFO[0m [94msymbolica_integrator l.6744[0m [96mt=2026-09-01,23:01:34.004[0m > Symbolica integration: starting iteration [92m81/100[0m using [94m1000000[0m points ...
[92mINFO[0m [94msymbolica_integrator l.6777[0m [96mt=2026-09-01,23:03:14.018[0m > ... result after this iteration:
| > Integration result after [92m81000000[0m evaluations in [92m124633.92 CPU-s[0m [94m(1538.7 µs / eval)[0m
| > Extremal weights:
| >   with jacobian    : 6.07958e+02 at xs = [2.7807442678925393e-01 1.1354113945739913e-01 6.0802850114241381e-03 1.4837041396525982e-01 5.9942638400086801e-01 9.2629881873517494e-01] | jacobian = 1.30217e+18
| >     momentum space  : k = [[1.1126253467559630e+01, 9.6293043349024412e+00, 7.7022814272072014e+02]; [-6.4856580595199858e+01, -4.6764854095292392e+01, -3.3914053125240025e+02]]
| >   without jacobian : 3.77968e-11 at xs = [1.3006825908305571e-06 5.4847100637504809e-01 6.9554271691009018e-03 1.9790512586524156e-01 3.1458153711418047e-01 7.2849435893380698e-01] | jacobian = 6.56996e+07
| >     momentum space  : k = [[-5.4222665857190135e-05, -1.7043877752225761e-05, 2.6007475503847040e-03]; [-1.4672134754180379e+02, 3.4151381268913622e+02, -3.2458344211843064e+02]]
| >   before clipping   : 6.07958e+02 at xs = [2.7807442678925393e-01 1.1354113945739913e-01 6.0802850114241381e-03 1.4837041396525982e-01 5.9942638400086801e-01 9.2629881873517494e-01]
| >     momentum space  : k = [[1.1126253467559630e+01, 9.6293043349024412e+00, 7.7022814272072014e+02]; [-6.4856580595199858e+01, -4.6764854095292392e+01, -3.3914053125240025e+02]]
| > Stability pipeline: float pairs accepted = 80857658, HP pairs attempted/accepted = 142342/142340
| > Stability triggers: float mismatch = 136018, float non-finite/error = 2
| > Higher-precision rejections: disagreement = 2, non-finite = 0, error = 0
| > Unstable rotational-check points rejected = 2
| > Rotational-check high-precision retries = 136020
| > Rotational-check high-precision salvaged = 136018
| > Large-weight high-precision retries = 6322
| > Large-weight high-precision salvaged = 6322
| > Large-weight high-precision rejected = 0
| > Large-weight samples zeroed = 0 (0.000e+00 of samples; removed signed/absolute sums = 0.00000e+00/0.00000e+00)
| > Non-finite final outputs zeroed = 0
| > Non-finite float rotated evaluations seen = 0
| > Example higher-precision-retried xs = [1.1737056346071351e-01 6.8210704234608166e-01 1.3637080159835113e-03 4.3066148777310964e-01 4.3356886191813082e-01 5.9829937939858402e-01] | float rel = 3.97127e-06
| >     momentum space  : k = [[-4.7144688033663129e-01, -1.0373028020352817e+00, 2.6595416256139868e+02]; [-1.3175423952853735e+03, 5.8427290965667441e+02, -4.5980225484447061e+02]]
| > Example large-weight higher-precision-retried xs = [2.4743214951097262e-01 1.9253954976410956e-02 7.5639735761422510e-03 1.1789330545539248e-01 5.8387763198916209e-01 8.8411195536692044e-01] | compiled = 4.30723e+02 | higher precision = 4.30723e+02
| >     momentum space  : k = [[1.5510067285466739e+01, 1.8855559947614091e+00, 6.5738203690586454e+02]; [-8.2265791044449472e+01, -4.7872044474115157e+01, -2.4977907995107381e+02]]
| > Example unstable xs = [3.9920422286985552e-01 4.6207242265265575e-01 2.1903351813005502e-09 8.0889503796212459e-02 7.6799941403647265e-01 7.5650221262021880e-02]
| >     momentum space  : k = [[-8.8860437550255776e-06, 2.1586154694590237e-06, 1.3289182050405120e+03]; [4.6766024140998237e+00, -4.1175141562071751e+01, 1.7106927440814647e+02]]
| > Example higher-precision rejection xs = [3.9920422286985552e-01 4.6207242265265575e-01 2.1903351813005502e-09 8.0889503796212459e-02 7.6799941403647265e-01 7.5650221262021880e-02] | reason = higher-precision original/rotated pair disagrees
| >     momentum space  : k = [[-8.8860437550255776e-06, 2.1586154694590237e-06, 1.3289182050405120e+03]; [4.6766024140998237e+00, -4.1175141562071751e+01, 1.7106927440814647e+02]]
| > [92mCentral value[0m : +4.9656780360769863e-08   +/- 8.83e-11     ([92m0.178%[0m)
[92mINFO[0m [94msymbolica_integrator l.6781[0m [96mt=2026-09-01,23:03:14.018[0m > | > Graph-channel Symbolica observer estimates:
| >   graph_0     : 1.3059879401358825e-09 +/- 3.60e-12 [15607 selected]
| >   graph_1     : 2.3150067333235757e-09 +/- 6.00e-12 [28886 selected]
| >   graph_2     : 2.2380834082843863e-08 +/- 2.70e-11 [166319 selected]
| >   graph_3     : 6.2581905642904056e-11 +/- 8.72e-13 [3832 selected]
| >   graph_4     : -3.1080442853027592e-09 +/- 6.98e-12 [31525 selected]
| >   graph_5     : 3.6371170160846666e-10 +/- 2.38e-12 [9603 selected]
| >   graph_6     : 7.4115661013366763e-08 +/- 6.37e-11 [384545 selected]
| >   graph_7     : -2.2918487433888790e-09 +/- 4.57e-12 [23136 selected]
| >   graph_8     : -4.7660980970239719e-08 +/- 5.26e-11 [291140 selected]
| >   graph_9     : 1.9704989270655753e-09 +/- 4.21e-12 [20366 selected]
| >   graph_10    : 2.0337205571456020e-10 +/- 4.92e-12 [25041 selected]
| >   sum         : 4.9656780360770234e-08
| >   total       : 4.9656780360769863e-08
| >   difference  : 3.7057691442375640e-22
[92mINFO[0m [94msymbolica_integrator l.6744[0m [96mt=2026-09-01,23:03:14.018[0m > Symbolica integration: starting iteration [92m82/100[0m using [94m1000000[0m points ...
[92mINFO[0m [94msymbolica_integrator l.6777[0m [96mt=2026-09-01,23:05:21.482[0m > ... result after this iteration:
| > Integration result after [92m82000000[0m evaluations in [92m127195.18 CPU-s[0m [94m(1551.2 µs / eval)[0m
| > Extremal weights:
| >   with jacobian    : 6.07958e+02 at xs = [2.7807442678925393e-01 1.1354113945739913e-01 6.0802850114241381e-03 1.4837041396525982e-01 5.9942638400086801e-01 9.2629881873517494e-01] | jacobian = 1.30217e+18
| >     momentum space  : k = [[1.1126253467559630e+01, 9.6293043349024412e+00, 7.7022814272072014e+02]; [-6.4856580595199858e+01, -4.6764854095292392e+01, -3.3914053125240025e+02]]
| >   without jacobian : 3.77968e-11 at xs = [1.3006825908305571e-06 5.4847100637504809e-01 6.9554271691009018e-03 1.9790512586524156e-01 3.1458153711418047e-01 7.2849435893380698e-01] | jacobian = 6.56996e+07
| >     momentum space  : k = [[-5.4222665857190135e-05, -1.7043877752225761e-05, 2.6007475503847040e-03]; [-1.4672134754180379e+02, 3.4151381268913622e+02, -3.2458344211843064e+02]]
| >   before clipping   : 6.07958e+02 at xs = [2.7807442678925393e-01 1.1354113945739913e-01 6.0802850114241381e-03 1.4837041396525982e-01 5.9942638400086801e-01 9.2629881873517494e-01]
| >     momentum space  : k = [[1.1126253467559630e+01, 9.6293043349024412e+00, 7.7022814272072014e+02]; [-6.4856580595199858e+01, -4.6764854095292392e+01, -3.3914053125240025e+02]]
| > Stability pipeline: float pairs accepted = 81855898, HP pairs attempted/accepted = 144102/144100
| > Stability triggers: float mismatch = 137691, float non-finite/error = 2
| > Higher-precision rejections: disagreement = 2, non-finite = 0, error = 0
| > Unstable rotational-check points rejected = 2
| > Rotational-check high-precision retries = 137693
| > Rotational-check high-precision salvaged = 137691
| > Large-weight high-precision retries = 6409
| > Large-weight high-precision salvaged = 6409
| > Large-weight high-precision rejected = 0
| > Large-weight samples zeroed = 0 (0.000e+00 of samples; removed signed/absolute sums = 0.00000e+00/0.00000e+00)
| > Non-finite final outputs zeroed = 0
| > Non-finite float rotated evaluations seen = 0
| > Example higher-precision-retried xs = [1.1737056346071351e-01 6.8210704234608166e-01 1.3637080159835113e-03 4.3066148777310964e-01 4.3356886191813082e-01 5.9829937939858402e-01] | float rel = 3.97127e-06
| >     momentum space  : k = [[-4.7144688033663129e-01, -1.0373028020352817e+00, 2.6595416256139868e+02]; [-1.3175423952853735e+03, 5.8427290965667441e+02, -4.5980225484447061e+02]]
| > Example large-weight higher-precision-retried xs = [2.4743214951097262e-01 1.9253954976410956e-02 7.5639735761422510e-03 1.1789330545539248e-01 5.8387763198916209e-01 8.8411195536692044e-01] | compiled = 4.30723e+02 | higher precision = 4.30723e+02
| >     momentum space  : k = [[1.5510067285466739e+01, 1.8855559947614091e+00, 6.5738203690586454e+02]; [-8.2265791044449472e+01, -4.7872044474115157e+01, -2.4977907995107381e+02]]
| > Example unstable xs = [3.9920422286985552e-01 4.6207242265265575e-01 2.1903351813005502e-09 8.0889503796212459e-02 7.6799941403647265e-01 7.5650221262021880e-02]
| >     momentum space  : k = [[-8.8860437550255776e-06, 2.1586154694590237e-06, 1.3289182050405120e+03]; [4.6766024140998237e+00, -4.1175141562071751e+01, 1.7106927440814647e+02]]
| > Example higher-precision rejection xs = [3.9920422286985552e-01 4.6207242265265575e-01 2.1903351813005502e-09 8.0889503796212459e-02 7.6799941403647265e-01 7.5650221262021880e-02] | reason = higher-precision original/rotated pair disagrees
| >     momentum space  : k = [[-8.8860437550255776e-06, 2.1586154694590237e-06, 1.3289182050405120e+03]; [4.6766024140998237e+00, -4.1175141562071751e+01, 1.7106927440814647e+02]]
| > [92mCentral value[0m : +4.9654683916332225e-08   +/- 8.73e-11     ([92m0.176%[0m)
[92mINFO[0m [94msymbolica_integrator l.6781[0m [96mt=2026-09-01,23:05:21.482[0m > | > Graph-channel Symbolica observer estimates:
| >   graph_0     : 1.3058468138454881e-09 +/- 3.58e-12 [15588 selected]
| >   graph_1     : 2.3145056070368130e-09 +/- 5.96e-12 [28959 selected]
| >   graph_2     : 2.2383045926977618e-08 +/- 2.68e-11 [165847 selected]
| >   graph_3     : 6.2559970208211206e-11 +/- 8.67e-13 [3845 selected]
| >   graph_4     : -3.1083424262053419e-09 +/- 6.92e-12 [31597 selected]
| >   graph_5     : 3.6366188545099426e-10 +/- 2.37e-12 [9483 selected]
| >   graph_6     : 7.4114352748637237e-08 +/- 6.30e-11 [384301 selected]
| >   graph_7     : -2.2920145464672386e-09 +/- 4.54e-12 [22829 selected]
| >   graph_8     : -4.7662908259349781e-08 +/- 5.20e-11 [292118 selected]
| >   graph_9     : 1.9704536487842185e-09 +/- 4.18e-12 [20331 selected]
| >   graph_10    : 2.0352254741434368e-10 +/- 4.88e-12 [25102 selected]
| >   sum         : 4.9654683916332563e-08
| >   total       : 4.9654683916332225e-08
| >   difference  : 3.3748968992163529e-22
[92mINFO[0m [94msymbolica_integrator l.6744[0m [96mt=2026-09-01,23:05:21.498[0m > Symbolica integration: starting iteration [92m83/100[0m using [94m1000000[0m points ...
[92mINFO[0m [94msymbolica_integrator l.6777[0m [96mt=2026-09-01,23:06:41.741[0m > ... result after this iteration:
| > Integration result after [92m83000000[0m evaluations in [92m128846.85 CPU-s[0m [94m(1552.4 µs / eval)[0m
| > Extremal weights:
| >   with jacobian    : 6.07958e+02 at xs = [2.7807442678925393e-01 1.1354113945739913e-01 6.0802850114241381e-03 1.4837041396525982e-01 5.9942638400086801e-01 9.2629881873517494e-01] | jacobian = 1.30217e+18
| >     momentum space  : k = [[1.1126253467559630e+01, 9.6293043349024412e+00, 7.7022814272072014e+02]; [-6.4856580595199858e+01, -4.6764854095292392e+01, -3.3914053125240025e+02]]
| >   without jacobian : 3.77968e-11 at xs = [1.3006825908305571e-06 5.4847100637504809e-01 6.9554271691009018e-03 1.9790512586524156e-01 3.1458153711418047e-01 7.2849435893380698e-01] | jacobian = 6.56996e+07
| >     momentum space  : k = [[-5.4222665857190135e-05, -1.7043877752225761e-05, 2.6007475503847040e-03]; [-1.4672134754180379e+02, 3.4151381268913622e+02, -3.2458344211843064e+02]]
| >   before clipping   : 6.07958e+02 at xs = [2.7807442678925393e-01 1.1354113945739913e-01 6.0802850114241381e-03 1.4837041396525982e-01 5.9942638400086801e-01 9.2629881873517494e-01]
| >     momentum space  : k = [[1.1126253467559630e+01, 9.6293043349024412e+00, 7.7022814272072014e+02]; [-6.4856580595199858e+01, -4.6764854095292392e+01, -3.3914053125240025e+02]]
| > Stability pipeline: float pairs accepted = 82854150, HP pairs attempted/accepted = 145850/145848
| > Stability triggers: float mismatch = 139356, float non-finite/error = 2
| > Higher-precision rejections: disagreement = 2, non-finite = 0, error = 0
| > Unstable rotational-check points rejected = 2
| > Rotational-check high-precision retries = 139358
| > Rotational-check high-precision salvaged = 139356
| > Large-weight high-precision retries = 6492
| > Large-weight high-precision salvaged = 6492
| > Large-weight high-precision rejected = 0
| > Large-weight samples zeroed = 0 (0.000e+00 of samples; removed signed/absolute sums = 0.00000e+00/0.00000e+00)
| > Non-finite final outputs zeroed = 0
| > Non-finite float rotated evaluations seen = 0
| > Example higher-precision-retried xs = [1.1737056346071351e-01 6.8210704234608166e-01 1.3637080159835113e-03 4.3066148777310964e-01 4.3356886191813082e-01 5.9829937939858402e-01] | float rel = 3.97127e-06
| >     momentum space  : k = [[-4.7144688033663129e-01, -1.0373028020352817e+00, 2.6595416256139868e+02]; [-1.3175423952853735e+03, 5.8427290965667441e+02, -4.5980225484447061e+02]]
| > Example large-weight higher-precision-retried xs = [2.4743214951097262e-01 1.9253954976410956e-02 7.5639735761422510e-03 1.1789330545539248e-01 5.8387763198916209e-01 8.8411195536692044e-01] | compiled = 4.30723e+02 | higher precision = 4.30723e+02
| >     momentum space  : k = [[1.5510067285466739e+01, 1.8855559947614091e+00, 6.5738203690586454e+02]; [-8.2265791044449472e+01, -4.7872044474115157e+01, -2.4977907995107381e+02]]
| > Example unstable xs = [3.9920422286985552e-01 4.6207242265265575e-01 2.1903351813005502e-09 8.0889503796212459e-02 7.6799941403647265e-01 7.5650221262021880e-02]
| >     momentum space  : k = [[-8.8860437550255776e-06, 2.1586154694590237e-06, 1.3289182050405120e+03]; [4.6766024140998237e+00, -4.1175141562071751e+01, 1.7106927440814647e+02]]
| > Example higher-precision rejection xs = [3.9920422286985552e-01 4.6207242265265575e-01 2.1903351813005502e-09 8.0889503796212459e-02 7.6799941403647265e-01 7.5650221262021880e-02] | reason = higher-precision original/rotated pair disagrees
| >     momentum space  : k = [[-8.8860437550255776e-06, 2.1586154694590237e-06, 1.3289182050405120e+03]; [4.6766024140998237e+00, -4.1175141562071751e+01, 1.7106927440814647e+02]]
| > [92mCentral value[0m : +4.9658230979152313e-08   +/- 8.64e-11     ([92m0.174%[0m)
[92mINFO[0m [94msymbolica_integrator l.6781[0m [96mt=2026-09-01,23:06:41.742[0m > | > Graph-channel Symbolica observer estimates:
| >   graph_0     : 1.3060746536970793e-09 +/- 3.56e-12 [15719 selected]
| >   graph_1     : 2.3147596058462655e-09 +/- 5.91e-12 [28908 selected]
| >   graph_2     : 2.2383720054588336e-08 +/- 2.65e-11 [166740 selected]
| >   graph_3     : 6.2451916163858840e-11 +/- 8.60e-13 [3778 selected]
| >   graph_4     : -3.1072851932756201e-09 +/- 6.87e-12 [31155 selected]
| >   graph_5     : 3.6361909672336487e-10 +/- 2.35e-12 [9471 selected]
| >   graph_6     : 7.4119270618893785e-08 +/- 6.23e-11 [385116 selected]
| >   graph_7     : -2.2916848594868600e-09 +/- 4.51e-12 [22712 selected]
| >   graph_8     : -4.7667508381152844e-08 +/- 5.15e-11 [291427 selected]
| >   graph_9     : 1.9710373217281932e-09 +/- 4.17e-12 [20049 selected]
| >   graph_10    : 2.0377614542708882e-10 +/- 4.84e-12 [24925 selected]
| >   sum         : 4.9658230979152644e-08
| >   total       : 4.9658230979152313e-08
| >   difference  : 3.3087224502121107e-22
[92mINFO[0m [94msymbolica_integrator l.6744[0m [96mt=2026-09-01,23:06:41.742[0m > Symbolica integration: starting iteration [92m84/100[0m using [94m1000000[0m points ...
[92mINFO[0m [94msymbolica_integrator l.6777[0m [96mt=2026-09-01,23:08:31.784[0m > ... result after this iteration:
| > Integration result after [92m84000000[0m evaluations in [92m130923.47 CPU-s[0m [94m(1558.6 µs / eval)[0m
| > Extremal weights:
| >   with jacobian    : 6.07958e+02 at xs = [2.7807442678925393e-01 1.1354113945739913e-01 6.0802850114241381e-03 1.4837041396525982e-01 5.9942638400086801e-01 9.2629881873517494e-01] | jacobian = 1.30217e+18
| >     momentum space  : k = [[1.1126253467559630e+01, 9.6293043349024412e+00, 7.7022814272072014e+02]; [-6.4856580595199858e+01, -4.6764854095292392e+01, -3.3914053125240025e+02]]
| >   without jacobian : 3.77968e-11 at xs = [1.3006825908305571e-06 5.4847100637504809e-01 6.9554271691009018e-03 1.9790512586524156e-01 3.1458153711418047e-01 7.2849435893380698e-01] | jacobian = 6.56996e+07
| >     momentum space  : k = [[-5.4222665857190135e-05, -1.7043877752225761e-05, 2.6007475503847040e-03]; [-1.4672134754180379e+02, 3.4151381268913622e+02, -3.2458344211843064e+02]]
| >   before clipping   : 6.07958e+02 at xs = [2.7807442678925393e-01 1.1354113945739913e-01 6.0802850114241381e-03 1.4837041396525982e-01 5.9942638400086801e-01 9.2629881873517494e-01]
| >     momentum space  : k = [[1.1126253467559630e+01, 9.6293043349024412e+00, 7.7022814272072014e+02]; [-6.4856580595199858e+01, -4.6764854095292392e+01, -3.3914053125240025e+02]]
| > Stability pipeline: float pairs accepted = 83852452, HP pairs attempted/accepted = 147548/147546
| > Stability triggers: float mismatch = 140973, float non-finite/error = 2
| > Higher-precision rejections: disagreement = 2, non-finite = 0, error = 0
| > Unstable rotational-check points rejected = 2
| > Rotational-check high-precision retries = 140975
| > Rotational-check high-precision salvaged = 140973
| > Large-weight high-precision retries = 6573
| > Large-weight high-precision salvaged = 6573
| > Large-weight high-precision rejected = 0
| > Large-weight samples zeroed = 0 (0.000e+00 of samples; removed signed/absolute sums = 0.00000e+00/0.00000e+00)
| > Non-finite final outputs zeroed = 0
| > Non-finite float rotated evaluations seen = 0
| > Example higher-precision-retried xs = [1.1737056346071351e-01 6.8210704234608166e-01 1.3637080159835113e-03 4.3066148777310964e-01 4.3356886191813082e-01 5.9829937939858402e-01] | float rel = 3.97127e-06
| >     momentum space  : k = [[-4.7144688033663129e-01, -1.0373028020352817e+00, 2.6595416256139868e+02]; [-1.3175423952853735e+03, 5.8427290965667441e+02, -4.5980225484447061e+02]]
| > Example large-weight higher-precision-retried xs = [2.4743214951097262e-01 1.9253954976410956e-02 7.5639735761422510e-03 1.1789330545539248e-01 5.8387763198916209e-01 8.8411195536692044e-01] | compiled = 4.30723e+02 | higher precision = 4.30723e+02
| >     momentum space  : k = [[1.5510067285466739e+01, 1.8855559947614091e+00, 6.5738203690586454e+02]; [-8.2265791044449472e+01, -4.7872044474115157e+01, -2.4977907995107381e+02]]
| > Example unstable xs = [3.9920422286985552e-01 4.6207242265265575e-01 2.1903351813005502e-09 8.0889503796212459e-02 7.6799941403647265e-01 7.5650221262021880e-02]
| >     momentum space  : k = [[-8.8860437550255776e-06, 2.1586154694590237e-06, 1.3289182050405120e+03]; [4.6766024140998237e+00, -4.1175141562071751e+01, 1.7106927440814647e+02]]
| > Example higher-precision rejection xs = [3.9920422286985552e-01 4.6207242265265575e-01 2.1903351813005502e-09 8.0889503796212459e-02 7.6799941403647265e-01 7.5650221262021880e-02] | reason = higher-precision original/rotated pair disagrees
| >     momentum space  : k = [[-8.8860437550255776e-06, 2.1586154694590237e-06, 1.3289182050405120e+03]; [4.6766024140998237e+00, -4.1175141562071751e+01, 1.7106927440814647e+02]]
| > [92mCentral value[0m : +4.9661455181972409e-08   +/- 8.55e-11     ([92m0.172%[0m)
[92mINFO[0m [94msymbolica_integrator l.6781[0m [96mt=2026-09-01,23:08:31.785[0m > | > Graph-channel Symbolica observer estimates:
| >   graph_0     : 1.3058153721706588e-09 +/- 3.53e-12 [15700 selected]
| >   graph_1     : 2.3149561860137068e-09 +/- 5.87e-12 [28811 selected]
| >   graph_2     : 2.2385142718280830e-08 +/- 2.62e-11 [166518 selected]
| >   graph_3     : 6.2448912667272648e-11 +/- 8.53e-13 [3738 selected]
| >   graph_4     : -3.1078721794275572e-09 +/- 6.82e-12 [31228 selected]
| >   graph_5     : 3.6347142135726344e-10 +/- 2.33e-12 [9415 selected]
| >   graph_6     : 7.4125503622578529e-08 +/- 6.16e-11 [384559 selected]
| >   graph_7     : -2.2918961656481722e-09 +/- 4.48e-12 [22798 selected]
| >   graph_8     : -4.7669684604915165e-08 +/- 5.09e-11 [292295 selected]
| >   graph_9     : 1.9709861679720887e-09 +/- 4.14e-12 [20172 selected]
| >   graph_10    : 2.0258373092332866e-10 +/- 4.80e-12 [24766 selected]
| >   sum         : 4.9661455181972786e-08
| >   total       : 4.9661455181972409e-08
| >   difference  : 3.7719435932418062e-22
[92mINFO[0m [94msymbolica_integrator l.6744[0m [96mt=2026-09-01,23:08:31.804[0m > Symbolica integration: starting iteration [92m85/100[0m using [94m1000000[0m points ...
[92mINFO[0m [94msymbolica_integrator l.6777[0m [96mt=2026-09-01,23:11:08.856[0m > ... result after this iteration:
| > Integration result after [92m85000000[0m evaluations in [92m133829.06 CPU-s[0m [94m(1574.5 µs / eval)[0m
| > Extremal weights:
| >   with jacobian    : 6.07958e+02 at xs = [2.7807442678925393e-01 1.1354113945739913e-01 6.0802850114241381e-03 1.4837041396525982e-01 5.9942638400086801e-01 9.2629881873517494e-01] | jacobian = 1.30217e+18
| >     momentum space  : k = [[1.1126253467559630e+01, 9.6293043349024412e+00, 7.7022814272072014e+02]; [-6.4856580595199858e+01, -4.6764854095292392e+01, -3.3914053125240025e+02]]
| >   without jacobian : 3.77968e-11 at xs = [1.3006825908305571e-06 5.4847100637504809e-01 6.9554271691009018e-03 1.9790512586524156e-01 3.1458153711418047e-01 7.2849435893380698e-01] | jacobian = 6.56996e+07
| >     momentum space  : k = [[-5.4222665857190135e-05, -1.7043877752225761e-05, 2.6007475503847040e-03]; [-1.4672134754180379e+02, 3.4151381268913622e+02, -3.2458344211843064e+02]]
| >   before clipping   : 6.07958e+02 at xs = [2.7807442678925393e-01 1.1354113945739913e-01 6.0802850114241381e-03 1.4837041396525982e-01 5.9942638400086801e-01 9.2629881873517494e-01]
| >     momentum space  : k = [[1.1126253467559630e+01, 9.6293043349024412e+00, 7.7022814272072014e+02]; [-6.4856580595199858e+01, -4.6764854095292392e+01, -3.3914053125240025e+02]]
| > Stability pipeline: float pairs accepted = 84850848, HP pairs attempted/accepted = 149152/149150
| > Stability triggers: float mismatch = 142492, float non-finite/error = 2
| > Higher-precision rejections: disagreement = 2, non-finite = 0, error = 0
| > Unstable rotational-check points rejected = 2
| > Rotational-check high-precision retries = 142494
| > Rotational-check high-precision salvaged = 142492
| > Large-weight high-precision retries = 6658
| > Large-weight high-precision salvaged = 6658
| > Large-weight high-precision rejected = 0
| > Large-weight samples zeroed = 0 (0.000e+00 of samples; removed signed/absolute sums = 0.00000e+00/0.00000e+00)
| > Non-finite final outputs zeroed = 0
| > Non-finite float rotated evaluations seen = 0
| > Example higher-precision-retried xs = [1.1737056346071351e-01 6.8210704234608166e-01 1.3637080159835113e-03 4.3066148777310964e-01 4.3356886191813082e-01 5.9829937939858402e-01] | float rel = 3.97127e-06
| >     momentum space  : k = [[-4.7144688033663129e-01, -1.0373028020352817e+00, 2.6595416256139868e+02]; [-1.3175423952853735e+03, 5.8427290965667441e+02, -4.5980225484447061e+02]]
| > Example large-weight higher-precision-retried xs = [2.4743214951097262e-01 1.9253954976410956e-02 7.5639735761422510e-03 1.1789330545539248e-01 5.8387763198916209e-01 8.8411195536692044e-01] | compiled = 4.30723e+02 | higher precision = 4.30723e+02
| >     momentum space  : k = [[1.5510067285466739e+01, 1.8855559947614091e+00, 6.5738203690586454e+02]; [-8.2265791044449472e+01, -4.7872044474115157e+01, -2.4977907995107381e+02]]
| > Example unstable xs = [3.9920422286985552e-01 4.6207242265265575e-01 2.1903351813005502e-09 8.0889503796212459e-02 7.6799941403647265e-01 7.5650221262021880e-02]
| >     momentum space  : k = [[-8.8860437550255776e-06, 2.1586154694590237e-06, 1.3289182050405120e+03]; [4.6766024140998237e+00, -4.1175141562071751e+01, 1.7106927440814647e+02]]
| > Example higher-precision rejection xs = [3.9920422286985552e-01 4.6207242265265575e-01 2.1903351813005502e-09 8.0889503796212459e-02 7.6799941403647265e-01 7.5650221262021880e-02] | reason = higher-precision original/rotated pair disagrees
| >     momentum space  : k = [[-8.8860437550255776e-06, 2.1586154694590237e-06, 1.3289182050405120e+03]; [4.6766024140998237e+00, -4.1175141562071751e+01, 1.7106927440814647e+02]]
| > [92mCentral value[0m : +4.9665909024037555e-08   +/- 8.46e-11     ([92m0.170%[0m)
[92mINFO[0m [94msymbolica_integrator l.6781[0m [96mt=2026-09-01,23:11:08.857[0m > | > Graph-channel Symbolica observer estimates:
| >   graph_0     : 1.3059964334929722e-09 +/- 3.51e-12 [15456 selected]
| >   graph_1     : 2.3145904481190836e-09 +/- 5.83e-12 [28878 selected]
| >   graph_2     : 2.2385555712960013e-08 +/- 2.60e-11 [166366 selected]
| >   graph_3     : 6.2333415465931704e-11 +/- 8.46e-13 [3924 selected]
| >   graph_4     : -3.1073720039483949e-09 +/- 6.77e-12 [31322 selected]
| >   graph_5     : 3.6321972996680374e-10 +/- 2.31e-12 [9430 selected]
| >   graph_6     : 7.4130999386052260e-08 +/- 6.10e-11 [385151 selected]
| >   graph_7     : -2.2933567185388284e-09 +/- 4.45e-12 [22819 selected]
| >   graph_8     : -4.7669340270137975e-08 +/- 5.04e-11 [291379 selected]
| >   graph_9     : 1.9713316592206428e-09 +/- 4.11e-12 [20423 selected]
| >   graph_10    : 2.0195123138542406e-10 +/- 4.75e-12 [24852 selected]
| >   sum         : 4.9665909024037932e-08
| >   total       : 4.9665909024037555e-08
| >   difference  : 3.7719435932418062e-22
[92mINFO[0m [94msymbolica_integrator l.6744[0m [96mt=2026-09-01,23:11:08.857[0m > Symbolica integration: starting iteration [92m86/100[0m using [94m1000000[0m points ...
[92mINFO[0m [94msymbolica_integrator l.6777[0m [96mt=2026-09-01,23:12:28.875[0m > ... result after this iteration:
| > Integration result after [92m86000000[0m evaluations in [92m135509.06 CPU-s[0m [94m(1575.7 µs / eval)[0m
| > Extremal weights:
| >   with jacobian    : 6.07958e+02 at xs = [2.7807442678925393e-01 1.1354113945739913e-01 6.0802850114241381e-03 1.4837041396525982e-01 5.9942638400086801e-01 9.2629881873517494e-01] | jacobian = 1.30217e+18
| >     momentum space  : k = [[1.1126253467559630e+01, 9.6293043349024412e+00, 7.7022814272072014e+02]; [-6.4856580595199858e+01, -4.6764854095292392e+01, -3.3914053125240025e+02]]
| >   without jacobian : 3.77968e-11 at xs = [1.3006825908305571e-06 5.4847100637504809e-01 6.9554271691009018e-03 1.9790512586524156e-01 3.1458153711418047e-01 7.2849435893380698e-01] | jacobian = 6.56996e+07
| >     momentum space  : k = [[-5.4222665857190135e-05, -1.7043877752225761e-05, 2.6007475503847040e-03]; [-1.4672134754180379e+02, 3.4151381268913622e+02, -3.2458344211843064e+02]]
| >   before clipping   : 6.07958e+02 at xs = [2.7807442678925393e-01 1.1354113945739913e-01 6.0802850114241381e-03 1.4837041396525982e-01 5.9942638400086801e-01 9.2629881873517494e-01]
| >     momentum space  : k = [[1.1126253467559630e+01, 9.6293043349024412e+00, 7.7022814272072014e+02]; [-6.4856580595199858e+01, -4.6764854095292392e+01, -3.3914053125240025e+02]]
| > Stability pipeline: float pairs accepted = 85849144, HP pairs attempted/accepted = 150856/150854
| > Stability triggers: float mismatch = 144113, float non-finite/error = 2
| > Higher-precision rejections: disagreement = 2, non-finite = 0, error = 0
| > Unstable rotational-check points rejected = 2
| > Rotational-check high-precision retries = 144115
| > Rotational-check high-precision salvaged = 144113
| > Large-weight high-precision retries = 6741
| > Large-weight high-precision salvaged = 6741
| > Large-weight high-precision rejected = 0
| > Large-weight samples zeroed = 0 (0.000e+00 of samples; removed signed/absolute sums = 0.00000e+00/0.00000e+00)
| > Non-finite final outputs zeroed = 0
| > Non-finite float rotated evaluations seen = 0
| > Example higher-precision-retried xs = [1.1737056346071351e-01 6.8210704234608166e-01 1.3637080159835113e-03 4.3066148777310964e-01 4.3356886191813082e-01 5.9829937939858402e-01] | float rel = 3.97127e-06
| >     momentum space  : k = [[-4.7144688033663129e-01, -1.0373028020352817e+00, 2.6595416256139868e+02]; [-1.3175423952853735e+03, 5.8427290965667441e+02, -4.5980225484447061e+02]]
| > Example large-weight higher-precision-retried xs = [2.4743214951097262e-01 1.9253954976410956e-02 7.5639735761422510e-03 1.1789330545539248e-01 5.8387763198916209e-01 8.8411195536692044e-01] | compiled = 4.30723e+02 | higher precision = 4.30723e+02
| >     momentum space  : k = [[1.5510067285466739e+01, 1.8855559947614091e+00, 6.5738203690586454e+02]; [-8.2265791044449472e+01, -4.7872044474115157e+01, -2.4977907995107381e+02]]
| > Example unstable xs = [3.9920422286985552e-01 4.6207242265265575e-01 2.1903351813005502e-09 8.0889503796212459e-02 7.6799941403647265e-01 7.5650221262021880e-02]
| >     momentum space  : k = [[-8.8860437550255776e-06, 2.1586154694590237e-06, 1.3289182050405120e+03]; [4.6766024140998237e+00, -4.1175141562071751e+01, 1.7106927440814647e+02]]
| > Example higher-precision rejection xs = [3.9920422286985552e-01 4.6207242265265575e-01 2.1903351813005502e-09 8.0889503796212459e-02 7.6799941403647265e-01 7.5650221262021880e-02] | reason = higher-precision original/rotated pair disagrees
| >     momentum space  : k = [[-8.8860437550255776e-06, 2.1586154694590237e-06, 1.3289182050405120e+03]; [4.6766024140998237e+00, -4.1175141562071751e+01, 1.7106927440814647e+02]]
| > [92mCentral value[0m : +4.9668926336713757e-08   +/- 8.37e-11     ([92m0.169%[0m)
[92mINFO[0m [94msymbolica_integrator l.6781[0m [96mt=2026-09-01,23:12:28.875[0m > | > Graph-channel Symbolica observer estimates:
| >   graph_0     : 1.3063890016933723e-09 +/- 3.49e-12 [15803 selected]
| >   graph_1     : 2.3139612241897287e-09 +/- 5.79e-12 [28821 selected]
| >   graph_2     : 2.2385884479937254e-08 +/- 2.57e-11 [166718 selected]
| >   graph_3     : 6.2283601266908961e-11 +/- 8.38e-13 [3864 selected]
| >   graph_4     : -3.1064657377161940e-09 +/- 6.72e-12 [31374 selected]
| >   graph_5     : 3.6302699438826870e-10 +/- 2.30e-12 [9438 selected]
| >   graph_6     : 7.4131375232903449e-08 +/- 6.03e-11 [384608 selected]
| >   graph_7     : -2.2932353576687865e-09 +/- 4.43e-12 [22935 selected]
| >   graph_8     : -4.7667727697204243e-08 +/- 4.98e-11 [290966 selected]
| >   graph_9     : 1.9713229327712798e-09 +/- 4.08e-12 [20504 selected]
| >   graph_10    : 2.0211166215310917e-10 +/- 4.74e-12 [24969 selected]
| >   sum         : 4.9668926336714148e-08
| >   total       : 4.9668926336713757e-08
| >   difference  : 3.9042924912502906e-22
[92mINFO[0m [94msymbolica_integrator l.6744[0m [96mt=2026-09-01,23:12:28.875[0m > Symbolica integration: starting iteration [92m87/100[0m using [94m1000000[0m points ...
[92mINFO[0m [94msymbolica_integrator l.6777[0m [96mt=2026-09-01,23:13:47.910[0m > ... result after this iteration:
| > Integration result after [92m87000000[0m evaluations in [92m137162.20 CPU-s[0m [94m(1576.6 µs / eval)[0m
| > Extremal weights:
| >   with jacobian    : 6.07958e+02 at xs = [2.7807442678925393e-01 1.1354113945739913e-01 6.0802850114241381e-03 1.4837041396525982e-01 5.9942638400086801e-01 9.2629881873517494e-01] | jacobian = 1.30217e+18
| >     momentum space  : k = [[1.1126253467559630e+01, 9.6293043349024412e+00, 7.7022814272072014e+02]; [-6.4856580595199858e+01, -4.6764854095292392e+01, -3.3914053125240025e+02]]
| >   without jacobian : 3.77968e-11 at xs = [1.3006825908305571e-06 5.4847100637504809e-01 6.9554271691009018e-03 1.9790512586524156e-01 3.1458153711418047e-01 7.2849435893380698e-01] | jacobian = 6.56996e+07
| >     momentum space  : k = [[-5.4222665857190135e-05, -1.7043877752225761e-05, 2.6007475503847040e-03]; [-1.4672134754180379e+02, 3.4151381268913622e+02, -3.2458344211843064e+02]]
| >   before clipping   : 6.07958e+02 at xs = [2.7807442678925393e-01 1.1354113945739913e-01 6.0802850114241381e-03 1.4837041396525982e-01 5.9942638400086801e-01 9.2629881873517494e-01]
| >     momentum space  : k = [[1.1126253467559630e+01, 9.6293043349024412e+00, 7.7022814272072014e+02]; [-6.4856580595199858e+01, -4.6764854095292392e+01, -3.3914053125240025e+02]]
| > Stability pipeline: float pairs accepted = 86847443, HP pairs attempted/accepted = 152557/152555
| > Stability triggers: float mismatch = 145737, float non-finite/error = 2
| > Higher-precision rejections: disagreement = 2, non-finite = 0, error = 0
| > Unstable rotational-check points rejected = 2
| > Rotational-check high-precision retries = 145739
| > Rotational-check high-precision salvaged = 145737
| > Large-weight high-precision retries = 6818
| > Large-weight high-precision salvaged = 6818
| > Large-weight high-precision rejected = 0
| > Large-weight samples zeroed = 0 (0.000e+00 of samples; removed signed/absolute sums = 0.00000e+00/0.00000e+00)
| > Non-finite final outputs zeroed = 0
| > Non-finite float rotated evaluations seen = 0
| > Example higher-precision-retried xs = [1.1737056346071351e-01 6.8210704234608166e-01 1.3637080159835113e-03 4.3066148777310964e-01 4.3356886191813082e-01 5.9829937939858402e-01] | float rel = 3.97127e-06
| >     momentum space  : k = [[-4.7144688033663129e-01, -1.0373028020352817e+00, 2.6595416256139868e+02]; [-1.3175423952853735e+03, 5.8427290965667441e+02, -4.5980225484447061e+02]]
| > Example large-weight higher-precision-retried xs = [2.4743214951097262e-01 1.9253954976410956e-02 7.5639735761422510e-03 1.1789330545539248e-01 5.8387763198916209e-01 8.8411195536692044e-01] | compiled = 4.30723e+02 | higher precision = 4.30723e+02
| >     momentum space  : k = [[1.5510067285466739e+01, 1.8855559947614091e+00, 6.5738203690586454e+02]; [-8.2265791044449472e+01, -4.7872044474115157e+01, -2.4977907995107381e+02]]
| > Example unstable xs = [3.9920422286985552e-01 4.6207242265265575e-01 2.1903351813005502e-09 8.0889503796212459e-02 7.6799941403647265e-01 7.5650221262021880e-02]
| >     momentum space  : k = [[-8.8860437550255776e-06, 2.1586154694590237e-06, 1.3289182050405120e+03]; [4.6766024140998237e+00, -4.1175141562071751e+01, 1.7106927440814647e+02]]
| > Example higher-precision rejection xs = [3.9920422286985552e-01 4.6207242265265575e-01 2.1903351813005502e-09 8.0889503796212459e-02 7.6799941403647265e-01 7.5650221262021880e-02] | reason = higher-precision original/rotated pair disagrees
| >     momentum space  : k = [[-8.8860437550255776e-06, 2.1586154694590237e-06, 1.3289182050405120e+03]; [4.6766024140998237e+00, -4.1175141562071751e+01, 1.7106927440814647e+02]]
| > [92mCentral value[0m : +4.9669699111608113e-08   +/- 8.28e-11     ([92m0.167%[0m)
[92mINFO[0m [94msymbolica_integrator l.6781[0m [96mt=2026-09-01,23:13:47.910[0m > | > Graph-channel Symbolica observer estimates:
| >   graph_0     : 1.3064360051426109e-09 +/- 3.46e-12 [15541 selected]
| >   graph_1     : 2.3131809083861501e-09 +/- 5.75e-12 [28560 selected]
| >   graph_2     : 2.2388061350521803e-08 +/- 2.55e-11 [166358 selected]
| >   graph_3     : 6.2189530100040368e-11 +/- 8.31e-13 [3828 selected]
| >   graph_4     : -3.1066581175175032e-09 +/- 6.68e-12 [31150 selected]
| >   graph_5     : 3.6316330835882385e-10 +/- 2.29e-12 [9420 selected]
| >   graph_6     : 7.4131694930354486e-08 +/- 5.97e-11 [384861 selected]
| >   graph_7     : -2.2937683220984579e-09 +/- 4.40e-12 [22777 selected]
| >   graph_8     : -4.7668304512324998e-08 +/- 4.93e-11 [292325 selected]
| >   graph_9     : 1.9716083383781743e-09 +/- 4.05e-12 [20215 selected]
| >   graph_10    : 2.0209569230734312e-10 +/- 4.70e-12 [24965 selected]
| >   sum         : 4.9669699111608470e-08
| >   total       : 4.9669699111608113e-08
| >   difference  : 3.5734202462290796e-22
[92mINFO[0m [94msymbolica_integrator l.6744[0m [96mt=2026-09-01,23:13:47.910[0m > Symbolica integration: starting iteration [92m88/100[0m using [94m1000000[0m points ...
[92mINFO[0m [94msymbolica_integrator l.6777[0m [96mt=2026-09-01,23:15:47.500[0m > ... result after this iteration:
| > Integration result after [92m88000000[0m evaluations in [92m139761.75 CPU-s[0m [94m(1588.2 µs / eval)[0m
| > Extremal weights:
| >   with jacobian    : 6.07958e+02 at xs = [2.7807442678925393e-01 1.1354113945739913e-01 6.0802850114241381e-03 1.4837041396525982e-01 5.9942638400086801e-01 9.2629881873517494e-01] | jacobian = 1.30217e+18
| >     momentum space  : k = [[1.1126253467559630e+01, 9.6293043349024412e+00, 7.7022814272072014e+02]; [-6.4856580595199858e+01, -4.6764854095292392e+01, -3.3914053125240025e+02]]
| >   without jacobian : 3.77968e-11 at xs = [1.3006825908305571e-06 5.4847100637504809e-01 6.9554271691009018e-03 1.9790512586524156e-01 3.1458153711418047e-01 7.2849435893380698e-01] | jacobian = 6.56996e+07
| >     momentum space  : k = [[-5.4222665857190135e-05, -1.7043877752225761e-05, 2.6007475503847040e-03]; [-1.4672134754180379e+02, 3.4151381268913622e+02, -3.2458344211843064e+02]]
| >   before clipping   : 6.07958e+02 at xs = [2.7807442678925393e-01 1.1354113945739913e-01 6.0802850114241381e-03 1.4837041396525982e-01 5.9942638400086801e-01 9.2629881873517494e-01]
| >     momentum space  : k = [[1.1126253467559630e+01, 9.6293043349024412e+00, 7.7022814272072014e+02]; [-6.4856580595199858e+01, -4.6764854095292392e+01, -3.3914053125240025e+02]]
| > Stability pipeline: float pairs accepted = 87845774, HP pairs attempted/accepted = 154226/154224
| > Stability triggers: float mismatch = 147330, float non-finite/error = 2
| > Higher-precision rejections: disagreement = 2, non-finite = 0, error = 0
| > Unstable rotational-check points rejected = 2
| > Rotational-check high-precision retries = 147332
| > Rotational-check high-precision salvaged = 147330
| > Large-weight high-precision retries = 6894
| > Large-weight high-precision salvaged = 6894
| > Large-weight high-precision rejected = 0
| > Large-weight samples zeroed = 0 (0.000e+00 of samples; removed signed/absolute sums = 0.00000e+00/0.00000e+00)
| > Non-finite final outputs zeroed = 0
| > Non-finite float rotated evaluations seen = 0
| > Example higher-precision-retried xs = [1.1737056346071351e-01 6.8210704234608166e-01 1.3637080159835113e-03 4.3066148777310964e-01 4.3356886191813082e-01 5.9829937939858402e-01] | float rel = 3.97127e-06
| >     momentum space  : k = [[-4.7144688033663129e-01, -1.0373028020352817e+00, 2.6595416256139868e+02]; [-1.3175423952853735e+03, 5.8427290965667441e+02, -4.5980225484447061e+02]]
| > Example large-weight higher-precision-retried xs = [2.4743214951097262e-01 1.9253954976410956e-02 7.5639735761422510e-03 1.1789330545539248e-01 5.8387763198916209e-01 8.8411195536692044e-01] | compiled = 4.30723e+02 | higher precision = 4.30723e+02
| >     momentum space  : k = [[1.5510067285466739e+01, 1.8855559947614091e+00, 6.5738203690586454e+02]; [-8.2265791044449472e+01, -4.7872044474115157e+01, -2.4977907995107381e+02]]
| > Example unstable xs = [3.9920422286985552e-01 4.6207242265265575e-01 2.1903351813005502e-09 8.0889503796212459e-02 7.6799941403647265e-01 7.5650221262021880e-02]
| >     momentum space  : k = [[-8.8860437550255776e-06, 2.1586154694590237e-06, 1.3289182050405120e+03]; [4.6766024140998237e+00, -4.1175141562071751e+01, 1.7106927440814647e+02]]
| > Example higher-precision rejection xs = [3.9920422286985552e-01 4.6207242265265575e-01 2.1903351813005502e-09 8.0889503796212459e-02 7.6799941403647265e-01 7.5650221262021880e-02] | reason = higher-precision original/rotated pair disagrees
| >     momentum space  : k = [[-8.8860437550255776e-06, 2.1586154694590237e-06, 1.3289182050405120e+03]; [4.6766024140998237e+00, -4.1175141562071751e+01, 1.7106927440814647e+02]]
| > [92mCentral value[0m : +4.9672456760587573e-08   +/- 8.20e-11     ([92m0.165%[0m)
[92mINFO[0m [94msymbolica_integrator l.6781[0m [96mt=2026-09-01,23:15:47.500[0m > | > Graph-channel Symbolica observer estimates:
| >   graph_0     : 1.3063595545386346e-09 +/- 3.44e-12 [15415 selected]
| >   graph_1     : 2.3129090687965112e-09 +/- 5.71e-12 [28827 selected]
| >   graph_2     : 2.2386947045608542e-08 +/- 2.52e-11 [165938 selected]
| >   graph_3     : 6.2237957152911832e-11 +/- 8.25e-13 [3940 selected]
| >   graph_4     : -3.1064313080094232e-09 +/- 6.63e-12 [31212 selected]
| >   graph_5     : 3.6304770021967683e-10 +/- 2.27e-12 [9422 selected]
| >   graph_6     : 7.4135235713361276e-08 +/- 5.91e-11 [385656 selected]
| >   graph_7     : -2.2934322909093611e-09 +/- 4.37e-12 [22418 selected]
| >   graph_8     : -4.7668264032898771e-08 +/- 4.88e-11 [292090 selected]
| >   graph_9     : 1.9716563649367277e-09 +/- 4.03e-12 [20182 selected]
| >   graph_10    : 2.0219098779120956e-10 +/- 4.67e-12 [24900 selected]
| >   sum         : 4.9672456760587931e-08
| >   total       : 4.9672456760587573e-08
| >   difference  : 3.5734202462290796e-22
[92mINFO[0m [94msymbolica_integrator l.6744[0m [96mt=2026-09-01,23:15:47.521[0m > Symbolica integration: starting iteration [92m89/100[0m using [94m1000000[0m points ...
[92mINFO[0m [94msymbolica_integrator l.6777[0m [96mt=2026-09-01,23:17:45.219[0m > ... result after this iteration:
| > Integration result after [92m89000000[0m evaluations in [92m142434.08 CPU-s[0m [94m(1600.4 µs / eval)[0m
| > Extremal weights:
| >   with jacobian    : 6.07958e+02 at xs = [2.7807442678925393e-01 1.1354113945739913e-01 6.0802850114241381e-03 1.4837041396525982e-01 5.9942638400086801e-01 9.2629881873517494e-01] | jacobian = 1.30217e+18
| >     momentum space  : k = [[1.1126253467559630e+01, 9.6293043349024412e+00, 7.7022814272072014e+02]; [-6.4856580595199858e+01, -4.6764854095292392e+01, -3.3914053125240025e+02]]
| >   without jacobian : 3.77968e-11 at xs = [1.3006825908305571e-06 5.4847100637504809e-01 6.9554271691009018e-03 1.9790512586524156e-01 3.1458153711418047e-01 7.2849435893380698e-01] | jacobian = 6.56996e+07
| >     momentum space  : k = [[-5.4222665857190135e-05, -1.7043877752225761e-05, 2.6007475503847040e-03]; [-1.4672134754180379e+02, 3.4151381268913622e+02, -3.2458344211843064e+02]]
| >   before clipping   : 6.07958e+02 at xs = [2.7807442678925393e-01 1.1354113945739913e-01 6.0802850114241381e-03 1.4837041396525982e-01 5.9942638400086801e-01 9.2629881873517494e-01]
| >     momentum space  : k = [[1.1126253467559630e+01, 9.6293043349024412e+00, 7.7022814272072014e+02]; [-6.4856580595199858e+01, -4.6764854095292392e+01, -3.3914053125240025e+02]]
| > Stability pipeline: float pairs accepted = 88843957, HP pairs attempted/accepted = 156043/156041
| > Stability triggers: float mismatch = 149075, float non-finite/error = 2
| > Higher-precision rejections: disagreement = 2, non-finite = 0, error = 0
| > Unstable rotational-check points rejected = 2
| > Rotational-check high-precision retries = 149077
| > Rotational-check high-precision salvaged = 149075
| > Large-weight high-precision retries = 6966
| > Large-weight high-precision salvaged = 6966
| > Large-weight high-precision rejected = 0
| > Large-weight samples zeroed = 0 (0.000e+00 of samples; removed signed/absolute sums = 0.00000e+00/0.00000e+00)
| > Non-finite final outputs zeroed = 0
| > Non-finite float rotated evaluations seen = 0
| > Example higher-precision-retried xs = [1.1737056346071351e-01 6.8210704234608166e-01 1.3637080159835113e-03 4.3066148777310964e-01 4.3356886191813082e-01 5.9829937939858402e-01] | float rel = 3.97127e-06
| >     momentum space  : k = [[-4.7144688033663129e-01, -1.0373028020352817e+00, 2.6595416256139868e+02]; [-1.3175423952853735e+03, 5.8427290965667441e+02, -4.5980225484447061e+02]]
| > Example large-weight higher-precision-retried xs = [2.4743214951097262e-01 1.9253954976410956e-02 7.5639735761422510e-03 1.1789330545539248e-01 5.8387763198916209e-01 8.8411195536692044e-01] | compiled = 4.30723e+02 | higher precision = 4.30723e+02
| >     momentum space  : k = [[1.5510067285466739e+01, 1.8855559947614091e+00, 6.5738203690586454e+02]; [-8.2265791044449472e+01, -4.7872044474115157e+01, -2.4977907995107381e+02]]
| > Example unstable xs = [3.9920422286985552e-01 4.6207242265265575e-01 2.1903351813005502e-09 8.0889503796212459e-02 7.6799941403647265e-01 7.5650221262021880e-02]
| >     momentum space  : k = [[-8.8860437550255776e-06, 2.1586154694590237e-06, 1.3289182050405120e+03]; [4.6766024140998237e+00, -4.1175141562071751e+01, 1.7106927440814647e+02]]
| > Example higher-precision rejection xs = [3.9920422286985552e-01 4.6207242265265575e-01 2.1903351813005502e-09 8.0889503796212459e-02 7.6799941403647265e-01 7.5650221262021880e-02] | reason = higher-precision original/rotated pair disagrees
| >     momentum space  : k = [[-8.8860437550255776e-06, 2.1586154694590237e-06, 1.3289182050405120e+03]; [4.6766024140998237e+00, -4.1175141562071751e+01, 1.7106927440814647e+02]]
| > [92mCentral value[0m : +4.9669853169328414e-08   +/- 8.12e-11     ([92m0.163%[0m)
[92mINFO[0m [94msymbolica_integrator l.6781[0m [96mt=2026-09-01,23:17:45.219[0m > | > Graph-channel Symbolica observer estimates:
| >   graph_0     : 1.3064188387775163e-09 +/- 3.42e-12 [15860 selected]
| >   graph_1     : 2.3129780885707663e-09 +/- 5.67e-12 [28498 selected]
| >   graph_2     : 2.2386242922335083e-08 +/- 2.50e-11 [166334 selected]
| >   graph_3     : 6.2171781139963410e-11 +/- 8.18e-13 [3837 selected]
| >   graph_4     : -3.1063535394424197e-09 +/- 6.59e-12 [31621 selected]
| >   graph_5     : 3.6317408068019742e-10 +/- 2.26e-12 [9509 selected]
| >   graph_6     : 7.4134580716806549e-08 +/- 5.85e-11 [385388 selected]
| >   graph_7     : -2.2940741207515154e-09 +/- 4.34e-12 [22710 selected]
| >   graph_8     : -4.7669097668213396e-08 +/- 4.83e-11 [291571 selected]
| >   graph_9     : 1.9715167955590535e-09 +/- 4.00e-12 [20128 selected]
| >   graph_10    : 2.0229527386693568e-10 +/- 4.63e-12 [24544 selected]
| >   sum         : 4.9669853169328732e-08
| >   total       : 4.9669853169328414e-08
| >   difference  : 3.1763735522036263e-22
[92mINFO[0m [94msymbolica_integrator l.6744[0m [96mt=2026-09-01,23:17:45.220[0m > Symbolica integration: starting iteration [92m90/100[0m using [94m1000000[0m points ...
[92mINFO[0m [94msymbolica_integrator l.6777[0m [96mt=2026-09-01,23:19:02.019[0m > ... result after this iteration:
| > Integration result after [92m90000000[0m evaluations in [92m144089.67 CPU-s[0m [94m(1601.0 µs / eval)[0m
| > Extremal weights:
| >   with jacobian    : 6.07958e+02 at xs = [2.7807442678925393e-01 1.1354113945739913e-01 6.0802850114241381e-03 1.4837041396525982e-01 5.9942638400086801e-01 9.2629881873517494e-01] | jacobian = 1.30217e+18
| >     momentum space  : k = [[1.1126253467559630e+01, 9.6293043349024412e+00, 7.7022814272072014e+02]; [-6.4856580595199858e+01, -4.6764854095292392e+01, -3.3914053125240025e+02]]
| >   without jacobian : 3.77968e-11 at xs = [1.3006825908305571e-06 5.4847100637504809e-01 6.9554271691009018e-03 1.9790512586524156e-01 3.1458153711418047e-01 7.2849435893380698e-01] | jacobian = 6.56996e+07
| >     momentum space  : k = [[-5.4222665857190135e-05, -1.7043877752225761e-05, 2.6007475503847040e-03]; [-1.4672134754180379e+02, 3.4151381268913622e+02, -3.2458344211843064e+02]]
| >   before clipping   : 6.07958e+02 at xs = [2.7807442678925393e-01 1.1354113945739913e-01 6.0802850114241381e-03 1.4837041396525982e-01 5.9942638400086801e-01 9.2629881873517494e-01]
| >     momentum space  : k = [[1.1126253467559630e+01, 9.6293043349024412e+00, 7.7022814272072014e+02]; [-6.4856580595199858e+01, -4.6764854095292392e+01, -3.3914053125240025e+02]]
| > Stability pipeline: float pairs accepted = 89842247, HP pairs attempted/accepted = 157753/157751
| > Stability triggers: float mismatch = 150706, float non-finite/error = 2
| > Higher-precision rejections: disagreement = 2, non-finite = 0, error = 0
| > Unstable rotational-check points rejected = 2
| > Rotational-check high-precision retries = 150708
| > Rotational-check high-precision salvaged = 150706
| > Large-weight high-precision retries = 7045
| > Large-weight high-precision salvaged = 7045
| > Large-weight high-precision rejected = 0
| > Large-weight samples zeroed = 0 (0.000e+00 of samples; removed signed/absolute sums = 0.00000e+00/0.00000e+00)
| > Non-finite final outputs zeroed = 0
| > Non-finite float rotated evaluations seen = 0
| > Example higher-precision-retried xs = [1.1737056346071351e-01 6.8210704234608166e-01 1.3637080159835113e-03 4.3066148777310964e-01 4.3356886191813082e-01 5.9829937939858402e-01] | float rel = 3.97127e-06
| >     momentum space  : k = [[-4.7144688033663129e-01, -1.0373028020352817e+00, 2.6595416256139868e+02]; [-1.3175423952853735e+03, 5.8427290965667441e+02, -4.5980225484447061e+02]]
| > Example large-weight higher-precision-retried xs = [2.4743214951097262e-01 1.9253954976410956e-02 7.5639735761422510e-03 1.1789330545539248e-01 5.8387763198916209e-01 8.8411195536692044e-01] | compiled = 4.30723e+02 | higher precision = 4.30723e+02
| >     momentum space  : k = [[1.5510067285466739e+01, 1.8855559947614091e+00, 6.5738203690586454e+02]; [-8.2265791044449472e+01, -4.7872044474115157e+01, -2.4977907995107381e+02]]
| > Example unstable xs = [3.9920422286985552e-01 4.6207242265265575e-01 2.1903351813005502e-09 8.0889503796212459e-02 7.6799941403647265e-01 7.5650221262021880e-02]
| >     momentum space  : k = [[-8.8860437550255776e-06, 2.1586154694590237e-06, 1.3289182050405120e+03]; [4.6766024140998237e+00, -4.1175141562071751e+01, 1.7106927440814647e+02]]
| > Example higher-precision rejection xs = [3.9920422286985552e-01 4.6207242265265575e-01 2.1903351813005502e-09 8.0889503796212459e-02 7.6799941403647265e-01 7.5650221262021880e-02] | reason = higher-precision original/rotated pair disagrees
| >     momentum space  : k = [[-8.8860437550255776e-06, 2.1586154694590237e-06, 1.3289182050405120e+03]; [4.6766024140998237e+00, -4.1175141562071751e+01, 1.7106927440814647e+02]]
| > [92mCentral value[0m : +4.9667690520635993e-08   +/- 8.04e-11     ([92m0.162%[0m)
[92mINFO[0m [94msymbolica_integrator l.6781[0m [96mt=2026-09-01,23:19:02.019[0m > | > Graph-channel Symbolica observer estimates:
| >   graph_0     : 1.3065103984736646e-09 +/- 3.40e-12 [15513 selected]
| >   graph_1     : 2.3129956944225375e-09 +/- 5.64e-12 [28575 selected]
| >   graph_2     : 2.2386258025889359e-08 +/- 2.47e-11 [166552 selected]
| >   graph_3     : 6.2052368443171595e-11 +/- 8.12e-13 [3868 selected]
| >   graph_4     : -3.1064095403933209e-09 +/- 6.55e-12 [31443 selected]
| >   graph_5     : 3.6317939116220034e-10 +/- 2.24e-12 [9277 selected]
| >   graph_6     : 7.4134776040193000e-08 +/- 5.79e-11 [384914 selected]
| >   graph_7     : -2.2937277504008536e-09 +/- 4.32e-12 [22801 selected]
| >   graph_8     : -4.7671330152675700e-08 +/- 4.78e-11 [292047 selected]
| >   graph_9     : 1.9714870159699233e-09 +/- 3.98e-12 [20098 selected]
| >   graph_10    : 2.0189902955235259e-10 +/- 4.59e-12 [24912 selected]
| >   sum         : 4.9667690520636337e-08
| >   total       : 4.9667690520635993e-08
| >   difference  : 3.4410713482205951e-22
[92mINFO[0m [94msymbolica_integrator l.6744[0m [96mt=2026-09-01,23:19:02.019[0m > Symbolica integration: starting iteration [92m91/100[0m using [94m1000000[0m points ...
[92mINFO[0m [94msymbolica_integrator l.6777[0m [96mt=2026-09-01,23:20:20.872[0m > ... result after this iteration:
| > Integration result after [92m91000000[0m evaluations in [92m145560.05 CPU-s[0m [94m(1599.6 µs / eval)[0m
| > Extremal weights:
| >   with jacobian    : 6.07958e+02 at xs = [2.7807442678925393e-01 1.1354113945739913e-01 6.0802850114241381e-03 1.4837041396525982e-01 5.9942638400086801e-01 9.2629881873517494e-01] | jacobian = 1.30217e+18
| >     momentum space  : k = [[1.1126253467559630e+01, 9.6293043349024412e+00, 7.7022814272072014e+02]; [-6.4856580595199858e+01, -4.6764854095292392e+01, -3.3914053125240025e+02]]
| >   without jacobian : 3.77968e-11 at xs = [1.3006825908305571e-06 5.4847100637504809e-01 6.9554271691009018e-03 1.9790512586524156e-01 3.1458153711418047e-01 7.2849435893380698e-01] | jacobian = 6.56996e+07
| >     momentum space  : k = [[-5.4222665857190135e-05, -1.7043877752225761e-05, 2.6007475503847040e-03]; [-1.4672134754180379e+02, 3.4151381268913622e+02, -3.2458344211843064e+02]]
| >   before clipping   : 6.07958e+02 at xs = [2.7807442678925393e-01 1.1354113945739913e-01 6.0802850114241381e-03 1.4837041396525982e-01 5.9942638400086801e-01 9.2629881873517494e-01]
| >     momentum space  : k = [[1.1126253467559630e+01, 9.6293043349024412e+00, 7.7022814272072014e+02]; [-6.4856580595199858e+01, -4.6764854095292392e+01, -3.3914053125240025e+02]]
| > Stability pipeline: float pairs accepted = 90840424, HP pairs attempted/accepted = 159576/159574
| > Stability triggers: float mismatch = 152454, float non-finite/error = 2
| > Higher-precision rejections: disagreement = 2, non-finite = 0, error = 0
| > Unstable rotational-check points rejected = 2
| > Rotational-check high-precision retries = 152456
| > Rotational-check high-precision salvaged = 152454
| > Large-weight high-precision retries = 7120
| > Large-weight high-precision salvaged = 7120
| > Large-weight high-precision rejected = 0
| > Large-weight samples zeroed = 0 (0.000e+00 of samples; removed signed/absolute sums = 0.00000e+00/0.00000e+00)
| > Non-finite final outputs zeroed = 0
| > Non-finite float rotated evaluations seen = 0
| > Example higher-precision-retried xs = [1.1737056346071351e-01 6.8210704234608166e-01 1.3637080159835113e-03 4.3066148777310964e-01 4.3356886191813082e-01 5.9829937939858402e-01] | float rel = 3.97127e-06
| >     momentum space  : k = [[-4.7144688033663129e-01, -1.0373028020352817e+00, 2.6595416256139868e+02]; [-1.3175423952853735e+03, 5.8427290965667441e+02, -4.5980225484447061e+02]]
| > Example large-weight higher-precision-retried xs = [2.4743214951097262e-01 1.9253954976410956e-02 7.5639735761422510e-03 1.1789330545539248e-01 5.8387763198916209e-01 8.8411195536692044e-01] | compiled = 4.30723e+02 | higher precision = 4.30723e+02
| >     momentum space  : k = [[1.5510067285466739e+01, 1.8855559947614091e+00, 6.5738203690586454e+02]; [-8.2265791044449472e+01, -4.7872044474115157e+01, -2.4977907995107381e+02]]
| > Example unstable xs = [3.9920422286985552e-01 4.6207242265265575e-01 2.1903351813005502e-09 8.0889503796212459e-02 7.6799941403647265e-01 7.5650221262021880e-02]
| >     momentum space  : k = [[-8.8860437550255776e-06, 2.1586154694590237e-06, 1.3289182050405120e+03]; [4.6766024140998237e+00, -4.1175141562071751e+01, 1.7106927440814647e+02]]
| > Example higher-precision rejection xs = [3.9920422286985552e-01 4.6207242265265575e-01 2.1903351813005502e-09 8.0889503796212459e-02 7.6799941403647265e-01 7.5650221262021880e-02] | reason = higher-precision original/rotated pair disagrees
| >     momentum space  : k = [[-8.8860437550255776e-06, 2.1586154694590237e-06, 1.3289182050405120e+03]; [4.6766024140998237e+00, -4.1175141562071751e+01, 1.7106927440814647e+02]]
| > [92mCentral value[0m : +4.9669366114329811e-08   +/- 7.96e-11     ([92m0.160%[0m)
[92mINFO[0m [94msymbolica_integrator l.6781[0m [96mt=2026-09-01,23:20:20.873[0m > | > Graph-channel Symbolica observer estimates:
| >   graph_0     : 1.3061386584978481e-09 +/- 3.38e-12 [15379 selected]
| >   graph_1     : 2.3132354444791534e-09 +/- 5.60e-12 [28732 selected]
| >   graph_2     : 2.2384986028495304e-08 +/- 2.45e-11 [166064 selected]
| >   graph_3     : 6.2119589388820063e-11 +/- 8.10e-13 [3748 selected]
| >   graph_4     : -3.1063292417849221e-09 +/- 6.51e-12 [31113 selected]
| >   graph_5     : 3.6320144754049875e-10 +/- 2.23e-12 [9589 selected]
| >   graph_6     : 7.4136595928914826e-08 +/- 5.73e-11 [385695 selected]
| >   graph_7     : -2.2930290801125015e-09 +/- 4.29e-12 [22493 selected]
| >   graph_8     : -4.7670966352089196e-08 +/- 4.73e-11 [292176 selected]
| >   graph_9     : 1.9715720688697292e-09 +/- 3.95e-12 [20197 selected]
| >   graph_10    : 2.0184162213052589e-10 +/- 4.56e-12 [24814 selected]
| >   sum         : 4.9669366114330082e-08
| >   total       : 4.9669366114329811e-08
| >   difference  : 2.7131524091739308e-22
[92mINFO[0m [94msymbolica_integrator l.6744[0m [96mt=2026-09-01,23:20:20.873[0m > Symbolica integration: starting iteration [92m92/100[0m using [94m1000000[0m points ...
[92mINFO[0m [94msymbolica_integrator l.6777[0m [96mt=2026-09-01,23:22:44.146[0m > ... result after this iteration:
| > Integration result after [92m92000000[0m evaluations in [92m148470.18 CPU-s[0m [94m(1613.8 µs / eval)[0m
| > Extremal weights:
| >   with jacobian    : 6.07958e+02 at xs = [2.7807442678925393e-01 1.1354113945739913e-01 6.0802850114241381e-03 1.4837041396525982e-01 5.9942638400086801e-01 9.2629881873517494e-01] | jacobian = 1.30217e+18
| >     momentum space  : k = [[1.1126253467559630e+01, 9.6293043349024412e+00, 7.7022814272072014e+02]; [-6.4856580595199858e+01, -4.6764854095292392e+01, -3.3914053125240025e+02]]
| >   without jacobian : 3.77968e-11 at xs = [1.3006825908305571e-06 5.4847100637504809e-01 6.9554271691009018e-03 1.9790512586524156e-01 3.1458153711418047e-01 7.2849435893380698e-01] | jacobian = 6.56996e+07
| >     momentum space  : k = [[-5.4222665857190135e-05, -1.7043877752225761e-05, 2.6007475503847040e-03]; [-1.4672134754180379e+02, 3.4151381268913622e+02, -3.2458344211843064e+02]]
| >   before clipping   : 6.07958e+02 at xs = [2.7807442678925393e-01 1.1354113945739913e-01 6.0802850114241381e-03 1.4837041396525982e-01 5.9942638400086801e-01 9.2629881873517494e-01]
| >     momentum space  : k = [[1.1126253467559630e+01, 9.6293043349024412e+00, 7.7022814272072014e+02]; [-6.4856580595199858e+01, -4.6764854095292392e+01, -3.3914053125240025e+02]]
| > Stability pipeline: float pairs accepted = 91838689, HP pairs attempted/accepted = 161311/161309
| > Stability triggers: float mismatch = 154120, float non-finite/error = 2
| > Higher-precision rejections: disagreement = 2, non-finite = 0, error = 0
| > Unstable rotational-check points rejected = 2
| > Rotational-check high-precision retries = 154122
| > Rotational-check high-precision salvaged = 154120
| > Large-weight high-precision retries = 7189
| > Large-weight high-precision salvaged = 7189
| > Large-weight high-precision rejected = 0
| > Large-weight samples zeroed = 0 (0.000e+00 of samples; removed signed/absolute sums = 0.00000e+00/0.00000e+00)
| > Non-finite final outputs zeroed = 0
| > Non-finite float rotated evaluations seen = 0
| > Example higher-precision-retried xs = [1.1737056346071351e-01 6.8210704234608166e-01 1.3637080159835113e-03 4.3066148777310964e-01 4.3356886191813082e-01 5.9829937939858402e-01] | float rel = 3.97127e-06
| >     momentum space  : k = [[-4.7144688033663129e-01, -1.0373028020352817e+00, 2.6595416256139868e+02]; [-1.3175423952853735e+03, 5.8427290965667441e+02, -4.5980225484447061e+02]]
| > Example large-weight higher-precision-retried xs = [2.4743214951097262e-01 1.9253954976410956e-02 7.5639735761422510e-03 1.1789330545539248e-01 5.8387763198916209e-01 8.8411195536692044e-01] | compiled = 4.30723e+02 | higher precision = 4.30723e+02
| >     momentum space  : k = [[1.5510067285466739e+01, 1.8855559947614091e+00, 6.5738203690586454e+02]; [-8.2265791044449472e+01, -4.7872044474115157e+01, -2.4977907995107381e+02]]
| > Example unstable xs = [3.9920422286985552e-01 4.6207242265265575e-01 2.1903351813005502e-09 8.0889503796212459e-02 7.6799941403647265e-01 7.5650221262021880e-02]
| >     momentum space  : k = [[-8.8860437550255776e-06, 2.1586154694590237e-06, 1.3289182050405120e+03]; [4.6766024140998237e+00, -4.1175141562071751e+01, 1.7106927440814647e+02]]
| > Example higher-precision rejection xs = [3.9920422286985552e-01 4.6207242265265575e-01 2.1903351813005502e-09 8.0889503796212459e-02 7.6799941403647265e-01 7.5650221262021880e-02] | reason = higher-precision original/rotated pair disagrees
| >     momentum space  : k = [[-8.8860437550255776e-06, 2.1586154694590237e-06, 1.3289182050405120e+03]; [4.6766024140998237e+00, -4.1175141562071751e+01, 1.7106927440814647e+02]]
| > [92mCentral value[0m : +4.9671207274225314e-08   +/- 7.88e-11     ([92m0.159%[0m)
[92mINFO[0m [94msymbolica_integrator l.6781[0m [96mt=2026-09-01,23:22:44.146[0m > | > Graph-channel Symbolica observer estimates:
| >   graph_0     : 1.3058250022172416e-09 +/- 3.36e-12 [15399 selected]
| >   graph_1     : 2.3122196576564946e-09 +/- 5.56e-12 [28652 selected]
| >   graph_2     : 2.2388652739751398e-08 +/- 2.43e-11 [166362 selected]
| >   graph_3     : 6.2219087184737182e-11 +/- 8.05e-13 [3837 selected]
| >   graph_4     : -3.1068703450099839e-09 +/- 6.47e-12 [31250 selected]
| >   graph_5     : 3.6368989617094603e-10 +/- 2.22e-12 [9467 selected]
| >   graph_6     : 7.4135725051201545e-08 +/- 5.67e-11 [385727 selected]
| >   graph_7     : -2.2927985219016876e-09 +/- 4.26e-12 [22402 selected]
| >   graph_8     : -4.7670917591427442e-08 +/- 4.68e-11 [292385 selected]
| >   graph_9     : 1.9715926431272742e-09 +/- 3.93e-12 [19822 selected]
| >   graph_10    : 2.0186965525507775e-10 +/- 4.54e-12 [24697 selected]
| >   sum         : 4.9671207274225598e-08
| >   total       : 4.9671207274225314e-08
| >   difference  : 2.8455013071824152e-22
[92mINFO[0m [94msymbolica_integrator l.6744[0m [96mt=2026-09-01,23:22:44.146[0m > Symbolica integration: starting iteration [92m93/100[0m using [94m1000000[0m points ...
[92mINFO[0m [94msymbolica_integrator l.6777[0m [96mt=2026-09-01,23:24:54.772[0m > ... result after this iteration:
| > Integration result after [92m93000000[0m evaluations in [92m151274.87 CPU-s[0m [94m(1626.6 µs / eval)[0m
| > Extremal weights:
| >   with jacobian    : 6.07958e+02 at xs = [2.7807442678925393e-01 1.1354113945739913e-01 6.0802850114241381e-03 1.4837041396525982e-01 5.9942638400086801e-01 9.2629881873517494e-01] | jacobian = 1.30217e+18
| >     momentum space  : k = [[1.1126253467559630e+01, 9.6293043349024412e+00, 7.7022814272072014e+02]; [-6.4856580595199858e+01, -4.6764854095292392e+01, -3.3914053125240025e+02]]
| >   without jacobian : 3.77968e-11 at xs = [1.3006825908305571e-06 5.4847100637504809e-01 6.9554271691009018e-03 1.9790512586524156e-01 3.1458153711418047e-01 7.2849435893380698e-01] | jacobian = 6.56996e+07
| >     momentum space  : k = [[-5.4222665857190135e-05, -1.7043877752225761e-05, 2.6007475503847040e-03]; [-1.4672134754180379e+02, 3.4151381268913622e+02, -3.2458344211843064e+02]]
| >   before clipping   : 6.07958e+02 at xs = [2.7807442678925393e-01 1.1354113945739913e-01 6.0802850114241381e-03 1.4837041396525982e-01 5.9942638400086801e-01 9.2629881873517494e-01]
| >     momentum space  : k = [[1.1126253467559630e+01, 9.6293043349024412e+00, 7.7022814272072014e+02]; [-6.4856580595199858e+01, -4.6764854095292392e+01, -3.3914053125240025e+02]]
| > Stability pipeline: float pairs accepted = 92837013, HP pairs attempted/accepted = 162987/162985
| > Stability triggers: float mismatch = 155711, float non-finite/error = 2
| > Higher-precision rejections: disagreement = 2, non-finite = 0, error = 0
| > Unstable rotational-check points rejected = 2
| > Rotational-check high-precision retries = 155713
| > Rotational-check high-precision salvaged = 155711
| > Large-weight high-precision retries = 7274
| > Large-weight high-precision salvaged = 7274
| > Large-weight high-precision rejected = 0
| > Large-weight samples zeroed = 0 (0.000e+00 of samples; removed signed/absolute sums = 0.00000e+00/0.00000e+00)
| > Non-finite final outputs zeroed = 0
| > Non-finite float rotated evaluations seen = 0
| > Example higher-precision-retried xs = [1.1737056346071351e-01 6.8210704234608166e-01 1.3637080159835113e-03 4.3066148777310964e-01 4.3356886191813082e-01 5.9829937939858402e-01] | float rel = 3.97127e-06
| >     momentum space  : k = [[-4.7144688033663129e-01, -1.0373028020352817e+00, 2.6595416256139868e+02]; [-1.3175423952853735e+03, 5.8427290965667441e+02, -4.5980225484447061e+02]]
| > Example large-weight higher-precision-retried xs = [2.4743214951097262e-01 1.9253954976410956e-02 7.5639735761422510e-03 1.1789330545539248e-01 5.8387763198916209e-01 8.8411195536692044e-01] | compiled = 4.30723e+02 | higher precision = 4.30723e+02
| >     momentum space  : k = [[1.5510067285466739e+01, 1.8855559947614091e+00, 6.5738203690586454e+02]; [-8.2265791044449472e+01, -4.7872044474115157e+01, -2.4977907995107381e+02]]
| > Example unstable xs = [3.9920422286985552e-01 4.6207242265265575e-01 2.1903351813005502e-09 8.0889503796212459e-02 7.6799941403647265e-01 7.5650221262021880e-02]
| >     momentum space  : k = [[-8.8860437550255776e-06, 2.1586154694590237e-06, 1.3289182050405120e+03]; [4.6766024140998237e+00, -4.1175141562071751e+01, 1.7106927440814647e+02]]
| > Example higher-precision rejection xs = [3.9920422286985552e-01 4.6207242265265575e-01 2.1903351813005502e-09 8.0889503796212459e-02 7.6799941403647265e-01 7.5650221262021880e-02] | reason = higher-precision original/rotated pair disagrees
| >     momentum space  : k = [[-8.8860437550255776e-06, 2.1586154694590237e-06, 1.3289182050405120e+03]; [4.6766024140998237e+00, -4.1175141562071751e+01, 1.7106927440814647e+02]]
| > [92mCentral value[0m : +4.9673678315067936e-08   +/- 7.81e-11     ([92m0.157%[0m)
[92mINFO[0m [94msymbolica_integrator l.6781[0m [96mt=2026-09-01,23:24:54.772[0m > | > Graph-channel Symbolica observer estimates:
| >   graph_0     : 1.3057055596880835e-09 +/- 3.34e-12 [15717 selected]
| >   graph_1     : 2.3140824698467354e-09 +/- 5.59e-12 [28839 selected]
| >   graph_2     : 2.2387217612803099e-08 +/- 2.41e-11 [165388 selected]
| >   graph_3     : 6.2202074666697658e-11 +/- 7.98e-13 [3897 selected]
| >   graph_4     : -3.1080511016940289e-09 +/- 6.44e-12 [31551 selected]
| >   graph_5     : 3.6356506295463464e-10 +/- 2.20e-12 [9472 selected]
| >   graph_6     : 7.4138779564553897e-08 +/- 5.62e-11 [386300 selected]
| >   graph_7     : -2.2926249436942920e-09 +/- 4.23e-12 [22517 selected]
| >   graph_8     : -4.7670145155283280e-08 +/- 4.64e-11 [291794 selected]
| >   graph_9     : 1.9711570162220374e-09 +/- 3.91e-12 [19861 selected]
| >   graph_10    : 2.0179015500465674e-10 +/- 4.50e-12 [24664 selected]
| >   sum         : 4.9673678315068240e-08
| >   total       : 4.9673678315067936e-08
| >   difference  : 3.0440246541951418e-22
[92mINFO[0m [94msymbolica_integrator l.6744[0m [96mt=2026-09-01,23:24:54.889[0m > Symbolica integration: starting iteration [92m94/100[0m using [94m1000000[0m points ...
[92mINFO[0m [94msymbolica_integrator l.6777[0m [96mt=2026-09-01,23:26:01.992[0m > ... result after this iteration:
| > Integration result after [92m94000000[0m evaluations in [92m152559.03 CPU-s[0m [94m(1623.0 µs / eval)[0m
| > Extremal weights:
| >   with jacobian    : 6.07958e+02 at xs = [2.7807442678925393e-01 1.1354113945739913e-01 6.0802850114241381e-03 1.4837041396525982e-01 5.9942638400086801e-01 9.2629881873517494e-01] | jacobian = 1.30217e+18
| >     momentum space  : k = [[1.1126253467559630e+01, 9.6293043349024412e+00, 7.7022814272072014e+02]; [-6.4856580595199858e+01, -4.6764854095292392e+01, -3.3914053125240025e+02]]
| >   without jacobian : 3.77968e-11 at xs = [1.3006825908305571e-06 5.4847100637504809e-01 6.9554271691009018e-03 1.9790512586524156e-01 3.1458153711418047e-01 7.2849435893380698e-01] | jacobian = 6.56996e+07
| >     momentum space  : k = [[-5.4222665857190135e-05, -1.7043877752225761e-05, 2.6007475503847040e-03]; [-1.4672134754180379e+02, 3.4151381268913622e+02, -3.2458344211843064e+02]]
| >   before clipping   : 6.07958e+02 at xs = [2.7807442678925393e-01 1.1354113945739913e-01 6.0802850114241381e-03 1.4837041396525982e-01 5.9942638400086801e-01 9.2629881873517494e-01]
| >     momentum space  : k = [[1.1126253467559630e+01, 9.6293043349024412e+00, 7.7022814272072014e+02]; [-6.4856580595199858e+01, -4.6764854095292392e+01, -3.3914053125240025e+02]]
| > Stability pipeline: float pairs accepted = 93835297, HP pairs attempted/accepted = 164703/164701
| > Stability triggers: float mismatch = 157349, float non-finite/error = 2
| > Higher-precision rejections: disagreement = 2, non-finite = 0, error = 0
| > Unstable rotational-check points rejected = 2
| > Rotational-check high-precision retries = 157351
| > Rotational-check high-precision salvaged = 157349
| > Large-weight high-precision retries = 7352
| > Large-weight high-precision salvaged = 7352
| > Large-weight high-precision rejected = 0
| > Large-weight samples zeroed = 0 (0.000e+00 of samples; removed signed/absolute sums = 0.00000e+00/0.00000e+00)
| > Non-finite final outputs zeroed = 0
| > Non-finite float rotated evaluations seen = 0
| > Example higher-precision-retried xs = [1.1737056346071351e-01 6.8210704234608166e-01 1.3637080159835113e-03 4.3066148777310964e-01 4.3356886191813082e-01 5.9829937939858402e-01] | float rel = 3.97127e-06
| >     momentum space  : k = [[-4.7144688033663129e-01, -1.0373028020352817e+00, 2.6595416256139868e+02]; [-1.3175423952853735e+03, 5.8427290965667441e+02, -4.5980225484447061e+02]]
| > Example large-weight higher-precision-retried xs = [2.4743214951097262e-01 1.9253954976410956e-02 7.5639735761422510e-03 1.1789330545539248e-01 5.8387763198916209e-01 8.8411195536692044e-01] | compiled = 4.30723e+02 | higher precision = 4.30723e+02
| >     momentum space  : k = [[1.5510067285466739e+01, 1.8855559947614091e+00, 6.5738203690586454e+02]; [-8.2265791044449472e+01, -4.7872044474115157e+01, -2.4977907995107381e+02]]
| > Example unstable xs = [3.9920422286985552e-01 4.6207242265265575e-01 2.1903351813005502e-09 8.0889503796212459e-02 7.6799941403647265e-01 7.5650221262021880e-02]
| >     momentum space  : k = [[-8.8860437550255776e-06, 2.1586154694590237e-06, 1.3289182050405120e+03]; [4.6766024140998237e+00, -4.1175141562071751e+01, 1.7106927440814647e+02]]
| > Example higher-precision rejection xs = [3.9920422286985552e-01 4.6207242265265575e-01 2.1903351813005502e-09 8.0889503796212459e-02 7.6799941403647265e-01 7.5650221262021880e-02] | reason = higher-precision original/rotated pair disagrees
| >     momentum space  : k = [[-8.8860437550255776e-06, 2.1586154694590237e-06, 1.3289182050405120e+03]; [4.6766024140998237e+00, -4.1175141562071751e+01, 1.7106927440814647e+02]]
| > [92mCentral value[0m : +4.9673239882691761e-08   +/- 7.73e-11     ([92m0.156%[0m)
[92mINFO[0m [94msymbolica_integrator l.6781[0m [96mt=2026-09-01,23:26:01.993[0m > | > Graph-channel Symbolica observer estimates:
| >   graph_0     : 1.3052361602260922e-09 +/- 3.32e-12 [15305 selected]
| >   graph_1     : 2.3145058249613066e-09 +/- 5.56e-12 [28841 selected]
| >   graph_2     : 2.2390321992181777e-08 +/- 2.39e-11 [166439 selected]
| >   graph_3     : 6.2348475722682086e-11 +/- 7.99e-13 [3813 selected]
| >   graph_4     : -3.1083583676027919e-09 +/- 6.41e-12 [31376 selected]
| >   graph_5     : 3.6313944804891837e-10 +/- 2.18e-12 [9286 selected]
| >   graph_6     : 7.4136430524282723e-08 +/- 5.56e-11 [385220 selected]
| >   graph_7     : -2.2925259719531866e-09 +/- 4.21e-12 [22529 selected]
| >   graph_8     : -4.7670420175688878e-08 +/- 4.59e-11 [292530 selected]
| >   graph_9     : 1.9711428467268649e-09 +/- 3.88e-12 [20204 selected]
| >   graph_10    : 2.0141912578656113e-10 +/- 4.47e-12 [24457 selected]
| >   sum         : 4.9673239882692072e-08
| >   total       : 4.9673239882691761e-08
| >   difference  : 3.1101991031993841e-22
[92mINFO[0m [94msymbolica_integrator l.6744[0m [96mt=2026-09-01,23:26:01.993[0m > Symbolica integration: starting iteration [92m95/100[0m using [94m1000000[0m points ...
[92mINFO[0m [94msymbolica_integrator l.6777[0m [96mt=2026-09-01,23:27:13.372[0m > ... result after this iteration:
| > Integration result after [92m95000000[0m evaluations in [92m153878.40 CPU-s[0m [94m(1619.8 µs / eval)[0m
| > Extremal weights:
| >   with jacobian    : 6.07958e+02 at xs = [2.7807442678925393e-01 1.1354113945739913e-01 6.0802850114241381e-03 1.4837041396525982e-01 5.9942638400086801e-01 9.2629881873517494e-01] | jacobian = 1.30217e+18
| >     momentum space  : k = [[1.1126253467559630e+01, 9.6293043349024412e+00, 7.7022814272072014e+02]; [-6.4856580595199858e+01, -4.6764854095292392e+01, -3.3914053125240025e+02]]
| >   without jacobian : 3.77968e-11 at xs = [1.3006825908305571e-06 5.4847100637504809e-01 6.9554271691009018e-03 1.9790512586524156e-01 3.1458153711418047e-01 7.2849435893380698e-01] | jacobian = 6.56996e+07
| >     momentum space  : k = [[-5.4222665857190135e-05, -1.7043877752225761e-05, 2.6007475503847040e-03]; [-1.4672134754180379e+02, 3.4151381268913622e+02, -3.2458344211843064e+02]]
| >   before clipping   : 6.07958e+02 at xs = [2.7807442678925393e-01 1.1354113945739913e-01 6.0802850114241381e-03 1.4837041396525982e-01 5.9942638400086801e-01 9.2629881873517494e-01]
| >     momentum space  : k = [[1.1126253467559630e+01, 9.6293043349024412e+00, 7.7022814272072014e+02]; [-6.4856580595199858e+01, -4.6764854095292392e+01, -3.3914053125240025e+02]]
| > Stability pipeline: float pairs accepted = 94833550, HP pairs attempted/accepted = 166450/166448
| > Stability triggers: float mismatch = 159011, float non-finite/error = 2
| > Higher-precision rejections: disagreement = 2, non-finite = 0, error = 0
| > Unstable rotational-check points rejected = 2
| > Rotational-check high-precision retries = 159013
| > Rotational-check high-precision salvaged = 159011
| > Large-weight high-precision retries = 7437
| > Large-weight high-precision salvaged = 7437
| > Large-weight high-precision rejected = 0
| > Large-weight samples zeroed = 0 (0.000e+00 of samples; removed signed/absolute sums = 0.00000e+00/0.00000e+00)
| > Non-finite final outputs zeroed = 0
| > Non-finite float rotated evaluations seen = 0
| > Example higher-precision-retried xs = [1.1737056346071351e-01 6.8210704234608166e-01 1.3637080159835113e-03 4.3066148777310964e-01 4.3356886191813082e-01 5.9829937939858402e-01] | float rel = 3.97127e-06
| >     momentum space  : k = [[-4.7144688033663129e-01, -1.0373028020352817e+00, 2.6595416256139868e+02]; [-1.3175423952853735e+03, 5.8427290965667441e+02, -4.5980225484447061e+02]]
| > Example large-weight higher-precision-retried xs = [2.4743214951097262e-01 1.9253954976410956e-02 7.5639735761422510e-03 1.1789330545539248e-01 5.8387763198916209e-01 8.8411195536692044e-01] | compiled = 4.30723e+02 | higher precision = 4.30723e+02
| >     momentum space  : k = [[1.5510067285466739e+01, 1.8855559947614091e+00, 6.5738203690586454e+02]; [-8.2265791044449472e+01, -4.7872044474115157e+01, -2.4977907995107381e+02]]
| > Example unstable xs = [3.9920422286985552e-01 4.6207242265265575e-01 2.1903351813005502e-09 8.0889503796212459e-02 7.6799941403647265e-01 7.5650221262021880e-02]
| >     momentum space  : k = [[-8.8860437550255776e-06, 2.1586154694590237e-06, 1.3289182050405120e+03]; [4.6766024140998237e+00, -4.1175141562071751e+01, 1.7106927440814647e+02]]
| > Example higher-precision rejection xs = [3.9920422286985552e-01 4.6207242265265575e-01 2.1903351813005502e-09 8.0889503796212459e-02 7.6799941403647265e-01 7.5650221262021880e-02] | reason = higher-precision original/rotated pair disagrees
| >     momentum space  : k = [[-8.8860437550255776e-06, 2.1586154694590237e-06, 1.3289182050405120e+03]; [4.6766024140998237e+00, -4.1175141562071751e+01, 1.7106927440814647e+02]]
| > [92mCentral value[0m : +4.9678011623163962e-08   +/- 7.66e-11     ([92m0.154%[0m)
[92mINFO[0m [94msymbolica_integrator l.6781[0m [96mt=2026-09-01,23:27:13.372[0m > | > Graph-channel Symbolica observer estimates:
| >   graph_0     : 1.3054104689288457e-09 +/- 3.30e-12 [15467 selected]
| >   graph_1     : 2.3141000732195381e-09 +/- 5.53e-12 [29061 selected]
| >   graph_2     : 2.2390362965521247e-08 +/- 2.37e-11 [166148 selected]
| >   graph_3     : 6.2393986621565889e-11 +/- 8.00e-13 [3742 selected]
| >   graph_4     : -3.1080750545345309e-09 +/- 6.37e-12 [30971 selected]
| >   graph_5     : 3.6345574663565022e-10 +/- 2.17e-12 [9449 selected]
| >   graph_6     : 7.4138825032883857e-08 +/- 5.51e-11 [385947 selected]
| >   graph_7     : -2.2923485896806028e-09 +/- 4.18e-12 [22263 selected]
| >   graph_8     : -4.7670027160720791e-08 +/- 4.55e-11 [292344 selected]
| >   graph_9     : 1.9717548568715207e-09 +/- 3.86e-12 [20093 selected]
| >   graph_10    : 2.0215929741797998e-10 +/- 4.44e-12 [24515 selected]
| >   sum         : 4.9678011623164280e-08
| >   total       : 4.9678011623163962e-08
| >   difference  : 3.1763735522036263e-22
[92mINFO[0m [94msymbolica_integrator l.6744[0m [96mt=2026-09-01,23:27:13.390[0m > Symbolica integration: starting iteration [92m96/100[0m using [94m1000000[0m points ...
[92mINFO[0m [94msymbolica_integrator l.6777[0m [96mt=2026-09-01,23:28:29.535[0m > ... result after this iteration:
| > Integration result after [92m96000000[0m evaluations in [92m155407.74 CPU-s[0m [94m(1618.8 µs / eval)[0m
| > Extremal weights:
| >   with jacobian    : 6.07958e+02 at xs = [2.7807442678925393e-01 1.1354113945739913e-01 6.0802850114241381e-03 1.4837041396525982e-01 5.9942638400086801e-01 9.2629881873517494e-01] | jacobian = 1.30217e+18
| >     momentum space  : k = [[1.1126253467559630e+01, 9.6293043349024412e+00, 7.7022814272072014e+02]; [-6.4856580595199858e+01, -4.6764854095292392e+01, -3.3914053125240025e+02]]
| >   without jacobian : 3.77968e-11 at xs = [1.3006825908305571e-06 5.4847100637504809e-01 6.9554271691009018e-03 1.9790512586524156e-01 3.1458153711418047e-01 7.2849435893380698e-01] | jacobian = 6.56996e+07
| >     momentum space  : k = [[-5.4222665857190135e-05, -1.7043877752225761e-05, 2.6007475503847040e-03]; [-1.4672134754180379e+02, 3.4151381268913622e+02, -3.2458344211843064e+02]]
| >   before clipping   : 6.07958e+02 at xs = [2.7807442678925393e-01 1.1354113945739913e-01 6.0802850114241381e-03 1.4837041396525982e-01 5.9942638400086801e-01 9.2629881873517494e-01]
| >     momentum space  : k = [[1.1126253467559630e+01, 9.6293043349024412e+00, 7.7022814272072014e+02]; [-6.4856580595199858e+01, -4.6764854095292392e+01, -3.3914053125240025e+02]]
| > Stability pipeline: float pairs accepted = 95831882, HP pairs attempted/accepted = 168118/168116
| > Stability triggers: float mismatch = 160611, float non-finite/error = 2
| > Higher-precision rejections: disagreement = 2, non-finite = 0, error = 0
| > Unstable rotational-check points rejected = 2
| > Rotational-check high-precision retries = 160613
| > Rotational-check high-precision salvaged = 160611
| > Large-weight high-precision retries = 7505
| > Large-weight high-precision salvaged = 7505
| > Large-weight high-precision rejected = 0
| > Large-weight samples zeroed = 0 (0.000e+00 of samples; removed signed/absolute sums = 0.00000e+00/0.00000e+00)
| > Non-finite final outputs zeroed = 0
| > Non-finite float rotated evaluations seen = 0
| > Example higher-precision-retried xs = [1.1737056346071351e-01 6.8210704234608166e-01 1.3637080159835113e-03 4.3066148777310964e-01 4.3356886191813082e-01 5.9829937939858402e-01] | float rel = 3.97127e-06
| >     momentum space  : k = [[-4.7144688033663129e-01, -1.0373028020352817e+00, 2.6595416256139868e+02]; [-1.3175423952853735e+03, 5.8427290965667441e+02, -4.5980225484447061e+02]]
| > Example large-weight higher-precision-retried xs = [2.4743214951097262e-01 1.9253954976410956e-02 7.5639735761422510e-03 1.1789330545539248e-01 5.8387763198916209e-01 8.8411195536692044e-01] | compiled = 4.30723e+02 | higher precision = 4.30723e+02
| >     momentum space  : k = [[1.5510067285466739e+01, 1.8855559947614091e+00, 6.5738203690586454e+02]; [-8.2265791044449472e+01, -4.7872044474115157e+01, -2.4977907995107381e+02]]
| > Example unstable xs = [3.9920422286985552e-01 4.6207242265265575e-01 2.1903351813005502e-09 8.0889503796212459e-02 7.6799941403647265e-01 7.5650221262021880e-02]
| >     momentum space  : k = [[-8.8860437550255776e-06, 2.1586154694590237e-06, 1.3289182050405120e+03]; [4.6766024140998237e+00, -4.1175141562071751e+01, 1.7106927440814647e+02]]
| > Example higher-precision rejection xs = [3.9920422286985552e-01 4.6207242265265575e-01 2.1903351813005502e-09 8.0889503796212459e-02 7.6799941403647265e-01 7.5650221262021880e-02] | reason = higher-precision original/rotated pair disagrees
| >     momentum space  : k = [[-8.8860437550255776e-06, 2.1586154694590237e-06, 1.3289182050405120e+03]; [4.6766024140998237e+00, -4.1175141562071751e+01, 1.7106927440814647e+02]]
| > [92mCentral value[0m : +4.9680026713705621e-08   +/- 7.59e-11     ([92m0.153%[0m)
[92mINFO[0m [94msymbolica_integrator l.6781[0m [96mt=2026-09-01,23:28:29.535[0m > | > Graph-channel Symbolica observer estimates:
| >   graph_0     : 1.3052777681639192e-09 +/- 3.28e-12 [15496 selected]
| >   graph_1     : 2.3147399590373599e-09 +/- 5.50e-12 [28981 selected]
| >   graph_2     : 2.2391503488282568e-08 +/- 2.34e-11 [166161 selected]
| >   graph_3     : 6.2349932658216121e-11 +/- 7.97e-13 [3911 selected]
| >   graph_4     : -3.1089682358616624e-09 +/- 6.33e-12 [31524 selected]
| >   graph_5     : 3.6331467026531966e-10 +/- 2.16e-12 [9353 selected]
| >   graph_6     : 7.4136805598351503e-08 +/- 5.46e-11 [386118 selected]
| >   graph_7     : -2.2924188815606985e-09 +/- 4.15e-12 [22338 selected]
| >   graph_8     : -4.7666753560934927e-08 +/- 4.51e-11 [291568 selected]
| >   graph_9     : 1.9720179950012439e-09 +/- 3.84e-12 [20002 selected]
| >   graph_10    : 2.0215798030310247e-10 +/- 4.41e-12 [24548 selected]
| >   sum         : 4.9680026713705945e-08
| >   total       : 4.9680026713705621e-08
| >   difference  : 3.2425480012078685e-22
[92mINFO[0m [94msymbolica_integrator l.6744[0m [96mt=2026-09-01,23:28:29.536[0m > Symbolica integration: starting iteration [92m97/100[0m using [94m1000000[0m points ...
[92mINFO[0m [94msymbolica_integrator l.6777[0m [96mt=2026-09-01,23:30:36.630[0m > ... result after this iteration:
| > Integration result after [92m97000000[0m evaluations in [92m158185.80 CPU-s[0m [94m(1630.8 µs / eval)[0m
| > Extremal weights:
| >   with jacobian    : 6.07958e+02 at xs = [2.7807442678925393e-01 1.1354113945739913e-01 6.0802850114241381e-03 1.4837041396525982e-01 5.9942638400086801e-01 9.2629881873517494e-01] | jacobian = 1.30217e+18
| >     momentum space  : k = [[1.1126253467559630e+01, 9.6293043349024412e+00, 7.7022814272072014e+02]; [-6.4856580595199858e+01, -4.6764854095292392e+01, -3.3914053125240025e+02]]
| >   without jacobian : 3.77968e-11 at xs = [1.3006825908305571e-06 5.4847100637504809e-01 6.9554271691009018e-03 1.9790512586524156e-01 3.1458153711418047e-01 7.2849435893380698e-01] | jacobian = 6.56996e+07
| >     momentum space  : k = [[-5.4222665857190135e-05, -1.7043877752225761e-05, 2.6007475503847040e-03]; [-1.4672134754180379e+02, 3.4151381268913622e+02, -3.2458344211843064e+02]]
| >   before clipping   : 6.07958e+02 at xs = [2.7807442678925393e-01 1.1354113945739913e-01 6.0802850114241381e-03 1.4837041396525982e-01 5.9942638400086801e-01 9.2629881873517494e-01]
| >     momentum space  : k = [[1.1126253467559630e+01, 9.6293043349024412e+00, 7.7022814272072014e+02]; [-6.4856580595199858e+01, -4.6764854095292392e+01, -3.3914053125240025e+02]]
| > Stability pipeline: float pairs accepted = 96830252, HP pairs attempted/accepted = 169748/169746
| > Stability triggers: float mismatch = 162163, float non-finite/error = 2
| > Higher-precision rejections: disagreement = 2, non-finite = 0, error = 0
| > Unstable rotational-check points rejected = 2
| > Rotational-check high-precision retries = 162165
| > Rotational-check high-precision salvaged = 162163
| > Large-weight high-precision retries = 7583
| > Large-weight high-precision salvaged = 7583
| > Large-weight high-precision rejected = 0
| > Large-weight samples zeroed = 0 (0.000e+00 of samples; removed signed/absolute sums = 0.00000e+00/0.00000e+00)
| > Non-finite final outputs zeroed = 0
| > Non-finite float rotated evaluations seen = 0
| > Example higher-precision-retried xs = [1.1737056346071351e-01 6.8210704234608166e-01 1.3637080159835113e-03 4.3066148777310964e-01 4.3356886191813082e-01 5.9829937939858402e-01] | float rel = 3.97127e-06
| >     momentum space  : k = [[-4.7144688033663129e-01, -1.0373028020352817e+00, 2.6595416256139868e+02]; [-1.3175423952853735e+03, 5.8427290965667441e+02, -4.5980225484447061e+02]]
| > Example large-weight higher-precision-retried xs = [2.4743214951097262e-01 1.9253954976410956e-02 7.5639735761422510e-03 1.1789330545539248e-01 5.8387763198916209e-01 8.8411195536692044e-01] | compiled = 4.30723e+02 | higher precision = 4.30723e+02
| >     momentum space  : k = [[1.5510067285466739e+01, 1.8855559947614091e+00, 6.5738203690586454e+02]; [-8.2265791044449472e+01, -4.7872044474115157e+01, -2.4977907995107381e+02]]
| > Example unstable xs = [3.9920422286985552e-01 4.6207242265265575e-01 2.1903351813005502e-09 8.0889503796212459e-02 7.6799941403647265e-01 7.5650221262021880e-02]
| >     momentum space  : k = [[-8.8860437550255776e-06, 2.1586154694590237e-06, 1.3289182050405120e+03]; [4.6766024140998237e+00, -4.1175141562071751e+01, 1.7106927440814647e+02]]
| > Example higher-precision rejection xs = [3.9920422286985552e-01 4.6207242265265575e-01 2.1903351813005502e-09 8.0889503796212459e-02 7.6799941403647265e-01 7.5650221262021880e-02] | reason = higher-precision original/rotated pair disagrees
| >     momentum space  : k = [[-8.8860437550255776e-06, 2.1586154694590237e-06, 1.3289182050405120e+03]; [4.6766024140998237e+00, -4.1175141562071751e+01, 1.7106927440814647e+02]]
| > [92mCentral value[0m : +4.9686380469005042e-08   +/- 7.52e-11     ([92m0.151%[0m)
[92mINFO[0m [94msymbolica_integrator l.6781[0m [96mt=2026-09-01,23:30:36.631[0m > | > Graph-channel Symbolica observer estimates:
| >   graph_0     : 1.3048935459365713e-09 +/- 3.26e-12 [15512 selected]
| >   graph_1     : 2.3154903659220736e-09 +/- 5.47e-12 [28871 selected]
| >   graph_2     : 2.2391527806190234e-08 +/- 2.32e-11 [165872 selected]
| >   graph_3     : 6.2317865423191676e-11 +/- 7.92e-13 [3854 selected]
| >   graph_4     : -3.1094126160020785e-09 +/- 6.29e-12 [31593 selected]
| >   graph_5     : 3.6325730879759093e-10 +/- 2.15e-12 [9380 selected]
| >   graph_6     : 7.4139680934562068e-08 +/- 5.41e-11 [386425 selected]
| >   graph_7     : -2.2928453557317216e-09 +/- 4.15e-12 [22377 selected]
| >   graph_8     : -4.7662857947878300e-08 +/- 4.46e-11 [291886 selected]
| >   graph_9     : 1.9719676291524266e-09 +/- 3.82e-12 [19921 selected]
| >   graph_10    : 2.0236093263331159e-10 +/- 4.37e-12 [24309 selected]
| >   sum         : 4.9686380469005367e-08
| >   total       : 4.9686380469005042e-08
| >   difference  : 3.2425480012078685e-22
[92mINFO[0m [94msymbolica_integrator l.6744[0m [96mt=2026-09-01,23:30:36.631[0m > Symbolica integration: starting iteration [92m98/100[0m using [94m1000000[0m points ...
[92mINFO[0m [94msymbolica_integrator l.6777[0m [96mt=2026-09-01,23:31:50.147[0m > ... result after this iteration:
| > Integration result after [92m98000000[0m evaluations in [92m159632.76 CPU-s[0m [94m(1628.9 µs / eval)[0m
| > Extremal weights:
| >   with jacobian    : 6.07958e+02 at xs = [2.7807442678925393e-01 1.1354113945739913e-01 6.0802850114241381e-03 1.4837041396525982e-01 5.9942638400086801e-01 9.2629881873517494e-01] | jacobian = 1.30217e+18
| >     momentum space  : k = [[1.1126253467559630e+01, 9.6293043349024412e+00, 7.7022814272072014e+02]; [-6.4856580595199858e+01, -4.6764854095292392e+01, -3.3914053125240025e+02]]
| >   without jacobian : 3.77968e-11 at xs = [1.3006825908305571e-06 5.4847100637504809e-01 6.9554271691009018e-03 1.9790512586524156e-01 3.1458153711418047e-01 7.2849435893380698e-01] | jacobian = 6.56996e+07
| >     momentum space  : k = [[-5.4222665857190135e-05, -1.7043877752225761e-05, 2.6007475503847040e-03]; [-1.4672134754180379e+02, 3.4151381268913622e+02, -3.2458344211843064e+02]]
| >   before clipping   : 6.07958e+02 at xs = [2.7807442678925393e-01 1.1354113945739913e-01 6.0802850114241381e-03 1.4837041396525982e-01 5.9942638400086801e-01 9.2629881873517494e-01]
| >     momentum space  : k = [[1.1126253467559630e+01, 9.6293043349024412e+00, 7.7022814272072014e+02]; [-6.4856580595199858e+01, -4.6764854095292392e+01, -3.3914053125240025e+02]]
| > Stability pipeline: float pairs accepted = 97828570, HP pairs attempted/accepted = 171430/171428
| > Stability triggers: float mismatch = 163752, float non-finite/error = 2
| > Higher-precision rejections: disagreement = 2, non-finite = 0, error = 0
| > Unstable rotational-check points rejected = 2
| > Rotational-check high-precision retries = 163754
| > Rotational-check high-precision salvaged = 163752
| > Large-weight high-precision retries = 7676
| > Large-weight high-precision salvaged = 7676
| > Large-weight high-precision rejected = 0
| > Large-weight samples zeroed = 0 (0.000e+00 of samples; removed signed/absolute sums = 0.00000e+00/0.00000e+00)
| > Non-finite final outputs zeroed = 0
| > Non-finite float rotated evaluations seen = 0
| > Example higher-precision-retried xs = [1.1737056346071351e-01 6.8210704234608166e-01 1.3637080159835113e-03 4.3066148777310964e-01 4.3356886191813082e-01 5.9829937939858402e-01] | float rel = 3.97127e-06
| >     momentum space  : k = [[-4.7144688033663129e-01, -1.0373028020352817e+00, 2.6595416256139868e+02]; [-1.3175423952853735e+03, 5.8427290965667441e+02, -4.5980225484447061e+02]]
| > Example large-weight higher-precision-retried xs = [2.4743214951097262e-01 1.9253954976410956e-02 7.5639735761422510e-03 1.1789330545539248e-01 5.8387763198916209e-01 8.8411195536692044e-01] | compiled = 4.30723e+02 | higher precision = 4.30723e+02
| >     momentum space  : k = [[1.5510067285466739e+01, 1.8855559947614091e+00, 6.5738203690586454e+02]; [-8.2265791044449472e+01, -4.7872044474115157e+01, -2.4977907995107381e+02]]
| > Example unstable xs = [3.9920422286985552e-01 4.6207242265265575e-01 2.1903351813005502e-09 8.0889503796212459e-02 7.6799941403647265e-01 7.5650221262021880e-02]
| >     momentum space  : k = [[-8.8860437550255776e-06, 2.1586154694590237e-06, 1.3289182050405120e+03]; [4.6766024140998237e+00, -4.1175141562071751e+01, 1.7106927440814647e+02]]
| > Example higher-precision rejection xs = [3.9920422286985552e-01 4.6207242265265575e-01 2.1903351813005502e-09 8.0889503796212459e-02 7.6799941403647265e-01 7.5650221262021880e-02] | reason = higher-precision original/rotated pair disagrees
| >     momentum space  : k = [[-8.8860437550255776e-06, 2.1586154694590237e-06, 1.3289182050405120e+03]; [4.6766024140998237e+00, -4.1175141562071751e+01, 1.7106927440814647e+02]]
| > [92mCentral value[0m : +4.9685017881111783e-08   +/- 7.45e-11     ([92m0.150%[0m)
[92mINFO[0m [94msymbolica_integrator l.6781[0m [96mt=2026-09-01,23:31:50.147[0m > | > Graph-channel Symbolica observer estimates:
| >   graph_0     : 1.3051218568544945e-09 +/- 3.24e-12 [15399 selected]
| >   graph_1     : 2.3154658242452370e-09 +/- 5.43e-12 [28774 selected]
| >   graph_2     : 2.2391411596476969e-08 +/- 2.31e-11 [165661 selected]
| >   graph_3     : 6.2364214842751998e-11 +/- 7.87e-13 [3870 selected]
| >   graph_4     : -3.1089325485000692e-09 +/- 6.25e-12 [31362 selected]
| >   graph_5     : 3.6320332757641560e-10 +/- 2.14e-12 [9044 selected]
| >   graph_6     : 7.4138312102577839e-08 +/- 5.36e-11 [386609 selected]
| >   graph_7     : -2.2928392020726183e-09 +/- 4.12e-12 [22455 selected]
| >   graph_8     : -4.7663844780288007e-08 +/- 4.42e-11 [292238 selected]
| >   graph_9     : 1.9722113127813067e-09 +/- 3.80e-12 [20148 selected]
| >   graph_10    : 2.0254417661778394e-10 +/- 4.34e-12 [24440 selected]
| >   sum         : 4.9685017881112100e-08
| >   total       : 4.9685017881111783e-08
| >   difference  : 3.1763735522036263e-22
[92mINFO[0m [94msymbolica_integrator l.6744[0m [96mt=2026-09-01,23:31:50.235[0m > Symbolica integration: starting iteration [92m99/100[0m using [94m1000000[0m points ...
[92mINFO[0m [94msymbolica_integrator l.6777[0m [96mt=2026-09-01,23:33:28.227[0m > ... result after this iteration:
| > Integration result after [92m99000000[0m evaluations in [92m161684.58 CPU-s[0m [94m(1633.2 µs / eval)[0m
| > Extremal weights:
| >   with jacobian    : 6.07958e+02 at xs = [2.7807442678925393e-01 1.1354113945739913e-01 6.0802850114241381e-03 1.4837041396525982e-01 5.9942638400086801e-01 9.2629881873517494e-01] | jacobian = 1.30217e+18
| >     momentum space  : k = [[1.1126253467559630e+01, 9.6293043349024412e+00, 7.7022814272072014e+02]; [-6.4856580595199858e+01, -4.6764854095292392e+01, -3.3914053125240025e+02]]
| >   without jacobian : 3.77968e-11 at xs = [1.3006825908305571e-06 5.4847100637504809e-01 6.9554271691009018e-03 1.9790512586524156e-01 3.1458153711418047e-01 7.2849435893380698e-01] | jacobian = 6.56996e+07
| >     momentum space  : k = [[-5.4222665857190135e-05, -1.7043877752225761e-05, 2.6007475503847040e-03]; [-1.4672134754180379e+02, 3.4151381268913622e+02, -3.2458344211843064e+02]]
| >   before clipping   : 6.07958e+02 at xs = [2.7807442678925393e-01 1.1354113945739913e-01 6.0802850114241381e-03 1.4837041396525982e-01 5.9942638400086801e-01 9.2629881873517494e-01]
| >     momentum space  : k = [[1.1126253467559630e+01, 9.6293043349024412e+00, 7.7022814272072014e+02]; [-6.4856580595199858e+01, -4.6764854095292392e+01, -3.3914053125240025e+02]]
| > Stability pipeline: float pairs accepted = 98826813, HP pairs attempted/accepted = 173187/173185
| > Stability triggers: float mismatch = 165432, float non-finite/error = 2
| > Higher-precision rejections: disagreement = 2, non-finite = 0, error = 0
| > Unstable rotational-check points rejected = 2
| > Rotational-check high-precision retries = 165434
| > Rotational-check high-precision salvaged = 165432
| > Large-weight high-precision retries = 7753
| > Large-weight high-precision salvaged = 7753
| > Large-weight high-precision rejected = 0
| > Large-weight samples zeroed = 0 (0.000e+00 of samples; removed signed/absolute sums = 0.00000e+00/0.00000e+00)
| > Non-finite final outputs zeroed = 0
| > Non-finite float rotated evaluations seen = 0
| > Example higher-precision-retried xs = [1.1737056346071351e-01 6.8210704234608166e-01 1.3637080159835113e-03 4.3066148777310964e-01 4.3356886191813082e-01 5.9829937939858402e-01] | float rel = 3.97127e-06
| >     momentum space  : k = [[-4.7144688033663129e-01, -1.0373028020352817e+00, 2.6595416256139868e+02]; [-1.3175423952853735e+03, 5.8427290965667441e+02, -4.5980225484447061e+02]]
| > Example large-weight higher-precision-retried xs = [2.4743214951097262e-01 1.9253954976410956e-02 7.5639735761422510e-03 1.1789330545539248e-01 5.8387763198916209e-01 8.8411195536692044e-01] | compiled = 4.30723e+02 | higher precision = 4.30723e+02
| >     momentum space  : k = [[1.5510067285466739e+01, 1.8855559947614091e+00, 6.5738203690586454e+02]; [-8.2265791044449472e+01, -4.7872044474115157e+01, -2.4977907995107381e+02]]
| > Example unstable xs = [3.9920422286985552e-01 4.6207242265265575e-01 2.1903351813005502e-09 8.0889503796212459e-02 7.6799941403647265e-01 7.5650221262021880e-02]
| >     momentum space  : k = [[-8.8860437550255776e-06, 2.1586154694590237e-06, 1.3289182050405120e+03]; [4.6766024140998237e+00, -4.1175141562071751e+01, 1.7106927440814647e+02]]
| > Example higher-precision rejection xs = [3.9920422286985552e-01 4.6207242265265575e-01 2.1903351813005502e-09 8.0889503796212459e-02 7.6799941403647265e-01 7.5650221262021880e-02] | reason = higher-precision original/rotated pair disagrees
| >     momentum space  : k = [[-8.8860437550255776e-06, 2.1586154694590237e-06, 1.3289182050405120e+03]; [4.6766024140998237e+00, -4.1175141562071751e+01, 1.7106927440814647e+02]]
| > [92mCentral value[0m : +4.9682888680163109e-08   +/- 7.38e-11     ([92m0.149%[0m)
[92mINFO[0m [94msymbolica_integrator l.6781[0m [96mt=2026-09-01,23:33:28.227[0m > | > Graph-channel Symbolica observer estimates:
| >   graph_0     : 1.3047476302095756e-09 +/- 3.22e-12 [15022 selected]
| >   graph_1     : 2.3154619659560708e-09 +/- 5.40e-12 [29071 selected]
| >   graph_2     : 2.2392565080624617e-08 +/- 2.29e-11 [165496 selected]
| >   graph_3     : 6.2355895878538390e-11 +/- 7.84e-13 [3913 selected]
| >   graph_4     : -3.1091928250048152e-09 +/- 6.22e-12 [31227 selected]
| >   graph_5     : 3.6332394464493235e-10 +/- 2.13e-12 [9487 selected]
| >   graph_6     : 7.4138017061157480e-08 +/- 5.31e-11 [386873 selected]
| >   graph_7     : -2.2928666651405339e-09 +/- 4.10e-12 [22161 selected]
| >   graph_8     : -4.7665542296746536e-08 +/- 4.38e-11 [292404 selected]
| >   graph_9     : 1.9723905533376868e-09 +/- 3.78e-12 [20178 selected]
| >   graph_10    : 2.0162833524640597e-10 +/- 4.31e-12 [24168 selected]
| >   sum         : 4.9682888680163420e-08
| >   total       : 4.9682888680163109e-08
| >   difference  : 3.1101991031993841e-22
[92mINFO[0m [94msymbolica_integrator l.6744[0m [96mt=2026-09-01,23:33:28.227[0m > Symbolica integration: starting iteration [92m100/100[0m using [94m1000000[0m points ...
[92mINFO[0m [94msymbolica_integrator l.6777[0m [96mt=2026-09-01,23:34:44.754[0m > ... result after this iteration:
| > Integration result after [92m100000000[0m evaluations in [92m163329.74 CPU-s[0m [94m(1633.3 µs / eval)[0m
| > Extremal weights:
| >   with jacobian    : 6.07958e+02 at xs = [2.7807442678925393e-01 1.1354113945739913e-01 6.0802850114241381e-03 1.4837041396525982e-01 5.9942638400086801e-01 9.2629881873517494e-01] | jacobian = 1.30217e+18
| >     momentum space  : k = [[1.1126253467559630e+01, 9.6293043349024412e+00, 7.7022814272072014e+02]; [-6.4856580595199858e+01, -4.6764854095292392e+01, -3.3914053125240025e+02]]
| >   without jacobian : 3.77968e-11 at xs = [1.3006825908305571e-06 5.4847100637504809e-01 6.9554271691009018e-03 1.9790512586524156e-01 3.1458153711418047e-01 7.2849435893380698e-01] | jacobian = 6.56996e+07
| >     momentum space  : k = [[-5.4222665857190135e-05, -1.7043877752225761e-05, 2.6007475503847040e-03]; [-1.4672134754180379e+02, 3.4151381268913622e+02, -3.2458344211843064e+02]]
| >   before clipping   : 6.07958e+02 at xs = [2.7807442678925393e-01 1.1354113945739913e-01 6.0802850114241381e-03 1.4837041396525982e-01 5.9942638400086801e-01 9.2629881873517494e-01]
| >     momentum space  : k = [[1.1126253467559630e+01, 9.6293043349024412e+00, 7.7022814272072014e+02]; [-6.4856580595199858e+01, -4.6764854095292392e+01, -3.3914053125240025e+02]]
| > Stability pipeline: float pairs accepted = 99825057, HP pairs attempted/accepted = 174943/174941
| > Stability triggers: float mismatch = 167107, float non-finite/error = 2
| > Higher-precision rejections: disagreement = 2, non-finite = 0, error = 0
| > Unstable rotational-check points rejected = 2
| > Rotational-check high-precision retries = 167109
| > Rotational-check high-precision salvaged = 167107
| > Large-weight high-precision retries = 7834
| > Large-weight high-precision salvaged = 7834
| > Large-weight high-precision rejected = 0
| > Large-weight samples zeroed = 0 (0.000e+00 of samples; removed signed/absolute sums = 0.00000e+00/0.00000e+00)
| > Non-finite final outputs zeroed = 0
| > Non-finite float rotated evaluations seen = 0
| > Example higher-precision-retried xs = [1.1737056346071351e-01 6.8210704234608166e-01 1.3637080159835113e-03 4.3066148777310964e-01 4.3356886191813082e-01 5.9829937939858402e-01] | float rel = 3.97127e-06
| >     momentum space  : k = [[-4.7144688033663129e-01, -1.0373028020352817e+00, 2.6595416256139868e+02]; [-1.3175423952853735e+03, 5.8427290965667441e+02, -4.5980225484447061e+02]]
| > Example large-weight higher-precision-retried xs = [2.4743214951097262e-01 1.9253954976410956e-02 7.5639735761422510e-03 1.1789330545539248e-01 5.8387763198916209e-01 8.8411195536692044e-01] | compiled = 4.30723e+02 | higher precision = 4.30723e+02
| >     momentum space  : k = [[1.5510067285466739e+01, 1.8855559947614091e+00, 6.5738203690586454e+02]; [-8.2265791044449472e+01, -4.7872044474115157e+01, -2.4977907995107381e+02]]
| > Example unstable xs = [3.9920422286985552e-01 4.6207242265265575e-01 2.1903351813005502e-09 8.0889503796212459e-02 7.6799941403647265e-01 7.5650221262021880e-02]
| >     momentum space  : k = [[-8.8860437550255776e-06, 2.1586154694590237e-06, 1.3289182050405120e+03]; [4.6766024140998237e+00, -4.1175141562071751e+01, 1.7106927440814647e+02]]
| > Example higher-precision rejection xs = [3.9920422286985552e-01 4.6207242265265575e-01 2.1903351813005502e-09 8.0889503796212459e-02 7.6799941403647265e-01 7.5650221262021880e-02] | reason = higher-precision original/rotated pair disagrees
| >     momentum space  : k = [[-8.8860437550255776e-06, 2.1586154694590237e-06, 1.3289182050405120e+03]; [4.6766024140998237e+00, -4.1175141562071751e+01, 1.7106927440814647e+02]]
| > [92mCentral value[0m : +4.9686812852087093e-08   +/- 7.32e-11     ([92m0.147%[0m)
[92mINFO[0m [94msymbolica_integrator l.6781[0m [96mt=2026-09-01,23:34:44.754[0m > | > Graph-channel Symbolica observer estimates:
| >   graph_0     : 1.3048657707623957e-09 +/- 3.20e-12 [15389 selected]
| >   graph_1     : 2.3149354666490522e-09 +/- 5.37e-12 [28758 selected]
| >   graph_2     : 2.2391806993807264e-08 +/- 2.27e-11 [165685 selected]
| >   graph_3     : 6.2363010831856106e-11 +/- 7.78e-13 [3943 selected]
| >   graph_4     : -3.1088487306177964e-09 +/- 6.18e-12 [31176 selected]
| >   graph_5     : 3.6335045353874719e-10 +/- 2.12e-12 [9284 selected]
| >   graph_6     : 7.4140486918756498e-08 +/- 5.26e-11 [386964 selected]
| >   graph_7     : -2.2929062935298062e-09 +/- 4.08e-12 [22341 selected]
| >   graph_8     : -4.7664579596971641e-08 +/- 4.34e-11 [292096 selected]
| >   graph_9     : 1.9739233660456830e-09 +/- 3.83e-12 [19943 selected]
| >   graph_10    : 2.0141549281516821e-10 +/- 4.28e-12 [24421 selected]
| >   sum         : 4.9686812852087418e-08
| >   total       : 4.9686812852087093e-08
| >   difference  : 3.2425480012078685e-22
[92mINFO[0m [94m_add_dy_msbar_scheme_counterterm l.3553[0m [96mt=2026-09-01,23:35:56.227[0m > ttbar MSbar gq scheme counterterm: -1.0624035230421274e-08 +/- 7.4317e-12 (raw -1.6908677225039890e-09 +/- 1.1828e-12; factor +6.2831853071795862e+00; 2097152 Sobol samples in 71.35s); fallback/clipped/nonfinite = 0/0 (0.000e+00)/0; combined: +1.4219371195622273e-08 +/- 3.7334e-11
[92mINFO[0m [94m_add_dy_msbar_scheme_counterterm l.3575[0m [96mt=2026-09-01,23:35:56.227[0m > ttbar qg decoupling: enabled=False coefficient=+0.0000000000000000e+00; Born contribution=+0.0000000000000000e+00 +/- 0.0000e+00 (zero at NLO)
[92mINFO[0m [94m_add_dy_msbar_scheme_counterterm l.3584[0m [96mt=2026-09-01,23:35:56.227[0m > ttbar MSbar gq component D_gq_x_qqbar: -1.3158867982916507e-10 +/- 9.5846e-14
[92mINFO[0m [94m_add_dy_msbar_scheme_counterterm l.3584[0m [96mt=2026-09-01,23:35:56.227[0m > ttbar MSbar gq component D_qg_x_gg: -1.0492446550592137e-08 +/- 7.3589e-12
[92mINFO[0m [94mmain l.2155[0m [96mt=2026-09-01,23:35:56.227[0m > --------------------------------------------------------------------------------
[92mINFO[0m [94mmain l.2156[0m [96mt=2026-09-01,23:35:56.231[0m > Integration with settings below completed in [92m7681.63s[0m:
| [94mdy_card                       [0m: [92mPosixPath('/home/zeno/DY/pygloop_6c15087/cards/campaigns/ttbar_dy_msbar_scan_20260901/production/ttbar/partonic/s2000/qg.toml')[0m
| [94mdy_card_check                 [0m: [92mFalse[0m
| [94mdy_dump_effective_card        [0m: [92mFalse[0m
| [94mdy_allow_unverified_bundle    [0m: [92mFalse[0m
| [94mprocess                       [0m: [92m'dy'[0m
| [94mgeneral_settings              [0m: [92m[][0m
| [94mdiagrams                      [0m: [92m[][0m
| [94moverwrite_process_basename    [0m: [92m'TTBAR_QG_MSBAR_SCAN_20260901'[0m
| [94mverbosity                     [0m: [92m'info'[0m
| [94mparameterisation              [0m: [92m'spherical'[0m
| [94mdy_skip_ps_validation         [0m: [92mTrue[0m
| [94mdy_rotation_check_digits      [0m: [92m7[0m
| [94mdy_rotation_check_eps         [0m: [92m1e-15[0m
| [94mdy_rotation_check_arb_digits  [0m: [92m32[0m
| [94mdy_fallback_precision         [0m: [92m32[0m
| [94mdy_stability_backend          [0m: [92m'double-float'[0m
| [94mdy_stability_arb_digits       [0m: [92mNone[0m
| [94mdy_stability_rtol             [0m: [92mNone[0m
| [94mdy_stability_atol             [0m: [92mNone[0m
| [94mdy_theta_tol                  [0m: [92m0.0[0m
| [94mdy_large_weight_precision     [0m: [92m0.0004488357695200107[0m
| [94mdy_large_weight_clip          [0m: [92m0.04488357695200107[0m
| [94mdy_soft_mirror_edge           [0m: [92mNone[0m
| [94mdy_large_weight_threshold     [0m: [92mNone[0m
| [94mdy_zero_large_weight_samples  [0m: [92mFalse[0m
| [94mdy_integrated_uv_ct_filter    [0m: [92m'all'[0m
| [94mdy_accept_all_arb_retries     [0m: [92mFalse[0m
| [94mdy_final_state                [0m: [92m['t', 't'][0m
| [94mdy_process_name               [0m: [92m'tt~'[0m
| [94mdy_channel                    [0m: [92m[1, 0][0m
| [94mexternal_gluon_polarisation   [0m: [92mTrue[0m
| [94mdy_symmetrise_p1_p2           [0m: [92mTrue[0m
| [94mdy_parallel_graphs            [0m: [92m1[0m
| [94mdy_integrate_beams            [0m: [92mFalse[0m
| [94mdy_beam_parameterisation      [0m: [92m'x1_x2'[0m
| [94mdy_z_bin                      [0m: [92mNone[0m
| [94mdy_q_min                      [0m: [92mNone[0m
| [94mdy_q_max                      [0m: [92mNone[0m
| [94mdy_physical_normalisation     [0m: [92mTrue[0m
| [94mdy_integrated_leptonic_phase_space[0m: [92mFalse[0m
| [94mdy_pdf_set                    [0m: [92mNone[0m
| [94mdy_pdf_member                 [0m: [92m0[0m
| [94mdy_muf_sq                     [0m: [92mNone[0m
| [94mdy_msbar_scheme_counterterm   [0m: [92mTrue[0m
| [94mdy_decoupling                 [0m: [92mFalse[0m
| [94mdy_scheme_counterterm_sobol_power[0m: [92m18[0m
| [94mdy_scheme_counterterm_replicas[0m: [92m8[0m
| [94mdy_scheme_counterterm_factor  [0m: [92mNone[0m
| [94mdy_scheme_born_bundle         [0m: [92mNone[0m
| [94mdy_scheme_born_bundles        [0m: [92m['TTBAR_QQBAR_BORN_MSBAR_SCAN_20260901_1L_processed',
 'TTBAR_GG_BORN_MSBAR_SCAN_20260901_1L_processed'][0m
| [94mdy_scheme_alpha_s             [0m: [92m0.118[0m
| [94mdy_scheme_counterterm_clip    [0m: [92m0.0016908677225040013[0m
| [94mdy_ttbar_pt_min               [0m: [92mNone[0m
| [94mdy_muv                        [0m: [92m1000.0[0m
| [94mdy_runtime_parameter_overrides[0m: [92mNone[0m
| [94mdy_lambda_sq                  [0m: [92m8302.489924[0m
| [94mdy_mur_sq                     [0m: [92m8302.489924[0m
| [94mgammaloop_configuration       [0m: [92m'/home/zeno/DY/pygloop_6c15087/configs/DY/generate.toml'[0m
| [94mruntime_configuration         [0m: [92m'/home/zeno/DY/pygloop_6c15087/configs/DY/runtime.toml'[0m
| [94mgammaloop_settings            [0m: [92m[][0m
| [94mm_top                         [0m: [92m173.0[0m
| [94mm_higgs                       [0m: [92m125.0[0m
| [94mpg1                           [0m: [92m[1000.0, 0.0, 0.0, 1000.0][0m
| [94mpg2                           [0m: [92m[1000.0, 0.0, 0.0, -1000.0][0m
| [94mph1                           [0m: [92m[438.5555662246945, 155.3322001835378, 348.0160396513587, -177.3773615718412][0m
| [94mph2                           [0m: [92m[356.3696374921922, -16.802389008511, -318.7291102436005, 97.48719163688098][0m
| [94mph3                           [0m: [92m[205.0747962831133, -138.5298111750267, -29.28692940775817, 79.8901699349603][0m
| [94mhelicities                    [0m: [92m[1, 1, 0, 0, 0][0m
| [94mn_loops                       [0m: [92m2[0m
| [94mclean                         [0m: [92mFalse[0m
| [94mintegrand_implementation      [0m: [92m'zenos'[0m
| [94mintegrand_evaluator_compiler  [0m: [92m'symbolica_only'[0m
| [94mmulti_channeling              [0m: [92mTrue[0m
| [94mcommand                       [0m: [92m'integrate'[0m
| [94mn_iterations                  [0m: [92m100[0m
| [94mpoints_per_iteration          [0m: [92m1000000[0m
| [94mintegrator                    [0m: [92m'symbolica'[0m
| [94mn_cores                       [0m: [92m32[0m
| [94mphysical_channel_multi_channeling[0m: [92mFalse[0m
| [94mdy_q_bins                     [0m: [92mNone[0m
| [94mdy_physical_channel_cards     [0m: [92mNone[0m
| [94mdy_physical_channel_backend   [0m: [92m'saved-jit'[0m
| [94mdy_physical_channel_batch_size[0m: [92m256[0m
| [94mdy_physical_channel_warmup_iterations[0m: [92m0[0m
| [94mdy_physical_channel_min_fraction[0m: [92m0.0[0m
| [94mdy_physical_channel_target_relative_precision[0m: [92mNone[0m
| [94mtarget                        [0m: [92mNone[0m
| [94mphase                         [0m: [92m'real'[0m
| [94mseed                          [0m: [92m901200023[0m
| [94mrestart                       [0m: [92mFalse[0m
| [94mrun_workspace_name            [0m: [92m'production_ttbar_partonic_s2000_qg_20260901'[0m
| [94mdy_integration_graphs         [0m: [92mNone[0m
| [94mdy_graph_weights              [0m: [92mNone[0m
| [94mdy_runtime_parameters         [0m: [92m{'alpha_ew_inverse': '132.507',
 'alpha_s': '0.118',
 'lambda_sq': '8302.489924',
 'm_top': '173',
 'mur_sq': '8302.489924',
 'muv': '1000',
 'zmax': '1',
 'zmin': '0'}[0m
| 
| > Integration result after [92m100000000[0m evaluations in [92m163329.74 CPU-s[0m [94m(1633.3 µs / eval)[0m
| > Extremal weights:
| >   with jacobian    : 6.07958e+02 at xs = [2.7807442678925393e-01 1.1354113945739913e-01 6.0802850114241381e-03 1.4837041396525982e-01 5.9942638400086801e-01 9.2629881873517494e-01] | jacobian = 1.30217e+18
| >     momentum space  : k = [[1.1126253467559630e+01, 9.6293043349024412e+00, 7.7022814272072014e+02]; [-6.4856580595199858e+01, -4.6764854095292392e+01, -3.3914053125240025e+02]]
| >   without jacobian : 3.77968e-11 at xs = [1.3006825908305571e-06 5.4847100637504809e-01 6.9554271691009018e-03 1.9790512586524156e-01 3.1458153711418047e-01 7.2849435893380698e-01] | jacobian = 6.56996e+07
| >     momentum space  : k = [[-5.4222665857190135e-05, -1.7043877752225761e-05, 2.6007475503847040e-03]; [-1.4672134754180379e+02, 3.4151381268913622e+02, -3.2458344211843064e+02]]
| >   before clipping   : 6.07958e+02 at xs = [2.7807442678925393e-01 1.1354113945739913e-01 6.0802850114241381e-03 1.4837041396525982e-01 5.9942638400086801e-01 9.2629881873517494e-01]
| >     momentum space  : k = [[1.1126253467559630e+01, 9.6293043349024412e+00, 7.7022814272072014e+02]; [-6.4856580595199858e+01, -4.6764854095292392e+01, -3.3914053125240025e+02]]
| > Stability pipeline: float pairs accepted = 99825057, HP pairs attempted/accepted = 174943/174941
| > Stability triggers: float mismatch = 167107, float non-finite/error = 2
| > Higher-precision rejections: disagreement = 2, non-finite = 0, error = 0
| > Unstable rotational-check points rejected = 2
| > Rotational-check high-precision retries = 167109
| > Rotational-check high-precision salvaged = 167107
| > Large-weight high-precision retries = 7834
| > Large-weight high-precision salvaged = 7834
| > Large-weight high-precision rejected = 0
| > Large-weight samples zeroed = 0 (0.000e+00 of samples; removed signed/absolute sums = 0.00000e+00/0.00000e+00)
| > Non-finite final outputs zeroed = 0
| > Non-finite float rotated evaluations seen = 0
| > Example higher-precision-retried xs = [1.1737056346071351e-01 6.8210704234608166e-01 1.3637080159835113e-03 4.3066148777310964e-01 4.3356886191813082e-01 5.9829937939858402e-01] | float rel = 3.97127e-06
| >     momentum space  : k = [[-4.7144688033663129e-01, -1.0373028020352817e+00, 2.6595416256139868e+02]; [-1.3175423952853735e+03, 5.8427290965667441e+02, -4.5980225484447061e+02]]
| > Example large-weight higher-precision-retried xs = [2.4743214951097262e-01 1.9253954976410956e-02 7.5639735761422510e-03 1.1789330545539248e-01 5.8387763198916209e-01 8.8411195536692044e-01] | compiled = 4.30723e+02 | higher precision = 4.30723e+02
| >     momentum space  : k = [[1.5510067285466739e+01, 1.8855559947614091e+00, 6.5738203690586454e+02]; [-8.2265791044449472e+01, -4.7872044474115157e+01, -2.4977907995107381e+02]]
| > Example unstable xs = [3.9920422286985552e-01 4.6207242265265575e-01 2.1903351813005502e-09 8.0889503796212459e-02 7.6799941403647265e-01 7.5650221262021880e-02]
| >     momentum space  : k = [[-8.8860437550255776e-06, 2.1586154694590237e-06, 1.3289182050405120e+03]; [4.6766024140998237e+00, -4.1175141562071751e+01, 1.7106927440814647e+02]]
| > Example higher-precision rejection xs = [3.9920422286985552e-01 4.6207242265265575e-01 2.1903351813005502e-09 8.0889503796212459e-02 7.6799941403647265e-01 7.5650221262021880e-02] | reason = higher-precision original/rotated pair disagrees
| >     momentum space  : k = [[-8.8860437550255776e-06, 2.1586154694590237e-06, 1.3289182050405120e+03]; [4.6766024140998237e+00, -4.1175141562071751e+01, 1.7106927440814647e+02]]
| > DY qg scheme/decoupling: scheme=True, decoupling=False; coefficients hard/Dqg/Born=+5.00000000e-01/+6.28318531e+00/+0.00000000e+00
| > DY qg applied hard/Dqg/Born/auxiliary: +2.4843406426043547e-08 +/- 3.6587e-11; -1.0624035230421274e-08 +/- 7.4317e-12; +0.0000000000000000e+00 +/- 0.0000e+00; -1.0624035230421274e-08 +/- 7.4317e-12
| > DY qg auxiliary samples/fallback/nonfinite/clipped: 2097152/0/0/0 (fractions 0.000e+00/0.000e+00/0.000e+00)
| > [92mCentral value[0m : +1.4219371195622273e-08   +/- 3.73e-11     ([92m0.263%[0m)
[92mINFO[0m [94mmain l.2161[0m [96mt=2026-09-01,23:35:56.231[0m > --------------------------------------------------------------------------------
[92mINFO[0m [94mmain l.2215[0m [96mt=2026-09-01,23:35:56.232[0m > Command 'integrate' completed in [92m7681.64s[0m.
