AUXILIARY_STARTED qqbar 20
AUXILIARY_FINISHED qqbar 0.05609547908174351 0.00016600484729057 wall 60.92653433093801
AUXILIARY_STARTED qg 20
AUXILIARY_FINISHED qg -0.042985189508669946 2.3222786073706556e-05 wall 77.9743414928671
AUXILIARY_STARTED gg 20
AUXILIARY_FINISHED gg 0.5692552391796774 0.0013298809180467474 wall 73.63182207383215
S2000_WORKERS_READY 128 workers
PROGRESS {"utc": "2026-09-22T10:38:56.288002+00:00", "stage": "G_hybrid replica 1 learning 1/3", "mode": "G_hybrid", "block_completed": 297386, "block_samples": 1000000, "worker_pids_seen": 128, "elapsed_s": 32.974341010907665}
PROGRESS {"utc": "2026-09-22T10:39:26.315180+00:00", "stage": "G_hybrid replica 1 learning 1/3", "mode": "G_hybrid", "block_completed": 575658, "block_samples": 1000000, "worker_pids_seen": 128, "elapsed_s": 63.00155245792121}
S2000_LEARNING_FINISHED G_hybrid replica 1 learning 1/3 {"n": 1000000, "hard_pb": 0.0360853187141768, "hard_error_pb": 0.3213107282153995, "cpu_ms_per_sample": 6.015435646179006, "max_weight_second_moment_fraction": 0.04964573118044949}
PROGRESS {"utc": "2026-09-22T10:40:25.463955+00:00", "stage": "G_hybrid replica 1 learning 2/3", "mode": "G_hybrid", "block_completed": 143426, "block_samples": 1000000, "worker_pids_seen": 128, "elapsed_s": 32.41520071704872}
PROGRESS {"utc": "2026-09-22T10:40:55.721724+00:00", "stage": "G_hybrid replica 1 learning 2/3", "mode": "G_hybrid", "block_completed": 216898, "block_samples": 1000000, "worker_pids_seen": 128, "elapsed_s": 62.67295162915252}
PROGRESS {"utc": "2026-09-22T10:41:25.920076+00:00", "stage": "G_hybrid replica 1 learning 2/3", "mode": "G_hybrid", "block_completed": 287298, "block_samples": 1000000, "worker_pids_seen": 128, "elapsed_s": 92.87130548502319}
PROGRESS {"utc": "2026-09-22T10:41:55.974052+00:00", "stage": "G_hybrid replica 1 learning 2/3", "mode": "G_hybrid", "block_completed": 363330, "block_samples": 1000000, "worker_pids_seen": 128, "elapsed_s": 122.92528186016716}
PROGRESS {"utc": "2026-09-22T10:42:25.984236+00:00", "stage": "G_hybrid replica 1 learning 2/3", "mode": "G_hybrid", "block_completed": 435010, "block_samples": 1000000, "worker_pids_seen": 128, "elapsed_s": 152.93546338705346}
PROGRESS {"utc": "2026-09-22T10:42:55.987092+00:00", "stage": "G_hybrid replica 1 learning 2/3", "mode": "G_hybrid", "block_completed": 514114, "block_samples": 1000000, "worker_pids_seen": 128, "elapsed_s": 182.93831874616444}
PROGRESS {"utc": "2026-09-22T10:43:26.117130+00:00", "stage": "G_hybrid replica 1 learning 2/3", "mode": "G_hybrid", "block_completed": 587586, "block_samples": 1000000, "worker_pids_seen": 128, "elapsed_s": 213.0683710919693}
PROGRESS {"utc": "2026-09-22T10:43:56.193343+00:00", "stage": "G_hybrid replica 1 learning 2/3", "mode": "G_hybrid", "block_completed": 658754, "block_samples": 1000000, "worker_pids_seen": 128, "elapsed_s": 243.14456924702972}
PROGRESS {"utc": "2026-09-22T10:44:26.230340+00:00", "stage": "G_hybrid replica 1 learning 2/3", "mode": "G_hybrid", "block_completed": 729154, "block_samples": 1000000, "worker_pids_seen": 128, "elapsed_s": 273.1815780729521}
PROGRESS {"utc": "2026-09-22T10:44:56.256888+00:00", "stage": "G_hybrid replica 1 learning 2/3", "mode": "G_hybrid", "block_completed": 798786, "block_samples": 1000000, "worker_pids_seen": 128, "elapsed_s": 303.2081200419925}
PROGRESS {"utc": "2026-09-22T10:45:26.286366+00:00", "stage": "G_hybrid replica 1 learning 2/3", "mode": "G_hybrid", "block_completed": 867138, "block_samples": 1000000, "worker_pids_seen": 128, "elapsed_s": 333.2375945521053}
PROGRESS {"utc": "2026-09-22T10:45:56.305665+00:00", "stage": "G_hybrid replica 1 learning 2/3", "mode": "G_hybrid", "block_completed": 938306, "block_samples": 1000000, "worker_pids_seen": 128, "elapsed_s": 363.25689281197265}
S2000_LEARNING_FINISHED G_hybrid replica 1 learning 2/3 {"n": 1000000, "hard_pb": -0.3420254909997968, "hard_error_pb": 0.0793172359303283, "cpu_ms_per_sample": 17.19418467895393, "max_weight_second_moment_fraction": 0.15921383424857302}
PROGRESS {"utc": "2026-09-22T10:46:53.260829+00:00", "stage": "G_hybrid replica 1 learning 3/3", "mode": "G_hybrid", "block_completed": 131018, "block_samples": 1000000, "worker_pids_seen": 128, "elapsed_s": 32.53951982082799}
PROGRESS {"utc": "2026-09-22T10:47:23.268561+00:00", "stage": "G_hybrid replica 1 learning 3/3", "mode": "G_hybrid", "block_completed": 201418, "block_samples": 1000000, "worker_pids_seen": 128, "elapsed_s": 62.54671967984177}
PROGRESS {"utc": "2026-09-22T10:47:53.299891+00:00", "stage": "G_hybrid replica 1 learning 3/3", "mode": "G_hybrid", "block_completed": 272330, "block_samples": 1000000, "worker_pids_seen": 128, "elapsed_s": 92.57805626583286}
PROGRESS {"utc": "2026-09-22T10:48:23.333941+00:00", "stage": "G_hybrid replica 1 learning 3/3", "mode": "G_hybrid", "block_completed": 338890, "block_samples": 1000000, "worker_pids_seen": 128, "elapsed_s": 122.61211155098863}
PROGRESS {"utc": "2026-09-22T10:48:53.361751+00:00", "stage": "G_hybrid replica 1 learning 3/3", "mode": "G_hybrid", "block_completed": 409290, "block_samples": 1000000, "worker_pids_seen": 128, "elapsed_s": 152.6399215089623}
PROGRESS {"utc": "2026-09-22T10:49:23.478784+00:00", "stage": "G_hybrid replica 1 learning 3/3", "mode": "G_hybrid", "block_completed": 477642, "block_samples": 1000000, "worker_pids_seen": 128, "elapsed_s": 182.7569563689176}
PROGRESS {"utc": "2026-09-22T10:49:53.549548+00:00", "stage": "G_hybrid replica 1 learning 3/3", "mode": "G_hybrid", "block_completed": 547530, "block_samples": 1000000, "worker_pids_seen": 128, "elapsed_s": 212.82771869702265}
PROGRESS {"utc": "2026-09-22T10:50:23.735903+00:00", "stage": "G_hybrid replica 1 learning 3/3", "mode": "G_hybrid", "block_completed": 618954, "block_samples": 1000000, "worker_pids_seen": 128, "elapsed_s": 243.0140619839076}
PROGRESS {"utc": "2026-09-22T10:50:53.870936+00:00", "stage": "G_hybrid replica 1 learning 3/3", "mode": "G_hybrid", "block_completed": 687818, "block_samples": 1000000, "worker_pids_seen": 128, "elapsed_s": 273.1490994510241}
PROGRESS {"utc": "2026-09-22T10:51:23.900478+00:00", "stage": "G_hybrid replica 1 learning 3/3", "mode": "G_hybrid", "block_completed": 755402, "block_samples": 1000000, "worker_pids_seen": 128, "elapsed_s": 303.17864739894867}
PROGRESS {"utc": "2026-09-22T10:51:54.085380+00:00", "stage": "G_hybrid replica 1 learning 3/3", "mode": "G_hybrid", "block_completed": 823498, "block_samples": 1000000, "worker_pids_seen": 128, "elapsed_s": 333.3649969578255}
PROGRESS {"utc": "2026-09-22T10:52:24.135790+00:00", "stage": "G_hybrid replica 1 learning 3/3", "mode": "G_hybrid", "block_completed": 894922, "block_samples": 1000000, "worker_pids_seen": 128, "elapsed_s": 363.4139582789503}
PROGRESS {"utc": "2026-09-22T10:52:54.300807+00:00", "stage": "G_hybrid replica 1 learning 3/3", "mode": "G_hybrid", "block_completed": 963530, "block_samples": 1000000, "worker_pids_seen": 128, "elapsed_s": 393.5789717428852}
S2000_LEARNING_FINISHED G_hybrid replica 1 learning 3/3 {"n": 1000000, "hard_pb": -0.3074903382847199, "hard_error_pb": 0.052534124608601886, "cpu_ms_per_sample": 17.70465600459602, "max_weight_second_moment_fraction": 0.040492946094285255}
S2000_PEAK_REPLAYS replica_1_learning new 10 total 10 issues 0
PROGRESS {"utc": "2026-09-22T10:53:47.011833+00:00", "stage": "G_hybrid replica 2 learning 1/3", "mode": "G_hybrid", "block_completed": 444186, "block_samples": 1000000, "worker_pids_seen": 128, "elapsed_s": 32.34500622493215}
PROGRESS {"utc": "2026-09-22T10:54:17.044918+00:00", "stage": "G_hybrid replica 2 learning 1/3", "mode": "G_hybrid", "block_completed": 790042, "block_samples": 1000000, "worker_pids_seen": 128, "elapsed_s": 62.37808324606158}
S2000_LEARNING_FINISHED G_hybrid replica 2 learning 1/3 {"n": 1000000, "hard_pb": -0.5280822430920534, "hard_error_pb": 0.33343243118818283, "cpu_ms_per_sample": 3.412158851035001, "max_weight_second_moment_fraction": 0.09265944426525125}
PROGRESS {"utc": "2026-09-22T10:55:11.204990+00:00", "stage": "G_hybrid replica 2 learning 2/3", "mode": "G_hybrid", "block_completed": 142394, "block_samples": 1000000, "worker_pids_seen": 128, "elapsed_s": 32.26492272899486}
PROGRESS {"utc": "2026-09-22T10:55:41.273955+00:00", "stage": "G_hybrid replica 2 learning 2/3", "mode": "G_hybrid", "block_completed": 222010, "block_samples": 1000000, "worker_pids_seen": 128, "elapsed_s": 62.33390849502757}
PROGRESS {"utc": "2026-09-22T10:56:11.291361+00:00", "stage": "G_hybrid replica 2 learning 2/3", "mode": "G_hybrid", "block_completed": 303418, "block_samples": 1000000, "worker_pids_seen": 128, "elapsed_s": 92.35128651396371}
PROGRESS {"utc": "2026-09-22T10:56:41.310590+00:00", "stage": "G_hybrid replica 2 learning 2/3", "mode": "G_hybrid", "block_completed": 395322, "block_samples": 1000000, "worker_pids_seen": 128, "elapsed_s": 122.37052119313739}
PROGRESS {"utc": "2026-09-22T10:57:11.503403+00:00", "stage": "G_hybrid replica 2 learning 2/3", "mode": "G_hybrid", "block_completed": 489018, "block_samples": 1000000, "worker_pids_seen": 128, "elapsed_s": 152.56333104916848}
PROGRESS {"utc": "2026-09-22T10:57:41.588466+00:00", "stage": "G_hybrid replica 2 learning 2/3", "mode": "G_hybrid", "block_completed": 580410, "block_samples": 1000000, "worker_pids_seen": 128, "elapsed_s": 182.64839412108995}
PROGRESS {"utc": "2026-09-22T10:58:11.635597+00:00", "stage": "G_hybrid replica 2 learning 2/3", "mode": "G_hybrid", "block_completed": 664634, "block_samples": 1000000, "worker_pids_seen": 128, "elapsed_s": 212.695523804985}
PROGRESS {"utc": "2026-09-22T10:58:41.648110+00:00", "stage": "G_hybrid replica 2 learning 2/3", "mode": "G_hybrid", "block_completed": 751930, "block_samples": 1000000, "worker_pids_seen": 128, "elapsed_s": 242.7080569481477}
PROGRESS {"utc": "2026-09-22T10:59:11.816492+00:00", "stage": "G_hybrid replica 2 learning 2/3", "mode": "G_hybrid", "block_completed": 836410, "block_samples": 1000000, "worker_pids_seen": 128, "elapsed_s": 272.87641837703995}
PROGRESS {"utc": "2026-09-22T10:59:41.995468+00:00", "stage": "G_hybrid replica 2 learning 2/3", "mode": "G_hybrid", "block_completed": 919098, "block_samples": 1000000, "worker_pids_seen": 128, "elapsed_s": 303.05539207998663}
S2000_LEARNING_FINISHED G_hybrid replica 2 learning 2/3 {"n": 1000000, "hard_pb": -0.35445020049967935, "hard_error_pb": 0.07709587306707794, "cpu_ms_per_sample": 14.543377096734973, "max_weight_second_moment_fraction": 0.049650259294986655}
PROGRESS {"utc": "2026-09-22T11:00:44.238312+00:00", "stage": "G_hybrid replica 2 learning 3/3", "mode": "G_hybrid", "block_completed": 130677, "block_samples": 1000000, "worker_pids_seen": 128, "elapsed_s": 32.43306678906083}
PROGRESS {"utc": "2026-09-22T11:01:14.336458+00:00", "stage": "G_hybrid replica 2 learning 3/3", "mode": "G_hybrid", "block_completed": 196725, "block_samples": 1000000, "worker_pids_seen": 128, "elapsed_s": 62.531195561168715}
PROGRESS {"utc": "2026-09-22T11:01:44.394583+00:00", "stage": "G_hybrid replica 2 learning 3/3", "mode": "G_hybrid", "block_completed": 269941, "block_samples": 1000000, "worker_pids_seen": 128, "elapsed_s": 92.5893248540815}
PROGRESS {"utc": "2026-09-22T11:02:14.504864+00:00", "stage": "G_hybrid replica 2 learning 3/3", "mode": "G_hybrid", "block_completed": 341109, "block_samples": 1000000, "worker_pids_seen": 128, "elapsed_s": 122.69960555410944}
PROGRESS {"utc": "2026-09-22T11:02:44.519959+00:00", "stage": "G_hybrid replica 2 learning 3/3", "mode": "G_hybrid", "block_completed": 415861, "block_samples": 1000000, "worker_pids_seen": 128, "elapsed_s": 152.71484961197712}
PROGRESS {"utc": "2026-09-22T11:03:14.660506+00:00", "stage": "G_hybrid replica 2 learning 3/3", "mode": "G_hybrid", "block_completed": 488565, "block_samples": 1000000, "worker_pids_seen": 128, "elapsed_s": 182.85524823516607}
PROGRESS {"utc": "2026-09-22T11:03:44.742021+00:00", "stage": "G_hybrid replica 2 learning 3/3", "mode": "G_hybrid", "block_completed": 560245, "block_samples": 1000000, "worker_pids_seen": 128, "elapsed_s": 212.9367642721627}
PROGRESS {"utc": "2026-09-22T11:04:14.824033+00:00", "stage": "G_hybrid replica 2 learning 3/3", "mode": "G_hybrid", "block_completed": 630645, "block_samples": 1000000, "worker_pids_seen": 128, "elapsed_s": 243.019153699046}
PROGRESS {"utc": "2026-09-22T11:04:44.850227+00:00", "stage": "G_hybrid replica 2 learning 3/3", "mode": "G_hybrid", "block_completed": 703349, "block_samples": 1000000, "worker_pids_seen": 128, "elapsed_s": 273.04496912518516}
PROGRESS {"utc": "2026-09-22T11:05:14.874659+00:00", "stage": "G_hybrid replica 2 learning 3/3", "mode": "G_hybrid", "block_completed": 778101, "block_samples": 1000000, "worker_pids_seen": 128, "elapsed_s": 303.0693956289906}
PROGRESS {"utc": "2026-09-22T11:05:44.938069+00:00", "stage": "G_hybrid replica 2 learning 3/3", "mode": "G_hybrid", "block_completed": 852853, "block_samples": 1000000, "worker_pids_seen": 128, "elapsed_s": 333.13287246297114}
PROGRESS {"utc": "2026-09-22T11:06:14.970540+00:00", "stage": "G_hybrid replica 2 learning 3/3", "mode": "G_hybrid", "block_completed": 926069, "block_samples": 1000000, "worker_pids_seen": 128, "elapsed_s": 363.16527717211284}
S2000_LEARNING_FINISHED G_hybrid replica 2 learning 3/3 {"n": 1000000, "hard_pb": -0.36491709910714004, "hard_error_pb": 0.053086555041769, "cpu_ms_per_sample": 17.171403604331996, "max_weight_second_moment_fraction": 0.039313441789527385}
S2000_PEAK_REPLAYS replica_2_learning new 9 total 19 issues 0
PROGRESS {"utc": "2026-09-22T11:07:21.092658+00:00", "stage": "G_hybrid replica 3 learning 1/3", "mode": "G_hybrid", "block_completed": 456667, "block_samples": 1000000, "worker_pids_seen": 128, "elapsed_s": 32.95132689201273}
PROGRESS {"utc": "2026-09-22T11:07:51.105695+00:00", "stage": "G_hybrid replica 3 learning 1/3", "mode": "G_hybrid", "block_completed": 796891, "block_samples": 1000000, "worker_pids_seen": 128, "elapsed_s": 62.96421076403931}
S2000_LEARNING_FINISHED G_hybrid replica 3 learning 1/3 {"n": 1000000, "hard_pb": -0.26990267961059494, "hard_error_pb": 0.3220440248153934, "cpu_ms_per_sample": 3.5407430393079915, "max_weight_second_moment_fraction": 0.07399837785602552}
PROGRESS {"utc": "2026-09-22T11:08:46.595019+00:00", "stage": "G_hybrid replica 3 learning 2/3", "mode": "G_hybrid", "block_completed": 135013, "block_samples": 1000000, "worker_pids_seen": 128, "elapsed_s": 32.70378680503927}
PROGRESS {"utc": "2026-09-22T11:09:16.623008+00:00", "stage": "G_hybrid replica 3 learning 2/3", "mode": "G_hybrid", "block_completed": 207973, "block_samples": 1000000, "worker_pids_seen": 128, "elapsed_s": 62.73163477401249}
PROGRESS {"utc": "2026-09-22T11:09:46.707103+00:00", "stage": "G_hybrid replica 3 learning 2/3", "mode": "G_hybrid", "block_completed": 280677, "block_samples": 1000000, "worker_pids_seen": 128, "elapsed_s": 92.81572246504948}
PROGRESS {"utc": "2026-09-22T11:10:16.711390+00:00", "stage": "G_hybrid replica 3 learning 2/3", "mode": "G_hybrid", "block_completed": 351845, "block_samples": 1000000, "worker_pids_seen": 128, "elapsed_s": 122.82000933401287}
PROGRESS {"utc": "2026-09-22T11:10:46.716467+00:00", "stage": "G_hybrid replica 3 learning 2/3", "mode": "G_hybrid", "block_completed": 421989, "block_samples": 1000000, "worker_pids_seen": 128, "elapsed_s": 152.82508541387506}
PROGRESS {"utc": "2026-09-22T11:11:16.743880+00:00", "stage": "G_hybrid replica 3 learning 2/3", "mode": "G_hybrid", "block_completed": 491877, "block_samples": 1000000, "worker_pids_seen": 128, "elapsed_s": 182.85249498602934}
PROGRESS {"utc": "2026-09-22T11:11:46.853167+00:00", "stage": "G_hybrid replica 3 learning 2/3", "mode": "G_hybrid", "block_completed": 563045, "block_samples": 1000000, "worker_pids_seen": 128, "elapsed_s": 212.96178543497808}
PROGRESS {"utc": "2026-09-22T11:12:17.261693+00:00", "stage": "G_hybrid replica 3 learning 2/3", "mode": "G_hybrid", "block_completed": 631141, "block_samples": 1000000, "worker_pids_seen": 128, "elapsed_s": 243.3703114478849}
PROGRESS {"utc": "2026-09-22T11:12:47.301380+00:00", "stage": "G_hybrid replica 3 learning 2/3", "mode": "G_hybrid", "block_completed": 702053, "block_samples": 1000000, "worker_pids_seen": 128, "elapsed_s": 273.41000196989626}
PROGRESS {"utc": "2026-09-22T11:13:17.490633+00:00", "stage": "G_hybrid replica 3 learning 2/3", "mode": "G_hybrid", "block_completed": 774501, "block_samples": 1000000, "worker_pids_seen": 128, "elapsed_s": 303.59925010288134}
PROGRESS {"utc": "2026-09-22T11:13:47.510351+00:00", "stage": "G_hybrid replica 3 learning 2/3", "mode": "G_hybrid", "block_completed": 842597, "block_samples": 1000000, "worker_pids_seen": 128, "elapsed_s": 333.6189664020203}
PROGRESS {"utc": "2026-09-22T11:14:17.517517+00:00", "stage": "G_hybrid replica 3 learning 2/3", "mode": "G_hybrid", "block_completed": 911717, "block_samples": 1000000, "worker_pids_seen": 128, "elapsed_s": 363.62613695301116}
PROGRESS {"utc": "2026-09-22T11:14:47.542610+00:00", "stage": "G_hybrid replica 3 learning 2/3", "mode": "G_hybrid", "block_completed": 989248, "block_samples": 1000000, "worker_pids_seen": 128, "elapsed_s": 393.65123693598434}
S2000_LEARNING_FINISHED G_hybrid replica 3 learning 2/3 {"n": 1000000, "hard_pb": -0.41039607809285544, "hard_error_pb": 0.07102818143994476, "cpu_ms_per_sample": 17.83031252104002, "max_weight_second_moment_fraction": 0.010332239420297826}
PROGRESS {"utc": "2026-09-22T11:15:28.550078+00:00", "stage": "G_hybrid replica 3 learning 3/3", "mode": "G_hybrid", "block_completed": 135076, "block_samples": 1000000, "worker_pids_seen": 128, "elapsed_s": 32.95656735589728}
PROGRESS {"utc": "2026-09-22T11:15:58.601453+00:00", "stage": "G_hybrid replica 3 learning 3/3", "mode": "G_hybrid", "block_completed": 204708, "block_samples": 1000000, "worker_pids_seen": 128, "elapsed_s": 63.00793998991139}
PROGRESS {"utc": "2026-09-22T11:16:28.760606+00:00", "stage": "G_hybrid replica 3 learning 3/3", "mode": "G_hybrid", "block_completed": 275364, "block_samples": 1000000, "worker_pids_seen": 128, "elapsed_s": 93.16709270398133}
PROGRESS {"utc": "2026-09-22T11:16:58.889384+00:00", "stage": "G_hybrid replica 3 learning 3/3", "mode": "G_hybrid", "block_completed": 344484, "block_samples": 1000000, "worker_pids_seen": 128, "elapsed_s": 123.29587174695916}
PROGRESS {"utc": "2026-09-22T11:17:29.451498+00:00", "stage": "G_hybrid replica 3 learning 3/3", "mode": "G_hybrid", "block_completed": 413092, "block_samples": 1000000, "worker_pids_seen": 128, "elapsed_s": 153.85798091092147}
PROGRESS {"utc": "2026-09-22T11:17:59.488988+00:00", "stage": "G_hybrid replica 3 learning 3/3", "mode": "G_hybrid", "block_completed": 478884, "block_samples": 1000000, "worker_pids_seen": 128, "elapsed_s": 183.89548022300005}
PROGRESS {"utc": "2026-09-22T11:18:29.610429+00:00", "stage": "G_hybrid replica 3 learning 3/3", "mode": "G_hybrid", "block_completed": 543652, "block_samples": 1000000, "worker_pids_seen": 128, "elapsed_s": 214.016920927912}
PROGRESS {"utc": "2026-09-22T11:18:59.617097+00:00", "stage": "G_hybrid replica 3 learning 3/3", "mode": "G_hybrid", "block_completed": 612004, "block_samples": 1000000, "worker_pids_seen": 128, "elapsed_s": 244.0235824859701}
PROGRESS {"utc": "2026-09-22T11:19:29.827130+00:00", "stage": "G_hybrid replica 3 learning 3/3", "mode": "G_hybrid", "block_completed": 678820, "block_samples": 1000000, "worker_pids_seen": 128, "elapsed_s": 274.2336186619941}
PROGRESS {"utc": "2026-09-22T11:19:59.930255+00:00", "stage": "G_hybrid replica 3 learning 3/3", "mode": "G_hybrid", "block_completed": 748196, "block_samples": 1000000, "worker_pids_seen": 128, "elapsed_s": 304.33674105489627}
PROGRESS {"utc": "2026-09-22T11:20:30.032825+00:00", "stage": "G_hybrid replica 3 learning 3/3", "mode": "G_hybrid", "block_completed": 813732, "block_samples": 1000000, "worker_pids_seen": 128, "elapsed_s": 334.4393101828173}
PROGRESS {"utc": "2026-09-22T11:21:00.056004+00:00", "stage": "G_hybrid replica 3 learning 3/3", "mode": "G_hybrid", "block_completed": 881572, "block_samples": 1000000, "worker_pids_seen": 128, "elapsed_s": 364.46249426086433}
PROGRESS {"utc": "2026-09-22T11:21:30.176340+00:00", "stage": "G_hybrid replica 3 learning 3/3", "mode": "G_hybrid", "block_completed": 951716, "block_samples": 1000000, "worker_pids_seen": 128, "elapsed_s": 394.58282701997086}
S2000_LEARNING_FINISHED G_hybrid replica 3 learning 3/3 {"n": 1000000, "hard_pb": -0.4133474373235466, "hard_error_pb": 0.05088801634499957, "cpu_ms_per_sample": 18.299942133798993, "max_weight_second_moment_fraction": 0.012787500218445871}
S2000_PEAK_REPLAYS replica_3_learning new 10 total 29 issues 0
PROGRESS {"utc": "2026-09-22T11:22:27.431644+00:00", "stage": "G_hybrid replica 4 learning 1/3", "mode": "G_hybrid", "block_completed": 440917, "block_samples": 1000000, "worker_pids_seen": 128, "elapsed_s": 32.43840322014876}
PROGRESS {"utc": "2026-09-22T11:22:57.439834+00:00", "stage": "G_hybrid replica 4 learning 1/3", "mode": "G_hybrid", "block_completed": 779861, "block_samples": 1000000, "worker_pids_seen": 128, "elapsed_s": 62.44656632211991}
S2000_LEARNING_FINISHED G_hybrid replica 4 learning 1/3 {"n": 1000000, "hard_pb": -0.18229702970063363, "hard_error_pb": 0.32197460581814685, "cpu_ms_per_sample": 3.4726392724720005, "max_weight_second_moment_fraction": 0.059263228447932984}
PROGRESS {"utc": "2026-09-22T11:23:53.164862+00:00", "stage": "G_hybrid replica 4 learning 2/3", "mode": "G_hybrid", "block_completed": 154004, "block_samples": 1000000, "worker_pids_seen": 128, "elapsed_s": 32.9296660120599}
PROGRESS {"utc": "2026-09-22T11:24:23.291687+00:00", "stage": "G_hybrid replica 4 learning 2/3", "mode": "G_hybrid", "block_completed": 242324, "block_samples": 1000000, "worker_pids_seen": 128, "elapsed_s": 63.05649120011367}
PROGRESS {"utc": "2026-09-22T11:24:53.327301+00:00", "stage": "G_hybrid replica 4 learning 2/3", "mode": "G_hybrid", "block_completed": 334228, "block_samples": 1000000, "worker_pids_seen": 128, "elapsed_s": 93.09210521611385}
PROGRESS {"utc": "2026-09-22T11:25:23.340455+00:00", "stage": "G_hybrid replica 4 learning 2/3", "mode": "G_hybrid", "block_completed": 423828, "block_samples": 1000000, "worker_pids_seen": 128, "elapsed_s": 123.10526737617329}
PROGRESS {"utc": "2026-09-22T11:25:53.440390+00:00", "stage": "G_hybrid replica 4 learning 2/3", "mode": "G_hybrid", "block_completed": 512148, "block_samples": 1000000, "worker_pids_seen": 128, "elapsed_s": 153.20519426907413}
PROGRESS {"utc": "2026-09-22T11:26:23.545214+00:00", "stage": "G_hybrid replica 4 learning 2/3", "mode": "G_hybrid", "block_completed": 599956, "block_samples": 1000000, "worker_pids_seen": 128, "elapsed_s": 183.31002168916166}
PROGRESS {"utc": "2026-09-22T11:26:53.583975+00:00", "stage": "G_hybrid replica 4 learning 2/3", "mode": "G_hybrid", "block_completed": 689812, "block_samples": 1000000, "worker_pids_seen": 128, "elapsed_s": 213.34878177405335}
PROGRESS {"utc": "2026-09-22T11:27:23.810559+00:00", "stage": "G_hybrid replica 4 learning 2/3", "mode": "G_hybrid", "block_completed": 777876, "block_samples": 1000000, "worker_pids_seen": 128, "elapsed_s": 243.5753698751796}
PROGRESS {"utc": "2026-09-22T11:27:53.820048+00:00", "stage": "G_hybrid replica 4 learning 2/3", "mode": "G_hybrid", "block_completed": 866708, "block_samples": 1000000, "worker_pids_seen": 128, "elapsed_s": 273.5848504761234}
PROGRESS {"utc": "2026-09-22T11:28:23.837086+00:00", "stage": "G_hybrid replica 4 learning 2/3", "mode": "G_hybrid", "block_completed": 958356, "block_samples": 1000000, "worker_pids_seen": 128, "elapsed_s": 303.60204631020315}
S2000_LEARNING_FINISHED G_hybrid replica 4 learning 2/3 {"n": 1000000, "hard_pb": -0.3826154829050685, "hard_error_pb": 0.07316754949922018, "cpu_ms_per_sample": 14.111324839091024, "max_weight_second_moment_fraction": 0.02643528875157071}
PROGRESS {"utc": "2026-09-22T11:29:12.330643+00:00", "stage": "G_hybrid replica 4 learning 3/3", "mode": "G_hybrid", "block_completed": 135934, "block_samples": 1000000, "worker_pids_seen": 128, "elapsed_s": 33.16236193384975}
PROGRESS {"utc": "2026-09-22T11:29:42.453924+00:00", "stage": "G_hybrid replica 4 learning 3/3", "mode": "G_hybrid", "block_completed": 215038, "block_samples": 1000000, "worker_pids_seen": 128, "elapsed_s": 63.2852062729653}
PROGRESS {"utc": "2026-09-22T11:30:12.669526+00:00", "stage": "G_hybrid replica 4 learning 3/3", "mode": "G_hybrid", "block_completed": 293118, "block_samples": 1000000, "worker_pids_seen": 128, "elapsed_s": 93.50080917798914}
PROGRESS {"utc": "2026-09-22T11:30:42.689633+00:00", "stage": "G_hybrid replica 4 learning 3/3", "mode": "G_hybrid", "block_completed": 370174, "block_samples": 1000000, "worker_pids_seen": 128, "elapsed_s": 123.52091536880471}
PROGRESS {"utc": "2026-09-22T11:31:12.795595+00:00", "stage": "G_hybrid replica 4 learning 3/3", "mode": "G_hybrid", "block_completed": 449790, "block_samples": 1000000, "worker_pids_seen": 128, "elapsed_s": 153.62688087695278}
PROGRESS {"utc": "2026-09-22T11:31:42.982544+00:00", "stage": "G_hybrid replica 4 learning 3/3", "mode": "G_hybrid", "block_completed": 527614, "block_samples": 1000000, "worker_pids_seen": 128, "elapsed_s": 183.81397665897384}
PROGRESS {"utc": "2026-09-22T11:32:13.207716+00:00", "stage": "G_hybrid replica 4 learning 3/3", "mode": "G_hybrid", "block_completed": 602878, "block_samples": 1000000, "worker_pids_seen": 128, "elapsed_s": 214.03901023883373}
PROGRESS {"utc": "2026-09-22T11:32:43.362122+00:00", "stage": "G_hybrid replica 4 learning 3/3", "mode": "G_hybrid", "block_completed": 679934, "block_samples": 1000000, "worker_pids_seen": 128, "elapsed_s": 244.19341323594563}
PROGRESS {"utc": "2026-09-22T11:33:13.403184+00:00", "stage": "G_hybrid replica 4 learning 3/3", "mode": "G_hybrid", "block_completed": 756478, "block_samples": 1000000, "worker_pids_seen": 128, "elapsed_s": 274.2344698328525}
PROGRESS {"utc": "2026-09-22T11:33:43.529266+00:00", "stage": "G_hybrid replica 4 learning 3/3", "mode": "G_hybrid", "block_completed": 834814, "block_samples": 1000000, "worker_pids_seen": 128, "elapsed_s": 304.3605485968292}
PROGRESS {"utc": "2026-09-22T11:34:13.674408+00:00", "stage": "G_hybrid replica 4 learning 3/3", "mode": "G_hybrid", "block_completed": 908030, "block_samples": 1000000, "worker_pids_seen": 128, "elapsed_s": 334.50569668994285}
PROGRESS {"utc": "2026-09-22T11:34:43.677209+00:00", "stage": "G_hybrid replica 4 learning 3/3", "mode": "G_hybrid", "block_completed": 990528, "block_samples": 1000000, "worker_pids_seen": 128, "elapsed_s": 364.5084908348508}
S2000_LEARNING_FINISHED G_hybrid replica 4 learning 3/3 {"n": 1000000, "hard_pb": -0.31102827573227193, "hard_error_pb": 0.0513112403784074, "cpu_ms_per_sample": 16.743920212989966, "max_weight_second_moment_fraction": 0.006016442860156523}
S2000_PEAK_REPLAYS replica_4_learning new 11 total 40 issues 0
PROGRESS {"utc": "2026-09-22T11:35:26.234199+00:00", "stage": "G_hybrid replica 1 production 1/200", "mode": "G_hybrid", "block_completed": 66623, "block_samples": 250000, "worker_pids_seen": 128, "elapsed_s": 30.995108110131696}
PROGRESS {"utc": "2026-09-22T11:35:56.251881+00:00", "stage": "G_hybrid replica 1 production 1/200", "mode": "G_hybrid", "block_completed": 132159, "block_samples": 250000, "worker_pids_seen": 128, "elapsed_s": 61.01278963102959}
PROGRESS {"utc": "2026-09-22T11:36:26.260208+00:00", "stage": "G_hybrid replica 1 production 1/200", "mode": "G_hybrid", "block_completed": 193343, "block_samples": 250000, "worker_pids_seen": 128, "elapsed_s": 91.0211162851192}
S2000_PRODUCTION_FINISHED G_hybrid replica 1 production 1/200 {"n": 250000, "matched_pb": 0.2517706443566472, "matched_error_pb": 0.0933700976163461, "relative_error": 0.3708537897852862, "hard_error_pb": 0.09336047583813344, "cpu_ms_per_sample": 19.67691321361197, "max_weight_second_moment_fraction": 0.02908561880074345}
PROGRESS {"utc": "2026-09-22T11:37:20.602547+00:00", "stage": "G_hybrid replica 2 production 1/200", "mode": "G_hybrid", "block_completed": 70339, "block_samples": 250000, "worker_pids_seen": 128, "elapsed_s": 31.03254935797304}
PROGRESS {"utc": "2026-09-22T11:37:51.113957+00:00", "stage": "G_hybrid replica 2 production 1/200", "mode": "G_hybrid", "block_completed": 136387, "block_samples": 250000, "worker_pids_seen": 128, "elapsed_s": 61.543956998037174}
PROGRESS {"utc": "2026-09-22T11:38:21.120553+00:00", "stage": "G_hybrid replica 2 production 1/200", "mode": "G_hybrid", "block_completed": 204227, "block_samples": 250000, "worker_pids_seen": 128, "elapsed_s": 91.55055583408102}
S2000_PRODUCTION_FINISHED G_hybrid replica 2 production 1/200 {"n": 500000, "matched_pb": 0.15930767298533632, "matched_error_pb": 0.06434086846584261, "relative_error": 0.40387802583598686, "hard_error_pb": 0.06432690475046625, "cpu_ms_per_sample": 19.205337540711987, "max_weight_second_moment_fraction": 0.015315898036506771}
PROGRESS {"utc": "2026-09-22T11:39:08.457126+00:00", "stage": "G_hybrid replica 3 production 1/200", "mode": "G_hybrid", "block_completed": 71384, "block_samples": 250000, "worker_pids_seen": 128, "elapsed_s": 30.84110827394761}
PROGRESS {"utc": "2026-09-22T11:39:38.509532+00:00", "stage": "G_hybrid replica 3 production 1/200", "mode": "G_hybrid", "block_completed": 133592, "block_samples": 250000, "worker_pids_seen": 128, "elapsed_s": 60.89351256703958}
PROGRESS {"utc": "2026-09-22T11:40:08.611114+00:00", "stage": "G_hybrid replica 3 production 1/200", "mode": "G_hybrid", "block_completed": 197080, "block_samples": 250000, "worker_pids_seen": 128, "elapsed_s": 90.99509688303806}
S2000_PRODUCTION_FINISHED G_hybrid replica 3 production 1/200 {"n": 750000, "matched_pb": 0.21811575974791375, "matched_error_pb": 0.05343834172072158, "relative_error": 0.2449999109760922, "hard_error_pb": 0.053421528298030846, "cpu_ms_per_sample": 19.424369790081325, "max_weight_second_moment_fraction": 0.03944088270697301}
PROGRESS {"utc": "2026-09-22T11:41:01.794988+00:00", "stage": "G_hybrid replica 4 production 1/200", "mode": "G_hybrid", "block_completed": 73620, "block_samples": 250000, "worker_pids_seen": 128, "elapsed_s": 30.799672295106575}
PROGRESS {"utc": "2026-09-22T11:41:31.876216+00:00", "stage": "G_hybrid replica 4 production 1/200", "mode": "G_hybrid", "block_completed": 142996, "block_samples": 250000, "worker_pids_seen": 128, "elapsed_s": 60.880886105122045}
PROGRESS {"utc": "2026-09-22T11:42:01.892988+00:00", "stage": "G_hybrid replica 4 production 1/200", "mode": "G_hybrid", "block_completed": 214932, "block_samples": 250000, "worker_pids_seen": 128, "elapsed_s": 90.89765655412339}
S2000_PRODUCTION_FINISHED G_hybrid replica 4 production 1/200 {"n": 1000000, "matched_pb": 0.24250687817910477, "matched_error_pb": 0.045928803429614994, "relative_error": 0.1893917557080341, "hard_error_pb": 0.04590923985771178, "cpu_ms_per_sample": 19.103996088827994, "max_weight_second_moment_fraction": 0.0300403190712683}
PROGRESS {"utc": "2026-09-22T11:42:44.838858+00:00", "stage": "G_hybrid replica 1 production 2/200", "mode": "G_hybrid", "block_completed": 69164, "block_samples": 250000, "worker_pids_seen": 128, "elapsed_s": 30.958949368912727}
PROGRESS {"utc": "2026-09-22T11:43:15.018583+00:00", "stage": "G_hybrid replica 1 production 2/200", "mode": "G_hybrid", "block_completed": 132908, "block_samples": 250000, "worker_pids_seen": 128, "elapsed_s": 61.13868103688583}
PROGRESS {"utc": "2026-09-22T11:43:45.025346+00:00", "stage": "G_hybrid replica 1 production 2/200", "mode": "G_hybrid", "block_completed": 200236, "block_samples": 250000, "worker_pids_seen": 128, "elapsed_s": 91.14544525998645}
S2000_PRODUCTION_FINISHED G_hybrid replica 1 production 2/200 {"n": 1250000, "matched_pb": 0.2570625791003554, "matched_error_pb": 0.04087703020621142, "relative_error": 0.15901587212448107, "hard_error_pb": 0.040855047647949436, "cpu_ms_per_sample": 19.192567907268792, "max_weight_second_moment_fraction": 0.024276996883340164}
PROGRESS {"utc": "2026-09-22T11:44:34.272501+00:00", "stage": "G_hybrid replica 2 production 2/200", "mode": "G_hybrid", "block_completed": 69845, "block_samples": 250000, "worker_pids_seen": 128, "elapsed_s": 30.670414888998494}
PROGRESS {"utc": "2026-09-22T11:45:04.652261+00:00", "stage": "G_hybrid replica 2 production 2/200", "mode": "G_hybrid", "block_completed": 137941, "block_samples": 250000, "worker_pids_seen": 128, "elapsed_s": 61.05016975081526}
PROGRESS {"utc": "2026-09-22T11:45:34.723442+00:00", "stage": "G_hybrid replica 2 production 2/200", "mode": "G_hybrid", "block_completed": 208341, "block_samples": 250000, "worker_pids_seen": 128, "elapsed_s": 91.1213641569484}
S2000_PRODUCTION_FINISHED G_hybrid replica 2 production 2/200 {"n": 1500000, "matched_pb": 0.285079249418736, "matched_error_pb": 0.03717513920632111, "relative_error": 0.13040282406425432, "hard_error_pb": 0.037150966270691414, "cpu_ms_per_sample": 19.06848740363467, "max_weight_second_moment_fraction": 0.02038858634212406}
PROGRESS {"utc": "2026-09-22T11:46:21.503880+00:00", "stage": "G_hybrid replica 3 production 2/200", "mode": "G_hybrid", "block_completed": 68266, "block_samples": 250000, "worker_pids_seen": 128, "elapsed_s": 31.184475986054167}
PROGRESS {"utc": "2026-09-22T11:46:51.615539+00:00", "stage": "G_hybrid replica 3 production 2/200", "mode": "G_hybrid", "block_completed": 129706, "block_samples": 250000, "worker_pids_seen": 128, "elapsed_s": 61.29613728215918}
PROGRESS {"utc": "2026-09-22T11:47:21.844364+00:00", "stage": "G_hybrid replica 3 production 2/200", "mode": "G_hybrid", "block_completed": 192426, "block_samples": 250000, "worker_pids_seen": 128, "elapsed_s": 91.52496559894644}
S2000_PRODUCTION_FINISHED G_hybrid replica 3 production 2/200 {"n": 1750000, "matched_pb": 0.2927856268019982, "matched_error_pb": 0.034322959407659476, "relative_error": 0.11722897664942761, "hard_error_pb": 0.03429677626740651, "cpu_ms_per_sample": 19.17771453017772, "max_weight_second_moment_fraction": 0.0175763207291182}
PROGRESS {"utc": "2026-09-22T11:48:17.386015+00:00", "stage": "G_hybrid replica 4 production 2/200", "mode": "G_hybrid", "block_completed": 72464, "block_samples": 250000, "worker_pids_seen": 128, "elapsed_s": 30.72295526508242}
PROGRESS {"utc": "2026-09-22T11:48:47.443654+00:00", "stage": "G_hybrid replica 4 production 2/200", "mode": "G_hybrid", "block_completed": 144400, "block_samples": 250000, "worker_pids_seen": 128, "elapsed_s": 60.78059604112059}
PROGRESS {"utc": "2026-09-22T11:49:17.454476+00:00", "stage": "G_hybrid replica 4 production 2/200", "mode": "G_hybrid", "block_completed": 213008, "block_samples": 250000, "worker_pids_seen": 128, "elapsed_s": 90.79142606910318}
S2000_PRODUCTION_FINISHED G_hybrid replica 4 production 2/200 {"n": 2000000, "matched_pb": 0.2782344493324769, "matched_error_pb": 0.03195677947432781, "relative_error": 0.1148555815104728, "hard_error_pb": 0.03192865600377688, "cpu_ms_per_sample": 19.058052529509506, "max_weight_second_moment_fraction": 0.015526993057526743}
PROGRESS {"utc": "2026-09-22T11:50:01.061106+00:00", "stage": "G_hybrid replica 1 production 3/200", "mode": "G_hybrid", "block_completed": 67509, "block_samples": 250000, "worker_pids_seen": 128, "elapsed_s": 30.655936863971874}
PROGRESS {"utc": "2026-09-22T11:50:31.091994+00:00", "stage": "G_hybrid replica 1 production 3/200", "mode": "G_hybrid", "block_completed": 132277, "block_samples": 250000, "worker_pids_seen": 128, "elapsed_s": 60.686839846894145}
PROGRESS {"utc": "2026-09-22T11:51:01.095283+00:00", "stage": "G_hybrid replica 1 production 3/200", "mode": "G_hybrid", "block_completed": 198581, "block_samples": 250000, "worker_pids_seen": 128, "elapsed_s": 90.6901177028194}
S2000_PRODUCTION_FINISHED G_hybrid replica 1 production 3/200 {"n": 2250000, "matched_pb": 0.2659437673106872, "matched_error_pb": 0.03040662514854085, "relative_error": 0.11433479135842463, "hard_error_pb": 0.030377066559504638, "cpu_ms_per_sample": 19.094116200873337, "max_weight_second_moment_fraction": 0.01987419131929796}
PROGRESS {"utc": "2026-09-22T11:51:50.853525+00:00", "stage": "G_hybrid replica 2 production 3/200", "mode": "G_hybrid", "block_completed": 70101, "block_samples": 250000, "worker_pids_seen": 128, "elapsed_s": 30.688922416884452}
PROGRESS {"utc": "2026-09-22T11:52:20.865313+00:00", "stage": "G_hybrid replica 2 production 3/200", "mode": "G_hybrid", "block_completed": 138453, "block_samples": 250000, "worker_pids_seen": 128, "elapsed_s": 60.70070535806008}
PROGRESS {"utc": "2026-09-22T11:52:50.944132+00:00", "stage": "G_hybrid replica 2 production 3/200", "mode": "G_hybrid", "block_completed": 208085, "block_samples": 250000, "worker_pids_seen": 128, "elapsed_s": 90.77968591894023}
S2000_PRODUCTION_FINISHED G_hybrid replica 2 production 3/200 {"n": 2500000, "matched_pb": 0.26903995216716126, "matched_error_pb": 0.028790137319122035, "relative_error": 0.10701063945043375, "hard_error_pb": 0.028758917342114974, "cpu_ms_per_sample": 19.0403415432332, "max_weight_second_moment_fraction": 0.01796062268291358}
PROGRESS {"utc": "2026-09-22T11:53:35.330429+00:00", "stage": "G_hybrid replica 3 production 3/200", "mode": "G_hybrid", "block_completed": 66600, "block_samples": 250000, "worker_pids_seen": 128, "elapsed_s": 30.654858777066693}
PROGRESS {"utc": "2026-09-22T11:54:05.365439+00:00", "stage": "G_hybrid replica 3 production 3/200", "mode": "G_hybrid", "block_completed": 131624, "block_samples": 250000, "worker_pids_seen": 128, "elapsed_s": 60.68986774911173}
PROGRESS {"utc": "2026-09-22T11:54:35.456134+00:00", "stage": "G_hybrid replica 3 production 3/200", "mode": "G_hybrid", "block_completed": 196392, "block_samples": 250000, "worker_pids_seen": 128, "elapsed_s": 90.78057216713205}
S2000_PRODUCTION_FINISHED G_hybrid replica 3 production 3/200 {"n": 2750000, "matched_pb": 0.260229739938929, "matched_error_pb": 0.027501507865494015, "relative_error": 0.10568164834637309, "hard_error_pb": 0.02746882332231447, "cpu_ms_per_sample": 19.101331452274184, "max_weight_second_moment_fraction": 0.016270460953776867}
PROGRESS {"utc": "2026-09-22T11:55:28.341563+00:00", "stage": "G_hybrid replica 4 production 3/200", "mode": "G_hybrid", "block_completed": 72604, "block_samples": 250000, "worker_pids_seen": 128, "elapsed_s": 30.91775273089297}
PROGRESS {"utc": "2026-09-22T11:55:58.494379+00:00", "stage": "G_hybrid replica 4 production 3/200", "mode": "G_hybrid", "block_completed": 140444, "block_samples": 250000, "worker_pids_seen": 128, "elapsed_s": 61.07057384587824}
PROGRESS {"utc": "2026-09-22T11:56:28.738313+00:00", "stage": "G_hybrid replica 4 production 3/200", "mode": "G_hybrid", "block_completed": 209564, "block_samples": 250000, "worker_pids_seen": 128, "elapsed_s": 91.31451107887551}
S2000_PRODUCTION_FINISHED G_hybrid replica 4 production 3/200 {"n": 3000000, "matched_pb": 0.2515096162418087, "matched_error_pb": 0.02627098851494115, "relative_error": 0.10445321696838604, "hard_error_pb": 0.0262367710930455, "cpu_ms_per_sample": 19.034964503162673, "max_weight_second_moment_fraction": 0.014985828575941487}
PROGRESS {"utc": "2026-09-22T11:57:13.107431+00:00", "stage": "G_hybrid replica 1 production 4/200", "mode": "G_hybrid", "block_completed": 68645, "block_samples": 250000, "worker_pids_seen": 128, "elapsed_s": 30.651402349118143}
PROGRESS {"utc": "2026-09-22T11:57:43.134840+00:00", "stage": "G_hybrid replica 1 production 4/200", "mode": "G_hybrid", "block_completed": 130597, "block_samples": 250000, "worker_pids_seen": 128, "elapsed_s": 60.67881449917331}
PROGRESS {"utc": "2026-09-22T11:58:13.178635+00:00", "stage": "G_hybrid replica 1 production 4/200", "mode": "G_hybrid", "block_completed": 195365, "block_samples": 250000, "worker_pids_seen": 128, "elapsed_s": 90.72260735020973}
S2000_PRODUCTION_FINISHED G_hybrid replica 1 production 4/200 {"n": 3250000, "matched_pb": 0.25009098120988954, "matched_error_pb": 0.02518340235901058, "relative_error": 0.10069696330982579, "hard_error_pb": 0.025147705148035233, "cpu_ms_per_sample": 19.080109249925847, "max_weight_second_moment_fraction": 0.013898895238496113}
PROGRESS {"utc": "2026-09-22T11:59:04.915556+00:00", "stage": "G_hybrid replica 2 production 4/200", "mode": "G_hybrid", "block_completed": 132472, "block_samples": 250000, "worker_pids_seen": 128, "elapsed_s": 30.76720998599194}
PROGRESS {"utc": "2026-09-22T11:59:34.980468+00:00", "stage": "G_hybrid replica 2 production 4/200", "mode": "G_hybrid", "block_completed": 199544, "block_samples": 250000, "worker_pids_seen": 128, "elapsed_s": 60.832111132796854}
S2000_PRODUCTION_FINISHED G_hybrid replica 2 production 4/200 {"n": 3500000, "matched_pb": 0.24267663077710988, "matched_error_pb": 0.024284376278081537, "relative_error": 0.10006887025057595, "hard_error_pb": 0.024247355547608637, "cpu_ms_per_sample": 19.278490451843716, "max_weight_second_moment_fraction": 0.012890739716569908}
PROGRESS {"utc": "2026-09-22T12:00:25.139394+00:00", "stage": "G_hybrid replica 3 production 4/200", "mode": "G_hybrid", "block_completed": 70091, "block_samples": 250000, "worker_pids_seen": 128, "elapsed_s": 30.66583215794526}
PROGRESS {"utc": "2026-09-22T12:00:55.401810+00:00", "stage": "G_hybrid replica 3 production 4/200", "mode": "G_hybrid", "block_completed": 131019, "block_samples": 250000, "worker_pids_seen": 128, "elapsed_s": 60.92823678581044}
PROGRESS {"utc": "2026-09-22T12:01:25.607634+00:00", "stage": "G_hybrid replica 3 production 4/200", "mode": "G_hybrid", "block_completed": 195019, "block_samples": 250000, "worker_pids_seen": 128, "elapsed_s": 91.13405871484429}
S2000_PRODUCTION_FINISHED G_hybrid replica 3 production 4/200 {"n": 3750000, "matched_pb": 0.2344249105876463, "matched_error_pb": 0.023434904274084428, "relative_error": 0.09996763661054116, "hard_error_pb": 0.023396539448649212, "cpu_ms_per_sample": 19.3317769169696, "max_weight_second_moment_fraction": 0.012060786602793229}
PROGRESS {"utc": "2026-09-22T12:02:20.934389+00:00", "stage": "G_hybrid replica 4 production 4/200", "mode": "G_hybrid", "block_completed": 135621, "block_samples": 250000, "worker_pids_seen": 128, "elapsed_s": 30.8360322159715}
S2000_PRODUCTION_FINISHED G_hybrid replica 4 production 4/200 {"n": 4000000, "matched_pb": 0.2291898163973386, "matched_error_pb": 0.022648614269670037, "relative_error": 0.09882033427874869, "hard_error_pb": 0.02260891523653887, "cpu_ms_per_sample": 19.587197290240496, "max_weight_second_moment_fraction": 0.011351705071859293}
PROGRESS {"utc": "2026-09-22T12:03:18.538019+00:00", "stage": "G_hybrid replica 1 production 5/200", "mode": "G_hybrid", "block_completed": 129409, "block_samples": 250000, "worker_pids_seen": 128, "elapsed_s": 30.57518068095669}
S2000_PRODUCTION_FINISHED G_hybrid replica 1 production 5/200 {"n": 4250000, "matched_pb": 0.21653086505173985, "matched_error_pb": 0.021947857215155197, "relative_error": 0.10136133345198052, "hard_error_pb": 0.02190688832704312, "cpu_ms_per_sample": 19.94384464530494, "max_weight_second_moment_fraction": 0.010710241771331003}
PROGRESS {"utc": "2026-09-22T12:04:19.231963+00:00", "stage": "G_hybrid replica 2 production 5/200", "mode": "G_hybrid", "block_completed": 79539, "block_samples": 250000, "worker_pids_seen": 128, "elapsed_s": 30.866909477859735}
PROGRESS {"utc": "2026-09-22T12:04:49.243697+00:00", "stage": "G_hybrid replica 2 production 5/200", "mode": "G_hybrid", "block_completed": 155571, "block_samples": 250000, "worker_pids_seen": 128, "elapsed_s": 60.87866579485126}
PROGRESS {"utc": "2026-09-22T12:05:19.293704+00:00", "stage": "G_hybrid replica 2 production 5/200", "mode": "G_hybrid", "block_completed": 232371, "block_samples": 250000, "worker_pids_seen": 128, "elapsed_s": 90.9286630388815}
S2000_PRODUCTION_FINISHED G_hybrid replica 2 production 5/200 {"n": 4500000, "matched_pb": 0.22519235883817518, "matched_error_pb": 0.021313297139200847, "relative_error": 0.09464485051429623, "hard_error_pb": 0.02127110610148342, "cpu_ms_per_sample": 19.88130469304489, "max_weight_second_moment_fraction": 0.01013292033939911}
PROGRESS {"utc": "2026-09-22T12:05:56.476449+00:00", "stage": "G_hybrid replica 3 production 5/200", "mode": "G_hybrid", "block_completed": 73745, "block_samples": 250000, "worker_pids_seen": 128, "elapsed_s": 30.676871109055355}
PROGRESS {"utc": "2026-09-22T12:06:26.482706+00:00", "stage": "G_hybrid replica 3 production 5/200", "mode": "G_hybrid", "block_completed": 143889, "block_samples": 250000, "worker_pids_seen": 128, "elapsed_s": 60.68313510296866}
PROGRESS {"utc": "2026-09-22T12:06:56.491660+00:00", "stage": "G_hybrid replica 3 production 5/200", "mode": "G_hybrid", "block_completed": 209169, "block_samples": 250000, "worker_pids_seen": 128, "elapsed_s": 90.69207198405638}
S2000_PRODUCTION_FINISHED G_hybrid replica 3 production 5/200 {"n": 4750000, "matched_pb": 0.22822633171769452, "matched_error_pb": 0.020738295043292793, "relative_error": 0.09086723204641045, "hard_error_pb": 0.02069493177421372, "cpu_ms_per_sample": 19.908880199826523, "max_weight_second_moment_fraction": 0.009607823557523328}
PROGRESS {"utc": "2026-09-22T12:07:39.858214+00:00", "stage": "G_hybrid replica 4 production 5/200", "mode": "G_hybrid", "block_completed": 138591, "block_samples": 250000, "worker_pids_seen": 128, "elapsed_s": 30.63923601200804}
S2000_PRODUCTION_FINISHED G_hybrid replica 4 production 5/200 {"n": 5000000, "matched_pb": 0.23077670865314548, "matched_error_pb": 0.020203175463278256, "relative_error": 0.08754425687578107, "hard_error_pb": 0.020158661132047107, "cpu_ms_per_sample": 20.0702235855612, "max_weight_second_moment_fraction": 0.009138548186176692}
S2000_PEAK_REPLAYS production_5000000 new 10 total 50 issues 0
PROGRESS {"utc": "2026-09-22T12:08:40.112486+00:00", "stage": "G_hybrid replica 1 production 6/200", "mode": "G_hybrid", "block_completed": 129217, "block_samples": 250000, "worker_pids_seen": 128, "elapsed_s": 30.676261919084936}
S2000_PRODUCTION_FINISHED G_hybrid replica 1 production 6/200 {"n": 5250000, "matched_pb": 0.23461184560575654, "matched_error_pb": 0.019702258709442904, "relative_error": 0.08397810715214578, "hard_error_pb": 0.019656610035571162, "cpu_ms_per_sample": 20.281160219792763, "max_weight_second_moment_fraction": 0.008717767042042895}
PROGRESS {"utc": "2026-09-22T12:09:40.929676+00:00", "stage": "G_hybrid replica 2 production 6/200", "mode": "G_hybrid", "block_completed": 140699, "block_samples": 250000, "worker_pids_seen": 128, "elapsed_s": 30.760278800036758}
S2000_PRODUCTION_FINISHED G_hybrid replica 2 production 6/200 {"n": 5500000, "matched_pb": 0.22754962046392457, "matched_error_pb": 0.019241860333583567, "relative_error": 0.08456116206370094, "hard_error_pb": 0.01919511679917147, "cpu_ms_per_sample": 20.422053150342542, "max_weight_second_moment_fraction": 0.008329772113062147}
PROGRESS {"utc": "2026-09-22T12:10:37.217103+00:00", "stage": "G_hybrid replica 3 production 6/200", "mode": "G_hybrid", "block_completed": 129638, "block_samples": 250000, "worker_pids_seen": 128, "elapsed_s": 30.67753877583891}
S2000_PRODUCTION_FINISHED G_hybrid replica 3 production 6/200 {"n": 5750000, "matched_pb": 0.22660599045193175, "matched_error_pb": 0.01881695335934955, "relative_error": 0.08303819913066708, "hard_error_pb": 0.01876915164744093, "cpu_ms_per_sample": 20.617360399129563, "max_weight_second_moment_fraction": 0.00797103805488196}
PROGRESS {"utc": "2026-09-22T12:11:37.211908+00:00", "stage": "G_hybrid replica 4 production 6/200", "mode": "G_hybrid", "block_completed": 134186, "block_samples": 250000, "worker_pids_seen": 128, "elapsed_s": 30.716817694948986}
PROGRESS {"utc": "2026-09-22T12:12:07.322459+00:00", "stage": "G_hybrid replica 4 production 6/200", "mode": "G_hybrid", "block_completed": 250000, "block_samples": 250000, "worker_pids_seen": 128, "elapsed_s": 60.827550621004775}
S2000_PRODUCTION_FINISHED G_hybrid replica 4 production 6/200 {"n": 6000000, "matched_pb": 0.2298244060258714, "matched_error_pb": 0.01841799519444137, "relative_error": 0.08013942258320489, "hard_error_pb": 0.018369155310442652, "cpu_ms_per_sample": 20.55093262996967, "max_weight_second_moment_fraction": 0.007642922521365377}
PROGRESS {"utc": "2026-09-22T12:12:38.112484+00:00", "stage": "G_hybrid replica 1 production 7/200", "mode": "G_hybrid", "block_completed": 87163, "block_samples": 250000, "worker_pids_seen": 128, "elapsed_s": 30.60897950315848}
PROGRESS {"utc": "2026-09-22T12:13:08.121696+00:00", "stage": "G_hybrid replica 1 production 7/200", "mode": "G_hybrid", "block_completed": 167547, "block_samples": 250000, "worker_pids_seen": 128, "elapsed_s": 60.618206224171445}
PROGRESS {"utc": "2026-09-22T12:13:38.476179+00:00", "stage": "G_hybrid replica 1 production 7/200", "mode": "G_hybrid", "block_completed": 250000, "block_samples": 250000, "worker_pids_seen": 128, "elapsed_s": 90.97290491918102}
S2000_PRODUCTION_FINISHED G_hybrid replica 1 production 7/200 {"n": 6250000, "matched_pb": 0.23900320732453212, "matched_error_pb": 0.01805219528808904, "relative_error": 0.07553118424715005, "hard_error_pb": 0.018002363027002935, "cpu_ms_per_sample": 20.510756426036483, "max_weight_second_moment_fraction": 0.007333691624839959}
PROGRESS {"utc": "2026-09-22T12:14:09.666614+00:00", "stage": "G_hybrid replica 2 production 7/200", "mode": "G_hybrid", "block_completed": 74502, "block_samples": 250000, "worker_pids_seen": 128, "elapsed_s": 30.994917100062594}
PROGRESS {"utc": "2026-09-22T12:14:39.668459+00:00", "stage": "G_hybrid replica 2 production 7/200", "mode": "G_hybrid", "block_completed": 146438, "block_samples": 250000, "worker_pids_seen": 128, "elapsed_s": 60.996756656095386}
PROGRESS {"utc": "2026-09-22T12:15:09.898317+00:00", "stage": "G_hybrid replica 2 production 7/200", "mode": "G_hybrid", "block_completed": 218374, "block_samples": 250000, "worker_pids_seen": 128, "elapsed_s": 91.22660936415195}
S2000_PRODUCTION_FINISHED G_hybrid replica 2 production 7/200 {"n": 6500000, "matched_pb": 0.23867209796965794, "matched_error_pb": 0.01768718348999764, "relative_error": 0.07410662427849521, "hard_error_pb": 0.017636319900862063, "cpu_ms_per_sample": 20.43663440821246, "max_weight_second_moment_fraction": 0.007064785198896608}
PROGRESS {"utc": "2026-09-22T12:15:51.512095+00:00", "stage": "G_hybrid replica 3 production 7/200", "mode": "G_hybrid", "block_completed": 70834, "block_samples": 250000, "worker_pids_seen": 128, "elapsed_s": 30.888335369993}
PROGRESS {"utc": "2026-09-22T12:16:21.522606+00:00", "stage": "G_hybrid replica 3 production 7/200", "mode": "G_hybrid", "block_completed": 134322, "block_samples": 250000, "worker_pids_seen": 128, "elapsed_s": 60.89884092495777}
PROGRESS {"utc": "2026-09-22T12:16:51.549386+00:00", "stage": "G_hybrid replica 3 production 7/200", "mode": "G_hybrid", "block_completed": 198578, "block_samples": 250000, "worker_pids_seen": 128, "elapsed_s": 90.92562378686853}
S2000_PRODUCTION_FINISHED G_hybrid replica 3 production 7/200 {"n": 6750000, "matched_pb": 0.23972873073647438, "matched_error_pb": 0.017369859107505152, "relative_error": 0.07245630948840774, "hard_error_pb": 0.017318063553737117, "cpu_ms_per_sample": 20.43041049046696, "max_weight_second_moment_fraction": 0.006794157236360661}
PROGRESS {"utc": "2026-09-22T12:17:41.550483+00:00", "stage": "G_hybrid replica 4 production 7/200", "mode": "G_hybrid", "block_completed": 74275, "block_samples": 250000, "worker_pids_seen": 128, "elapsed_s": 30.602914617862552}
PROGRESS {"utc": "2026-09-22T12:18:11.585226+00:00", "stage": "G_hybrid replica 4 production 7/200", "mode": "G_hybrid", "block_completed": 145443, "block_samples": 250000, "worker_pids_seen": 128, "elapsed_s": 60.637661509914324}
PROGRESS {"utc": "2026-09-22T12:18:41.768466+00:00", "stage": "G_hybrid replica 4 production 7/200", "mode": "G_hybrid", "block_completed": 217123, "block_samples": 250000, "worker_pids_seen": 128, "elapsed_s": 90.82090039690956}
S2000_PRODUCTION_FINISHED G_hybrid replica 4 production 7/200 {"n": 7000000, "matched_pb": 0.23866015950927671, "matched_error_pb": 0.01704449279315039, "relative_error": 0.07141741976623406, "hard_error_pb": 0.01699170545920726, "cpu_ms_per_sample": 20.356505375919433, "max_weight_second_moment_fraction": 0.0065625340913756615}
PROGRESS {"utc": "2026-09-22T12:19:22.640957+00:00", "stage": "G_hybrid replica 1 production 8/200", "mode": "G_hybrid", "block_completed": 75121, "block_samples": 250000, "worker_pids_seen": 128, "elapsed_s": 30.858329807873815}
PROGRESS {"utc": "2026-09-22T12:19:52.806337+00:00", "stage": "G_hybrid replica 1 production 8/200", "mode": "G_hybrid", "block_completed": 143217, "block_samples": 250000, "worker_pids_seen": 128, "elapsed_s": 61.02371010184288}
PROGRESS {"utc": "2026-09-22T12:20:22.993219+00:00", "stage": "G_hybrid replica 1 production 8/200", "mode": "G_hybrid", "block_completed": 211313, "block_samples": 250000, "worker_pids_seen": 128, "elapsed_s": 91.2105952699203}
S2000_PRODUCTION_FINISHED G_hybrid replica 1 production 8/200 {"n": 7250000, "matched_pb": 0.2383925052362701, "matched_error_pb": 0.0167682031881249, "relative_error": 0.07033863405859167, "hard_error_pb": 0.016714543307997983, "cpu_ms_per_sample": 20.330129757449512, "max_weight_second_moment_fraction": 0.00632232135026893}
PROGRESS {"utc": "2026-09-22T12:21:07.312524+00:00", "stage": "G_hybrid replica 2 production 8/200", "mode": "G_hybrid", "block_completed": 74623, "block_samples": 250000, "worker_pids_seen": 128, "elapsed_s": 30.591909538023174}
PROGRESS {"utc": "2026-09-22T12:21:37.428692+00:00", "stage": "G_hybrid replica 2 production 8/200", "mode": "G_hybrid", "block_completed": 147583, "block_samples": 250000, "worker_pids_seen": 128, "elapsed_s": 60.70807128306478}
PROGRESS {"utc": "2026-09-22T12:22:07.537131+00:00", "stage": "G_hybrid replica 2 production 8/200", "mode": "G_hybrid", "block_completed": 216191, "block_samples": 250000, "worker_pids_seen": 128, "elapsed_s": 90.81650738301687}
S2000_PRODUCTION_FINISHED G_hybrid replica 2 production 8/200 {"n": 7500000, "matched_pb": 0.2380669313268941, "matched_error_pb": 0.016515031962673964, "relative_error": 0.06937138169768262, "hard_error_pb": 0.016460546788148952, "cpu_ms_per_sample": 20.2698758080096, "max_weight_second_moment_fraction": 0.006091589092564409}
PROGRESS {"utc": "2026-09-22T12:22:50.096810+00:00", "stage": "G_hybrid replica 3 production 8/200", "mode": "G_hybrid", "block_completed": 128713, "block_samples": 250000, "worker_pids_seen": 128, "elapsed_s": 30.603210864122957}
PROGRESS {"utc": "2026-09-22T12:23:20.272238+00:00", "stage": "G_hybrid replica 3 production 8/200", "mode": "G_hybrid", "block_completed": 250000, "block_samples": 250000, "worker_pids_seen": 128, "elapsed_s": 60.778643106110394}
S2000_PRODUCTION_FINISHED G_hybrid replica 3 production 8/200 {"n": 7750000, "matched_pb": 0.2342913063140586, "matched_error_pb": 0.016412899915106416, "relative_error": 0.07005338855000257, "hard_error_pb": 0.01635807456456897, "cpu_ms_per_sample": 20.442071044160386, "max_weight_second_moment_fraction": 0.020626537333264618}
PROGRESS {"utc": "2026-09-22T12:23:51.003562+00:00", "stage": "G_hybrid replica 4 production 8/200", "mode": "G_hybrid", "block_completed": 84719, "block_samples": 250000, "worker_pids_seen": 128, "elapsed_s": 30.59161085798405}
PROGRESS {"utc": "2026-09-22T12:24:21.092824+00:00", "stage": "G_hybrid replica 4 production 8/200", "mode": "G_hybrid", "block_completed": 168943, "block_samples": 250000, "worker_pids_seen": 128, "elapsed_s": 60.6808836881537}
S2000_PRODUCTION_FINISHED G_hybrid replica 4 production 8/200 {"n": 8000000, "matched_pb": 0.23552079977206397, "matched_error_pb": 0.016145630145936105, "relative_error": 0.06855288433786645, "hard_error_pb": 0.01608989411543963, "cpu_ms_per_sample": 20.371420473850378, "max_weight_second_moment_fraction": 0.020008194342047977}
PROGRESS {"utc": "2026-09-22T12:25:18.955062+00:00", "stage": "G_hybrid replica 1 production 9/200", "mode": "G_hybrid", "block_completed": 71792, "block_samples": 250000, "worker_pids_seen": 128, "elapsed_s": 30.611926896031946}
PROGRESS {"utc": "2026-09-22T12:25:48.992506+00:00", "stage": "G_hybrid replica 1 production 9/200", "mode": "G_hybrid", "block_completed": 142192, "block_samples": 250000, "worker_pids_seen": 128, "elapsed_s": 60.64937669108622}
PROGRESS {"utc": "2026-09-22T12:26:18.994420+00:00", "stage": "G_hybrid replica 1 production 9/200", "mode": "G_hybrid", "block_completed": 209264, "block_samples": 250000, "worker_pids_seen": 128, "elapsed_s": 90.65129042998888}
S2000_PRODUCTION_FINISHED G_hybrid replica 1 production 9/200 {"n": 8250000, "matched_pb": 0.24141514264027703, "matched_error_pb": 0.0159093027759948, "relative_error": 0.06590018588726479, "hard_error_pb": 0.01585273587286983, "cpu_ms_per_sample": 20.345065792243517, "max_weight_second_moment_fraction": 0.01938111565636303}
PROGRESS {"utc": "2026-09-22T12:27:02.666321+00:00", "stage": "G_hybrid replica 2 production 9/200", "mode": "G_hybrid", "block_completed": 77189, "block_samples": 250000, "worker_pids_seen": 128, "elapsed_s": 30.523329416057095}
PROGRESS {"utc": "2026-09-22T12:27:32.683041+00:00", "stage": "G_hybrid replica 2 production 9/200", "mode": "G_hybrid", "block_completed": 146053, "block_samples": 250000, "worker_pids_seen": 128, "elapsed_s": 60.540047141956165}
PROGRESS {"utc": "2026-09-22T12:28:02.840169+00:00", "stage": "G_hybrid replica 2 production 9/200", "mode": "G_hybrid", "block_completed": 221072, "block_samples": 250000, "worker_pids_seen": 128, "elapsed_s": 90.69717430486344}
S2000_PRODUCTION_FINISHED G_hybrid replica 2 production 9/200 {"n": 8500000, "matched_pb": 0.24015374921836685, "matched_error_pb": 0.015667227673615936, "relative_error": 0.06523832221902998, "hard_error_pb": 0.015609783560754941, "cpu_ms_per_sample": 20.29536592382941, "max_weight_second_moment_fraction": 0.01883056262889084}
PROGRESS {"utc": "2026-09-22T12:28:42.232643+00:00", "stage": "G_hybrid replica 3 production 9/200", "mode": "G_hybrid", "block_completed": 75553, "block_samples": 250000, "worker_pids_seen": 128, "elapsed_s": 30.690442433115095}
PROGRESS {"utc": "2026-09-22T12:29:12.327028+00:00", "stage": "G_hybrid replica 3 production 9/200", "mode": "G_hybrid", "block_completed": 143905, "block_samples": 250000, "worker_pids_seen": 128, "elapsed_s": 60.784827220020816}
PROGRESS {"utc": "2026-09-22T12:29:42.747582+00:00", "stage": "G_hybrid replica 3 production 9/200", "mode": "G_hybrid", "block_completed": 212769, "block_samples": 250000, "worker_pids_seen": 128, "elapsed_s": 91.20538063510321}
S2000_PRODUCTION_FINISHED G_hybrid replica 3 production 9/200 {"n": 8750000, "matched_pb": 0.23828760143327565, "matched_error_pb": 0.015436540337792294, "relative_error": 0.06478113105735706, "hard_error_pb": 0.015378234535764722, "cpu_ms_per_sample": 20.295117112177483, "max_weight_second_moment_fraction": 0.01830903908319693}
PROGRESS {"utc": "2026-09-22T12:30:28.131741+00:00", "stage": "G_hybrid replica 4 production 9/200", "mode": "G_hybrid", "block_completed": 75572, "block_samples": 250000, "worker_pids_seen": 128, "elapsed_s": 30.759976304136217}
PROGRESS {"utc": "2026-09-22T12:30:58.183837+00:00", "stage": "G_hybrid replica 4 production 9/200", "mode": "G_hybrid", "block_completed": 148788, "block_samples": 250000, "worker_pids_seen": 128, "elapsed_s": 60.812072748085484}
PROGRESS {"utc": "2026-09-22T12:31:28.221286+00:00", "stage": "G_hybrid replica 4 production 9/200", "mode": "G_hybrid", "block_completed": 227892, "block_samples": 250000, "worker_pids_seen": 128, "elapsed_s": 90.84952029399574}
S2000_PRODUCTION_FINISHED G_hybrid replica 4 production 9/200 {"n": 9000000, "matched_pb": 0.23959387375880353, "matched_error_pb": 0.01522689271049783, "relative_error": 0.06355293009631194, "hard_error_pb": 0.015167781032626693, "cpu_ms_per_sample": 20.24621346298711, "max_weight_second_moment_fraction": 0.01778958022454486}
PROGRESS {"utc": "2026-09-22T12:32:06.231593+00:00", "stage": "G_hybrid replica 1 production 10/200", "mode": "G_hybrid", "block_completed": 70962, "block_samples": 250000, "worker_pids_seen": 128, "elapsed_s": 30.90114693203941}
PROGRESS {"utc": "2026-09-22T12:32:36.472143+00:00", "stage": "G_hybrid replica 1 production 10/200", "mode": "G_hybrid", "block_completed": 140338, "block_samples": 250000, "worker_pids_seen": 128, "elapsed_s": 61.1416957010515}
PROGRESS {"utc": "2026-09-22T12:33:06.640911+00:00", "stage": "G_hybrid replica 1 production 10/200", "mode": "G_hybrid", "block_completed": 210482, "block_samples": 250000, "worker_pids_seen": 128, "elapsed_s": 91.3104589660652}
S2000_PRODUCTION_FINISHED G_hybrid replica 1 production 10/200 {"n": 9250000, "matched_pb": 0.2412480655293795, "matched_error_pb": 0.015050402002936777, "relative_error": 0.0623855862632976, "hard_error_pb": 0.014990594394042602, "cpu_ms_per_sample": 20.23231763054227, "max_weight_second_moment_fraction": 0.017241457601211378}
PROGRESS {"utc": "2026-09-22T12:33:52.171212+00:00", "stage": "G_hybrid replica 2 production 10/200", "mode": "G_hybrid", "block_completed": 75239, "block_samples": 250000, "worker_pids_seen": 128, "elapsed_s": 30.60089182201773}
PROGRESS {"utc": "2026-09-22T12:34:22.222105+00:00", "stage": "G_hybrid replica 2 production 10/200", "mode": "G_hybrid", "block_completed": 146919, "block_samples": 250000, "worker_pids_seen": 128, "elapsed_s": 60.65178486495279}
PROGRESS {"utc": "2026-09-22T12:34:52.234632+00:00", "stage": "G_hybrid replica 2 production 10/200", "mode": "G_hybrid", "block_completed": 215783, "block_samples": 250000, "worker_pids_seen": 128, "elapsed_s": 90.66432054713368}
S2000_PRODUCTION_FINISHED G_hybrid replica 2 production 10/200 {"n": 9500000, "matched_pb": 0.24296258286194145, "matched_error_pb": 0.014864768562472411, "relative_error": 0.06118130778564786, "hard_error_pb": 0.014804211031073768, "cpu_ms_per_sample": 20.188906372296522, "max_weight_second_moment_fraction": 0.016760141770855507}
PROGRESS {"utc": "2026-09-22T12:35:33.586708+00:00", "stage": "G_hybrid replica 3 production 10/200", "mode": "G_hybrid", "block_completed": 90152, "block_samples": 250000, "worker_pids_seen": 128, "elapsed_s": 30.568384777987376}
PROGRESS {"utc": "2026-09-22T12:36:03.593311+00:00", "stage": "G_hybrid replica 3 production 10/200", "mode": "G_hybrid", "block_completed": 158760, "block_samples": 250000, "worker_pids_seen": 128, "elapsed_s": 60.57498859078623}
PROGRESS {"utc": "2026-09-22T12:36:33.790079+00:00", "stage": "G_hybrid replica 3 production 10/200", "mode": "G_hybrid", "block_completed": 225064, "block_samples": 250000, "worker_pids_seen": 128, "elapsed_s": 90.7717630029656}
S2000_PRODUCTION_FINISHED G_hybrid replica 3 production 10/200 {"n": 9750000, "matched_pb": 0.24397180445721478, "matched_error_pb": 0.014661015248626948, "relative_error": 0.060093072153335834, "hard_error_pb": 0.014599612596133162, "cpu_ms_per_sample": 20.22297794120831, "max_weight_second_moment_fraction": 0.01636076606880921}
PROGRESS {"utc": "2026-09-22T12:37:16.034638+00:00", "stage": "G_hybrid replica 4 production 10/200", "mode": "G_hybrid", "block_completed": 70739, "block_samples": 250000, "worker_pids_seen": 128, "elapsed_s": 30.68494021706283}
PROGRESS {"utc": "2026-09-22T12:37:46.170125+00:00", "stage": "G_hybrid replica 4 production 10/200", "mode": "G_hybrid", "block_completed": 140627, "block_samples": 250000, "worker_pids_seen": 128, "elapsed_s": 60.82043056492694}
PROGRESS {"utc": "2026-09-22T12:38:16.425633+00:00", "stage": "G_hybrid replica 4 production 10/200", "mode": "G_hybrid", "block_completed": 214867, "block_samples": 250000, "worker_pids_seen": 128, "elapsed_s": 91.07593991607428}
S2000_PRODUCTION_FINISHED G_hybrid replica 4 production 10/200 {"n": 10000000, "matched_pb": 0.24332280974816867, "matched_error_pb": 0.014470987927062116, "relative_error": 0.05947238543743238, "hard_error_pb": 0.01440877550043291, "cpu_ms_per_sample": 20.1844486080223, "max_weight_second_moment_fraction": 0.01596765952163451}
S2000_PEAK_REPLAYS production_10000000 new 6 total 56 issues 0
PROGRESS {"utc": "2026-09-22T12:39:06.184006+00:00", "stage": "G_hybrid replica 1 production 11/200", "mode": "G_hybrid", "block_completed": 68136, "block_samples": 250000, "worker_pids_seen": 128, "elapsed_s": 30.800631074933335}
PROGRESS {"utc": "2026-09-22T12:39:36.332896+00:00", "stage": "G_hybrid replica 1 production 11/200", "mode": "G_hybrid", "block_completed": 130600, "block_samples": 250000, "worker_pids_seen": 128, "elapsed_s": 60.94951562792994}
PROGRESS {"utc": "2026-09-22T12:40:06.337361+00:00", "stage": "G_hybrid replica 1 production 11/200", "mode": "G_hybrid", "block_completed": 198184, "block_samples": 250000, "worker_pids_seen": 128, "elapsed_s": 90.9539804989472}
S2000_PRODUCTION_FINISHED G_hybrid replica 1 production 11/200 {"n": 10250000, "matched_pb": 0.2427451869274856, "matched_error_pb": 0.014296680004102096, "relative_error": 0.05889583305465452, "hard_error_pb": 0.014233705735906967, "cpu_ms_per_sample": 20.17247623519746, "max_weight_second_moment_fraction": 0.015574411275732312}
PROGRESS {"utc": "2026-09-22T12:40:56.065423+00:00", "stage": "G_hybrid replica 2 production 11/200", "mode": "G_hybrid", "block_completed": 71849, "block_samples": 250000, "worker_pids_seen": 128, "elapsed_s": 30.747470567002892}
PROGRESS {"utc": "2026-09-22T12:41:26.148919+00:00", "stage": "G_hybrid replica 2 production 11/200", "mode": "G_hybrid", "block_completed": 145065, "block_samples": 250000, "worker_pids_seen": 128, "elapsed_s": 60.830971425166354}
PROGRESS {"utc": "2026-09-22T12:41:56.358369+00:00", "stage": "G_hybrid replica 2 production 11/200", "mode": "G_hybrid", "block_completed": 216233, "block_samples": 250000, "worker_pids_seen": 128, "elapsed_s": 91.04041855712421}
S2000_PRODUCTION_FINISHED G_hybrid replica 2 production 11/200 {"n": 10500000, "matched_pb": 0.24652923306782487, "matched_error_pb": 0.01411709418190722, "relative_error": 0.05726336794315723, "hard_error_pb": 0.014053315195267516, "cpu_ms_per_sample": 20.141787113950567, "max_weight_second_moment_fraction": 0.01522508283163144}
PROGRESS {"utc": "2026-09-22T12:42:36.389363+00:00", "stage": "G_hybrid replica 3 production 11/200", "mode": "G_hybrid", "block_completed": 78552, "block_samples": 250000, "worker_pids_seen": 128, "elapsed_s": 30.766094667837024}
PROGRESS {"utc": "2026-09-22T12:43:06.464597+00:00", "stage": "G_hybrid replica 3 production 11/200", "mode": "G_hybrid", "block_completed": 147416, "block_samples": 250000, "worker_pids_seen": 128, "elapsed_s": 60.841324562905356}
PROGRESS {"utc": "2026-09-22T12:43:36.617647+00:00", "stage": "G_hybrid replica 3 production 11/200", "mode": "G_hybrid", "block_completed": 218584, "block_samples": 250000, "worker_pids_seen": 128, "elapsed_s": 90.99438033183105}
S2000_PRODUCTION_FINISHED G_hybrid replica 3 production 11/200 {"n": 10750000, "matched_pb": 0.2457199871086, "matched_error_pb": 0.013942497025956279, "relative_error": 0.05674140386387926, "hard_error_pb": 0.013877915663221831, "cpu_ms_per_sample": 20.14657740726009, "max_weight_second_moment_fraction": 0.014894648787480962}
PROGRESS {"utc": "2026-09-22T12:44:17.871421+00:00", "stage": "G_hybrid replica 4 production 11/200", "mode": "G_hybrid", "block_completed": 82576, "block_samples": 250000, "worker_pids_seen": 128, "elapsed_s": 30.750460592098534}
PROGRESS {"utc": "2026-09-22T12:44:47.945606+00:00", "stage": "G_hybrid replica 4 production 11/200", "mode": "G_hybrid", "block_completed": 159632, "block_samples": 250000, "worker_pids_seen": 128, "elapsed_s": 60.82463456899859}
PROGRESS {"utc": "2026-09-22T12:45:17.988881+00:00", "stage": "G_hybrid replica 4 production 11/200", "mode": "G_hybrid", "block_completed": 239248, "block_samples": 250000, "worker_pids_seen": 128, "elapsed_s": 90.8679146100767}
S2000_PRODUCTION_FINISHED G_hybrid replica 4 production 11/200 {"n": 11000000, "matched_pb": 0.2476166286580439, "matched_error_pb": 0.013779781424669284, "relative_error": 0.05564966092684762, "hard_error_pb": 0.013714433854460008, "cpu_ms_per_sample": 20.105936550739905, "max_weight_second_moment_fraction": 0.014566485948330767}
PROGRESS {"utc": "2026-09-22T12:45:52.669639+00:00", "stage": "G_hybrid replica 1 production 12/200", "mode": "G_hybrid", "block_completed": 71647, "block_samples": 250000, "worker_pids_seen": 128, "elapsed_s": 30.825084189884365}
PROGRESS {"utc": "2026-09-22T12:46:22.848217+00:00", "stage": "G_hybrid replica 1 production 12/200", "mode": "G_hybrid", "block_completed": 141023, "block_samples": 250000, "worker_pids_seen": 128, "elapsed_s": 61.00367148197256}
PROGRESS {"utc": "2026-09-22T12:46:53.031661+00:00", "stage": "G_hybrid replica 1 production 12/200", "mode": "G_hybrid", "block_completed": 207839, "block_samples": 250000, "worker_pids_seen": 128, "elapsed_s": 91.18710836186074}
S2000_PRODUCTION_FINISHED G_hybrid replica 1 production 12/200 {"n": 11250000, "matched_pb": 0.24918351827021695, "matched_error_pb": 0.013621385893300968, "relative_error": 0.05466407243889144, "hard_error_pb": 0.013555274747894886, "cpu_ms_per_sample": 20.094628139020532, "max_weight_second_moment_fraction": 0.014255236844194163}
PROGRESS {"utc": "2026-09-22T12:47:40.659330+00:00", "stage": "G_hybrid replica 2 production 12/200", "mode": "G_hybrid", "block_completed": 73375, "block_samples": 250000, "worker_pids_seen": 128, "elapsed_s": 31.179898320231587}
PROGRESS {"utc": "2026-09-22T12:48:10.809209+00:00", "stage": "G_hybrid replica 2 production 12/200", "mode": "G_hybrid", "block_completed": 144287, "block_samples": 250000, "worker_pids_seen": 128, "elapsed_s": 61.329779303167015}
PROGRESS {"utc": "2026-09-22T12:48:40.875627+00:00", "stage": "G_hybrid replica 2 production 12/200", "mode": "G_hybrid", "block_completed": 222111, "block_samples": 250000, "worker_pids_seen": 128, "elapsed_s": 91.39619871904142}
S2000_PRODUCTION_FINISHED G_hybrid replica 2 production 12/200 {"n": 11500000, "matched_pb": 0.25005704274927804, "matched_error_pb": 0.013478708734316235, "relative_error": 0.053902535941892205, "hard_error_pb": 0.013411894309948573, "cpu_ms_per_sample": 20.062705293090257, "max_weight_second_moment_fraction": 0.013935429023846481}
PROGRESS {"utc": "2026-09-22T12:49:20.979066+00:00", "stage": "G_hybrid replica 3 production 12/200", "mode": "G_hybrid", "block_completed": 126269, "block_samples": 250000, "worker_pids_seen": 128, "elapsed_s": 30.743311057100073}
PROGRESS {"utc": "2026-09-22T12:49:51.160044+00:00", "stage": "G_hybrid replica 3 production 12/200", "mode": "G_hybrid", "block_completed": 250000, "block_samples": 250000, "worker_pids_seen": 128, "elapsed_s": 60.924290725030005}
S2000_PRODUCTION_FINISHED G_hybrid replica 3 production 12/200 {"n": 11750000, "matched_pb": 0.2492419663991276, "matched_error_pb": 0.013327820210397393, "relative_error": 0.05347341943633471, "hard_error_pb": 0.013260245525531395, "cpu_ms_per_sample": 20.19860529085285, "max_weight_second_moment_fraction": 0.013655803581176889}
PROGRESS {"utc": "2026-09-22T12:50:22.134993+00:00", "stage": "G_hybrid replica 4 production 12/200", "mode": "G_hybrid", "block_completed": 140678, "block_samples": 250000, "worker_pids_seen": 128, "elapsed_s": 30.836544421035796}
S2000_PRODUCTION_FINISHED G_hybrid replica 4 production 12/200 {"n": 12000000, "matched_pb": 0.2489362386225355, "matched_error_pb": 0.013182186835294938, "relative_error": 0.052954069316051726, "hard_error_pb": 0.013113861734718775, "cpu_ms_per_sample": 20.271658422932745, "max_weight_second_moment_fraction": 0.013386663982823642}
PROGRESS {"utc": "2026-09-22T12:51:17.487081+00:00", "stage": "G_hybrid replica 1 production 13/200", "mode": "G_hybrid", "block_completed": 132361, "block_samples": 250000, "worker_pids_seen": 128, "elapsed_s": 30.528552209958434}
S2000_PRODUCTION_FINISHED G_hybrid replica 1 production 13/200 {"n": 12250000, "matched_pb": 0.24794500091447697, "matched_error_pb": 0.013043729570600097, "relative_error": 0.05260735051116936, "hard_error_pb": 0.012974675369643956, "cpu_ms_per_sample": 20.387084581061465, "max_weight_second_moment_fraction": 0.0131229272084201}
PROGRESS {"utc": "2026-09-22T12:52:16.490520+00:00", "stage": "G_hybrid replica 2 production 13/200", "mode": "G_hybrid", "block_completed": 134114, "block_samples": 250000, "worker_pids_seen": 128, "elapsed_s": 30.62888194201514}
PROGRESS {"utc": "2026-09-22T12:52:46.498754+00:00", "stage": "G_hybrid replica 2 production 13/200", "mode": "G_hybrid", "block_completed": 249744, "block_samples": 250000, "worker_pids_seen": 128, "elapsed_s": 60.63720685103908}
S2000_PRODUCTION_FINISHED G_hybrid replica 2 production 13/200 {"n": 12500000, "matched_pb": 0.24760776937024354, "matched_error_pb": 0.012906321014840764, "relative_error": 0.05212405510403096, "hard_error_pb": 0.012836527644765094, "cpu_ms_per_sample": 20.478891540588076, "max_weight_second_moment_fraction": 0.01287599130025506}
PROGRESS {"utc": "2026-09-22T12:53:19.178531+00:00", "stage": "G_hybrid replica 3 production 13/200", "mode": "G_hybrid", "block_completed": 124564, "block_samples": 250000, "worker_pids_seen": 128, "elapsed_s": 30.524202150059864}
PROGRESS {"utc": "2026-09-22T12:53:49.257942+00:00", "stage": "G_hybrid replica 3 production 13/200", "mode": "G_hybrid", "block_completed": 248976, "block_samples": 250000, "worker_pids_seen": 128, "elapsed_s": 60.60361777199432}
S2000_PRODUCTION_FINISHED G_hybrid replica 3 production 13/200 {"n": 12750000, "matched_pb": 0.24760807713204425, "matched_error_pb": 0.01277328857798912, "relative_error": 0.051586720134244216, "hard_error_pb": 0.012702764302831312, "cpu_ms_per_sample": 20.602728245133726, "max_weight_second_moment_fraction": 0.012638017265093546}
PROGRESS {"utc": "2026-09-22T12:54:20.852577+00:00", "stage": "G_hybrid replica 4 production 13/200", "mode": "G_hybrid", "block_completed": 135016, "block_samples": 250000, "worker_pids_seen": 128, "elapsed_s": 30.543241104809567}
S2000_PRODUCTION_FINISHED G_hybrid replica 4 production 13/200 {"n": 13000000, "matched_pb": 0.24902210319988477, "matched_error_pb": 0.012646734557920897, "relative_error": 0.050785590497441226, "hard_error_pb": 0.012575500579110511, "cpu_ms_per_sample": 20.646648069380767, "max_weight_second_moment_fraction": 0.012403912896431207}
PROGRESS {"utc": "2026-09-22T12:55:18.681186+00:00", "stage": "G_hybrid replica 1 production 14/200", "mode": "G_hybrid", "block_completed": 101178, "block_samples": 250000, "worker_pids_seen": 128, "elapsed_s": 30.827954394044355}
PROGRESS {"utc": "2026-09-22T12:55:48.898723+00:00", "stage": "G_hybrid replica 1 production 14/200", "mode": "G_hybrid", "block_completed": 186426, "block_samples": 250000, "worker_pids_seen": 128, "elapsed_s": 61.045491739874706}
S2000_PRODUCTION_FINISHED G_hybrid replica 1 production 14/200 {"n": 13250000, "matched_pb": 0.24959634107776946, "matched_error_pb": 0.0125249896986148, "relative_error": 0.050180982800193584, "hard_error_pb": 0.012453059334440875, "cpu_ms_per_sample": 20.6483903510535, "max_weight_second_moment_fraction": 0.01217621119534508}
PROGRESS {"utc": "2026-09-22T12:56:40.429469+00:00", "stage": "G_hybrid replica 2 production 14/200", "mode": "G_hybrid", "block_completed": 87588, "block_samples": 250000, "worker_pids_seen": 128, "elapsed_s": 30.737394568044692}
PROGRESS {"utc": "2026-09-22T12:57:10.498564+00:00", "stage": "G_hybrid replica 2 production 14/200", "mode": "G_hybrid", "block_completed": 173348, "block_samples": 250000, "worker_pids_seen": 128, "elapsed_s": 60.80649377498776}
S2000_PRODUCTION_FINISHED G_hybrid replica 2 production 14/200 {"n": 13500000, "matched_pb": 0.24838280435008753, "matched_error_pb": 0.012407687093840693, "relative_error": 0.04995388922476477, "hard_error_pb": 0.012335072713825364, "cpu_ms_per_sample": 20.616462000672964, "max_weight_second_moment_fraction": 0.011954871129104106}
PROGRESS {"utc": "2026-09-22T12:58:04.500982+00:00", "stage": "G_hybrid replica 3 production 14/200", "mode": "G_hybrid", "block_completed": 79371, "block_samples": 250000, "worker_pids_seen": 128, "elapsed_s": 30.604415390174836}
PROGRESS {"utc": "2026-09-22T12:58:34.850824+00:00", "stage": "G_hybrid replica 3 production 14/200", "mode": "G_hybrid", "block_completed": 156683, "block_samples": 250000, "worker_pids_seen": 128, "elapsed_s": 60.95425720605999}
PROGRESS {"utc": "2026-09-22T12:59:04.870216+00:00", "stage": "G_hybrid replica 3 production 14/200", "mode": "G_hybrid", "block_completed": 239883, "block_samples": 250000, "worker_pids_seen": 128, "elapsed_s": 90.97365382616408}
S2000_PRODUCTION_FINISHED G_hybrid replica 3 production 14/200 {"n": 13750000, "matched_pb": 0.2486825806630092, "matched_error_pb": 0.012288807728263877, "relative_error": 0.04941563536738623, "hard_error_pb": 0.012215486695950193, "cpu_ms_per_sample": 20.615628416069455, "max_weight_second_moment_fraction": 0.011750840524951773}
PROGRESS {"utc": "2026-09-22T12:59:39.911564+00:00", "stage": "G_hybrid replica 4 production 14/200", "mode": "G_hybrid", "block_completed": 96469, "block_samples": 250000, "worker_pids_seen": 128, "elapsed_s": 30.920254722004756}
PROGRESS {"utc": "2026-09-22T13:00:09.922269+00:00", "stage": "G_hybrid replica 4 production 14/200", "mode": "G_hybrid", "block_completed": 177877, "block_samples": 250000, "worker_pids_seen": 128, "elapsed_s": 60.93096746201627}
S2000_PRODUCTION_FINISHED G_hybrid replica 4 production 14/200 {"n": 14000000, "matched_pb": 0.24941250775744483, "matched_error_pb": 0.012173580270795025, "relative_error": 0.048809020767450466, "hard_error_pb": 0.012099561002209462, "cpu_ms_per_sample": 20.573941140523782, "max_weight_second_moment_fraction": 0.011553156548118615}
PROGRESS {"utc": "2026-09-22T13:01:04.458437+00:00", "stage": "G_hybrid replica 1 production 15/200", "mode": "G_hybrid", "block_completed": 90716, "block_samples": 250000, "worker_pids_seen": 128, "elapsed_s": 30.909674181137234}
PROGRESS {"utc": "2026-09-22T13:01:34.530112+00:00", "stage": "G_hybrid replica 1 production 15/200", "mode": "G_hybrid", "block_completed": 186716, "block_samples": 250000, "worker_pids_seen": 128, "elapsed_s": 60.98134684516117}
S2000_PRODUCTION_FINISHED G_hybrid replica 1 production 15/200 {"n": 14250000, "matched_pb": 0.25479462045324364, "matched_error_pb": 0.012747688188874819, "relative_error": 0.050031229726116205, "hard_error_pb": 0.012677021495504245, "cpu_ms_per_sample": 20.571429830114173, "max_weight_second_moment_fraction": 0.1040720513235036}
PROGRESS {"utc": "2026-09-22T13:02:27.773940+00:00", "stage": "G_hybrid replica 2 production 15/200", "mode": "G_hybrid", "block_completed": 113090, "block_samples": 250000, "worker_pids_seen": 128, "elapsed_s": 30.7503928958904}
PROGRESS {"utc": "2026-09-22T13:02:57.823125+00:00", "stage": "G_hybrid replica 2 production 15/200", "mode": "G_hybrid", "block_completed": 189634, "block_samples": 250000, "worker_pids_seen": 128, "elapsed_s": 60.7999750750605}
S2000_PRODUCTION_FINISHED G_hybrid replica 2 production 15/200 {"n": 14500000, "matched_pb": 0.25326012187017416, "matched_error_pb": 0.012626041440802281, "relative_error": 0.04985404471721223, "hard_error_pb": 0.012554690051990718, "cpu_ms_per_sample": 20.560538469916754, "max_weight_second_moment_fraction": 0.10248258442128161}
PROGRESS {"utc": "2026-09-22T13:03:48.155918+00:00", "stage": "G_hybrid replica 3 production 15/200", "mode": "G_hybrid", "block_completed": 87901, "block_samples": 250000, "worker_pids_seen": 128, "elapsed_s": 30.793297661934048}
PROGRESS {"utc": "2026-09-22T13:04:18.175273+00:00", "stage": "G_hybrid replica 3 production 15/200", "mode": "G_hybrid", "block_completed": 186205, "block_samples": 250000, "worker_pids_seen": 128, "elapsed_s": 60.812655011890456}
S2000_PRODUCTION_FINISHED G_hybrid replica 3 production 15/200 {"n": 14750000, "matched_pb": 0.252096085025388, "matched_error_pb": 0.012511388222173365, "relative_error": 0.04962944276153028, "hard_error_pb": 0.012439379208088986, "cpu_ms_per_sample": 20.569864152942916, "max_weight_second_moment_fraction": 0.10088263901267877}
PROGRESS {"utc": "2026-09-22T13:05:09.206731+00:00", "stage": "G_hybrid replica 4 production 15/200", "mode": "G_hybrid", "block_completed": 103685, "block_samples": 250000, "worker_pids_seen": 128, "elapsed_s": 31.241744375089183}
PROGRESS {"utc": "2026-09-22T13:05:39.384345+00:00", "stage": "G_hybrid replica 4 production 15/200", "mode": "G_hybrid", "block_completed": 212229, "block_samples": 250000, "worker_pids_seen": 128, "elapsed_s": 61.41935664601624}
S2000_PRODUCTION_FINISHED G_hybrid replica 4 production 15/200 {"n": 15000000, "matched_pb": 0.2564662536535557, "matched_error_pb": 0.01240283591017648, "relative_error": 0.04836049863671616, "hard_error_pb": 0.012330192960836477, "cpu_ms_per_sample": 20.558941066568, "max_weight_second_moment_fraction": 0.09928328853869266}
S2000_PEAK_REPLAYS production_15000000 new 3 total 59 issues 0
PROGRESS {"utc": "2026-09-22T13:06:25.358297+00:00", "stage": "G_hybrid replica 1 production 16/200", "mode": "G_hybrid", "block_completed": 103609, "block_samples": 250000, "worker_pids_seen": 128, "elapsed_s": 31.052956665167585}
PROGRESS {"utc": "2026-09-22T13:06:55.359535+00:00", "stage": "G_hybrid replica 1 production 16/200", "mode": "G_hybrid", "block_completed": 209593, "block_samples": 250000, "worker_pids_seen": 128, "elapsed_s": 61.054193849209696}
S2000_PRODUCTION_FINISHED G_hybrid replica 1 production 16/200 {"n": 15250000, "matched_pb": 0.25335024853290905, "matched_error_pb": 0.012286950298048474, "relative_error": 0.048497881368576815, "hard_error_pb": 0.012213618115178305, "cpu_ms_per_sample": 20.573542875661836, "max_weight_second_moment_fraction": 0.09789705273766305}
PROGRESS {"utc": "2026-09-22T13:07:36.971507+00:00", "stage": "G_hybrid replica 2 production 16/200", "mode": "G_hybrid", "block_completed": 124689, "block_samples": 250000, "worker_pids_seen": 128, "elapsed_s": 30.71704992512241}
PROGRESS {"utc": "2026-09-22T13:08:07.161253+00:00", "stage": "G_hybrid replica 2 production 16/200", "mode": "G_hybrid", "block_completed": 246672, "block_samples": 250000, "worker_pids_seen": 128, "elapsed_s": 60.9067999611143}
S2000_PRODUCTION_FINISHED G_hybrid replica 2 production 16/200 {"n": 15500000, "matched_pb": 0.2543498932376872, "matched_error_pb": 0.012174775736110355, "relative_error": 0.04786625062481611, "hard_error_pb": 0.012100763780079321, "cpu_ms_per_sample": 20.59057730852045, "max_weight_second_moment_fraction": 0.09654039979405074}
PROGRESS {"utc": "2026-09-22T13:08:40.194252+00:00", "stage": "G_hybrid replica 3 production 16/200", "mode": "G_hybrid", "block_completed": 100006, "block_samples": 250000, "worker_pids_seen": 128, "elapsed_s": 30.867119804024696}
PROGRESS {"utc": "2026-09-22T13:09:10.220613+00:00", "stage": "G_hybrid replica 3 production 16/200", "mode": "G_hybrid", "block_completed": 183718, "block_samples": 250000, "worker_pids_seen": 128, "elapsed_s": 60.893473477102816}
S2000_PRODUCTION_FINISHED G_hybrid replica 3 production 16/200 {"n": 15750000, "matched_pb": 0.25318518500207937, "matched_error_pb": 0.012061840293570433, "relative_error": 0.047640387384717514, "hard_error_pb": 0.011987131062280807, "cpu_ms_per_sample": 20.60517793560292, "max_weight_second_moment_fraction": 0.09528098218859958}
PROGRESS {"utc": "2026-09-22T13:10:03.394072+00:00", "stage": "G_hybrid replica 4 production 16/200", "mode": "G_hybrid", "block_completed": 93599, "block_samples": 250000, "worker_pids_seen": 128, "elapsed_s": 30.76557623501867}
PROGRESS {"utc": "2026-09-22T13:10:33.439183+00:00", "stage": "G_hybrid replica 4 production 16/200", "mode": "G_hybrid", "block_completed": 191391, "block_samples": 250000, "worker_pids_seen": 128, "elapsed_s": 60.810690712183714}
S2000_PRODUCTION_FINISHED G_hybrid replica 4 production 16/200 {"n": 16000000, "matched_pb": 0.2503737824224077, "matched_error_pb": 0.011955748520713532, "relative_error": 0.04775159924908946, "hard_error_pb": 0.011880372154408377, "cpu_ms_per_sample": 20.590876623790873, "max_weight_second_moment_fraction": 0.09399340679051754}
PROGRESS {"utc": "2026-09-22T13:11:19.808322+00:00", "stage": "G_hybrid replica 1 production 17/200", "mode": "G_hybrid", "block_completed": 98422, "block_samples": 250000, "worker_pids_seen": 128, "elapsed_s": 30.713772899005562}
PROGRESS {"utc": "2026-09-22T13:11:49.860409+00:00", "stage": "G_hybrid replica 1 production 17/200", "mode": "G_hybrid", "block_completed": 185974, "block_samples": 250000, "worker_pids_seen": 128, "elapsed_s": 60.76585924089886}
S2000_PRODUCTION_FINISHED G_hybrid replica 1 production 17/200 {"n": 16250000, "matched_pb": 0.24913754828895002, "matched_error_pb": 0.011850587571888829, "relative_error": 0.04756644533623051, "hard_error_pb": 0.011774538022177521, "cpu_ms_per_sample": 20.600067401162274, "max_weight_second_moment_fraction": 0.09276897398191283}
PROGRESS {"utc": "2026-09-22T13:12:42.201413+00:00", "stage": "G_hybrid replica 2 production 17/200", "mode": "G_hybrid", "block_completed": 74420, "block_samples": 250000, "worker_pids_seen": 128, "elapsed_s": 30.684998702956364}
PROGRESS {"utc": "2026-09-22T13:13:12.245740+00:00", "stage": "G_hybrid replica 2 production 17/200", "mode": "G_hybrid", "block_completed": 166068, "block_samples": 250000, "worker_pids_seen": 128, "elapsed_s": 60.729343976126984}
PROGRESS {"utc": "2026-09-22T13:13:42.535371+00:00", "stage": "G_hybrid replica 2 production 17/200", "mode": "G_hybrid", "block_completed": 249744, "block_samples": 250000, "worker_pids_seen": 128, "elapsed_s": 91.01896134996787}
S2000_PRODUCTION_FINISHED G_hybrid replica 2 production 17/200 {"n": 16500000, "matched_pb": 0.2509339509637595, "matched_error_pb": 0.011749996363622924, "relative_error": 0.04682505622891933, "hard_error_pb": 0.011673291497339132, "cpu_ms_per_sample": 20.582855580338904, "max_weight_second_moment_fraction": 0.09154673810723572}
PROGRESS {"utc": "2026-09-22T13:14:13.754778+00:00", "stage": "G_hybrid replica 3 production 17/200", "mode": "G_hybrid", "block_completed": 81847, "block_samples": 250000, "worker_pids_seen": 128, "elapsed_s": 30.78623436205089}
PROGRESS {"utc": "2026-09-22T13:14:43.835490+00:00", "stage": "G_hybrid replica 3 production 17/200", "mode": "G_hybrid", "block_completed": 158391, "block_samples": 250000, "worker_pids_seen": 128, "elapsed_s": 60.8669429931324}
S2000_PRODUCTION_FINISHED G_hybrid replica 3 production 17/200 {"n": 16750000, "matched_pb": 0.25205737253012195, "matched_error_pb": 0.011649959683360885, "relative_error": 0.0462194760122268, "hard_error_pb": 0.01157259177801724, "cpu_ms_per_sample": 20.59136583889522, "max_weight_second_moment_fraction": 0.09038713668798351}
PROGRESS {"utc": "2026-09-22T13:15:41.369777+00:00", "stage": "G_hybrid replica 4 production 17/200", "mode": "G_hybrid", "block_completed": 102962, "block_samples": 250000, "worker_pids_seen": 128, "elapsed_s": 30.667779228882864}
PROGRESS {"utc": "2026-09-22T13:16:11.442156+00:00", "stage": "G_hybrid replica 4 production 17/200", "mode": "G_hybrid", "block_completed": 194098, "block_samples": 250000, "worker_pids_seen": 128, "elapsed_s": 60.740162417059764}
S2000_PRODUCTION_FINISHED G_hybrid replica 4 production 17/200 {"n": 17000000, "matched_pb": 0.25504982126160763, "matched_error_pb": 0.011552509931188613, "relative_error": 0.04529511086909983, "hard_error_pb": 0.011474484979593188, "cpu_ms_per_sample": 20.568419362382883, "max_weight_second_moment_fraction": 0.08925521641791093}
PROGRESS {"utc": "2026-09-22T13:16:57.961420+00:00", "stage": "G_hybrid replica 1 production 18/200", "mode": "G_hybrid", "block_completed": 96393, "block_samples": 250000, "worker_pids_seen": 128, "elapsed_s": 30.65896725584753}
PROGRESS {"utc": "2026-09-22T13:17:27.987949+00:00", "stage": "G_hybrid replica 1 production 18/200", "mode": "G_hybrid", "block_completed": 190601, "block_samples": 250000, "worker_pids_seen": 128, "elapsed_s": 60.68550197291188}
S2000_PRODUCTION_FINISHED G_hybrid replica 1 production 18/200 {"n": 17250000, "matched_pb": 0.25357611342924047, "matched_error_pb": 0.01145952693558855, "relative_error": 0.04519166565263369, "hard_error_pb": 0.011380864528856218, "cpu_ms_per_sample": 20.567689033155943, "max_weight_second_moment_fraction": 0.0881188705149378}
PROGRESS {"utc": "2026-09-22T13:18:16.481901+00:00", "stage": "G_hybrid replica 2 production 18/200", "mode": "G_hybrid", "block_completed": 98780, "block_samples": 250000, "worker_pids_seen": 128, "elapsed_s": 30.68825468304567}
PROGRESS {"utc": "2026-09-22T13:18:46.681332+00:00", "stage": "G_hybrid replica 2 production 18/200", "mode": "G_hybrid", "block_completed": 199132, "block_samples": 250000, "worker_pids_seen": 128, "elapsed_s": 60.8876867601648}
S2000_PRODUCTION_FINISHED G_hybrid replica 2 production 18/200 {"n": 17500000, "matched_pb": 0.2530277665884015, "matched_error_pb": 0.01137195305177767, "relative_error": 0.044943498514439115, "hard_error_pb": 0.011292680640509303, "cpu_ms_per_sample": 20.561159870019026, "max_weight_second_moment_fraction": 0.08696156420978642}
PROGRESS {"utc": "2026-09-22T13:19:33.332031+00:00", "stage": "G_hybrid replica 3 production 18/200", "mode": "G_hybrid", "block_completed": 90086, "block_samples": 250000, "worker_pids_seen": 128, "elapsed_s": 30.57476878305897}
PROGRESS {"utc": "2026-09-22T13:20:03.472714+00:00", "stage": "G_hybrid replica 3 production 18/200", "mode": "G_hybrid", "block_completed": 180454, "block_samples": 250000, "worker_pids_seen": 128, "elapsed_s": 60.71525754011236}
S2000_PRODUCTION_FINISHED G_hybrid replica 3 production 18/200 {"n": 17750000, "matched_pb": 0.25488238438806676, "matched_error_pb": 0.011279596246438312, "relative_error": 0.044254122439724035, "hard_error_pb": 0.011199670143328481, "cpu_ms_per_sample": 20.56852360633211, "max_weight_second_moment_fraction": 0.0859390487140674}
PROGRESS {"utc": "2026-09-22T13:20:56.754481+00:00", "stage": "G_hybrid replica 4 production 18/200", "mode": "G_hybrid", "block_completed": 99649, "block_samples": 250000, "worker_pids_seen": 128, "elapsed_s": 30.857903995085508}
PROGRESS {"utc": "2026-09-22T13:21:26.838712+00:00", "stage": "G_hybrid replica 4 production 18/200", "mode": "G_hybrid", "block_completed": 195905, "block_samples": 250000, "worker_pids_seen": 128, "elapsed_s": 60.94214306701906}
S2000_PRODUCTION_FINISHED G_hybrid replica 4 production 18/200 {"n": 18000000, "matched_pb": 0.2533086511083393, "matched_error_pb": 0.011190062602509121, "relative_error": 0.04417560376855494, "hard_error_pb": 0.011109492377456828, "cpu_ms_per_sample": 20.553074442152944, "max_weight_second_moment_fraction": 0.08493056860895722}
PROGRESS {"utc": "2026-09-22T13:22:11.285072+00:00", "stage": "G_hybrid replica 1 production 19/200", "mode": "G_hybrid", "block_completed": 104453, "block_samples": 250000, "worker_pids_seen": 128, "elapsed_s": 30.8659396560397}
PROGRESS {"utc": "2026-09-22T13:22:41.501596+00:00", "stage": "G_hybrid replica 1 production 19/200", "mode": "G_hybrid", "block_completed": 208389, "block_samples": 250000, "worker_pids_seen": 128, "elapsed_s": 61.08246854902245}
S2000_PRODUCTION_FINISHED G_hybrid replica 1 production 19/200 {"n": 18250000, "matched_pb": 0.2539278503362739, "matched_error_pb": 0.011108400703286643, "relative_error": 0.043746287335461265, "hard_error_pb": 0.011027233833626516, "cpu_ms_per_sample": 20.556953344856765, "max_weight_second_moment_fraction": 0.08385686529534417}
PROGRESS {"utc": "2026-09-22T13:23:23.335499+00:00", "stage": "G_hybrid replica 2 production 19/200", "mode": "G_hybrid", "block_completed": 110108, "block_samples": 250000, "worker_pids_seen": 128, "elapsed_s": 30.734777989098802}
PROGRESS {"utc": "2026-09-22T13:23:53.337984+00:00", "stage": "G_hybrid replica 2 production 19/200", "mode": "G_hybrid", "block_completed": 225564, "block_samples": 250000, "worker_pids_seen": 128, "elapsed_s": 60.737263633171096}
S2000_PRODUCTION_FINISHED G_hybrid replica 2 production 19/200 {"n": 18500000, "matched_pb": 0.25521259416624104, "matched_error_pb": 0.01102496427436832, "relative_error": 0.04319913878226107, "hard_error_pb": 0.010943178564192212, "cpu_ms_per_sample": 20.554781524005296, "max_weight_second_moment_fraction": 0.08286425490189268}
PROGRESS {"utc": "2026-09-22T13:24:30.938349+00:00", "stage": "G_hybrid replica 3 production 19/200", "mode": "G_hybrid", "block_completed": 104348, "block_samples": 250000, "worker_pids_seen": 128, "elapsed_s": 30.950071200029925}
PROGRESS {"utc": "2026-09-22T13:25:00.974949+00:00", "stage": "G_hybrid replica 3 production 19/200", "mode": "G_hybrid", "block_completed": 203676, "block_samples": 250000, "worker_pids_seen": 128, "elapsed_s": 60.98667728505097}
S2000_PRODUCTION_FINISHED G_hybrid replica 3 production 19/200 {"n": 18750000, "matched_pb": 0.2554729246174307, "matched_error_pb": 0.010941396837885174, "relative_error": 0.04282800948190441, "hard_error_pb": 0.010858981747879578, "cpu_ms_per_sample": 20.577169261712477, "max_weight_second_moment_fraction": 0.08192508455384825}
PROGRESS {"utc": "2026-09-22T13:25:45.507751+00:00", "stage": "G_hybrid replica 4 production 19/200", "mode": "G_hybrid", "block_completed": 116380, "block_samples": 250000, "worker_pids_seen": 128, "elapsed_s": 31.025341658852994}
PROGRESS {"utc": "2026-09-22T13:26:15.616507+00:00", "stage": "G_hybrid replica 4 production 19/200", "mode": "G_hybrid", "block_completed": 221596, "block_samples": 250000, "worker_pids_seen": 128, "elapsed_s": 61.13408105587587}
S2000_PRODUCTION_FINISHED G_hybrid replica 4 production 19/200 {"n": 19000000, "matched_pb": 0.25706911362494617, "matched_error_pb": 0.01086427697738374, "relative_error": 0.04226208595885345, "hard_error_pb": 0.010781272377507608, "cpu_ms_per_sample": 20.56514556915826, "max_weight_second_moment_fraction": 0.08093765013851369}
PROGRESS {"utc": "2026-09-22T13:26:54.136898+00:00", "stage": "G_hybrid replica 1 production 20/200", "mode": "G_hybrid", "block_completed": 87206, "block_samples": 250000, "worker_pids_seen": 128, "elapsed_s": 30.757729169912636}
PROGRESS {"utc": "2026-09-22T13:27:24.299227+00:00", "stage": "G_hybrid replica 1 production 20/200", "mode": "G_hybrid", "block_completed": 162470, "block_samples": 250000, "worker_pids_seen": 128, "elapsed_s": 60.92006021877751}
PROGRESS {"utc": "2026-09-22T13:27:54.976935+00:00", "stage": "G_hybrid replica 1 production 20/200", "mode": "G_hybrid", "block_completed": 250000, "block_samples": 250000, "worker_pids_seen": 128, "elapsed_s": 91.59776760591194}
S2000_PRODUCTION_FINISHED G_hybrid replica 1 production 20/200 {"n": 19250000, "matched_pb": 0.25634245057857397, "matched_error_pb": 0.010786775747538615, "relative_error": 0.04207955304785641, "hard_error_pb": 0.010703170131525771, "cpu_ms_per_sample": 20.54356198723117, "max_weight_second_moment_fraction": 0.08000394088636685}
PROGRESS {"utc": "2026-09-22T13:28:25.806020+00:00", "stage": "G_hybrid replica 2 production 20/200", "mode": "G_hybrid", "block_completed": 84196, "block_samples": 250000, "worker_pids_seen": 128, "elapsed_s": 30.675498851109296}
PROGRESS {"utc": "2026-09-22T13:28:55.868442+00:00", "stage": "G_hybrid replica 2 production 20/200", "mode": "G_hybrid", "block_completed": 164836, "block_samples": 250000, "worker_pids_seen": 128, "elapsed_s": 60.73792396602221}
S2000_PRODUCTION_FINISHED G_hybrid replica 2 production 20/200 {"n": 19500000, "matched_pb": 0.25653671412891005, "matched_error_pb": 0.010710097124764228, "relative_error": 0.04174878890583431, "hard_error_pb": 0.010625888210337107, "cpu_ms_per_sample": 20.513134317111692, "max_weight_second_moment_fraction": 0.07910391698709014}
PROGRESS {"utc": "2026-09-22T13:29:54.954667+00:00", "stage": "G_hybrid replica 3 production 20/200", "mode": "G_hybrid", "block_completed": 77649, "block_samples": 250000, "worker_pids_seen": 128, "elapsed_s": 30.610223857918754}
PROGRESS {"utc": "2026-09-22T13:30:24.985144+00:00", "stage": "G_hybrid replica 3 production 20/200", "mode": "G_hybrid", "block_completed": 151633, "block_samples": 250000, "worker_pids_seen": 128, "elapsed_s": 60.6407021980267}
PROGRESS {"utc": "2026-09-22T13:30:55.061629+00:00", "stage": "G_hybrid replica 3 production 20/200", "mode": "G_hybrid", "block_completed": 231568, "block_samples": 250000, "worker_pids_seen": 128, "elapsed_s": 90.71718330006115}
S2000_PRODUCTION_FINISHED G_hybrid replica 3 production 20/200 {"n": 19750000, "matched_pb": 0.2566417896638019, "matched_error_pb": 0.010636296204746825, "relative_error": 0.04144413198910537, "hard_error_pb": 0.010551498319755818, "cpu_ms_per_sample": 20.508889323640204, "max_weight_second_moment_fraction": 0.07820512499678035}
PROGRESS {"utc": "2026-09-22T13:31:32.023385+00:00", "stage": "G_hybrid replica 4 production 20/200", "mode": "G_hybrid", "block_completed": 84456, "block_samples": 250000, "worker_pids_seen": 128, "elapsed_s": 30.97542634792626}
PROGRESS {"utc": "2026-09-22T13:32:02.085147+00:00", "stage": "G_hybrid replica 4 production 20/200", "mode": "G_hybrid", "block_completed": 165864, "block_samples": 250000, "worker_pids_seen": 128, "elapsed_s": 61.03719029086642}
S2000_PRODUCTION_FINISHED G_hybrid replica 4 production 20/200 {"n": 20000000, "matched_pb": 0.25570246981890676, "matched_error_pb": 0.010561713175735635, "relative_error": 0.04130469753857143, "hard_error_pb": 0.010476311614456963, "cpu_ms_per_sample": 20.4825338773604, "max_weight_second_moment_fraction": 0.07736075826161166}
PROGRESS {"utc": "2026-09-22T13:33:05.042634+00:00", "stage": "G_hybrid replica 1 production 21/200", "mode": "G_hybrid", "block_completed": 81038, "block_samples": 250000, "worker_pids_seen": 128, "elapsed_s": 31.07602960197255}
PROGRESS {"utc": "2026-09-22T13:33:35.259369+00:00", "stage": "G_hybrid replica 1 production 21/200", "mode": "G_hybrid", "block_completed": 154510, "block_samples": 250000, "worker_pids_seen": 128, "elapsed_s": 61.2927544307895}
PROGRESS {"utc": "2026-09-22T13:34:05.354759+00:00", "stage": "G_hybrid replica 1 production 21/200", "mode": "G_hybrid", "block_completed": 238480, "block_samples": 250000, "worker_pids_seen": 128, "elapsed_s": 91.38821385079063}
S2000_PRODUCTION_FINISHED G_hybrid replica 1 production 21/200 {"n": 20250000, "matched_pb": 0.25517973209073774, "matched_error_pb": 0.010488863452799235, "relative_error": 0.04110382657298804, "hard_error_pb": 0.010402863854158895, "cpu_ms_per_sample": 20.472355879793234, "max_weight_second_moment_fraction": 0.07653173121104562}
PROGRESS {"utc": "2026-09-22T13:34:41.693126+00:00", "stage": "G_hybrid replica 2 production 21/200", "mode": "G_hybrid", "block_completed": 133990, "block_samples": 250000, "worker_pids_seen": 128, "elapsed_s": 30.799241262022406}
S2000_PRODUCTION_FINISHED G_hybrid replica 2 production 21/200 {"n": 20500000, "matched_pb": 0.25601820184180923, "matched_error_pb": 0.01041873291722379, "relative_error": 0.04069528198491687, "hard_error_pb": 0.010332149603888858, "cpu_ms_per_sample": 20.517105951037607, "max_weight_second_moment_fraction": 0.07570218375658311}
PROGRESS {"utc": "2026-09-22T13:35:41.120667+00:00", "stage": "G_hybrid replica 3 production 21/200", "mode": "G_hybrid", "block_completed": 126469, "block_samples": 250000, "worker_pids_seen": 128, "elapsed_s": 30.760470238048583}
PROGRESS {"utc": "2026-09-22T13:36:11.238489+00:00", "stage": "G_hybrid replica 3 production 21/200", "mode": "G_hybrid", "block_completed": 244368, "block_samples": 250000, "worker_pids_seen": 128, "elapsed_s": 60.878294734982774}
S2000_PRODUCTION_FINISHED G_hybrid replica 3 production 21/200 {"n": 20750000, "matched_pb": 0.25595420775067157, "matched_error_pb": 0.010350310890992713, "relative_error": 0.04043813532878151, "hard_error_pb": 0.010263150363163375, "cpu_ms_per_sample": 20.560461897421877, "max_weight_second_moment_fraction": 0.07488587013134547}
PROGRESS {"utc": "2026-09-22T13:36:45.819385+00:00", "stage": "G_hybrid replica 4 production 21/200", "mode": "G_hybrid", "block_completed": 102061, "block_samples": 250000, "worker_pids_seen": 128, "elapsed_s": 30.910673096077517}
PROGRESS {"utc": "2026-09-22T13:37:15.851290+00:00", "stage": "G_hybrid replica 4 production 21/200", "mode": "G_hybrid", "block_completed": 199341, "block_samples": 250000, "worker_pids_seen": 128, "elapsed_s": 60.94257985218428}
S2000_PRODUCTION_FINISHED G_hybrid replica 4 production 21/200 {"n": 21000000, "matched_pb": 0.25654729701601986, "matched_error_pb": 0.010285588194961975, "relative_error": 0.04009236625993257, "hard_error_pb": 0.010197874501730216, "cpu_ms_per_sample": 20.535356683931617, "max_weight_second_moment_fraction": 0.07405248047409728}
PROGRESS {"utc": "2026-09-22T13:38:00.352799+00:00", "stage": "G_hybrid replica 1 production 22/200", "mode": "G_hybrid", "block_completed": 88553, "block_samples": 250000, "worker_pids_seen": 128, "elapsed_s": 30.611433457117528}
PROGRESS {"utc": "2026-09-22T13:38:30.580421+00:00", "stage": "G_hybrid replica 1 production 22/200", "mode": "G_hybrid", "block_completed": 173801, "block_samples": 250000, "worker_pids_seen": 128, "elapsed_s": 60.839051709044725}
S2000_PRODUCTION_FINISHED G_hybrid replica 1 production 22/200 {"n": 21250000, "matched_pb": 0.2554726055920355, "matched_error_pb": 0.010223814946576433, "relative_error": 0.040019222111441786, "hard_error_pb": 0.010135566678708094, "cpu_ms_per_sample": 20.525459578756283, "max_weight_second_moment_fraction": 0.07321219677752827}
PROGRESS {"utc": "2026-09-22T13:39:27.771104+00:00", "stage": "G_hybrid replica 2 production 22/200", "mode": "G_hybrid", "block_completed": 101089, "block_samples": 250000, "worker_pids_seen": 128, "elapsed_s": 30.58325971593149}
PROGRESS {"utc": "2026-09-22T13:39:57.776930+00:00", "stage": "G_hybrid replica 2 production 22/200", "mode": "G_hybrid", "block_completed": 191713, "block_samples": 250000, "worker_pids_seen": 128, "elapsed_s": 60.589089679997414}
S2000_PRODUCTION_FINISHED G_hybrid replica 2 production 22/200 {"n": 21500000, "matched_pb": 0.2545432015485166, "matched_error_pb": 0.010162249587183607, "relative_error": 0.039923476743285384, "hard_error_pb": 0.010073461992230455, "cpu_ms_per_sample": 20.50929380894637, "max_weight_second_moment_fraction": 0.07240404323985825}
PROGRESS {"utc": "2026-09-22T13:40:47.196633+00:00", "stage": "G_hybrid replica 3 production 22/200", "mode": "G_hybrid", "block_completed": 83201, "block_samples": 250000, "worker_pids_seen": 128, "elapsed_s": 30.93090257514268}
PROGRESS {"utc": "2026-09-22T13:41:17.393944+00:00", "stage": "G_hybrid replica 3 production 22/200", "mode": "G_hybrid", "block_completed": 157697, "block_samples": 250000, "worker_pids_seen": 128, "elapsed_s": 61.12821453413926}
PROGRESS {"utc": "2026-09-22T13:41:47.420607+00:00", "stage": "G_hybrid replica 3 production 22/200", "mode": "G_hybrid", "block_completed": 229377, "block_samples": 250000, "worker_pids_seen": 128, "elapsed_s": 91.15487680211663}
S2000_PRODUCTION_FINISHED G_hybrid replica 3 production 22/200 {"n": 21750000, "matched_pb": 0.25432655065078996, "matched_error_pb": 0.010107326509555644, "relative_error": 0.039741531050109614, "hard_error_pb": 0.010018052156355766, "cpu_ms_per_sample": 20.50288876928124, "max_weight_second_moment_fraction": 0.07153393679575194}
PROGRESS {"utc": "2026-09-22T13:42:24.503974+00:00", "stage": "G_hybrid replica 4 production 22/200", "mode": "G_hybrid", "block_completed": 94879, "block_samples": 250000, "worker_pids_seen": 128, "elapsed_s": 30.63346873316914}
PROGRESS {"utc": "2026-09-22T13:42:54.559249+00:00", "stage": "G_hybrid replica 4 production 22/200", "mode": "G_hybrid", "block_completed": 177823, "block_samples": 250000, "worker_pids_seen": 128, "elapsed_s": 60.68874565302394}
S2000_PRODUCTION_FINISHED G_hybrid replica 4 production 22/200 {"n": 22000000, "matched_pb": 0.2544721360954137, "matched_error_pb": 0.010064089161100454, "relative_error": 0.03954888466581248, "hard_error_pb": 0.009974427827162709, "cpu_ms_per_sample": 20.47413524595727, "max_weight_second_moment_fraction": 0.07053033658805197}
PROGRESS {"utc": "2026-09-22T13:43:49.726539+00:00", "stage": "G_hybrid replica 1 production 23/200", "mode": "G_hybrid", "block_completed": 83009, "block_samples": 250000, "worker_pids_seen": 128, "elapsed_s": 30.821243756916374}
PROGRESS {"utc": "2026-09-22T13:44:19.754988+00:00", "stage": "G_hybrid replica 1 production 23/200", "mode": "G_hybrid", "block_completed": 165441, "block_samples": 250000, "worker_pids_seen": 128, "elapsed_s": 60.849696452962235}
S2000_PRODUCTION_FINISHED G_hybrid replica 1 production 23/200 {"n": 22250000, "matched_pb": 0.25405969820960805, "matched_error_pb": 0.010001223710520585, "relative_error": 0.03936564429935373, "hard_error_pb": 0.009910993670897853, "cpu_ms_per_sample": 20.46328371026503, "max_weight_second_moment_fraction": 0.06983976816963189}
PROGRESS {"utc": "2026-09-22T13:45:19.288442+00:00", "stage": "G_hybrid replica 2 production 23/200", "mode": "G_hybrid", "block_completed": 88864, "block_samples": 250000, "worker_pids_seen": 128, "elapsed_s": 30.574567891890183}
PROGRESS {"utc": "2026-09-22T13:45:49.309139+00:00", "stage": "G_hybrid replica 2 production 23/200", "mode": "G_hybrid", "block_completed": 177696, "block_samples": 250000, "worker_pids_seen": 128, "elapsed_s": 60.595293630845845}
S2000_PRODUCTION_FINISHED G_hybrid replica 2 production 23/200 {"n": 22500000, "matched_pb": 0.2543362386352388, "matched_error_pb": 0.009941836401182406, "relative_error": 0.03908934273200714, "hard_error_pb": 0.009851062423138617, "cpu_ms_per_sample": 20.441053518954483, "max_weight_second_moment_fraction": 0.06912992000321075}
PROGRESS {"utc": "2026-09-22T13:46:42.941608+00:00", "stage": "G_hybrid replica 3 production 23/200", "mode": "G_hybrid", "block_completed": 84090, "block_samples": 250000, "worker_pids_seen": 128, "elapsed_s": 30.692057467997074}
PROGRESS {"utc": "2026-09-22T13:47:12.962889+00:00", "stage": "G_hybrid replica 3 production 23/200", "mode": "G_hybrid", "block_completed": 168058, "block_samples": 250000, "worker_pids_seen": 128, "elapsed_s": 60.71334819984622}
S2000_PRODUCTION_FINISHED G_hybrid replica 3 production 23/200 {"n": 22750000, "matched_pb": 0.25411563927792274, "matched_error_pb": 0.009881274568402548, "relative_error": 0.038884952521932484, "hard_error_pb": 0.0097899390668613, "cpu_ms_per_sample": 20.433755649626196, "max_weight_second_moment_fraction": 0.06846591147567149}
PROGRESS {"utc": "2026-09-22T13:48:13.105265+00:00", "stage": "G_hybrid replica 4 production 23/200", "mode": "G_hybrid", "block_completed": 92384, "block_samples": 250000, "worker_pids_seen": 128, "elapsed_s": 30.752115451032296}
PROGRESS {"utc": "2026-09-22T13:48:43.160149+00:00", "stage": "G_hybrid replica 4 production 23/200", "mode": "G_hybrid", "block_completed": 186336, "block_samples": 250000, "worker_pids_seen": 128, "elapsed_s": 60.80700245616026}
S2000_PRODUCTION_FINISHED G_hybrid replica 4 production 23/200 {"n": 23000000, "matched_pb": 0.2538316629887145, "matched_error_pb": 0.00982239095619933, "relative_error": 0.038696476399148194, "hard_error_pb": 0.00973050275849735, "cpu_ms_per_sample": 20.411821509877775, "max_weight_second_moment_fraction": 0.06780642965106927}
PROGRESS {"utc": "2026-09-22T13:49:32.962427+00:00", "stage": "G_hybrid replica 1 production 24/200", "mode": "G_hybrid", "block_completed": 84996, "block_samples": 250000, "worker_pids_seen": 128, "elapsed_s": 30.54381460789591}
PROGRESS {"utc": "2026-09-22T13:50:03.096573+00:00", "stage": "G_hybrid replica 1 production 24/200", "mode": "G_hybrid", "block_completed": 169220, "block_samples": 250000, "worker_pids_seen": 128, "elapsed_s": 60.67796426592395}
S2000_PRODUCTION_FINISHED G_hybrid replica 1 production 24/200 {"n": 23250000, "matched_pb": 0.2545823718140588, "matched_error_pb": 0.009764244393250578, "relative_error": 0.038353968987224936, "hard_error_pb": 0.0096718037825332, "cpu_ms_per_sample": 20.403296295519176, "max_weight_second_moment_fraction": 0.06716396258907636}
PROGRESS {"utc": "2026-09-22T13:51:01.943245+00:00", "stage": "G_hybrid replica 2 production 24/200", "mode": "G_hybrid", "block_completed": 88818, "block_samples": 250000, "worker_pids_seen": 128, "elapsed_s": 30.81002586404793}
PROGRESS {"utc": "2026-09-22T13:51:32.208443+00:00", "stage": "G_hybrid replica 2 production 24/200", "mode": "G_hybrid", "block_completed": 182002, "block_samples": 250000, "worker_pids_seen": 128, "elapsed_s": 61.07522618607618}
S2000_PRODUCTION_FINISHED G_hybrid replica 2 production 24/200 {"n": 23500000, "matched_pb": 0.2534117221597747, "matched_error_pb": 0.009711846270373565, "relative_error": 0.038324376582115245, "hard_error_pb": 0.00961890211074357, "cpu_ms_per_sample": 20.385385496345062, "max_weight_second_moment_fraction": 0.06646764406491744}
PROGRESS {"utc": "2026-09-22T13:52:24.165571+00:00", "stage": "G_hybrid replica 3 production 24/200", "mode": "G_hybrid", "block_completed": 132243, "block_samples": 250000, "worker_pids_seen": 128, "elapsed_s": 30.652313716011122}
S2000_PRODUCTION_FINISHED G_hybrid replica 3 production 24/200 {"n": 23750000, "matched_pb": 0.2522538358729019, "matched_error_pb": 0.009657862788853503, "relative_error": 0.038286287125955214, "hard_error_pb": 0.009564394046933622, "cpu_ms_per_sample": 20.436528177849215, "max_weight_second_moment_fraction": 0.06581951861277006}
PROGRESS {"utc": "2026-09-22T13:53:23.537948+00:00", "stage": "G_hybrid replica 4 production 24/200", "mode": "G_hybrid", "block_completed": 138994, "block_samples": 250000, "worker_pids_seen": 128, "elapsed_s": 30.60325201204978}
S2000_PRODUCTION_FINISHED G_hybrid replica 4 production 24/200 {"n": 24000000, "matched_pb": 0.2524518822833526, "matched_error_pb": 0.009604194802429158, "relative_error": 0.03804366485827738, "hard_error_pb": 0.009510198612000982, "cpu_ms_per_sample": 20.475812910164834, "max_weight_second_moment_fraction": 0.06519213434965547}
PROGRESS {"utc": "2026-09-22T13:54:19.947156+00:00", "stage": "G_hybrid replica 1 production 25/200", "mode": "G_hybrid", "block_completed": 129639, "block_samples": 250000, "worker_pids_seen": 128, "elapsed_s": 30.545813038013875}
PROGRESS {"utc": "2026-09-22T13:54:52.403386+00:00", "stage": "G_hybrid replica 1 production 25/200", "mode": "G_hybrid", "block_completed": 250000, "block_samples": 250000, "worker_pids_seen": 128, "elapsed_s": 63.00203690188937}
S2000_PRODUCTION_FINISHED G_hybrid replica 1 production 25/200 {"n": 24250000, "matched_pb": 0.2517960039272657, "matched_error_pb": 0.009550684252495719, "relative_error": 0.03793024553024499, "hard_error_pb": 0.009456156170853349, "cpu_ms_per_sample": 20.52820993710453, "max_weight_second_moment_fraction": 0.06458683298917357}
PROGRESS {"utc": "2026-09-22T13:55:23.108388+00:00", "stage": "G_hybrid replica 2 production 25/200", "mode": "G_hybrid", "block_completed": 134864, "block_samples": 250000, "worker_pids_seen": 128, "elapsed_s": 30.564066930906847}
S2000_PRODUCTION_FINISHED G_hybrid replica 2 production 25/200 {"n": 24500000, "matched_pb": 0.25193870479885183, "matched_error_pb": 0.009502733925371456, "relative_error": 0.03771843604958774, "hard_error_pb": 0.009407724054897855, "cpu_ms_per_sample": 20.569334950093385, "max_weight_second_moment_fraction": 0.06392863869359779}
PROGRESS {"utc": "2026-09-22T13:56:22.566484+00:00", "stage": "G_hybrid replica 3 production 25/200", "mode": "G_hybrid", "block_completed": 128048, "block_samples": 250000, "worker_pids_seen": 128, "elapsed_s": 30.797066916013137}
PROGRESS {"utc": "2026-09-22T13:56:52.992444+00:00", "stage": "G_hybrid replica 3 production 25/200", "mode": "G_hybrid", "block_completed": 250000, "block_samples": 250000, "worker_pids_seen": 128, "elapsed_s": 61.22304436494596}
S2000_PRODUCTION_FINISHED G_hybrid replica 3 production 25/200 {"n": 24750000, "matched_pb": 0.2524691489414347, "matched_error_pb": 0.009450294824803786, "relative_error": 0.03743148366613289, "hard_error_pb": 0.00935475238113823, "cpu_ms_per_sample": 20.623726995020117, "max_weight_second_moment_fraction": 0.0633551337230172}
PROGRESS {"utc": "2026-09-22T13:57:23.901275+00:00", "stage": "G_hybrid replica 4 production 25/200", "mode": "G_hybrid", "block_completed": 134630, "block_samples": 250000, "worker_pids_seen": 128, "elapsed_s": 30.771016164915636}
S2000_PRODUCTION_FINISHED G_hybrid replica 4 production 25/200 {"n": 25000000, "matched_pb": 0.2525509743851016, "matched_error_pb": 0.009400468268045315, "relative_error": 0.03722206295554037, "hard_error_pb": 0.009304414194092234, "cpu_ms_per_sample": 20.618021788416595, "max_weight_second_moment_fraction": 0.06276806172453134}
S2000_PEAK_REPLAYS production_25000000 new 2 total 61 issues 0
PROGRESS {"utc": "2026-09-22T13:58:26.817866+00:00", "stage": "G_hybrid replica 1 production 26/200", "mode": "G_hybrid", "block_completed": 130541, "block_samples": 250000, "worker_pids_seen": 128, "elapsed_s": 30.983973389025778}
S2000_PRODUCTION_FINISHED G_hybrid replica 1 production 26/200 {"n": 25250000, "matched_pb": 0.252560512365444, "matched_error_pb": 0.009348952976406378, "relative_error": 0.03701668518504925, "hard_error_pb": 0.009252364108256647, "cpu_ms_per_sample": 20.65988247324982, "max_weight_second_moment_fraction": 0.06222552701290208}
PROGRESS {"utc": "2026-09-22T13:59:27.756346+00:00", "stage": "G_hybrid replica 2 production 26/200", "mode": "G_hybrid", "block_completed": 126969, "block_samples": 250000, "worker_pids_seen": 128, "elapsed_s": 30.812805710127577}
PROGRESS {"utc": "2026-09-22T13:59:57.758838+00:00", "stage": "G_hybrid replica 2 production 26/200", "mode": "G_hybrid", "block_completed": 249744, "block_samples": 250000, "worker_pids_seen": 128, "elapsed_s": 60.81530974316411}
S2000_PRODUCTION_FINISHED G_hybrid replica 2 production 26/200 {"n": 25500000, "matched_pb": 0.2520865772322882, "matched_error_pb": 0.0093008204575678, "relative_error": 0.036895341908654844, "hard_error_pb": 0.009203726474673714, "cpu_ms_per_sample": 20.651474469089916, "max_weight_second_moment_fraction": 0.06165792896542426}
PROGRESS {"utc": "2026-09-22T14:00:29.373562+00:00", "stage": "G_hybrid replica 3 production 26/200", "mode": "G_hybrid", "block_completed": 108059, "block_samples": 250000, "worker_pids_seen": 128, "elapsed_s": 30.925454484065995}
PROGRESS {"utc": "2026-09-22T14:00:59.375039+00:00", "stage": "G_hybrid replica 3 production 26/200", "mode": "G_hybrid", "block_completed": 206107, "block_samples": 250000, "worker_pids_seen": 128, "elapsed_s": 60.92693654401228}
S2000_PRODUCTION_FINISHED G_hybrid replica 3 production 26/200 {"n": 25750000, "matched_pb": 0.25161224462922427, "matched_error_pb": 0.009250939830236442, "relative_error": 0.03676665197223857, "hard_error_pb": 0.009153316752923675, "cpu_ms_per_sample": 20.65452530501526, "max_weight_second_moment_fraction": 0.06113433053979754}
PROGRESS {"utc": "2026-09-22T14:01:46.099331+00:00", "stage": "G_hybrid replica 4 production 26/200", "mode": "G_hybrid", "block_completed": 120051, "block_samples": 250000, "worker_pids_seen": 128, "elapsed_s": 30.93417293508537}
PROGRESS {"utc": "2026-09-22T14:02:16.172006+00:00", "stage": "G_hybrid replica 4 production 26/200", "mode": "G_hybrid", "block_completed": 226803, "block_samples": 250000, "worker_pids_seen": 128, "elapsed_s": 61.00685042515397}
S2000_PRODUCTION_FINISHED G_hybrid replica 4 production 26/200 {"n": 26000000, "matched_pb": 0.2502259013708961, "matched_error_pb": 0.00920361800203351, "relative_error": 0.03678123628133721, "hard_error_pb": 0.009105487585190234, "cpu_ms_per_sample": 20.639644541667344, "max_weight_second_moment_fraction": 0.06059590808354751}
PROGRESS {"utc": "2026-09-22T14:02:54.016071+00:00", "stage": "G_hybrid replica 1 production 27/200", "mode": "G_hybrid", "block_completed": 124312, "block_samples": 250000, "worker_pids_seen": 128, "elapsed_s": 30.861794258933514}
PROGRESS {"utc": "2026-09-22T14:03:24.109887+00:00", "stage": "G_hybrid replica 1 production 27/200", "mode": "G_hybrid", "block_completed": 223384, "block_samples": 250000, "worker_pids_seen": 128, "elapsed_s": 60.955603240057826}
S2000_PRODUCTION_FINISHED G_hybrid replica 1 production 27/200 {"n": 26250000, "matched_pb": 0.2507306749141586, "matched_error_pb": 0.009161044229768564, "relative_error": 0.03653738910448426, "hard_error_pb": 0.009062452825613717, "cpu_ms_per_sample": 20.664468507442056, "max_weight_second_moment_fraction": 0.060013139028584864}
PROGRESS {"utc": "2026-09-22T14:04:03.507193+00:00", "stage": "G_hybrid replica 2 production 27/200", "mode": "G_hybrid", "block_completed": 112638, "block_samples": 250000, "worker_pids_seen": 128, "elapsed_s": 30.986971786944196}
PROGRESS {"utc": "2026-09-22T14:04:33.530920+00:00", "stage": "G_hybrid replica 2 production 27/200", "mode": "G_hybrid", "block_completed": 214782, "block_samples": 250000, "worker_pids_seen": 128, "elapsed_s": 61.010693048126996}
S2000_PRODUCTION_FINISHED G_hybrid replica 2 production 27/200 {"n": 26500000, "matched_pb": 0.24979749552594233, "matched_error_pb": 0.009123064134898662, "relative_error": 0.036521839883503555, "hard_error_pb": 0.00902405779271013, "cpu_ms_per_sample": 20.64603012646962, "max_weight_second_moment_fraction": 0.05938829946256803}
PROGRESS {"utc": "2026-09-22T14:05:14.133667+00:00", "stage": "G_hybrid replica 3 production 27/200", "mode": "G_hybrid", "block_completed": 99090, "block_samples": 250000, "worker_pids_seen": 128, "elapsed_s": 30.83584398101084}
PROGRESS {"utc": "2026-09-22T14:05:44.206682+00:00", "stage": "G_hybrid replica 3 production 27/200", "mode": "G_hybrid", "block_completed": 184594, "block_samples": 250000, "worker_pids_seen": 128, "elapsed_s": 60.90886479988694}
S2000_PRODUCTION_FINISHED G_hybrid replica 3 production 27/200 {"n": 26750000, "matched_pb": 0.24992075281136733, "matched_error_pb": 0.009076465633043316, "relative_error": 0.036317374731557245, "hard_error_pb": 0.008976945372704156, "cpu_ms_per_sample": 20.642615471075363, "max_weight_second_moment_fraction": 0.05889679041010788}
PROGRESS {"utc": "2026-09-22T14:06:37.510539+00:00", "stage": "G_hybrid replica 4 production 27/200", "mode": "G_hybrid", "block_completed": 138585, "block_samples": 250000, "worker_pids_seen": 128, "elapsed_s": 30.794041335815564}
S2000_PRODUCTION_FINISHED G_hybrid replica 4 production 27/200 {"n": 27000000, "matched_pb": 0.24929653394247286, "matched_error_pb": 0.009033033513271631, "relative_error": 0.036234091868104654, "hard_error_pb": 0.00893302940152928, "cpu_ms_per_sample": 20.671526089762626, "max_weight_second_moment_fraction": 0.05838095779329983}
PROGRESS {"utc": "2026-09-22T14:07:32.970292+00:00", "stage": "G_hybrid replica 1 production 28/200", "mode": "G_hybrid", "block_completed": 133692, "block_samples": 250000, "worker_pids_seen": 128, "elapsed_s": 30.848095803987235}
S2000_PRODUCTION_FINISHED G_hybrid replica 1 production 28/200 {"n": 27250000, "matched_pb": 0.24990670126050724, "matched_error_pb": 0.008991949981863137, "relative_error": 0.03598122794030147, "hard_error_pb": 0.008891483808286816, "cpu_ms_per_sample": 20.716839405382125, "max_weight_second_moment_fraction": 0.05785153050325882}
PROGRESS {"utc": "2026-09-22T14:08:29.810727+00:00", "stage": "G_hybrid replica 2 production 28/200", "mode": "G_hybrid", "block_completed": 140487, "block_samples": 250000, "worker_pids_seen": 128, "elapsed_s": 30.809458807110786}
S2000_PRODUCTION_FINISHED G_hybrid replica 2 production 28/200 {"n": 27500000, "matched_pb": 0.24943498793755353, "matched_error_pb": 0.008952189664766385, "relative_error": 0.035889871500334916, "hard_error_pb": 0.00885127220407599, "cpu_ms_per_sample": 20.739904725538178, "max_weight_second_moment_fraction": 0.0573217587336062}
PROGRESS {"utc": "2026-09-22T14:09:24.532702+00:00", "stage": "G_hybrid replica 3 production 28/200", "mode": "G_hybrid", "block_completed": 118715, "block_samples": 250000, "worker_pids_seen": 128, "elapsed_s": 30.567115103825927}
PROGRESS {"utc": "2026-09-22T14:09:54.539804+00:00", "stage": "G_hybrid replica 3 production 28/200", "mode": "G_hybrid", "block_completed": 233403, "block_samples": 250000, "worker_pids_seen": 128, "elapsed_s": 60.57421703194268}
S2000_PRODUCTION_FINISHED G_hybrid replica 3 production 28/200 {"n": 27750000, "matched_pb": 0.2500072190330322, "matched_error_pb": 0.008911569367396724, "relative_error": 0.035645248172690894, "hard_error_pb": 0.008810186628365019, "cpu_ms_per_sample": 20.741282894013587, "max_weight_second_moment_fraction": 0.056819861092335354}
PROGRESS {"utc": "2026-09-22T14:10:30.458580+00:00", "stage": "G_hybrid replica 4 production 28/200", "mode": "G_hybrid", "block_completed": 139633, "block_samples": 250000, "worker_pids_seen": 128, "elapsed_s": 30.57867317693308}
S2000_PRODUCTION_FINISHED G_hybrid replica 4 production 28/200 {"n": 28000000, "matched_pb": 0.24944176059115192, "matched_error_pb": 0.008869019455731292, "relative_error": 0.03555547168490395, "hard_error_pb": 0.008767144685862002, "cpu_ms_per_sample": 20.766584428325853, "max_weight_second_moment_fraction": 0.056359074700800156}
PROGRESS {"utc": "2026-09-22T14:11:25.028171+00:00", "stage": "G_hybrid replica 1 production 29/200", "mode": "G_hybrid", "block_completed": 128542, "block_samples": 250000, "worker_pids_seen": 128, "elapsed_s": 30.590572947869077}
PROGRESS {"utc": "2026-09-22T14:11:55.457691+00:00", "stage": "G_hybrid replica 1 production 29/200", "mode": "G_hybrid", "block_completed": 248976, "block_samples": 250000, "worker_pids_seen": 128, "elapsed_s": 61.02009834791534}
S2000_PRODUCTION_FINISHED G_hybrid replica 1 production 29/200 {"n": 28250000, "matched_pb": 0.25045597296793526, "matched_error_pb": 0.008827604112725014, "relative_error": 0.035246131318477966, "hard_error_pb": 0.008725245796405838, "cpu_ms_per_sample": 20.786115804824416, "max_weight_second_moment_fraction": 0.055899013107868656}
PROGRESS {"utc": "2026-09-22T14:12:27.779175+00:00", "stage": "G_hybrid replica 2 production 29/200", "mode": "G_hybrid", "block_completed": 136930, "block_samples": 250000, "worker_pids_seen": 128, "elapsed_s": 30.552139489911497}
S2000_PRODUCTION_FINISHED G_hybrid replica 2 production 29/200 {"n": 28500000, "matched_pb": 0.2506697232868786, "matched_error_pb": 0.00879479087713258, "relative_error": 0.03508517407611846, "hard_error_pb": 0.008692046157792342, "cpu_ms_per_sample": 20.80377916740894, "max_weight_second_moment_fraction": 0.05534299678900123}
PROGRESS {"utc": "2026-09-22T14:13:27.229456+00:00", "stage": "G_hybrid replica 3 production 29/200", "mode": "G_hybrid", "block_completed": 105023, "block_samples": 250000, "worker_pids_seen": 128, "elapsed_s": 30.65651539294049}
PROGRESS {"utc": "2026-09-22T14:13:57.402980+00:00", "stage": "G_hybrid replica 3 production 29/200", "mode": "G_hybrid", "block_completed": 202815, "block_samples": 250000, "worker_pids_seen": 128, "elapsed_s": 60.83004215313122}
S2000_PRODUCTION_FINISHED G_hybrid replica 3 production 29/200 {"n": 28750000, "matched_pb": 0.2506477744158451, "matched_error_pb": 0.008752602083381309, "relative_error": 0.034919927391256336, "hard_error_pb": 0.008649356222673973, "cpu_ms_per_sample": 20.799759575014395, "max_weight_second_moment_fraction": 0.05492286029675668}
PROGRESS {"utc": "2026-09-22T14:14:43.004674+00:00", "stage": "G_hybrid replica 4 production 29/200", "mode": "G_hybrid", "block_completed": 107423, "block_samples": 250000, "worker_pids_seen": 128, "elapsed_s": 30.592532061971724}
PROGRESS {"utc": "2026-09-22T14:15:13.048069+00:00", "stage": "G_hybrid replica 4 production 29/200", "mode": "G_hybrid", "block_completed": 214943, "block_samples": 250000, "worker_pids_seen": 128, "elapsed_s": 60.63593557407148}
S2000_PRODUCTION_FINISHED G_hybrid replica 4 production 29/200 {"n": 29000000, "matched_pb": 0.24960250137219148, "matched_error_pb": 0.008713607181194918, "relative_error": 0.03490993533034246, "hard_error_pb": 0.00860989372436558, "cpu_ms_per_sample": 20.781037125486854, "max_weight_second_moment_fraction": 0.054475933817293126}
PROGRESS {"utc": "2026-09-22T14:15:54.108502+00:00", "stage": "G_hybrid replica 1 production 30/200", "mode": "G_hybrid", "block_completed": 104035, "block_samples": 250000, "worker_pids_seen": 128, "elapsed_s": 30.669630988966674}
PROGRESS {"utc": "2026-09-22T14:16:24.170027+00:00", "stage": "G_hybrid replica 1 production 30/200", "mode": "G_hybrid", "block_completed": 202595, "block_samples": 250000, "worker_pids_seen": 128, "elapsed_s": 60.73115642997436}
S2000_PRODUCTION_FINISHED G_hybrid replica 1 production 30/200 {"n": 29250000, "matched_pb": 0.2502004688581387, "matched_error_pb": 0.008672940705218376, "relative_error": 0.03466396663763189, "hard_error_pb": 0.008568735047422808, "cpu_ms_per_sample": 20.77110932240102, "max_weight_second_moment_fraction": 0.05406437035574856}
PROGRESS {"utc": "2026-09-22T14:17:09.857865+00:00", "stage": "G_hybrid replica 2 production 30/200", "mode": "G_hybrid", "block_completed": 100285, "block_samples": 250000, "worker_pids_seen": 128, "elapsed_s": 30.557191523956135}
PROGRESS {"utc": "2026-09-22T14:17:39.955997+00:00", "stage": "G_hybrid replica 2 production 30/200", "mode": "G_hybrid", "block_completed": 195005, "block_samples": 250000, "worker_pids_seen": 128, "elapsed_s": 60.65531765809283}
S2000_PRODUCTION_FINISHED G_hybrid replica 2 production 30/200 {"n": 29500000, "matched_pb": 0.250704486581696, "matched_error_pb": 0.008633597347604887, "relative_error": 0.03443734679551295, "hard_error_pb": 0.008528911008872604, "cpu_ms_per_sample": 20.76065305845149, "max_weight_second_moment_fraction": 0.053649437214438614}
PROGRESS {"utc": "2026-09-22T14:18:25.715754+00:00", "stage": "G_hybrid replica 3 production 30/200", "mode": "G_hybrid", "block_completed": 86206, "block_samples": 250000, "worker_pids_seen": 128, "elapsed_s": 30.55240954295732}
PROGRESS {"utc": "2026-09-22T14:18:55.763199+00:00", "stage": "G_hybrid replica 3 production 30/200", "mode": "G_hybrid", "block_completed": 171966, "block_samples": 250000, "worker_pids_seen": 128, "elapsed_s": 60.599837278947234}
S2000_PRODUCTION_FINISHED G_hybrid replica 3 production 30/200 {"n": 29750000, "matched_pb": 0.24945779162760623, "matched_error_pb": 0.008594803426070453, "relative_error": 0.034453938560078674, "hard_error_pb": 0.008489638730210523, "cpu_ms_per_sample": 20.756071417943257, "max_weight_second_moment_fraction": 0.053240708182922966}
PROGRESS {"utc": "2026-09-22T14:19:52.552408+00:00", "stage": "G_hybrid replica 4 production 30/200", "mode": "G_hybrid", "block_completed": 92254, "block_samples": 250000, "worker_pids_seen": 128, "elapsed_s": 30.605264322133735}
PROGRESS {"utc": "2026-09-22T14:20:22.577239+00:00", "stage": "G_hybrid replica 4 production 30/200", "mode": "G_hybrid", "block_completed": 183134, "block_samples": 250000, "worker_pids_seen": 128, "elapsed_s": 60.630094648106024}
S2000_PRODUCTION_FINISHED G_hybrid replica 4 production 30/200 {"n": 30000000, "matched_pb": 0.24833977659047046, "matched_error_pb": 0.008556664672393572, "relative_error": 0.034455473826507085, "hard_error_pb": 0.008451025390595293, "cpu_ms_per_sample": 20.734205552994464, "max_weight_second_moment_fraction": 0.05283657920650483}
S2000_PEAK_REPLAYS production_30000000 new 2 total 63 issues 0
PROGRESS {"utc": "2026-09-22T14:21:19.082308+00:00", "stage": "G_hybrid replica 1 production 31/200", "mode": "G_hybrid", "block_completed": 87072, "block_samples": 250000, "worker_pids_seen": 128, "elapsed_s": 30.78198484517634}
PROGRESS {"utc": "2026-09-22T14:21:49.092384+00:00", "stage": "G_hybrid replica 1 production 31/200", "mode": "G_hybrid", "block_completed": 169504, "block_samples": 250000, "worker_pids_seen": 128, "elapsed_s": 60.79205631511286}
S2000_PRODUCTION_FINISHED G_hybrid replica 1 production 31/200 {"n": 30250000, "matched_pb": 0.24905851567589044, "matched_error_pb": 0.008519011563530587, "relative_error": 0.03420485961064953, "hard_error_pb": 0.008412899491629863, "cpu_ms_per_sample": 20.722719218366972, "max_weight_second_moment_fraction": 0.05243894386321177}
PROGRESS {"utc": "2026-09-22T14:22:46.494888+00:00", "stage": "G_hybrid replica 2 production 31/200", "mode": "G_hybrid", "block_completed": 86332, "block_samples": 250000, "worker_pids_seen": 128, "elapsed_s": 30.5913603391964}
PROGRESS {"utc": "2026-09-22T14:23:16.517251+00:00", "stage": "G_hybrid replica 2 production 31/200", "mode": "G_hybrid", "block_completed": 175164, "block_samples": 250000, "worker_pids_seen": 128, "elapsed_s": 60.6137226941064}
S2000_PRODUCTION_FINISHED G_hybrid replica 2 production 31/200 {"n": 30500000, "matched_pb": 0.24941753026607705, "matched_error_pb": 0.008482614688841261, "relative_error": 0.03400969723255643, "hard_error_pb": 0.008376041534999911, "cpu_ms_per_sample": 20.706827886986652, "max_weight_second_moment_fraction": 0.0520377856645039}
PROGRESS {"utc": "2026-09-22T14:24:11.561751+00:00", "stage": "G_hybrid replica 3 production 31/200", "mode": "G_hybrid", "block_completed": 126344, "block_samples": 250000, "worker_pids_seen": 128, "elapsed_s": 30.77731452602893}
PROGRESS {"utc": "2026-09-22T14:24:41.623147+00:00", "stage": "G_hybrid replica 3 production 31/200", "mode": "G_hybrid", "block_completed": 212616, "block_samples": 250000, "worker_pids_seen": 128, "elapsed_s": 60.83864507614635}
S2000_PRODUCTION_FINISHED G_hybrid replica 3 production 31/200 {"n": 30750000, "matched_pb": 0.2494279778447568, "matched_error_pb": 0.008445383799126887, "relative_error": 0.03385900760652948, "hard_error_pb": 0.008338334806857604, "cpu_ms_per_sample": 20.725079842197854, "max_weight_second_moment_fraction": 0.05165914504944406}
PROGRESS {"utc": "2026-09-22T14:25:24.641952+00:00", "stage": "G_hybrid replica 4 production 31/200", "mode": "G_hybrid", "block_completed": 97170, "block_samples": 250000, "worker_pids_seen": 128, "elapsed_s": 30.837523634079844}
PROGRESS {"utc": "2026-09-22T14:25:54.645630+00:00", "stage": "G_hybrid replica 4 production 31/200", "mode": "G_hybrid", "block_completed": 192658, "block_samples": 250000, "worker_pids_seen": 128, "elapsed_s": 60.84121247008443}
S2000_PRODUCTION_FINISHED G_hybrid replica 4 production 31/200 {"n": 31000000, "matched_pb": 0.2510135969156094, "matched_error_pb": 0.0084950308180572, "relative_error": 0.03384291099144411, "hard_error_pb": 0.008388615406396918, "cpu_ms_per_sample": 20.7098650285209, "max_weight_second_moment_fraction": 0.05022186266415289}
PROGRESS {"utc": "2026-09-22T14:26:43.488140+00:00", "stage": "G_hybrid replica 1 production 32/200", "mode": "G_hybrid", "block_completed": 84401, "block_samples": 250000, "worker_pids_seen": 128, "elapsed_s": 30.768557185074314}
PROGRESS {"utc": "2026-09-22T14:27:13.490203+00:00", "stage": "G_hybrid replica 1 production 32/200", "mode": "G_hybrid", "block_completed": 166321, "block_samples": 250000, "worker_pids_seen": 128, "elapsed_s": 60.770626212935895}
S2000_PRODUCTION_FINISHED G_hybrid replica 1 production 32/200 {"n": 31250000, "matched_pb": 0.25125472149817274, "matched_error_pb": 0.008457789732241226, "relative_error": 0.03366221212405251, "hard_error_pb": 0.00835089977137214, "cpu_ms_per_sample": 20.706536192582394, "max_weight_second_moment_fraction": 0.04986894672128781}
PROGRESS {"utc": "2026-09-22T14:28:12.535386+00:00", "stage": "G_hybrid replica 2 production 32/200", "mode": "G_hybrid", "block_completed": 91404, "block_samples": 250000, "worker_pids_seen": 128, "elapsed_s": 31.22273929300718}
PROGRESS {"utc": "2026-09-22T14:28:42.706265+00:00", "stage": "G_hybrid replica 2 production 32/200", "mode": "G_hybrid", "block_completed": 180748, "block_samples": 250000, "worker_pids_seen": 128, "elapsed_s": 61.393616788089275}
S2000_PRODUCTION_FINISHED G_hybrid replica 2 production 32/200 {"n": 31500000, "matched_pb": 0.2501641044386379, "matched_error_pb": 0.008422995993189741, "relative_error": 0.033669882464115855, "hard_error_pb": 0.008315658803605916, "cpu_ms_per_sample": 20.690317996033933, "max_weight_second_moment_fraction": 0.04949737818832038}
PROGRESS {"utc": "2026-09-22T14:29:35.126367+00:00", "stage": "G_hybrid replica 3 production 32/200", "mode": "G_hybrid", "block_completed": 85976, "block_samples": 250000, "worker_pids_seen": 128, "elapsed_s": 30.651171606965363}
PROGRESS {"utc": "2026-09-22T14:30:05.144940+00:00", "stage": "G_hybrid replica 3 production 32/200", "mode": "G_hybrid", "block_completed": 172760, "block_samples": 250000, "worker_pids_seen": 128, "elapsed_s": 60.669751243898645}
S2000_PRODUCTION_FINISHED G_hybrid replica 3 production 32/200 {"n": 31750000, "matched_pb": 0.25024586607209204, "matched_error_pb": 0.008387397090623618, "relative_error": 0.033516625957798384, "hard_error_pb": 0.008279598407682566, "cpu_ms_per_sample": 20.686257155169194, "max_weight_second_moment_fraction": 0.04914627607204739}
PROGRESS {"utc": "2026-09-22T14:31:00.733934+00:00", "stage": "G_hybrid replica 4 production 32/200", "mode": "G_hybrid", "block_completed": 93519, "block_samples": 250000, "worker_pids_seen": 128, "elapsed_s": 30.791987295029685}
PROGRESS {"utc": "2026-09-22T14:31:30.818613+00:00", "stage": "G_hybrid replica 4 production 32/200", "mode": "G_hybrid", "block_completed": 185423, "block_samples": 250000, "worker_pids_seen": 128, "elapsed_s": 60.87666559009813}
S2000_PRODUCTION_FINISHED G_hybrid replica 4 production 32/200 {"n": 32000000, "matched_pb": 0.24989572195733162, "matched_error_pb": 0.008354077984190317, "relative_error": 0.03343025610345075, "hard_error_pb": 0.008245843728972281, "cpu_ms_per_sample": 20.667383642404495, "max_weight_second_moment_fraction": 0.04877827181212563}
PROGRESS {"utc": "2026-09-22T14:32:20.970098+00:00", "stage": "G_hybrid replica 1 production 33/200", "mode": "G_hybrid", "block_completed": 88668, "block_samples": 250000, "worker_pids_seen": 128, "elapsed_s": 30.82075098901987}
PROGRESS {"utc": "2026-09-22T14:32:50.985507+00:00", "stage": "G_hybrid replica 1 production 33/200", "mode": "G_hybrid", "block_completed": 172636, "block_samples": 250000, "worker_pids_seen": 128, "elapsed_s": 60.83617477794178}
S2000_PRODUCTION_FINISHED G_hybrid replica 1 production 33/200 {"n": 32250000, "matched_pb": 0.24963455885136016, "matched_error_pb": 0.0083199527839992, "relative_error": 0.033328529600555615, "hard_error_pb": 0.008211268730511392, "cpu_ms_per_sample": 20.65886873165296, "max_weight_second_moment_fraction": 0.048430231897203135}
PROGRESS {"utc": "2026-09-22T14:33:46.958163+00:00", "stage": "G_hybrid replica 2 production 33/200", "mode": "G_hybrid", "block_completed": 140858, "block_samples": 250000, "worker_pids_seen": 128, "elapsed_s": 30.580009434139356}
S2000_PRODUCTION_FINISHED G_hybrid replica 2 production 33/200 {"n": 32500000, "matched_pb": 0.24866372434625694, "matched_error_pb": 0.008285385056715269, "relative_error": 0.03331963710628782, "hard_error_pb": 0.008176241518860535, "cpu_ms_per_sample": 20.67710550861532, "max_weight_second_moment_fraction": 0.048097469132428336}
PROGRESS {"utc": "2026-09-22T14:34:41.768539+00:00", "stage": "G_hybrid replica 3 production 33/200", "mode": "G_hybrid", "block_completed": 100834, "block_samples": 250000, "worker_pids_seen": 128, "elapsed_s": 30.575852043926716}
PROGRESS {"utc": "2026-09-22T14:35:11.949853+00:00", "stage": "G_hybrid replica 3 production 33/200", "mode": "G_hybrid", "block_completed": 191714, "block_samples": 250000, "worker_pids_seen": 128, "elapsed_s": 60.757180128013715}
S2000_PRODUCTION_FINISHED G_hybrid replica 3 production 33/200 {"n": 32750000, "matched_pb": 0.24853676136821518, "matched_error_pb": 0.008252475131815151, "relative_error": 0.033204243454306726, "hard_error_pb": 0.008142890496496047, "cpu_ms_per_sample": 20.671904203659597, "max_weight_second_moment_fraction": 0.04775474645993737}
PROGRESS {"utc": "2026-09-22T14:36:00.734143+00:00", "stage": "G_hybrid replica 4 production 33/200", "mode": "G_hybrid", "block_completed": 98640, "block_samples": 250000, "worker_pids_seen": 128, "elapsed_s": 30.57371153915301}
PROGRESS {"utc": "2026-09-22T14:36:30.756584+00:00", "stage": "G_hybrid replica 4 production 33/200", "mode": "G_hybrid", "block_completed": 189520, "block_samples": 250000, "worker_pids_seen": 128, "elapsed_s": 60.59615367418155}
S2000_PRODUCTION_FINISHED G_hybrid replica 4 production 33/200 {"n": 33000000, "matched_pb": 0.24827723447020505, "matched_error_pb": 0.008218843231708985, "relative_error": 0.03310349114064786, "hard_error_pb": 0.008108804098269161, "cpu_ms_per_sample": 20.652823553171455, "max_weight_second_moment_fraction": 0.047430182162282085}
PROGRESS {"utc": "2026-09-22T14:37:19.171621+00:00", "stage": "G_hybrid replica 1 production 34/200", "mode": "G_hybrid", "block_completed": 131652, "block_samples": 250000, "worker_pids_seen": 128, "elapsed_s": 30.65366917802021}
S2000_PRODUCTION_FINISHED G_hybrid replica 1 production 34/200 {"n": 33250000, "matched_pb": 0.24756181655330256, "matched_error_pb": 0.008187183467956863, "relative_error": 0.03307126915589618, "hard_error_pb": 0.008076713005591095, "cpu_ms_per_sample": 20.674318383279907, "max_weight_second_moment_fraction": 0.04709161481962475}
PROGRESS {"utc": "2026-09-22T14:38:18.021910+00:00", "stage": "G_hybrid replica 2 production 34/200", "mode": "G_hybrid", "block_completed": 133528, "block_samples": 250000, "worker_pids_seen": 128, "elapsed_s": 30.84515923401341}
PROGRESS {"utc": "2026-09-22T14:38:48.092859+00:00", "stage": "G_hybrid replica 2 production 34/200", "mode": "G_hybrid", "block_completed": 247184, "block_samples": 250000, "worker_pids_seen": 128, "elapsed_s": 60.91609852691181}
S2000_PRODUCTION_FINISHED G_hybrid replica 2 production 34/200 {"n": 33500000, "matched_pb": 0.24772717006905176, "matched_error_pb": 0.008169393382249344, "relative_error": 0.03297738144738907, "hard_error_pb": 0.008058679052464959, "cpu_ms_per_sample": 20.67621061307322, "max_weight_second_moment_fraction": 0.04659925147869592}
PROGRESS {"utc": "2026-09-22T14:39:21.003394+00:00", "stage": "G_hybrid replica 3 production 34/200", "mode": "G_hybrid", "block_completed": 97020, "block_samples": 250000, "worker_pids_seen": 128, "elapsed_s": 30.73045957600698}
PROGRESS {"utc": "2026-09-22T14:39:51.156511+00:00", "stage": "G_hybrid replica 3 production 34/200", "mode": "G_hybrid", "block_completed": 187132, "block_samples": 250000, "worker_pids_seen": 128, "elapsed_s": 60.88358325907029}
S2000_PRODUCTION_FINISHED G_hybrid replica 3 production 34/200 {"n": 33750000, "matched_pb": 0.24736915974085816, "matched_error_pb": 0.008137347048857739, "relative_error": 0.03289556005034077, "hard_error_pb": 0.008026190679908615, "cpu_ms_per_sample": 20.671008045673094, "max_weight_second_moment_fraction": 0.04628387492344384}
PROGRESS {"utc": "2026-09-22T14:40:41.947778+00:00", "stage": "G_hybrid replica 4 production 34/200", "mode": "G_hybrid", "block_completed": 135813, "block_samples": 250000, "worker_pids_seen": 128, "elapsed_s": 30.555699651129544}
S2000_PRODUCTION_FINISHED G_hybrid replica 4 production 34/200 {"n": 34000000, "matched_pb": 0.2476786827756609, "matched_error_pb": 0.008104869849918463, "relative_error": 0.032723324264686854, "hard_error_pb": 0.007993261857390603, "cpu_ms_per_sample": 20.685091399219115, "max_weight_second_moment_fraction": 0.04598226067170941}
PROGRESS {"utc": "2026-09-22T14:41:38.042751+00:00", "stage": "G_hybrid replica 1 production 35/200", "mode": "G_hybrid", "block_completed": 133860, "block_samples": 250000, "worker_pids_seen": 128, "elapsed_s": 30.555605727946386}
S2000_PRODUCTION_FINISHED G_hybrid replica 1 production 35/200 {"n": 34250000, "matched_pb": 0.24749663492036783, "matched_error_pb": 0.008087092222969754, "relative_error": 0.032675564358973126, "hard_error_pb": 0.007975235448531662, "cpu_ms_per_sample": 20.71912304481343, "max_weight_second_moment_fraction": 0.04551851597459993}
PROGRESS {"utc": "2026-09-22T14:42:37.578946+00:00", "stage": "G_hybrid replica 2 production 35/200", "mode": "G_hybrid", "block_completed": 132420, "block_samples": 250000, "worker_pids_seen": 128, "elapsed_s": 30.590098861139268}
S2000_PRODUCTION_FINISHED G_hybrid replica 2 production 35/200 {"n": 34500000, "matched_pb": 0.24761557405987333, "matched_error_pb": 0.008060142404872862, "relative_error": 0.03255103171710808, "hard_error_pb": 0.007947906354728133, "cpu_ms_per_sample": 20.71635544326849, "max_weight_second_moment_fraction": 0.04517026356874861}
PROGRESS {"utc": "2026-09-22T14:43:35.116655+00:00", "stage": "G_hybrid replica 3 production 35/200", "mode": "G_hybrid", "block_completed": 103343, "block_samples": 250000, "worker_pids_seen": 128, "elapsed_s": 30.545832021860406}
PROGRESS {"utc": "2026-09-22T14:44:05.242912+00:00", "stage": "G_hybrid replica 3 production 35/200", "mode": "G_hybrid", "block_completed": 202159, "block_samples": 250000, "worker_pids_seen": 128, "elapsed_s": 60.67209566896781}
S2000_PRODUCTION_FINISHED G_hybrid replica 3 production 35/200 {"n": 34750000, "matched_pb": 0.24799524292647934, "matched_error_pb": 0.008028819483175112, "relative_error": 0.03237489311662053, "hard_error_pb": 0.00791613934504127, "cpu_ms_per_sample": 20.710613073847103, "max_weight_second_moment_fraction": 0.04488072378659696}
PROGRESS {"utc": "2026-09-22T14:44:51.250737+00:00", "stage": "G_hybrid replica 4 production 35/200", "mode": "G_hybrid", "block_completed": 99686, "block_samples": 250000, "worker_pids_seen": 128, "elapsed_s": 30.565524979960173}
PROGRESS {"utc": "2026-09-22T14:45:21.264979+00:00", "stage": "G_hybrid replica 4 production 35/200", "mode": "G_hybrid", "block_completed": 192870, "block_samples": 250000, "worker_pids_seen": 128, "elapsed_s": 60.57976588793099}
S2000_PRODUCTION_FINISHED G_hybrid replica 4 production 35/200 {"n": 35000000, "matched_pb": 0.2479817477859596, "matched_error_pb": 0.007998370472779305, "relative_error": 0.03225386765030358, "hard_error_pb": 0.007885255230905719, "cpu_ms_per_sample": 20.689625200586367, "max_weight_second_moment_fraction": 0.044589100891758215}
S2000_PEAK_REPLAYS production_35000000 new 3 total 66 issues 0
PROGRESS {"utc": "2026-09-22T14:46:13.753169+00:00", "stage": "G_hybrid replica 1 production 36/200", "mode": "G_hybrid", "block_completed": 107083, "block_samples": 250000, "worker_pids_seen": 128, "elapsed_s": 30.71537551889196}
PROGRESS {"utc": "2026-09-22T14:46:43.874043+00:00", "stage": "G_hybrid replica 1 production 36/200", "mode": "G_hybrid", "block_completed": 188235, "block_samples": 250000, "worker_pids_seen": 128, "elapsed_s": 60.836249673040584}
S2000_PRODUCTION_FINISHED G_hybrid replica 1 production 36/200 {"n": 35250000, "matched_pb": 0.24896247266778898, "matched_error_pb": 0.007967466271168695, "relative_error": 0.03200267970426345, "hard_error_pb": 0.007853905946655393, "cpu_ms_per_sample": 20.684289909473073, "max_weight_second_moment_fraction": 0.044310514330401486}
PROGRESS {"utc": "2026-09-22T14:47:34.544411+00:00", "stage": "G_hybrid replica 2 production 36/200", "mode": "G_hybrid", "block_completed": 88347, "block_samples": 250000, "worker_pids_seen": 128, "elapsed_s": 30.72631744109094}
PROGRESS {"utc": "2026-09-22T14:48:04.678115+00:00", "stage": "G_hybrid replica 2 production 36/200", "mode": "G_hybrid", "block_completed": 174875, "block_samples": 250000, "worker_pids_seen": 128, "elapsed_s": 60.86002204287797}
S2000_PRODUCTION_FINISHED G_hybrid replica 2 production 36/200 {"n": 35500000, "matched_pb": 0.24954131384361966, "matched_error_pb": 0.007938771569471516, "relative_error": 0.03181345584501697, "hard_error_pb": 0.007824794813216983, "cpu_ms_per_sample": 20.667632704225237, "max_weight_second_moment_fraction": 0.04401430745709784}
PROGRESS {"utc": "2026-09-22T14:49:00.137042+00:00", "stage": "G_hybrid replica 3 production 36/200", "mode": "G_hybrid", "block_completed": 91754, "block_samples": 250000, "worker_pids_seen": 128, "elapsed_s": 30.782110600965098}
PROGRESS {"utc": "2026-09-22T14:49:30.285669+00:00", "stage": "G_hybrid replica 3 production 36/200", "mode": "G_hybrid", "block_completed": 173162, "block_samples": 250000, "worker_pids_seen": 128, "elapsed_s": 60.930740516865626}
S2000_PRODUCTION_FINISHED G_hybrid replica 3 production 36/200 {"n": 35750000, "matched_pb": 0.2485962351646389, "matched_error_pb": 0.007908389256617335, "relative_error": 0.0318121843292591, "hard_error_pb": 0.007793968210794719, "cpu_ms_per_sample": 20.66123362327684, "max_weight_second_moment_fraction": 0.04374485658073299}
PROGRESS {"utc": "2026-09-22T14:50:28.245989+00:00", "stage": "G_hybrid replica 4 production 36/200", "mode": "G_hybrid", "block_completed": 90672, "block_samples": 250000, "worker_pids_seen": 128, "elapsed_s": 30.586514355847612}
PROGRESS {"utc": "2026-09-22T14:50:58.310093+00:00", "stage": "G_hybrid replica 4 production 36/200", "mode": "G_hybrid", "block_completed": 180784, "block_samples": 250000, "worker_pids_seen": 128, "elapsed_s": 60.65062201884575}
S2000_PRODUCTION_FINISHED G_hybrid replica 4 production 36/200 {"n": 36000000, "matched_pb": 0.24956094991731842, "matched_error_pb": 0.007882707210541793, "relative_error": 0.031586300713927394, "hard_error_pb": 0.007767907878175804, "cpu_ms_per_sample": 20.644693216981917, "max_weight_second_moment_fraction": 0.04342935200464559}
PROGRESS {"utc": "2026-09-22T14:51:50.758669+00:00", "stage": "G_hybrid replica 1 production 37/200", "mode": "G_hybrid", "block_completed": 86921, "block_samples": 250000, "worker_pids_seen": 128, "elapsed_s": 30.741437701974064}
PROGRESS {"utc": "2026-09-22T14:52:21.005997+00:00", "stage": "G_hybrid replica 1 production 37/200", "mode": "G_hybrid", "block_completed": 168073, "block_samples": 250000, "worker_pids_seen": 128, "elapsed_s": 60.98876275890507}
S2000_PRODUCTION_FINISHED G_hybrid replica 1 production 37/200 {"n": 36250000, "matched_pb": 0.24786670613749895, "matched_error_pb": 0.007869657799646608, "relative_error": 0.031749555728073774, "hard_error_pb": 0.007754665287440642, "cpu_ms_per_sample": 20.63803165826549, "max_weight_second_moment_fraction": 0.042978791536083964}
PROGRESS {"utc": "2026-09-22T14:53:18.413419+00:00", "stage": "G_hybrid replica 2 production 37/200", "mode": "G_hybrid", "block_completed": 88273, "block_samples": 250000, "worker_pids_seen": 128, "elapsed_s": 30.59725490701385}
PROGRESS {"utc": "2026-09-22T14:53:48.466478+00:00", "stage": "G_hybrid replica 2 production 37/200", "mode": "G_hybrid", "block_completed": 179409, "block_samples": 250000, "worker_pids_seen": 128, "elapsed_s": 60.65032221400179}
S2000_PRODUCTION_FINISHED G_hybrid replica 2 production 37/200 {"n": 36500000, "matched_pb": 0.24780871978485325, "matched_error_pb": 0.007840789413289632, "relative_error": 0.031640490375387034, "hard_error_pb": 0.007725367205528351, "cpu_ms_per_sample": 20.622886177790797, "max_weight_second_moment_fraction": 0.04271420430734077}
PROGRESS {"utc": "2026-09-22T14:54:43.356602+00:00", "stage": "G_hybrid replica 3 production 37/200", "mode": "G_hybrid", "block_completed": 80785, "block_samples": 250000, "worker_pids_seen": 128, "elapsed_s": 30.698607687838376}
PROGRESS {"utc": "2026-09-22T14:55:13.383809+00:00", "stage": "G_hybrid replica 3 production 37/200", "mode": "G_hybrid", "block_completed": 157073, "block_samples": 250000, "worker_pids_seen": 128, "elapsed_s": 60.725820193998516}
PROGRESS {"utc": "2026-09-22T14:55:43.398120+00:00", "stage": "G_hybrid replica 3 production 37/200", "mode": "G_hybrid", "block_completed": 246928, "block_samples": 250000, "worker_pids_seen": 128, "elapsed_s": 90.7401308498811}
S2000_PRODUCTION_FINISHED G_hybrid replica 3 production 37/200 {"n": 36750000, "matched_pb": 0.24844900734802233, "matched_error_pb": 0.007812444379078131, "relative_error": 0.03144486050666573, "hard_error_pb": 0.007696597106051975, "cpu_ms_per_sample": 20.621516622397387, "max_weight_second_moment_fraction": 0.04245063498065628}
PROGRESS {"utc": "2026-09-22T14:56:16.971441+00:00", "stage": "G_hybrid replica 4 production 37/200", "mode": "G_hybrid", "block_completed": 92454, "block_samples": 250000, "worker_pids_seen": 128, "elapsed_s": 30.60641903313808}
PROGRESS {"utc": "2026-09-22T14:56:46.996576+00:00", "stage": "G_hybrid replica 4 production 37/200", "mode": "G_hybrid", "block_completed": 181030, "block_samples": 250000, "worker_pids_seen": 128, "elapsed_s": 60.63155534211546}
S2000_PRODUCTION_FINISHED G_hybrid replica 4 production 37/200 {"n": 37000000, "matched_pb": 0.24833265809927263, "matched_error_pb": 0.007784652560085952, "relative_error": 0.031347679438014094, "hard_error_pb": 0.00766838544401303, "cpu_ms_per_sample": 20.605144976224643, "max_weight_second_moment_fraction": 0.04218762134658657}
PROGRESS {"utc": "2026-09-22T14:57:41.086923+00:00", "stage": "G_hybrid replica 1 production 38/200", "mode": "G_hybrid", "block_completed": 87398, "block_samples": 250000, "worker_pids_seen": 128, "elapsed_s": 30.73058743495494}
PROGRESS {"utc": "2026-09-22T14:58:11.125075+00:00", "stage": "G_hybrid replica 1 production 38/200", "mode": "G_hybrid", "block_completed": 168806, "block_samples": 250000, "worker_pids_seen": 128, "elapsed_s": 60.76874069287442}
S2000_PRODUCTION_FINISHED G_hybrid replica 1 production 38/200 {"n": 37250000, "matched_pb": 0.24925034137931473, "matched_error_pb": 0.0077571776387312325, "relative_error": 0.03112203415972934, "hard_error_pb": 0.007640492441952286, "cpu_ms_per_sample": 20.596336281939433, "max_weight_second_moment_fraction": 0.04192771653912027}
PROGRESS {"utc": "2026-09-22T14:59:08.944068+00:00", "stage": "G_hybrid replica 2 production 38/200", "mode": "G_hybrid", "block_completed": 92005, "block_samples": 250000, "worker_pids_seen": 128, "elapsed_s": 30.761225478956476}
PROGRESS {"utc": "2026-09-22T14:59:39.056340+00:00", "stage": "G_hybrid replica 2 production 38/200", "mode": "G_hybrid", "block_completed": 178021, "block_samples": 250000, "worker_pids_seen": 128, "elapsed_s": 60.87349513499066}
S2000_PRODUCTION_FINISHED G_hybrid replica 2 production 38/200 {"n": 37500000, "matched_pb": 0.2485430630130242, "matched_error_pb": 0.007729203927715939, "relative_error": 0.031098047292154405, "hard_error_pb": 0.007612089935945164, "cpu_ms_per_sample": 20.584145115495385, "max_weight_second_moment_fraction": 0.041679835613490826}
PROGRESS {"utc": "2026-09-22T15:00:32.900112+00:00", "stage": "G_hybrid replica 3 production 38/200", "mode": "G_hybrid", "block_completed": 129408, "block_samples": 250000, "worker_pids_seen": 128, "elapsed_s": 30.59081513201818}
S2000_PRODUCTION_FINISHED G_hybrid replica 3 production 38/200 {"n": 37750000, "matched_pb": 0.2484985284137723, "matched_error_pb": 0.007700863167128959, "relative_error": 0.030989572518941973, "hard_error_pb": 0.007583311503264362, "cpu_ms_per_sample": 20.617517374822278, "max_weight_second_moment_fraction": 0.04144237379662731}
PROGRESS {"utc": "2026-09-22T15:01:32.980180+00:00", "stage": "G_hybrid replica 4 production 38/200", "mode": "G_hybrid", "block_completed": 122876, "block_samples": 250000, "worker_pids_seen": 128, "elapsed_s": 30.680597008904442}
PROGRESS {"utc": "2026-09-22T15:02:03.035742+00:00", "stage": "G_hybrid replica 4 production 38/200", "mode": "G_hybrid", "block_completed": 231164, "block_samples": 250000, "worker_pids_seen": 128, "elapsed_s": 60.73623248003423}
S2000_PRODUCTION_FINISHED G_hybrid replica 4 production 38/200 {"n": 38000000, "matched_pb": 0.24850501721789864, "matched_error_pb": 0.007673874059736762, "relative_error": 0.03088015745375482, "hard_error_pb": 0.007555902521962477, "cpu_ms_per_sample": 20.61102040481979, "max_weight_second_moment_fraction": 0.04119613075886314}
PROGRESS {"utc": "2026-09-22T15:02:39.986450+00:00", "stage": "G_hybrid replica 1 production 39/200", "mode": "G_hybrid", "block_completed": 127110, "block_samples": 250000, "worker_pids_seen": 128, "elapsed_s": 30.596312848851085}
PROGRESS {"utc": "2026-09-22T15:03:10.034613+00:00", "stage": "G_hybrid replica 1 production 39/200", "mode": "G_hybrid", "block_completed": 239248, "block_samples": 250000, "worker_pids_seen": 128, "elapsed_s": 60.64448783593252}
S2000_PRODUCTION_FINISHED G_hybrid replica 1 production 39/200 {"n": 38250000, "matched_pb": 0.24814327511904533, "matched_error_pb": 0.007648452984458757, "relative_error": 0.030822729251032313, "hard_error_pb": 0.007530083192911896, "cpu_ms_per_sample": 20.62847534486742, "max_weight_second_moment_fraction": 0.040938679636999604}
PROGRESS {"utc": "2026-09-22T15:03:45.818628+00:00", "stage": "G_hybrid replica 2 production 39/200", "mode": "G_hybrid", "block_completed": 130703, "block_samples": 250000, "worker_pids_seen": 128, "elapsed_s": 30.590212769107893}
S2000_PRODUCTION_FINISHED G_hybrid replica 2 production 39/200 {"n": 38500000, "matched_pb": 0.24687637665710715, "matched_error_pb": 0.0076238153360054526, "relative_error": 0.030881105107089135, "hard_error_pb": 0.007505056969418025, "cpu_ms_per_sample": 20.642312230372514, "max_weight_second_moment_fraction": 0.04067866020929926}
PROGRESS {"utc": "2026-09-22T15:04:45.439014+00:00", "stage": "G_hybrid replica 3 production 39/200", "mode": "G_hybrid", "block_completed": 105332, "block_samples": 250000, "worker_pids_seen": 128, "elapsed_s": 30.75755211804062}
PROGRESS {"utc": "2026-09-22T15:05:15.468586+00:00", "stage": "G_hybrid replica 3 production 39/200", "mode": "G_hybrid", "block_completed": 197236, "block_samples": 250000, "worker_pids_seen": 128, "elapsed_s": 60.78713904786855}
S2000_PRODUCTION_FINISHED G_hybrid replica 3 production 39/200 {"n": 38750000, "matched_pb": 0.2459278558113227, "matched_error_pb": 0.007597359928323877, "relative_error": 0.030892636798950567, "hard_error_pb": 0.007478181444522427, "cpu_ms_per_sample": 20.639616841646166, "max_weight_second_moment_fraction": 0.04044459884107563}
PROGRESS {"utc": "2026-09-22T15:06:02.572516+00:00", "stage": "G_hybrid replica 4 production 39/200", "mode": "G_hybrid", "block_completed": 101955, "block_samples": 250000, "worker_pids_seen": 128, "elapsed_s": 30.58816041308455}
PROGRESS {"utc": "2026-09-22T15:06:32.798313+00:00", "stage": "G_hybrid replica 4 production 39/200", "mode": "G_hybrid", "block_completed": 196931, "block_samples": 250000, "worker_pids_seen": 128, "elapsed_s": 60.81395951798186}
S2000_PRODUCTION_FINISHED G_hybrid replica 4 production 39/200 {"n": 39000000, "matched_pb": 0.24633846678201787, "matched_error_pb": 0.0075728080326696425, "relative_error": 0.030741475870963892, "hard_error_pb": 0.007453236970361536, "cpu_ms_per_sample": 20.624344869233948, "max_weight_second_moment_fraction": 0.04019545220358204}
PROGRESS {"utc": "2026-09-22T15:07:20.462820+00:00", "stage": "G_hybrid replica 1 production 40/200", "mode": "G_hybrid", "block_completed": 89772, "block_samples": 250000, "worker_pids_seen": 128, "elapsed_s": 30.63619980099611}
PROGRESS {"utc": "2026-09-22T15:07:50.466940+00:00", "stage": "G_hybrid replica 1 production 40/200", "mode": "G_hybrid", "block_completed": 176812, "block_samples": 250000, "worker_pids_seen": 128, "elapsed_s": 60.64032675186172}
S2000_PRODUCTION_FINISHED G_hybrid replica 1 production 40/200 {"n": 39250000, "matched_pb": 0.2462761346074554, "matched_error_pb": 0.007547025082087055, "relative_error": 0.030644565272702585, "hard_error_pb": 0.007427038940678126, "cpu_ms_per_sample": 20.61678034205661, "max_weight_second_moment_fraction": 0.039965499443534336}
PROGRESS {"utc": "2026-09-22T15:08:46.454383+00:00", "stage": "G_hybrid replica 2 production 40/200", "mode": "G_hybrid", "block_completed": 89679, "block_samples": 250000, "worker_pids_seen": 128, "elapsed_s": 30.60566651704721}
PROGRESS {"utc": "2026-09-22T15:09:16.818227+00:00", "stage": "G_hybrid replica 2 production 40/200", "mode": "G_hybrid", "block_completed": 175695, "block_samples": 250000, "worker_pids_seen": 128, "elapsed_s": 60.96950775710866}
S2000_PRODUCTION_FINISHED G_hybrid replica 2 production 40/200 {"n": 39500000, "matched_pb": 0.24587938700559175, "matched_error_pb": 0.0075237381091234215, "relative_error": 0.03059930399514262, "hard_error_pb": 0.007403374566464554, "cpu_ms_per_sample": 20.604398215644583, "max_weight_second_moment_fraction": 0.03971387622058101}
PROGRESS {"utc": "2026-09-22T15:10:11.995836+00:00", "stage": "G_hybrid replica 3 production 40/200", "mode": "G_hybrid", "block_completed": 81946, "block_samples": 250000, "worker_pids_seen": 128, "elapsed_s": 30.59435548214242}
PROGRESS {"utc": "2026-09-22T15:10:42.122553+00:00", "stage": "G_hybrid replica 3 production 40/200", "mode": "G_hybrid", "block_completed": 161306, "block_samples": 250000, "worker_pids_seen": 128, "elapsed_s": 60.721078981179744}
PROGRESS {"utc": "2026-09-22T15:11:12.141547+00:00", "stage": "G_hybrid replica 3 production 40/200", "mode": "G_hybrid", "block_completed": 246042, "block_samples": 250000, "worker_pids_seen": 128, "elapsed_s": 90.74006084701978}
S2000_PRODUCTION_FINISHED G_hybrid replica 3 production 40/200 {"n": 39750000, "matched_pb": 0.2461403501419982, "matched_error_pb": 0.00750082808452237, "relative_error": 0.030473784896280304, "hard_error_pb": 0.007380090906639137, "cpu_ms_per_sample": 20.602229537693383, "max_weight_second_moment_fraction": 0.03946374179486429}
PROGRESS {"utc": "2026-09-22T15:11:46.192055+00:00", "stage": "G_hybrid replica 4 production 40/200", "mode": "G_hybrid", "block_completed": 87814, "block_samples": 250000, "worker_pids_seen": 128, "elapsed_s": 30.62631742004305}
PROGRESS {"utc": "2026-09-22T15:12:16.294240+00:00", "stage": "G_hybrid replica 4 production 40/200", "mode": "G_hybrid", "block_completed": 171782, "block_samples": 250000, "worker_pids_seen": 128, "elapsed_s": 60.728505562990904}
S2000_PRODUCTION_FINISHED G_hybrid replica 4 production 40/200 {"n": 40000000, "matched_pb": 0.24640876287094837, "matched_error_pb": 0.007475377130726361, "relative_error": 0.030337302308690375, "hard_error_pb": 0.0073542221263220514, "cpu_ms_per_sample": 20.59005625283732, "max_weight_second_moment_fraction": 0.039246641649279414}
S2000_PEAK_REPLAYS production_40000000 new 1 total 67 issues 0
PROGRESS {"utc": "2026-09-22T15:13:18.967609+00:00", "stage": "G_hybrid replica 1 production 41/200", "mode": "G_hybrid", "block_completed": 78617, "block_samples": 250000, "worker_pids_seen": 128, "elapsed_s": 30.97562897694297}
PROGRESS {"utc": "2026-09-22T15:13:48.977105+00:00", "stage": "G_hybrid replica 1 production 41/200", "mode": "G_hybrid", "block_completed": 156185, "block_samples": 250000, "worker_pids_seen": 128, "elapsed_s": 60.98512794310227}
PROGRESS {"utc": "2026-09-22T15:14:19.097183+00:00", "stage": "G_hybrid replica 1 production 41/200", "mode": "G_hybrid", "block_completed": 237968, "block_samples": 250000, "worker_pids_seen": 128, "elapsed_s": 91.10520874103531}
S2000_PRODUCTION_FINISHED G_hybrid replica 1 production 41/200 {"n": 40250000, "matched_pb": 0.24688426096070487, "matched_error_pb": 0.00745110693046106, "relative_error": 0.03018056680270521, "hard_error_pb": 0.007329550758802547, "cpu_ms_per_sample": 20.588007241591157, "max_weight_second_moment_fraction": 0.03902200127839888}
PROGRESS {"utc": "2026-09-22T15:14:55.630499+00:00", "stage": "G_hybrid replica 2 production 41/200", "mode": "G_hybrid", "block_completed": 85097, "block_samples": 250000, "worker_pids_seen": 128, "elapsed_s": 30.876226590946317}
PROGRESS {"utc": "2026-09-22T15:15:25.677872+00:00", "stage": "G_hybrid replica 2 production 41/200", "mode": "G_hybrid", "block_completed": 169321, "block_samples": 250000, "worker_pids_seen": 128, "elapsed_s": 60.92360996385105}
S2000_PRODUCTION_FINISHED G_hybrid replica 2 production 41/200 {"n": 40500000, "matched_pb": 0.24790161004546207, "matched_error_pb": 0.0074272733685451136, "relative_error": 0.029960569304826396, "hard_error_pb": 0.007305320631416367, "cpu_ms_per_sample": 20.577138260462345, "max_weight_second_moment_fraction": 0.03879783918947042}
PROGRESS {"utc": "2026-09-22T15:16:24.906188+00:00", "stage": "G_hybrid replica 3 production 41/200", "mode": "G_hybrid", "block_completed": 79602, "block_samples": 250000, "worker_pids_seen": 128, "elapsed_s": 30.901905230013654}
PROGRESS {"utc": "2026-09-22T15:16:55.165293+00:00", "stage": "G_hybrid replica 3 production 41/200", "mode": "G_hybrid", "block_completed": 160242, "block_samples": 250000, "worker_pids_seen": 128, "elapsed_s": 61.16101826587692}
PROGRESS {"utc": "2026-09-22T15:17:25.174834+00:00", "stage": "G_hybrid replica 3 production 41/200", "mode": "G_hybrid", "block_completed": 247696, "block_samples": 250000, "worker_pids_seen": 128, "elapsed_s": 91.17055525281467}
S2000_PRODUCTION_FINISHED G_hybrid replica 3 production 41/200 {"n": 40750000, "matched_pb": 0.2480870882970832, "matched_error_pb": 0.007403236419072321, "relative_error": 0.02984128061597054, "hard_error_pb": 0.007280881080842958, "cpu_ms_per_sample": 20.57383463904741, "max_weight_second_moment_fraction": 0.03858096265906709}
PROGRESS {"utc": "2026-09-22T15:17:58.421959+00:00", "stage": "G_hybrid replica 4 production 41/200", "mode": "G_hybrid", "block_completed": 99613, "block_samples": 250000, "worker_pids_seen": 128, "elapsed_s": 30.59727243008092}
PROGRESS {"utc": "2026-09-22T15:18:28.526276+00:00", "stage": "G_hybrid replica 4 production 41/200", "mode": "G_hybrid", "block_completed": 185373, "block_samples": 250000, "worker_pids_seen": 128, "elapsed_s": 60.701584718888626}
S2000_PRODUCTION_FINISHED G_hybrid replica 4 production 41/200 {"n": 41000000, "matched_pb": 0.24797370780264322, "matched_error_pb": 0.007379532453909675, "relative_error": 0.02975933424273706, "hard_error_pb": 0.007256777458004641, "cpu_ms_per_sample": 20.560622145678998, "max_weight_second_moment_fraction": 0.03836549547984445}
PROGRESS {"utc": "2026-09-22T15:19:19.263399+00:00", "stage": "G_hybrid replica 1 production 42/200", "mode": "G_hybrid", "block_completed": 80768, "block_samples": 250000, "worker_pids_seen": 128, "elapsed_s": 30.64773377496749}
PROGRESS {"utc": "2026-09-22T15:19:49.264416+00:00", "stage": "G_hybrid replica 1 production 42/200", "mode": "G_hybrid", "block_completed": 165760, "block_samples": 250000, "worker_pids_seen": 128, "elapsed_s": 60.64874607603997}
PROGRESS {"utc": "2026-09-22T15:20:19.387444+00:00", "stage": "G_hybrid replica 1 production 42/200", "mode": "G_hybrid", "block_completed": 250000, "block_samples": 250000, "worker_pids_seen": 128, "elapsed_s": 90.77177630388178}
S2000_PRODUCTION_FINISHED G_hybrid replica 1 production 42/200 {"n": 41250000, "matched_pb": 0.2484141956855348, "matched_error_pb": 0.007355906367444122, "relative_error": 0.02961145737724222, "hard_error_pb": 0.0072327503982443034, "cpu_ms_per_sample": 20.553439365781042, "max_weight_second_moment_fraction": 0.03815410932178579}
PROGRESS {"utc": "2026-09-22T15:20:50.246983+00:00", "stage": "G_hybrid replica 2 production 42/200", "mode": "G_hybrid", "block_completed": 88779, "block_samples": 250000, "worker_pids_seen": 128, "elapsed_s": 30.707132399082184}
PROGRESS {"utc": "2026-09-22T15:21:20.316022+00:00", "stage": "G_hybrid replica 2 production 42/200", "mode": "G_hybrid", "block_completed": 173515, "block_samples": 250000, "worker_pids_seen": 128, "elapsed_s": 60.77615508902818}
S2000_PRODUCTION_FINISHED G_hybrid replica 2 production 42/200 {"n": 41500000, "matched_pb": 0.24857410421653708, "matched_error_pb": 0.00733420492565355, "relative_error": 0.029505104519111938, "hard_error_pb": 0.007210678312626278, "cpu_ms_per_sample": 20.539197378045706, "max_weight_second_moment_fraction": 0.03792693660637107}
PROGRESS {"utc": "2026-09-22T15:22:16.376436+00:00", "stage": "G_hybrid replica 3 production 42/200", "mode": "G_hybrid", "block_completed": 84930, "block_samples": 250000, "worker_pids_seen": 128, "elapsed_s": 30.59895127499476}
PROGRESS {"utc": "2026-09-22T15:22:46.398802+00:00", "stage": "G_hybrid replica 3 production 42/200", "mode": "G_hybrid", "block_completed": 166594, "block_samples": 250000, "worker_pids_seen": 128, "elapsed_s": 60.621317721903324}
PROGRESS {"utc": "2026-09-22T15:23:16.529668+00:00", "stage": "G_hybrid replica 3 production 42/200", "mode": "G_hybrid", "block_completed": 229570, "block_samples": 250000, "worker_pids_seen": 128, "elapsed_s": 90.75217789201997}
S2000_PRODUCTION_FINISHED G_hybrid replica 3 production 42/200 {"n": 41750000, "matched_pb": 0.2490414620115281, "matched_error_pb": 0.007310595110836814, "relative_error": 0.02935493171212755, "hard_error_pb": 0.0071866626963625665, "cpu_ms_per_sample": 20.542926005688717, "max_weight_second_moment_fraction": 0.03772495805147292}
PROGRESS {"utc": "2026-09-22T15:23:53.802224+00:00", "stage": "G_hybrid replica 4 production 42/200", "mode": "G_hybrid", "block_completed": 90966, "block_samples": 250000, "worker_pids_seen": 128, "elapsed_s": 30.658818159950897}
PROGRESS {"utc": "2026-09-22T15:24:23.841417+00:00", "stage": "G_hybrid replica 4 production 42/200", "mode": "G_hybrid", "block_completed": 175446, "block_samples": 250000, "worker_pids_seen": 128, "elapsed_s": 60.6980151378084}
S2000_PRODUCTION_FINISHED G_hybrid replica 4 production 42/200 {"n": 42000000, "matched_pb": 0.24857428860293607, "matched_error_pb": 0.0072884422251855785, "relative_error": 0.02932098193320341, "hard_error_pb": 0.0071641265976088294, "cpu_ms_per_sample": 20.529688436341235, "max_weight_second_moment_fraction": 0.03751207559488461}
PROGRESS {"utc": "2026-09-22T15:25:17.877732+00:00", "stage": "G_hybrid replica 1 production 43/200", "mode": "G_hybrid", "block_completed": 83990, "block_samples": 250000, "worker_pids_seen": 128, "elapsed_s": 30.742482346948236}
PROGRESS {"utc": "2026-09-22T15:25:47.973218+00:00", "stage": "G_hybrid replica 1 production 43/200", "mode": "G_hybrid", "block_completed": 164374, "block_samples": 250000, "worker_pids_seen": 128, "elapsed_s": 60.83796875900589}
S2000_PRODUCTION_FINISHED G_hybrid replica 1 production 43/200 {"n": 42250000, "matched_pb": 0.24873676701475012, "matched_error_pb": 0.007265737676360981, "relative_error": 0.029210549624656502, "hard_error_pb": 0.007141026804206074, "cpu_ms_per_sample": 20.526279239814933, "max_weight_second_moment_fraction": 0.037309672433079984}
PROGRESS {"utc": "2026-09-22T15:26:48.301074+00:00", "stage": "G_hybrid replica 2 production 43/200", "mode": "G_hybrid", "block_completed": 89185, "block_samples": 250000, "worker_pids_seen": 128, "elapsed_s": 30.7526277389843}
PROGRESS {"utc": "2026-09-22T15:27:18.328693+00:00", "stage": "G_hybrid replica 2 production 43/200", "mode": "G_hybrid", "block_completed": 176481, "block_samples": 250000, "worker_pids_seen": 128, "elapsed_s": 60.78025337099098}
S2000_PRODUCTION_FINISHED G_hybrid replica 2 production 43/200 {"n": 42500000, "matched_pb": 0.2483865992044751, "matched_error_pb": 0.007243487246078642, "relative_error": 0.02916214992788604, "hard_error_pb": 0.007118386567249779, "cpu_ms_per_sample": 20.515197443845622, "max_weight_second_moment_fraction": 0.037106939310815476}
PROGRESS {"utc": "2026-09-22T15:28:13.344585+00:00", "stage": "G_hybrid replica 3 production 43/200", "mode": "G_hybrid", "block_completed": 87187, "block_samples": 250000, "worker_pids_seen": 128, "elapsed_s": 30.719230165937915}
PROGRESS {"utc": "2026-09-22T15:28:43.399707+00:00", "stage": "G_hybrid replica 3 production 43/200", "mode": "G_hybrid", "block_completed": 166035, "block_samples": 250000, "worker_pids_seen": 128, "elapsed_s": 60.77435980294831}
PROGRESS {"utc": "2026-09-22T15:29:13.423255+00:00", "stage": "G_hybrid replica 3 production 43/200", "mode": "G_hybrid", "block_completed": 250000, "block_samples": 250000, "worker_pids_seen": 128, "elapsed_s": 90.79792382288724}
S2000_PRODUCTION_FINISHED G_hybrid replica 3 production 43/200 {"n": 42750000, "matched_pb": 0.2490440097344671, "matched_error_pb": 0.007224524676555468, "relative_error": 0.029009028100127038, "hard_error_pb": 0.007099089845808196, "cpu_ms_per_sample": 20.513391015475577, "max_weight_second_moment_fraction": 0.036873863746593474}
PROGRESS {"utc": "2026-09-22T15:29:44.446023+00:00", "stage": "G_hybrid replica 4 production 43/200", "mode": "G_hybrid", "block_completed": 86962, "block_samples": 250000, "worker_pids_seen": 128, "elapsed_s": 30.805391940986738}
PROGRESS {"utc": "2026-09-22T15:30:14.666022+00:00", "stage": "G_hybrid replica 4 production 43/200", "mode": "G_hybrid", "block_completed": 172466, "block_samples": 250000, "worker_pids_seen": 128, "elapsed_s": 61.02538512600586}
S2000_PRODUCTION_FINISHED G_hybrid replica 4 production 43/200 {"n": 43000000, "matched_pb": 0.24917490381223895, "matched_error_pb": 0.0072048218639091674, "relative_error": 0.028914717147190013, "hard_error_pb": 0.007079037923853899, "cpu_ms_per_sample": 20.501202033880375, "max_weight_second_moment_fraction": 0.03665311270906311}
PROGRESS {"utc": "2026-09-22T15:31:10.238335+00:00", "stage": "G_hybrid replica 1 production 44/200", "mode": "G_hybrid", "block_completed": 87462, "block_samples": 250000, "worker_pids_seen": 128, "elapsed_s": 30.93151227082126}
PROGRESS {"utc": "2026-09-22T15:31:40.686054+00:00", "stage": "G_hybrid replica 1 production 44/200", "mode": "G_hybrid", "block_completed": 167334, "block_samples": 250000, "worker_pids_seen": 128, "elapsed_s": 61.379230598919094}
S2000_PRODUCTION_FINISHED G_hybrid replica 1 production 44/200 {"n": 43250000, "matched_pb": 0.24819740825742082, "matched_error_pb": 0.007182646115957671, "relative_error": 0.028939247054941473, "hard_error_pb": 0.0070564668966686134, "cpu_ms_per_sample": 20.495252125569248, "max_weight_second_moment_fraction": 0.03646273708252256}
PROGRESS {"utc": "2026-09-22T15:32:40.455510+00:00", "stage": "G_hybrid replica 2 production 44/200", "mode": "G_hybrid", "block_completed": 137343, "block_samples": 250000, "worker_pids_seen": 128, "elapsed_s": 30.599193854955956}
S2000_PRODUCTION_FINISHED G_hybrid replica 2 production 44/200 {"n": 43500000, "matched_pb": 0.24858390203454045, "matched_error_pb": 0.007161363745474788, "relative_error": 0.02880863839879593, "hard_error_pb": 0.0070348028068808605, "cpu_ms_per_sample": 20.518230409326943, "max_weight_second_moment_fraction": 0.03626717931561343}
PROGRESS {"utc": "2026-09-22T15:33:38.150141+00:00", "stage": "G_hybrid replica 3 production 44/200", "mode": "G_hybrid", "block_completed": 126016, "block_samples": 250000, "worker_pids_seen": 128, "elapsed_s": 30.59936712612398}
PROGRESS {"utc": "2026-09-22T15:34:08.158413+00:00", "stage": "G_hybrid replica 3 production 44/200", "mode": "G_hybrid", "block_completed": 219968, "block_samples": 250000, "worker_pids_seen": 128, "elapsed_s": 60.60764800896868}
S2000_PRODUCTION_FINISHED G_hybrid replica 3 production 44/200 {"n": 43750000, "matched_pb": 0.2493825847360931, "matched_error_pb": 0.007142003879489245, "relative_error": 0.02863874350747951, "hard_error_pb": 0.007015093673739331, "cpu_ms_per_sample": 20.53516259063157, "max_weight_second_moment_fraction": 0.036055638933523176}
PROGRESS {"utc": "2026-09-22T15:34:50.197586+00:00", "stage": "G_hybrid replica 4 production 44/200", "mode": "G_hybrid", "block_completed": 95868, "block_samples": 250000, "worker_pids_seen": 128, "elapsed_s": 30.68227627198212}
PROGRESS {"utc": "2026-09-22T15:35:20.201194+00:00", "stage": "G_hybrid replica 4 production 44/200", "mode": "G_hybrid", "block_completed": 190588, "block_samples": 250000, "worker_pids_seen": 128, "elapsed_s": 60.68588622007519}
S2000_PRODUCTION_FINISHED G_hybrid replica 4 production 44/200 {"n": 44000000, "matched_pb": 0.2495493276506882, "matched_error_pb": 0.007121056809823106, "relative_error": 0.02853566818577428, "hard_error_pb": 0.006993766504926096, "cpu_ms_per_sample": 20.524606310582364, "max_weight_second_moment_fraction": 0.035864820615708615}
PROGRESS {"utc": "2026-09-22T15:36:09.928025+00:00", "stage": "G_hybrid replica 1 production 45/200", "mode": "G_hybrid", "block_completed": 85676, "block_samples": 250000, "worker_pids_seen": 128, "elapsed_s": 30.648243067087606}
PROGRESS {"utc": "2026-09-22T15:36:39.933860+00:00", "stage": "G_hybrid replica 1 production 45/200", "mode": "G_hybrid", "block_completed": 168108, "block_samples": 250000, "worker_pids_seen": 128, "elapsed_s": 60.65408149198629}
S2000_PRODUCTION_FINISHED G_hybrid replica 1 production 45/200 {"n": 44250000, "matched_pb": 0.2493421891442813, "matched_error_pb": 0.007099858465040051, "relative_error": 0.02847435682427467, "hard_error_pb": 0.006972181155155036, "cpu_ms_per_sample": 20.520688928421084, "max_weight_second_moment_fraction": 0.03568061724191633}
PROGRESS {"utc": "2026-09-22T15:37:38.464184+00:00", "stage": "G_hybrid replica 2 production 45/200", "mode": "G_hybrid", "block_completed": 92046, "block_samples": 250000, "worker_pids_seen": 128, "elapsed_s": 30.6705759849865}
PROGRESS {"utc": "2026-09-22T15:38:08.561013+00:00", "stage": "G_hybrid replica 2 production 45/200", "mode": "G_hybrid", "block_completed": 178830, "block_samples": 250000, "worker_pids_seen": 128, "elapsed_s": 60.76740930089727}
S2000_PRODUCTION_FINISHED G_hybrid replica 2 production 45/200 {"n": 44500000, "matched_pb": 0.249465871819663, "matched_error_pb": 0.007079267371292335, "relative_error": 0.02837769879965739, "hard_error_pb": 0.006951211862038334, "cpu_ms_per_sample": 20.510219404482427, "max_weight_second_moment_fraction": 0.035494018333804465}
PROGRESS {"utc": "2026-09-22T15:39:01.735374+00:00", "stage": "G_hybrid replica 3 production 45/200", "mode": "G_hybrid", "block_completed": 85991, "block_samples": 250000, "worker_pids_seen": 128, "elapsed_s": 30.65341364312917}
PROGRESS {"utc": "2026-09-22T15:39:31.796095+00:00", "stage": "G_hybrid replica 3 production 45/200", "mode": "G_hybrid", "block_completed": 164839, "block_samples": 250000, "worker_pids_seen": 128, "elapsed_s": 60.71413019695319}
S2000_PRODUCTION_FINISHED G_hybrid replica 3 production 45/200 {"n": 44750000, "matched_pb": 0.24961492193747825, "matched_error_pb": 0.007058287988399121, "relative_error": 0.02827670691164461, "hard_error_pb": 0.006929844815281036, "cpu_ms_per_sample": 20.507722314748158, "max_weight_second_moment_fraction": 0.035315320470984075}
PROGRESS {"utc": "2026-09-22T15:40:32.563375+00:00", "stage": "G_hybrid replica 4 production 45/200", "mode": "G_hybrid", "block_completed": 142066, "block_samples": 250000, "worker_pids_seen": 128, "elapsed_s": 30.82652365602553}
S2000_PRODUCTION_FINISHED G_hybrid replica 4 production 45/200 {"n": 45000000, "matched_pb": 0.25050768509697385, "matched_error_pb": 0.0070372188852808465, "relative_error": 0.02809182833076228, "hard_error_pb": 0.00690838399888509, "cpu_ms_per_sample": 20.524761971931667, "max_weight_second_moment_fraction": 0.03514134571535241}
PROGRESS {"utc": "2026-09-22T15:41:30.659446+00:00", "stage": "G_hybrid replica 1 production 46/200", "mode": "G_hybrid", "block_completed": 101794, "block_samples": 250000, "worker_pids_seen": 128, "elapsed_s": 31.078245253069326}
PROGRESS {"utc": "2026-09-22T15:42:00.664279+00:00", "stage": "G_hybrid replica 1 production 46/200", "mode": "G_hybrid", "block_completed": 199586, "block_samples": 250000, "worker_pids_seen": 128, "elapsed_s": 61.08307071495801}
S2000_PRODUCTION_FINISHED G_hybrid replica 1 production 46/200 {"n": 45250000, "matched_pb": 0.2508469424722253, "matched_error_pb": 0.007016694627356998, "relative_error": 0.027972015756715526, "hard_error_pb": 0.006887475831556777, "cpu_ms_per_sample": 20.52047166406661, "max_weight_second_moment_fraction": 0.034965443904809004}
PROGRESS {"utc": "2026-09-22T15:42:47.627573+00:00", "stage": "G_hybrid replica 2 production 46/200", "mode": "G_hybrid", "block_completed": 105466, "block_samples": 250000, "worker_pids_seen": 128, "elapsed_s": 30.800261166878045}
PROGRESS {"utc": "2026-09-22T15:43:17.744126+00:00", "stage": "G_hybrid replica 2 production 46/200", "mode": "G_hybrid", "block_completed": 198394, "block_samples": 250000, "worker_pids_seen": 128, "elapsed_s": 60.91679809289053}
S2000_PRODUCTION_FINISHED G_hybrid replica 2 production 46/200 {"n": 45500000, "matched_pb": 0.2508273258465774, "matched_error_pb": 0.007002680913754074, "relative_error": 0.027918333419690394, "hard_error_pb": 0.00687319865976197, "cpu_ms_per_sample": 20.51493717937774, "max_weight_second_moment_fraction": 0.03472608547125933}
PROGRESS {"utc": "2026-09-22T15:44:04.388322+00:00", "stage": "G_hybrid replica 3 production 46/200", "mode": "G_hybrid", "block_completed": 92593, "block_samples": 250000, "worker_pids_seen": 128, "elapsed_s": 30.673564895056188}
PROGRESS {"utc": "2026-09-22T15:44:34.391264+00:00", "stage": "G_hybrid replica 3 production 46/200", "mode": "G_hybrid", "block_completed": 177073, "block_samples": 250000, "worker_pids_seen": 128, "elapsed_s": 60.676498390967026}
S2000_PRODUCTION_FINISHED G_hybrid replica 3 production 46/200 {"n": 45750000, "matched_pb": 0.2512163029966762, "matched_error_pb": 0.006981988123269995, "relative_error": 0.027792734945877987, "hard_error_pb": 0.00685211485529697, "cpu_ms_per_sample": 20.513856127220084, "max_weight_second_moment_fraction": 0.03455930412622225}
PROGRESS {"utc": "2026-09-22T15:45:28.027441+00:00", "stage": "G_hybrid replica 4 production 46/200", "mode": "G_hybrid", "block_completed": 95416, "block_samples": 250000, "worker_pids_seen": 128, "elapsed_s": 30.613202907843515}
PROGRESS {"utc": "2026-09-22T15:45:58.143605+00:00", "stage": "G_hybrid replica 4 production 46/200", "mode": "G_hybrid", "block_completed": 188088, "block_samples": 250000, "worker_pids_seen": 128, "elapsed_s": 60.72936106380075}
S2000_PRODUCTION_FINISHED G_hybrid replica 4 production 46/200 {"n": 46000000, "matched_pb": 0.25190592422180413, "matched_error_pb": 0.006961708400272301, "relative_error": 0.02763614401597991, "hard_error_pb": 0.006831449603643437, "cpu_ms_per_sample": 20.505341748166757, "max_weight_second_moment_fraction": 0.03439181785353335}
PROGRESS {"utc": "2026-09-22T15:46:47.595535+00:00", "stage": "G_hybrid replica 1 production 47/200", "mode": "G_hybrid", "block_completed": 90299, "block_samples": 250000, "worker_pids_seen": 128, "elapsed_s": 30.669348891824484}
PROGRESS {"utc": "2026-09-22T15:47:17.639500+00:00", "stage": "G_hybrid replica 1 production 47/200", "mode": "G_hybrid", "block_completed": 177595, "block_samples": 250000, "worker_pids_seen": 128, "elapsed_s": 60.71331711485982}
S2000_PRODUCTION_FINISHED G_hybrid replica 1 production 47/200 {"n": 46250000, "matched_pb": 0.2523748836046747, "matched_error_pb": 0.006942219556892918, "relative_error": 0.02750756912786677, "hard_error_pb": 0.00681158808302474, "cpu_ms_per_sample": 20.50114536889072, "max_weight_second_moment_fraction": 0.03421971266961319}
PROGRESS {"utc": "2026-09-22T15:48:13.236453+00:00", "stage": "G_hybrid replica 2 production 47/200", "mode": "G_hybrid", "block_completed": 89196, "block_samples": 250000, "worker_pids_seen": 128, "elapsed_s": 30.626032308209687}
PROGRESS {"utc": "2026-09-22T15:48:43.470158+00:00", "stage": "G_hybrid replica 2 production 47/200", "mode": "G_hybrid", "block_completed": 178028, "block_samples": 250000, "worker_pids_seen": 128, "elapsed_s": 60.85973219620064}
S2000_PRODUCTION_FINISHED G_hybrid replica 2 production 47/200 {"n": 46500000, "matched_pb": 0.2528306918641911, "matched_error_pb": 0.006923026140311113, "relative_error": 0.02738206382012292, "hard_error_pb": 0.006792025528230083, "cpu_ms_per_sample": 20.491014841691225, "max_weight_second_moment_fraction": 0.034048039860665506}
PROGRESS {"utc": "2026-09-22T15:49:37.275354+00:00", "stage": "G_hybrid replica 3 production 47/200", "mode": "G_hybrid", "block_completed": 81745, "block_samples": 250000, "worker_pids_seen": 128, "elapsed_s": 30.555326425936073}
PROGRESS {"utc": "2026-09-22T15:50:07.290343+00:00", "stage": "G_hybrid replica 3 production 47/200", "mode": "G_hybrid", "block_completed": 159057, "block_samples": 250000, "worker_pids_seen": 128, "elapsed_s": 60.57031667698175}
PROGRESS {"utc": "2026-09-22T15:50:37.551972+00:00", "stage": "G_hybrid replica 3 production 47/200", "mode": "G_hybrid", "block_completed": 248208, "block_samples": 250000, "worker_pids_seen": 128, "elapsed_s": 90.83194936485961}
S2000_PRODUCTION_FINISHED G_hybrid replica 3 production 47/200 {"n": 46750000, "matched_pb": 0.2534444644748716, "matched_error_pb": 0.006906636932779512, "relative_error": 0.02725108613869248, "hard_error_pb": 0.006775319443238979, "cpu_ms_per_sample": 20.48836447545557, "max_weight_second_moment_fraction": 0.033851190604661095}
PROGRESS {"utc": "2026-09-22T15:51:10.437238+00:00", "stage": "G_hybrid replica 4 production 47/200", "mode": "G_hybrid", "block_completed": 90641, "block_samples": 250000, "worker_pids_seen": 128, "elapsed_s": 30.564808251103386}
PROGRESS {"utc": "2026-09-22T15:51:40.475276+00:00", "stage": "G_hybrid replica 4 production 47/200", "mode": "G_hybrid", "block_completed": 177425, "block_samples": 250000, "worker_pids_seen": 128, "elapsed_s": 60.60285061597824}
S2000_PRODUCTION_FINISHED G_hybrid replica 4 production 47/200 {"n": 47000000, "matched_pb": 0.2540067224542015, "matched_error_pb": 0.006888189670761146, "relative_error": 0.0271181392531968, "hard_error_pb": 0.006756513655508933, "cpu_ms_per_sample": 20.478785532303938, "max_weight_second_moment_fraction": 0.03367873472822895}
PROGRESS {"utc": "2026-09-22T15:52:34.350708+00:00", "stage": "G_hybrid replica 1 production 48/200", "mode": "G_hybrid", "block_completed": 86670, "block_samples": 250000, "worker_pids_seen": 128, "elapsed_s": 30.62456700904295}
PROGRESS {"utc": "2026-09-22T15:53:04.484475+00:00", "stage": "G_hybrid replica 1 production 48/200", "mode": "G_hybrid", "block_completed": 171150, "block_samples": 250000, "worker_pids_seen": 128, "elapsed_s": 60.75833705510013}
S2000_PRODUCTION_FINISHED G_hybrid replica 1 production 48/200 {"n": 47250000, "matched_pb": 0.253259122203958, "matched_error_pb": 0.006869123392600651, "relative_error": 0.027122906108269288, "hard_error_pb": 0.006737074737560185, "cpu_ms_per_sample": 20.47570823334406, "max_weight_second_moment_fraction": 0.03351585748596525}
PROGRESS {"utc": "2026-09-22T15:54:01.993590+00:00", "stage": "G_hybrid replica 2 production 48/200", "mode": "G_hybrid", "block_completed": 133578, "block_samples": 250000, "worker_pids_seen": 128, "elapsed_s": 30.568836089922115}
S2000_PRODUCTION_FINISHED G_hybrid replica 2 production 48/200 {"n": 47500000, "matched_pb": 0.25380297687898, "matched_error_pb": 0.006850762040878353, "relative_error": 0.02699244163769197, "hard_error_pb": 0.006718352504702167, "cpu_ms_per_sample": 20.49666270675284, "max_weight_second_moment_fraction": 0.033349088164837275}
PROGRESS {"utc": "2026-09-22T15:54:59.661886+00:00", "stage": "G_hybrid replica 3 production 48/200", "mode": "G_hybrid", "block_completed": 126802, "block_samples": 250000, "worker_pids_seen": 128, "elapsed_s": 30.79235115996562}
S2000_PRODUCTION_FINISHED G_hybrid replica 3 production 48/200 {"n": 47750000, "matched_pb": 0.2530593630359089, "matched_error_pb": 0.006832681119349993, "relative_error": 0.027000309482247613, "hard_error_pb": 0.006699914261796193, "cpu_ms_per_sample": 20.527010558722697, "max_weight_second_moment_fraction": 0.03318267631161861}
PROGRESS {"utc": "2026-09-22T15:55:58.571555+00:00", "stage": "G_hybrid replica 4 production 48/200", "mode": "G_hybrid", "block_completed": 110999, "block_samples": 250000, "worker_pids_seen": 128, "elapsed_s": 30.63901953306049}
PROGRESS {"utc": "2026-09-22T15:56:28.599812+00:00", "stage": "G_hybrid replica 4 production 48/200", "mode": "G_hybrid", "block_completed": 209559, "block_samples": 250000, "worker_pids_seen": 128, "elapsed_s": 60.66727280896157}
S2000_PRODUCTION_FINISHED G_hybrid replica 4 production 48/200 {"n": 48000000, "matched_pb": 0.2535742197555107, "matched_error_pb": 0.006814671649782536, "relative_error": 0.02687446561544409, "hard_error_pb": 0.006681546941468569, "cpu_ms_per_sample": 20.515558381975165, "max_weight_second_moment_fraction": 0.03301871691367417}
PROGRESS {"utc": "2026-09-22T15:57:10.770416+00:00", "stage": "G_hybrid replica 1 production 49/200", "mode": "G_hybrid", "block_completed": 128540, "block_samples": 250000, "worker_pids_seen": 128, "elapsed_s": 30.61952273012139}
PROGRESS {"utc": "2026-09-22T15:57:41.036974+00:00", "stage": "G_hybrid replica 1 production 49/200", "mode": "G_hybrid", "block_completed": 249744, "block_samples": 250000, "worker_pids_seen": 128, "elapsed_s": 60.886081404052675}
S2000_PRODUCTION_FINISHED G_hybrid replica 1 production 49/200 {"n": 48250000, "matched_pb": 0.25441515439102813, "matched_error_pb": 0.006811821126094808, "relative_error": 0.02677443150900222, "hard_error_pb": 0.0066786395987962766, "cpu_ms_per_sample": 20.532622132582425, "max_weight_second_moment_fraction": 0.032705912437207184}
PROGRESS {"utc": "2026-09-22T15:58:13.541922+00:00", "stage": "G_hybrid replica 2 production 49/200", "mode": "G_hybrid", "block_completed": 103141, "block_samples": 250000, "worker_pids_seen": 128, "elapsed_s": 30.788161139003932}
PROGRESS {"utc": "2026-09-22T15:58:43.619923+00:00", "stage": "G_hybrid replica 2 production 49/200", "mode": "G_hybrid", "block_completed": 200421, "block_samples": 250000, "worker_pids_seen": 128, "elapsed_s": 60.86615787190385}
S2000_PRODUCTION_FINISHED G_hybrid replica 2 production 49/200 {"n": 48500000, "matched_pb": 0.25471891922134615, "matched_error_pb": 0.006793517559680487, "relative_error": 0.026670643784323857, "hard_error_pb": 0.006659970020231718, "cpu_ms_per_sample": 20.522901839005176, "max_weight_second_moment_fraction": 0.032551344138243}
PROGRESS {"utc": "2026-09-22T15:59:30.247218+00:00", "stage": "G_hybrid replica 3 production 49/200", "mode": "G_hybrid", "block_completed": 89955, "block_samples": 250000, "worker_pids_seen": 128, "elapsed_s": 30.862583392998204}
PROGRESS {"utc": "2026-09-22T16:00:00.473272+00:00", "stage": "G_hybrid replica 3 production 49/200", "mode": "G_hybrid", "block_completed": 175715, "block_samples": 250000, "worker_pids_seen": 128, "elapsed_s": 61.088672270067036}
S2000_PRODUCTION_FINISHED G_hybrid replica 3 production 49/200 {"n": 48750000, "matched_pb": 0.2538769893220006, "matched_error_pb": 0.006774497051457015, "relative_error": 0.026684171218308784, "hard_error_pb": 0.006640567004172004, "cpu_ms_per_sample": 20.518089063619303, "max_weight_second_moment_fraction": 0.032406882845719576}
PROGRESS {"utc": "2026-09-22T16:00:59.405258+00:00", "stage": "G_hybrid replica 4 production 49/200", "mode": "G_hybrid", "block_completed": 90636, "block_samples": 250000, "worker_pids_seen": 128, "elapsed_s": 30.957692851079628}
PROGRESS {"utc": "2026-09-22T16:01:29.410482+00:00", "stage": "G_hybrid replica 4 production 49/200", "mode": "G_hybrid", "block_completed": 178956, "block_samples": 250000, "worker_pids_seen": 128, "elapsed_s": 60.9629215921741}
S2000_PRODUCTION_FINISHED G_hybrid replica 4 production 49/200 {"n": 49000000, "matched_pb": 0.2538940341855131, "matched_error_pb": 0.006755726965796824, "relative_error": 0.026608450992041063, "hard_error_pb": 0.006621417270727809, "cpu_ms_per_sample": 20.506851667480653, "max_weight_second_moment_fraction": 0.03226285072234496}
PROGRESS {"utc": "2026-09-22T16:02:24.076673+00:00", "stage": "G_hybrid replica 1 production 50/200", "mode": "G_hybrid", "block_completed": 88669, "block_samples": 250000, "worker_pids_seen": 128, "elapsed_s": 30.85024633212015}
PROGRESS {"utc": "2026-09-22T16:02:54.136264+00:00", "stage": "G_hybrid replica 1 production 50/200", "mode": "G_hybrid", "block_completed": 171357, "block_samples": 250000, "worker_pids_seen": 128, "elapsed_s": 60.90983768412843}
S2000_PRODUCTION_FINISHED G_hybrid replica 1 production 50/200 {"n": 49250000, "matched_pb": 0.25387570024641387, "matched_error_pb": 0.006737653608973136, "relative_error": 0.026539182767131766, "hard_error_pb": 0.006602976297943744, "cpu_ms_per_sample": 20.500356070090497, "max_weight_second_moment_fraction": 0.03211477279349381}
PROGRESS {"utc": "2026-09-22T16:03:50.786999+00:00", "stage": "G_hybrid replica 2 production 50/200", "mode": "G_hybrid", "block_completed": 132471, "block_samples": 250000, "worker_pids_seen": 128, "elapsed_s": 30.753183715045452}
S2000_PRODUCTION_FINISHED G_hybrid replica 2 production 50/200 {"n": 49500000, "matched_pb": 0.2545282103947646, "matched_error_pb": 0.0067227686983488705, "relative_error": 0.026412666352079738, "hard_error_pb": 0.006587787094935409, "cpu_ms_per_sample": 20.514530450926014, "max_weight_second_moment_fraction": 0.03193797587530214}
PROGRESS {"utc": "2026-09-22T16:04:49.788428+00:00", "stage": "G_hybrid replica 3 production 50/200", "mode": "G_hybrid", "block_completed": 98923, "block_samples": 250000, "worker_pids_seen": 128, "elapsed_s": 30.56412610108964}
PROGRESS {"utc": "2026-09-22T16:05:19.811837+00:00", "stage": "G_hybrid replica 3 production 50/200", "mode": "G_hybrid", "block_completed": 186219, "block_samples": 250000, "worker_pids_seen": 128, "elapsed_s": 60.587541320128366}
S2000_PRODUCTION_FINISHED G_hybrid replica 3 production 50/200 {"n": 49750000, "matched_pb": 0.2549356597521392, "matched_error_pb": 0.006704642010005981, "relative_error": 0.02629934947713693, "hard_error_pb": 0.006569287961342172, "cpu_ms_per_sample": 20.512609350538508, "max_weight_second_moment_fraction": 0.03179612304661246}
PROGRESS {"utc": "2026-09-22T16:06:11.815190+00:00", "stage": "G_hybrid replica 4 production 50/200", "mode": "G_hybrid", "block_completed": 135433, "block_samples": 250000, "worker_pids_seen": 128, "elapsed_s": 30.609367087017745}
S2000_PRODUCTION_FINISHED G_hybrid replica 4 production 50/200 {"n": 50000000, "matched_pb": 0.25472863964125525, "matched_error_pb": 0.00668702160435618, "relative_error": 0.026251549938686853, "hard_error_pb": 0.00655130351715019, "cpu_ms_per_sample": 20.5303290550299, "max_weight_second_moment_fraction": 0.03165202139416039}
S2000_PEAK_REPLAYS production_50000000 new 1 total 68 issues 0
PROGRESS {"utc": "2026-09-22T16:07:10.219414+00:00", "stage": "G_hybrid replica 1 production 51/200", "mode": "G_hybrid", "block_completed": 94804, "block_samples": 250000, "worker_pids_seen": 128, "elapsed_s": 30.90226197708398}
PROGRESS {"utc": "2026-09-22T16:07:40.341034+00:00", "stage": "G_hybrid replica 1 production 51/200", "mode": "G_hybrid", "block_completed": 184916, "block_samples": 250000, "worker_pids_seen": 128, "elapsed_s": 61.023877781117335}
S2000_PRODUCTION_FINISHED G_hybrid replica 1 production 51/200 {"n": 50250000, "matched_pb": 0.25441037832043195, "matched_error_pb": 0.0066693215726793985, "relative_error": 0.026214817244127255, "hard_error_pb": 0.006533235804446749, "cpu_ms_per_sample": 20.52624767688742, "max_weight_second_moment_fraction": 0.031511425284840834}
PROGRESS {"utc": "2026-09-22T16:08:31.772893+00:00", "stage": "G_hybrid replica 2 production 51/200", "mode": "G_hybrid", "block_completed": 96608, "block_samples": 250000, "worker_pids_seen": 128, "elapsed_s": 30.867813793942332}
PROGRESS {"utc": "2026-09-22T16:09:01.818167+00:00", "stage": "G_hybrid replica 2 production 51/200", "mode": "G_hybrid", "block_completed": 190048, "block_samples": 250000, "worker_pids_seen": 128, "elapsed_s": 60.91374606615864}
S2000_PRODUCTION_FINISHED G_hybrid replica 2 production 51/200 {"n": 50500000, "matched_pb": 0.25372081350251396, "matched_error_pb": 0.006652715893209145, "relative_error": 0.026220615492166657, "hard_error_pb": 0.006516283341940841, "cpu_ms_per_sample": 20.51710348414685, "max_weight_second_moment_fraction": 0.03136274543394153}
PROGRESS {"utc": "2026-09-22T16:09:51.320741+00:00", "stage": "G_hybrid replica 3 production 51/200", "mode": "G_hybrid", "block_completed": 88231, "block_samples": 250000, "worker_pids_seen": 128, "elapsed_s": 30.652673250995576}
PROGRESS {"utc": "2026-09-22T16:10:21.326853+00:00", "stage": "G_hybrid replica 3 production 51/200", "mode": "G_hybrid", "block_completed": 170407, "block_samples": 250000, "worker_pids_seen": 128, "elapsed_s": 60.658675404964015}
S2000_PRODUCTION_FINISHED G_hybrid replica 3 production 51/200 {"n": 50750000, "matched_pb": 0.2531392991701524, "matched_error_pb": 0.006635284550502602, "relative_error": 0.02621198909949802, "hard_error_pb": 0.006498486046983302, "cpu_ms_per_sample": 20.51555214070837, "max_weight_second_moment_fraction": 0.031224837396643477}
PROGRESS {"utc": "2026-09-22T16:11:21.067302+00:00", "stage": "G_hybrid replica 4 production 51/200", "mode": "G_hybrid", "block_completed": 96504, "block_samples": 250000, "worker_pids_seen": 128, "elapsed_s": 30.93711317004636}
PROGRESS {"utc": "2026-09-22T16:11:51.176970+00:00", "stage": "G_hybrid replica 4 production 51/200", "mode": "G_hybrid", "block_completed": 194296, "block_samples": 250000, "worker_pids_seen": 128, "elapsed_s": 61.046787647064775}
S2000_PRODUCTION_FINISHED G_hybrid replica 4 production 51/200 {"n": 51000000, "matched_pb": 0.2530362425928264, "matched_error_pb": 0.006617793189004226, "relative_error": 0.026153538802159877, "hard_error_pb": 0.006480625473604293, "cpu_ms_per_sample": 20.503461438460075, "max_weight_second_moment_fraction": 0.031090122564144358}
PROGRESS {"utc": "2026-09-22T16:12:40.572871+00:00", "stage": "G_hybrid replica 1 production 52/200", "mode": "G_hybrid", "block_completed": 133597, "block_samples": 250000, "worker_pids_seen": 128, "elapsed_s": 30.659257896011695}
S2000_PRODUCTION_FINISHED G_hybrid replica 1 production 52/200 {"n": 51250000, "matched_pb": 0.2531810750500681, "matched_error_pb": 0.0066010627086037915, "relative_error": 0.02607249656119989, "hard_error_pb": 0.006463539952658897, "cpu_ms_per_sample": 20.523081658909756, "max_weight_second_moment_fraction": 0.03095052566288997}
PROGRESS {"utc": "2026-09-22T16:13:39.112671+00:00", "stage": "G_hybrid replica 2 production 52/200", "mode": "G_hybrid", "block_completed": 138317, "block_samples": 250000, "worker_pids_seen": 128, "elapsed_s": 30.74887295719236}
S2000_PRODUCTION_FINISHED G_hybrid replica 2 production 52/200 {"n": 51500000, "matched_pb": 0.2532048068100986, "matched_error_pb": 0.006584578755968565, "relative_error": 0.026004951639432904, "hard_error_pb": 0.0064467043696954714, "cpu_ms_per_sample": 20.539123508127766, "max_weight_second_moment_fraction": 0.030811062261780167}
PROGRESS {"utc": "2026-09-22T16:14:34.465115+00:00", "stage": "G_hybrid replica 3 production 52/200", "mode": "G_hybrid", "block_completed": 123387, "block_samples": 250000, "worker_pids_seen": 128, "elapsed_s": 30.76370712998323}
PROGRESS {"utc": "2026-09-22T16:15:04.808632+00:00", "stage": "G_hybrid replica 3 production 52/200", "mode": "G_hybrid", "block_completed": 249232, "block_samples": 250000, "worker_pids_seen": 128, "elapsed_s": 61.1078623959329}
S2000_PRODUCTION_FINISHED G_hybrid replica 3 production 52/200 {"n": 51750000, "matched_pb": 0.2531025677259979, "matched_error_pb": 0.006567910456469799, "relative_error": 0.025949600256841506, "hard_error_pb": 0.006429678654559921, "cpu_ms_per_sample": 20.548341100996424, "max_weight_second_moment_fraction": 0.03067590411736426}
PROGRESS {"utc": "2026-09-22T16:15:36.117083+00:00", "stage": "G_hybrid replica 4 production 52/200", "mode": "G_hybrid", "block_completed": 116782, "block_samples": 250000, "worker_pids_seen": 128, "elapsed_s": 30.773098899051547}
PROGRESS {"utc": "2026-09-22T16:16:06.178405+00:00", "stage": "G_hybrid replica 4 production 52/200", "mode": "G_hybrid", "block_completed": 225936, "block_samples": 250000, "worker_pids_seen": 128, "elapsed_s": 60.83441271609627}
S2000_PRODUCTION_FINISHED G_hybrid replica 4 production 52/200 {"n": 52000000, "matched_pb": 0.25324120864213495, "matched_error_pb": 0.006551737122450458, "relative_error": 0.02587152840400858, "hard_error_pb": 0.0064131567233612465, "cpu_ms_per_sample": 20.536970377908016, "max_weight_second_moment_fraction": 0.030538396789258845}
PROGRESS {"utc": "2026-09-22T16:16:43.155050+00:00", "stage": "G_hybrid replica 1 production 53/200", "mode": "G_hybrid", "block_completed": 131793, "block_samples": 250000, "worker_pids_seen": 128, "elapsed_s": 30.638345225015655}
PROGRESS {"utc": "2026-09-22T16:17:13.920870+00:00", "stage": "G_hybrid replica 1 production 53/200", "mode": "G_hybrid", "block_completed": 250000, "block_samples": 250000, "worker_pids_seen": 128, "elapsed_s": 61.403583894949406}
S2000_PRODUCTION_FINISHED G_hybrid replica 1 production 53/200 {"n": 52250000, "matched_pb": 0.25269938894869304, "matched_error_pb": 0.006535257408391968, "relative_error": 0.025861785561020322, "hard_error_pb": 0.006396319975629757, "cpu_ms_per_sample": 20.549189434875444, "max_weight_second_moment_fraction": 0.030406301166784572}
PROGRESS {"utc": "2026-09-22T16:17:44.869455+00:00", "stage": "G_hybrid replica 2 production 53/200", "mode": "G_hybrid", "block_completed": 107187, "block_samples": 250000, "worker_pids_seen": 128, "elapsed_s": 30.674300913931802}
PROGRESS {"utc": "2026-09-22T16:18:14.891559+00:00", "stage": "G_hybrid replica 2 production 53/200", "mode": "G_hybrid", "block_completed": 216243, "block_samples": 250000, "worker_pids_seen": 128, "elapsed_s": 60.696421306813136}
S2000_PRODUCTION_FINISHED G_hybrid replica 2 production 53/200 {"n": 52500000, "matched_pb": 0.2520689826367564, "matched_error_pb": 0.006520806677705911, "relative_error": 0.025869135541768375, "hard_error_pb": 0.006381554635409161, "cpu_ms_per_sample": 20.539051792753902, "max_weight_second_moment_fraction": 0.030256930877451408}
PROGRESS {"utc": "2026-09-22T16:18:56.227235+00:00", "stage": "G_hybrid replica 3 production 53/200", "mode": "G_hybrid", "block_completed": 94647, "block_samples": 250000, "worker_pids_seen": 128, "elapsed_s": 30.682781119132414}
PROGRESS {"utc": "2026-09-22T16:19:26.228916+00:00", "stage": "G_hybrid replica 3 production 53/200", "mode": "G_hybrid", "block_completed": 186551, "block_samples": 250000, "worker_pids_seen": 128, "elapsed_s": 60.68446665699594}
S2000_PRODUCTION_FINISHED G_hybrid replica 3 production 53/200 {"n": 52750000, "matched_pb": 0.2517788489970241, "matched_error_pb": 0.006505158090838108, "relative_error": 0.025836793347621494, "hard_error_pb": 0.006365563731791133, "cpu_ms_per_sample": 20.53643690814138, "max_weight_second_moment_fraction": 0.0301215800484073}
PROGRESS {"utc": "2026-09-22T16:20:18.572973+00:00", "stage": "G_hybrid replica 4 production 53/200", "mode": "G_hybrid", "block_completed": 96283, "block_samples": 250000, "worker_pids_seen": 128, "elapsed_s": 30.798666863003746}
PROGRESS {"utc": "2026-09-22T16:20:48.724167+00:00", "stage": "G_hybrid replica 4 production 53/200", "mode": "G_hybrid", "block_completed": 190747, "block_samples": 250000, "worker_pids_seen": 128, "elapsed_s": 60.94986318796873}
S2000_PRODUCTION_FINISHED G_hybrid replica 4 production 53/200 {"n": 53000000, "matched_pb": 0.2518312636623347, "matched_error_pb": 0.006490094796368088, "relative_error": 0.025771600801202596, "hard_error_pb": 0.0063501693129035764, "cpu_ms_per_sample": 20.528067356786316, "max_weight_second_moment_fraction": 0.02998293021673546}
PROGRESS {"utc": "2026-09-22T16:21:37.431443+00:00", "stage": "G_hybrid replica 1 production 54/200", "mode": "G_hybrid", "block_completed": 89522, "block_samples": 250000, "worker_pids_seen": 128, "elapsed_s": 30.687293036840856}
PROGRESS {"utc": "2026-09-22T16:22:07.854117+00:00", "stage": "G_hybrid replica 1 production 54/200", "mode": "G_hybrid", "block_completed": 182194, "block_samples": 250000, "worker_pids_seen": 128, "elapsed_s": 61.109970272984356}
S2000_PRODUCTION_FINISHED G_hybrid replica 1 production 54/200 {"n": 53250000, "matched_pb": 0.25252855407791314, "matched_error_pb": 0.006475240861662379, "relative_error": 0.025641618569853135, "hard_error_pb": 0.006334987297007019, "cpu_ms_per_sample": 20.522596696449053, "max_weight_second_moment_fraction": 0.029844602148907738}
PROGRESS {"utc": "2026-09-22T16:23:02.433679+00:00", "stage": "G_hybrid replica 2 production 54/200", "mode": "G_hybrid", "block_completed": 96031, "block_samples": 250000, "worker_pids_seen": 128, "elapsed_s": 30.69099235208705}
PROGRESS {"utc": "2026-09-22T16:23:32.443635+00:00", "stage": "G_hybrid replica 2 production 54/200", "mode": "G_hybrid", "block_completed": 188703, "block_samples": 250000, "worker_pids_seen": 128, "elapsed_s": 60.700952243991196}
S2000_PRODUCTION_FINISHED G_hybrid replica 2 production 54/200 {"n": 53500000, "matched_pb": 0.2526138752091586, "matched_error_pb": 0.006459896643341303, "relative_error": 0.025572216245020797, "hard_error_pb": 0.006319302531082871, "cpu_ms_per_sample": 20.51311327830822, "max_weight_second_moment_fraction": 0.029713284507747566}
PROGRESS {"utc": "2026-09-22T16:24:23.945413+00:00", "stage": "G_hybrid replica 3 production 54/200", "mode": "G_hybrid", "block_completed": 85510, "block_samples": 250000, "worker_pids_seen": 128, "elapsed_s": 30.901784635847434}
PROGRESS {"utc": "2026-09-22T16:24:53.983579+00:00", "stage": "G_hybrid replica 3 production 54/200", "mode": "G_hybrid", "block_completed": 170246, "block_samples": 250000, "worker_pids_seen": 128, "elapsed_s": 60.939954480854794}
S2000_PRODUCTION_FINISHED G_hybrid replica 3 production 54/200 {"n": 53750000, "matched_pb": 0.25252454925052487, "matched_error_pb": 0.006444423407434857, "relative_error": 0.02551998776578932, "hard_error_pb": 0.006303484186621907, "cpu_ms_per_sample": 20.51216000850236, "max_weight_second_moment_fraction": 0.029585453300496712}
PROGRESS {"utc": "2026-09-22T16:25:54.026610+00:00", "stage": "G_hybrid replica 4 production 54/200", "mode": "G_hybrid", "block_completed": 94846, "block_samples": 250000, "worker_pids_seen": 128, "elapsed_s": 30.821516789961606}
PROGRESS {"utc": "2026-09-22T16:26:24.065972+00:00", "stage": "G_hybrid replica 4 production 54/200", "mode": "G_hybrid", "block_completed": 185982, "block_samples": 250000, "worker_pids_seen": 128, "elapsed_s": 60.860875750891864}
S2000_PRODUCTION_FINISHED G_hybrid replica 4 production 54/200 {"n": 54000000, "matched_pb": 0.2525156075619231, "matched_error_pb": 0.006428998538856134, "relative_error": 0.02545980662711941, "hard_error_pb": 0.006287713578822787, "cpu_ms_per_sample": 20.501637770323903, "max_weight_second_moment_fraction": 0.02945937106209371}
PROGRESS {"utc": "2026-09-22T16:27:14.918635+00:00", "stage": "G_hybrid replica 1 production 55/200", "mode": "G_hybrid", "block_completed": 87583, "block_samples": 250000, "worker_pids_seen": 128, "elapsed_s": 30.9894750949461}
PROGRESS {"utc": "2026-09-22T16:27:45.037000+00:00", "stage": "G_hybrid replica 1 production 55/200", "mode": "G_hybrid", "block_completed": 173855, "block_samples": 250000, "worker_pids_seen": 128, "elapsed_s": 61.10783877200447}
S2000_PRODUCTION_FINISHED G_hybrid replica 1 production 55/200 {"n": 54250000, "matched_pb": 0.2527392773364273, "matched_error_pb": 0.006413551031955307, "relative_error": 0.025376154824634067, "hard_error_pb": 0.006271918101840388, "cpu_ms_per_sample": 20.496996782466564, "max_weight_second_moment_fraction": 0.029335687407638433}
PROGRESS {"utc": "2026-09-22T16:28:42.290631+00:00", "stage": "G_hybrid replica 2 production 55/200", "mode": "G_hybrid", "block_completed": 91924, "block_samples": 250000, "worker_pids_seen": 128, "elapsed_s": 30.909745034994557}
PROGRESS {"utc": "2026-09-22T16:29:12.349591+00:00", "stage": "G_hybrid replica 2 production 55/200", "mode": "G_hybrid", "block_completed": 184596, "block_samples": 250000, "worker_pids_seen": 128, "elapsed_s": 60.968704329105094}
S2000_PRODUCTION_FINISHED G_hybrid replica 2 production 55/200 {"n": 54500000, "matched_pb": 0.252354199470021, "matched_error_pb": 0.0064006585423632195, "relative_error": 0.025363788499678207, "hard_error_pb": 0.006258733866576003, "cpu_ms_per_sample": 20.487351096489835, "max_weight_second_moment_fraction": 0.029189757989775793}
PROGRESS {"utc": "2026-09-22T16:30:02.884933+00:00", "stage": "G_hybrid replica 3 production 55/200", "mode": "G_hybrid", "block_completed": 88150, "block_samples": 250000, "worker_pids_seen": 128, "elapsed_s": 30.809846762102097}
PROGRESS {"utc": "2026-09-22T16:30:32.890801+00:00", "stage": "G_hybrid replica 3 production 55/200", "mode": "G_hybrid", "block_completed": 171606, "block_samples": 250000, "worker_pids_seen": 128, "elapsed_s": 60.815590168116614}
S2000_PRODUCTION_FINISHED G_hybrid replica 3 production 55/200 {"n": 54750000, "matched_pb": 0.25241489194620326, "matched_error_pb": 0.00638526265677998, "relative_error": 0.025296695482376137, "hard_error_pb": 0.006242987989157682, "cpu_ms_per_sample": 20.48414914947651, "max_weight_second_moment_fraction": 0.029069878777083245}
PROGRESS {"utc": "2026-09-22T16:31:31.474204+00:00", "stage": "G_hybrid replica 4 production 55/200", "mode": "G_hybrid", "block_completed": 84946, "block_samples": 250000, "worker_pids_seen": 128, "elapsed_s": 30.96969319321215}
PROGRESS {"utc": "2026-09-22T16:32:01.593655+00:00", "stage": "G_hybrid replica 4 production 55/200", "mode": "G_hybrid", "block_completed": 176338, "block_samples": 250000, "worker_pids_seen": 128, "elapsed_s": 61.08894895319827}
S2000_PRODUCTION_FINISHED G_hybrid replica 4 production 55/200 {"n": 55000000, "matched_pb": 0.2532547781308703, "matched_error_pb": 0.006370163102889377, "relative_error": 0.025153180326562576, "hard_error_pb": 0.006227543479905328, "cpu_ms_per_sample": 20.475399398853742, "max_weight_second_moment_fraction": 0.028949272519122604}
PROGRESS {"utc": "2026-09-22T16:32:58.780173+00:00", "stage": "G_hybrid replica 1 production 56/200", "mode": "G_hybrid", "block_completed": 87039, "block_samples": 250000, "worker_pids_seen": 128, "elapsed_s": 30.98299719695933}
PROGRESS {"utc": "2026-09-22T16:33:28.869067+00:00", "stage": "G_hybrid replica 1 production 56/200", "mode": "G_hybrid", "block_completed": 169471, "block_samples": 250000, "worker_pids_seen": 128, "elapsed_s": 61.07188830897212}
S2000_PRODUCTION_FINISHED G_hybrid replica 1 production 56/200 {"n": 55250000, "matched_pb": 0.25310190876801275, "matched_error_pb": 0.006355627573334289, "relative_error": 0.025110942877794366, "hard_error_pb": 0.006212674278249686, "cpu_ms_per_sample": 20.470516907365464, "max_weight_second_moment_fraction": 0.02882536466593431}
PROGRESS {"utc": "2026-09-22T16:34:28.420801+00:00", "stage": "G_hybrid replica 2 production 56/200", "mode": "G_hybrid", "block_completed": 86790, "block_samples": 250000, "worker_pids_seen": 128, "elapsed_s": 30.809507962083444}
PROGRESS {"utc": "2026-09-22T16:34:58.584676+00:00", "stage": "G_hybrid replica 2 production 56/200", "mode": "G_hybrid", "block_completed": 171014, "block_samples": 250000, "worker_pids_seen": 128, "elapsed_s": 60.973522131098434}
S2000_PRODUCTION_FINISHED G_hybrid replica 2 production 56/200 {"n": 55500000, "matched_pb": 0.25354741144181475, "matched_error_pb": 0.006340685094158816, "relative_error": 0.025007887314258407, "hard_error_pb": 0.006197387134913063, "cpu_ms_per_sample": 20.463109835604666, "max_weight_second_moment_fraction": 0.02870736797975274}
PROGRESS {"utc": "2026-09-22T16:35:55.905811+00:00", "stage": "G_hybrid replica 3 production 56/200", "mode": "G_hybrid", "block_completed": 82740, "block_samples": 250000, "worker_pids_seen": 128, "elapsed_s": 30.881104276049882}
PROGRESS {"utc": "2026-09-22T16:36:25.955479+00:00", "stage": "G_hybrid replica 3 production 56/200", "mode": "G_hybrid", "block_completed": 160564, "block_samples": 250000, "worker_pids_seen": 128, "elapsed_s": 60.93076817994006}
PROGRESS {"utc": "2026-09-22T16:36:56.063427+00:00", "stage": "G_hybrid replica 3 production 56/200", "mode": "G_hybrid", "block_completed": 248976, "block_samples": 250000, "worker_pids_seen": 128, "elapsed_s": 91.03871438791975}
S2000_PRODUCTION_FINISHED G_hybrid replica 3 production 56/200 {"n": 55750000, "matched_pb": 0.2537311280368588, "matched_error_pb": 0.006327420337941248, "relative_error": 0.024937501310529315, "hard_error_pb": 0.006183815001250498, "cpu_ms_per_sample": 20.460924615428738, "max_weight_second_moment_fraction": 0.02857550417077467}
PROGRESS {"utc": "2026-09-22T16:37:27.838465+00:00", "stage": "G_hybrid replica 4 production 56/200", "mode": "G_hybrid", "block_completed": 90589, "block_samples": 250000, "worker_pids_seen": 128, "elapsed_s": 30.82427739794366}
PROGRESS {"utc": "2026-09-22T16:37:57.840558+00:00", "stage": "G_hybrid replica 4 production 56/200", "mode": "G_hybrid", "block_completed": 177629, "block_samples": 250000, "worker_pids_seen": 128, "elapsed_s": 60.826377915916964}
S2000_PRODUCTION_FINISHED G_hybrid replica 4 production 56/200 {"n": 56000000, "matched_pb": 0.2536882544497053, "matched_error_pb": 0.006312784215994129, "relative_error": 0.02488402243804182, "hard_error_pb": 0.006168838172168465, "cpu_ms_per_sample": 20.451471777299112, "max_weight_second_moment_fraction": 0.028458617528084564}
PROGRESS {"utc": "2026-09-22T16:38:52.676289+00:00", "stage": "G_hybrid replica 1 production 57/200", "mode": "G_hybrid", "block_completed": 83732, "block_samples": 250000, "worker_pids_seen": 128, "elapsed_s": 30.644649137044325}
PROGRESS {"utc": "2026-09-22T16:39:22.680507+00:00", "stage": "G_hybrid replica 1 production 57/200", "mode": "G_hybrid", "block_completed": 167956, "block_samples": 250000, "worker_pids_seen": 128, "elapsed_s": 60.64886969793588}
S2000_PRODUCTION_FINISHED G_hybrid replica 1 production 57/200 {"n": 56250000, "matched_pb": 0.2543331371208342, "matched_error_pb": 0.006297935866275573, "relative_error": 0.024762545445595672, "hard_error_pb": 0.006153642499562223, "cpu_ms_per_sample": 20.446367589372233, "max_weight_second_moment_fraction": 0.02834569476585439}
PROGRESS {"utc": "2026-09-22T16:40:22.613113+00:00", "stage": "G_hybrid replica 2 production 57/200", "mode": "G_hybrid", "block_completed": 87056, "block_samples": 250000, "worker_pids_seen": 128, "elapsed_s": 30.604895988944918}
PROGRESS {"utc": "2026-09-22T16:40:52.688159+00:00", "stage": "G_hybrid replica 2 production 57/200", "mode": "G_hybrid", "block_completed": 172816, "block_samples": 250000, "worker_pids_seen": 128, "elapsed_s": 60.67994583607651}
S2000_PRODUCTION_FINISHED G_hybrid replica 2 production 57/200 {"n": 56500000, "matched_pb": 0.25421885194232013, "matched_error_pb": 0.00628377340796624, "relative_error": 0.024717967845248427, "hard_error_pb": 0.006139147178506295, "cpu_ms_per_sample": 20.437586508551473, "max_weight_second_moment_fraction": 0.028228231876790858}
PROGRESS {"utc": "2026-09-22T16:41:49.146480+00:00", "stage": "G_hybrid replica 3 production 57/200", "mode": "G_hybrid", "block_completed": 81954, "block_samples": 250000, "worker_pids_seen": 128, "elapsed_s": 30.738417217042297}
PROGRESS {"utc": "2026-09-22T16:42:19.447501+00:00", "stage": "G_hybrid replica 3 production 57/200", "mode": "G_hybrid", "block_completed": 164642, "block_samples": 250000, "worker_pids_seen": 128, "elapsed_s": 61.03943269094452}
PROGRESS {"utc": "2026-09-22T16:42:49.632385+00:00", "stage": "G_hybrid replica 3 production 57/200", "mode": "G_hybrid", "block_completed": 249744, "block_samples": 250000, "worker_pids_seen": 128, "elapsed_s": 91.22432076698169}
S2000_PRODUCTION_FINISHED G_hybrid replica 3 production 57/200 {"n": 56750000, "matched_pb": 0.2540434294255202, "matched_error_pb": 0.006269773451396574, "relative_error": 0.024679927623299267, "hard_error_pb": 0.00612481664774836, "cpu_ms_per_sample": 20.434748046388105, "max_weight_second_moment_fraction": 0.02811115675282452}
PROGRESS {"utc": "2026-09-22T16:43:20.651527+00:00", "stage": "G_hybrid replica 4 production 57/200", "mode": "G_hybrid", "block_completed": 98712, "block_samples": 250000, "worker_pids_seen": 128, "elapsed_s": 30.62093490292318}
PROGRESS {"utc": "2026-09-22T16:43:50.666898+00:00", "stage": "G_hybrid replica 4 production 57/200", "mode": "G_hybrid", "block_completed": 185240, "block_samples": 250000, "worker_pids_seen": 128, "elapsed_s": 60.63630155404098}
S2000_PRODUCTION_FINISHED G_hybrid replica 4 production 57/200 {"n": 57000000, "matched_pb": 0.254117031242945, "matched_error_pb": 0.0062554670091462, "relative_error": 0.024616480755143676, "hard_error_pb": 0.006110170810968762, "cpu_ms_per_sample": 20.428481960829384, "max_weight_second_moment_fraction": 0.02799885171431197}
PROGRESS {"utc": "2026-09-22T16:44:42.984577+00:00", "stage": "G_hybrid replica 1 production 58/200", "mode": "G_hybrid", "block_completed": 81945, "block_samples": 250000, "worker_pids_seen": 128, "elapsed_s": 30.75455423304811}
PROGRESS {"utc": "2026-09-22T16:45:13.025310+00:00", "stage": "G_hybrid replica 1 production 58/200", "mode": "G_hybrid", "block_completed": 167705, "block_samples": 250000, "worker_pids_seen": 128, "elapsed_s": 60.79528662213124}
S2000_PRODUCTION_FINISHED G_hybrid replica 1 production 58/200 {"n": 57250000, "matched_pb": 0.25369293899202, "matched_error_pb": 0.00624109370169211, "relative_error": 0.024600975204471204, "hard_error_pb": 0.006095454899349111, "cpu_ms_per_sample": 20.423576277624612, "max_weight_second_moment_fraction": 0.0278890256016159}
PROGRESS {"utc": "2026-09-22T16:46:13.165682+00:00", "stage": "G_hybrid replica 2 production 58/200", "mode": "G_hybrid", "block_completed": 88226, "block_samples": 250000, "worker_pids_seen": 128, "elapsed_s": 30.68580343807116}
PROGRESS {"utc": "2026-09-22T16:46:43.351546+00:00", "stage": "G_hybrid replica 2 production 58/200", "mode": "G_hybrid", "block_completed": 175266, "block_samples": 250000, "worker_pids_seen": 128, "elapsed_s": 60.871682023163885}
S2000_PRODUCTION_FINISHED G_hybrid replica 2 production 58/200 {"n": 57500000, "matched_pb": 0.2531340480804296, "matched_error_pb": 0.006227966084891759, "relative_error": 0.024603430996816812, "hard_error_pb": 0.006082012939090161, "cpu_ms_per_sample": 20.414888513004733, "max_weight_second_moment_fraction": 0.02776937608395088}
PROGRESS {"utc": "2026-09-22T16:47:39.147562+00:00", "stage": "G_hybrid replica 3 production 58/200", "mode": "G_hybrid", "block_completed": 82021, "block_samples": 250000, "worker_pids_seen": 128, "elapsed_s": 30.68500586808659}
PROGRESS {"utc": "2026-09-22T16:48:09.238578+00:00", "stage": "G_hybrid replica 3 production 58/200", "mode": "G_hybrid", "block_completed": 163941, "block_samples": 250000, "worker_pids_seen": 128, "elapsed_s": 60.77602549106814}
PROGRESS {"utc": "2026-09-22T16:48:39.612314+00:00", "stage": "G_hybrid replica 3 production 58/200", "mode": "G_hybrid", "block_completed": 248976, "block_samples": 250000, "worker_pids_seen": 128, "elapsed_s": 91.14977335510775}
S2000_PRODUCTION_FINISHED G_hybrid replica 3 production 58/200 {"n": 57750000, "matched_pb": 0.25326134367831205, "matched_error_pb": 0.006213574434426281, "relative_error": 0.024534239391537975, "hard_error_pb": 0.006067275095860911, "cpu_ms_per_sample": 20.41222881919375, "max_weight_second_moment_fraction": 0.027663373870398678}
PROGRESS {"utc": "2026-09-22T16:49:11.620660+00:00", "stage": "G_hybrid replica 4 production 58/200", "mode": "G_hybrid", "block_completed": 90626, "block_samples": 250000, "worker_pids_seen": 128, "elapsed_s": 30.72955429297872}
PROGRESS {"utc": "2026-09-22T16:49:41.847800+00:00", "stage": "G_hybrid replica 4 production 58/200", "mode": "G_hybrid", "block_completed": 178434, "block_samples": 250000, "worker_pids_seen": 128, "elapsed_s": 60.95669441507198}
S2000_PRODUCTION_FINISHED G_hybrid replica 4 production 58/200 {"n": 58000000, "matched_pb": 0.2538468947424546, "matched_error_pb": 0.00620006343542326, "relative_error": 0.024424421034236633, "hard_error_pb": 0.006053437572154406, "cpu_ms_per_sample": 20.40187649492288, "max_weight_second_moment_fraction": 0.02755094164512606}
PROGRESS {"utc": "2026-09-22T16:50:35.398787+00:00", "stage": "G_hybrid replica 1 production 59/200", "mode": "G_hybrid", "block_completed": 85901, "block_samples": 250000, "worker_pids_seen": 128, "elapsed_s": 30.743990195915103}
PROGRESS {"utc": "2026-09-22T16:51:05.550097+00:00", "stage": "G_hybrid replica 1 production 59/200", "mode": "G_hybrid", "block_completed": 168333, "block_samples": 250000, "worker_pids_seen": 128, "elapsed_s": 60.895307515980676}
S2000_PRODUCTION_FINISHED G_hybrid replica 1 production 59/200 {"n": 58250000, "matched_pb": 0.2535903746199846, "matched_error_pb": 0.006186029925819696, "relative_error": 0.024393788348984896, "hard_error_pb": 0.006039063344578775, "cpu_ms_per_sample": 20.396825591963005, "max_weight_second_moment_fraction": 0.02744514288021674}
PROGRESS {"utc": "2026-09-22T16:52:04.340678+00:00", "stage": "G_hybrid replica 2 production 59/200", "mode": "G_hybrid", "block_completed": 90243, "block_samples": 250000, "worker_pids_seen": 128, "elapsed_s": 30.723696283064783}
PROGRESS {"utc": "2026-09-22T16:52:34.389298+00:00", "stage": "G_hybrid replica 2 production 59/200", "mode": "G_hybrid", "block_completed": 177027, "block_samples": 250000, "worker_pids_seen": 128, "elapsed_s": 60.772316138027236}
S2000_PRODUCTION_FINISHED G_hybrid replica 2 production 59/200 {"n": 58500000, "matched_pb": 0.25366333248914835, "matched_error_pb": 0.006173708673426343, "relative_error": 0.024338199032729546, "hard_error_pb": 0.006026441621806172, "cpu_ms_per_sample": 20.388293196562703, "max_weight_second_moment_fraction": 0.027325171567998963}
PROGRESS {"utc": "2026-09-22T16:53:29.216209+00:00", "stage": "G_hybrid replica 3 production 59/200", "mode": "G_hybrid", "block_completed": 85398, "block_samples": 250000, "worker_pids_seen": 128, "elapsed_s": 30.714612551033497}
PROGRESS {"utc": "2026-09-22T16:53:59.242219+00:00", "stage": "G_hybrid replica 3 production 59/200", "mode": "G_hybrid", "block_completed": 166038, "block_samples": 250000, "worker_pids_seen": 128, "elapsed_s": 60.74061794485897}
S2000_PRODUCTION_FINISHED G_hybrid replica 3 production 59/200 {"n": 58750000, "matched_pb": 0.2534859356100678, "matched_error_pb": 0.0061603656682370205, "relative_error": 0.024302593567610723, "hard_error_pb": 0.0060127718236343795, "cpu_ms_per_sample": 20.384668741623045, "max_weight_second_moment_fraction": 0.027216440095967267}
PROGRESS {"utc": "2026-09-22T16:54:58.617837+00:00", "stage": "G_hybrid replica 4 production 59/200", "mode": "G_hybrid", "block_completed": 87793, "block_samples": 250000, "worker_pids_seen": 128, "elapsed_s": 30.646190006053075}
PROGRESS {"utc": "2026-09-22T16:55:28.681439+00:00", "stage": "G_hybrid replica 4 production 59/200", "mode": "G_hybrid", "block_completed": 178929, "block_samples": 250000, "worker_pids_seen": 128, "elapsed_s": 60.70978603209369}
S2000_PRODUCTION_FINISHED G_hybrid replica 4 production 59/200 {"n": 59000000, "matched_pb": 0.2537544838863645, "matched_error_pb": 0.0061473542402854416, "relative_error": 0.02422559848455064, "hard_error_pb": 0.005999440306583069, "cpu_ms_per_sample": 20.375600302683054, "max_weight_second_moment_fraction": 0.027106350074460803}
PROGRESS {"utc": "2026-09-22T16:56:21.620553+00:00", "stage": "G_hybrid replica 1 production 60/200", "mode": "G_hybrid", "block_completed": 85225, "block_samples": 250000, "worker_pids_seen": 128, "elapsed_s": 30.609130759024993}
PROGRESS {"utc": "2026-09-22T16:56:51.682385+00:00", "stage": "G_hybrid replica 1 production 60/200", "mode": "G_hybrid", "block_completed": 169961, "block_samples": 250000, "worker_pids_seen": 128, "elapsed_s": 60.67096155206673}
S2000_PRODUCTION_FINISHED G_hybrid replica 1 production 60/200 {"n": 59250000, "matched_pb": 0.2533231473927884, "matched_error_pb": 0.006133766483474096, "relative_error": 0.024213209675479946, "hard_error_pb": 0.005985516778899574, "cpu_ms_per_sample": 20.37041003840265, "max_weight_second_moment_fraction": 0.027003276126753555}
PROGRESS {"utc": "2026-09-22T16:57:51.045977+00:00", "stage": "G_hybrid replica 2 production 60/200", "mode": "G_hybrid", "block_completed": 85950, "block_samples": 250000, "worker_pids_seen": 128, "elapsed_s": 30.596416459884495}
PROGRESS {"utc": "2026-09-22T16:58:21.058116+00:00", "stage": "G_hybrid replica 2 production 60/200", "mode": "G_hybrid", "block_completed": 172478, "block_samples": 250000, "worker_pids_seen": 128, "elapsed_s": 60.60856007388793}
S2000_PRODUCTION_FINISHED G_hybrid replica 2 production 60/200 {"n": 59500000, "matched_pb": 0.25346315753672405, "matched_error_pb": 0.006120395089012971, "relative_error": 0.024147079790585314, "hard_error_pb": 0.0059718134500595585, "cpu_ms_per_sample": 20.362569975856907, "max_weight_second_moment_fraction": 0.0268998640931115}
PROGRESS {"utc": "2026-09-22T16:59:19.380890+00:00", "stage": "G_hybrid replica 3 production 60/200", "mode": "G_hybrid", "block_completed": 83845, "block_samples": 250000, "worker_pids_seen": 128, "elapsed_s": 30.600047763902694}
PROGRESS {"utc": "2026-09-22T16:59:49.536123+00:00", "stage": "G_hybrid replica 3 production 60/200", "mode": "G_hybrid", "block_completed": 161925, "block_samples": 250000, "worker_pids_seen": 128, "elapsed_s": 60.75527586298995}
PROGRESS {"utc": "2026-09-22T17:00:19.663131+00:00", "stage": "G_hybrid replica 3 production 60/200", "mode": "G_hybrid", "block_completed": 249744, "block_samples": 250000, "worker_pids_seen": 128, "elapsed_s": 90.88229460199364}
S2000_PRODUCTION_FINISHED G_hybrid replica 3 production 60/200 {"n": 59750000, "matched_pb": 0.25349831788234406, "matched_error_pb": 0.006107657266525735, "relative_error": 0.024093482424449367, "hard_error_pb": 0.005958758018416486, "cpu_ms_per_sample": 20.361423159430007, "max_weight_second_moment_fraction": 0.026792248653788667}
PROGRESS {"utc": "2026-09-22T17:00:50.790497+00:00", "stage": "G_hybrid replica 4 production 60/200", "mode": "G_hybrid", "block_completed": 87684, "block_samples": 250000, "worker_pids_seen": 128, "elapsed_s": 30.630158570827916}
PROGRESS {"utc": "2026-09-22T17:01:20.901752+00:00", "stage": "G_hybrid replica 4 production 60/200", "mode": "G_hybrid", "block_completed": 178308, "block_samples": 250000, "worker_pids_seen": 128, "elapsed_s": 60.74146771384403}
S2000_PRODUCTION_FINISHED G_hybrid replica 4 production 60/200 {"n": 60000000, "matched_pb": 0.25338282520499833, "matched_error_pb": 0.006094985904441535, "relative_error": 0.024054455543742605, "hard_error_pb": 0.005945769337271599, "cpu_ms_per_sample": 20.352311327461983, "max_weight_second_moment_fraction": 0.02668565386530792}
PROGRESS {"utc": "2026-09-22T17:02:16.375434+00:00", "stage": "G_hybrid replica 1 production 61/200", "mode": "G_hybrid", "block_completed": 85962, "block_samples": 250000, "worker_pids_seen": 128, "elapsed_s": 31.010967941954732}
PROGRESS {"utc": "2026-09-22T17:02:46.525024+00:00", "stage": "G_hybrid replica 1 production 61/200", "mode": "G_hybrid", "block_completed": 168906, "block_samples": 250000, "worker_pids_seen": 128, "elapsed_s": 61.160557287046686}
S2000_PRODUCTION_FINISHED G_hybrid replica 1 production 61/200 {"n": 60250000, "matched_pb": 0.254264282642109, "matched_error_pb": 0.006082797648491902, "relative_error": 0.023923130631185723, "hard_error_pb": 0.005933274565465242, "cpu_ms_per_sample": 20.348231628557393, "max_weight_second_moment_fraction": 0.026576243009993398}
PROGRESS {"utc": "2026-09-22T17:03:46.716642+00:00", "stage": "G_hybrid replica 2 production 61/200", "mode": "G_hybrid", "block_completed": 89532, "block_samples": 250000, "worker_pids_seen": 128, "elapsed_s": 30.586605079006404}
PROGRESS {"utc": "2026-09-22T17:04:16.792936+00:00", "stage": "G_hybrid replica 2 production 61/200", "mode": "G_hybrid", "block_completed": 176828, "block_samples": 250000, "worker_pids_seen": 128, "elapsed_s": 60.6629018059466}
S2000_PRODUCTION_FINISHED G_hybrid replica 2 production 61/200 {"n": 60500000, "matched_pb": 0.25394074052896026, "matched_error_pb": 0.006070578633260981, "relative_error": 0.023905493150157494, "hard_error_pb": 0.00592074697815258, "cpu_ms_per_sample": 20.34000415036256, "max_weight_second_moment_fraction": 0.026468710387217372}
PROGRESS {"utc": "2026-09-22T17:05:12.027467+00:00", "stage": "G_hybrid replica 3 production 61/200", "mode": "G_hybrid", "block_completed": 83873, "block_samples": 250000, "worker_pids_seen": 128, "elapsed_s": 30.751464998116717}
PROGRESS {"utc": "2026-09-22T17:05:42.134697+00:00", "stage": "G_hybrid replica 3 production 61/200", "mode": "G_hybrid", "block_completed": 163489, "block_samples": 250000, "worker_pids_seen": 128, "elapsed_s": 60.85868484317325}
PROGRESS {"utc": "2026-09-22T17:06:12.173269+00:00", "stage": "G_hybrid replica 3 production 61/200", "mode": "G_hybrid", "block_completed": 248976, "block_samples": 250000, "worker_pids_seen": 128, "elapsed_s": 90.89727722713724}
S2000_PRODUCTION_FINISHED G_hybrid replica 3 production 61/200 {"n": 60750000, "matched_pb": 0.254195380037508, "matched_error_pb": 0.00605785485828228, "relative_error": 0.02383149079022761, "hard_error_pb": 0.005907700510411167, "cpu_ms_per_sample": 20.338982293516246, "max_weight_second_moment_fraction": 0.026367384797135157}
PROGRESS {"utc": "2026-09-22T17:06:45.903581+00:00", "stage": "G_hybrid replica 4 production 61/200", "mode": "G_hybrid", "block_completed": 93619, "block_samples": 250000, "worker_pids_seen": 128, "elapsed_s": 30.65204130206257}
PROGRESS {"utc": "2026-09-22T17:07:16.037654+00:00", "stage": "G_hybrid replica 4 production 61/200", "mode": "G_hybrid", "block_completed": 183987, "block_samples": 250000, "worker_pids_seen": 128, "elapsed_s": 60.78610955993645}
S2000_PRODUCTION_FINISHED G_hybrid replica 4 production 61/200 {"n": 61000000, "matched_pb": 0.25438597442000493, "matched_error_pb": 0.006045262174468443, "relative_error": 0.023764133176962774, "hard_error_pb": 0.005894787069501075, "cpu_ms_per_sample": 20.32874206799277, "max_weight_second_moment_fraction": 0.0262664069400785}
PROGRESS {"utc": "2026-09-22T17:08:08.399808+00:00", "stage": "G_hybrid replica 1 production 62/200", "mode": "G_hybrid", "block_completed": 84425, "block_samples": 250000, "worker_pids_seen": 128, "elapsed_s": 30.728845064062625}
PROGRESS {"utc": "2026-09-22T17:08:38.416864+00:00", "stage": "G_hybrid replica 1 production 62/200", "mode": "G_hybrid", "block_completed": 166345, "block_samples": 250000, "worker_pids_seen": 128, "elapsed_s": 60.745900170179084}
S2000_PRODUCTION_FINISHED G_hybrid replica 1 production 62/200 {"n": 61250000, "matched_pb": 0.2542676088405853, "matched_error_pb": 0.006032574929702994, "relative_error": 0.023725298543571686, "hard_error_pb": 0.005881775252351898, "cpu_ms_per_sample": 20.325107648040557, "max_weight_second_moment_fraction": 0.026167818695708642}
PROGRESS {"utc": "2026-09-22T17:09:38.795009+00:00", "stage": "G_hybrid replica 2 production 62/200", "mode": "G_hybrid", "block_completed": 81972, "block_samples": 250000, "worker_pids_seen": 128, "elapsed_s": 30.776208410970867}
PROGRESS {"utc": "2026-09-22T17:10:09.045605+00:00", "stage": "G_hybrid replica 2 production 62/200", "mode": "G_hybrid", "block_completed": 163124, "block_samples": 250000, "worker_pids_seen": 128, "elapsed_s": 61.02679602894932}
S2000_PRODUCTION_FINISHED G_hybrid replica 2 production 62/200 {"n": 61500000, "matched_pb": 0.25428115278390795, "matched_error_pb": 0.006021037039794688, "relative_error": 0.023678660309171474, "hard_error_pb": 0.005869940959777852, "cpu_ms_per_sample": 20.323418720989824, "max_weight_second_moment_fraction": 0.02606026722189606}
PROGRESS {"utc": "2026-09-22T17:11:09.596550+00:00", "stage": "G_hybrid replica 3 production 62/200", "mode": "G_hybrid", "block_completed": 84383, "block_samples": 250000, "worker_pids_seen": 128, "elapsed_s": 30.614535520086065}
PROGRESS {"utc": "2026-09-22T17:11:39.737092+00:00", "stage": "G_hybrid replica 3 production 62/200", "mode": "G_hybrid", "block_completed": 161695, "block_samples": 250000, "worker_pids_seen": 128, "elapsed_s": 60.75507636601105}
PROGRESS {"utc": "2026-09-22T17:12:09.787871+00:00", "stage": "G_hybrid replica 3 production 62/200", "mode": "G_hybrid", "block_completed": 245648, "block_samples": 250000, "worker_pids_seen": 128, "elapsed_s": 90.80586480605416}
S2000_PRODUCTION_FINISHED G_hybrid replica 3 production 62/200 {"n": 61750000, "matched_pb": 0.25475381058320434, "matched_error_pb": 0.006013049466078216, "relative_error": 0.023603373988057827, "hard_error_pb": 0.005861747496967237, "cpu_ms_per_sample": 20.325261516578138, "max_weight_second_moment_fraction": 0.025922000609560958}
PROGRESS {"utc": "2026-09-22T17:12:44.503207+00:00", "stage": "G_hybrid replica 4 production 62/200", "mode": "G_hybrid", "block_completed": 85994, "block_samples": 250000, "worker_pids_seen": 128, "elapsed_s": 30.831994160078466}
PROGRESS {"utc": "2026-09-22T17:13:14.703502+00:00", "stage": "G_hybrid replica 4 production 62/200", "mode": "G_hybrid", "block_completed": 173034, "block_samples": 250000, "worker_pids_seen": 128, "elapsed_s": 61.03229134809226}
S2000_PRODUCTION_FINISHED G_hybrid replica 4 production 62/200 {"n": 62000000, "matched_pb": 0.254482313760567, "matched_error_pb": 0.006000558348773042, "relative_error": 0.023579471044965213, "hard_error_pb": 0.005848933264598597, "cpu_ms_per_sample": 20.318986323218244, "max_weight_second_moment_fraction": 0.025826163641075817}
PROGRESS {"utc": "2026-09-22T17:14:10.628279+00:00", "stage": "G_hybrid replica 1 production 63/200", "mode": "G_hybrid", "block_completed": 82475, "block_samples": 250000, "worker_pids_seen": 128, "elapsed_s": 30.799195669125766}
PROGRESS {"utc": "2026-09-22T17:14:40.700476+00:00", "stage": "G_hybrid replica 1 production 63/200", "mode": "G_hybrid", "block_completed": 163883, "block_samples": 250000, "worker_pids_seen": 128, "elapsed_s": 60.871394612127915}
PROGRESS {"utc": "2026-09-22T17:15:10.862463+00:00", "stage": "G_hybrid replica 1 production 63/200", "mode": "G_hybrid", "block_completed": 248976, "block_samples": 250000, "worker_pids_seen": 128, "elapsed_s": 91.0333851580508}
S2000_PRODUCTION_FINISHED G_hybrid replica 1 production 63/200 {"n": 62250000, "matched_pb": 0.25438078052005675, "matched_error_pb": 0.005988358254410177, "relative_error": 0.023540922557779568, "hard_error_pb": 0.005836416230861251, "cpu_ms_per_sample": 20.315558383190606, "max_weight_second_moment_fraction": 0.025729145668750595}
PROGRESS {"utc": "2026-09-22T17:15:42.639183+00:00", "stage": "G_hybrid replica 2 production 63/200", "mode": "G_hybrid", "block_completed": 87827, "block_samples": 250000, "worker_pids_seen": 128, "elapsed_s": 30.651474440004677}
PROGRESS {"utc": "2026-09-22T17:16:12.844401+00:00", "stage": "G_hybrid replica 2 production 63/200", "mode": "G_hybrid", "block_completed": 173843, "block_samples": 250000, "worker_pids_seen": 128, "elapsed_s": 60.85668893321417}
S2000_PRODUCTION_FINISHED G_hybrid replica 2 production 63/200 {"n": 62500000, "matched_pb": 0.2549585256289877, "matched_error_pb": 0.005976162558071621, "relative_error": 0.02343974394787666, "hard_error_pb": 0.005823902365012251, "cpu_ms_per_sample": 20.308428077247264, "max_weight_second_moment_fraction": 0.025633532280575477}
PROGRESS {"utc": "2026-09-22T17:17:09.245305+00:00", "stage": "G_hybrid replica 3 production 63/200", "mode": "G_hybrid", "block_completed": 82629, "block_samples": 250000, "worker_pids_seen": 128, "elapsed_s": 30.866314514074475}
PROGRESS {"utc": "2026-09-22T17:17:39.279087+00:00", "stage": "G_hybrid replica 3 production 63/200", "mode": "G_hybrid", "block_completed": 160197, "block_samples": 250000, "worker_pids_seen": 128, "elapsed_s": 60.90009732195176}
PROGRESS {"utc": "2026-09-22T17:18:10.302806+00:00", "stage": "G_hybrid replica 3 production 63/200", "mode": "G_hybrid", "block_completed": 249744, "block_samples": 250000, "worker_pids_seen": 128, "elapsed_s": 91.92381913610734}
S2000_PRODUCTION_FINISHED G_hybrid replica 3 production 63/200 {"n": 62750000, "matched_pb": 0.25520583498882204, "matched_error_pb": 0.005963872306711481, "relative_error": 0.023368871275896562, "hard_error_pb": 0.005811290108698608, "cpu_ms_per_sample": 20.305424616385576, "max_weight_second_moment_fraction": 0.025540189407188166}
PROGRESS {"utc": "2026-09-22T17:18:42.251912+00:00", "stage": "G_hybrid replica 4 production 63/200", "mode": "G_hybrid", "block_completed": 90137, "block_samples": 250000, "worker_pids_seen": 128, "elapsed_s": 30.622656462946907}
PROGRESS {"utc": "2026-09-22T17:19:12.372561+00:00", "stage": "G_hybrid replica 4 production 63/200", "mode": "G_hybrid", "block_completed": 176153, "block_samples": 250000, "worker_pids_seen": 128, "elapsed_s": 60.7433096638415}
S2000_PRODUCTION_FINISHED G_hybrid replica 4 production 63/200 {"n": 63000000, "matched_pb": 0.2550326865285803, "matched_error_pb": 0.005951774623862947, "relative_error": 0.02333730120980379, "hard_error_pb": 0.005798874115719109, "cpu_ms_per_sample": 20.297137068016447, "max_weight_second_moment_fraction": 0.025446508206590685}
PROGRESS {"utc": "2026-09-22T17:20:08.522540+00:00", "stage": "G_hybrid replica 1 production 64/200", "mode": "G_hybrid", "block_completed": 84078, "block_samples": 250000, "worker_pids_seen": 128, "elapsed_s": 30.75231865886599}
PROGRESS {"utc": "2026-09-22T17:20:38.723708+00:00", "stage": "G_hybrid replica 1 production 64/200", "mode": "G_hybrid", "block_completed": 163950, "block_samples": 250000, "worker_pids_seen": 128, "elapsed_s": 60.95348823699169}
S2000_PRODUCTION_FINISHED G_hybrid replica 1 production 64/200 {"n": 63250000, "matched_pb": 0.2548284447955556, "matched_error_pb": 0.005939815960067756, "relative_error": 0.023309077465167465, "hard_error_pb": 0.005786599474317693, "cpu_ms_per_sample": 20.293650092322576, "max_weight_second_moment_fraction": 0.025352962710819327}
PROGRESS {"utc": "2026-09-22T17:21:39.384430+00:00", "stage": "G_hybrid replica 2 production 64/200", "mode": "G_hybrid", "block_completed": 90117, "block_samples": 250000, "worker_pids_seen": 128, "elapsed_s": 30.681176831945777}
PROGRESS {"utc": "2026-09-22T17:22:09.411988+00:00", "stage": "G_hybrid replica 2 production 64/200", "mode": "G_hybrid", "block_completed": 174341, "block_samples": 250000, "worker_pids_seen": 128, "elapsed_s": 60.70873925392516}
S2000_PRODUCTION_FINISHED G_hybrid replica 2 production 64/200 {"n": 63500000, "matched_pb": 0.2547531942825648, "matched_error_pb": 0.005928143901763917, "relative_error": 0.0232701455165606, "hard_error_pb": 0.0057746177325186535, "cpu_ms_per_sample": 20.28749292177942, "max_weight_second_moment_fraction": 0.02525821632348263}
PROGRESS {"utc": "2026-09-22T17:23:05.583318+00:00", "stage": "G_hybrid replica 3 production 64/200", "mode": "G_hybrid", "block_completed": 82673, "block_samples": 250000, "worker_pids_seen": 128, "elapsed_s": 30.688101714942604}
PROGRESS {"utc": "2026-09-22T17:23:35.611447+00:00", "stage": "G_hybrid replica 3 production 64/200", "mode": "G_hybrid", "block_completed": 161009, "block_samples": 250000, "worker_pids_seen": 128, "elapsed_s": 60.716231112834066}
PROGRESS {"utc": "2026-09-22T17:24:05.633023+00:00", "stage": "G_hybrid replica 3 production 64/200", "mode": "G_hybrid", "block_completed": 246928, "block_samples": 250000, "worker_pids_seen": 128, "elapsed_s": 90.73781333584338}
S2000_PRODUCTION_FINISHED G_hybrid replica 3 production 64/200 {"n": 63750000, "matched_pb": 0.2547737276580787, "matched_error_pb": 0.005916291931454063, "relative_error": 0.02322175047575578, "hard_error_pb": 0.005762450004545514, "cpu_ms_per_sample": 20.28660132199631, "max_weight_second_moment_fraction": 0.025166445864275303}
PROGRESS {"utc": "2026-09-22T17:24:39.410063+00:00", "stage": "G_hybrid replica 4 production 64/200", "mode": "G_hybrid", "block_completed": 90742, "block_samples": 250000, "worker_pids_seen": 128, "elapsed_s": 30.770107342861593}
PROGRESS {"utc": "2026-09-22T17:25:09.683910+00:00", "stage": "G_hybrid replica 4 production 64/200", "mode": "G_hybrid", "block_completed": 178806, "block_samples": 250000, "worker_pids_seen": 128, "elapsed_s": 61.04396060900763}
S2000_PRODUCTION_FINISHED G_hybrid replica 4 production 64/200 {"n": 64000000, "matched_pb": 0.25539787633372824, "matched_error_pb": 0.005904619686430277, "relative_error": 0.02311929829328226, "hard_error_pb": 0.00575046550099017, "cpu_ms_per_sample": 20.27889285188075, "max_weight_second_moment_fraction": 0.02507441049035694}
PROGRESS {"utc": "2026-09-22T17:26:05.071252+00:00", "stage": "G_hybrid replica 1 production 65/200", "mode": "G_hybrid", "block_completed": 84730, "block_samples": 250000, "worker_pids_seen": 128, "elapsed_s": 30.639047880889848}
PROGRESS {"utc": "2026-09-22T17:26:35.239030+00:00", "stage": "G_hybrid replica 1 production 65/200", "mode": "G_hybrid", "block_completed": 164346, "block_samples": 250000, "worker_pids_seen": 128, "elapsed_s": 60.80682016792707}
PROGRESS {"utc": "2026-09-22T17:27:05.259116+00:00", "stage": "G_hybrid replica 1 production 65/200", "mode": "G_hybrid", "block_completed": 250000, "block_samples": 250000, "worker_pids_seen": 128, "elapsed_s": 90.82690934697166}
S2000_PRODUCTION_FINISHED G_hybrid replica 1 production 65/200 {"n": 64250000, "matched_pb": 0.25627716599362915, "matched_error_pb": 0.005892959603045404, "relative_error": 0.022994477795934026, "hard_error_pb": 0.005738492199160263, "cpu_ms_per_sample": 20.27607040392996, "max_weight_second_moment_fraction": 0.024983595550840263}
PROGRESS {"utc": "2026-09-22T17:27:36.142345+00:00", "stage": "G_hybrid replica 2 production 65/200", "mode": "G_hybrid", "block_completed": 87500, "block_samples": 250000, "worker_pids_seen": 128, "elapsed_s": 30.732865510042757}
PROGRESS {"utc": "2026-09-22T17:28:06.147986+00:00", "stage": "G_hybrid replica 2 production 65/200", "mode": "G_hybrid", "block_completed": 171212, "block_samples": 250000, "worker_pids_seen": 128, "elapsed_s": 60.7385093010962}
S2000_PRODUCTION_FINISHED G_hybrid replica 2 production 65/200 {"n": 64500000, "matched_pb": 0.2560116543546498, "matched_error_pb": 0.005881114383199961, "relative_error": 0.022972057260537547, "hard_error_pb": 0.005726327464001654, "cpu_ms_per_sample": 20.26995781852341, "max_weight_second_moment_fraction": 0.024895735627719816}
PROGRESS {"utc": "2026-09-22T17:29:02.760434+00:00", "stage": "G_hybrid replica 3 production 65/200", "mode": "G_hybrid", "block_completed": 79018, "block_samples": 250000, "worker_pids_seen": 128, "elapsed_s": 30.742098692106083}
PROGRESS {"utc": "2026-09-22T17:29:32.877004+00:00", "stage": "G_hybrid replica 3 production 65/200", "mode": "G_hybrid", "block_completed": 155306, "block_samples": 250000, "worker_pids_seen": 128, "elapsed_s": 60.85867406800389}
PROGRESS {"utc": "2026-09-22T17:30:02.989738+00:00", "stage": "G_hybrid replica 3 production 65/200", "mode": "G_hybrid", "block_completed": 237738, "block_samples": 250000, "worker_pids_seen": 128, "elapsed_s": 90.97140348912217}
S2000_PRODUCTION_FINISHED G_hybrid replica 3 production 65/200 {"n": 64750000, "matched_pb": 0.25591932301606163, "matched_error_pb": 0.0058690908153094835, "relative_error": 0.02293336331989725, "hard_error_pb": 0.005713978196934977, "cpu_ms_per_sample": 20.270548597798253, "max_weight_second_moment_fraction": 0.024810757666088583}
PROGRESS {"utc": "2026-09-22T17:30:37.700071+00:00", "stage": "G_hybrid replica 4 production 65/200", "mode": "G_hybrid", "block_completed": 91687, "block_samples": 250000, "worker_pids_seen": 128, "elapsed_s": 30.581253388896585}
PROGRESS {"utc": "2026-09-22T17:31:07.720137+00:00", "stage": "G_hybrid replica 4 production 65/200", "mode": "G_hybrid", "block_completed": 178471, "block_samples": 250000, "worker_pids_seen": 128, "elapsed_s": 60.60131701501086}
S2000_PRODUCTION_FINISHED G_hybrid replica 4 production 65/200 {"n": 65000000, "matched_pb": 0.2561372390514824, "matched_error_pb": 0.005859095758978281, "relative_error": 0.022874829839954, "hard_error_pb": 0.00570371133119265, "cpu_ms_per_sample": 20.26200149074049, "max_weight_second_moment_fraction": 0.024708989041603607}
S2000_PEAK_REPLAYS production_65000000 new 2 total 70 issues 0
PROGRESS {"utc": "2026-09-22T17:32:06.413001+00:00", "stage": "G_hybrid replica 1 production 66/200", "mode": "G_hybrid", "block_completed": 85933, "block_samples": 250000, "worker_pids_seen": 128, "elapsed_s": 30.656717323930934}
PROGRESS {"utc": "2026-09-22T17:32:36.438208+00:00", "stage": "G_hybrid replica 1 production 66/200", "mode": "G_hybrid", "block_completed": 163501, "block_samples": 250000, "worker_pids_seen": 128, "elapsed_s": 60.68193011288531}
S2000_PRODUCTION_FINISHED G_hybrid replica 1 production 66/200 {"n": 65250000, "matched_pb": 0.2560698723040584, "matched_error_pb": 0.005847664171296494, "relative_error": 0.02283620528522369, "hard_error_pb": 0.005691967682354044, "cpu_ms_per_sample": 20.259044548220427, "max_weight_second_moment_fraction": 0.02462129357328369}
PROGRESS {"utc": "2026-09-22T17:33:36.242142+00:00", "stage": "G_hybrid replica 2 production 66/200", "mode": "G_hybrid", "block_completed": 88590, "block_samples": 250000, "worker_pids_seen": 128, "elapsed_s": 30.70335360406898}
PROGRESS {"utc": "2026-09-22T17:34:06.267994+00:00", "stage": "G_hybrid replica 2 production 66/200", "mode": "G_hybrid", "block_completed": 170766, "block_samples": 250000, "worker_pids_seen": 128, "elapsed_s": 60.72921755700372}
S2000_PRODUCTION_FINISHED G_hybrid replica 2 production 66/200 {"n": 65500000, "matched_pb": 0.25585736710383195, "matched_error_pb": 0.0058363895531596795, "relative_error": 0.02281110612222926, "hard_error_pb": 0.0056803840409720184, "cpu_ms_per_sample": 20.252840881620166, "max_weight_second_moment_fraction": 0.02453345529057253}
PROGRESS {"utc": "2026-09-22T17:35:04.340438+00:00", "stage": "G_hybrid replica 3 production 66/200", "mode": "G_hybrid", "block_completed": 80155, "block_samples": 250000, "worker_pids_seen": 128, "elapsed_s": 30.707132763927802}
PROGRESS {"utc": "2026-09-22T17:35:34.452528+00:00", "stage": "G_hybrid replica 3 production 66/200", "mode": "G_hybrid", "block_completed": 156955, "block_samples": 250000, "worker_pids_seen": 128, "elapsed_s": 60.81921933195554}
PROGRESS {"utc": "2026-09-22T17:36:04.508834+00:00", "stage": "G_hybrid replica 3 production 66/200", "mode": "G_hybrid", "block_completed": 246928, "block_samples": 250000, "worker_pids_seen": 128, "elapsed_s": 90.87553279404528}
S2000_PRODUCTION_FINISHED G_hybrid replica 3 production 66/200 {"n": 65750000, "matched_pb": 0.25637885143527434, "matched_error_pb": 0.0058290476944665645, "relative_error": 0.02273607070877362, "hard_error_pb": 0.005672840281645881, "cpu_ms_per_sample": 20.25259984122585, "max_weight_second_moment_fraction": 0.02441204624540387}
PROGRESS {"utc": "2026-09-22T17:36:38.891590+00:00", "stage": "G_hybrid replica 4 production 66/200", "mode": "G_hybrid", "block_completed": 90365, "block_samples": 250000, "worker_pids_seen": 128, "elapsed_s": 30.624293037923053}
PROGRESS {"utc": "2026-09-22T17:37:08.961493+00:00", "stage": "G_hybrid replica 4 production 66/200", "mode": "G_hybrid", "block_completed": 175101, "block_samples": 250000, "worker_pids_seen": 128, "elapsed_s": 60.694199827034026}
S2000_PRODUCTION_FINISHED G_hybrid replica 4 production 66/200 {"n": 66000000, "matched_pb": 0.25664608682266155, "matched_error_pb": 0.005818254210022109, "relative_error": 0.02267034063154227, "hard_error_pb": 0.0056617490132589016, "cpu_ms_per_sample": 20.247773618978876, "max_weight_second_moment_fraction": 0.02432247393415235}
PROGRESS {"utc": "2026-09-22T17:38:07.194808+00:00", "stage": "G_hybrid replica 1 production 67/200", "mode": "G_hybrid", "block_completed": 83687, "block_samples": 250000, "worker_pids_seen": 128, "elapsed_s": 32.232294701971114}
PROGRESS {"utc": "2026-09-22T17:38:37.293918+00:00", "stage": "G_hybrid replica 1 production 67/200", "mode": "G_hybrid", "block_completed": 167143, "block_samples": 250000, "worker_pids_seen": 128, "elapsed_s": 62.331404550001025}
S2000_PRODUCTION_FINISHED G_hybrid replica 1 production 67/200 {"n": 66250000, "matched_pb": 0.2572480080757218, "matched_error_pb": 0.005807758604848143, "relative_error": 0.02257649592038283, "hard_error_pb": 0.005650962736462328, "cpu_ms_per_sample": 20.246343837464888, "max_weight_second_moment_fraction": 0.024231498454310548}
PROGRESS {"utc": "2026-09-22T17:39:37.707381+00:00", "stage": "G_hybrid replica 2 production 67/200", "mode": "G_hybrid", "block_completed": 88450, "block_samples": 250000, "worker_pids_seen": 128, "elapsed_s": 30.5877199228853}
PROGRESS {"utc": "2026-09-22T17:40:07.990160+00:00", "stage": "G_hybrid replica 2 production 67/200", "mode": "G_hybrid", "block_completed": 176514, "block_samples": 250000, "worker_pids_seen": 128, "elapsed_s": 60.870504623046145}
S2000_PRODUCTION_FINISHED G_hybrid replica 2 production 67/200 {"n": 66500000, "matched_pb": 0.2570892206145252, "matched_error_pb": 0.005797301424575746, "relative_error": 0.022549764672040104, "hard_error_pb": 0.005640214857971824, "cpu_ms_per_sample": 20.23945788804684, "max_weight_second_moment_fraction": 0.024141392345599755}
PROGRESS {"utc": "2026-09-22T17:41:03.743716+00:00", "stage": "G_hybrid replica 3 production 67/200", "mode": "G_hybrid", "block_completed": 125303, "block_samples": 250000, "worker_pids_seen": 128, "elapsed_s": 30.603580329101533}
PROGRESS {"utc": "2026-09-22T17:41:33.964616+00:00", "stage": "G_hybrid replica 3 production 67/200", "mode": "G_hybrid", "block_completed": 249744, "block_samples": 250000, "worker_pids_seen": 128, "elapsed_s": 60.82448100694455}
S2000_PRODUCTION_FINISHED G_hybrid replica 3 production 67/200 {"n": 66750000, "matched_pb": 0.2573557762458447, "matched_error_pb": 0.005787870359034234, "relative_error": 0.02248976278467224, "hard_error_pb": 0.005630520680157851, "cpu_ms_per_sample": 20.260924736892807, "max_weight_second_moment_fraction": 0.024043477848445072}
PROGRESS {"utc": "2026-09-22T17:42:05.040810+00:00", "stage": "G_hybrid replica 4 production 67/200", "mode": "G_hybrid", "block_completed": 134278, "block_samples": 250000, "worker_pids_seen": 128, "elapsed_s": 30.719567014137283}
S2000_PRODUCTION_FINISHED G_hybrid replica 4 production 67/200 {"n": 67000000, "matched_pb": 0.25767156394579555, "matched_error_pb": 0.005777419067892021, "relative_error": 0.022421640088726956, "hard_error_pb": 0.005619776768052309, "cpu_ms_per_sample": 20.27350412885991, "max_weight_second_moment_fraction": 0.02395572116436378}
PROGRESS {"utc": "2026-09-22T17:43:03.191132+00:00", "stage": "G_hybrid replica 1 production 68/200", "mode": "G_hybrid", "block_completed": 104618, "block_samples": 250000, "worker_pids_seen": 128, "elapsed_s": 30.59303092584014}
PROGRESS {"utc": "2026-09-22T17:43:33.195360+00:00", "stage": "G_hybrid replica 1 production 68/200", "mode": "G_hybrid", "block_completed": 199082, "block_samples": 250000, "worker_pids_seen": 128, "elapsed_s": 60.59725793101825}
S2000_PRODUCTION_FINISHED G_hybrid replica 1 production 68/200 {"n": 67250000, "matched_pb": 0.2576488942304119, "matched_error_pb": 0.005766310146128442, "relative_error": 0.02238049638579745, "hard_error_pb": 0.005608355600177467, "cpu_ms_per_sample": 20.271146660056207, "max_weight_second_moment_fraction": 0.02387488626076945}
PROGRESS {"utc": "2026-09-22T17:44:20.030145+00:00", "stage": "G_hybrid replica 2 production 68/200", "mode": "G_hybrid", "block_completed": 99896, "block_samples": 250000, "worker_pids_seen": 128, "elapsed_s": 30.70214351103641}
PROGRESS {"utc": "2026-09-22T17:44:50.048939+00:00", "stage": "G_hybrid replica 2 production 68/200", "mode": "G_hybrid", "block_completed": 200504, "block_samples": 250000, "worker_pids_seen": 128, "elapsed_s": 60.72094440413639}
S2000_PRODUCTION_FINISHED G_hybrid replica 2 production 68/200 {"n": 67500000, "matched_pb": 0.25715512085244474, "matched_error_pb": 0.005755521818040763, "relative_error": 0.022381517424042565, "hard_error_pb": 0.005597262834157549, "cpu_ms_per_sample": 20.265970334729612, "max_weight_second_moment_fraction": 0.02379238369062469}
PROGRESS {"utc": "2026-09-22T17:45:36.191817+00:00", "stage": "G_hybrid replica 3 production 68/200", "mode": "G_hybrid", "block_completed": 94099, "block_samples": 250000, "worker_pids_seen": 128, "elapsed_s": 30.598398917820305}
PROGRESS {"utc": "2026-09-22T17:46:06.347609+00:00", "stage": "G_hybrid replica 3 production 68/200", "mode": "G_hybrid", "block_completed": 179091, "block_samples": 250000, "worker_pids_seen": 128, "elapsed_s": 60.75418663187884}
S2000_PRODUCTION_FINISHED G_hybrid replica 3 production 68/200 {"n": 67750000, "matched_pb": 0.25748955744351515, "matched_error_pb": 0.005744260523279731, "relative_error": 0.02230871255639109, "hard_error_pb": 0.005585682482562725, "cpu_ms_per_sample": 20.264768205606583, "max_weight_second_moment_fraction": 0.023715148518967676}
PROGRESS {"utc": "2026-09-22T17:47:01.665024+00:00", "stage": "G_hybrid replica 4 production 68/200", "mode": "G_hybrid", "block_completed": 97438, "block_samples": 250000, "worker_pids_seen": 128, "elapsed_s": 30.620665846858174}
PROGRESS {"utc": "2026-09-22T17:47:31.703309+00:00", "stage": "G_hybrid replica 4 production 68/200", "mode": "G_hybrid", "block_completed": 192414, "block_samples": 250000, "worker_pids_seen": 128, "elapsed_s": 60.65895461291075}
S2000_PRODUCTION_FINISHED G_hybrid replica 4 production 68/200 {"n": 68000000, "matched_pb": 0.2575048983551173, "matched_error_pb": 0.005734145187960801, "relative_error": 0.02226810140152368, "hard_error_pb": 0.0055752794435178004, "cpu_ms_per_sample": 20.256685481580824, "max_weight_second_moment_fraction": 0.023629026697804315}
PROGRESS {"utc": "2026-09-22T17:48:21.703102+00:00", "stage": "G_hybrid replica 1 production 69/200", "mode": "G_hybrid", "block_completed": 89191, "block_samples": 250000, "worker_pids_seen": 128, "elapsed_s": 30.78042337601073}
PROGRESS {"utc": "2026-09-22T17:48:51.751280+00:00", "stage": "G_hybrid replica 1 production 69/200", "mode": "G_hybrid", "block_completed": 170087, "block_samples": 250000, "worker_pids_seen": 128, "elapsed_s": 60.82860304415226}
S2000_PRODUCTION_FINISHED G_hybrid replica 1 production 69/200 {"n": 68250000, "matched_pb": 0.2572478568760854, "matched_error_pb": 0.005723449633102815, "relative_error": 0.022248774790997627, "hard_error_pb": 0.005564278528197784, "cpu_ms_per_sample": 20.254240213147558, "max_weight_second_moment_fraction": 0.023549075612769033}
PROGRESS {"utc": "2026-09-22T17:49:51.863264+00:00", "stage": "G_hybrid replica 2 production 69/200", "mode": "G_hybrid", "block_completed": 87885, "block_samples": 250000, "worker_pids_seen": 128, "elapsed_s": 30.592530601192266}
PROGRESS {"utc": "2026-09-22T17:50:21.870703+00:00", "stage": "G_hybrid replica 2 production 69/200", "mode": "G_hybrid", "block_completed": 173389, "block_samples": 250000, "worker_pids_seen": 128, "elapsed_s": 60.59998261416331}
S2000_PRODUCTION_FINISHED G_hybrid replica 2 production 69/200 {"n": 68500000, "matched_pb": 0.25731288544399694, "matched_error_pb": 0.005713084233525314, "relative_error": 0.022202868790139708, "hard_error_pb": 0.005553616055873296, "cpu_ms_per_sample": 20.24705738721353, "max_weight_second_moment_fraction": 0.02346735028023748}
PROGRESS {"utc": "2026-09-22T17:51:18.665526+00:00", "stage": "G_hybrid replica 3 production 69/200", "mode": "G_hybrid", "block_completed": 84641, "block_samples": 250000, "worker_pids_seen": 128, "elapsed_s": 30.62024610186927}
PROGRESS {"utc": "2026-09-22T17:51:48.714272+00:00", "stage": "G_hybrid replica 3 production 69/200", "mode": "G_hybrid", "block_completed": 160929, "block_samples": 250000, "worker_pids_seen": 128, "elapsed_s": 60.66899700788781}
PROGRESS {"utc": "2026-09-22T17:52:18.949093+00:00", "stage": "G_hybrid replica 3 production 69/200", "mode": "G_hybrid", "block_completed": 247696, "block_samples": 250000, "worker_pids_seen": 128, "elapsed_s": 90.90382340201177}
S2000_PRODUCTION_FINISHED G_hybrid replica 3 production 69/200 {"n": 68750000, "matched_pb": 0.25660804670574494, "matched_error_pb": 0.005702538684168134, "relative_error": 0.0222227586288722, "hard_error_pb": 0.005542767114098533, "cpu_ms_per_sample": 20.2462032384625, "max_weight_second_moment_fraction": 0.023388271909462046}
PROGRESS {"utc": "2026-09-22T17:52:53.232925+00:00", "stage": "G_hybrid replica 4 production 69/200", "mode": "G_hybrid", "block_completed": 86047, "block_samples": 250000, "worker_pids_seen": 128, "elapsed_s": 30.743194839917123}
PROGRESS {"utc": "2026-09-22T17:53:23.406076+00:00", "stage": "G_hybrid replica 4 production 69/200", "mode": "G_hybrid", "block_completed": 173855, "block_samples": 250000, "worker_pids_seen": 128, "elapsed_s": 60.91634649503976}
S2000_PRODUCTION_FINISHED G_hybrid replica 4 production 69/200 {"n": 69000000, "matched_pb": 0.2559508646206314, "matched_error_pb": 0.005691934309211545, "relative_error": 0.022238386721795574, "hard_error_pb": 0.0055318564711204915, "cpu_ms_per_sample": 20.23895999474791, "max_weight_second_moment_fraction": 0.023310775355493894}
PROGRESS {"utc": "2026-09-22T17:54:20.154356+00:00", "stage": "G_hybrid replica 1 production 70/200", "mode": "G_hybrid", "block_completed": 83097, "block_samples": 250000, "worker_pids_seen": 127, "elapsed_s": 30.634842714993283}
PROGRESS {"utc": "2026-09-22T17:54:50.227453+00:00", "stage": "G_hybrid replica 1 production 70/200", "mode": "G_hybrid", "block_completed": 164505, "block_samples": 250000, "worker_pids_seen": 128, "elapsed_s": 60.70792692806572}
S2000_PRODUCTION_FINISHED G_hybrid replica 1 production 70/200 {"n": 69250000, "matched_pb": 0.2559809367171338, "matched_error_pb": 0.005683554082771317, "relative_error": 0.02220303650600281, "hard_error_pb": 0.005523233369004487, "cpu_ms_per_sample": 20.235896645581082, "max_weight_second_moment_fraction": 0.02321509043571492}
PROGRESS {"utc": "2026-09-22T17:55:50.921010+00:00", "stage": "G_hybrid replica 2 production 70/200", "mode": "G_hybrid", "block_completed": 91593, "block_samples": 250000, "worker_pids_seen": 128, "elapsed_s": 30.682694636052474}
PROGRESS {"utc": "2026-09-22T17:56:21.071165+00:00", "stage": "G_hybrid replica 2 production 70/200", "mode": "G_hybrid", "block_completed": 182217, "block_samples": 250000, "worker_pids_seen": 128, "elapsed_s": 60.8328513931483}
S2000_PRODUCTION_FINISHED G_hybrid replica 2 production 70/200 {"n": 69500000, "matched_pb": 0.25561824136972605, "matched_error_pb": 0.0056731067647863625, "relative_error": 0.022193669490827867, "hard_error_pb": 0.005512482217782016, "cpu_ms_per_sample": 20.22970080728899, "max_weight_second_moment_fraction": 0.02313836432447254}
PROGRESS {"utc": "2026-09-22T17:57:12.731338+00:00", "stage": "G_hybrid replica 3 production 70/200", "mode": "G_hybrid", "block_completed": 85462, "block_samples": 250000, "worker_pids_seen": 128, "elapsed_s": 30.74713890394196}
PROGRESS {"utc": "2026-09-22T17:57:42.863433+00:00", "stage": "G_hybrid replica 3 production 70/200", "mode": "G_hybrid", "block_completed": 161494, "block_samples": 250000, "worker_pids_seen": 128, "elapsed_s": 60.87923255190253}
PROGRESS {"utc": "2026-09-22T17:58:12.961437+00:00", "stage": "G_hybrid replica 3 production 70/200", "mode": "G_hybrid", "block_completed": 246672, "block_samples": 250000, "worker_pids_seen": 128, "elapsed_s": 90.9772430760786}
S2000_PRODUCTION_FINISHED G_hybrid replica 3 production 70/200 {"n": 69750000, "matched_pb": 0.25610918662167403, "matched_error_pb": 0.0056644091566799915, "relative_error": 0.0221171650708785, "hard_error_pb": 0.005503530769513175, "cpu_ms_per_sample": 20.229379318741707, "max_weight_second_moment_fraction": 0.023047589962574545}
PROGRESS {"utc": "2026-09-22T17:58:46.359828+00:00", "stage": "G_hybrid replica 4 production 70/200", "mode": "G_hybrid", "block_completed": 90901, "block_samples": 250000, "worker_pids_seen": 128, "elapsed_s": 30.681366042001173}
PROGRESS {"utc": "2026-09-22T17:59:16.381391+00:00", "stage": "G_hybrid replica 4 production 70/200", "mode": "G_hybrid", "block_completed": 178709, "block_samples": 250000, "worker_pids_seen": 128, "elapsed_s": 60.70293167489581}
S2000_PRODUCTION_FINISHED G_hybrid replica 4 production 70/200 {"n": 70000000, "matched_pb": 0.25600721763382467, "matched_error_pb": 0.0056540621087800835, "relative_error": 0.022085557434819162, "hard_error_pb": 0.005492880680175097, "cpu_ms_per_sample": 20.221704150282243, "max_weight_second_moment_fraction": 0.02297207947538487}
S2000_PEAK_REPLAYS production_70000000 new 1 total 71 issues 0
PROGRESS {"utc": "2026-09-22T18:00:14.214901+00:00", "stage": "G_hybrid replica 1 production 71/200", "mode": "G_hybrid", "block_completed": 83960, "block_samples": 250000, "worker_pids_seen": 128, "elapsed_s": 31.197212886996567}
PROGRESS {"utc": "2026-09-22T18:00:44.488482+00:00", "stage": "G_hybrid replica 1 production 71/200", "mode": "G_hybrid", "block_completed": 166136, "block_samples": 250000, "worker_pids_seen": 128, "elapsed_s": 61.47079515596852}
S2000_PRODUCTION_FINISHED G_hybrid replica 1 production 71/200 {"n": 70250000, "matched_pb": 0.25555804832045453, "matched_error_pb": 0.005643960374820425, "relative_error": 0.02208484691408832, "hard_error_pb": 0.0054824819698053966, "cpu_ms_per_sample": 20.219014484256814, "max_weight_second_moment_fraction": 0.0228954705562043}
PROGRESS {"utc": "2026-09-22T18:01:44.177180+00:00", "stage": "G_hybrid replica 2 production 71/200", "mode": "G_hybrid", "block_completed": 86968, "block_samples": 250000, "worker_pids_seen": 128, "elapsed_s": 30.751331167994067}
PROGRESS {"utc": "2026-09-22T18:02:14.205432+00:00", "stage": "G_hybrid replica 2 production 71/200", "mode": "G_hybrid", "block_completed": 175288, "block_samples": 250000, "worker_pids_seen": 128, "elapsed_s": 60.779582265997306}
S2000_PRODUCTION_FINISHED G_hybrid replica 2 production 71/200 {"n": 70500000, "matched_pb": 0.2552166566343253, "matched_error_pb": 0.005633690885401828, "relative_error": 0.02207415048726144, "hard_error_pb": 0.005471909431721049, "cpu_ms_per_sample": 20.213091055382, "max_weight_second_moment_fraction": 0.022821309836504856}
PROGRESS {"utc": "2026-09-22T18:03:09.470522+00:00", "stage": "G_hybrid replica 3 production 71/200", "mode": "G_hybrid", "block_completed": 125842, "block_samples": 250000, "worker_pids_seen": 128, "elapsed_s": 30.886435403022915}
PROGRESS {"utc": "2026-09-22T18:03:39.508238+00:00", "stage": "G_hybrid replica 3 production 71/200", "mode": "G_hybrid", "block_completed": 232338, "block_samples": 250000, "worker_pids_seen": 128, "elapsed_s": 60.924159879097715}
S2000_PRODUCTION_FINISHED G_hybrid replica 3 production 71/200 {"n": 70750000, "matched_pb": 0.25513200473070036, "matched_error_pb": 0.0056237063196002465, "relative_error": 0.022042339711696463, "hard_error_pb": 0.005461629116464235, "cpu_ms_per_sample": 20.225174264453408, "max_weight_second_moment_fraction": 0.022745698985622956}
PROGRESS {"utc": "2026-09-22T18:04:16.618744+00:00", "stage": "G_hybrid replica 4 production 71/200", "mode": "G_hybrid", "block_completed": 93872, "block_samples": 250000, "worker_pids_seen": 128, "elapsed_s": 30.810413175961003}
PROGRESS {"utc": "2026-09-22T18:04:46.706050+00:00", "stage": "G_hybrid replica 4 production 71/200", "mode": "G_hybrid", "block_completed": 183728, "block_samples": 250000, "worker_pids_seen": 128, "elapsed_s": 60.897647441830486}
S2000_PRODUCTION_FINISHED G_hybrid replica 4 production 71/200 {"n": 71000000, "matched_pb": 0.2559925563485532, "matched_error_pb": 0.005613503210752932, "relative_error": 0.021928384523453578, "hard_error_pb": 0.005451122648944126, "cpu_ms_per_sample": 20.218568578462957, "max_weight_second_moment_fraction": 0.022672953113445277}
PROGRESS {"utc": "2026-09-22T18:05:39.404659+00:00", "stage": "G_hybrid replica 1 production 72/200", "mode": "G_hybrid", "block_completed": 82605, "block_samples": 250000, "worker_pids_seen": 128, "elapsed_s": 30.669924570946023}
PROGRESS {"utc": "2026-09-22T18:06:09.480233+00:00", "stage": "G_hybrid replica 1 production 72/200", "mode": "G_hybrid", "block_completed": 162989, "block_samples": 250000, "worker_pids_seen": 128, "elapsed_s": 60.745497924042866}
PROGRESS {"utc": "2026-09-22T18:06:39.875714+00:00", "stage": "G_hybrid replica 1 production 72/200", "mode": "G_hybrid", "block_completed": 250000, "block_samples": 250000, "worker_pids_seen": 128, "elapsed_s": 91.14098133589141}
S2000_PRODUCTION_FINISHED G_hybrid replica 1 production 72/200 {"n": 71250000, "matched_pb": 0.255981649401065, "matched_error_pb": 0.0056045223538097565, "relative_error": 0.02189423486770626, "hard_error_pb": 0.005441873818001608, "cpu_ms_per_sample": 20.216353259883043, "max_weight_second_moment_fraction": 0.02259071743736288}
PROGRESS {"utc": "2026-09-22T18:07:10.828326+00:00", "stage": "G_hybrid replica 2 production 72/200", "mode": "G_hybrid", "block_completed": 86532, "block_samples": 250000, "worker_pids_seen": 128, "elapsed_s": 30.79628685186617}
PROGRESS {"utc": "2026-09-22T18:07:40.986260+00:00", "stage": "G_hybrid replica 2 production 72/200", "mode": "G_hybrid", "block_completed": 171012, "block_samples": 250000, "worker_pids_seen": 128, "elapsed_s": 60.9542225250043}
S2000_PRODUCTION_FINISHED G_hybrid replica 2 production 72/200 {"n": 71500000, "matched_pb": 0.25611644791449534, "matched_error_pb": 0.005594839083133736, "relative_error": 0.021844903475319075, "hard_error_pb": 0.005431900606864866, "cpu_ms_per_sample": 20.210891486036658, "max_weight_second_moment_fraction": 0.022515468980579482}
PROGRESS {"utc": "2026-09-22T18:08:38.308757+00:00", "stage": "G_hybrid replica 3 production 72/200", "mode": "G_hybrid", "block_completed": 82089, "block_samples": 250000, "worker_pids_seen": 128, "elapsed_s": 30.60323714907281}
PROGRESS {"utc": "2026-09-22T18:09:08.504936+00:00", "stage": "G_hybrid replica 3 production 72/200", "mode": "G_hybrid", "block_completed": 161961, "block_samples": 250000, "worker_pids_seen": 128, "elapsed_s": 60.79941281513311}
PROGRESS {"utc": "2026-09-22T18:09:38.794445+00:00", "stage": "G_hybrid replica 3 production 72/200", "mode": "G_hybrid", "block_completed": 249744, "block_samples": 250000, "worker_pids_seen": 128, "elapsed_s": 91.08892248314805}
S2000_PRODUCTION_FINISHED G_hybrid replica 3 production 72/200 {"n": 71750000, "matched_pb": 0.25594943593461494, "matched_error_pb": 0.005585174870188141, "relative_error": 0.021821399409588597, "hard_error_pb": 0.005421945976056868, "cpu_ms_per_sample": 20.20927605090935, "max_weight_second_moment_fraction": 0.022441015261897276}
PROGRESS {"utc": "2026-09-22T18:10:10.497187+00:00", "stage": "G_hybrid replica 4 production 72/200", "mode": "G_hybrid", "block_completed": 89401, "block_samples": 250000, "worker_pids_seen": 128, "elapsed_s": 30.754807751858607}
PROGRESS {"utc": "2026-09-22T18:10:40.518484+00:00", "stage": "G_hybrid replica 4 production 72/200", "mode": "G_hybrid", "block_completed": 178489, "block_samples": 250000, "worker_pids_seen": 128, "elapsed_s": 60.77611071290448}
S2000_PRODUCTION_FINISHED G_hybrid replica 4 production 72/200 {"n": 72000000, "matched_pb": 0.2558829461213184, "matched_error_pb": 0.00557523829266088, "relative_error": 0.021788237071561484, "hard_error_pb": 0.005411709698113005, "cpu_ms_per_sample": 20.201039302522123, "max_weight_second_moment_fraction": 0.02236983044444051}
PROGRESS {"utc": "2026-09-22T18:11:35.047878+00:00", "stage": "G_hybrid replica 1 production 73/200", "mode": "G_hybrid", "block_completed": 80680, "block_samples": 250000, "worker_pids_seen": 128, "elapsed_s": 30.826753254048526}
PROGRESS {"utc": "2026-09-22T18:12:05.056223+00:00", "stage": "G_hybrid replica 1 production 73/200", "mode": "G_hybrid", "block_completed": 161320, "block_samples": 250000, "worker_pids_seen": 128, "elapsed_s": 60.835098874988034}
PROGRESS {"utc": "2026-09-22T18:12:35.752508+00:00", "stage": "G_hybrid replica 1 production 73/200", "mode": "G_hybrid", "block_completed": 250000, "block_samples": 250000, "worker_pids_seen": 128, "elapsed_s": 91.53141412395053}
S2000_PRODUCTION_FINISHED G_hybrid replica 1 production 73/200 {"n": 72250000, "matched_pb": 0.2560946201459652, "matched_error_pb": 0.005565490565090019, "relative_error": 0.02173216509553336, "hard_error_pb": 0.0054016668785481555, "cpu_ms_per_sample": 20.198268404243045, "max_weight_second_moment_fraction": 0.02229797340112764}
PROGRESS {"utc": "2026-09-22T18:13:06.636708+00:00", "stage": "G_hybrid replica 2 production 73/200", "mode": "G_hybrid", "block_completed": 84179, "block_samples": 250000, "worker_pids_seen": 128, "elapsed_s": 30.73131130519323}
PROGRESS {"utc": "2026-09-22T18:13:36.695226+00:00", "stage": "G_hybrid replica 2 production 73/200", "mode": "G_hybrid", "block_completed": 170707, "block_samples": 250000, "worker_pids_seen": 128, "elapsed_s": 60.789830265101045}
S2000_PRODUCTION_FINISHED G_hybrid replica 2 production 73/200 {"n": 72500000, "matched_pb": 0.2559986205770827, "matched_error_pb": 0.005555986891256914, "relative_error": 0.021703190738810926, "hard_error_pb": 0.005391874458156164, "cpu_ms_per_sample": 20.19246827739913, "max_weight_second_moment_fraction": 0.022224966647404896}
PROGRESS {"utc": "2026-09-22T18:14:33.348581+00:00", "stage": "G_hybrid replica 3 production 73/200", "mode": "G_hybrid", "block_completed": 82056, "block_samples": 250000, "worker_pids_seen": 128, "elapsed_s": 30.687087376834825}
PROGRESS {"utc": "2026-09-22T18:15:03.452604+00:00", "stage": "G_hybrid replica 3 production 73/200", "mode": "G_hybrid", "block_completed": 162184, "block_samples": 250000, "worker_pids_seen": 128, "elapsed_s": 60.79111342900433}
PROGRESS {"utc": "2026-09-22T18:15:33.565600+00:00", "stage": "G_hybrid replica 3 production 73/200", "mode": "G_hybrid", "block_completed": 247440, "block_samples": 250000, "worker_pids_seen": 128, "elapsed_s": 90.90411135484464}
S2000_PRODUCTION_FINISHED G_hybrid replica 3 production 73/200 {"n": 72750000, "matched_pb": 0.25613785984218324, "matched_error_pb": 0.005546375136478028, "relative_error": 0.021653866944524994, "hard_error_pb": 0.005381969620059167, "cpu_ms_per_sample": 20.190772368389002, "max_weight_second_moment_fraction": 0.022153798887627675}
PROGRESS {"utc": "2026-09-22T18:16:07.191889+00:00", "stage": "G_hybrid replica 4 production 73/200", "mode": "G_hybrid", "block_completed": 87512, "block_samples": 250000, "worker_pids_seen": 128, "elapsed_s": 30.58830783702433}
PROGRESS {"utc": "2026-09-22T18:16:37.363990+00:00", "stage": "G_hybrid replica 4 production 73/200", "mode": "G_hybrid", "block_completed": 175320, "block_samples": 250000, "worker_pids_seen": 128, "elapsed_s": 60.760409221984446}
S2000_PRODUCTION_FINISHED G_hybrid replica 4 production 73/200 {"n": 73000000, "matched_pb": 0.2562716352933786, "matched_error_pb": 0.005536830725506305, "relative_error": 0.02160532014855162, "hard_error_pb": 0.005372133125640952, "cpu_ms_per_sample": 20.183889497145017, "max_weight_second_moment_fraction": 0.022082968259255306}
PROGRESS {"utc": "2026-09-22T18:17:33.622835+00:00", "stage": "G_hybrid replica 1 production 74/200", "mode": "G_hybrid", "block_completed": 85951, "block_samples": 250000, "worker_pids_seen": 128, "elapsed_s": 30.57615468511358}
PROGRESS {"utc": "2026-09-22T18:18:03.801277+00:00", "stage": "G_hybrid replica 1 production 74/200", "mode": "G_hybrid", "block_completed": 167103, "block_samples": 250000, "worker_pids_seen": 128, "elapsed_s": 60.75460542202927}
S2000_PRODUCTION_FINISHED G_hybrid replica 1 production 74/200 {"n": 73250000, "matched_pb": 0.2563608385088205, "matched_error_pb": 0.005527106749303148, "relative_error": 0.02155987155235092, "hard_error_pb": 0.005362110485143938, "cpu_ms_per_sample": 20.181254923013082, "max_weight_second_moment_fraction": 0.022014556032057923}
PROGRESS {"utc": "2026-09-22T18:19:03.875889+00:00", "stage": "G_hybrid replica 2 production 74/200", "mode": "G_hybrid", "block_completed": 89072, "block_samples": 250000, "worker_pids_seen": 128, "elapsed_s": 30.674113573040813}
PROGRESS {"utc": "2026-09-22T18:19:33.888299+00:00", "stage": "G_hybrid replica 2 production 74/200", "mode": "G_hybrid", "block_completed": 175600, "block_samples": 250000, "worker_pids_seen": 128, "elapsed_s": 60.68652893207036}
S2000_PRODUCTION_FINISHED G_hybrid replica 2 production 74/200 {"n": 73500000, "matched_pb": 0.256627719753825, "matched_error_pb": 0.005521197629969261, "relative_error": 0.02151442422223747, "hard_error_pb": 0.005356019333971483, "cpu_ms_per_sample": 20.175041798614032, "max_weight_second_moment_fraction": 0.02191481538737056}
PROGRESS {"utc": "2026-09-22T18:20:27.902620+00:00", "stage": "G_hybrid replica 3 production 74/200", "mode": "G_hybrid", "block_completed": 83054, "block_samples": 250000, "worker_pids_seen": 128, "elapsed_s": 30.70615810994059}
PROGRESS {"utc": "2026-09-22T18:20:57.908017+00:00", "stage": "G_hybrid replica 3 production 74/200", "mode": "G_hybrid", "block_completed": 165742, "block_samples": 250000, "worker_pids_seen": 128, "elapsed_s": 60.71155431191437}
S2000_PRODUCTION_FINISHED G_hybrid replica 3 production 74/200 {"n": 73750000, "matched_pb": 0.25667630921659634, "matched_error_pb": 0.005511506530798586, "relative_error": 0.0214725953775021, "hard_error_pb": 0.005346028813589917, "cpu_ms_per_sample": 20.173748779804676, "max_weight_second_moment_fraction": 0.021847921475545956}
PROGRESS {"utc": "2026-09-22T18:21:56.327336+00:00", "stage": "G_hybrid replica 4 production 74/200", "mode": "G_hybrid", "block_completed": 90913, "block_samples": 250000, "worker_pids_seen": 128, "elapsed_s": 30.760761430952698}
PROGRESS {"utc": "2026-09-22T18:22:26.679385+00:00", "stage": "G_hybrid replica 4 production 74/200", "mode": "G_hybrid", "block_completed": 181793, "block_samples": 250000, "worker_pids_seen": 128, "elapsed_s": 61.11280932393856}
S2000_PRODUCTION_FINISHED G_hybrid replica 4 production 74/200 {"n": 74000000, "matched_pb": 0.25689316444068994, "matched_error_pb": 0.00550227003635396, "relative_error": 0.02141851476793301, "hard_error_pb": 0.005336505915827018, "cpu_ms_per_sample": 20.16684829971574, "max_weight_second_moment_fraction": 0.021778068578991477}
PROGRESS {"utc": "2026-09-22T18:23:19.437689+00:00", "stage": "G_hybrid replica 1 production 75/200", "mode": "G_hybrid", "block_completed": 85414, "block_samples": 250000, "worker_pids_seen": 128, "elapsed_s": 30.758630125783384}
PROGRESS {"utc": "2026-09-22T18:23:49.446601+00:00", "stage": "G_hybrid replica 1 production 75/200", "mode": "G_hybrid", "block_completed": 167846, "block_samples": 250000, "worker_pids_seen": 128, "elapsed_s": 60.76754836179316}
S2000_PRODUCTION_FINISHED G_hybrid replica 1 production 75/200 {"n": 74250000, "matched_pb": 0.25689241512265343, "matched_error_pb": 0.005493637236460255, "relative_error": 0.02138497251402816, "hard_error_pb": 0.005327604520093511, "cpu_ms_per_sample": 20.163017973984026, "max_weight_second_moment_fraction": 0.0217040068659855}
PROGRESS {"utc": "2026-09-22T18:24:46.629988+00:00", "stage": "G_hybrid replica 2 production 75/200", "mode": "G_hybrid", "block_completed": 85093, "block_samples": 250000, "worker_pids_seen": 128, "elapsed_s": 30.62882551900111}
PROGRESS {"utc": "2026-09-22T18:25:16.742156+00:00", "stage": "G_hybrid replica 2 production 75/200", "mode": "G_hybrid", "block_completed": 169829, "block_samples": 250000, "worker_pids_seen": 128, "elapsed_s": 60.740993187064305}
S2000_PRODUCTION_FINISHED G_hybrid replica 2 production 75/200 {"n": 74500000, "matched_pb": 0.2561239747231395, "matched_error_pb": 0.0054848738526448535, "relative_error": 0.02141491775056903, "hard_error_pb": 0.005318567571830347, "cpu_ms_per_sample": 20.157798411760574, "max_weight_second_moment_fraction": 0.021631905624850175}
PROGRESS {"utc": "2026-09-22T18:26:13.249952+00:00", "stage": "G_hybrid replica 3 production 75/200", "mode": "G_hybrid", "block_completed": 82632, "block_samples": 250000, "worker_pids_seen": 128, "elapsed_s": 30.62894666311331}
PROGRESS {"utc": "2026-09-22T18:26:43.311118+00:00", "stage": "G_hybrid replica 3 production 75/200", "mode": "G_hybrid", "block_completed": 162760, "block_samples": 250000, "worker_pids_seen": 128, "elapsed_s": 60.69011570606381}
PROGRESS {"utc": "2026-09-22T18:27:13.345952+00:00", "stage": "G_hybrid replica 3 production 75/200", "mode": "G_hybrid", "block_completed": 248720, "block_samples": 250000, "worker_pids_seen": 128, "elapsed_s": 90.7249522251077}
S2000_PRODUCTION_FINISHED G_hybrid replica 3 production 75/200 {"n": 74750000, "matched_pb": 0.2563276387476047, "matched_error_pb": 0.005475484157511274, "relative_error": 0.021361271005592798, "hard_error_pb": 0.005308883742921397, "cpu_ms_per_sample": 20.1566595412741, "max_weight_second_moment_fraction": 0.02156591476814483}
PROGRESS {"utc": "2026-09-22T18:27:45.578942+00:00", "stage": "G_hybrid replica 4 production 75/200", "mode": "G_hybrid", "block_completed": 88243, "block_samples": 250000, "worker_pids_seen": 128, "elapsed_s": 30.734003075165674}
PROGRESS {"utc": "2026-09-22T18:28:15.608536+00:00", "stage": "G_hybrid replica 4 production 75/200", "mode": "G_hybrid", "block_completed": 178355, "block_samples": 250000, "worker_pids_seen": 128, "elapsed_s": 60.763601418118924}
S2000_PRODUCTION_FINISHED G_hybrid replica 4 production 75/200 {"n": 75000000, "matched_pb": 0.25636173395353495, "matched_error_pb": 0.005466194066718768, "relative_error": 0.021322191820209425, "hard_error_pb": 0.005299301596600217, "cpu_ms_per_sample": 20.15002770961144, "max_weight_second_moment_fraction": 0.021499923084352845}
PROGRESS {"utc": "2026-09-22T18:29:11.772071+00:00", "stage": "G_hybrid replica 1 production 76/200", "mode": "G_hybrid", "block_completed": 84136, "block_samples": 250000, "worker_pids_seen": 128, "elapsed_s": 30.587029445916414}
PROGRESS {"utc": "2026-09-22T18:29:41.873858+00:00", "stage": "G_hybrid replica 1 production 76/200", "mode": "G_hybrid", "block_completed": 164008, "block_samples": 250000, "worker_pids_seen": 128, "elapsed_s": 60.688813177868724}
PROGRESS {"utc": "2026-09-22T18:30:12.150215+00:00", "stage": "G_hybrid replica 1 production 76/200", "mode": "G_hybrid", "block_completed": 250000, "block_samples": 250000, "worker_pids_seen": 128, "elapsed_s": 90.96517669479363}
S2000_PRODUCTION_FINISHED G_hybrid replica 1 production 76/200 {"n": 75250000, "matched_pb": 0.2561828090193089, "matched_error_pb": 0.00545759339770662, "relative_error": 0.02130351142060931, "hard_error_pb": 0.0052904296169015465, "cpu_ms_per_sample": 20.147871353928625, "max_weight_second_moment_fraction": 0.02142899443070774}
PROGRESS {"utc": "2026-09-22T18:30:42.956609+00:00", "stage": "G_hybrid replica 2 production 76/200", "mode": "G_hybrid", "block_completed": 85343, "block_samples": 250000, "worker_pids_seen": 128, "elapsed_s": 30.649264234118164}
PROGRESS {"utc": "2026-09-22T18:31:13.015590+00:00", "stage": "G_hybrid replica 2 production 76/200", "mode": "G_hybrid", "block_completed": 169311, "block_samples": 250000, "worker_pids_seen": 128, "elapsed_s": 60.70825447700918}
S2000_PRODUCTION_FINISHED G_hybrid replica 2 production 76/200 {"n": 75500000, "matched_pb": 0.2559785186649765, "matched_error_pb": 0.005448701060717129, "relative_error": 0.021285774638958525, "hard_error_pb": 0.0052812558246839465, "cpu_ms_per_sample": 20.143362255989615, "max_weight_second_moment_fraction": 0.021361332384571097}
PROGRESS {"utc": "2026-09-22T18:32:11.702270+00:00", "stage": "G_hybrid replica 3 production 76/200", "mode": "G_hybrid", "block_completed": 83344, "block_samples": 250000, "worker_pids_seen": 128, "elapsed_s": 30.575481150997803}
PROGRESS {"utc": "2026-09-22T18:32:41.733418+00:00", "stage": "G_hybrid replica 3 production 76/200", "mode": "G_hybrid", "block_completed": 163216, "block_samples": 250000, "worker_pids_seen": 128, "elapsed_s": 60.606627500848845}
PROGRESS {"utc": "2026-09-22T18:33:11.911664+00:00", "stage": "G_hybrid replica 3 production 76/200", "mode": "G_hybrid", "block_completed": 249744, "block_samples": 250000, "worker_pids_seen": 128, "elapsed_s": 90.78488167887554}
S2000_PRODUCTION_FINISHED G_hybrid replica 3 production 76/200 {"n": 75750000, "matched_pb": 0.2559189596898309, "matched_error_pb": 0.005439698357221352, "relative_error": 0.021255550443836466, "hard_error_pb": 0.005271967190172453, "cpu_ms_per_sample": 20.141095590329453, "max_weight_second_moment_fraction": 0.02129540808382494}
PROGRESS {"utc": "2026-09-22T18:33:43.336858+00:00", "stage": "G_hybrid replica 4 production 76/200", "mode": "G_hybrid", "block_completed": 93300, "block_samples": 250000, "worker_pids_seen": 128, "elapsed_s": 30.83386914199218}
PROGRESS {"utc": "2026-09-22T18:34:13.338924+00:00", "stage": "G_hybrid replica 4 production 76/200", "mode": "G_hybrid", "block_completed": 187252, "block_samples": 250000, "worker_pids_seen": 128, "elapsed_s": 60.835935001960024}
S2000_PRODUCTION_FINISHED G_hybrid replica 4 production 76/200 {"n": 76000000, "matched_pb": 0.2552082972365541, "matched_error_pb": 0.005430594163249333, "relative_error": 0.02127906585347295, "hard_error_pb": 0.00526257283109848, "cpu_ms_per_sample": 20.135813424951788, "max_weight_second_moment_fraction": 0.021231130208890347}
PROGRESS {"utc": "2026-09-22T18:35:03.371933+00:00", "stage": "G_hybrid replica 1 production 77/200", "mode": "G_hybrid", "block_completed": 85019, "block_samples": 250000, "worker_pids_seen": 128, "elapsed_s": 30.758156994823366}
PROGRESS {"utc": "2026-09-22T18:35:33.425486+00:00", "stage": "G_hybrid replica 1 production 77/200", "mode": "G_hybrid", "block_completed": 164379, "block_samples": 250000, "worker_pids_seen": 128, "elapsed_s": 60.811710259877145}
PROGRESS {"utc": "2026-09-22T18:36:03.522099+00:00", "stage": "G_hybrid replica 1 production 77/200", "mode": "G_hybrid", "block_completed": 250000, "block_samples": 250000, "worker_pids_seen": 128, "elapsed_s": 90.90832520881668}
S2000_PRODUCTION_FINISHED G_hybrid replica 1 production 77/200 {"n": 76250000, "matched_pb": 0.2555300509268278, "matched_error_pb": 0.005421720538325187, "relative_error": 0.021217545719809376, "hard_error_pb": 0.005253415406418505, "cpu_ms_per_sample": 20.133461848554067, "max_weight_second_moment_fraction": 0.021165736890736815}
PROGRESS {"utc": "2026-09-22T18:36:34.260485+00:00", "stage": "G_hybrid replica 2 production 77/200", "mode": "G_hybrid", "block_completed": 85790, "block_samples": 250000, "worker_pids_seen": 128, "elapsed_s": 30.59272745810449}
PROGRESS {"utc": "2026-09-22T18:37:04.380177+00:00", "stage": "G_hybrid replica 2 production 77/200", "mode": "G_hybrid", "block_completed": 168478, "block_samples": 250000, "worker_pids_seen": 128, "elapsed_s": 60.71242156997323}
S2000_PRODUCTION_FINISHED G_hybrid replica 2 production 77/200 {"n": 76500000, "matched_pb": 0.2555269710895169, "matched_error_pb": 0.0054127606320810715, "relative_error": 0.02118273702772792, "hard_error_pb": 0.005244167950867404, "cpu_ms_per_sample": 20.12806709436936, "max_weight_second_moment_fraction": 0.02110184922334748}
PROGRESS {"utc": "2026-09-22T18:38:02.260380+00:00", "stage": "G_hybrid replica 3 production 77/200", "mode": "G_hybrid", "block_completed": 81576, "block_samples": 250000, "worker_pids_seen": 128, "elapsed_s": 30.780308516928926}
PROGRESS {"utc": "2026-09-22T18:38:32.317279+00:00", "stage": "G_hybrid replica 3 production 77/200", "mode": "G_hybrid", "block_completed": 161448, "block_samples": 250000, "worker_pids_seen": 128, "elapsed_s": 60.8372074989602}
PROGRESS {"utc": "2026-09-22T18:39:02.765233+00:00", "stage": "G_hybrid replica 3 production 77/200", "mode": "G_hybrid", "block_completed": 248976, "block_samples": 250000, "worker_pids_seen": 128, "elapsed_s": 91.28516372805461}
S2000_PRODUCTION_FINISHED G_hybrid replica 3 production 77/200 {"n": 76750000, "matched_pb": 0.25584697389028077, "matched_error_pb": 0.0054084370973464585, "relative_error": 0.021139343628374715, "hard_error_pb": 0.005239705303989103, "cpu_ms_per_sample": 20.127024209002272, "max_weight_second_moment_fraction": 0.02100033176144142}
PROGRESS {"utc": "2026-09-22T18:39:34.094545+00:00", "stage": "G_hybrid replica 4 production 77/200", "mode": "G_hybrid", "block_completed": 88968, "block_samples": 250000, "worker_pids_seen": 128, "elapsed_s": 30.60968368407339}
PROGRESS {"utc": "2026-09-22T18:40:04.115891+00:00", "stage": "G_hybrid replica 4 production 77/200", "mode": "G_hybrid", "block_completed": 181128, "block_samples": 250000, "worker_pids_seen": 128, "elapsed_s": 60.6310353949666}
S2000_PRODUCTION_FINISHED G_hybrid replica 4 production 77/200 {"n": 77000000, "matched_pb": 0.256143865226041, "matched_error_pb": 0.005399559674288727, "relative_error": 0.021080183472376907, "hard_error_pb": 0.005230541512396506, "cpu_ms_per_sample": 20.120205880918856, "max_weight_second_moment_fraction": 0.020937360224298183}
PROGRESS {"utc": "2026-09-22T18:40:57.814666+00:00", "stage": "G_hybrid replica 1 production 78/200", "mode": "G_hybrid", "block_completed": 82332, "block_samples": 250000, "worker_pids_seen": 128, "elapsed_s": 30.871933334041387}
PROGRESS {"utc": "2026-09-22T18:41:27.871367+00:00", "stage": "G_hybrid replica 1 production 78/200", "mode": "G_hybrid", "block_completed": 173212, "block_samples": 250000, "worker_pids_seen": 128, "elapsed_s": 60.92864327598363}
S2000_PRODUCTION_FINISHED G_hybrid replica 1 production 78/200 {"n": 77250000, "matched_pb": 0.2560472733255415, "matched_error_pb": 0.005390879704831108, "relative_error": 0.021054235941724248, "hard_error_pb": 0.005221580587203274, "cpu_ms_per_sample": 20.121446077157984, "max_weight_second_moment_fraction": 0.020873521253232292}
PROGRESS {"utc": "2026-09-22T18:42:25.542903+00:00", "stage": "G_hybrid replica 2 production 78/200", "mode": "G_hybrid", "block_completed": 95701, "block_samples": 250000, "worker_pids_seen": 128, "elapsed_s": 30.768517717020586}
PROGRESS {"utc": "2026-09-22T18:42:55.603024+00:00", "stage": "G_hybrid replica 2 production 78/200", "mode": "G_hybrid", "block_completed": 193493, "block_samples": 250000, "worker_pids_seen": 128, "elapsed_s": 60.828632393153384}
S2000_PRODUCTION_FINISHED G_hybrid replica 2 production 78/200 {"n": 77500000, "matched_pb": 0.25624570682388265, "matched_error_pb": 0.005382094605179095, "relative_error": 0.021003647912346105, "hard_error_pb": 0.005212510160737921, "cpu_ms_per_sample": 20.11795012290443, "max_weight_second_moment_fraction": 0.020811311606574585}
PROGRESS {"utc": "2026-09-22T18:43:44.178202+00:00", "stage": "G_hybrid replica 3 production 78/200", "mode": "G_hybrid", "block_completed": 94009, "block_samples": 250000, "worker_pids_seen": 128, "elapsed_s": 30.935844474006444}
PROGRESS {"utc": "2026-09-22T18:44:14.239451+00:00", "stage": "G_hybrid replica 3 production 78/200", "mode": "G_hybrid", "block_completed": 174393, "block_samples": 250000, "worker_pids_seen": 128, "elapsed_s": 60.99710018886253}
S2000_PRODUCTION_FINISHED G_hybrid replica 3 production 78/200 {"n": 77750000, "matched_pb": 0.25608307979627143, "matched_error_pb": 0.005373147285617371, "relative_error": 0.020982047271112223, "hard_error_pb": 0.005203271239291247, "cpu_ms_per_sample": 20.116199547484594, "max_weight_second_moment_fraction": 0.02075118633976831}
PROGRESS {"utc": "2026-09-22T18:45:12.688541+00:00", "stage": "G_hybrid replica 4 production 78/200", "mode": "G_hybrid", "block_completed": 90497, "block_samples": 250000, "worker_pids_seen": 128, "elapsed_s": 30.75325949699618}
PROGRESS {"utc": "2026-09-22T18:45:42.691909+00:00", "stage": "G_hybrid replica 4 production 78/200", "mode": "G_hybrid", "block_completed": 178817, "block_samples": 250000, "worker_pids_seen": 128, "elapsed_s": 60.7566253519617}
S2000_PRODUCTION_FINISHED G_hybrid replica 4 production 78/200 {"n": 78000000, "matched_pb": 0.25571050305687576, "matched_error_pb": 0.005364663224348588, "relative_error": 0.020979440266305237, "hard_error_pb": 0.005194509731185065, "cpu_ms_per_sample": 20.10841411908053, "max_weight_second_moment_fraction": 0.020687988658821255}
PROGRESS {"utc": "2026-09-22T18:46:36.059314+00:00", "stage": "G_hybrid replica 1 production 79/200", "mode": "G_hybrid", "block_completed": 84073, "block_samples": 250000, "worker_pids_seen": 128, "elapsed_s": 30.75237859901972}
PROGRESS {"utc": "2026-09-22T18:47:06.363758+00:00", "stage": "G_hybrid replica 1 production 79/200", "mode": "G_hybrid", "block_completed": 166505, "block_samples": 250000, "worker_pids_seen": 128, "elapsed_s": 61.056871296837926}
S2000_PRODUCTION_FINISHED G_hybrid replica 1 production 79/200 {"n": 78250000, "matched_pb": 0.25585624986897443, "matched_error_pb": 0.005356847068310166, "relative_error": 0.02093694045407701, "hard_error_pb": 0.0051864371537657114, "cpu_ms_per_sample": 20.105479999054033, "max_weight_second_moment_fraction": 0.020620048997093417}
PROGRESS {"utc": "2026-09-22T18:48:06.641903+00:00", "stage": "G_hybrid replica 2 production 79/200", "mode": "G_hybrid", "block_completed": 135492, "block_samples": 250000, "worker_pids_seen": 128, "elapsed_s": 30.68926944793202}
S2000_PRODUCTION_FINISHED G_hybrid replica 2 production 79/200 {"n": 78500000, "matched_pb": 0.25593822170051456, "matched_error_pb": 0.005348326045974984, "relative_error": 0.02089694149798897, "hard_error_pb": 0.005177635689265184, "cpu_ms_per_sample": 20.114461771459748, "max_weight_second_moment_fraction": 0.02055863799817247}
PROGRESS {"utc": "2026-09-22T18:49:02.460475+00:00", "stage": "G_hybrid replica 3 production 79/200", "mode": "G_hybrid", "block_completed": 128534, "block_samples": 250000, "worker_pids_seen": 128, "elapsed_s": 30.60796430404298}
S2000_PRODUCTION_FINISHED G_hybrid replica 3 production 79/200 {"n": 78750000, "matched_pb": 0.2556797959584833, "matched_error_pb": 0.0053398938379774444, "relative_error": 0.020885083304918332, "hard_error_pb": 0.005168925036946041, "cpu_ms_per_sample": 20.131995993529895, "max_weight_second_moment_fraction": 0.02049722176017701}
PROGRESS {"utc": "2026-09-22T18:50:02.305210+00:00", "stage": "G_hybrid replica 4 production 79/200", "mode": "G_hybrid", "block_completed": 143337, "block_samples": 250000, "worker_pids_seen": 128, "elapsed_s": 30.611053160158917}
S2000_PRODUCTION_FINISHED G_hybrid replica 4 production 79/200 {"n": 79000000, "matched_pb": 0.2557852480330072, "matched_error_pb": 0.005331729971504632, "relative_error": 0.020844556175564168, "hard_error_pb": 0.005160490705905683, "cpu_ms_per_sample": 20.141744761200012, "max_weight_second_moment_fraction": 0.020434330880379284}
PROGRESS {"utc": "2026-09-22T18:50:55.717671+00:00", "stage": "G_hybrid replica 1 production 80/200", "mode": "G_hybrid", "block_completed": 126360, "block_samples": 250000, "worker_pids_seen": 128, "elapsed_s": 30.62934529199265}
PROGRESS {"utc": "2026-09-22T18:51:25.755162+00:00", "stage": "G_hybrid replica 1 production 80/200", "mode": "G_hybrid", "block_completed": 245648, "block_samples": 250000, "worker_pids_seen": 128, "elapsed_s": 60.666835545096546}
S2000_PRODUCTION_FINISHED G_hybrid replica 1 production 80/200 {"n": 79250000, "matched_pb": 0.25594377964948856, "matched_error_pb": 0.005323287496357459, "relative_error": 0.020798659391713395, "hard_error_pb": 0.00515176761952379, "cpu_ms_per_sample": 20.144350307269477, "max_weight_second_moment_fraction": 0.020374433808225893}
PROGRESS {"utc": "2026-09-22T18:51:59.679776+00:00", "stage": "G_hybrid replica 2 production 80/200", "mode": "G_hybrid", "block_completed": 112780, "block_samples": 250000, "worker_pids_seen": 128, "elapsed_s": 30.758247231831774}
PROGRESS {"utc": "2026-09-22T18:52:29.750441+00:00", "stage": "G_hybrid replica 2 production 80/200", "mode": "G_hybrid", "block_completed": 214156, "block_samples": 250000, "worker_pids_seen": 128, "elapsed_s": 60.82891384884715}
S2000_PRODUCTION_FINISHED G_hybrid replica 2 production 80/200 {"n": 79500000, "matched_pb": 0.256059365478106, "matched_error_pb": 0.005314978202789394, "relative_error": 0.02075682017279639, "hard_error_pb": 0.005143181226908549, "cpu_ms_per_sample": 20.140523867651407, "max_weight_second_moment_fraction": 0.02031415303586204}
PROGRESS {"utc": "2026-09-22T18:53:10.406753+00:00", "stage": "G_hybrid replica 3 production 80/200", "mode": "G_hybrid", "block_completed": 91195, "block_samples": 250000, "worker_pids_seen": 128, "elapsed_s": 30.681607692036778}
PROGRESS {"utc": "2026-09-22T18:53:40.415612+00:00", "stage": "G_hybrid replica 3 production 80/200", "mode": "G_hybrid", "block_completed": 178235, "block_samples": 250000, "worker_pids_seen": 128, "elapsed_s": 60.690460212063044}
S2000_PRODUCTION_FINISHED G_hybrid replica 3 production 80/200 {"n": 79750000, "matched_pb": 0.2560954327812435, "matched_error_pb": 0.005306665077795593, "relative_error": 0.020721435834150707, "hard_error_pb": 0.005134589962654609, "cpu_ms_per_sample": 20.139462817167445, "max_weight_second_moment_fraction": 0.020254602018735926}
PROGRESS {"utc": "2026-09-22T18:54:35.585079+00:00", "stage": "G_hybrid replica 4 production 80/200", "mode": "G_hybrid", "block_completed": 95301, "block_samples": 250000, "worker_pids_seen": 128, "elapsed_s": 30.82280971389264}
PROGRESS {"utc": "2026-09-22T18:55:05.653559+00:00", "stage": "G_hybrid replica 4 production 80/200", "mode": "G_hybrid", "block_completed": 189765, "block_samples": 250000, "worker_pids_seen": 128, "elapsed_s": 60.891280910000205}
S2000_PRODUCTION_FINISHED G_hybrid replica 4 production 80/200 {"n": 80000000, "matched_pb": 0.2561763345564988, "matched_error_pb": 0.005298840393857354, "relative_error": 0.0206843477678408, "hard_error_pb": 0.005126502643739932, "cpu_ms_per_sample": 20.133498549147248, "max_weight_second_moment_fraction": 0.020191765677739008}
S2000_PEAK_REPLAYS production_80000000 new 1 total 72 issues 0
PROGRESS {"utc": "2026-09-22T18:55:58.093093+00:00", "stage": "G_hybrid replica 1 production 81/200", "mode": "G_hybrid", "block_completed": 87966, "block_samples": 250000, "worker_pids_seen": 128, "elapsed_s": 30.808513302123174}
PROGRESS {"utc": "2026-09-22T18:56:28.331523+00:00", "stage": "G_hybrid replica 1 production 81/200", "mode": "G_hybrid", "block_completed": 168350, "block_samples": 250000, "worker_pids_seen": 128, "elapsed_s": 61.04693871806376}
S2000_PRODUCTION_FINISHED G_hybrid replica 1 production 81/200 {"n": 80250000, "matched_pb": 0.2563996756891139, "matched_error_pb": 0.005290689972988905, "relative_error": 0.02063454237517795, "hard_error_pb": 0.005118077786335754, "cpu_ms_per_sample": 20.131236575736036, "max_weight_second_moment_fraction": 0.020132273553937714}
PROGRESS {"utc": "2026-09-22T18:57:27.479167+00:00", "stage": "G_hybrid replica 2 production 81/200", "mode": "G_hybrid", "block_completed": 88869, "block_samples": 250000, "worker_pids_seen": 128, "elapsed_s": 30.604374608024955}
PROGRESS {"utc": "2026-09-22T18:57:57.580069+00:00", "stage": "G_hybrid replica 2 production 81/200", "mode": "G_hybrid", "block_completed": 175397, "block_samples": 250000, "worker_pids_seen": 128, "elapsed_s": 60.70527887996286}
S2000_PRODUCTION_FINISHED G_hybrid replica 2 production 81/200 {"n": 80500000, "matched_pb": 0.2562573776392314, "matched_error_pb": 0.005282816898102197, "relative_error": 0.02061527729179974, "hard_error_pb": 0.005109938768280132, "cpu_ms_per_sample": 20.125498451076556, "max_weight_second_moment_fraction": 0.020071207265204956}
PROGRESS {"utc": "2026-09-22T18:58:53.211131+00:00", "stage": "G_hybrid replica 3 production 81/200", "mode": "G_hybrid", "block_completed": 128491, "block_samples": 250000, "worker_pids_seen": 128, "elapsed_s": 30.589741698931903}
PROGRESS {"utc": "2026-09-22T18:59:23.536690+00:00", "stage": "G_hybrid replica 3 production 81/200", "mode": "G_hybrid", "block_completed": 250000, "block_samples": 250000, "worker_pids_seen": 128, "elapsed_s": 60.91531148296781}
S2000_PRODUCTION_FINISHED G_hybrid replica 3 production 81/200 {"n": 80750000, "matched_pb": 0.2568015447091746, "matched_error_pb": 0.005275142419601262, "relative_error": 0.02054170828908102, "hard_error_pb": 0.005102004251642173, "cpu_ms_per_sample": 20.137776678950168, "max_weight_second_moment_fraction": 0.020009213918910935}
PROGRESS {"utc": "2026-09-22T18:59:54.296002+00:00", "stage": "G_hybrid replica 4 production 81/200", "mode": "G_hybrid", "block_completed": 104524, "block_samples": 250000, "worker_pids_seen": 128, "elapsed_s": 30.57891580904834}
PROGRESS {"utc": "2026-09-22T19:00:24.328395+00:00", "stage": "G_hybrid replica 4 production 81/200", "mode": "G_hybrid", "block_completed": 202316, "block_samples": 250000, "worker_pids_seen": 128, "elapsed_s": 60.611312865046784}
S2000_PRODUCTION_FINISHED G_hybrid replica 4 production 81/200 {"n": 81000000, "matched_pb": 0.25645185164483836, "matched_error_pb": 0.0052670912752747975, "relative_error": 0.020538324217558086, "hard_error_pb": 0.0050936794499432374, "cpu_ms_per_sample": 20.13209238768806, "max_weight_second_moment_fraction": 0.01995094223272191}
PROGRESS {"utc": "2026-09-22T19:01:10.099107+00:00", "stage": "G_hybrid replica 1 production 82/200", "mode": "G_hybrid", "block_completed": 90368, "block_samples": 250000, "worker_pids_seen": 128, "elapsed_s": 30.68336571007967}
PROGRESS {"utc": "2026-09-22T19:01:40.163887+00:00", "stage": "G_hybrid replica 1 production 82/200", "mode": "G_hybrid", "block_completed": 177920, "block_samples": 250000, "worker_pids_seen": 128, "elapsed_s": 60.74814544105902}
S2000_PRODUCTION_FINISHED G_hybrid replica 1 production 82/200 {"n": 81250000, "matched_pb": 0.25711715445071, "matched_error_pb": 0.0052621118739251535, "relative_error": 0.020465814057279923, "hard_error_pb": 0.005088530358600825, "cpu_ms_per_sample": 20.12988353164022, "max_weight_second_moment_fraction": 0.019868510229784826}
PROGRESS {"utc": "2026-09-22T19:02:34.850622+00:00", "stage": "G_hybrid replica 2 production 82/200", "mode": "G_hybrid", "block_completed": 94430, "block_samples": 250000, "worker_pids_seen": 128, "elapsed_s": 30.788931228918955}
PROGRESS {"utc": "2026-09-22T19:03:05.001864+00:00", "stage": "G_hybrid replica 2 production 82/200", "mode": "G_hybrid", "block_completed": 185822, "block_samples": 250000, "worker_pids_seen": 128, "elapsed_s": 60.940163761842996}
S2000_PRODUCTION_FINISHED G_hybrid replica 2 production 82/200 {"n": 81500000, "matched_pb": 0.25718586231120666, "matched_error_pb": 0.005260704045486398, "relative_error": 0.02045487258984985, "hard_error_pb": 0.005087074492367407, "cpu_ms_per_sample": 20.12409057302858, "max_weight_second_moment_fraction": 0.019758111644525372}
PROGRESS {"utc": "2026-09-22T19:03:55.583964+00:00", "stage": "G_hybrid replica 3 production 82/200", "mode": "G_hybrid", "block_completed": 88470, "block_samples": 250000, "worker_pids_seen": 128, "elapsed_s": 30.642022747080773}
PROGRESS {"utc": "2026-09-22T19:04:25.585627+00:00", "stage": "G_hybrid replica 3 production 82/200", "mode": "G_hybrid", "block_completed": 171670, "block_samples": 250000, "worker_pids_seen": 128, "elapsed_s": 60.64368239999749}
S2000_PRODUCTION_FINISHED G_hybrid replica 3 production 82/200 {"n": 81750000, "matched_pb": 0.2571371207295452, "matched_error_pb": 0.005253178906211941, "relative_error": 0.0204294848262581, "hard_error_pb": 0.00507929212168076, "cpu_ms_per_sample": 20.122324455293935, "max_weight_second_moment_fraction": 0.019697673580676436}
PROGRESS {"utc": "2026-09-22T19:05:23.027503+00:00", "stage": "G_hybrid replica 4 production 82/200", "mode": "G_hybrid", "block_completed": 89608, "block_samples": 250000, "worker_pids_seen": 128, "elapsed_s": 30.733849252108485}
PROGRESS {"utc": "2026-09-22T19:05:53.087128+00:00", "stage": "G_hybrid replica 4 production 82/200", "mode": "G_hybrid", "block_completed": 176392, "block_samples": 250000, "worker_pids_seen": 128, "elapsed_s": 60.79348299908452}
S2000_PRODUCTION_FINISHED G_hybrid replica 4 production 82/200 {"n": 82000000, "matched_pb": 0.25688038187154844, "matched_error_pb": 0.005244934923383859, "relative_error": 0.020417810364384146, "hard_error_pb": 0.005070765443917692, "cpu_ms_per_sample": 20.11665074169572, "max_weight_second_moment_fraction": 0.01964364380726589}
PROGRESS {"utc": "2026-09-22T19:06:47.168935+00:00", "stage": "G_hybrid replica 1 production 83/200", "mode": "G_hybrid", "block_completed": 129599, "block_samples": 250000, "worker_pids_seen": 128, "elapsed_s": 30.86199175589718}
PROGRESS {"utc": "2026-09-22T19:07:17.260574+00:00", "stage": "G_hybrid replica 1 production 83/200", "mode": "G_hybrid", "block_completed": 217407, "block_samples": 250000, "worker_pids_seen": 128, "elapsed_s": 60.95363023993559}
S2000_PRODUCTION_FINISHED G_hybrid replica 1 production 83/200 {"n": 82250000, "matched_pb": 0.2569038000726359, "matched_error_pb": 0.005237119424918411, "relative_error": 0.020385527280786388, "hard_error_pb": 0.005062681078989264, "cpu_ms_per_sample": 20.121274616365373, "max_weight_second_moment_fraction": 0.01958681610840223}
PROGRESS {"utc": "2026-09-22T19:07:57.982806+00:00", "stage": "G_hybrid replica 2 production 83/200", "mode": "G_hybrid", "block_completed": 90320, "block_samples": 250000, "worker_pids_seen": 128, "elapsed_s": 30.638094187015668}
PROGRESS {"utc": "2026-09-22T19:08:28.059670+00:00", "stage": "G_hybrid replica 2 production 83/200", "mode": "G_hybrid", "block_completed": 179408, "block_samples": 250000, "worker_pids_seen": 128, "elapsed_s": 60.714951121015474}
S2000_PRODUCTION_FINISHED G_hybrid replica 2 production 83/200 {"n": 82500000, "matched_pb": 0.2570287995808322, "matched_error_pb": 0.005229159162750873, "relative_error": 0.020344642978836196, "hard_error_pb": 0.005054446100818523, "cpu_ms_per_sample": 20.116324574608715, "max_weight_second_moment_fraction": 0.019531777791621}
PROGRESS {"utc": "2026-09-22T19:09:20.355439+00:00", "stage": "G_hybrid replica 3 production 83/200", "mode": "G_hybrid", "block_completed": 84780, "block_samples": 250000, "worker_pids_seen": 128, "elapsed_s": 30.60994551004842}
PROGRESS {"utc": "2026-09-22T19:09:50.361312+00:00", "stage": "G_hybrid replica 3 production 83/200", "mode": "G_hybrid", "block_completed": 167724, "block_samples": 250000, "worker_pids_seen": 128, "elapsed_s": 60.61582450103015}
S2000_PRODUCTION_FINISHED G_hybrid replica 3 production 83/200 {"n": 82750000, "matched_pb": 0.2569385110510851, "matched_error_pb": 0.005221166734917984, "relative_error": 0.020320685729668216, "hard_error_pb": 0.00504617695988877, "cpu_ms_per_sample": 20.114681114196554, "max_weight_second_moment_fraction": 0.01947761764521278}
PROGRESS {"utc": "2026-09-22T19:10:51.075383+00:00", "stage": "G_hybrid replica 4 production 83/200", "mode": "G_hybrid", "block_completed": 89552, "block_samples": 250000, "worker_pids_seen": 128, "elapsed_s": 30.581205388065428}
PROGRESS {"utc": "2026-09-22T19:11:21.114779+00:00", "stage": "G_hybrid replica 4 production 83/200", "mode": "G_hybrid", "block_completed": 178128, "block_samples": 250000, "worker_pids_seen": 128, "elapsed_s": 60.62060951907188}
S2000_PRODUCTION_FINISHED G_hybrid replica 4 production 83/200 {"n": 83000000, "matched_pb": 0.2570444679138044, "matched_error_pb": 0.0052142094404628945, "relative_error": 0.020285242793909856, "hard_error_pb": 0.005038978063626644, "cpu_ms_per_sample": 20.10903780186812, "max_weight_second_moment_fraction": 0.019415817950482566}
PROGRESS {"utc": "2026-09-22T19:12:15.599321+00:00", "stage": "G_hybrid replica 1 production 84/200", "mode": "G_hybrid", "block_completed": 86069, "block_samples": 250000, "worker_pids_seen": 128, "elapsed_s": 30.631831916049123}
PROGRESS {"utc": "2026-09-22T19:12:45.665654+00:00", "stage": "G_hybrid replica 1 production 84/200", "mode": "G_hybrid", "block_completed": 171317, "block_samples": 250000, "worker_pids_seen": 128, "elapsed_s": 60.69816553709097}
S2000_PRODUCTION_FINISHED G_hybrid replica 1 production 84/200 {"n": 83250000, "matched_pb": 0.25734919591416405, "matched_error_pb": 0.005206168386744156, "relative_error": 0.020229977281454634, "hard_error_pb": 0.0050306569260716244, "cpu_ms_per_sample": 20.106651897155015, "max_weight_second_moment_fraction": 0.019363281518590625}
PROGRESS {"utc": "2026-09-22T19:13:43.230579+00:00", "stage": "G_hybrid replica 2 production 84/200", "mode": "G_hybrid", "block_completed": 90558, "block_samples": 250000, "worker_pids_seen": 128, "elapsed_s": 31.181041995063424}
PROGRESS {"utc": "2026-09-22T19:14:13.338962+00:00", "stage": "G_hybrid replica 2 production 84/200", "mode": "G_hybrid", "block_completed": 177342, "block_samples": 250000, "worker_pids_seen": 128, "elapsed_s": 61.289424227084965}
S2000_PRODUCTION_FINISHED G_hybrid replica 2 production 84/200 {"n": 83500000, "matched_pb": 0.25766039145233266, "matched_error_pb": 0.0051985262069083275, "relative_error": 0.020175884145817804, "hard_error_pb": 0.005022747710229017, "cpu_ms_per_sample": 20.101373852060647, "max_weight_second_moment_fraction": 0.019308174029743955}
PROGRESS {"utc": "2026-09-22T19:15:07.649636+00:00", "stage": "G_hybrid replica 3 production 84/200", "mode": "G_hybrid", "block_completed": 88078, "block_samples": 250000, "worker_pids_seen": 128, "elapsed_s": 30.715742140077055}
PROGRESS {"utc": "2026-09-22T19:15:37.769559+00:00", "stage": "G_hybrid replica 3 production 84/200", "mode": "G_hybrid", "block_completed": 169742, "block_samples": 250000, "worker_pids_seen": 128, "elapsed_s": 60.83563856687397}
S2000_PRODUCTION_FINISHED G_hybrid replica 3 production 84/200 {"n": 83750000, "matched_pb": 0.257496696552162, "matched_error_pb": 0.005191500255056533, "relative_error": 0.020161424688432353, "hard_error_pb": 0.005015475524309754, "cpu_ms_per_sample": 20.100694978415305, "max_weight_second_moment_fraction": 0.019248770836556135}
PROGRESS {"utc": "2026-09-22T19:16:39.082350+00:00", "stage": "G_hybrid replica 4 production 84/200", "mode": "G_hybrid", "block_completed": 87654, "block_samples": 250000, "worker_pids_seen": 128, "elapsed_s": 31.02755901403725}
PROGRESS {"utc": "2026-09-22T19:17:09.112938+00:00", "stage": "G_hybrid replica 4 production 84/200", "mode": "G_hybrid", "block_completed": 174694, "block_samples": 250000, "worker_pids_seen": 128, "elapsed_s": 61.05814464204013}
S2000_PRODUCTION_FINISHED G_hybrid replica 4 production 84/200 {"n": 84000000, "matched_pb": 0.2577480911554596, "matched_error_pb": 0.00518369032186529, "relative_error": 0.020111459598506864, "hard_error_pb": 0.005007391056198629, "cpu_ms_per_sample": 20.095150374601072, "max_weight_second_moment_fraction": 0.019196201581975356}
PROGRESS {"utc": "2026-09-22T19:18:02.914469+00:00", "stage": "G_hybrid replica 1 production 85/200", "mode": "G_hybrid", "block_completed": 129680, "block_samples": 250000, "worker_pids_seen": 128, "elapsed_s": 30.68825880298391}
S2000_PRODUCTION_FINISHED G_hybrid replica 1 production 85/200 {"n": 84250000, "matched_pb": 0.25776942683457377, "matched_error_pb": 0.005176013298050143, "relative_error": 0.020080012442173382, "hard_error_pb": 0.004999443318839615, "cpu_ms_per_sample": 20.109125763114196, "max_weight_second_moment_fraction": 0.019143166382442532}
PROGRESS {"utc": "2026-09-22T19:19:02.715443+00:00", "stage": "G_hybrid replica 2 production 85/200", "mode": "G_hybrid", "block_completed": 139141, "block_samples": 250000, "worker_pids_seen": 128, "elapsed_s": 30.585149452090263}
S2000_PRODUCTION_FINISHED G_hybrid replica 2 production 85/200 {"n": 84500000, "matched_pb": 0.2575962465122628, "matched_error_pb": 0.0051685078742633415, "relative_error": 0.020064375720697063, "hard_error_pb": 0.004991672413432227, "cpu_ms_per_sample": 20.11602303120756, "max_weight_second_moment_fraction": 0.01908935673535746}
PROGRESS {"utc": "2026-09-22T19:19:58.618365+00:00", "stage": "G_hybrid replica 3 production 85/200", "mode": "G_hybrid", "block_completed": 127482, "block_samples": 250000, "worker_pids_seen": 128, "elapsed_s": 30.59594492497854}
S2000_PRODUCTION_FINISHED G_hybrid replica 3 production 85/200 {"n": 84750000, "matched_pb": 0.25731417184243366, "matched_error_pb": 0.005160562199515286, "relative_error": 0.02005549155168708, "hard_error_pb": 0.004983444797704114, "cpu_ms_per_sample": 20.127733669093427, "max_weight_second_moment_fraction": 0.019039612343730195}
PROGRESS {"utc": "2026-09-22T19:20:58.430245+00:00", "stage": "G_hybrid replica 4 production 85/200", "mode": "G_hybrid", "block_completed": 138421, "block_samples": 250000, "worker_pids_seen": 128, "elapsed_s": 30.58465966419317}
S2000_PRODUCTION_FINISHED G_hybrid replica 4 production 85/200 {"n": 85000000, "matched_pb": 0.2574216001570848, "matched_error_pb": 0.0051533436498358105, "relative_error": 0.020019080165344, "hard_error_pb": 0.004975969313611291, "cpu_ms_per_sample": 20.134500372433212, "max_weight_second_moment_fraction": 0.01898469367617104}
S2000_PEAK_REPLAYS production_85000000 new 1 total 73 issues 0
PROGRESS {"utc": "2026-09-22T19:21:56.688287+00:00", "stage": "G_hybrid replica 1 production 86/200", "mode": "G_hybrid", "block_completed": 103189, "block_samples": 250000, "worker_pids_seen": 128, "elapsed_s": 30.60607055714354}
PROGRESS {"utc": "2026-09-22T19:22:26.700053+00:00", "stage": "G_hybrid replica 1 production 86/200", "mode": "G_hybrid", "block_completed": 200725, "block_samples": 250000, "worker_pids_seen": 128, "elapsed_s": 60.61782887717709}
S2000_PRODUCTION_FINISHED G_hybrid replica 1 production 86/200 {"n": 85250000, "matched_pb": 0.25812946347579413, "matched_error_pb": 0.00514575260549678, "relative_error": 0.01993477434233043, "hard_error_pb": 0.0049681072566597284, "cpu_ms_per_sample": 20.132329026432743, "max_weight_second_moment_fraction": 0.018933295815100056}
PROGRESS {"utc": "2026-09-22T19:23:12.552109+00:00", "stage": "G_hybrid replica 2 production 86/200", "mode": "G_hybrid", "block_completed": 94480, "block_samples": 250000, "worker_pids_seen": 128, "elapsed_s": 30.595310642849654}
PROGRESS {"utc": "2026-09-22T19:23:42.627252+00:00", "stage": "G_hybrid replica 2 production 86/200", "mode": "G_hybrid", "block_completed": 188944, "block_samples": 250000, "worker_pids_seen": 128, "elapsed_s": 60.670462681911886}
S2000_PRODUCTION_FINISHED G_hybrid replica 2 production 86/200 {"n": 85500000, "matched_pb": 0.25834140471548306, "matched_error_pb": 0.005138811614486126, "relative_error": 0.01989155249870074, "hard_error_pb": 0.004960917722143319, "cpu_ms_per_sample": 20.12739625173992, "max_weight_second_moment_fraction": 0.0188773345841213}
PROGRESS {"utc": "2026-09-22T19:24:32.464633+00:00", "stage": "G_hybrid replica 3 production 86/200", "mode": "G_hybrid", "block_completed": 88992, "block_samples": 250000, "worker_pids_seen": 128, "elapsed_s": 30.786214373074472}
PROGRESS {"utc": "2026-09-22T19:25:02.627509+00:00", "stage": "G_hybrid replica 3 production 86/200", "mode": "G_hybrid", "block_completed": 172960, "block_samples": 250000, "worker_pids_seen": 128, "elapsed_s": 60.94908693386242}
S2000_PRODUCTION_FINISHED G_hybrid replica 3 production 86/200 {"n": 85750000, "matched_pb": 0.2579818433020994, "matched_error_pb": 0.005132017305390405, "relative_error": 0.019892939905002384, "hard_error_pb": 0.004953879435303683, "cpu_ms_per_sample": 20.12676924317787, "max_weight_second_moment_fraction": 0.018820787097312597}
PROGRESS {"utc": "2026-09-22T19:25:58.356718+00:00", "stage": "G_hybrid replica 4 production 86/200", "mode": "G_hybrid", "block_completed": 141718, "block_samples": 250000, "worker_pids_seen": 128, "elapsed_s": 30.569578540045768}
S2000_PRODUCTION_FINISHED G_hybrid replica 4 production 86/200 {"n": 86000000, "matched_pb": 0.25784746523815594, "matched_error_pb": 0.005124481594986443, "relative_error": 0.019874081718248858, "hard_error_pb": 0.0049460723260030225, "cpu_ms_per_sample": 20.136031560488746, "max_weight_second_moment_fraction": 0.018770638840998995}
PROGRESS {"utc": "2026-09-22T19:26:53.961239+00:00", "stage": "G_hybrid replica 1 production 87/200", "mode": "G_hybrid", "block_completed": 97156, "block_samples": 250000, "worker_pids_seen": 128, "elapsed_s": 30.755987751996145}
PROGRESS {"utc": "2026-09-22T19:27:24.113569+00:00", "stage": "G_hybrid replica 1 production 87/200", "mode": "G_hybrid", "block_completed": 188036, "block_samples": 250000, "worker_pids_seen": 128, "elapsed_s": 60.90831344714388}
S2000_PRODUCTION_FINISHED G_hybrid replica 1 production 87/200 {"n": 86250000, "matched_pb": 0.2580041856550346, "matched_error_pb": 0.005117222450493305, "relative_error": 0.019833873770308926, "hard_error_pb": 0.0049385509458272124, "cpu_ms_per_sample": 20.133444620692906, "max_weight_second_moment_fraction": 0.018718869451657523}
PROGRESS {"utc": "2026-09-22T19:28:14.129634+00:00", "stage": "G_hybrid replica 2 production 87/200", "mode": "G_hybrid", "block_completed": 97845, "block_samples": 250000, "worker_pids_seen": 128, "elapsed_s": 30.581778967985883}
PROGRESS {"utc": "2026-09-22T19:28:44.161317+00:00", "stage": "G_hybrid replica 2 production 87/200", "mode": "G_hybrid", "block_completed": 182837, "block_samples": 250000, "worker_pids_seen": 128, "elapsed_s": 60.613461180822924}
S2000_PRODUCTION_FINISHED G_hybrid replica 2 production 87/200 {"n": 86500000, "matched_pb": 0.25777884042373106, "matched_error_pb": 0.0051097881667922646, "relative_error": 0.019822372380886303, "hard_error_pb": 0.004930847284817123, "cpu_ms_per_sample": 20.129311719516767, "max_weight_second_moment_fraction": 0.01866902104891984}
PROGRESS {"utc": "2026-09-22T19:29:36.282971+00:00", "stage": "G_hybrid replica 3 production 87/200", "mode": "G_hybrid", "block_completed": 86301, "block_samples": 250000, "worker_pids_seen": 128, "elapsed_s": 30.601827340899035}
PROGRESS {"utc": "2026-09-22T19:30:06.511133+00:00", "stage": "G_hybrid replica 3 production 87/200", "mode": "G_hybrid", "block_completed": 165661, "block_samples": 250000, "worker_pids_seen": 128, "elapsed_s": 60.829992580926046}
PROGRESS {"utc": "2026-09-22T19:30:36.704972+00:00", "stage": "G_hybrid replica 3 production 87/200", "mode": "G_hybrid", "block_completed": 249744, "block_samples": 250000, "worker_pids_seen": 128, "elapsed_s": 91.02383245504461}
S2000_PRODUCTION_FINISHED G_hybrid replica 3 production 87/200 {"n": 86750000, "matched_pb": 0.2577990664024428, "matched_error_pb": 0.005102302233595317, "relative_error": 0.019791779329527352, "hard_error_pb": 0.004923089265862433, "cpu_ms_per_sample": 20.129424878775975, "max_weight_second_moment_fraction": 0.018620119908587394}
PROGRESS {"utc": "2026-09-22T19:31:07.700192+00:00", "stage": "G_hybrid replica 4 production 87/200", "mode": "G_hybrid", "block_completed": 89404, "block_samples": 250000, "worker_pids_seen": 128, "elapsed_s": 30.70104565215297}
PROGRESS {"utc": "2026-09-22T19:31:37.751877+00:00", "stage": "G_hybrid replica 4 production 87/200", "mode": "G_hybrid", "block_completed": 181564, "block_samples": 250000, "worker_pids_seen": 128, "elapsed_s": 60.75273514096625}
S2000_PRODUCTION_FINISHED G_hybrid replica 4 production 87/200 {"n": 87000000, "matched_pb": 0.25774750986979017, "matched_error_pb": 0.00509493557706131, "relative_error": 0.019767157322432286, "hard_error_pb": 0.004915454035092101, "cpu_ms_per_sample": 20.123305233427946, "max_weight_second_moment_fraction": 0.01857081935970904}
PROGRESS {"utc": "2026-09-22T19:32:31.029135+00:00", "stage": "G_hybrid replica 1 production 88/200", "mode": "G_hybrid", "block_completed": 123024, "block_samples": 250000, "worker_pids_seen": 128, "elapsed_s": 30.953166159102693}
PROGRESS {"utc": "2026-09-22T19:33:01.030795+00:00", "stage": "G_hybrid replica 1 production 88/200", "mode": "G_hybrid", "block_completed": 206736, "block_samples": 250000, "worker_pids_seen": 128, "elapsed_s": 60.95482047600672}
S2000_PRODUCTION_FINISHED G_hybrid replica 1 production 88/200 {"n": 87250000, "matched_pb": 0.25810731756526273, "matched_error_pb": 0.005087552022152924, "relative_error": 0.019710994907637714, "hard_error_pb": 0.0049078004660754555, "cpu_ms_per_sample": 20.126213925604024, "max_weight_second_moment_fraction": 0.018522185357581947}
PROGRESS {"utc": "2026-09-22T19:33:46.024558+00:00", "stage": "G_hybrid replica 2 production 88/200", "mode": "G_hybrid", "block_completed": 89673, "block_samples": 250000, "worker_pids_seen": 128, "elapsed_s": 30.695129653904587}
PROGRESS {"utc": "2026-09-22T19:34:16.067094+00:00", "stage": "G_hybrid replica 2 production 88/200", "mode": "G_hybrid", "block_completed": 175433, "block_samples": 250000, "worker_pids_seen": 128, "elapsed_s": 60.73766351304948}
S2000_PRODUCTION_FINISHED G_hybrid replica 2 production 88/200 {"n": 87500000, "matched_pb": 0.25794087532895615, "matched_error_pb": 0.005080473657088365, "relative_error": 0.01969627206470923, "hard_error_pb": 0.004900462469713137, "cpu_ms_per_sample": 20.12193084406654, "max_weight_second_moment_fraction": 0.018471689773316678}
PROGRESS {"utc": "2026-09-22T19:35:10.608276+00:00", "stage": "G_hybrid replica 3 production 88/200", "mode": "G_hybrid", "block_completed": 83122, "block_samples": 250000, "worker_pids_seen": 128, "elapsed_s": 30.584101313957945}
PROGRESS {"utc": "2026-09-22T19:35:40.729924+00:00", "stage": "G_hybrid replica 3 production 88/200", "mode": "G_hybrid", "block_completed": 163506, "block_samples": 250000, "worker_pids_seen": 128, "elapsed_s": 60.705752433044836}
S2000_PRODUCTION_FINISHED G_hybrid replica 3 production 88/200 {"n": 87750000, "matched_pb": 0.25809023113940366, "matched_error_pb": 0.005072917159723886, "relative_error": 0.019655595399051828, "hard_error_pb": 0.0048926279590951124, "cpu_ms_per_sample": 20.121080908736563, "max_weight_second_moment_fraction": 0.018425455959314635}
PROGRESS {"utc": "2026-09-22T19:36:40.767515+00:00", "stage": "G_hybrid replica 4 production 88/200", "mode": "G_hybrid", "block_completed": 89558, "block_samples": 250000, "worker_pids_seen": 128, "elapsed_s": 30.676612571114674}
PROGRESS {"utc": "2026-09-22T19:37:10.817233+00:00", "stage": "G_hybrid replica 4 production 88/200", "mode": "G_hybrid", "block_completed": 181718, "block_samples": 250000, "worker_pids_seen": 128, "elapsed_s": 60.72632648516446}
S2000_PRODUCTION_FINISHED G_hybrid replica 4 production 88/200 {"n": 88000000, "matched_pb": 0.2578447310561213, "matched_error_pb": 0.005065742360092206, "relative_error": 0.01964648391046478, "hard_error_pb": 0.004885188378714858, "cpu_ms_per_sample": 20.116034526303046, "max_weight_second_moment_fraction": 0.018376756782799077}
PROGRESS {"utc": "2026-09-22T19:37:59.744961+00:00", "stage": "G_hybrid replica 1 production 89/200", "mode": "G_hybrid", "block_completed": 96009, "block_samples": 250000, "worker_pids_seen": 128, "elapsed_s": 30.658042752882466}
PROGRESS {"utc": "2026-09-22T19:38:29.757428+00:00", "stage": "G_hybrid replica 1 production 89/200", "mode": "G_hybrid", "block_completed": 193545, "block_samples": 250000, "worker_pids_seen": 128, "elapsed_s": 60.67050808807835}
S2000_PRODUCTION_FINISHED G_hybrid replica 1 production 89/200 {"n": 88250000, "matched_pb": 0.25781071804763417, "matched_error_pb": 0.005060208794511675, "relative_error": 0.019627612198716775, "hard_error_pb": 0.0048794500592537525, "cpu_ms_per_sample": 20.115471778039467, "max_weight_second_moment_fraction": 0.018315790420763086}
PROGRESS {"utc": "2026-09-22T19:39:18.280607+00:00", "stage": "G_hybrid replica 2 production 89/200", "mode": "G_hybrid", "block_completed": 88548, "block_samples": 250000, "worker_pids_seen": 128, "elapsed_s": 30.61042265687138}
PROGRESS {"utc": "2026-09-22T19:39:48.329506+00:00", "stage": "G_hybrid replica 2 production 89/200", "mode": "G_hybrid", "block_completed": 177892, "block_samples": 250000, "worker_pids_seen": 128, "elapsed_s": 60.6593213789165}
S2000_PRODUCTION_FINISHED G_hybrid replica 2 production 89/200 {"n": 88500000, "matched_pb": 0.25804008102543863, "matched_error_pb": 0.005053219367354851, "relative_error": 0.01958307929246342, "hard_error_pb": 0.004872201331154975, "cpu_ms_per_sample": 20.110598953075776, "max_weight_second_moment_fraction": 0.01826669100347526}
PROGRESS {"utc": "2026-09-22T19:40:41.693151+00:00", "stage": "G_hybrid replica 3 production 89/200", "mode": "G_hybrid", "block_completed": 90164, "block_samples": 250000, "worker_pids_seen": 128, "elapsed_s": 30.615207473980263}
PROGRESS {"utc": "2026-09-22T19:41:11.790328+00:00", "stage": "G_hybrid replica 3 production 89/200", "mode": "G_hybrid", "block_completed": 173364, "block_samples": 250000, "worker_pids_seen": 128, "elapsed_s": 60.71238283580169}
S2000_PRODUCTION_FINISHED G_hybrid replica 3 production 89/200 {"n": 88750000, "matched_pb": 0.25846193334177103, "matched_error_pb": 0.005046269539285763, "relative_error": 0.019524227316728097, "hard_error_pb": 0.004864992918784311, "cpu_ms_per_sample": 20.1101567369607, "max_weight_second_moment_fraction": 0.018217793753052144}
PROGRESS {"utc": "2026-09-22T19:42:07.208902+00:00", "stage": "G_hybrid replica 4 production 89/200", "mode": "G_hybrid", "block_completed": 91528, "block_samples": 250000, "worker_pids_seen": 128, "elapsed_s": 30.693663802929223}
PROGRESS {"utc": "2026-09-22T19:42:37.220629+00:00", "stage": "G_hybrid replica 4 production 89/200", "mode": "G_hybrid", "block_completed": 182920, "block_samples": 250000, "worker_pids_seen": 128, "elapsed_s": 60.70539474580437}
S2000_PRODUCTION_FINISHED G_hybrid replica 4 production 89/200 {"n": 89000000, "matched_pb": 0.2582820372549366, "matched_error_pb": 0.005040891687842489, "relative_error": 0.019517004517301723, "hard_error_pb": 0.004859414454978876, "cpu_ms_per_sample": 20.105530583170744, "max_weight_second_moment_fraction": 0.01815720600064768}
PROGRESS {"utc": "2026-09-22T19:43:28.079194+00:00", "stage": "G_hybrid replica 1 production 90/200", "mode": "G_hybrid", "block_completed": 85538, "block_samples": 250000, "worker_pids_seen": 128, "elapsed_s": 30.65355674503371}
PROGRESS {"utc": "2026-09-22T19:43:58.101322+00:00", "stage": "G_hybrid replica 1 production 90/200", "mode": "G_hybrid", "block_completed": 170786, "block_samples": 250000, "worker_pids_seen": 128, "elapsed_s": 60.67568142293021}
S2000_PRODUCTION_FINISHED G_hybrid replica 1 production 90/200 {"n": 89250000, "matched_pb": 0.25844075034311725, "matched_error_pb": 0.0050338159089646055, "relative_error": 0.019477640048179288, "hard_error_pb": 0.004852074035095024, "cpu_ms_per_sample": 20.104009652080492, "max_weight_second_moment_fraction": 0.018110300048835314}
PROGRESS {"utc": "2026-09-22T19:44:55.310975+00:00", "stage": "G_hybrid replica 2 production 90/200", "mode": "G_hybrid", "block_completed": 140696, "block_samples": 250000, "worker_pids_seen": 128, "elapsed_s": 30.578487918013707}
S2000_PRODUCTION_FINISHED G_hybrid replica 2 production 90/200 {"n": 89500000, "matched_pb": 0.2584621508079383, "matched_error_pb": 0.005026933249118356, "relative_error": 0.019449398039149805, "hard_error_pb": 0.004844933201581811, "cpu_ms_per_sample": 20.115624475359787, "max_weight_second_moment_fraction": 0.01806239247217115}
PROGRESS {"utc": "2026-09-22T19:45:50.087404+00:00", "stage": "G_hybrid replica 3 production 90/200", "mode": "G_hybrid", "block_completed": 131034, "block_samples": 250000, "worker_pids_seen": 128, "elapsed_s": 30.553282466949895}
S2000_PRODUCTION_FINISHED G_hybrid replica 3 production 90/200 {"n": 89750000, "matched_pb": 0.2583034629651488, "matched_error_pb": 0.005019837311733949, "relative_error": 0.019433875388698302, "hard_error_pb": 0.004837570306773274, "cpu_ms_per_sample": 20.131179170058534, "max_weight_second_moment_fraction": 0.01801662385924063}
PROGRESS {"utc": "2026-09-22T19:46:49.526241+00:00", "stage": "G_hybrid replica 4 production 90/200", "mode": "G_hybrid", "block_completed": 144097, "block_samples": 250000, "worker_pids_seen": 128, "elapsed_s": 30.573323941091076}
S2000_PRODUCTION_FINISHED G_hybrid replica 4 production 90/200 {"n": 90000000, "matched_pb": 0.2584020834720155, "matched_error_pb": 0.005013278912007713, "relative_error": 0.019401077749245942, "hard_error_pb": 0.00483076446189207, "cpu_ms_per_sample": 20.138922614043278, "max_weight_second_moment_fraction": 0.01796719056788864}
PROGRESS {"utc": "2026-09-22T19:47:45.457536+00:00", "stage": "G_hybrid replica 1 production 91/200", "mode": "G_hybrid", "block_completed": 132475, "block_samples": 250000, "worker_pids_seen": 128, "elapsed_s": 30.698755383025855}
S2000_PRODUCTION_FINISHED G_hybrid replica 1 production 91/200 {"n": 90250000, "matched_pb": 0.25895234893749974, "matched_error_pb": 0.005006610511788553, "relative_error": 0.01933409962230904, "hard_error_pb": 0.004823843763374783, "cpu_ms_per_sample": 20.149798230338785, "max_weight_second_moment_fraction": 0.017919096256644364}
PROGRESS {"utc": "2026-09-22T19:48:44.589323+00:00", "stage": "G_hybrid replica 2 production 91/200", "mode": "G_hybrid", "block_completed": 138972, "block_samples": 250000, "worker_pids_seen": 128, "elapsed_s": 30.845381380990148}
S2000_PRODUCTION_FINISHED G_hybrid replica 2 production 91/200 {"n": 90500000, "matched_pb": 0.25886063017903826, "matched_error_pb": 0.005000161372575754, "relative_error": 0.019316036467644553, "hard_error_pb": 0.004817149944572703, "cpu_ms_per_sample": 20.160106323360164, "max_weight_second_moment_fraction": 0.017869791664188374}
PROGRESS {"utc": "2026-09-22T19:49:39.201457+00:00", "stage": "G_hybrid replica 3 production 91/200", "mode": "G_hybrid", "block_completed": 129935, "block_samples": 250000, "worker_pids_seen": 128, "elapsed_s": 30.6959363699425}
S2000_PRODUCTION_FINISHED G_hybrid replica 3 production 91/200 {"n": 90750000, "matched_pb": 0.2587405291797232, "matched_error_pb": 0.004993143596971703, "relative_error": 0.019297879666557483, "hard_error_pb": 0.00480986515576868, "cpu_ms_per_sample": 20.174207555208596, "max_weight_second_moment_fraction": 0.01782534261188856}
PROGRESS {"utc": "2026-09-22T19:50:38.796288+00:00", "stage": "G_hybrid replica 4 production 91/200", "mode": "G_hybrid", "block_completed": 140077, "block_samples": 250000, "worker_pids_seen": 128, "elapsed_s": 30.57108054915443}
S2000_PRODUCTION_FINISHED G_hybrid replica 4 production 91/200 {"n": 91000000, "matched_pb": 0.2585153548109441, "matched_error_pb": 0.004987301382616516, "relative_error": 0.019292089579219768, "hard_error_pb": 0.004803800049725921, "cpu_ms_per_sample": 20.179870736681384, "max_weight_second_moment_fraction": 0.017772327234546886}
PROGRESS {"utc": "2026-09-22T19:51:34.387077+00:00", "stage": "G_hybrid replica 1 production 92/200", "mode": "G_hybrid", "block_completed": 130653, "block_samples": 250000, "worker_pids_seen": 128, "elapsed_s": 30.592074437066913}
S2000_PRODUCTION_FINISHED G_hybrid replica 1 production 92/200 {"n": 91250000, "matched_pb": 0.25807143175809644, "matched_error_pb": 0.004981107594671441, "relative_error": 0.019301274692583904, "hard_error_pb": 0.004797369352717347, "cpu_ms_per_sample": 20.19006903165626, "max_weight_second_moment_fraction": 0.017722492990977518}
PROGRESS {"utc": "2026-09-22T19:52:32.588353+00:00", "stage": "G_hybrid replica 2 production 92/200", "mode": "G_hybrid", "block_completed": 139532, "block_samples": 250000, "worker_pids_seen": 128, "elapsed_s": 30.737024302128702}
S2000_PRODUCTION_FINISHED G_hybrid replica 2 production 92/200 {"n": 91500000, "matched_pb": 0.2580413527053064, "matched_error_pb": 0.0049745569829857915, "relative_error": 0.019278138681387766, "hard_error_pb": 0.004790567504343389, "cpu_ms_per_sample": 20.199526010263476, "max_weight_second_moment_fraction": 0.017675867990061277}
PROGRESS {"utc": "2026-09-22T19:53:28.419507+00:00", "stage": "G_hybrid replica 3 production 92/200", "mode": "G_hybrid", "block_completed": 134263, "block_samples": 250000, "worker_pids_seen": 128, "elapsed_s": 30.635562940966338}
S2000_PRODUCTION_FINISHED G_hybrid replica 3 production 92/200 {"n": 91750000, "matched_pb": 0.257386518833476, "matched_error_pb": 0.004979214862322346, "relative_error": 0.019345282281640397, "hard_error_pb": 0.004795404099955487, "cpu_ms_per_sample": 20.211658514969027, "max_weight_second_moment_fraction": 0.017544230119828808}
PROGRESS {"utc": "2026-09-22T19:54:26.664893+00:00", "stage": "G_hybrid replica 4 production 92/200", "mode": "G_hybrid", "block_completed": 138541, "block_samples": 250000, "worker_pids_seen": 128, "elapsed_s": 30.62282103090547}
S2000_PRODUCTION_FINISHED G_hybrid replica 4 production 92/200 {"n": 92000000, "matched_pb": 0.257369154098825, "matched_error_pb": 0.004972338373107944, "relative_error": 0.01931986912152906, "hard_error_pb": 0.004788263644932253, "cpu_ms_per_sample": 20.219139828552358, "max_weight_second_moment_fraction": 0.017501090435053084}
PROGRESS {"utc": "2026-09-22T19:55:22.938337+00:00", "stage": "G_hybrid replica 1 production 93/200", "mode": "G_hybrid", "block_completed": 126855, "block_samples": 250000, "worker_pids_seen": 128, "elapsed_s": 30.610694407019764}
PROGRESS {"utc": "2026-09-22T19:55:52.965335+00:00", "stage": "G_hybrid replica 1 production 93/200", "mode": "G_hybrid", "block_completed": 238736, "block_samples": 250000, "worker_pids_seen": 128, "elapsed_s": 60.63769805501215}
S2000_PRODUCTION_FINISHED G_hybrid replica 1 production 93/200 {"n": 92250000, "matched_pb": 0.2573570527316771, "matched_error_pb": 0.004965544534046845, "relative_error": 0.01929437907895211, "hard_error_pb": 0.004781208252764216, "cpu_ms_per_sample": 20.22280234694733, "max_weight_second_moment_fraction": 0.017457771152919188}
PROGRESS {"utc": "2026-09-22T19:56:28.786112+00:00", "stage": "G_hybrid replica 2 production 93/200", "mode": "G_hybrid", "block_completed": 135738, "block_samples": 250000, "worker_pids_seen": 128, "elapsed_s": 30.671178682008758}
S2000_PRODUCTION_FINISHED G_hybrid replica 2 production 93/200 {"n": 92500000, "matched_pb": 0.25723442051536133, "matched_error_pb": 0.004959131856754088, "relative_error": 0.019278648039475505, "hard_error_pb": 0.004774548000530668, "cpu_ms_per_sample": 20.231543459157116, "max_weight_second_moment_fraction": 0.017412007895290033}
PROGRESS {"utc": "2026-09-22T19:57:24.122966+00:00", "stage": "G_hybrid replica 3 production 93/200", "mode": "G_hybrid", "block_completed": 129590, "block_samples": 250000, "worker_pids_seen": 128, "elapsed_s": 30.703931258060038}
S2000_PRODUCTION_FINISHED G_hybrid replica 3 production 93/200 {"n": 92750000, "matched_pb": 0.2574322381301586, "matched_error_pb": 0.0049530487914457005, "relative_error": 0.019240204053003737, "hard_error_pb": 0.004768229458314676, "cpu_ms_per_sample": 20.24841993327836, "max_weight_second_moment_fraction": 0.017364198688494495}
PROGRESS {"utc": "2026-09-22T19:58:23.797064+00:00", "stage": "G_hybrid replica 4 production 93/200", "mode": "G_hybrid", "block_completed": 140257, "block_samples": 250000, "worker_pids_seen": 128, "elapsed_s": 30.670124842086807}
S2000_PRODUCTION_FINISHED G_hybrid replica 4 production 93/200 {"n": 93000000, "matched_pb": 0.2573545884431686, "matched_error_pb": 0.0049463575720042185, "relative_error": 0.019220009256203794, "hard_error_pb": 0.004761278511788784, "cpu_ms_per_sample": 20.2567120914477, "max_weight_second_moment_fraction": 0.01732143191232283}
PROGRESS {"utc": "2026-09-22T19:59:17.924079+00:00", "stage": "G_hybrid replica 1 production 94/200", "mode": "G_hybrid", "block_completed": 129248, "block_samples": 250000, "worker_pids_seen": 128, "elapsed_s": 30.626604527933523}
S2000_PRODUCTION_FINISHED G_hybrid replica 1 production 94/200 {"n": 93250000, "matched_pb": 0.25761444817149964, "matched_error_pb": 0.004939914172437874, "relative_error": 0.019175609937643185, "hard_error_pb": 0.004754584300204458, "cpu_ms_per_sample": 20.265083257033623, "max_weight_second_moment_fraction": 0.017277229726254378}
PROGRESS {"utc": "2026-09-22T20:00:17.784625+00:00", "stage": "G_hybrid replica 2 production 94/200", "mode": "G_hybrid", "block_completed": 137898, "block_samples": 250000, "worker_pids_seen": 128, "elapsed_s": 30.69484565104358}
S2000_PRODUCTION_FINISHED G_hybrid replica 2 production 94/200 {"n": 93500000, "matched_pb": 0.257486167539847, "matched_error_pb": 0.004933468047737094, "relative_error": 0.019160128463885814, "hard_error_pb": 0.004747886562960514, "cpu_ms_per_sample": 20.273553194487295, "max_weight_second_moment_fraction": 0.01723347991668238}
PROGRESS {"utc": "2026-09-22T20:01:14.394546+00:00", "stage": "G_hybrid replica 3 production 94/200", "mode": "G_hybrid", "block_completed": 129775, "block_samples": 250000, "worker_pids_seen": 128, "elapsed_s": 30.758303055074066}
S2000_PRODUCTION_FINISHED G_hybrid replica 3 production 94/200 {"n": 93750000, "matched_pb": 0.257369852490582, "matched_error_pb": 0.00492695547860536, "relative_error": 0.01914348332148053, "hard_error_pb": 0.004741119079379627, "cpu_ms_per_sample": 20.290289007200045, "max_weight_second_moment_fraction": 0.017190660896602258}
PROGRESS {"utc": "2026-09-22T20:02:13.479376+00:00", "stage": "G_hybrid replica 4 production 94/200", "mode": "G_hybrid", "block_completed": 141324, "block_samples": 250000, "worker_pids_seen": 128, "elapsed_s": 30.574623638996854}
S2000_PRODUCTION_FINISHED G_hybrid replica 4 production 94/200 {"n": 94000000, "matched_pb": 0.25710618037295585, "matched_error_pb": 0.004920559457716184, "relative_error": 0.019138238725255323, "hard_error_pb": 0.004734472010015303, "cpu_ms_per_sample": 20.297042163583875, "max_weight_second_moment_fraction": 0.017147389013322665}
PROGRESS {"utc": "2026-09-22T20:03:09.608705+00:00", "stage": "G_hybrid replica 1 production 95/200", "mode": "G_hybrid", "block_completed": 127687, "block_samples": 250000, "worker_pids_seen": 128, "elapsed_s": 30.64453250891529}
PROGRESS {"utc": "2026-09-22T20:03:42.488334+00:00", "stage": "G_hybrid replica 1 production 95/200", "mode": "G_hybrid", "block_completed": 250000, "block_samples": 250000, "worker_pids_seen": 128, "elapsed_s": 63.52415721397847}
S2000_PRODUCTION_FINISHED G_hybrid replica 1 production 95/200 {"n": 94250000, "matched_pb": 0.25727433723829163, "matched_error_pb": 0.004914100513206468, "relative_error": 0.019100624516058706, "hard_error_pb": 0.004727758844377981, "cpu_ms_per_sample": 20.299545014906695, "max_weight_second_moment_fraction": 0.01710501596226582}
PROGRESS {"utc": "2026-09-22T20:04:13.196634+00:00", "stage": "G_hybrid replica 2 production 95/200", "mode": "G_hybrid", "block_completed": 115454, "block_samples": 250000, "worker_pids_seen": 128, "elapsed_s": 30.563128086039796}
PROGRESS {"utc": "2026-09-22T20:04:43.249513+00:00", "stage": "G_hybrid replica 2 production 95/200", "mode": "G_hybrid", "block_completed": 217854, "block_samples": 250000, "worker_pids_seen": 128, "elapsed_s": 60.6160605980549}
S2000_PRODUCTION_FINISHED G_hybrid replica 2 production 95/200 {"n": 94500000, "matched_pb": 0.2571121268132355, "matched_error_pb": 0.004907886053371807, "relative_error": 0.019088504747723792, "hard_error_pb": 0.004721299116724087, "cpu_ms_per_sample": 20.29503631266728, "max_weight_second_moment_fraction": 0.01706122304278752}
PROGRESS {"utc": "2026-09-22T20:05:24.425070+00:00", "stage": "G_hybrid replica 3 production 95/200", "mode": "G_hybrid", "block_completed": 93088, "block_samples": 250000, "worker_pids_seen": 128, "elapsed_s": 30.812935555819422}
PROGRESS {"utc": "2026-09-22T20:05:54.443812+00:00", "stage": "G_hybrid replica 3 production 95/200", "mode": "G_hybrid", "block_completed": 181920, "block_samples": 250000, "worker_pids_seen": 128, "elapsed_s": 60.83168937382288}
S2000_PRODUCTION_FINISHED G_hybrid replica 3 production 95/200 {"n": 94750000, "matched_pb": 0.2576312757378586, "matched_error_pb": 0.0049036950914568625, "relative_error": 0.019033772500689716, "hard_error_pb": 0.004716942376866213, "cpu_ms_per_sample": 20.293621822196474, "max_weight_second_moment_fraction": 0.01700267749738157}
PROGRESS {"utc": "2026-09-22T20:06:49.074315+00:00", "stage": "G_hybrid replica 4 production 95/200", "mode": "G_hybrid", "block_completed": 137557, "block_samples": 250000, "worker_pids_seen": 128, "elapsed_s": 30.629771201871336}
S2000_PRODUCTION_FINISHED G_hybrid replica 4 production 95/200 {"n": 95000000, "matched_pb": 0.2577910952717967, "matched_error_pb": 0.004897318222223264, "relative_error": 0.018997235793035746, "hard_error_pb": 0.004710312686692698, "cpu_ms_per_sample": 20.298968480208053, "max_weight_second_moment_fraction": 0.016960952079564832}
S2000_PEAK_REPLAYS production_95000000 new 2 total 75 issues 0
PROGRESS {"utc": "2026-09-22T20:07:50.151099+00:00", "stage": "G_hybrid replica 1 production 96/200", "mode": "G_hybrid", "block_completed": 94278, "block_samples": 250000, "worker_pids_seen": 128, "elapsed_s": 30.597560500958934}
PROGRESS {"utc": "2026-09-22T20:08:20.249042+00:00", "stage": "G_hybrid replica 1 production 96/200", "mode": "G_hybrid", "block_completed": 187974, "block_samples": 250000, "worker_pids_seen": 128, "elapsed_s": 60.69552033697255}
S2000_PRODUCTION_FINISHED G_hybrid replica 1 production 96/200 {"n": 95250000, "matched_pb": 0.25787335886049445, "matched_error_pb": 0.004890735647473748, "relative_error": 0.01896564914299488, "hard_error_pb": 0.004703468402165428, "cpu_ms_per_sample": 20.296298469672507, "max_weight_second_moment_fraction": 0.016921173886991613}
PROGRESS {"utc": "2026-09-22T20:09:09.744653+00:00", "stage": "G_hybrid replica 2 production 96/200", "mode": "G_hybrid", "block_completed": 110823, "block_samples": 250000, "worker_pids_seen": 128, "elapsed_s": 30.96453147288412}
PROGRESS {"utc": "2026-09-22T20:09:39.761086+00:00", "stage": "G_hybrid replica 2 production 96/200", "mode": "G_hybrid", "block_completed": 207591, "block_samples": 250000, "worker_pids_seen": 128, "elapsed_s": 60.98097183392383}
S2000_PRODUCTION_FINISHED G_hybrid replica 2 production 96/200 {"n": 95500000, "matched_pb": 0.2576452062577096, "matched_error_pb": 0.004885201877827104, "relative_error": 0.01896096554166306, "hard_error_pb": 0.004697714042363968, "cpu_ms_per_sample": 20.292572750937563, "max_weight_second_moment_fraction": 0.016873959200953442}
PROGRESS {"utc": "2026-09-22T20:10:23.230196+00:00", "stage": "G_hybrid replica 3 production 96/200", "mode": "G_hybrid", "block_completed": 130585, "block_samples": 250000, "worker_pids_seen": 128, "elapsed_s": 30.58726686798036}
S2000_PRODUCTION_FINISHED G_hybrid replica 3 production 96/200 {"n": 95750000, "matched_pb": 0.25790033263010637, "matched_error_pb": 0.004879034147159842, "relative_error": 0.018918293347677057, "hard_error_pb": 0.004691299824766044, "cpu_ms_per_sample": 20.30760825112515, "max_weight_second_moment_fraction": 0.016831893643814134}
PROGRESS {"utc": "2026-09-22T20:11:21.922528+00:00", "stage": "G_hybrid replica 4 production 96/200", "mode": "G_hybrid", "block_completed": 141203, "block_samples": 250000, "worker_pids_seen": 128, "elapsed_s": 30.688480764161795}
S2000_PRODUCTION_FINISHED G_hybrid replica 4 production 96/200 {"n": 96000000, "matched_pb": 0.25800426838217877, "matched_error_pb": 0.004873382007207045, "relative_error": 0.018888765049375693, "hard_error_pb": 0.004685421221711823, "cpu_ms_per_sample": 20.31437666774615, "max_weight_second_moment_fraction": 0.01678638551602664}
PROGRESS {"utc": "2026-09-22T20:12:16.661759+00:00", "stage": "G_hybrid replica 1 production 97/200", "mode": "G_hybrid", "block_completed": 133846, "block_samples": 250000, "worker_pids_seen": 128, "elapsed_s": 30.58075013710186}
S2000_PRODUCTION_FINISHED G_hybrid replica 1 production 97/200 {"n": 96250000, "matched_pb": 0.2581095073875303, "matched_error_pb": 0.0048682270038512936, "relative_error": 0.018861091376002857, "hard_error_pb": 0.004680059187416874, "cpu_ms_per_sample": 20.32353832356453, "max_weight_second_moment_fraction": 0.016737584898725153}
PROGRESS {"utc": "2026-09-22T20:13:15.223588+00:00", "stage": "G_hybrid replica 2 production 97/200", "mode": "G_hybrid", "block_completed": 136818, "block_samples": 250000, "worker_pids_seen": 128, "elapsed_s": 30.572817410808057}
S2000_PRODUCTION_FINISHED G_hybrid replica 2 production 97/200 {"n": 96500000, "matched_pb": 0.2575331188788661, "matched_error_pb": 0.004862265253456731, "relative_error": 0.018880155199548363, "hard_error_pb": 0.004673857425261365, "cpu_ms_per_sample": 20.332685530264826, "max_weight_second_moment_fraction": 0.016695188804610715}
PROGRESS {"utc": "2026-09-22T20:14:10.410965+00:00", "stage": "G_hybrid replica 3 production 97/200", "mode": "G_hybrid", "block_completed": 107173, "block_samples": 250000, "worker_pids_seen": 128, "elapsed_s": 30.59125055000186}
PROGRESS {"utc": "2026-09-22T20:14:40.597925+00:00", "stage": "G_hybrid replica 3 production 97/200", "mode": "G_hybrid", "block_completed": 200357, "block_samples": 250000, "worker_pids_seen": 128, "elapsed_s": 60.77821144415066}
S2000_PRODUCTION_FINISHED G_hybrid replica 3 production 97/200 {"n": 96750000, "matched_pb": 0.2577042669106524, "matched_error_pb": 0.004855735640459162, "relative_error": 0.01884227878206873, "hard_error_pb": 0.004667064221405518, "cpu_ms_per_sample": 20.33152469502398, "max_weight_second_moment_fraction": 0.016657406966234543}
PROGRESS {"utc": "2026-09-22T20:15:27.146246+00:00", "stage": "G_hybrid replica 4 production 97/200", "mode": "G_hybrid", "block_completed": 116711, "block_samples": 250000, "worker_pids_seen": 128, "elapsed_s": 30.630691261030734}
PROGRESS {"utc": "2026-09-22T20:15:57.161688+00:00", "stage": "G_hybrid replica 4 production 97/200", "mode": "G_hybrid", "block_completed": 211175, "block_samples": 250000, "worker_pids_seen": 128, "elapsed_s": 60.646133366040885}
S2000_PRODUCTION_FINISHED G_hybrid replica 4 production 97/200 {"n": 97000000, "matched_pb": 0.25808545113486625, "matched_error_pb": 0.004849920186472409, "relative_error": 0.018791916263183755, "hard_error_pb": 0.00466101337177343, "cpu_ms_per_sample": 20.32685210923384, "max_weight_second_moment_fraction": 0.01661471064791365}
PROGRESS {"utc": "2026-09-22T20:16:39.772627+00:00", "stage": "G_hybrid replica 1 production 98/200", "mode": "G_hybrid", "block_completed": 90618, "block_samples": 250000, "worker_pids_seen": 128, "elapsed_s": 30.639764360152185}
PROGRESS {"utc": "2026-09-22T20:17:09.846783+00:00", "stage": "G_hybrid replica 1 production 98/200", "mode": "G_hybrid", "block_completed": 175354, "block_samples": 250000, "worker_pids_seen": 128, "elapsed_s": 60.713924787938595}
S2000_PRODUCTION_FINISHED G_hybrid replica 1 production 98/200 {"n": 97250000, "matched_pb": 0.2579998994158414, "matched_error_pb": 0.004843654079994988, "relative_error": 0.018773860342433855, "hard_error_pb": 0.004654492956633434, "cpu_ms_per_sample": 20.324289427681606, "max_weight_second_moment_fraction": 0.016575741195499854}
PROGRESS {"utc": "2026-09-22T20:18:05.802526+00:00", "stage": "G_hybrid replica 2 production 98/200", "mode": "G_hybrid", "block_completed": 118283, "block_samples": 250000, "worker_pids_seen": 128, "elapsed_s": 30.609937737928703}
PROGRESS {"utc": "2026-09-22T20:18:35.806806+00:00", "stage": "G_hybrid replica 2 production 98/200", "mode": "G_hybrid", "block_completed": 206603, "block_samples": 250000, "worker_pids_seen": 128, "elapsed_s": 60.61421574908309}
S2000_PRODUCTION_FINISHED G_hybrid replica 2 production 98/200 {"n": 97500000, "matched_pb": 0.2576653397634344, "matched_error_pb": 0.004837603852180126, "relative_error": 0.018774755877610808, "hard_error_pb": 0.004648196517718043, "cpu_ms_per_sample": 20.32280369891787, "max_weight_second_moment_fraction": 0.016535551756520613}
PROGRESS {"utc": "2026-09-22T20:19:19.097675+00:00", "stage": "G_hybrid replica 3 production 98/200", "mode": "G_hybrid", "block_completed": 131011, "block_samples": 250000, "worker_pids_seen": 128, "elapsed_s": 30.613654376007617}
S2000_PRODUCTION_FINISHED G_hybrid replica 3 production 98/200 {"n": 97750000, "matched_pb": 0.25720744314346955, "matched_error_pb": 0.004831421443743961, "relative_error": 0.018784143198566024, "hard_error_pb": 0.004641761842637678, "cpu_ms_per_sample": 20.33367906417824, "max_weight_second_moment_fraction": 0.01649671904737101}
PROGRESS {"utc": "2026-09-22T20:20:19.247123+00:00", "stage": "G_hybrid replica 4 production 98/200", "mode": "G_hybrid", "block_completed": 139695, "block_samples": 250000, "worker_pids_seen": 128, "elapsed_s": 30.664706632029265}
S2000_PRODUCTION_FINISHED G_hybrid replica 4 production 98/200 {"n": 98000000, "matched_pb": 0.2571889219068902, "matched_error_pb": 0.004825687336863142, "relative_error": 0.01876320061176733, "hard_error_pb": 0.004635793147872264, "cpu_ms_per_sample": 20.338860415355267, "max_weight_second_moment_fraction": 0.01645494995120589}
PROGRESS {"utc": "2026-09-22T20:21:14.464587+00:00", "stage": "G_hybrid replica 1 production 99/200", "mode": "G_hybrid", "block_completed": 131678, "block_samples": 250000, "worker_pids_seen": 128, "elapsed_s": 30.625492037972435}
S2000_PRODUCTION_FINISHED G_hybrid replica 1 production 99/200 {"n": 98250000, "matched_pb": 0.2566378477757841, "matched_error_pb": 0.00481973351940041, "relative_error": 0.018780291220378574, "hard_error_pb": 0.004629595126437086, "cpu_ms_per_sample": 20.348053323022373, "max_weight_second_moment_fraction": 0.016415177995662812}
PROGRESS {"utc": "2026-09-22T20:22:12.924506+00:00", "stage": "G_hybrid replica 2 production 99/200", "mode": "G_hybrid", "block_completed": 136210, "block_samples": 250000, "worker_pids_seen": 128, "elapsed_s": 30.707873604958877}
S2000_PRODUCTION_FINISHED G_hybrid replica 2 production 99/200 {"n": 98500000, "matched_pb": 0.2569791899340076, "matched_error_pb": 0.0048137454681762264, "relative_error": 0.018732043903681068, "hard_error_pb": 0.0046233608196944035, "cpu_ms_per_sample": 20.357150555886054, "max_weight_second_moment_fraction": 0.01637603446391692}
PROGRESS {"utc": "2026-09-22T20:23:08.039922+00:00", "stage": "G_hybrid replica 3 production 99/200", "mode": "G_hybrid", "block_completed": 127002, "block_samples": 250000, "worker_pids_seen": 128, "elapsed_s": 30.75610264390707}
S2000_PRODUCTION_FINISHED G_hybrid replica 3 production 99/200 {"n": 98750000, "matched_pb": 0.2570426980730235, "matched_error_pb": 0.004807610492698007, "relative_error": 0.018703548199343164, "hard_error_pb": 0.004616972870420414, "cpu_ms_per_sample": 20.36859524793154, "max_weight_second_moment_fraction": 0.016338340052401566}
PROGRESS {"utc": "2026-09-22T20:24:07.903075+00:00", "stage": "G_hybrid replica 4 production 99/200", "mode": "G_hybrid", "block_completed": 140697, "block_samples": 250000, "worker_pids_seen": 128, "elapsed_s": 30.567315646912903}
S2000_PRODUCTION_FINISHED G_hybrid replica 4 production 99/200 {"n": 99000000, "matched_pb": 0.25710231285975255, "matched_error_pb": 0.004801509817009025, "relative_error": 0.01867548278193909, "hard_error_pb": 0.00461061995392509, "cpu_ms_per_sample": 20.37578379286828, "max_weight_second_moment_fraction": 0.016300756034266208}
PROGRESS {"utc": "2026-09-22T20:25:02.918121+00:00", "stage": "G_hybrid replica 1 production 100/200", "mode": "G_hybrid", "block_completed": 130706, "block_samples": 250000, "worker_pids_seen": 128, "elapsed_s": 30.654524610145018}
S2000_PRODUCTION_FINISHED G_hybrid replica 1 production 100/200 {"n": 99250000, "matched_pb": 0.25695630491049953, "matched_error_pb": 0.004796000801697404, "relative_error": 0.018664655079656048, "hard_error_pb": 0.004604882574678782, "cpu_ms_per_sample": 20.384545423316258, "max_weight_second_moment_fraction": 0.016259179205601968}
PROGRESS {"utc": "2026-09-22T20:26:02.108597+00:00", "stage": "G_hybrid replica 2 production 100/200", "mode": "G_hybrid", "block_completed": 136468, "block_samples": 250000, "worker_pids_seen": 128, "elapsed_s": 30.61314562521875}
S2000_PRODUCTION_FINISHED G_hybrid replica 2 production 100/200 {"n": 99500000, "matched_pb": 0.2566665135019139, "matched_error_pb": 0.004790412467623019, "relative_error": 0.018663955816687783, "hard_error_pb": 0.00459906201813546, "cpu_ms_per_sample": 20.390790311166885, "max_weight_second_moment_fraction": 0.01621855044666145}
PROGRESS {"utc": "2026-09-22T20:26:59.435577+00:00", "stage": "G_hybrid replica 3 production 100/200", "mode": "G_hybrid", "block_completed": 130098, "block_samples": 250000, "worker_pids_seen": 128, "elapsed_s": 30.60514499200508}
S2000_PRODUCTION_FINISHED G_hybrid replica 3 production 100/200 {"n": 99750000, "matched_pb": 0.2570095187337854, "matched_error_pb": 0.004785585854685986, "relative_error": 0.018620266977905097, "hard_error_pb": 0.004594034371798795, "cpu_ms_per_sample": 20.403021594221187, "max_weight_second_moment_fraction": 0.016172698623590814}
PROGRESS {"utc": "2026-09-22T20:27:58.691780+00:00", "stage": "G_hybrid replica 4 production 100/200", "mode": "G_hybrid", "block_completed": 141851, "block_samples": 250000, "worker_pids_seen": 128, "elapsed_s": 30.72281275689602}
S2000_PRODUCTION_FINISHED G_hybrid replica 4 production 100/200 {"n": 100000000, "matched_pb": 0.25687198710824655, "matched_error_pb": 0.004779928887374325, "relative_error": 0.018608213924705033, "hard_error_pb": 0.004588141236389057, "cpu_ms_per_sample": 20.410321465035945, "max_weight_second_moment_fraction": 0.01613329987444243}
PROGRESS {"utc": "2026-09-22T20:28:54.619588+00:00", "stage": "G_hybrid replica 1 production 101/200", "mode": "G_hybrid", "block_completed": 129576, "block_samples": 250000, "worker_pids_seen": 128, "elapsed_s": 30.729435082990676}
S2000_PRODUCTION_FINISHED G_hybrid replica 1 production 101/200 {"n": 100250000, "matched_pb": 0.25704999725055294, "matched_error_pb": 0.004774221217561776, "relative_error": 0.018573123005748277, "hard_error_pb": 0.004582194678417232, "cpu_ms_per_sample": 20.42229581196582, "max_weight_second_moment_fraction": 0.016094628208220295}
PROGRESS {"utc": "2026-09-22T20:29:54.826444+00:00", "stage": "G_hybrid replica 2 production 101/200", "mode": "G_hybrid", "block_completed": 134052, "block_samples": 250000, "worker_pids_seen": 128, "elapsed_s": 30.677271756110713}
S2000_PRODUCTION_FINISHED G_hybrid replica 2 production 101/200 {"n": 100500000, "matched_pb": 0.2571659357938049, "matched_error_pb": 0.004768388111089667, "relative_error": 0.01854206738684454, "hard_error_pb": 0.0045761168051831275, "cpu_ms_per_sample": 20.421639694881218, "max_weight_second_moment_fraction": 0.01605722417122575}
PROGRESS {"utc": "2026-09-22T20:30:51.824445+00:00", "stage": "G_hybrid replica 3 production 101/200", "mode": "G_hybrid", "block_completed": 106931, "block_samples": 250000, "worker_pids_seen": 128, "elapsed_s": 30.687676184112206}
PROGRESS {"utc": "2026-09-22T20:31:21.836315+00:00", "stage": "G_hybrid replica 3 production 101/200", "mode": "G_hybrid", "block_completed": 196275, "block_samples": 250000, "worker_pids_seen": 128, "elapsed_s": 60.699545592069626}
S2000_PRODUCTION_FINISHED G_hybrid replica 3 production 101/200 {"n": 100750000, "matched_pb": 0.25678477424793905, "matched_error_pb": 0.004762443944603053, "relative_error": 0.01854644208774102, "hard_error_pb": 0.004569922555381484, "cpu_ms_per_sample": 20.42100300953257, "max_weight_second_moment_fraction": 0.01602097527525124}
PROGRESS {"utc": "2026-09-22T20:32:11.431391+00:00", "stage": "G_hybrid replica 4 production 101/200", "mode": "G_hybrid", "block_completed": 108071, "block_samples": 250000, "worker_pids_seen": 128, "elapsed_s": 30.686370382085443}
PROGRESS {"utc": "2026-09-22T20:32:41.480143+00:00", "stage": "G_hybrid replica 4 production 101/200", "mode": "G_hybrid", "block_completed": 209959, "block_samples": 250000, "worker_pids_seen": 128, "elapsed_s": 60.73512003500946}
S2000_PRODUCTION_FINISHED G_hybrid replica 4 production 101/200 {"n": 101000000, "matched_pb": 0.25640502038690827, "matched_error_pb": 0.004756549180420964, "relative_error": 0.018550920622550447, "hard_error_pb": 0.004563779129456365, "cpu_ms_per_sample": 20.41572861714842, "max_weight_second_moment_fraction": 0.015984707779708396}
PROGRESS {"utc": "2026-09-22T20:33:24.252137+00:00", "stage": "G_hybrid replica 1 production 102/200", "mode": "G_hybrid", "block_completed": 133078, "block_samples": 250000, "worker_pids_seen": 128, "elapsed_s": 30.71296011400409}
S2000_PRODUCTION_FINISHED G_hybrid replica 1 production 102/200 {"n": 101250000, "matched_pb": 0.2565239065296833, "matched_error_pb": 0.004751563196980424, "relative_error": 0.01852288646801269, "hard_error_pb": 0.004558582307208786, "cpu_ms_per_sample": 20.428033210287694, "max_weight_second_moment_fraction": 0.015942155466145958}
PROGRESS {"utc": "2026-09-22T20:34:22.868326+00:00", "stage": "G_hybrid replica 2 production 102/200", "mode": "G_hybrid", "block_completed": 140184, "block_samples": 250000, "worker_pids_seen": 128, "elapsed_s": 30.707183407852426}
S2000_PRODUCTION_FINISHED G_hybrid replica 2 production 102/200 {"n": 101500000, "matched_pb": 0.2564366585872319, "matched_error_pb": 0.0047459254120870145, "relative_error": 0.018507203448342373, "hard_error_pb": 0.004552705553161927, "cpu_ms_per_sample": 20.43618245429858, "max_weight_second_moment_fraction": 0.015904699933077557}
PROGRESS {"utc": "2026-09-22T20:35:16.997516+00:00", "stage": "G_hybrid replica 3 production 102/200", "mode": "G_hybrid", "block_completed": 130842, "block_samples": 250000, "worker_pids_seen": 128, "elapsed_s": 30.631896196864545}
PROGRESS {"utc": "2026-09-22T20:35:47.582697+00:00", "stage": "G_hybrid replica 3 production 102/200", "mode": "G_hybrid", "block_completed": 250000, "block_samples": 250000, "worker_pids_seen": 128, "elapsed_s": 61.21707771788351}
S2000_PRODUCTION_FINISHED G_hybrid replica 3 production 102/200 {"n": 101750000, "matched_pb": 0.25647835063960145, "matched_error_pb": 0.004740130298685625, "relative_error": 0.018481600052654607, "hard_error_pb": 0.004546664171149616, "cpu_ms_per_sample": 20.446344416020896, "max_weight_second_moment_fraction": 0.015868727475029636}
PROGRESS {"utc": "2026-09-22T20:36:18.303447+00:00", "stage": "G_hybrid replica 4 production 102/200", "mode": "G_hybrid", "block_completed": 139220, "block_samples": 250000, "worker_pids_seen": 128, "elapsed_s": 30.573374973842874}
S2000_PRODUCTION_FINISHED G_hybrid replica 4 production 102/200 {"n": 102000000, "matched_pb": 0.25650856824835266, "matched_error_pb": 0.004734761113147902, "relative_error": 0.018458491057357924, "hard_error_pb": 0.004541066244317045, "cpu_ms_per_sample": 20.453201923996907, "max_weight_second_moment_fraction": 0.015829991351809045}
PROGRESS {"utc": "2026-09-22T20:37:13.531052+00:00", "stage": "G_hybrid replica 1 production 103/200", "mode": "G_hybrid", "block_completed": 135761, "block_samples": 250000, "worker_pids_seen": 128, "elapsed_s": 30.609004708006978}
S2000_PRODUCTION_FINISHED G_hybrid replica 1 production 103/200 {"n": 102250000, "matched_pb": 0.2563715475101483, "matched_error_pb": 0.004729210630967042, "relative_error": 0.018446706262440608, "hard_error_pb": 0.004535278715663442, "cpu_ms_per_sample": 20.465225084998604, "max_weight_second_moment_fraction": 0.015792907009384304}
PROGRESS {"utc": "2026-09-22T20:38:11.095964+00:00", "stage": "G_hybrid replica 2 production 103/200", "mode": "G_hybrid", "block_completed": 118715, "block_samples": 250000, "worker_pids_seen": 128, "elapsed_s": 30.614399960031733}
PROGRESS {"utc": "2026-09-22T20:38:41.165174+00:00", "stage": "G_hybrid replica 2 production 103/200", "mode": "G_hybrid", "block_completed": 238523, "block_samples": 250000, "worker_pids_seen": 128, "elapsed_s": 60.68361238599755}
S2000_PRODUCTION_FINISHED G_hybrid replica 2 production 103/200 {"n": 102500000, "matched_pb": 0.2569219038023505, "matched_error_pb": 0.004723688651211717, "relative_error": 0.018385698460516003, "hard_error_pb": 0.004529520317901722, "cpu_ms_per_sample": 20.460449681337796, "max_weight_second_moment_fraction": 0.015755949930201362}
PROGRESS {"utc": "2026-09-22T20:39:18.419865+00:00", "stage": "G_hybrid replica 3 production 103/200", "mode": "G_hybrid", "block_completed": 99927, "block_samples": 250000, "worker_pids_seen": 128, "elapsed_s": 30.710990719962865}
PROGRESS {"utc": "2026-09-22T20:39:48.554186+00:00", "stage": "G_hybrid replica 3 production 103/200", "mode": "G_hybrid", "block_completed": 193367, "block_samples": 250000, "worker_pids_seen": 128, "elapsed_s": 60.845304453978315}
S2000_PRODUCTION_FINISHED G_hybrid replica 3 production 103/200 {"n": 102750000, "matched_pb": 0.25686328683935383, "matched_error_pb": 0.004717972440761454, "relative_error": 0.018367640229224914, "hard_error_pb": 0.004523558752628592, "cpu_ms_per_sample": 20.459257885579444, "max_weight_second_moment_fraction": 0.015720726166293972}
PROGRESS {"utc": "2026-09-22T20:40:39.016793+00:00", "stage": "G_hybrid replica 4 production 103/200", "mode": "G_hybrid", "block_completed": 100170, "block_samples": 250000, "worker_pids_seen": 128, "elapsed_s": 30.812189779011533}
PROGRESS {"utc": "2026-09-22T20:41:09.082342+00:00", "stage": "G_hybrid replica 4 production 103/200", "mode": "G_hybrid", "block_completed": 199498, "block_samples": 250000, "worker_pids_seen": 128, "elapsed_s": 60.877733409870416}
S2000_PRODUCTION_FINISHED G_hybrid replica 4 production 103/200 {"n": 103000000, "matched_pb": 0.25728242452535616, "matched_error_pb": 0.004712477146732133, "relative_error": 0.018316358590859363, "hard_error_pb": 0.004517826988184781, "cpu_ms_per_sample": 20.45352995185562, "max_weight_second_moment_fraction": 0.01568422805519097}
PROGRESS {"utc": "2026-09-22T20:41:53.747676+00:00", "stage": "G_hybrid replica 1 production 104/200", "mode": "G_hybrid", "block_completed": 90829, "block_samples": 250000, "worker_pids_seen": 128, "elapsed_s": 30.91881758812815}
PROGRESS {"utc": "2026-09-22T20:42:23.901079+00:00", "stage": "G_hybrid replica 1 production 104/200", "mode": "G_hybrid", "block_completed": 183501, "block_samples": 250000, "worker_pids_seen": 128, "elapsed_s": 61.07221946399659}
S2000_PRODUCTION_FINISHED G_hybrid replica 1 production 104/200 {"n": 103250000, "matched_pb": 0.2573063507774802, "matched_error_pb": 0.004706684780492716, "relative_error": 0.018292143844374366, "hard_error_pb": 0.004511784731081472, "cpu_ms_per_sample": 20.450886528016163, "max_weight_second_moment_fraction": 0.015650201209770325}
PROGRESS {"utc": "2026-09-22T20:43:16.710255+00:00", "stage": "G_hybrid replica 2 production 104/200", "mode": "G_hybrid", "block_completed": 144040, "block_samples": 250000, "worker_pids_seen": 128, "elapsed_s": 30.798650244949386}
S2000_PRODUCTION_FINISHED G_hybrid replica 2 production 104/200 {"n": 103500000, "matched_pb": 0.2573880806897803, "matched_error_pb": 0.004701117378312036, "relative_error": 0.018264705054380926, "hard_error_pb": 0.0045059765247242, "cpu_ms_per_sample": 20.45911042789033, "max_weight_second_moment_fraction": 0.01561486539420502}
PROGRESS {"utc": "2026-09-22T20:44:11.708390+00:00", "stage": "G_hybrid replica 3 production 104/200", "mode": "G_hybrid", "block_completed": 126940, "block_samples": 250000, "worker_pids_seen": 128, "elapsed_s": 30.76126188901253}
S2000_PRODUCTION_FINISHED G_hybrid replica 3 production 104/200 {"n": 103750000, "matched_pb": 0.2573408554260704, "matched_error_pb": 0.004695515847275201, "relative_error": 0.018246289884678427, "hard_error_pb": 0.0045001320990289495, "cpu_ms_per_sample": 20.472299314394352, "max_weight_second_moment_fraction": 0.015580093081048577}
PROGRESS {"utc": "2026-09-22T20:45:11.622042+00:00", "stage": "G_hybrid replica 4 production 104/200", "mode": "G_hybrid", "block_completed": 141321, "block_samples": 250000, "worker_pids_seen": 128, "elapsed_s": 30.799062782898545}
S2000_PRODUCTION_FINISHED G_hybrid replica 4 production 104/200 {"n": 104000000, "matched_pb": 0.2575334721441711, "matched_error_pb": 0.004690378526671679, "relative_error": 0.018212694791168483, "hard_error_pb": 0.004494771469180712, "cpu_ms_per_sample": 20.48089459558023, "max_weight_second_moment_fraction": 0.015542286146562908}
PROGRESS {"utc": "2026-09-22T20:46:06.153291+00:00", "stage": "G_hybrid replica 1 production 105/200", "mode": "G_hybrid", "block_completed": 129291, "block_samples": 250000, "worker_pids_seen": 128, "elapsed_s": 30.575482483021915}
S2000_PRODUCTION_FINISHED G_hybrid replica 1 production 105/200 {"n": 104250000, "matched_pb": 0.25757251332010256, "matched_error_pb": 0.004684862394397536, "relative_error": 0.01818851838656924, "hard_error_pb": 0.004489014980052792, "cpu_ms_per_sample": 20.493514266104366, "max_weight_second_moment_fraction": 0.015507528038995235}
PROGRESS {"utc": "2026-09-22T20:47:04.384696+00:00", "stage": "G_hybrid replica 2 production 105/200", "mode": "G_hybrid", "block_completed": 134835, "block_samples": 250000, "worker_pids_seen": 128, "elapsed_s": 30.56939349300228}
S2000_PRODUCTION_FINISHED G_hybrid replica 2 production 105/200 {"n": 104500000, "matched_pb": 0.25755735685957903, "matched_error_pb": 0.0046794277760026926, "relative_error": 0.018168488110995522, "hard_error_pb": 0.004483342965636653, "cpu_ms_per_sample": 20.502303608640652, "max_weight_second_moment_fraction": 0.015472493199410636}
PROGRESS {"utc": "2026-09-22T20:48:02.252053+00:00", "stage": "G_hybrid replica 3 production 105/200", "mode": "G_hybrid", "block_completed": 125001, "block_samples": 250000, "worker_pids_seen": 128, "elapsed_s": 30.647503369953483}
PROGRESS {"utc": "2026-09-22T20:48:32.276558+00:00", "stage": "G_hybrid replica 3 production 105/200", "mode": "G_hybrid", "block_completed": 248464, "block_samples": 250000, "worker_pids_seen": 128, "elapsed_s": 60.67201206088066}
S2000_PRODUCTION_FINISHED G_hybrid replica 3 production 105/200 {"n": 104750000, "matched_pb": 0.2576753164262306, "matched_error_pb": 0.0046737074139706096, "relative_error": 0.01813797098919499, "hard_error_pb": 0.004477372089529972, "cpu_ms_per_sample": 20.515682265169335, "max_weight_second_moment_fraction": 0.015439825153653467}
PROGRESS {"utc": "2026-09-22T20:49:05.510311+00:00", "stage": "G_hybrid replica 4 production 105/200", "mode": "G_hybrid", "block_completed": 133713, "block_samples": 250000, "worker_pids_seen": 128, "elapsed_s": 30.628473144955933}
S2000_PRODUCTION_FINISHED G_hybrid replica 4 production 105/200 {"n": 105000000, "matched_pb": 0.25781098020277055, "matched_error_pb": 0.004668219438373976, "relative_error": 0.018107139714151746, "hard_error_pb": 0.00447164316124518, "cpu_ms_per_sample": 20.516046524447173, "max_weight_second_moment_fraction": 0.01540578930381853}
PROGRESS {"utc": "2026-09-22T20:50:04.560708+00:00", "stage": "G_hybrid replica 1 production 106/200", "mode": "G_hybrid", "block_completed": 129529, "block_samples": 250000, "worker_pids_seen": 128, "elapsed_s": 30.789516802178696}
S2000_PRODUCTION_FINISHED G_hybrid replica 1 production 106/200 {"n": 105250000, "matched_pb": 0.2577025581885314, "matched_error_pb": 0.004662906732730018, "relative_error": 0.01809414219830408, "hard_error_pb": 0.0044660966217533946, "cpu_ms_per_sample": 20.52583771376877, "max_weight_second_moment_fraction": 0.015370796609378966}
PROGRESS {"utc": "2026-09-22T20:51:04.389710+00:00", "stage": "G_hybrid replica 2 production 106/200", "mode": "G_hybrid", "block_completed": 108348, "block_samples": 250000, "worker_pids_seen": 128, "elapsed_s": 30.62733663013205}
PROGRESS {"utc": "2026-09-22T20:51:34.593651+00:00", "stage": "G_hybrid replica 2 production 106/200", "mode": "G_hybrid", "block_completed": 222012, "block_samples": 250000, "worker_pids_seen": 128, "elapsed_s": 60.83128381008282}
S2000_PRODUCTION_FINISHED G_hybrid replica 2 production 106/200 {"n": 105500000, "matched_pb": 0.25754600222972784, "matched_error_pb": 0.004657563315859385, "relative_error": 0.01808439376086644, "hard_error_pb": 0.004460517445088318, "cpu_ms_per_sample": 20.522150727303398, "max_weight_second_moment_fraction": 0.01533632793742493}
PROGRESS {"utc": "2026-09-22T20:52:13.109955+00:00", "stage": "G_hybrid replica 3 production 106/200", "mode": "G_hybrid", "block_completed": 103019, "block_samples": 250000, "worker_pids_seen": 128, "elapsed_s": 30.59157547983341}
PROGRESS {"utc": "2026-09-22T20:52:43.168891+00:00", "stage": "G_hybrid replica 3 production 106/200", "mode": "G_hybrid", "block_completed": 197995, "block_samples": 250000, "worker_pids_seen": 128, "elapsed_s": 60.65051643480547}
S2000_PRODUCTION_FINISHED G_hybrid replica 3 production 106/200 {"n": 105750000, "matched_pb": 0.25751630235137435, "matched_error_pb": 0.0046520940877369, "relative_error": 0.018065241094481224, "hard_error_pb": 0.004454806307557577, "cpu_ms_per_sample": 20.521371969084214, "max_weight_second_moment_fraction": 0.015303063419306972}
PROGRESS {"utc": "2026-09-22T20:53:31.412858+00:00", "stage": "G_hybrid replica 4 production 106/200", "mode": "G_hybrid", "block_completed": 102068, "block_samples": 250000, "worker_pids_seen": 128, "elapsed_s": 30.644998907111585}
PROGRESS {"utc": "2026-09-22T20:54:01.418439+00:00", "stage": "G_hybrid replica 4 production 106/200", "mode": "G_hybrid", "block_completed": 198068, "block_samples": 250000, "worker_pids_seen": 128, "elapsed_s": 60.65057573397644}
S2000_PRODUCTION_FINISHED G_hybrid replica 4 production 106/200 {"n": 106000000, "matched_pb": 0.2571135653006098, "matched_error_pb": 0.004646773590328114, "relative_error": 0.018072844911528645, "hard_error_pb": 0.004449249895934031, "cpu_ms_per_sample": 20.516507280256285, "max_weight_second_moment_fraction": 0.015269028172166974}
PROGRESS {"utc": "2026-09-22T20:54:47.710235+00:00", "stage": "G_hybrid replica 1 production 107/200", "mode": "G_hybrid", "block_completed": 91141, "block_samples": 250000, "worker_pids_seen": 128, "elapsed_s": 30.696578128961846}
PROGRESS {"utc": "2026-09-22T20:55:17.776595+00:00", "stage": "G_hybrid replica 1 production 107/200", "mode": "G_hybrid", "block_completed": 183557, "block_samples": 250000, "worker_pids_seen": 128, "elapsed_s": 60.76294226804748}
S2000_PRODUCTION_FINISHED G_hybrid replica 1 production 107/200 {"n": 106250000, "matched_pb": 0.25734558181505995, "matched_error_pb": 0.0046412878057542645, "relative_error": 0.018035234073261464, "hard_error_pb": 0.004443520263545716, "cpu_ms_per_sample": 20.514322387879506, "max_weight_second_moment_fraction": 0.015236476415679554}
PROGRESS {"utc": "2026-09-22T20:56:11.014372+00:00", "stage": "G_hybrid replica 2 production 107/200", "mode": "G_hybrid", "block_completed": 95645, "block_samples": 250000, "worker_pids_seen": 128, "elapsed_s": 30.78473143419251}
PROGRESS {"utc": "2026-09-22T20:56:41.059717+00:00", "stage": "G_hybrid replica 2 production 107/200", "mode": "G_hybrid", "block_completed": 186013, "block_samples": 250000, "worker_pids_seen": 128, "elapsed_s": 60.830075757112354}
S2000_PRODUCTION_FINISHED G_hybrid replica 2 production 107/200 {"n": 106500000, "matched_pb": 0.2571686623002174, "matched_error_pb": 0.0046371292166284064, "relative_error": 0.018031470767674817, "hard_error_pb": 0.004439176411048217, "cpu_ms_per_sample": 20.50944574748018, "max_weight_second_moment_fraction": 0.015194720378072655}
PROGRESS {"utc": "2026-09-22T20:57:31.378101+00:00", "stage": "G_hybrid replica 3 production 107/200", "mode": "G_hybrid", "block_completed": 87278, "block_samples": 250000, "worker_pids_seen": 128, "elapsed_s": 30.865434348816052}
PROGRESS {"utc": "2026-09-22T20:58:01.387061+00:00", "stage": "G_hybrid replica 3 production 107/200", "mode": "G_hybrid", "block_completed": 167918, "block_samples": 250000, "worker_pids_seen": 128, "elapsed_s": 60.87440074584447}
S2000_PRODUCTION_FINISHED G_hybrid replica 3 production 107/200 {"n": 106750000, "matched_pb": 0.25726482491326996, "matched_error_pb": 0.004631778544686266, "relative_error": 0.0180039325090313, "hard_error_pb": 0.0044335868463033605, "cpu_ms_per_sample": 20.508596269679664, "max_weight_second_moment_fraction": 0.015161792118615713}
PROGRESS {"utc": "2026-09-22T20:59:00.827699+00:00", "stage": "G_hybrid replica 4 production 107/200", "mode": "G_hybrid", "block_completed": 92811, "block_samples": 250000, "worker_pids_seen": 128, "elapsed_s": 30.711062497925013}
PROGRESS {"utc": "2026-09-22T20:59:30.879757+00:00", "stage": "G_hybrid replica 4 production 107/200", "mode": "G_hybrid", "block_completed": 183691, "block_samples": 250000, "worker_pids_seen": 128, "elapsed_s": 60.76319804182276}
S2000_PRODUCTION_FINISHED G_hybrid replica 4 production 107/200 {"n": 107000000, "matched_pb": 0.25753609572916925, "matched_error_pb": 0.004626938649616452, "relative_error": 0.01796617532977686, "hard_error_pb": 0.004428530354870865, "cpu_ms_per_sample": 20.502800221832878, "max_weight_second_moment_fraction": 0.015125508213551568}
PROGRESS {"utc": "2026-09-22T21:00:23.300549+00:00", "stage": "G_hybrid replica 1 production 108/200", "mode": "G_hybrid", "block_completed": 88651, "block_samples": 250000, "worker_pids_seen": 128, "elapsed_s": 30.767125266138464}
PROGRESS {"utc": "2026-09-22T21:00:53.336408+00:00", "stage": "G_hybrid replica 1 production 108/200", "mode": "G_hybrid", "block_completed": 170827, "block_samples": 250000, "worker_pids_seen": 128, "elapsed_s": 60.802982970140874}
S2000_PRODUCTION_FINISHED G_hybrid replica 1 production 108/200 {"n": 107250000, "matched_pb": 0.2574500377798507, "matched_error_pb": 0.004622139765566197, "relative_error": 0.0179535408323329, "hard_error_pb": 0.0044235162313623864, "cpu_ms_per_sample": 20.50016286645366, "max_weight_second_moment_fraction": 0.015089224519535243}
PROGRESS {"utc": "2026-09-22T21:01:49.379538+00:00", "stage": "G_hybrid replica 2 production 108/200", "mode": "G_hybrid", "block_completed": 88586, "block_samples": 250000, "worker_pids_seen": 128, "elapsed_s": 30.791538479970768}
PROGRESS {"utc": "2026-09-22T21:02:19.380374+00:00", "stage": "G_hybrid replica 2 production 108/200", "mode": "G_hybrid", "block_completed": 174602, "block_samples": 250000, "worker_pids_seen": 128, "elapsed_s": 60.792370988056064}
S2000_PRODUCTION_FINISHED G_hybrid replica 2 production 108/200 {"n": 107500000, "matched_pb": 0.257305415505731, "matched_error_pb": 0.0046169755734943585, "relative_error": 0.01794356160137455, "hard_error_pb": 0.00441811988100614, "cpu_ms_per_sample": 20.496509629954332, "max_weight_second_moment_fraction": 0.015055834447981703}
PROGRESS {"utc": "2026-09-22T21:03:15.990478+00:00", "stage": "G_hybrid replica 3 production 108/200", "mode": "G_hybrid", "block_completed": 85849, "block_samples": 250000, "worker_pids_seen": 128, "elapsed_s": 30.878654626896605}
PROGRESS {"utc": "2026-09-22T21:03:46.187239+00:00", "stage": "G_hybrid replica 3 production 108/200", "mode": "G_hybrid", "block_completed": 166233, "block_samples": 250000, "worker_pids_seen": 128, "elapsed_s": 61.0754211388994}
PROGRESS {"utc": "2026-09-22T21:04:18.102491+00:00", "stage": "G_hybrid replica 3 production 108/200", "mode": "G_hybrid", "block_completed": 250000, "block_samples": 250000, "worker_pids_seen": 128, "elapsed_s": 92.99067824403755}
S2000_PRODUCTION_FINISHED G_hybrid replica 3 production 108/200 {"n": 107750000, "matched_pb": 0.25684053922776084, "matched_error_pb": 0.004611760133419134, "relative_error": 0.017955732951212663, "hard_error_pb": 0.0044126694148658155, "cpu_ms_per_sample": 20.49549288769871, "max_weight_second_moment_fraction": 0.01502309253543383}
PROGRESS {"utc": "2026-09-22T21:04:49.249193+00:00", "stage": "G_hybrid replica 4 production 108/200", "mode": "G_hybrid", "block_completed": 90788, "block_samples": 250000, "worker_pids_seen": 128, "elapsed_s": 30.96563584310934}
PROGRESS {"utc": "2026-09-22T21:05:19.507756+00:00", "stage": "G_hybrid replica 4 production 108/200", "mode": "G_hybrid", "block_completed": 153252, "block_samples": 250000, "worker_pids_seen": 128, "elapsed_s": 61.22430352307856}
PROGRESS {"utc": "2026-09-22T21:05:49.550474+00:00", "stage": "G_hybrid replica 4 production 108/200", "mode": "G_hybrid", "block_completed": 249232, "block_samples": 250000, "worker_pids_seen": 128, "elapsed_s": 91.26691696094349}
S2000_PRODUCTION_FINISHED G_hybrid replica 4 production 108/200 {"n": 108000000, "matched_pb": 0.25651145104384704, "matched_error_pb": 0.0046066807872873665, "relative_error": 0.01795896740103006, "hard_error_pb": 0.0044073606288413366, "cpu_ms_per_sample": 20.4955636477722, "max_weight_second_moment_fraction": 0.014989665866167132}
PROGRESS {"utc": "2026-09-22T21:06:23.038164+00:00", "stage": "G_hybrid replica 1 production 109/200", "mode": "G_hybrid", "block_completed": 82659, "block_samples": 250000, "worker_pids_seen": 128, "elapsed_s": 30.616047667106614}
PROGRESS {"utc": "2026-09-22T21:06:53.145256+00:00", "stage": "G_hybrid replica 1 production 109/200", "mode": "G_hybrid", "block_completed": 167395, "block_samples": 250000, "worker_pids_seen": 128, "elapsed_s": 60.72313891700469}
S2000_PRODUCTION_FINISHED G_hybrid replica 1 production 109/200 {"n": 108250000, "matched_pb": 0.2559130338282639, "matched_error_pb": 0.004602295162401469, "relative_error": 0.017983824792175068, "hard_error_pb": 0.004402776464750637, "cpu_ms_per_sample": 20.49322959600222, "max_weight_second_moment_fraction": 0.01495159347521502}
PROGRESS {"utc": "2026-09-22T21:07:53.137219+00:00", "stage": "G_hybrid replica 2 production 109/200", "mode": "G_hybrid", "block_completed": 88845, "block_samples": 250000, "worker_pids_seen": 128, "elapsed_s": 30.565429010195658}
PROGRESS {"utc": "2026-09-22T21:08:23.249045+00:00", "stage": "G_hybrid replica 2 production 109/200", "mode": "G_hybrid", "block_completed": 172813, "block_samples": 250000, "worker_pids_seen": 128, "elapsed_s": 60.67725257202983}
S2000_PRODUCTION_FINISHED G_hybrid replica 2 production 109/200 {"n": 108500000, "matched_pb": 0.25577021017181184, "matched_error_pb": 0.0045973579592605, "relative_error": 0.017974563793696916, "hard_error_pb": 0.004397615267650641, "cpu_ms_per_sample": 20.48897396100242, "max_weight_second_moment_fraction": 0.01491772520501787}
PROGRESS {"utc": "2026-09-22T21:09:18.497256+00:00", "stage": "G_hybrid replica 3 production 109/200", "mode": "G_hybrid", "block_completed": 85169, "block_samples": 250000, "worker_pids_seen": 128, "elapsed_s": 30.86826615012251}
PROGRESS {"utc": "2026-09-22T21:09:48.556852+00:00", "stage": "G_hybrid replica 3 production 109/200", "mode": "G_hybrid", "block_completed": 165553, "block_samples": 250000, "worker_pids_seen": 128, "elapsed_s": 60.927866764133796}
S2000_PRODUCTION_FINISHED G_hybrid replica 3 production 109/200 {"n": 108750000, "matched_pb": 0.25576588706772097, "matched_error_pb": 0.00459221578906924, "relative_error": 0.01795476262185553, "hard_error_pb": 0.0043922392569252155, "cpu_ms_per_sample": 20.48784322388871, "max_weight_second_moment_fraction": 0.014885589187890203}
PROGRESS {"utc": "2026-09-22T21:10:49.508487+00:00", "stage": "G_hybrid replica 4 production 109/200", "mode": "G_hybrid", "block_completed": 93106, "block_samples": 250000, "worker_pids_seen": 128, "elapsed_s": 31.021648158086464}
PROGRESS {"utc": "2026-09-22T21:11:19.625497+00:00", "stage": "G_hybrid replica 4 production 109/200", "mode": "G_hybrid", "block_completed": 185010, "block_samples": 250000, "worker_pids_seen": 128, "elapsed_s": 61.13866279600188}
S2000_PRODUCTION_FINISHED G_hybrid replica 4 production 109/200 {"n": 109000000, "matched_pb": 0.25582577698431214, "matched_error_pb": 0.004587081744035777, "relative_error": 0.01793049081335173, "hard_error_pb": 0.004386871181510173, "cpu_ms_per_sample": 20.481959326889797, "max_weight_second_moment_fraction": 0.014853670455008806}
PROGRESS {"utc": "2026-09-22T21:12:11.625373+00:00", "stage": "G_hybrid replica 1 production 110/200", "mode": "G_hybrid", "block_completed": 85619, "block_samples": 250000, "worker_pids_seen": 128, "elapsed_s": 30.775867057032883}
PROGRESS {"utc": "2026-09-22T21:12:41.634290+00:00", "stage": "G_hybrid replica 1 production 110/200", "mode": "G_hybrid", "block_completed": 167027, "block_samples": 250000, "worker_pids_seen": 128, "elapsed_s": 60.784784890012816}
S2000_PRODUCTION_FINISHED G_hybrid replica 1 production 110/200 {"n": 109250000, "matched_pb": 0.2558960697264641, "matched_error_pb": 0.00458410671412373, "relative_error": 0.01791393951077027, "hard_error_pb": 0.004383760281216619, "cpu_ms_per_sample": 20.47930683659057, "max_weight_second_moment_fraction": 0.014806761679116468}
PROGRESS {"utc": "2026-09-22T21:13:41.735924+00:00", "stage": "G_hybrid replica 2 production 110/200", "mode": "G_hybrid", "block_completed": 91385, "block_samples": 250000, "worker_pids_seen": 128, "elapsed_s": 30.71195400506258}
PROGRESS {"utc": "2026-09-22T21:14:11.868542+00:00", "stage": "G_hybrid replica 2 production 110/200", "mode": "G_hybrid", "block_completed": 178937, "block_samples": 250000, "worker_pids_seen": 128, "elapsed_s": 60.844579031923786}
S2000_PRODUCTION_FINISHED G_hybrid replica 2 production 110/200 {"n": 109500000, "matched_pb": 0.2558184501223639, "matched_error_pb": 0.004579181278477274, "relative_error": 0.017900121262899315, "hard_error_pb": 0.004378609484511597, "cpu_ms_per_sample": 20.474647401649936, "max_weight_second_moment_fraction": 0.014773925179300455}
PROGRESS {"utc": "2026-09-22T21:15:05.626601+00:00", "stage": "G_hybrid replica 3 production 110/200", "mode": "G_hybrid", "block_completed": 84868, "block_samples": 250000, "worker_pids_seen": 128, "elapsed_s": 30.66877847001888}
PROGRESS {"utc": "2026-09-22T21:15:35.696480+00:00", "stage": "G_hybrid replica 3 production 110/200", "mode": "G_hybrid", "block_completed": 164740, "block_samples": 250000, "worker_pids_seen": 128, "elapsed_s": 60.73865948501043}
PROGRESS {"utc": "2026-09-22T21:16:05.852387+00:00", "stage": "G_hybrid replica 3 production 110/200", "mode": "G_hybrid", "block_completed": 250000, "block_samples": 250000, "worker_pids_seen": 128, "elapsed_s": 90.89458686998114}
S2000_PRODUCTION_FINISHED G_hybrid replica 3 production 110/200 {"n": 109750000, "matched_pb": 0.2557368107076435, "matched_error_pb": 0.0045754988978666715, "relative_error": 0.017891436454556202, "hard_error_pb": 0.004374758279159807, "cpu_ms_per_sample": 20.472774359053002, "max_weight_second_moment_fraction": 0.014732599392036645}
PROGRESS {"utc": "2026-09-22T21:16:36.602111+00:00", "stage": "G_hybrid replica 4 production 110/200", "mode": "G_hybrid", "block_completed": 88305, "block_samples": 250000, "worker_pids_seen": 128, "elapsed_s": 30.60384128219448}
PROGRESS {"utc": "2026-09-22T21:17:06.684462+00:00", "stage": "G_hybrid replica 4 production 110/200", "mode": "G_hybrid", "block_completed": 176369, "block_samples": 250000, "worker_pids_seen": 128, "elapsed_s": 60.68619170412421}
S2000_PRODUCTION_FINISHED G_hybrid replica 4 production 110/200 {"n": 110000000, "matched_pb": 0.25586482746770567, "matched_error_pb": 0.004570602035727856, "relative_error": 0.017863346365200355, "hard_error_pb": 0.00436963646150315, "cpu_ms_per_sample": 20.467484822868066, "max_weight_second_moment_fraction": 0.01470011028776124}
PROGRESS {"utc": "2026-09-22T21:18:02.612589+00:00", "stage": "G_hybrid replica 1 production 111/200", "mode": "G_hybrid", "block_completed": 85314, "block_samples": 250000, "worker_pids_seen": 128, "elapsed_s": 31.072979286080226}
PROGRESS {"utc": "2026-09-22T21:18:32.695978+00:00", "stage": "G_hybrid replica 1 production 111/200", "mode": "G_hybrid", "block_completed": 167490, "block_samples": 250000, "worker_pids_seen": 128, "elapsed_s": 61.156353577040136}
S2000_PRODUCTION_FINISHED G_hybrid replica 1 production 111/200 {"n": 110250000, "matched_pb": 0.2557629803857404, "matched_error_pb": 0.004565865876218055, "relative_error": 0.017851941939884496, "hard_error_pb": 0.0043646822377248285, "cpu_ms_per_sample": 20.465195797616015, "max_weight_second_moment_fraction": 0.01466675725947135}
PROGRESS {"utc": "2026-09-22T21:19:31.788215+00:00", "stage": "G_hybrid replica 2 production 111/200", "mode": "G_hybrid", "block_completed": 93046, "block_samples": 250000, "worker_pids_seen": 128, "elapsed_s": 30.87626492092386}
PROGRESS {"utc": "2026-09-22T21:20:01.836686+00:00", "stage": "G_hybrid replica 2 production 111/200", "mode": "G_hybrid", "block_completed": 179318, "block_samples": 250000, "worker_pids_seen": 128, "elapsed_s": 60.924738297006115}
S2000_PRODUCTION_FINISHED G_hybrid replica 2 production 111/200 {"n": 110500000, "matched_pb": 0.25570298076977466, "matched_error_pb": 0.00456100776489003, "relative_error": 0.01783713178141083, "hard_error_pb": 0.0043595999435825875, "cpu_ms_per_sample": 20.460931892890258, "max_weight_second_moment_fraction": 0.014634528031348569}
PROGRESS {"utc": "2026-09-22T21:20:56.156716+00:00", "stage": "G_hybrid replica 3 production 111/200", "mode": "G_hybrid", "block_completed": 88027, "block_samples": 250000, "worker_pids_seen": 128, "elapsed_s": 30.879418580094352}
PROGRESS {"utc": "2026-09-22T21:21:26.237646+00:00", "stage": "G_hybrid replica 3 production 111/200", "mode": "G_hybrid", "block_completed": 168155, "block_samples": 250000, "worker_pids_seen": 128, "elapsed_s": 60.960349624976516}
S2000_PRODUCTION_FINISHED G_hybrid replica 3 production 111/200 {"n": 110750000, "matched_pb": 0.25565017723202105, "matched_error_pb": 0.004555872553926939, "relative_error": 0.017820729104334455, "hard_error_pb": 0.004354227206327538, "cpu_ms_per_sample": 20.46037480591824, "max_weight_second_moment_fraction": 0.01460450688762879}
PROGRESS {"utc": "2026-09-22T21:22:25.722643+00:00", "stage": "G_hybrid replica 4 production 111/200", "mode": "G_hybrid", "block_completed": 88443, "block_samples": 250000, "worker_pids_seen": 128, "elapsed_s": 30.815471339039505}
PROGRESS {"utc": "2026-09-22T21:22:55.772099+00:00", "stage": "G_hybrid replica 4 production 111/200", "mode": "G_hybrid", "block_completed": 181883, "block_samples": 250000, "worker_pids_seen": 128, "elapsed_s": 60.864927425049245}
S2000_PRODUCTION_FINISHED G_hybrid replica 4 production 111/200 {"n": 111000000, "matched_pb": 0.2557252672054282, "matched_error_pb": 0.004551068842767252, "relative_error": 0.017796711652710115, "hard_error_pb": 0.00434920078270767, "cpu_ms_per_sample": 20.455996847634957, "max_weight_second_moment_fraction": 0.01457241994227828}
PROGRESS {"utc": "2026-09-22T21:23:49.044189+00:00", "stage": "G_hybrid replica 1 production 112/200", "mode": "G_hybrid", "block_completed": 86210, "block_samples": 250000, "worker_pids_seen": 128, "elapsed_s": 30.69822386209853}
PROGRESS {"utc": "2026-09-22T21:24:19.205371+00:00", "stage": "G_hybrid replica 1 production 112/200", "mode": "G_hybrid", "block_completed": 171970, "block_samples": 250000, "worker_pids_seen": 128, "elapsed_s": 60.85939740506001}
S2000_PRODUCTION_FINISHED G_hybrid replica 1 production 112/200 {"n": 111250000, "matched_pb": 0.25555744548410314, "matched_error_pb": 0.004546086995710604, "relative_error": 0.017788904514595298, "hard_error_pb": 0.0043439874319877135, "cpu_ms_per_sample": 20.453937289087378, "max_weight_second_moment_fraction": 0.014541840111278456}
PROGRESS {"utc": "2026-09-22T21:25:15.797179+00:00", "stage": "G_hybrid replica 2 production 112/200", "mode": "G_hybrid", "block_completed": 90417, "block_samples": 250000, "worker_pids_seen": 128, "elapsed_s": 30.71613496192731}
PROGRESS {"utc": "2026-09-22T21:25:45.815676+00:00", "stage": "G_hybrid replica 2 production 112/200", "mode": "G_hybrid", "block_completed": 179761, "block_samples": 250000, "worker_pids_seen": 128, "elapsed_s": 60.73462907783687}
S2000_PRODUCTION_FINISHED G_hybrid replica 2 production 112/200 {"n": 111500000, "matched_pb": 0.2557248155249629, "matched_error_pb": 0.004541219954632002, "relative_error": 0.017758229467521914, "hard_error_pb": 0.004338893696905472, "cpu_ms_per_sample": 20.45027106862811, "max_weight_second_moment_fraction": 0.014510714261222298}
PROGRESS {"utc": "2026-09-22T21:26:37.528738+00:00", "stage": "G_hybrid replica 3 production 112/200", "mode": "G_hybrid", "block_completed": 130774, "block_samples": 250000, "worker_pids_seen": 128, "elapsed_s": 30.631521333009005}
S2000_PRODUCTION_FINISHED G_hybrid replica 3 production 112/200 {"n": 111750000, "matched_pb": 0.2554791387210075, "matched_error_pb": 0.004536228982469387, "relative_error": 0.01775577060882107, "hard_error_pb": 0.004333669717236583, "cpu_ms_per_sample": 20.461528823266935, "max_weight_second_moment_fraction": 0.01448070899158976}
PROGRESS {"utc": "2026-09-22T21:27:37.104654+00:00", "stage": "G_hybrid replica 4 production 112/200", "mode": "G_hybrid", "block_completed": 140664, "block_samples": 250000, "worker_pids_seen": 128, "elapsed_s": 30.72762047406286}
S2000_PRODUCTION_FINISHED G_hybrid replica 4 production 112/200 {"n": 112000000, "matched_pb": 0.25546102431082773, "matched_error_pb": 0.004531245776608992, "relative_error": 0.01773752293068268, "hard_error_pb": 0.004328453317841718, "cpu_ms_per_sample": 20.46494269341046, "max_weight_second_moment_fraction": 0.01445090281625334}
PROGRESS {"utc": "2026-09-22T21:28:31.179432+00:00", "stage": "G_hybrid replica 1 production 113/200", "mode": "G_hybrid", "block_completed": 130775, "block_samples": 250000, "worker_pids_seen": 128, "elapsed_s": 30.77184197981842}
S2000_PRODUCTION_FINISHED G_hybrid replica 1 production 113/200 {"n": 112250000, "matched_pb": 0.2552109551798481, "matched_error_pb": 0.004526249576557942, "relative_error": 0.01773532634352737, "hard_error_pb": 0.004323222763863679, "cpu_ms_per_sample": 20.475865137834482, "max_weight_second_moment_fraction": 0.014421436968954687}
PROGRESS {"utc": "2026-09-22T21:29:31.763705+00:00", "stage": "G_hybrid replica 2 production 113/200", "mode": "G_hybrid", "block_completed": 134087, "block_samples": 250000, "worker_pids_seen": 128, "elapsed_s": 30.632221532985568}
S2000_PRODUCTION_FINISHED G_hybrid replica 2 production 113/200 {"n": 112500000, "matched_pb": 0.2553211136570994, "matched_error_pb": 0.0045214291103240776, "relative_error": 0.017708794410149855, "hard_error_pb": 0.0043181756606678395, "cpu_ms_per_sample": 20.481700486357983, "max_weight_second_moment_fraction": 0.014390994954389094}
PROGRESS {"utc": "2026-09-22T21:30:27.814516+00:00", "stage": "G_hybrid replica 3 production 113/200", "mode": "G_hybrid", "block_completed": 127305, "block_samples": 250000, "worker_pids_seen": 128, "elapsed_s": 30.64660199987702}
PROGRESS {"utc": "2026-09-22T21:30:58.165883+00:00", "stage": "G_hybrid replica 3 production 113/200", "mode": "G_hybrid", "block_completed": 249488, "block_samples": 250000, "worker_pids_seen": 128, "elapsed_s": 60.99796620896086}
S2000_PRODUCTION_FINISHED G_hybrid replica 3 production 113/200 {"n": 112750000, "matched_pb": 0.2551117397001932, "matched_error_pb": 0.004516786834221205, "relative_error": 0.017705131247700807, "hard_error_pb": 0.004313314635230331, "cpu_ms_per_sample": 20.493268177491643, "max_weight_second_moment_fraction": 0.014359557864980055}
PROGRESS {"utc": "2026-09-22T21:31:29.331119+00:00", "stage": "G_hybrid replica 4 production 113/200", "mode": "G_hybrid", "block_completed": 136957, "block_samples": 250000, "worker_pids_seen": 128, "elapsed_s": 30.632203162880614}
S2000_PRODUCTION_FINISHED G_hybrid replica 4 production 113/200 {"n": 113000000, "matched_pb": 0.2547895773070127, "matched_error_pb": 0.004512179089429204, "relative_error": 0.017709433553446275, "hard_error_pb": 0.004308489291129817, "cpu_ms_per_sample": 20.500795193152484, "max_weight_second_moment_fraction": 0.014328128911247408}
PROGRESS {"utc": "2026-09-22T21:32:25.059537+00:00", "stage": "G_hybrid replica 1 production 114/200", "mode": "G_hybrid", "block_completed": 108660, "block_samples": 250000, "worker_pids_seen": 128, "elapsed_s": 30.698783806990832}
PROGRESS {"utc": "2026-09-22T21:32:55.292306+00:00", "stage": "G_hybrid replica 1 production 114/200", "mode": "G_hybrid", "block_completed": 206708, "block_samples": 250000, "worker_pids_seen": 128, "elapsed_s": 60.93155360594392}
S2000_PRODUCTION_FINISHED G_hybrid replica 1 production 114/200 {"n": 113250000, "matched_pb": 0.2547152408829257, "matched_error_pb": 0.004507669592019343, "relative_error": 0.01769689782360214, "hard_error_pb": 0.004303766372320178, "cpu_ms_per_sample": 20.50015541934755, "max_weight_second_moment_fraction": 0.014296265206636112}
PROGRESS {"utc": "2026-09-22T21:33:39.396215+00:00", "stage": "G_hybrid replica 2 production 114/200", "mode": "G_hybrid", "block_completed": 100570, "block_samples": 250000, "worker_pids_seen": 128, "elapsed_s": 30.745826156111434}
PROGRESS {"utc": "2026-09-22T21:34:09.513296+00:00", "stage": "G_hybrid replica 2 production 114/200", "mode": "G_hybrid", "block_completed": 196058, "block_samples": 250000, "worker_pids_seen": 128, "elapsed_s": 60.86289987107739}
S2000_PRODUCTION_FINISHED G_hybrid replica 2 production 114/200 {"n": 113500000, "matched_pb": 0.25470338650910473, "matched_error_pb": 0.004503021666308266, "relative_error": 0.017679473084458965, "hard_error_pb": 0.004298897994130568, "cpu_ms_per_sample": 20.496524475205334, "max_weight_second_moment_fraction": 0.014265611313639674}
PROGRESS {"utc": "2026-09-22T21:34:56.994922+00:00", "stage": "G_hybrid replica 3 production 114/200", "mode": "G_hybrid", "block_completed": 92586, "block_samples": 250000, "worker_pids_seen": 128, "elapsed_s": 30.75847992184572}
PROGRESS {"utc": "2026-09-22T21:35:27.103721+00:00", "stage": "G_hybrid replica 3 production 114/200", "mode": "G_hybrid", "block_completed": 182954, "block_samples": 250000, "worker_pids_seen": 128, "elapsed_s": 60.8672774748411}
S2000_PRODUCTION_FINISHED G_hybrid replica 3 production 114/200 {"n": 113750000, "matched_pb": 0.2543078178526074, "matched_error_pb": 0.004498170216511661, "relative_error": 0.017687895930587262, "hard_error_pb": 0.004293815917503999, "cpu_ms_per_sample": 20.495224401282524, "max_weight_second_moment_fraction": 0.014236612977936198}
PROGRESS {"utc": "2026-09-22T21:36:22.274664+00:00", "stage": "G_hybrid replica 4 production 114/200", "mode": "G_hybrid", "block_completed": 97513, "block_samples": 250000, "worker_pids_seen": 128, "elapsed_s": 30.64096557814628}
PROGRESS {"utc": "2026-09-22T21:36:52.490582+00:00", "stage": "G_hybrid replica 4 production 114/200", "mode": "G_hybrid", "block_completed": 199657, "block_samples": 250000, "worker_pids_seen": 128, "elapsed_s": 60.85688413097523}
S2000_PRODUCTION_FINISHED G_hybrid replica 4 production 114/200 {"n": 114000000, "matched_pb": 0.2544391800492189, "matched_error_pb": 0.004493458316783724, "relative_error": 0.017660245233908183, "hard_error_pb": 0.004288879513505942, "cpu_ms_per_sample": 20.4901322981654, "max_weight_second_moment_fraction": 0.014206887907539954}
PROGRESS {"utc": "2026-09-22T21:37:37.608156+00:00", "stage": "G_hybrid replica 1 production 115/200", "mode": "G_hybrid", "block_completed": 128675, "block_samples": 250000, "worker_pids_seen": 128, "elapsed_s": 30.783779699821025}
S2000_PRODUCTION_FINISHED G_hybrid replica 1 production 115/200 {"n": 114250000, "matched_pb": 0.2542640677293023, "matched_error_pb": 0.0044889332805535375, "relative_error": 0.01765461128912875, "hard_error_pb": 0.004284138400420707, "cpu_ms_per_sample": 20.499237698081302, "max_weight_second_moment_fraction": 0.01417610501442177}
PROGRESS {"utc": "2026-09-22T21:38:36.693008+00:00", "stage": "G_hybrid replica 2 production 115/200", "mode": "G_hybrid", "block_completed": 108550, "block_samples": 250000, "worker_pids_seen": 128, "elapsed_s": 30.742451041005552}
PROGRESS {"utc": "2026-09-22T21:39:06.734741+00:00", "stage": "G_hybrid replica 2 production 115/200", "mode": "G_hybrid", "block_completed": 207622, "block_samples": 250000, "worker_pids_seen": 128, "elapsed_s": 60.78425424802117}
S2000_PRODUCTION_FINISHED G_hybrid replica 2 production 115/200 {"n": 114500000, "matched_pb": 0.2543696419746867, "matched_error_pb": 0.004484402865123775, "relative_error": 0.017629473510718842, "hard_error_pb": 0.004279391182566566, "cpu_ms_per_sample": 20.495760120632045, "max_weight_second_moment_fraction": 0.014145600523808026}
PROGRESS {"utc": "2026-09-22T21:39:48.491383+00:00", "stage": "G_hybrid replica 3 production 115/200", "mode": "G_hybrid", "block_completed": 92143, "block_samples": 250000, "worker_pids_seen": 128, "elapsed_s": 30.708515217062086}
PROGRESS {"utc": "2026-09-22T21:40:18.599191+00:00", "stage": "G_hybrid replica 3 production 115/200", "mode": "G_hybrid", "block_completed": 181487, "block_samples": 250000, "worker_pids_seen": 128, "elapsed_s": 60.816311601083726}
S2000_PRODUCTION_FINISHED G_hybrid replica 3 production 115/200 {"n": 114750000, "matched_pb": 0.2542935561689387, "matched_error_pb": 0.004479601386129936, "relative_error": 0.017615866692091618, "hard_error_pb": 0.004274359415785644, "cpu_ms_per_sample": 20.49512870321904, "max_weight_second_moment_fraction": 0.014117209501722787}
PROGRESS {"utc": "2026-09-22T21:41:11.498502+00:00", "stage": "G_hybrid replica 4 production 115/200", "mode": "G_hybrid", "block_completed": 107379, "block_samples": 250000, "worker_pids_seen": 128, "elapsed_s": 30.653657101094723}
PROGRESS {"utc": "2026-09-22T21:41:41.544847+00:00", "stage": "G_hybrid replica 4 production 115/200", "mode": "G_hybrid", "block_completed": 198259, "block_samples": 250000, "worker_pids_seen": 128, "elapsed_s": 60.700001357123256}
S2000_PRODUCTION_FINISHED G_hybrid replica 4 production 115/200 {"n": 115000000, "matched_pb": 0.25438273907715675, "matched_error_pb": 0.004474838542363658, "relative_error": 0.017590967683567542, "hard_error_pb": 0.004269367613232838, "cpu_ms_per_sample": 20.491963865322525, "max_weight_second_moment_fraction": 0.014088785229552496}
PROGRESS {"utc": "2026-09-22T21:42:30.220019+00:00", "stage": "G_hybrid replica 1 production 116/200", "mode": "G_hybrid", "block_completed": 96690, "block_samples": 250000, "worker_pids_seen": 128, "elapsed_s": 30.607956857187673}
PROGRESS {"utc": "2026-09-22T21:43:00.278334+00:00", "stage": "G_hybrid replica 1 production 116/200", "mode": "G_hybrid", "block_completed": 187058, "block_samples": 250000, "worker_pids_seen": 128, "elapsed_s": 60.6662652741652}
S2000_PRODUCTION_FINISHED G_hybrid replica 1 production 116/200 {"n": 115250000, "matched_pb": 0.2544259194059981, "matched_error_pb": 0.00447009451249005, "relative_error": 0.017569336186054742, "hard_error_pb": 0.004264395008356028, "cpu_ms_per_sample": 20.491291721465835, "max_weight_second_moment_fraction": 0.014060462730268754}
PROGRESS {"utc": "2026-09-22T21:43:52.725457+00:00", "stage": "G_hybrid replica 2 production 116/200", "mode": "G_hybrid", "block_completed": 96402, "block_samples": 250000, "worker_pids_seen": 128, "elapsed_s": 30.578900431049988}
PROGRESS {"utc": "2026-09-22T21:44:22.783571+00:00", "stage": "G_hybrid replica 2 production 116/200", "mode": "G_hybrid", "block_completed": 188818, "block_samples": 250000, "worker_pids_seen": 128, "elapsed_s": 60.637008337071165}
S2000_PRODUCTION_FINISHED G_hybrid replica 2 production 116/200 {"n": 115500000, "matched_pb": 0.2543568621987722, "matched_error_pb": 0.004465540371278626, "relative_error": 0.017556201679312045, "hard_error_pb": 0.004259620950767498, "cpu_ms_per_sample": 20.487772684647624, "max_weight_second_moment_fraction": 0.014031058843665935}
PROGRESS {"utc": "2026-09-22T21:45:12.487911+00:00", "stage": "G_hybrid replica 3 production 116/200", "mode": "G_hybrid", "block_completed": 92693, "block_samples": 250000, "worker_pids_seen": 128, "elapsed_s": 30.699307575123385}
PROGRESS {"utc": "2026-09-22T21:45:42.653138+00:00", "stage": "G_hybrid replica 3 production 116/200", "mode": "G_hybrid", "block_completed": 178965, "block_samples": 250000, "worker_pids_seen": 128, "elapsed_s": 60.86454130709171}
S2000_PRODUCTION_FINISHED G_hybrid replica 3 production 116/200 {"n": 115750000, "matched_pb": 0.2542218043202006, "matched_error_pb": 0.0044606878182504965, "relative_error": 0.01754644071612408, "hard_error_pb": 0.0042545335406583085, "cpu_ms_per_sample": 20.487380056594365, "max_weight_second_moment_fraction": 0.01400394501593026}
PROGRESS {"utc": "2026-09-22T21:46:37.285579+00:00", "stage": "G_hybrid replica 4 production 116/200", "mode": "G_hybrid", "block_completed": 97431, "block_samples": 250000, "worker_pids_seen": 128, "elapsed_s": 30.741043818881735}
PROGRESS {"utc": "2026-09-22T21:47:07.344986+00:00", "stage": "G_hybrid replica 4 production 116/200", "mode": "G_hybrid", "block_completed": 189591, "block_samples": 250000, "worker_pids_seen": 128, "elapsed_s": 60.800453930860385}
S2000_PRODUCTION_FINISHED G_hybrid replica 4 production 116/200 {"n": 116000000, "matched_pb": 0.2543143458752958, "matched_error_pb": 0.004456190431567692, "relative_error": 0.017522371442438428, "hard_error_pb": 0.004249817995996252, "cpu_ms_per_sample": 20.483327964234437, "max_weight_second_moment_fraction": 0.01397460915143164}
PROGRESS {"utc": "2026-09-22T21:47:55.712414+00:00", "stage": "G_hybrid replica 1 production 117/200", "mode": "G_hybrid", "block_completed": 90573, "block_samples": 250000, "worker_pids_seen": 128, "elapsed_s": 30.66604927694425}
PROGRESS {"utc": "2026-09-22T21:48:25.751490+00:00", "stage": "G_hybrid replica 1 production 117/200", "mode": "G_hybrid", "block_completed": 175053, "block_samples": 250000, "worker_pids_seen": 128, "elapsed_s": 60.705119588878006}
S2000_PRODUCTION_FINISHED G_hybrid replica 1 production 117/200 {"n": 116250000, "matched_pb": 0.25407280579392116, "matched_error_pb": 0.00445173703854069, "relative_error": 0.017521501463448632, "hard_error_pb": 0.0042451481124942125, "cpu_ms_per_sample": 20.48258606070872, "max_weight_second_moment_fraction": 0.01394519718078001}
PROGRESS {"utc": "2026-09-22T21:49:20.534680+00:00", "stage": "G_hybrid replica 2 production 117/200", "mode": "G_hybrid", "block_completed": 89691, "block_samples": 250000, "worker_pids_seen": 128, "elapsed_s": 30.84130278485827}
PROGRESS {"utc": "2026-09-22T21:49:50.669231+00:00", "stage": "G_hybrid replica 2 production 117/200", "mode": "G_hybrid", "block_completed": 184411, "block_samples": 250000, "worker_pids_seen": 128, "elapsed_s": 60.97585187200457}
S2000_PRODUCTION_FINISHED G_hybrid replica 2 production 117/200 {"n": 116500000, "matched_pb": 0.25433049692289267, "matched_error_pb": 0.004447072917301173, "relative_error": 0.017485409619002263, "hard_error_pb": 0.004240256757378227, "cpu_ms_per_sample": 20.47945039879133, "max_weight_second_moment_fraction": 0.013917465330799005}
PROGRESS {"utc": "2026-09-22T21:50:41.120312+00:00", "stage": "G_hybrid replica 3 production 117/200", "mode": "G_hybrid", "block_completed": 89244, "block_samples": 250000, "worker_pids_seen": 128, "elapsed_s": 30.860015240032226}
PROGRESS {"utc": "2026-09-22T21:51:11.139072+00:00", "stage": "G_hybrid replica 3 production 117/200", "mode": "G_hybrid", "block_completed": 171932, "block_samples": 250000, "worker_pids_seen": 128, "elapsed_s": 60.87877383013256}
S2000_PRODUCTION_FINISHED G_hybrid replica 3 production 117/200 {"n": 116750000, "matched_pb": 0.2541604094801069, "matched_error_pb": 0.004442294126806599, "relative_error": 0.017478308820376282, "hard_error_pb": 0.004235244614630725, "cpu_ms_per_sample": 20.47948415342631, "max_weight_second_moment_fraction": 0.013890743897331113}
PROGRESS {"utc": "2026-09-22T21:52:08.147652+00:00", "stage": "G_hybrid replica 4 production 117/200", "mode": "G_hybrid", "block_completed": 89692, "block_samples": 250000, "worker_pids_seen": 128, "elapsed_s": 30.655752612045035}
PROGRESS {"utc": "2026-09-22T21:52:38.346493+00:00", "stage": "G_hybrid replica 4 production 117/200", "mode": "G_hybrid", "block_completed": 184924, "block_samples": 250000, "worker_pids_seen": 128, "elapsed_s": 60.85459978808649}
S2000_PRODUCTION_FINISHED G_hybrid replica 4 production 117/200 {"n": 117000000, "matched_pb": 0.2540240810445201, "matched_error_pb": 0.004437761686539172, "relative_error": 0.017469846434604017, "hard_error_pb": 0.004230490352572991, "cpu_ms_per_sample": 20.475343855817357, "max_weight_second_moment_fraction": 0.01386254976218791}
PROGRESS {"utc": "2026-09-22T21:53:26.959672+00:00", "stage": "G_hybrid replica 1 production 118/200", "mode": "G_hybrid", "block_completed": 132621, "block_samples": 250000, "worker_pids_seen": 128, "elapsed_s": 30.71211970690638}
S2000_PRODUCTION_FINISHED G_hybrid replica 1 production 118/200 {"n": 117250000, "matched_pb": 0.2538706015460489, "matched_error_pb": 0.004433447732098089, "relative_error": 0.017463415240279084, "hard_error_pb": 0.004225964816458348, "cpu_ms_per_sample": 20.484754424858256, "max_weight_second_moment_fraction": 0.013833076600175841}
PROGRESS {"utc": "2026-09-22T21:54:25.139557+00:00", "stage": "G_hybrid replica 2 production 118/200", "mode": "G_hybrid", "block_completed": 140199, "block_samples": 250000, "worker_pids_seen": 128, "elapsed_s": 30.560648096958175}
S2000_PRODUCTION_FINISHED G_hybrid replica 2 production 118/200 {"n": 117500000, "matched_pb": 0.25407991821499126, "matched_error_pb": 0.00442884322052866, "relative_error": 0.017430906195353726, "hard_error_pb": 0.0042211339837442755, "cpu_ms_per_sample": 20.492169232495538, "max_weight_second_moment_fraction": 0.013805821551264641}
PROGRESS {"utc": "2026-09-22T21:55:19.969174+00:00", "stage": "G_hybrid replica 3 production 118/200", "mode": "G_hybrid", "block_completed": 125737, "block_samples": 250000, "worker_pids_seen": 128, "elapsed_s": 30.62231460516341}
S2000_PRODUCTION_FINISHED G_hybrid replica 3 production 118/200 {"n": 117750000, "matched_pb": 0.2541508713233639, "matched_error_pb": 0.004424148813160187, "relative_error": 0.01740756893778738, "hard_error_pb": 0.004216208315262048, "cpu_ms_per_sample": 20.503491315890955, "max_weight_second_moment_fraction": 0.013779400274526302}
PROGRESS {"utc": "2026-09-22T21:56:20.089496+00:00", "stage": "G_hybrid replica 4 production 118/200", "mode": "G_hybrid", "block_completed": 139391, "block_samples": 250000, "worker_pids_seen": 128, "elapsed_s": 30.591321241110563}
S2000_PRODUCTION_FINISHED G_hybrid replica 4 production 118/200 {"n": 118000000, "matched_pb": 0.2540326128350054, "matched_error_pb": 0.00441963008478052, "relative_error": 0.017397884608032897, "hard_error_pb": 0.004211466481285969, "cpu_ms_per_sample": 20.510473220340852, "max_weight_second_moment_fraction": 0.013751989682309293}
PROGRESS {"utc": "2026-09-22T21:57:15.249524+00:00", "stage": "G_hybrid replica 1 production 119/200", "mode": "G_hybrid", "block_completed": 114810, "block_samples": 250000, "worker_pids_seen": 128, "elapsed_s": 30.856270406860858}
PROGRESS {"utc": "2026-09-22T21:57:45.402322+00:00", "stage": "G_hybrid replica 1 production 119/200", "mode": "G_hybrid", "block_completed": 226704, "block_samples": 250000, "worker_pids_seen": 128, "elapsed_s": 61.009067544015124}
S2000_PRODUCTION_FINISHED G_hybrid replica 1 production 119/200 {"n": 118250000, "matched_pb": 0.2541278825844518, "matched_error_pb": 0.004415176762901416, "relative_error": 0.017373838391913428, "hard_error_pb": 0.004206792802642267, "cpu_ms_per_sample": 20.51533155769822, "max_weight_second_moment_fraction": 0.013724347849119883}
PROGRESS {"utc": "2026-09-22T21:58:23.254048+00:00", "stage": "G_hybrid replica 2 production 119/200", "mode": "G_hybrid", "block_completed": 108394, "block_samples": 250000, "worker_pids_seen": 128, "elapsed_s": 30.789835658855736}
PROGRESS {"utc": "2026-09-22T21:58:53.369592+00:00", "stage": "G_hybrid replica 2 production 119/200", "mode": "G_hybrid", "block_completed": 212842, "block_samples": 250000, "worker_pids_seen": 128, "elapsed_s": 60.90537691884674}
S2000_PRODUCTION_FINISHED G_hybrid replica 2 production 119/200 {"n": 118500000, "matched_pb": 0.2538124435419226, "matched_error_pb": 0.004410947483439152, "relative_error": 0.017378767651754584, "hard_error_pb": 0.004202353809278359, "cpu_ms_per_sample": 20.5112466725973, "max_weight_second_moment_fraction": 0.013695386341177911}
PROGRESS {"utc": "2026-09-22T21:59:33.167491+00:00", "stage": "G_hybrid replica 3 production 119/200", "mode": "G_hybrid", "block_completed": 92768, "block_samples": 250000, "worker_pids_seen": 128, "elapsed_s": 30.80343107879162}
PROGRESS {"utc": "2026-09-22T22:00:03.340069+00:00", "stage": "G_hybrid replica 3 production 119/200", "mode": "G_hybrid", "block_completed": 181856, "block_samples": 250000, "worker_pids_seen": 128, "elapsed_s": 60.97601169394329}
S2000_PRODUCTION_FINISHED G_hybrid replica 3 production 119/200 {"n": 118750000, "matched_pb": 0.25378645992562726, "matched_error_pb": 0.004406614925584139, "relative_error": 0.017363475288931916, "hard_error_pb": 0.0041978059672975665, "cpu_ms_per_sample": 20.510783389995584, "max_weight_second_moment_fraction": 0.01366734806083446}
PROGRESS {"utc": "2026-09-22T22:00:55.588027+00:00", "stage": "G_hybrid replica 4 production 119/200", "mode": "G_hybrid", "block_completed": 99377, "block_samples": 250000, "worker_pids_seen": 128, "elapsed_s": 30.694208085071295}
PROGRESS {"utc": "2026-09-22T22:01:25.689862+00:00", "stage": "G_hybrid replica 4 production 119/200", "mode": "G_hybrid", "block_completed": 199473, "block_samples": 250000, "worker_pids_seen": 128, "elapsed_s": 60.79603575496003}
S2000_PRODUCTION_FINISHED G_hybrid replica 4 production 119/200 {"n": 119000000, "matched_pb": 0.253863455616833, "matched_error_pb": 0.004402112984197146, "relative_error": 0.017340475309850993, "hard_error_pb": 0.004193079842113104, "cpu_ms_per_sample": 20.507345445357796, "max_weight_second_moment_fraction": 0.013640680367832808}
PROGRESS {"utc": "2026-09-22T22:02:10.887738+00:00", "stage": "G_hybrid replica 1 production 120/200", "mode": "G_hybrid", "block_completed": 128196, "block_samples": 250000, "worker_pids_seen": 128, "elapsed_s": 30.615455500083044}
S2000_PRODUCTION_FINISHED G_hybrid replica 1 production 120/200 {"n": 119250000, "matched_pb": 0.2540853031057082, "matched_error_pb": 0.00439773403966864, "relative_error": 0.017308100806755565, "hard_error_pb": 0.004188482364814063, "cpu_ms_per_sample": 20.51505904287976, "max_weight_second_moment_fraction": 0.013613383830335456}
PROGRESS {"utc": "2026-09-22T22:03:10.532359+00:00", "stage": "G_hybrid replica 2 production 120/200", "mode": "G_hybrid", "block_completed": 112346, "block_samples": 250000, "worker_pids_seen": 128, "elapsed_s": 30.6683607341256}
PROGRESS {"utc": "2026-09-22T22:03:40.593929+00:00", "stage": "G_hybrid replica 2 production 120/200", "mode": "G_hybrid", "block_completed": 211674, "block_samples": 250000, "worker_pids_seen": 128, "elapsed_s": 60.729935938026756}
S2000_PRODUCTION_FINISHED G_hybrid replica 2 production 120/200 {"n": 119500000, "matched_pb": 0.2542838943415765, "matched_error_pb": 0.004395512415878666, "relative_error": 0.017285846700043957, "hard_error_pb": 0.0041861496909262165, "cpu_ms_per_sample": 20.51205838515957, "max_weight_second_moment_fraction": 0.013571597710645205}
PROGRESS {"utc": "2026-09-22T22:04:23.753883+00:00", "stage": "G_hybrid replica 3 production 120/200", "mode": "G_hybrid", "block_completed": 94977, "block_samples": 250000, "worker_pids_seen": 128, "elapsed_s": 30.872772237984464}
PROGRESS {"utc": "2026-09-22T22:04:53.822649+00:00", "stage": "G_hybrid replica 3 production 120/200", "mode": "G_hybrid", "block_completed": 182785, "block_samples": 250000, "worker_pids_seen": 128, "elapsed_s": 60.94153895089403}
S2000_PRODUCTION_FINISHED G_hybrid replica 3 production 120/200 {"n": 119750000, "matched_pb": 0.25440919250325345, "matched_error_pb": 0.004390944756697793, "relative_error": 0.01725937932310225, "hard_error_pb": 0.004181353332722551, "cpu_ms_per_sample": 20.512334640485854, "max_weight_second_moment_fraction": 0.013546014280248597}
PROGRESS {"utc": "2026-09-22T22:05:47.063532+00:00", "stage": "G_hybrid replica 4 production 120/200", "mode": "G_hybrid", "block_completed": 97478, "block_samples": 250000, "worker_pids_seen": 128, "elapsed_s": 30.736839902121574}
PROGRESS {"utc": "2026-09-22T22:06:17.132958+00:00", "stage": "G_hybrid replica 4 production 120/200", "mode": "G_hybrid", "block_completed": 191942, "block_samples": 250000, "worker_pids_seen": 128, "elapsed_s": 60.806267325999215}
S2000_PRODUCTION_FINISHED G_hybrid replica 4 production 120/200 {"n": 120000000, "matched_pb": 0.2544091704638834, "matched_error_pb": 0.004386506673889341, "relative_error": 0.017241936153052553, "hard_error_pb": 0.004176692547551697, "cpu_ms_per_sample": 20.508065366813973, "max_weight_second_moment_fraction": 0.01351975429369801}
PROGRESS {"utc": "2026-09-22T22:07:06.581829+00:00", "stage": "G_hybrid replica 1 production 121/200", "mode": "G_hybrid", "block_completed": 91407, "block_samples": 250000, "worker_pids_seen": 128, "elapsed_s": 30.639128414914012}
PROGRESS {"utc": "2026-09-22T22:07:36.609511+00:00", "stage": "G_hybrid replica 1 production 121/200", "mode": "G_hybrid", "block_completed": 176399, "block_samples": 250000, "worker_pids_seen": 128, "elapsed_s": 60.66681375494227}
S2000_PRODUCTION_FINISHED G_hybrid replica 1 production 121/200 {"n": 120250000, "matched_pb": 0.2542888487908592, "matched_error_pb": 0.00438207821874426, "relative_error": 0.01723267944929947, "hard_error_pb": 0.00417204138904338, "cpu_ms_per_sample": 20.506827354876197, "max_weight_second_moment_fraction": 0.013493633170583537}
PROGRESS {"utc": "2026-09-22T22:08:32.601408+00:00", "stage": "G_hybrid replica 2 production 121/200", "mode": "G_hybrid", "block_completed": 95728, "block_samples": 250000, "worker_pids_seen": 128, "elapsed_s": 31.041370766004547}
PROGRESS {"utc": "2026-09-22T22:09:02.633582+00:00", "stage": "G_hybrid replica 2 production 121/200", "mode": "G_hybrid", "block_completed": 190960, "block_samples": 250000, "worker_pids_seen": 128, "elapsed_s": 61.07354572508484}
S2000_PRODUCTION_FINISHED G_hybrid replica 2 production 121/200 {"n": 120500000, "matched_pb": 0.2541695351749838, "matched_error_pb": 0.0043776791092365154, "relative_error": 0.01722346112889843, "hard_error_pb": 0.004167420571545901, "cpu_ms_per_sample": 20.50317982866088, "max_weight_second_moment_fraction": 0.013467516319534323}
PROGRESS {"utc": "2026-09-22T22:09:51.734981+00:00", "stage": "G_hybrid replica 3 production 121/200", "mode": "G_hybrid", "block_completed": 87633, "block_samples": 250000, "worker_pids_seen": 128, "elapsed_s": 30.923742605140433}
PROGRESS {"utc": "2026-09-22T22:10:21.830497+00:00", "stage": "G_hybrid replica 3 production 121/200", "mode": "G_hybrid", "block_completed": 176209, "block_samples": 250000, "worker_pids_seen": 128, "elapsed_s": 61.01925272704102}
S2000_PRODUCTION_FINISHED G_hybrid replica 3 production 121/200 {"n": 120750000, "matched_pb": 0.2540226995461481, "matched_error_pb": 0.004373659746755012, "relative_error": 0.01721759415425964, "hard_error_pb": 0.004163198219768459, "cpu_ms_per_sample": 20.50328752386314, "max_weight_second_moment_fraction": 0.013439025887024683}
PROGRESS {"utc": "2026-09-22T22:11:16.014750+00:00", "stage": "G_hybrid replica 4 production 121/200", "mode": "G_hybrid", "block_completed": 103624, "block_samples": 250000, "worker_pids_seen": 128, "elapsed_s": 30.759110518964007}
PROGRESS {"utc": "2026-09-22T22:11:46.045023+00:00", "stage": "G_hybrid replica 4 production 121/200", "mode": "G_hybrid", "block_completed": 199880, "block_samples": 250000, "worker_pids_seen": 128, "elapsed_s": 60.78937603789382}
S2000_PRODUCTION_FINISHED G_hybrid replica 4 production 121/200 {"n": 121000000, "matched_pb": 0.2540520444033586, "matched_error_pb": 0.004369531737808813, "relative_error": 0.017199356722637917, "hard_error_pb": 0.004158861315843154, "cpu_ms_per_sample": 20.499249030085416, "max_weight_second_moment_fraction": 0.013411477768211296}
PROGRESS {"utc": "2026-09-22T22:12:31.746819+00:00", "stage": "G_hybrid replica 1 production 122/200", "mode": "G_hybrid", "block_completed": 115899, "block_samples": 250000, "worker_pids_seen": 128, "elapsed_s": 30.62311229808256}
PROGRESS {"utc": "2026-09-22T22:13:01.812416+00:00", "stage": "G_hybrid replica 1 production 122/200", "mode": "G_hybrid", "block_completed": 202683, "block_samples": 250000, "worker_pids_seen": 128, "elapsed_s": 60.688709581969306}
S2000_PRODUCTION_FINISHED G_hybrid replica 1 production 122/200 {"n": 121250000, "matched_pb": 0.25389096911375136, "matched_error_pb": 0.00436512691055885, "relative_error": 0.017192919172336264, "hard_error_pb": 0.004154233115989424, "cpu_ms_per_sample": 20.50004727967104, "max_weight_second_moment_fraction": 0.013386005659291014}
PROGRESS {"utc": "2026-09-22T22:13:48.116779+00:00", "stage": "G_hybrid replica 2 production 122/200", "mode": "G_hybrid", "block_completed": 137116, "block_samples": 250000, "worker_pids_seen": 128, "elapsed_s": 30.705282672075555}
S2000_PRODUCTION_FINISHED G_hybrid replica 2 production 122/200 {"n": 121500000, "matched_pb": 0.2539018837624454, "matched_error_pb": 0.004360798896102087, "relative_error": 0.017175134077312006, "hard_error_pb": 0.004149685150579901, "cpu_ms_per_sample": 20.505469775743094, "max_weight_second_moment_fraction": 0.013360212781598001}
PROGRESS {"utc": "2026-09-22T22:14:45.119415+00:00", "stage": "G_hybrid replica 3 production 122/200", "mode": "G_hybrid", "block_completed": 96226, "block_samples": 250000, "worker_pids_seen": 128, "elapsed_s": 30.719879298936576}
PROGRESS {"utc": "2026-09-22T22:15:15.142745+00:00", "stage": "G_hybrid replica 3 production 122/200", "mode": "G_hybrid", "block_completed": 183522, "block_samples": 250000, "worker_pids_seen": 128, "elapsed_s": 60.74321641889401}
S2000_PRODUCTION_FINISHED G_hybrid replica 3 production 122/200 {"n": 121750000, "matched_pb": 0.25441641625357436, "matched_error_pb": 0.004356420883504376, "relative_error": 0.01712319097822042, "hard_error_pb": 0.00414508416692969, "cpu_ms_per_sample": 20.504974666815983, "max_weight_second_moment_fraction": 0.013334957751641362}
PROGRESS {"utc": "2026-09-22T22:16:06.540109+00:00", "stage": "G_hybrid replica 4 production 122/200", "mode": "G_hybrid", "block_completed": 101291, "block_samples": 250000, "worker_pids_seen": 128, "elapsed_s": 30.693261279026046}
PROGRESS {"utc": "2026-09-22T22:16:36.635371+00:00", "stage": "G_hybrid replica 4 production 122/200", "mode": "G_hybrid", "block_completed": 202155, "block_samples": 250000, "worker_pids_seen": 128, "elapsed_s": 60.788530429126695}
S2000_PRODUCTION_FINISHED G_hybrid replica 4 production 122/200 {"n": 122000000, "matched_pb": 0.2542808374227287, "matched_error_pb": 0.004352031647129065, "relative_error": 0.017115059440731814, "hard_error_pb": 0.004140470902483324, "cpu_ms_per_sample": 20.500328505277896, "max_weight_second_moment_fraction": 0.013309971730582699}
PROGRESS {"utc": "2026-09-22T22:17:22.345422+00:00", "stage": "G_hybrid replica 1 production 123/200", "mode": "G_hybrid", "block_completed": 133820, "block_samples": 250000, "worker_pids_seen": 128, "elapsed_s": 30.784160861978307}
S2000_PRODUCTION_FINISHED G_hybrid replica 1 production 123/200 {"n": 122250000, "matched_pb": 0.2543545889487407, "matched_error_pb": 0.004347720601361274, "relative_error": 0.017093147874117802, "hard_error_pb": 0.004135939344840467, "cpu_ms_per_sample": 20.510858642197494, "max_weight_second_moment_fraction": 0.013284653077343663}
PROGRESS {"utc": "2026-09-22T22:18:20.195469+00:00", "stage": "G_hybrid replica 2 production 123/200", "mode": "G_hybrid", "block_completed": 139716, "block_samples": 250000, "worker_pids_seen": 128, "elapsed_s": 30.61167040700093}
S2000_PRODUCTION_FINISHED G_hybrid replica 2 production 123/200 {"n": 122500000, "matched_pb": 0.25438239619415115, "matched_error_pb": 0.004343416858390685, "relative_error": 0.01707436097533918, "hard_error_pb": 0.004131414992765863, "cpu_ms_per_sample": 20.516330154569836, "max_weight_second_moment_fraction": 0.013259478877920422}
PROGRESS {"utc": "2026-09-22T22:19:17.537741+00:00", "stage": "G_hybrid replica 3 production 123/200", "mode": "G_hybrid", "block_completed": 131458, "block_samples": 250000, "worker_pids_seen": 128, "elapsed_s": 30.613605231046677}
S2000_PRODUCTION_FINISHED G_hybrid replica 3 production 123/200 {"n": 122750000, "matched_pb": 0.25448070248175453, "matched_error_pb": 0.004339201537743535, "relative_error": 0.01705120072141675, "hard_error_pb": 0.004126983138062718, "cpu_ms_per_sample": 20.525656665824865, "max_weight_second_moment_fraction": 0.013233901447948993}
PROGRESS {"utc": "2026-09-22T22:20:18.207009+00:00", "stage": "G_hybrid replica 4 production 123/200", "mode": "G_hybrid", "block_completed": 142076, "block_samples": 250000, "worker_pids_seen": 128, "elapsed_s": 30.639214558992535}
S2000_PRODUCTION_FINISHED G_hybrid replica 4 production 123/200 {"n": 123000000, "matched_pb": 0.2543991874322278, "matched_error_pb": 0.0043351787480294095, "relative_error": 0.017040851394953083, "hard_error_pb": 0.004122753280765657, "cpu_ms_per_sample": 20.531610070895365, "max_weight_second_moment_fraction": 0.013207218424478612}
PROGRESS {"utc": "2026-09-22T22:21:12.440803+00:00", "stage": "G_hybrid replica 1 production 124/200", "mode": "G_hybrid", "block_completed": 126050, "block_samples": 250000, "worker_pids_seen": 128, "elapsed_s": 30.719105971045792}
S2000_PRODUCTION_FINISHED G_hybrid replica 1 production 124/200 {"n": 123250000, "matched_pb": 0.25446876659264445, "matched_error_pb": 0.004331120130295406, "relative_error": 0.01702024255585243, "hard_error_pb": 0.004118485330767641, "cpu_ms_per_sample": 20.5401212649734, "max_weight_second_moment_fraction": 0.013180970283749278}
PROGRESS {"utc": "2026-09-22T22:22:12.014225+00:00", "stage": "G_hybrid replica 2 production 124/200", "mode": "G_hybrid", "block_completed": 110492, "block_samples": 250000, "worker_pids_seen": 128, "elapsed_s": 30.622780532110482}
PROGRESS {"utc": "2026-09-22T22:22:42.020592+00:00", "stage": "G_hybrid replica 2 production 124/200", "mode": "G_hybrid", "block_completed": 213404, "block_samples": 250000, "worker_pids_seen": 128, "elapsed_s": 60.62914840597659}
S2000_PRODUCTION_FINISHED G_hybrid replica 2 production 124/200 {"n": 123500000, "matched_pb": 0.25447378737231324, "matched_error_pb": 0.004327053396604303, "relative_error": 0.01700392579245703, "hard_error_pb": 0.004114208421283854, "cpu_ms_per_sample": 20.536871821562016, "max_weight_second_moment_fraction": 0.01315496783267656}
PROGRESS {"utc": "2026-09-22T22:23:22.652578+00:00", "stage": "G_hybrid replica 3 production 124/200", "mode": "G_hybrid", "block_completed": 90605, "block_samples": 250000, "worker_pids_seen": 128, "elapsed_s": 30.825396871892735}
PROGRESS {"utc": "2026-09-22T22:23:52.720427+00:00", "stage": "G_hybrid replica 3 production 124/200", "mode": "G_hybrid", "block_completed": 178925, "block_samples": 250000, "worker_pids_seen": 128, "elapsed_s": 60.89325639908202}
S2000_PRODUCTION_FINISHED G_hybrid replica 3 production 124/200 {"n": 123750000, "matched_pb": 0.254697870258249, "matched_error_pb": 0.004322934656010506, "relative_error": 0.016972794674832963, "hard_error_pb": 0.004109876382184119, "cpu_ms_per_sample": 20.537518476753448, "max_weight_second_moment_fraction": 0.013129505762408239}
PROGRESS {"utc": "2026-09-22T22:24:46.465856+00:00", "stage": "G_hybrid replica 4 production 124/200", "mode": "G_hybrid", "block_completed": 134501, "block_samples": 250000, "worker_pids_seen": 128, "elapsed_s": 30.582130279857665}
S2000_PRODUCTION_FINISHED G_hybrid replica 4 production 124/200 {"n": 124000000, "matched_pb": 0.25427771812776606, "matched_error_pb": 0.004318664880037843, "relative_error": 0.01698404764615615, "hard_error_pb": 0.004105385022476019, "cpu_ms_per_sample": 20.543147736473685, "max_weight_second_moment_fraction": 0.013105243460699635}
PROGRESS {"utc": "2026-09-22T22:25:45.107875+00:00", "stage": "G_hybrid replica 1 production 125/200", "mode": "G_hybrid", "block_completed": 129829, "block_samples": 250000, "worker_pids_seen": 128, "elapsed_s": 31.032408864004537}
PROGRESS {"utc": "2026-09-22T22:26:15.770030+00:00", "stage": "G_hybrid replica 1 production 125/200", "mode": "G_hybrid", "block_completed": 250000, "block_samples": 250000, "worker_pids_seen": 128, "elapsed_s": 61.694571673171595}
S2000_PRODUCTION_FINISHED G_hybrid replica 1 production 125/200 {"n": 124250000, "matched_pb": 0.25405260480358843, "matched_error_pb": 0.004314594456945072, "relative_error": 0.016983075061484783, "hard_error_pb": 0.0041011029205080055, "cpu_ms_per_sample": 20.5500616890944, "max_weight_second_moment_fraction": 0.013079829621766507}
PROGRESS {"utc": "2026-09-22T22:26:46.554960+00:00", "stage": "G_hybrid replica 2 production 125/200", "mode": "G_hybrid", "block_completed": 102321, "block_samples": 250000, "worker_pids_seen": 128, "elapsed_s": 30.618907651863992}
PROGRESS {"utc": "2026-09-22T22:27:16.562745+00:00", "stage": "G_hybrid replica 2 production 125/200", "mode": "G_hybrid", "block_completed": 196273, "block_samples": 250000, "worker_pids_seen": 128, "elapsed_s": 60.626701541943476}
S2000_PRODUCTION_FINISHED G_hybrid replica 2 production 125/200 {"n": 124500000, "matched_pb": 0.2539543647471188, "matched_error_pb": 0.004310594404834532, "relative_error": 0.016973893751056065, "hard_error_pb": 0.004096894428672641, "cpu_ms_per_sample": 20.54685938302322, "max_weight_second_moment_fraction": 0.013054130663577627}
PROGRESS {"utc": "2026-09-22T22:28:03.778096+00:00", "stage": "G_hybrid replica 3 production 125/200", "mode": "G_hybrid", "block_completed": 127975, "block_samples": 250000, "worker_pids_seen": 128, "elapsed_s": 30.70382199413143}
PROGRESS {"utc": "2026-09-22T22:28:33.802311+00:00", "stage": "G_hybrid replica 3 production 125/200", "mode": "G_hybrid", "block_completed": 249488, "block_samples": 250000, "worker_pids_seen": 128, "elapsed_s": 60.728042538044974}
S2000_PRODUCTION_FINISHED G_hybrid replica 3 production 125/200 {"n": 124750000, "matched_pb": 0.2539800621848155, "matched_error_pb": 0.004306366955343307, "relative_error": 0.0169555315417226, "hard_error_pb": 0.004092446235538218, "cpu_ms_per_sample": 20.55807831281378, "max_weight_second_moment_fraction": 0.013030141445627355}
PROGRESS {"utc": "2026-09-22T22:29:06.089584+00:00", "stage": "G_hybrid replica 4 production 125/200", "mode": "G_hybrid", "block_completed": 96670, "block_samples": 250000, "worker_pids_seen": 128, "elapsed_s": 30.61999583709985}
PROGRESS {"utc": "2026-09-22T22:29:36.144027+00:00", "stage": "G_hybrid replica 4 production 125/200", "mode": "G_hybrid", "block_completed": 189342, "block_samples": 250000, "worker_pids_seen": 128, "elapsed_s": 60.6744103631936}
S2000_PRODUCTION_FINISHED G_hybrid replica 4 production 125/200 {"n": 125000000, "matched_pb": 0.25383150237746316, "matched_error_pb": 0.0043021440524101985, "relative_error": 0.016948818456791245, "hard_error_pb": 0.004088002358657171, "cpu_ms_per_sample": 20.55390038032819, "max_weight_second_moment_fraction": 0.013006303330734981}
PROGRESS {"utc": "2026-09-22T22:30:25.222878+00:00", "stage": "G_hybrid replica 1 production 126/200", "mode": "G_hybrid", "block_completed": 88809, "block_samples": 250000, "worker_pids_seen": 128, "elapsed_s": 30.769704023143277}
PROGRESS {"utc": "2026-09-22T22:30:55.251924+00:00", "stage": "G_hybrid replica 1 production 126/200", "mode": "G_hybrid", "block_completed": 170473, "block_samples": 250000, "worker_pids_seen": 128, "elapsed_s": 60.79874566500075}
S2000_PRODUCTION_FINISHED G_hybrid replica 1 production 126/200 {"n": 125250000, "matched_pb": 0.25354044826601485, "matched_error_pb": 0.004298154218936625, "relative_error": 0.01695253853312982, "hard_error_pb": 0.004083803316329137, "cpu_ms_per_sample": 20.552012473383275, "max_weight_second_moment_fraction": 0.012981086224377127}
PROGRESS {"utc": "2026-09-22T22:31:52.482443+00:00", "stage": "G_hybrid replica 2 production 126/200", "mode": "G_hybrid", "block_completed": 93204, "block_samples": 250000, "worker_pids_seen": 128, "elapsed_s": 30.912897264119238}
PROGRESS {"utc": "2026-09-22T22:32:22.546233+00:00", "stage": "G_hybrid replica 2 production 126/200", "mode": "G_hybrid", "block_completed": 181780, "block_samples": 250000, "worker_pids_seen": 128, "elapsed_s": 60.97686389507726}
S2000_PRODUCTION_FINISHED G_hybrid replica 2 production 126/200 {"n": 125500000, "matched_pb": 0.2536718575812437, "matched_error_pb": 0.004294209820700265, "relative_error": 0.01692820741585398, "hard_error_pb": 0.004079651678868767, "cpu_ms_per_sample": 20.548843716707083, "max_weight_second_moment_fraction": 0.012955749281086958}
PROGRESS {"utc": "2026-09-22T22:33:14.734487+00:00", "stage": "G_hybrid replica 3 production 126/200", "mode": "G_hybrid", "block_completed": 89277, "block_samples": 250000, "worker_pids_seen": 128, "elapsed_s": 30.78846589103341}
PROGRESS {"utc": "2026-09-22T22:33:44.762715+00:00", "stage": "G_hybrid replica 3 production 126/200", "mode": "G_hybrid", "block_completed": 170941, "block_samples": 250000, "worker_pids_seen": 128, "elapsed_s": 60.81670080102049}
S2000_PRODUCTION_FINISHED G_hybrid replica 3 production 126/200 {"n": 125750000, "matched_pb": 0.2536009100544192, "matched_error_pb": 0.004290144126016617, "relative_error": 0.016916911398685487, "hard_error_pb": 0.004075371941147585, "cpu_ms_per_sample": 20.54844380897302, "max_weight_second_moment_fraction": 0.01293140322672164}
PROGRESS {"utc": "2026-09-22T22:34:42.459654+00:00", "stage": "G_hybrid replica 4 production 126/200", "mode": "G_hybrid", "block_completed": 91415, "block_samples": 250000, "worker_pids_seen": 128, "elapsed_s": 30.772856190800667}
PROGRESS {"utc": "2026-09-22T22:35:12.584901+00:00", "stage": "G_hybrid replica 4 production 126/200", "mode": "G_hybrid", "block_completed": 182807, "block_samples": 250000, "worker_pids_seen": 128, "elapsed_s": 60.89809249783866}
S2000_PRODUCTION_FINISHED G_hybrid replica 4 production 126/200 {"n": 126000000, "matched_pb": 0.25360915832948, "matched_error_pb": 0.004286237844746164, "relative_error": 0.01690095843927543, "hard_error_pb": 0.00407125959605039, "cpu_ms_per_sample": 20.544844895006136, "max_weight_second_moment_fraction": 0.012906172435386744}
PROGRESS {"utc": "2026-09-22T22:36:03.589368+00:00", "stage": "G_hybrid replica 1 production 127/200", "mode": "G_hybrid", "block_completed": 86785, "block_samples": 250000, "worker_pids_seen": 128, "elapsed_s": 30.66717958310619}
PROGRESS {"utc": "2026-09-22T22:36:33.624616+00:00", "stage": "G_hybrid replica 1 production 127/200", "mode": "G_hybrid", "block_completed": 174337, "block_samples": 250000, "worker_pids_seen": 128, "elapsed_s": 60.70242484891787}
S2000_PRODUCTION_FINISHED G_hybrid replica 1 production 127/200 {"n": 126250000, "matched_pb": 0.2537621797095999, "matched_error_pb": 0.00428259865140336, "relative_error": 0.016876426015508993, "hard_error_pb": 0.0040674280627566155, "cpu_ms_per_sample": 20.543222524465826, "max_weight_second_moment_fraction": 0.012879340709743777}
PROGRESS {"utc": "2026-09-22T22:37:30.117466+00:00", "stage": "G_hybrid replica 2 production 127/200", "mode": "G_hybrid", "block_completed": 91065, "block_samples": 250000, "worker_pids_seen": 128, "elapsed_s": 30.684010363882408}
PROGRESS {"utc": "2026-09-22T22:38:00.124104+00:00", "stage": "G_hybrid replica 2 production 127/200", "mode": "G_hybrid", "block_completed": 183225, "block_samples": 250000, "worker_pids_seen": 128, "elapsed_s": 60.690641411812976}
S2000_PRODUCTION_FINISHED G_hybrid replica 2 production 127/200 {"n": 126500000, "matched_pb": 0.25371916123168825, "matched_error_pb": 0.0042788911559918765, "relative_error": 0.016864674844500726, "hard_error_pb": 0.004063524253837258, "cpu_ms_per_sample": 20.540225730869977, "max_weight_second_moment_fraction": 0.012853144762924837}
PROGRESS {"utc": "2026-09-22T22:38:52.179316+00:00", "stage": "G_hybrid replica 3 production 127/200", "mode": "G_hybrid", "block_completed": 87766, "block_samples": 250000, "worker_pids_seen": 128, "elapsed_s": 30.860705779166892}
PROGRESS {"utc": "2026-09-22T22:39:22.196357+00:00", "stage": "G_hybrid replica 3 production 127/200", "mode": "G_hybrid", "block_completed": 169174, "block_samples": 250000, "worker_pids_seen": 128, "elapsed_s": 60.877745513105765}
S2000_PRODUCTION_FINISHED G_hybrid replica 3 production 127/200 {"n": 126750000, "matched_pb": 0.2538132869556314, "matched_error_pb": 0.004274802874513953, "relative_error": 0.01684231320506567, "hard_error_pb": 0.004059219069310119, "cpu_ms_per_sample": 20.540112365405214, "max_weight_second_moment_fraction": 0.012829663208692308}
PROGRESS {"utc": "2026-09-22T22:40:20.125225+00:00", "stage": "G_hybrid replica 4 production 127/200", "mode": "G_hybrid", "block_completed": 90746, "block_samples": 250000, "worker_pids_seen": 128, "elapsed_s": 30.752150122076273}
PROGRESS {"utc": "2026-09-22T22:40:50.163509+00:00", "stage": "G_hybrid replica 4 production 127/200", "mode": "G_hybrid", "block_completed": 179578, "block_samples": 250000, "worker_pids_seen": 128, "elapsed_s": 60.790430476889014}
S2000_PRODUCTION_FINISHED G_hybrid replica 4 production 127/200 {"n": 127000000, "matched_pb": 0.2540869558473412, "matched_error_pb": 0.004270892143856267, "relative_error": 0.01680878158272035, "hard_error_pb": 0.004055100435396308, "cpu_ms_per_sample": 20.5367357742302, "max_weight_second_moment_fraction": 0.012805175526157104}
PROGRESS {"utc": "2026-09-22T22:41:43.569471+00:00", "stage": "G_hybrid replica 1 production 128/200", "mode": "G_hybrid", "block_completed": 87282, "block_samples": 250000, "worker_pids_seen": 128, "elapsed_s": 30.97274183598347}
PROGRESS {"utc": "2026-09-22T22:42:13.571534+00:00", "stage": "G_hybrid replica 1 production 128/200", "mode": "G_hybrid", "block_completed": 170994, "block_samples": 250000, "worker_pids_seen": 128, "elapsed_s": 60.97480429103598}
S2000_PRODUCTION_FINISHED G_hybrid replica 1 production 128/200 {"n": 127250000, "matched_pb": 0.25383011814409245, "matched_error_pb": 0.004267125770548959, "relative_error": 0.016810951362858477, "hard_error_pb": 0.004051133443665019, "cpu_ms_per_sample": 20.53555007648631, "max_weight_second_moment_fraction": 0.012779901107032175}
PROGRESS {"utc": "2026-09-22T22:43:10.323985+00:00", "stage": "G_hybrid replica 2 production 128/200", "mode": "G_hybrid", "block_completed": 89841, "block_samples": 250000, "worker_pids_seen": 128, "elapsed_s": 30.734633565181866}
PROGRESS {"utc": "2026-09-22T22:43:40.424848+00:00", "stage": "G_hybrid replica 2 production 128/200", "mode": "G_hybrid", "block_completed": 180977, "block_samples": 250000, "worker_pids_seen": 128, "elapsed_s": 60.83549642004073}
S2000_PRODUCTION_FINISHED G_hybrid replica 2 production 128/200 {"n": 127500000, "matched_pb": 0.25371833383215686, "matched_error_pb": 0.004263173368899011, "relative_error": 0.01680278009282231, "hard_error_pb": 0.004046970102433163, "cpu_ms_per_sample": 20.53238754521235, "max_weight_second_moment_fraction": 0.01275603770590791}
PROGRESS {"utc": "2026-09-22T22:44:33.576103+00:00", "stage": "G_hybrid replica 3 production 128/200", "mode": "G_hybrid", "block_completed": 126998, "block_samples": 250000, "worker_pids_seen": 128, "elapsed_s": 30.792667479952797}
S2000_PRODUCTION_FINISHED G_hybrid replica 3 production 128/200 {"n": 127750000, "matched_pb": 0.25373528040275667, "matched_error_pb": 0.004259516048098095, "relative_error": 0.016787243939183072, "hard_error_pb": 0.004043117213327281, "cpu_ms_per_sample": 20.54252822632338, "max_weight_second_moment_fraction": 0.0127303890905194}
PROGRESS {"utc": "2026-09-22T22:45:34.003159+00:00", "stage": "G_hybrid replica 4 production 128/200", "mode": "G_hybrid", "block_completed": 137425, "block_samples": 250000, "worker_pids_seen": 128, "elapsed_s": 30.998611387098208}
S2000_PRODUCTION_FINISHED G_hybrid replica 4 production 128/200 {"n": 128000000, "matched_pb": 0.2536930751513054, "matched_error_pb": 0.004255625668949484, "relative_error": 0.016774701739144363, "hard_error_pb": 0.004039018404379942, "cpu_ms_per_sample": 20.547042978304404, "max_weight_second_moment_fraction": 0.012706459262530766}
PROGRESS {"utc": "2026-09-22T22:46:30.765697+00:00", "stage": "G_hybrid replica 1 production 129/200", "mode": "G_hybrid", "block_completed": 93028, "block_samples": 250000, "worker_pids_seen": 128, "elapsed_s": 31.001426363829523}
PROGRESS {"utc": "2026-09-22T22:47:01.079757+00:00", "stage": "G_hybrid replica 1 production 129/200", "mode": "G_hybrid", "block_completed": 182884, "block_samples": 250000, "worker_pids_seen": 128, "elapsed_s": 61.31558023788966}
S2000_PRODUCTION_FINISHED G_hybrid replica 1 production 129/200 {"n": 128250000, "matched_pb": 0.2536541443497106, "matched_error_pb": 0.004251714093905771, "relative_error": 0.01676185541854965, "hard_error_pb": 0.004034896847877913, "cpu_ms_per_sample": 20.546128110803622, "max_weight_second_moment_fraction": 0.012682840304010257}
PROGRESS {"utc": "2026-09-22T22:47:52.503631+00:00", "stage": "G_hybrid replica 2 production 129/200", "mode": "G_hybrid", "block_completed": 99031, "block_samples": 250000, "worker_pids_seen": 128, "elapsed_s": 30.85705069708638}
PROGRESS {"utc": "2026-09-22T22:48:22.535414+00:00", "stage": "G_hybrid replica 2 production 129/200", "mode": "G_hybrid", "block_completed": 200663, "block_samples": 250000, "worker_pids_seen": 128, "elapsed_s": 60.88884048210457}
S2000_PRODUCTION_FINISHED G_hybrid replica 2 production 129/200 {"n": 128500000, "matched_pb": 0.2536383096343553, "matched_error_pb": 0.00424788252578324, "relative_error": 0.01674779544110266, "hard_error_pb": 0.004030859187512354, "cpu_ms_per_sample": 20.541895584407246, "max_weight_second_moment_fraction": 0.012658861023210186}
PROGRESS {"utc": "2026-09-22T22:49:06.864023+00:00", "stage": "G_hybrid replica 3 production 129/200", "mode": "G_hybrid", "block_completed": 124210, "block_samples": 250000, "worker_pids_seen": 128, "elapsed_s": 30.752082297112793}
S2000_PRODUCTION_FINISHED G_hybrid replica 3 production 129/200 {"n": 128750000, "matched_pb": 0.25378326743745117, "matched_error_pb": 0.004243820276116437, "relative_error": 0.016722222544330635, "hard_error_pb": 0.004026577997838256, "cpu_ms_per_sample": 20.55137199587968, "max_weight_second_moment_fraction": 0.01263657703406896}
PROGRESS {"utc": "2026-09-22T22:50:07.667394+00:00", "stage": "G_hybrid replica 4 production 129/200", "mode": "G_hybrid", "block_completed": 126121, "block_samples": 250000, "worker_pids_seen": 128, "elapsed_s": 30.70538573502563}
PROGRESS {"utc": "2026-09-22T22:50:37.685749+00:00", "stage": "G_hybrid replica 4 production 129/200", "mode": "G_hybrid", "block_completed": 227241, "block_samples": 250000, "worker_pids_seen": 128, "elapsed_s": 60.723754815990105}
S2000_PRODUCTION_FINISHED G_hybrid replica 4 production 129/200 {"n": 129000000, "matched_pb": 0.2535779634757658, "matched_error_pb": 0.00423994667352719, "relative_error": 0.016720485547760927, "hard_error_pb": 0.004022495199630751, "cpu_ms_per_sample": 20.550472156077817, "max_weight_second_moment_fraction": 0.012613210312609202}
PROGRESS {"utc": "2026-09-22T22:51:15.120467+00:00", "stage": "G_hybrid replica 1 production 130/200", "mode": "G_hybrid", "block_completed": 129237, "block_samples": 250000, "worker_pids_seen": 128, "elapsed_s": 30.599321946967393}
PROGRESS {"utc": "2026-09-22T22:51:46.481930+00:00", "stage": "G_hybrid replica 1 production 130/200", "mode": "G_hybrid", "block_completed": 250000, "block_samples": 250000, "worker_pids_seen": 128, "elapsed_s": 61.960779960034415}
S2000_PRODUCTION_FINISHED G_hybrid replica 1 production 130/200 {"n": 129250000, "matched_pb": 0.2537118221491514, "matched_error_pb": 0.004236213219768808, "relative_error": 0.016696948466510302, "hard_error_pb": 0.004018559727071648, "cpu_ms_per_sample": 20.558858451999864, "max_weight_second_moment_fraction": 0.012589085583646683}
PROGRESS {"utc": "2026-09-22T22:52:17.276695+00:00", "stage": "G_hybrid replica 2 production 130/200", "mode": "G_hybrid", "block_completed": 131751, "block_samples": 250000, "worker_pids_seen": 128, "elapsed_s": 30.623867839109153}
S2000_PRODUCTION_FINISHED G_hybrid replica 2 production 130/200 {"n": 129500000, "matched_pb": 0.2539042048236618, "matched_error_pb": 0.004232297778259721, "relative_error": 0.01666887628426272, "hard_error_pb": 0.004014432004724992, "cpu_ms_per_sample": 20.564363256236014, "max_weight_second_moment_fraction": 0.012566328790831098}
PROGRESS {"utc": "2026-09-22T22:53:16.098406+00:00", "stage": "G_hybrid replica 3 production 130/200", "mode": "G_hybrid", "block_completed": 115710, "block_samples": 250000, "worker_pids_seen": 128, "elapsed_s": 30.63930032798089}
PROGRESS {"utc": "2026-09-22T22:53:46.101474+00:00", "stage": "G_hybrid replica 3 production 130/200", "mode": "G_hybrid", "block_completed": 212734, "block_samples": 250000, "worker_pids_seen": 128, "elapsed_s": 60.642369830049574}
S2000_PRODUCTION_FINISHED G_hybrid replica 3 production 130/200 {"n": 129750000, "matched_pb": 0.2540891946632296, "matched_error_pb": 0.004228693772794111, "relative_error": 0.016642556478636692, "hard_error_pb": 0.004010632227064188, "cpu_ms_per_sample": 20.566537852071622, "max_weight_second_moment_fraction": 0.012541681938434017}
PROGRESS {"utc": "2026-09-22T22:54:28.508958+00:00", "stage": "G_hybrid replica 4 production 130/200", "mode": "G_hybrid", "block_completed": 137355, "block_samples": 250000, "worker_pids_seen": 128, "elapsed_s": 30.74847192596644}
S2000_PRODUCTION_FINISHED G_hybrid replica 4 production 130/200 {"n": 130000000, "matched_pb": 0.2539080661294785, "matched_error_pb": 0.0042248638883279266, "relative_error": 0.01663934491223878, "hard_error_pb": 0.004006593904003189, "cpu_ms_per_sample": 20.573389152710714, "max_weight_second_moment_fraction": 0.0125186878624249}
PROGRESS {"utc": "2026-09-22T22:55:26.962986+00:00", "stage": "G_hybrid replica 1 production 131/200", "mode": "G_hybrid", "block_completed": 131136, "block_samples": 250000, "worker_pids_seen": 128, "elapsed_s": 30.761585192987695}
S2000_PRODUCTION_FINISHED G_hybrid replica 1 production 131/200 {"n": 130250000, "matched_pb": 0.2540627990705045, "matched_error_pb": 0.004220817734083793, "relative_error": 0.01661328517801806, "hard_error_pb": 0.004002327095709994, "cpu_ms_per_sample": 20.583160406881497, "max_weight_second_moment_fraction": 0.012497281770888926}
PROGRESS {"utc": "2026-09-22T22:56:27.717160+00:00", "stage": "G_hybrid replica 2 production 131/200", "mode": "G_hybrid", "block_completed": 131719, "block_samples": 250000, "worker_pids_seen": 128, "elapsed_s": 30.700725722825155}
S2000_PRODUCTION_FINISHED G_hybrid replica 2 production 131/200 {"n": 130500000, "matched_pb": 0.25421727616681195, "matched_error_pb": 0.004217098914648112, "relative_error": 0.0165885614787287, "hard_error_pb": 0.0039984050686022845, "cpu_ms_per_sample": 20.58887199902847, "max_weight_second_moment_fraction": 0.012473881155473083}
PROGRESS {"utc": "2026-09-22T22:57:25.890786+00:00", "stage": "G_hybrid replica 3 production 131/200", "mode": "G_hybrid", "block_completed": 126708, "block_samples": 250000, "worker_pids_seen": 128, "elapsed_s": 30.57758914702572}
S2000_PRODUCTION_FINISHED G_hybrid replica 3 production 131/200 {"n": 130750000, "matched_pb": 0.2541588824315508, "matched_error_pb": 0.004213966426319759, "relative_error": 0.016580047826794526, "hard_error_pb": 0.003995101109965588, "cpu_ms_per_sample": 20.59706761989515, "max_weight_second_moment_fraction": 0.012446786969193852}
PROGRESS {"utc": "2026-09-22T22:58:25.260543+00:00", "stage": "G_hybrid replica 4 production 131/200", "mode": "G_hybrid", "block_completed": 120654, "block_samples": 250000, "worker_pids_seen": 128, "elapsed_s": 30.625006444985047}
PROGRESS {"utc": "2026-09-22T22:58:55.335040+00:00", "stage": "G_hybrid replica 4 production 131/200", "mode": "G_hybrid", "block_completed": 238736, "block_samples": 250000, "worker_pids_seen": 128, "elapsed_s": 60.69950158894062}
S2000_PRODUCTION_FINISHED G_hybrid replica 4 production 131/200 {"n": 131000000, "matched_pb": 0.25419446967782494, "matched_error_pb": 0.004210039943636823, "relative_error": 0.016562279852007703, "hard_error_pb": 0.003990959303690742, "cpu_ms_per_sample": 20.59389109882255, "max_weight_second_moment_fraction": 0.012425074837337841}
PROGRESS {"utc": "2026-09-22T22:59:30.404894+00:00", "stage": "G_hybrid replica 1 production 132/200", "mode": "G_hybrid", "block_completed": 134599, "block_samples": 250000, "worker_pids_seen": 128, "elapsed_s": 30.844819935038686}
S2000_PRODUCTION_FINISHED G_hybrid replica 1 production 132/200 {"n": 131250000, "matched_pb": 0.2540862430468388, "matched_error_pb": 0.004206165837124979, "relative_error": 0.0165540872527664, "hard_error_pb": 0.003986872318760086, "cpu_ms_per_sample": 20.603217469855775, "max_weight_second_moment_fraction": 0.012403175990919078}
PROGRESS {"utc": "2026-09-22T23:00:29.014577+00:00", "stage": "G_hybrid replica 2 production 132/200", "mode": "G_hybrid", "block_completed": 137940, "block_samples": 250000, "worker_pids_seen": 128, "elapsed_s": 30.992061220109463}
S2000_PRODUCTION_FINISHED G_hybrid replica 2 production 132/200 {"n": 131500000, "matched_pb": 0.25434030357851783, "matched_error_pb": 0.004202502884405088, "relative_error": 0.01652314959633492, "hard_error_pb": 0.003983007698979658, "cpu_ms_per_sample": 20.605371579244743, "max_weight_second_moment_fraction": 0.012380050649913986}
PROGRESS {"utc": "2026-09-22T23:01:25.887577+00:00", "stage": "G_hybrid replica 3 production 132/200", "mode": "G_hybrid", "block_completed": 129389, "block_samples": 250000, "worker_pids_seen": 128, "elapsed_s": 30.88835359713994}
S2000_PRODUCTION_FINISHED G_hybrid replica 3 production 132/200 {"n": 131750000, "matched_pb": 0.254313383078471, "matched_error_pb": 0.004198866025630125, "relative_error": 0.016510597966975734, "hard_error_pb": 0.003979170232333504, "cpu_ms_per_sample": 20.616023817125974, "max_weight_second_moment_fraction": 0.012356911285806974}
PROGRESS {"utc": "2026-09-22T23:02:26.646441+00:00", "stage": "G_hybrid replica 4 production 132/200", "mode": "G_hybrid", "block_completed": 131396, "block_samples": 250000, "worker_pids_seen": 128, "elapsed_s": 30.71717778709717}
S2000_PRODUCTION_FINISHED G_hybrid replica 4 production 132/200 {"n": 132000000, "matched_pb": 0.25430935603971355, "matched_error_pb": 0.004195346791289808, "relative_error": 0.016497021016539607, "hard_error_pb": 0.003975456519179129, "cpu_ms_per_sample": 20.61492570276049, "max_weight_second_moment_fraction": 0.012333159174806525}
PROGRESS {"utc": "2026-09-22T23:03:26.609933+00:00", "stage": "G_hybrid replica 1 production 133/200", "mode": "G_hybrid", "block_completed": 131399, "block_samples": 250000, "worker_pids_seen": 128, "elapsed_s": 30.613008533138782}
S2000_PRODUCTION_FINISHED G_hybrid replica 1 production 133/200 {"n": 132250000, "matched_pb": 0.2541511346247189, "matched_error_pb": 0.004191793076137834, "relative_error": 0.016493308528122298, "hard_error_pb": 0.00397170606035432, "cpu_ms_per_sample": 20.62359117265511, "max_weight_second_moment_fraction": 0.012309789673647887}
PROGRESS {"utc": "2026-09-22T23:04:25.719430+00:00", "stage": "G_hybrid replica 2 production 133/200", "mode": "G_hybrid", "block_completed": 138945, "block_samples": 250000, "worker_pids_seen": 128, "elapsed_s": 30.62458886601962}
S2000_PRODUCTION_FINISHED G_hybrid replica 2 production 133/200 {"n": 132500000, "matched_pb": 0.2542478251669298, "matched_error_pb": 0.004188074155421356, "relative_error": 0.016472408968185356, "hard_error_pb": 0.003967780861893265, "cpu_ms_per_sample": 20.630251345080122, "max_weight_second_moment_fraction": 0.012287657319167405}
PROGRESS {"utc": "2026-09-22T23:05:20.813959+00:00", "stage": "G_hybrid replica 3 production 133/200", "mode": "G_hybrid", "block_completed": 124417, "block_samples": 250000, "worker_pids_seen": 128, "elapsed_s": 30.622073996113613}
PROGRESS {"utc": "2026-09-22T23:05:51.099371+00:00", "stage": "G_hybrid replica 3 production 133/200", "mode": "G_hybrid", "block_completed": 249488, "block_samples": 250000, "worker_pids_seen": 128, "elapsed_s": 60.90748888719827}
S2000_PRODUCTION_FINISHED G_hybrid replica 3 production 133/200 {"n": 132750000, "matched_pb": 0.254403266373847, "matched_error_pb": 0.004184354527719983, "relative_error": 0.016447723283438704, "hard_error_pb": 0.003963854519321928, "cpu_ms_per_sample": 20.632624834154992, "max_weight_second_moment_fraction": 0.012265683399404034}
PROGRESS {"utc": "2026-09-22T23:06:22.206508+00:00", "stage": "G_hybrid replica 4 production 133/200", "mode": "G_hybrid", "block_completed": 134145, "block_samples": 250000, "worker_pids_seen": 128, "elapsed_s": 30.576938044978306}
S2000_PRODUCTION_FINISHED G_hybrid replica 4 production 133/200 {"n": 133000000, "matched_pb": 0.2541530519777392, "matched_error_pb": 0.004180731338490415, "relative_error": 0.01644966017900347, "hard_error_pb": 0.0039600295909669675, "cpu_ms_per_sample": 20.631392582630887, "max_weight_second_moment_fraction": 0.012243231006791718}
PROGRESS {"utc": "2026-09-22T23:07:20.011381+00:00", "stage": "G_hybrid replica 1 production 134/200", "mode": "G_hybrid", "block_completed": 133786, "block_samples": 250000, "worker_pids_seen": 128, "elapsed_s": 30.70591446501203}
S2000_PRODUCTION_FINISHED G_hybrid replica 1 production 134/200 {"n": 133250000, "matched_pb": 0.2540286533134516, "matched_error_pb": 0.00417706467125719, "relative_error": 0.01644328156203315, "hard_error_pb": 0.003956158377082885, "cpu_ms_per_sample": 20.63982266352815, "max_weight_second_moment_fraction": 0.012221215302492353}
PROGRESS {"utc": "2026-09-22T23:08:18.006199+00:00", "stage": "G_hybrid replica 2 production 134/200", "mode": "G_hybrid", "block_completed": 137591, "block_samples": 250000, "worker_pids_seen": 128, "elapsed_s": 30.613594045862556}
S2000_PRODUCTION_FINISHED G_hybrid replica 2 production 134/200 {"n": 133500000, "matched_pb": 0.2543422202757503, "matched_error_pb": 0.004173745539479848, "relative_error": 0.016409959522075402, "hard_error_pb": 0.003952653749701089, "cpu_ms_per_sample": 20.64590866617552, "max_weight_second_moment_fraction": 0.012197087489602916}
PROGRESS {"utc": "2026-09-22T23:09:13.048007+00:00", "stage": "G_hybrid replica 3 production 134/200", "mode": "G_hybrid", "block_completed": 124189, "block_samples": 250000, "worker_pids_seen": 128, "elapsed_s": 30.895583713892847}
PROGRESS {"utc": "2026-09-22T23:09:43.184466+00:00", "stage": "G_hybrid replica 3 production 134/200", "mode": "G_hybrid", "block_completed": 249744, "block_samples": 250000, "worker_pids_seen": 128, "elapsed_s": 61.03204399999231}
S2000_PRODUCTION_FINISHED G_hybrid replica 3 production 134/200 {"n": 133750000, "matched_pb": 0.2545222997392319, "matched_error_pb": 0.004169916474187445, "relative_error": 0.01638330503244583, "hard_error_pb": 0.003948610292039213, "cpu_ms_per_sample": 20.650142476588563, "max_weight_second_moment_fraction": 0.01217643367309234}
PROGRESS {"utc": "2026-09-22T23:10:17.328703+00:00", "stage": "G_hybrid replica 4 production 134/200", "mode": "G_hybrid", "block_completed": 139375, "block_samples": 250000, "worker_pids_seen": 128, "elapsed_s": 30.880146354204044}
S2000_PRODUCTION_FINISHED G_hybrid replica 4 production 134/200 {"n": 134000000, "matched_pb": 0.25442003376746736, "matched_error_pb": 0.004166214379711658, "relative_error": 0.016375339308065097, "hard_error_pb": 0.003944700507568901, "cpu_ms_per_sample": 20.655517327467084, "max_weight_second_moment_fraction": 0.01215510038707942}
PROGRESS {"utc": "2026-09-22T23:11:12.145629+00:00", "stage": "G_hybrid replica 1 production 135/200", "mode": "G_hybrid", "block_completed": 133821, "block_samples": 250000, "worker_pids_seen": 128, "elapsed_s": 30.65420822100714}
S2000_PRODUCTION_FINISHED G_hybrid replica 1 production 135/200 {"n": 134250000, "matched_pb": 0.2545345138082894, "matched_error_pb": 0.004162513228962247, "relative_error": 0.016353433436918398, "hard_error_pb": 0.003940791318756153, "cpu_ms_per_sample": 20.662188585383, "max_weight_second_moment_fraction": 0.012133909942601783}
PROGRESS {"utc": "2026-09-22T23:12:10.823927+00:00", "stage": "G_hybrid replica 2 production 135/200", "mode": "G_hybrid", "block_completed": 132275, "block_samples": 250000, "worker_pids_seen": 128, "elapsed_s": 30.620042857015505}
S2000_PRODUCTION_FINISHED G_hybrid replica 2 production 135/200 {"n": 134500000, "matched_pb": 0.25453664153747396, "matched_error_pb": 0.0041594146932418165, "relative_error": 0.016341123494510515, "hard_error_pb": 0.003937518308154778, "cpu_ms_per_sample": 20.660819385757023, "max_weight_second_moment_fraction": 0.01210895026453796}
PROGRESS {"utc": "2026-09-22T23:13:09.043301+00:00", "stage": "G_hybrid replica 3 production 135/200", "mode": "G_hybrid", "block_completed": 127191, "block_samples": 250000, "worker_pids_seen": 128, "elapsed_s": 30.60383449587971}
S2000_PRODUCTION_FINISHED G_hybrid replica 3 production 135/200 {"n": 134750000, "matched_pb": 0.25413388448038976, "matched_error_pb": 0.004156108455521131, "relative_error": 0.016354011445655278, "hard_error_pb": 0.003934025588471991, "cpu_ms_per_sample": 20.668220190804195, "max_weight_second_moment_fraction": 0.01208549031304858}
PROGRESS {"utc": "2026-09-22T23:14:09.665292+00:00", "stage": "G_hybrid replica 4 production 135/200", "mode": "G_hybrid", "block_completed": 142114, "block_samples": 250000, "worker_pids_seen": 128, "elapsed_s": 30.687720690853894}
S2000_PRODUCTION_FINISHED G_hybrid replica 4 production 135/200 {"n": 135000000, "matched_pb": 0.2544808221646996, "matched_error_pb": 0.0041524773654176535, "relative_error": 0.01631744714629292, "hard_error_pb": 0.003930189322030694, "cpu_ms_per_sample": 20.672511113038336, "max_weight_second_moment_fraction": 0.012064289456747104}
PROGRESS {"utc": "2026-09-22T23:15:06.422742+00:00", "stage": "G_hybrid replica 1 production 136/200", "mode": "G_hybrid", "block_completed": 129770, "block_samples": 250000, "worker_pids_seen": 128, "elapsed_s": 30.63563170703128}
S2000_PRODUCTION_FINISHED G_hybrid replica 1 production 136/200 {"n": 135250000, "matched_pb": 0.25442686050152347, "matched_error_pb": 0.00414901358010749, "relative_error": 0.016307293860125457, "hard_error_pb": 0.0039265294503689286, "cpu_ms_per_sample": 20.673927790811568, "max_weight_second_moment_fraction": 0.012042147843237748}
PROGRESS {"utc": "2026-09-22T23:16:07.059280+00:00", "stage": "G_hybrid replica 2 production 136/200", "mode": "G_hybrid", "block_completed": 140789, "block_samples": 250000, "worker_pids_seen": 128, "elapsed_s": 30.609132496872917}
S2000_PRODUCTION_FINISHED G_hybrid replica 2 production 136/200 {"n": 135500000, "matched_pb": 0.2545173569701685, "matched_error_pb": 0.0041454243143786585, "relative_error": 0.016287393377515454, "hard_error_pb": 0.003922736619114253, "cpu_ms_per_sample": 20.678981569650958, "max_weight_second_moment_fraction": 0.0120209652412366}
PROGRESS {"utc": "2026-09-22T23:17:01.490298+00:00", "stage": "G_hybrid replica 3 production 136/200", "mode": "G_hybrid", "block_completed": 127562, "block_samples": 250000, "worker_pids_seen": 128, "elapsed_s": 30.587417426984757}
PROGRESS {"utc": "2026-09-22T23:17:31.584099+00:00", "stage": "G_hybrid replica 3 production 136/200", "mode": "G_hybrid", "block_completed": 248976, "block_samples": 250000, "worker_pids_seen": 128, "elapsed_s": 60.68121618498117}
S2000_PRODUCTION_FINISHED G_hybrid replica 3 production 136/200 {"n": 135750000, "matched_pb": 0.2547946943435796, "matched_error_pb": 0.004141677915843553, "relative_error": 0.016254961377879712, "hard_error_pb": 0.00391877733423122, "cpu_ms_per_sample": 20.683955576655556, "max_weight_second_moment_fraction": 0.012000944120277015}
PROGRESS {"utc": "2026-09-22T23:18:03.842620+00:00", "stage": "G_hybrid replica 4 production 136/200", "mode": "G_hybrid", "block_completed": 140307, "block_samples": 250000, "worker_pids_seen": 128, "elapsed_s": 30.667277520056814}
S2000_PRODUCTION_FINISHED G_hybrid replica 4 production 136/200 {"n": 136000000, "matched_pb": 0.25487475301175966, "matched_error_pb": 0.004138373914186082, "relative_error": 0.016236892298214966, "hard_error_pb": 0.0039152852374142524, "cpu_ms_per_sample": 20.688225953641403, "max_weight_second_moment_fraction": 0.011978202385204114}
PROGRESS {"utc": "2026-09-22T23:18:59.175555+00:00", "stage": "G_hybrid replica 1 production 137/200", "mode": "G_hybrid", "block_completed": 131950, "block_samples": 250000, "worker_pids_seen": 128, "elapsed_s": 30.66042811400257}
S2000_PRODUCTION_FINISHED G_hybrid replica 1 production 137/200 {"n": 136250000, "matched_pb": 0.25499753129528496, "matched_error_pb": 0.004134799630637097, "relative_error": 0.01621505749343524, "hard_error_pb": 0.003911507103689679, "cpu_ms_per_sample": 20.696545270567277, "max_weight_second_moment_fraction": 0.011957352252444235}
PROGRESS {"utc": "2026-09-22T23:19:58.702939+00:00", "stage": "G_hybrid replica 2 production 137/200", "mode": "G_hybrid", "block_completed": 139306, "block_samples": 250000, "worker_pids_seen": 128, "elapsed_s": 30.737363278865814}
S2000_PRODUCTION_FINISHED G_hybrid replica 2 production 137/200 {"n": 136500000, "matched_pb": 0.2551778607638631, "matched_error_pb": 0.004131439516729604, "relative_error": 0.016190430879710064, "hard_error_pb": 0.003907955004486758, "cpu_ms_per_sample": 20.700225528696794, "max_weight_second_moment_fraction": 0.011935260562593681}
PROGRESS {"utc": "2026-09-22T23:20:55.205569+00:00", "stage": "G_hybrid replica 3 production 137/200", "mode": "G_hybrid", "block_completed": 129680, "block_samples": 250000, "worker_pids_seen": 128, "elapsed_s": 30.638329070061445}
PROGRESS {"utc": "2026-09-22T23:21:26.036421+00:00", "stage": "G_hybrid replica 3 production 137/200", "mode": "G_hybrid", "block_completed": 250000, "block_samples": 250000, "worker_pids_seen": 128, "elapsed_s": 61.469182034023106}
S2000_PRODUCTION_FINISHED G_hybrid replica 3 production 137/200 {"n": 136750000, "matched_pb": 0.2550998818808766, "matched_error_pb": 0.004127920991340107, "relative_error": 0.016181587231262274, "hard_error_pb": 0.0039042350784045327, "cpu_ms_per_sample": 20.708398654726892, "max_weight_second_moment_fraction": 0.011914332504292278}
PROGRESS {"utc": "2026-09-22T23:21:56.816668+00:00", "stage": "G_hybrid replica 4 production 137/200", "mode": "G_hybrid", "block_completed": 124702, "block_samples": 250000, "worker_pids_seen": 128, "elapsed_s": 30.638158852001652}
PROGRESS {"utc": "2026-09-22T23:22:26.821633+00:00", "stage": "G_hybrid replica 4 production 137/200", "mode": "G_hybrid", "block_completed": 242320, "block_samples": 250000, "worker_pids_seen": 128, "elapsed_s": 60.64312227303162}
S2000_PRODUCTION_FINISHED G_hybrid replica 4 production 137/200 {"n": 137000000, "matched_pb": 0.2548345697817106, "matched_error_pb": 0.004124929528434644, "relative_error": 0.016186695282229678, "hard_error_pb": 0.0039010720899837533, "cpu_ms_per_sample": 20.70463656622633, "max_weight_second_moment_fraction": 0.011890145980661584}
PROGRESS {"utc": "2026-09-22T23:23:01.117317+00:00", "stage": "G_hybrid replica 1 production 138/200", "mode": "G_hybrid", "block_completed": 99778, "block_samples": 250000, "worker_pids_seen": 128, "elapsed_s": 30.699451797874644}
PROGRESS {"utc": "2026-09-22T23:23:31.169601+00:00", "stage": "G_hybrid replica 1 production 138/200", "mode": "G_hybrid", "block_completed": 192450, "block_samples": 250000, "worker_pids_seen": 128, "elapsed_s": 60.751738220918924}
S2000_PRODUCTION_FINISHED G_hybrid replica 1 production 138/200 {"n": 137250000, "matched_pb": 0.25518592240260046, "matched_error_pb": 0.0041217939173203546, "relative_error": 0.01615212108298632, "hard_error_pb": 0.003897756397410852, "cpu_ms_per_sample": 20.70244198579658, "max_weight_second_moment_fraction": 0.011867035217929697}
PROGRESS {"utc": "2026-09-22T23:24:20.442360+00:00", "stage": "G_hybrid replica 2 production 138/200", "mode": "G_hybrid", "block_completed": 139486, "block_samples": 250000, "worker_pids_seen": 128, "elapsed_s": 30.761973227839917}
S2000_PRODUCTION_FINISHED G_hybrid replica 2 production 138/200 {"n": 137500000, "matched_pb": 0.255258212548346, "matched_error_pb": 0.004118819046063164, "relative_error": 0.01613589237714754, "hard_error_pb": 0.003894610400400895, "cpu_ms_per_sample": 20.708216775000636, "max_weight_second_moment_fraction": 0.01184303200780964}
PROGRESS {"utc": "2026-09-22T23:25:15.903962+00:00", "stage": "G_hybrid replica 3 production 138/200", "mode": "G_hybrid", "block_completed": 133341, "block_samples": 250000, "worker_pids_seen": 128, "elapsed_s": 30.817667900118977}
S2000_PRODUCTION_FINISHED G_hybrid replica 3 production 138/200 {"n": 137750000, "matched_pb": 0.2552805685521515, "matched_error_pb": 0.00411515199684156, "relative_error": 0.016120114508444743, "hard_error_pb": 0.0038907320382939796, "cpu_ms_per_sample": 20.717146739612794, "max_weight_second_moment_fraction": 0.011823620439871129}
PROGRESS {"utc": "2026-09-22T23:26:15.185002+00:00", "stage": "G_hybrid replica 4 production 138/200", "mode": "G_hybrid", "block_completed": 139355, "block_samples": 250000, "worker_pids_seen": 128, "elapsed_s": 30.59650541492738}
S2000_PRODUCTION_FINISHED G_hybrid replica 4 production 138/200 {"n": 138000000, "matched_pb": 0.2551702767564183, "matched_error_pb": 0.004111565751529629, "relative_error": 0.016113027754617624, "hard_error_pb": 0.0038869387396574116, "cpu_ms_per_sample": 20.720219030342353, "max_weight_second_moment_fraction": 0.01180382478445941}
PROGRESS {"utc": "2026-09-22T23:27:10.458340+00:00", "stage": "G_hybrid replica 1 production 139/200", "mode": "G_hybrid", "block_completed": 130347, "block_samples": 250000, "worker_pids_seen": 128, "elapsed_s": 30.578416793141514}
S2000_PRODUCTION_FINISHED G_hybrid replica 1 production 139/200 {"n": 138250000, "matched_pb": 0.2551808565979659, "matched_error_pb": 0.0041078900369041615, "relative_error": 0.016097955354762713, "hard_error_pb": 0.003883050397818012, "cpu_ms_per_sample": 20.728221531572878, "max_weight_second_moment_fraction": 0.011784739355875321}
PROGRESS {"utc": "2026-09-22T23:28:08.331557+00:00", "stage": "G_hybrid replica 2 production 139/200", "mode": "G_hybrid", "block_completed": 138461, "block_samples": 250000, "worker_pids_seen": 128, "elapsed_s": 30.610596677986905}
S2000_PRODUCTION_FINISHED G_hybrid replica 2 production 139/200 {"n": 138500000, "matched_pb": 0.2553628872886528, "matched_error_pb": 0.004104556121982277, "relative_error": 0.016073424629408417, "hard_error_pb": 0.003879523269062881, "cpu_ms_per_sample": 20.73325066256812, "max_weight_second_moment_fraction": 0.011763595206527816}
PROGRESS {"utc": "2026-09-22T23:29:04.343904+00:00", "stage": "G_hybrid replica 3 production 139/200", "mode": "G_hybrid", "block_completed": 128232, "block_samples": 250000, "worker_pids_seen": 128, "elapsed_s": 30.57106733787805}
PROGRESS {"utc": "2026-09-22T23:29:35.624460+00:00", "stage": "G_hybrid replica 3 production 139/200", "mode": "G_hybrid", "block_completed": 250000, "block_samples": 250000, "worker_pids_seen": 128, "elapsed_s": 61.851622784975916}
S2000_PRODUCTION_FINISHED G_hybrid replica 3 production 139/200 {"n": 138750000, "matched_pb": 0.25549703370709287, "matched_error_pb": 0.004100972432060996, "relative_error": 0.016050959075957164, "hard_error_pb": 0.003875731508402308, "cpu_ms_per_sample": 20.740927133200962, "max_weight_second_moment_fraction": 0.011744188267826533}
PROGRESS {"utc": "2026-09-22T23:30:06.547687+00:00", "stage": "G_hybrid replica 4 production 139/200", "mode": "G_hybrid", "block_completed": 139568, "block_samples": 250000, "worker_pids_seen": 128, "elapsed_s": 30.779439692851156}
S2000_PRODUCTION_FINISHED G_hybrid replica 4 production 139/200 {"n": 139000000, "matched_pb": 0.2555977309482778, "matched_error_pb": 0.004097776564928366, "relative_error": 0.016032132013556816, "hard_error_pb": 0.003872349753415137, "cpu_ms_per_sample": 20.74555220330761, "max_weight_second_moment_fraction": 0.011722429177075224}
PROGRESS {"utc": "2026-09-22T23:31:01.251333+00:00", "stage": "G_hybrid replica 1 production 140/200", "mode": "G_hybrid", "block_completed": 133979, "block_samples": 250000, "worker_pids_seen": 128, "elapsed_s": 30.85478045209311}
S2000_PRODUCTION_FINISHED G_hybrid replica 1 production 140/200 {"n": 139250000, "matched_pb": 0.25578525960260484, "matched_error_pb": 0.004094302404253743, "relative_error": 0.016006795741923385, "hard_error_pb": 0.0038686731593889044, "cpu_ms_per_sample": 20.751986855982924, "max_weight_second_moment_fraction": 0.011702587721776698}
PROGRESS {"utc": "2026-09-22T23:31:57.982213+00:00", "stage": "G_hybrid replica 2 production 140/200", "mode": "G_hybrid", "block_completed": 138810, "block_samples": 250000, "worker_pids_seen": 128, "elapsed_s": 30.59684534696862}
S2000_PRODUCTION_FINISHED G_hybrid replica 2 production 140/200 {"n": 139500000, "matched_pb": 0.2559029462101007, "matched_error_pb": 0.004090943078265683, "relative_error": 0.01598630707013021, "hard_error_pb": 0.0038651177351159754, "cpu_ms_per_sample": 20.756431197662387, "max_weight_second_moment_fraction": 0.011682143549958248}
PROGRESS {"utc": "2026-09-22T23:32:54.578732+00:00", "stage": "G_hybrid replica 3 production 140/200", "mode": "G_hybrid", "block_completed": 106055, "block_samples": 250000, "worker_pids_seen": 128, "elapsed_s": 30.941855072043836}
PROGRESS {"utc": "2026-09-22T23:33:24.612352+00:00", "stage": "G_hybrid replica 3 production 140/200", "mode": "G_hybrid", "block_completed": 202567, "block_samples": 250000, "worker_pids_seen": 128, "elapsed_s": 60.97548307618126}
S2000_PRODUCTION_FINISHED G_hybrid replica 3 production 140/200 {"n": 139750000, "matched_pb": 0.2553981378991977, "matched_error_pb": 0.004087472527025441, "relative_error": 0.01600431608721718, "hard_error_pb": 0.0038614442241065574, "cpu_ms_per_sample": 20.755225247586683, "max_weight_second_moment_fraction": 0.011662540692888069}
PROGRESS {"utc": "2026-09-22T23:34:08.333962+00:00", "stage": "G_hybrid replica 4 production 140/200", "mode": "G_hybrid", "block_completed": 142281, "block_samples": 250000, "worker_pids_seen": 128, "elapsed_s": 30.835037293145433}
S2000_PRODUCTION_FINISHED G_hybrid replica 4 production 140/200 {"n": 140000000, "matched_pb": 0.2552418279783615, "matched_error_pb": 0.004083972202150456, "relative_error": 0.016000403360599193, "hard_error_pb": 0.003857738817576405, "cpu_ms_per_sample": 20.75764176713748, "max_weight_second_moment_fraction": 0.011643260111875426}
PROGRESS {"utc": "2026-09-22T23:35:04.169473+00:00", "stage": "G_hybrid replica 1 production 141/200", "mode": "G_hybrid", "block_completed": 129813, "block_samples": 250000, "worker_pids_seen": 128, "elapsed_s": 30.653420282062143}
PROGRESS {"utc": "2026-09-22T23:35:34.343679+00:00", "stage": "G_hybrid replica 1 production 141/200", "mode": "G_hybrid", "block_completed": 250000, "block_samples": 250000, "worker_pids_seen": 128, "elapsed_s": 60.82763667590916}
S2000_PRODUCTION_FINISHED G_hybrid replica 1 production 141/200 {"n": 140250000, "matched_pb": 0.2554138212790204, "matched_error_pb": 0.004080611083197095, "relative_error": 0.015976469334207776, "hard_error_pb": 0.003854180412099194, "cpu_ms_per_sample": 20.763515967265484, "max_weight_second_moment_fraction": 0.011623221541797828}
PROGRESS {"utc": "2026-09-22T23:36:05.093854+00:00", "stage": "G_hybrid replica 2 production 141/200", "mode": "G_hybrid", "block_completed": 138298, "block_samples": 250000, "worker_pids_seen": 128, "elapsed_s": 30.577326430939138}
S2000_PRODUCTION_FINISHED G_hybrid replica 2 production 141/200 {"n": 140500000, "matched_pb": 0.2553419523259974, "matched_error_pb": 0.004079120814959939, "relative_error": 0.015975129734075538, "hard_error_pb": 0.003852602556680041, "cpu_ms_per_sample": 20.766722693845278, "max_weight_second_moment_fraction": 0.011591383680113318}
PROGRESS {"utc": "2026-09-22T23:37:01.714979+00:00", "stage": "G_hybrid replica 3 production 141/200", "mode": "G_hybrid", "block_completed": 104780, "block_samples": 250000, "worker_pids_seen": 128, "elapsed_s": 30.686038816114888}
PROGRESS {"utc": "2026-09-22T23:37:31.988871+00:00", "stage": "G_hybrid replica 3 production 141/200", "mode": "G_hybrid", "block_completed": 203852, "block_samples": 250000, "worker_pids_seen": 128, "elapsed_s": 60.95992698404007}
S2000_PRODUCTION_FINISHED G_hybrid replica 3 production 141/200 {"n": 140750000, "matched_pb": 0.25541869363268355, "matched_error_pb": 0.004075732689657311, "relative_error": 0.015957064973163643, "hard_error_pb": 0.003849015042090556, "cpu_ms_per_sample": 20.765372685263646, "max_weight_second_moment_fraction": 0.011571784353474704}
PROGRESS {"utc": "2026-09-22T23:38:17.893958+00:00", "stage": "G_hybrid replica 4 production 141/200", "mode": "G_hybrid", "block_completed": 105549, "block_samples": 250000, "worker_pids_seen": 128, "elapsed_s": 30.638867688830942}
PROGRESS {"utc": "2026-09-22T23:38:47.932092+00:00", "stage": "G_hybrid replica 4 production 141/200", "mode": "G_hybrid", "block_completed": 210765, "block_samples": 250000, "worker_pids_seen": 128, "elapsed_s": 60.67700573685579}
S2000_PRODUCTION_FINISHED G_hybrid replica 4 production 141/200 {"n": 141000000, "matched_pb": 0.2554976836879732, "matched_error_pb": 0.004072372919346554, "relative_error": 0.01593898175734518, "hard_error_pb": 0.0038454571940050673, "cpu_ms_per_sample": 20.760498351656572, "max_weight_second_moment_fraction": 0.011552132900457684}
PROGRESS {"utc": "2026-09-22T23:39:31.051951+00:00", "stage": "G_hybrid replica 1 production 142/200", "mode": "G_hybrid", "block_completed": 132178, "block_samples": 250000, "worker_pids_seen": 128, "elapsed_s": 30.841407475993037}
S2000_PRODUCTION_FINISHED G_hybrid replica 1 production 142/200 {"n": 141250000, "matched_pb": 0.2553294200274434, "matched_error_pb": 0.004068875536565622, "relative_error": 0.015935788112973, "hard_error_pb": 0.0038417532415240215, "cpu_ms_per_sample": 20.766317217913475, "max_weight_second_moment_fraction": 0.011533483333745589}
PROGRESS {"utc": "2026-09-22T23:40:29.292656+00:00", "stage": "G_hybrid replica 2 production 142/200", "mode": "G_hybrid", "block_completed": 139820, "block_samples": 250000, "worker_pids_seen": 128, "elapsed_s": 31.153954753885046}
S2000_PRODUCTION_FINISHED G_hybrid replica 2 production 142/200 {"n": 141500000, "matched_pb": 0.25525784694863995, "matched_error_pb": 0.00406554644554527, "relative_error": 0.015927214360478767, "hard_error_pb": 0.0038382271607584574, "cpu_ms_per_sample": 20.76928896903009, "max_weight_second_moment_fraction": 0.011513890594564811}
PROGRESS {"utc": "2026-09-22T23:41:24.588219+00:00", "stage": "G_hybrid replica 3 production 142/200", "mode": "G_hybrid", "block_completed": 129476, "block_samples": 250000, "worker_pids_seen": 128, "elapsed_s": 30.60853948793374}
S2000_PRODUCTION_FINISHED G_hybrid replica 3 production 142/200 {"n": 141750000, "matched_pb": 0.255195155343305, "matched_error_pb": 0.0040621535911880505, "relative_error": 0.015917831926406986, "hard_error_pb": 0.003834633181296501, "cpu_ms_per_sample": 20.778583195446906, "max_weight_second_moment_fraction": 0.011494829369107685}
PROGRESS {"utc": "2026-09-22T23:42:24.638173+00:00", "stage": "G_hybrid replica 4 production 142/200", "mode": "G_hybrid", "block_completed": 144796, "block_samples": 250000, "worker_pids_seen": 128, "elapsed_s": 30.583631282905117}
S2000_PRODUCTION_FINISHED G_hybrid replica 4 production 142/200 {"n": 142000000, "matched_pb": 0.25520520095367827, "matched_error_pb": 0.00405863801780406, "relative_error": 0.01590342987775055, "hard_error_pb": 0.0038309088211888596, "cpu_ms_per_sample": 20.78190179927413, "max_weight_second_moment_fraction": 0.011476672622965383}
PROGRESS {"utc": "2026-09-22T23:43:18.989328+00:00", "stage": "G_hybrid replica 1 production 143/200", "mode": "G_hybrid", "block_completed": 133830, "block_samples": 250000, "worker_pids_seen": 128, "elapsed_s": 30.636366355931386}
S2000_PRODUCTION_FINISHED G_hybrid replica 1 production 143/200 {"n": 142250000, "matched_pb": 0.25525071308862385, "matched_error_pb": 0.004055336263726267, "relative_error": 0.01588765890075395, "hard_error_pb": 0.003827410619281849, "cpu_ms_per_sample": 20.78844958351341, "max_weight_second_moment_fraction": 0.011457283323760623}
PROGRESS {"utc": "2026-09-22T23:44:16.703940+00:00", "stage": "G_hybrid replica 2 production 143/200", "mode": "G_hybrid", "block_completed": 142101, "block_samples": 250000, "worker_pids_seen": 128, "elapsed_s": 30.788995109964162}
S2000_PRODUCTION_FINISHED G_hybrid replica 2 production 143/200 {"n": 142500000, "matched_pb": 0.2549175524226893, "matched_error_pb": 0.00405204082727485, "relative_error": 0.015895495577942762, "hard_error_pb": 0.0038239187625524157, "cpu_ms_per_sample": 20.791784691749662, "max_weight_second_moment_fraction": 0.011437977228423562}
PROGRESS {"utc": "2026-09-22T23:45:12.051197+00:00", "stage": "G_hybrid replica 3 production 143/200", "mode": "G_hybrid", "block_completed": 126752, "block_samples": 250000, "worker_pids_seen": 128, "elapsed_s": 30.732848552055657}
PROGRESS {"utc": "2026-09-22T23:45:42.270125+00:00", "stage": "G_hybrid replica 3 production 143/200", "mode": "G_hybrid", "block_completed": 249488, "block_samples": 250000, "worker_pids_seen": 128, "elapsed_s": 60.951773297041655}
S2000_PRODUCTION_FINISHED G_hybrid replica 3 production 143/200 {"n": 142750000, "matched_pb": 0.254977327793656, "matched_error_pb": 0.004048671081183167, "relative_error": 0.015878553266742253, "hard_error_pb": 0.003820347806196057, "cpu_ms_per_sample": 20.798348869627883, "max_weight_second_moment_fraction": 0.011419267234628086}
PROGRESS {"utc": "2026-09-22T23:46:13.536860+00:00", "stage": "G_hybrid replica 4 production 143/200", "mode": "G_hybrid", "block_completed": 135104, "block_samples": 250000, "worker_pids_seen": 128, "elapsed_s": 30.638764755101874}
S2000_PRODUCTION_FINISHED G_hybrid replica 4 production 143/200 {"n": 143000000, "matched_pb": 0.25505918567389174, "matched_error_pb": 0.004045356009283458, "relative_error": 0.01586045998929709, "hard_error_pb": 0.003816834431638859, "cpu_ms_per_sample": 20.79872391003574, "max_weight_second_moment_fraction": 0.01140033381073422}
PROGRESS {"utc": "2026-09-22T23:47:10.804812+00:00", "stage": "G_hybrid replica 1 production 144/200", "mode": "G_hybrid", "block_completed": 127475, "block_samples": 250000, "worker_pids_seen": 128, "elapsed_s": 30.667003822978586}
PROGRESS {"utc": "2026-09-22T23:47:41.252608+00:00", "stage": "G_hybrid replica 1 production 144/200", "mode": "G_hybrid", "block_completed": 250000, "block_samples": 250000, "worker_pids_seen": 128, "elapsed_s": 61.114803874865174}
S2000_PRODUCTION_FINISHED G_hybrid replica 1 production 144/200 {"n": 143250000, "matched_pb": 0.25535338603845, "matched_error_pb": 0.004043010891649306, "relative_error": 0.015833002860751285, "hard_error_pb": 0.003814348818172385, "cpu_ms_per_sample": 20.79941107131042, "max_weight_second_moment_fraction": 0.011375389124614478}
PROGRESS {"utc": "2026-09-22T23:48:12.224199+00:00", "stage": "G_hybrid replica 2 production 144/200", "mode": "G_hybrid", "block_completed": 128690, "block_samples": 250000, "worker_pids_seen": 128, "elapsed_s": 30.79232634487562}
PROGRESS {"utc": "2026-09-22T23:48:42.244143+00:00", "stage": "G_hybrid replica 2 production 144/200", "mode": "G_hybrid", "block_completed": 237746, "block_samples": 250000, "worker_pids_seen": 128, "elapsed_s": 60.81227288581431}
S2000_PRODUCTION_FINISHED G_hybrid replica 2 production 144/200 {"n": 143500000, "matched_pb": 0.2553247048624941, "matched_error_pb": 0.004039862295016196, "relative_error": 0.015822449681051728, "hard_error_pb": 0.003811011309271028, "cpu_ms_per_sample": 20.796470474788677, "max_weight_second_moment_fraction": 0.011355651462231216}
PROGRESS {"utc": "2026-09-22T23:49:16.549516+00:00", "stage": "G_hybrid replica 3 production 144/200", "mode": "G_hybrid", "block_completed": 127667, "block_samples": 250000, "worker_pids_seen": 128, "elapsed_s": 30.609500892926008}
S2000_PRODUCTION_FINISHED G_hybrid replica 3 production 144/200 {"n": 143750000, "matched_pb": 0.25536798916729103, "matched_error_pb": 0.004036707029517582, "relative_error": 0.01580741205144997, "hard_error_pb": 0.0038076664085571897, "cpu_ms_per_sample": 20.797659435135692, "max_weight_second_moment_fraction": 0.01133607851193257}
PROGRESS {"utc": "2026-09-22T23:50:17.062356+00:00", "stage": "G_hybrid replica 4 production 144/200", "mode": "G_hybrid", "block_completed": 135214, "block_samples": 250000, "worker_pids_seen": 128, "elapsed_s": 30.619000650942326}
S2000_PRODUCTION_FINISHED G_hybrid replica 4 production 144/200 {"n": 144000000, "matched_pb": 0.2553961960385554, "matched_error_pb": 0.004033494154112061, "relative_error": 0.015793086258431007, "hard_error_pb": 0.0038042601025632203, "cpu_ms_per_sample": 20.796282926794124, "max_weight_second_moment_fraction": 0.011316990475571264}
PROGRESS {"utc": "2026-09-22T23:51:12.528105+00:00", "stage": "G_hybrid replica 1 production 145/200", "mode": "G_hybrid", "block_completed": 134344, "block_samples": 250000, "worker_pids_seen": 128, "elapsed_s": 30.678921207087114}
S2000_PRODUCTION_FINISHED G_hybrid replica 1 production 145/200 {"n": 144250000, "matched_pb": 0.25549240159382647, "matched_error_pb": 0.004030208878488038, "relative_error": 0.0157742807744832, "hard_error_pb": 0.003800776689170512, "cpu_ms_per_sample": 20.803254733052114, "max_weight_second_moment_fraction": 0.011298479433796436}
PROGRESS {"utc": "2026-09-22T23:52:11.126517+00:00", "stage": "G_hybrid replica 2 production 145/200", "mode": "G_hybrid", "block_completed": 137731, "block_samples": 250000, "worker_pids_seen": 128, "elapsed_s": 30.64617370418273}
S2000_PRODUCTION_FINISHED G_hybrid replica 2 production 145/200 {"n": 144500000, "matched_pb": 0.2554042090547027, "matched_error_pb": 0.0040269409844765425, "relative_error": 0.01576693273529431, "hard_error_pb": 0.0037973113553085238, "cpu_ms_per_sample": 20.808070778899644, "max_weight_second_moment_fraction": 0.011279977321006614}
PROGRESS {"utc": "2026-09-22T23:53:06.696272+00:00", "stage": "G_hybrid replica 3 production 145/200", "mode": "G_hybrid", "block_completed": 109729, "block_samples": 250000, "worker_pids_seen": 128, "elapsed_s": 30.75295915803872}
PROGRESS {"utc": "2026-09-22T23:53:36.768469+00:00", "stage": "G_hybrid replica 3 production 145/200", "mode": "G_hybrid", "block_completed": 220065, "block_samples": 250000, "worker_pids_seen": 128, "elapsed_s": 60.825150831835344}
S2000_PRODUCTION_FINISHED G_hybrid replica 3 production 145/200 {"n": 144750000, "matched_pb": 0.2553177320011582, "matched_error_pb": 0.0040237055614880685, "relative_error": 0.01575960090962196, "hard_error_pb": 0.0037938801091031015, "cpu_ms_per_sample": 20.806769585378774, "max_weight_second_moment_fraction": 0.011261389327341232}
PROGRESS {"utc": "2026-09-22T23:54:14.906012+00:00", "stage": "G_hybrid replica 4 production 145/200", "mode": "G_hybrid", "block_completed": 141911, "block_samples": 250000, "worker_pids_seen": 128, "elapsed_s": 30.653172272024676}
S2000_PRODUCTION_FINISHED G_hybrid replica 4 production 145/200 {"n": 145000000, "matched_pb": 0.25519263330540887, "matched_error_pb": 0.004020470205805583, "relative_error": 0.01575464837573886, "hard_error_pb": 0.0037904485898727783, "cpu_ms_per_sample": 20.812326539215405, "max_weight_second_moment_fraction": 0.01124291891089099}
S2000_PEAK_REPLAYS production_145000000 new 1 total 76 issues 0
PROGRESS {"utc": "2026-09-22T23:55:12.199816+00:00", "stage": "G_hybrid replica 1 production 146/200", "mode": "G_hybrid", "block_completed": 123200, "block_samples": 250000, "worker_pids_seen": 128, "elapsed_s": 30.623978941934183}
PROGRESS {"utc": "2026-09-22T23:55:42.272134+00:00", "stage": "G_hybrid replica 1 production 146/200", "mode": "G_hybrid", "block_completed": 249232, "block_samples": 250000, "worker_pids_seen": 128, "elapsed_s": 60.69628398492932}
S2000_PRODUCTION_FINISHED G_hybrid replica 1 production 146/200 {"n": 145250000, "matched_pb": 0.25509647134474, "matched_error_pb": 0.00401714728852067, "relative_error": 0.01574756117693159, "hard_error_pb": 0.0037869238405818404, "cpu_ms_per_sample": 20.81353301519474, "max_weight_second_moment_fraction": 0.011225116672191829}
PROGRESS {"utc": "2026-09-22T23:56:13.954913+00:00", "stage": "G_hybrid replica 2 production 146/200", "mode": "G_hybrid", "block_completed": 135804, "block_samples": 250000, "worker_pids_seen": 128, "elapsed_s": 30.89612564514391}
S2000_PRODUCTION_FINISHED G_hybrid replica 2 production 146/200 {"n": 145500000, "matched_pb": 0.25516477526073295, "matched_error_pb": 0.004013952978203655, "relative_error": 0.015730827164925527, "hard_error_pb": 0.0037835351654145017, "cpu_ms_per_sample": 20.818529780944754, "max_weight_second_moment_fraction": 0.01120662292888765}
PROGRESS {"utc": "2026-09-22T23:57:13.201717+00:00", "stage": "G_hybrid replica 3 production 146/200", "mode": "G_hybrid", "block_completed": 109299, "block_samples": 250000, "worker_pids_seen": 128, "elapsed_s": 30.627750964835286}
PROGRESS {"utc": "2026-09-22T23:57:43.261538+00:00", "stage": "G_hybrid replica 3 production 146/200", "mode": "G_hybrid", "block_completed": 213491, "block_samples": 250000, "worker_pids_seen": 128, "elapsed_s": 60.68757228390314}
S2000_PRODUCTION_FINISHED G_hybrid replica 3 production 146/200 {"n": 145750000, "matched_pb": 0.2550705196943261, "matched_error_pb": 0.0040105842262928414, "relative_error": 0.015723432998447192, "hard_error_pb": 0.0037799610676417157, "cpu_ms_per_sample": 20.819390145497422, "max_weight_second_moment_fraction": 0.011189340720049717}
PROGRESS {"utc": "2026-09-22T23:58:23.676667+00:00", "stage": "G_hybrid replica 4 production 146/200", "mode": "G_hybrid", "block_completed": 111412, "block_samples": 250000, "worker_pids_seen": 128, "elapsed_s": 30.672622289974242}
PROGRESS {"utc": "2026-09-22T23:58:53.697189+00:00", "stage": "G_hybrid replica 4 production 146/200", "mode": "G_hybrid", "block_completed": 226356, "block_samples": 250000, "worker_pids_seen": 128, "elapsed_s": 60.693153121043}
S2000_PRODUCTION_FINISHED G_hybrid replica 4 production 146/200 {"n": 146000000, "matched_pb": 0.25527621336162315, "matched_error_pb": 0.004007366997862513, "relative_error": 0.015698160612346967, "hard_error_pb": 0.0037765473772025902, "cpu_ms_per_sample": 20.81488205569343, "max_weight_second_moment_fraction": 0.011171222931757697}
PROGRESS {"utc": "2026-09-22T23:59:31.012046+00:00", "stage": "G_hybrid replica 1 production 147/200", "mode": "G_hybrid", "block_completed": 123973, "block_samples": 250000, "worker_pids_seen": 128, "elapsed_s": 30.623482544906437}
PROGRESS {"utc": "2026-09-23T00:00:01.167237+00:00", "stage": "G_hybrid replica 1 production 147/200", "mode": "G_hybrid", "block_completed": 248464, "block_samples": 250000, "worker_pids_seen": 128, "elapsed_s": 60.77867813198827}
S2000_PRODUCTION_FINISHED G_hybrid replica 1 production 147/200 {"n": 146250000, "matched_pb": 0.25523523405270687, "matched_error_pb": 0.004004628307365875, "relative_error": 0.015689950967110233, "hard_error_pb": 0.0037736411748938476, "cpu_ms_per_sample": 20.81639209551643, "max_weight_second_moment_fraction": 0.011150217776543712}
PROGRESS {"utc": "2026-09-23T00:00:32.622509+00:00", "stage": "G_hybrid replica 2 production 147/200", "mode": "G_hybrid", "block_completed": 115436, "block_samples": 250000, "worker_pids_seen": 128, "elapsed_s": 30.619830741081387}
PROGRESS {"utc": "2026-09-23T00:01:03.076425+00:00", "stage": "G_hybrid replica 2 production 147/200", "mode": "G_hybrid", "block_completed": 218092, "block_samples": 250000, "worker_pids_seen": 128, "elapsed_s": 61.073748209979385}
S2000_PRODUCTION_FINISHED G_hybrid replica 2 production 147/200 {"n": 146500000, "matched_pb": 0.2553710753806961, "matched_error_pb": 0.004001475251454437, "relative_error": 0.01566925794352086, "hard_error_pb": 0.0037702949519501125, "cpu_ms_per_sample": 20.8134968528283, "max_weight_second_moment_fraction": 0.011131928740041375}
PROGRESS {"utc": "2026-09-23T00:01:42.358076+00:00", "stage": "G_hybrid replica 3 production 147/200", "mode": "G_hybrid", "block_completed": 101595, "block_samples": 250000, "worker_pids_seen": 128, "elapsed_s": 30.746363933896646}
PROGRESS {"utc": "2026-09-23T00:02:12.386290+00:00", "stage": "G_hybrid replica 3 production 147/200", "mode": "G_hybrid", "block_completed": 189915, "block_samples": 250000, "worker_pids_seen": 128, "elapsed_s": 60.774578568991274}
S2000_PRODUCTION_FINISHED G_hybrid replica 3 production 147/200 {"n": 146750000, "matched_pb": 0.2555757241785318, "matched_error_pb": 0.003998216330025193, "relative_error": 0.015643959702652543, "hard_error_pb": 0.003766836027540656, "cpu_ms_per_sample": 20.81413599033137, "max_weight_second_moment_fraction": 0.011114417185493636}
PROGRESS {"utc": "2026-09-23T00:03:01.348575+00:00", "stage": "G_hybrid replica 4 production 147/200", "mode": "G_hybrid", "block_completed": 134780, "block_samples": 250000, "worker_pids_seen": 128, "elapsed_s": 30.565958289895207}
S2000_PRODUCTION_FINISHED G_hybrid replica 4 production 147/200 {"n": 147000000, "matched_pb": 0.2557376814215377, "matched_error_pb": 0.003994981231807304, "relative_error": 0.015621402405781158, "hard_error_pb": 0.0037634020352854615, "cpu_ms_per_sample": 20.818533413081354, "max_weight_second_moment_fraction": 0.011096869126270366}
PROGRESS {"utc": "2026-09-23T00:03:59.021711+00:00", "stage": "G_hybrid replica 1 production 148/200", "mode": "G_hybrid", "block_completed": 97335, "block_samples": 250000, "worker_pids_seen": 128, "elapsed_s": 30.723316302988678}
PROGRESS {"utc": "2026-09-23T00:04:29.056734+00:00", "stage": "G_hybrid replica 1 production 148/200", "mode": "G_hybrid", "block_completed": 192055, "block_samples": 250000, "worker_pids_seen": 128, "elapsed_s": 60.75833859294653}
S2000_PRODUCTION_FINISHED G_hybrid replica 1 production 148/200 {"n": 147250000, "matched_pb": 0.2554864763848747, "matched_error_pb": 0.003992901309627, "relative_error": 0.01562862099836525, "hard_error_pb": 0.0037611940531058967, "cpu_ms_per_sample": 20.81630600811432, "max_weight_second_moment_fraction": 0.011072208452598866}
PROGRESS {"utc": "2026-09-23T00:05:18.346983+00:00", "stage": "G_hybrid replica 2 production 148/200", "mode": "G_hybrid", "block_completed": 89248, "block_samples": 250000, "worker_pids_seen": 128, "elapsed_s": 30.672580264043063}
PROGRESS {"utc": "2026-09-23T00:05:48.378701+00:00", "stage": "G_hybrid replica 2 production 148/200", "mode": "G_hybrid", "block_completed": 180128, "block_samples": 250000, "worker_pids_seen": 128, "elapsed_s": 60.70429615210742}
S2000_PRODUCTION_FINISHED G_hybrid replica 2 production 148/200 {"n": 147500000, "matched_pb": 0.25566962086497635, "matched_error_pb": 0.003989838185308485, "relative_error": 0.01560544491680374, "hard_error_pb": 0.0037579420673613177, "cpu_ms_per_sample": 20.812583935574253, "max_weight_second_moment_fraction": 0.011053814294532368}
PROGRESS {"utc": "2026-09-23T00:06:41.827117+00:00", "stage": "G_hybrid replica 3 production 148/200", "mode": "G_hybrid", "block_completed": 130997, "block_samples": 250000, "worker_pids_seen": 128, "elapsed_s": 30.621678905095905}
S2000_PRODUCTION_FINISHED G_hybrid replica 3 production 148/200 {"n": 147750000, "matched_pb": 0.2554985173588765, "matched_error_pb": 0.003986574597782349, "relative_error": 0.015603122237233006, "hard_error_pb": 0.003754476909022301, "cpu_ms_per_sample": 20.820155500617123, "max_weight_second_moment_fraction": 0.011036782524873112}
PROGRESS {"utc": "2026-09-23T00:07:41.529711+00:00", "stage": "G_hybrid replica 4 production 148/200", "mode": "G_hybrid", "block_completed": 137736, "block_samples": 250000, "worker_pids_seen": 128, "elapsed_s": 30.601840705843642}
S2000_PRODUCTION_FINISHED G_hybrid replica 4 production 148/200 {"n": 148000000, "matched_pb": 0.2554338983286862, "matched_error_pb": 0.003983372558897574, "relative_error": 0.01559453379117233, "hard_error_pb": 0.0037510767493716198, "cpu_ms_per_sample": 20.823591162976832, "max_weight_second_moment_fraction": 0.011019477355640921}
PROGRESS {"utc": "2026-09-23T00:08:37.813205+00:00", "stage": "G_hybrid replica 1 production 149/200", "mode": "G_hybrid", "block_completed": 130226, "block_samples": 250000, "worker_pids_seen": 128, "elapsed_s": 30.57958807097748}
S2000_PRODUCTION_FINISHED G_hybrid replica 1 production 149/200 {"n": 148250000, "matched_pb": 0.2553994195021761, "matched_error_pb": 0.003980177368929762, "relative_error": 0.01558412848661878, "hard_error_pb": 0.003747683514497829, "cpu_ms_per_sample": 20.831308677688494, "max_weight_second_moment_fraction": 0.011002239631625225}
PROGRESS {"utc": "2026-09-23T00:09:35.931802+00:00", "stage": "G_hybrid replica 2 production 149/200", "mode": "G_hybrid", "block_completed": 135066, "block_samples": 250000, "worker_pids_seen": 128, "elapsed_s": 30.5790349279996}
S2000_PRODUCTION_FINISHED G_hybrid replica 2 production 149/200 {"n": 148500000, "matched_pb": 0.25547554143706525, "matched_error_pb": 0.003977085940855737, "relative_error": 0.015567384331526964, "hard_error_pb": 0.0037444001412309702, "cpu_ms_per_sample": 20.835560121957652, "max_weight_second_moment_fraction": 0.010984465170922098}
PROGRESS {"utc": "2026-09-23T00:10:30.963482+00:00", "stage": "G_hybrid replica 3 production 149/200", "mode": "G_hybrid", "block_completed": 127600, "block_samples": 250000, "worker_pids_seen": 128, "elapsed_s": 30.598795184865594}
S2000_PRODUCTION_FINISHED G_hybrid replica 3 production 149/200 {"n": 148750000, "matched_pb": 0.25544513385308415, "matched_error_pb": 0.003973903477326487, "relative_error": 0.015556778934814334, "hard_error_pb": 0.0037410197384945324, "cpu_ms_per_sample": 20.84249770652838, "max_weight_second_moment_fraction": 0.010967366946486506}
PROGRESS {"utc": "2026-09-23T00:11:31.185411+00:00", "stage": "G_hybrid replica 4 production 149/200", "mode": "G_hybrid", "block_completed": 140475, "block_samples": 250000, "worker_pids_seen": 128, "elapsed_s": 30.658047504955903}
S2000_PRODUCTION_FINISHED G_hybrid replica 4 production 149/200 {"n": 149000000, "matched_pb": 0.2554331737996455, "matched_error_pb": 0.003970717665719696, "relative_error": 0.015545035152067656, "hard_error_pb": 0.003737635431333107, "cpu_ms_per_sample": 20.84495319734382, "max_weight_second_moment_fraction": 0.010950398018596133}
PROGRESS {"utc": "2026-09-23T00:12:26.770038+00:00", "stage": "G_hybrid replica 1 production 150/200", "mode": "G_hybrid", "block_completed": 134453, "block_samples": 250000, "worker_pids_seen": 128, "elapsed_s": 30.622920932946727}
S2000_PRODUCTION_FINISHED G_hybrid replica 1 production 150/200 {"n": 149250000, "matched_pb": 0.25565762362552685, "matched_error_pb": 0.003967607013574575, "relative_error": 0.015519220421864308, "hard_error_pb": 0.0037343306295592395, "cpu_ms_per_sample": 20.852930255347836, "max_weight_second_moment_fraction": 0.010933070112684967}
PROGRESS {"utc": "2026-09-23T00:13:23.843496+00:00", "stage": "G_hybrid replica 2 production 150/200", "mode": "G_hybrid", "block_completed": 138806, "block_samples": 250000, "worker_pids_seen": 128, "elapsed_s": 30.646630842005834}
S2000_PRODUCTION_FINISHED G_hybrid replica 2 production 150/200 {"n": 149500000, "matched_pb": 0.2557349642626531, "matched_error_pb": 0.003964540247465612, "relative_error": 0.015502535051850883, "hard_error_pb": 0.003731072126141874, "cpu_ms_per_sample": 20.856170267559303, "max_weight_second_moment_fraction": 0.010915576581498845}
PROGRESS {"utc": "2026-09-23T00:14:19.062215+00:00", "stage": "G_hybrid replica 3 production 150/200", "mode": "G_hybrid", "block_completed": 129260, "block_samples": 250000, "worker_pids_seen": 128, "elapsed_s": 30.5875732190907}
S2000_PRODUCTION_FINISHED G_hybrid replica 3 production 150/200 {"n": 149750000, "matched_pb": 0.25549885326861355, "matched_error_pb": 0.003961430417878331, "relative_error": 0.01550468961875755, "hard_error_pb": 0.003727767534649906, "cpu_ms_per_sample": 20.86341162562434, "max_weight_second_moment_fraction": 0.010898457007878249}
PROGRESS {"utc": "2026-09-23T00:15:18.655496+00:00", "stage": "G_hybrid replica 4 production 150/200", "mode": "G_hybrid", "block_completed": 139026, "block_samples": 250000, "worker_pids_seen": 128, "elapsed_s": 30.69232290191576}
S2000_PRODUCTION_FINISHED G_hybrid replica 4 production 150/200 {"n": 150000000, "matched_pb": 0.25557239638498486, "matched_error_pb": 0.003958263037149537, "relative_error": 0.015487834731521455, "hard_error_pb": 0.0037244014429116566, "cpu_ms_per_sample": 20.867250067489262, "max_weight_second_moment_fraction": 0.010881802446589378}
PROGRESS {"utc": "2026-09-23T00:16:15.058616+00:00", "stage": "G_hybrid replica 1 production 151/200", "mode": "G_hybrid", "block_completed": 134035, "block_samples": 250000, "worker_pids_seen": 128, "elapsed_s": 30.59945344296284}
S2000_PRODUCTION_FINISHED G_hybrid replica 1 production 151/200 {"n": 150250000, "matched_pb": 0.25551045379439546, "matched_error_pb": 0.00395527601564666, "relative_error": 0.015479898990079668, "hard_error_pb": 0.0037212267058925434, "cpu_ms_per_sample": 20.873117532681558, "max_weight_second_moment_fraction": 0.010864133633656433}
PROGRESS {"utc": "2026-09-23T00:17:12.864582+00:00", "stage": "G_hybrid replica 2 production 151/200", "mode": "G_hybrid", "block_completed": 137909, "block_samples": 250000, "worker_pids_seen": 128, "elapsed_s": 30.565930006094277}
S2000_PRODUCTION_FINISHED G_hybrid replica 2 production 151/200 {"n": 150500000, "matched_pb": 0.25537707045093944, "matched_error_pb": 0.003952347662503097, "relative_error": 0.015476517353433982, "hard_error_pb": 0.00371811402218811, "cpu_ms_per_sample": 20.877297975185794, "max_weight_second_moment_fraction": 0.010846207086125133}
PROGRESS {"utc": "2026-09-23T00:18:08.358291+00:00", "stage": "G_hybrid replica 3 production 151/200", "mode": "G_hybrid", "block_completed": 131663, "block_samples": 250000, "worker_pids_seen": 128, "elapsed_s": 30.60217596986331}
S2000_PRODUCTION_FINISHED G_hybrid replica 3 production 151/200 {"n": 150750000, "matched_pb": 0.2556011759474729, "matched_error_pb": 0.003949289152220169, "relative_error": 0.015450981935356057, "hard_error_pb": 0.003714862668328676, "cpu_ms_per_sample": 20.884468075759795, "max_weight_second_moment_fraction": 0.010829194657106633}
PROGRESS {"utc": "2026-09-23T00:19:07.753123+00:00", "stage": "G_hybrid replica 4 production 151/200", "mode": "G_hybrid", "block_completed": 145552, "block_samples": 250000, "worker_pids_seen": 128, "elapsed_s": 30.66618387401104}
S2000_PRODUCTION_FINISHED G_hybrid replica 4 production 151/200 {"n": 151000000, "matched_pb": 0.25548810661770827, "matched_error_pb": 0.003946123468747509, "relative_error": 0.015445429225604497, "hard_error_pb": 0.003711497038567864, "cpu_ms_per_sample": 20.888632679207763, "max_weight_second_moment_fraction": 0.010812949591417731}
PROGRESS {"utc": "2026-09-23T00:20:02.953161+00:00", "stage": "G_hybrid replica 1 production 152/200", "mode": "G_hybrid", "block_completed": 133226, "block_samples": 250000, "worker_pids_seen": 128, "elapsed_s": 30.57203840301372}
S2000_PRODUCTION_FINISHED G_hybrid replica 1 production 152/200 {"n": 151250000, "matched_pb": 0.25549908900771673, "matched_error_pb": 0.0039431127220137755, "relative_error": 0.015432981531666766, "hard_error_pb": 0.003708295804706663, "cpu_ms_per_sample": 20.895255408298027, "max_weight_second_moment_fraction": 0.010795849044368193}
PROGRESS {"utc": "2026-09-23T00:21:00.707000+00:00", "stage": "G_hybrid replica 2 production 152/200", "mode": "G_hybrid", "block_completed": 138903, "block_samples": 250000, "worker_pids_seen": 128, "elapsed_s": 30.580115555087104}
S2000_PRODUCTION_FINISHED G_hybrid replica 2 production 152/200 {"n": 151500000, "matched_pb": 0.25552298228367365, "matched_error_pb": 0.003940132149262959, "relative_error": 0.015419873836979354, "hard_error_pb": 0.003705126339324165, "cpu_ms_per_sample": 20.900359250294475, "max_weight_second_moment_fraction": 0.010778665715275774}
PROGRESS {"utc": "2026-09-23T00:21:55.563066+00:00", "stage": "G_hybrid replica 3 production 152/200", "mode": "G_hybrid", "block_completed": 128034, "block_samples": 250000, "worker_pids_seen": 128, "elapsed_s": 30.589717442868277}
PROGRESS {"utc": "2026-09-23T00:22:25.623141+00:00", "stage": "G_hybrid replica 3 production 152/200", "mode": "G_hybrid", "block_completed": 250000, "block_samples": 250000, "worker_pids_seen": 128, "elapsed_s": 60.649792458862066}
S2000_PRODUCTION_FINISHED G_hybrid replica 3 production 152/200 {"n": 151750000, "matched_pb": 0.2553185350986566, "matched_error_pb": 0.003937222628729859, "relative_error": 0.015420825703893736, "hard_error_pb": 0.003702032126397691, "cpu_ms_per_sample": 20.907222185062604, "max_weight_second_moment_fraction": 0.010761145837686762}
PROGRESS {"utc": "2026-09-23T00:22:56.371745+00:00", "stage": "G_hybrid replica 4 production 152/200", "mode": "G_hybrid", "block_completed": 141377, "block_samples": 250000, "worker_pids_seen": 128, "elapsed_s": 30.578351996839046}
S2000_PRODUCTION_FINISHED G_hybrid replica 4 production 152/200 {"n": 152000000, "matched_pb": 0.2548644536471949, "matched_error_pb": 0.0039352027584953556, "relative_error": 0.015440375078522322, "hard_error_pb": 0.003699883861308028, "cpu_ms_per_sample": 20.91163946900433, "max_weight_second_moment_fraction": 0.010738234216190298}
PROGRESS {"utc": "2026-09-23T00:23:48.838982+00:00", "stage": "G_hybrid replica 1 production 153/200", "mode": "G_hybrid", "block_completed": 134173, "block_samples": 250000, "worker_pids_seen": 128, "elapsed_s": 30.697244822978973}
S2000_PRODUCTION_FINISHED G_hybrid replica 1 production 153/200 {"n": 152250000, "matched_pb": 0.2546583063229476, "matched_error_pb": 0.00393212054829617, "relative_error": 0.015440770831600559, "hard_error_pb": 0.0036966054486557154, "cpu_ms_per_sample": 20.918848922425013, "max_weight_second_moment_fraction": 0.010721990042981433}
PROGRESS {"utc": "2026-09-23T00:24:48.380026+00:00", "stage": "G_hybrid replica 2 production 153/200", "mode": "G_hybrid", "block_completed": 142123, "block_samples": 250000, "worker_pids_seen": 128, "elapsed_s": 30.885320643894374}
S2000_PRODUCTION_FINISHED G_hybrid replica 2 production 153/200 {"n": 152500000, "matched_pb": 0.2548257209607979, "matched_error_pb": 0.003929116314962562, "relative_error": 0.015418837235692595, "hard_error_pb": 0.0036934096514200988, "cpu_ms_per_sample": 20.923148663209904, "max_weight_second_moment_fraction": 0.010705367359237182}
PROGRESS {"utc": "2026-09-23T00:25:43.297605+00:00", "stage": "G_hybrid replica 3 production 153/200", "mode": "G_hybrid", "block_completed": 127683, "block_samples": 250000, "worker_pids_seen": 128, "elapsed_s": 30.61009516683407}
S2000_PRODUCTION_FINISHED G_hybrid replica 3 production 153/200 {"n": 152750000, "matched_pb": 0.2547127520414553, "matched_error_pb": 0.003926101496823947, "relative_error": 0.015413839571663696, "hard_error_pb": 0.0036902022708872463, "cpu_ms_per_sample": 20.928191163951407, "max_weight_second_moment_fraction": 0.010688910056402361}
PROGRESS {"utc": "2026-09-23T00:26:44.023410+00:00", "stage": "G_hybrid replica 4 production 153/200", "mode": "G_hybrid", "block_completed": 146023, "block_samples": 250000, "worker_pids_seen": 128, "elapsed_s": 30.61053877416998}
S2000_PRODUCTION_FINISHED G_hybrid replica 4 production 153/200 {"n": 153000000, "matched_pb": 0.2547472118288165, "matched_error_pb": 0.003923136003959631, "relative_error": 0.015400113609863085, "hard_error_pb": 0.00368704704909803, "cpu_ms_per_sample": 20.932730369195422, "max_weight_second_moment_fraction": 0.010672249907215547}
PROGRESS {"utc": "2026-09-23T00:27:37.915289+00:00", "stage": "G_hybrid replica 1 production 154/200", "mode": "G_hybrid", "block_completed": 130723, "block_samples": 250000, "worker_pids_seen": 128, "elapsed_s": 30.649614362046123}
S2000_PRODUCTION_FINISHED G_hybrid replica 1 production 154/200 {"n": 153250000, "matched_pb": 0.2547533911684816, "matched_error_pb": 0.003920133153338746, "relative_error": 0.015387952778010947, "hard_error_pb": 0.003683851758228571, "cpu_ms_per_sample": 20.937796933550608, "max_weight_second_moment_fraction": 0.01065591992627017}
PROGRESS {"utc": "2026-09-23T00:28:36.043489+00:00", "stage": "G_hybrid replica 2 production 154/200", "mode": "G_hybrid", "block_completed": 136455, "block_samples": 250000, "worker_pids_seen": 128, "elapsed_s": 30.601878626970574}
S2000_PRODUCTION_FINISHED G_hybrid replica 2 production 154/200 {"n": 153500000, "matched_pb": 0.2545910229752316, "matched_error_pb": 0.003917235787309525, "relative_error": 0.015386386140137473, "hard_error_pb": 0.0036807684048411173, "cpu_ms_per_sample": 20.936740043214147, "max_weight_second_moment_fraction": 0.010639039909857194}
PROGRESS {"utc": "2026-09-23T00:29:32.546644+00:00", "stage": "G_hybrid replica 3 production 154/200", "mode": "G_hybrid", "block_completed": 130036, "block_samples": 250000, "worker_pids_seen": 128, "elapsed_s": 30.63165760692209}
S2000_PRODUCTION_FINISHED G_hybrid replica 3 production 154/200 {"n": 153750000, "matched_pb": 0.25454453870525134, "matched_error_pb": 0.003914371382520092, "relative_error": 0.015377942903158177, "hard_error_pb": 0.0036777198312256476, "cpu_ms_per_sample": 20.943908435665886, "max_weight_second_moment_fraction": 0.010622057382867247}
PROGRESS {"utc": "2026-09-23T00:30:32.629895+00:00", "stage": "G_hybrid replica 4 production 154/200", "mode": "G_hybrid", "block_completed": 138107, "block_samples": 250000, "worker_pids_seen": 128, "elapsed_s": 30.82825323799625}
S2000_PRODUCTION_FINISHED G_hybrid replica 4 production 154/200 {"n": 154000000, "matched_pb": 0.2546968380589845, "matched_error_pb": 0.003911591735172591, "relative_error": 0.01535783390552621, "hard_error_pb": 0.003674761181269971, "cpu_ms_per_sample": 20.944339093789033, "max_weight_second_moment_fraction": 0.010604654282082926}
PROGRESS {"utc": "2026-09-23T00:31:28.437048+00:00", "stage": "G_hybrid replica 1 production 155/200", "mode": "G_hybrid", "block_completed": 132819, "block_samples": 250000, "worker_pids_seen": 128, "elapsed_s": 30.80040423083119}
S2000_PRODUCTION_FINISHED G_hybrid replica 1 production 155/200 {"n": 154250000, "matched_pb": 0.25475482319672915, "matched_error_pb": 0.003908976027822007, "relative_error": 0.015344070737390438, "hard_error_pb": 0.0036719767731816146, "cpu_ms_per_sample": 20.949065661196993, "max_weight_second_moment_fraction": 0.010586344204554671}
PROGRESS {"utc": "2026-09-23T00:32:27.024565+00:00", "stage": "G_hybrid replica 2 production 155/200", "mode": "G_hybrid", "block_completed": 129183, "block_samples": 250000, "worker_pids_seen": 128, "elapsed_s": 30.695311699062586}
S2000_PRODUCTION_FINISHED G_hybrid replica 2 production 155/200 {"n": 154500000, "matched_pb": 0.25465342744631003, "matched_error_pb": 0.003905991672614934, "relative_error": 0.015338461028326256, "hard_error_pb": 0.003668799637924557, "cpu_ms_per_sample": 20.9474622695032, "max_weight_second_moment_fraction": 0.010570395421631075}
PROGRESS {"utc": "2026-09-23T00:33:25.624589+00:00", "stage": "G_hybrid replica 3 production 155/200", "mode": "G_hybrid", "block_completed": 129060, "block_samples": 250000, "worker_pids_seen": 128, "elapsed_s": 30.59804930211976}
S2000_PRODUCTION_FINISHED G_hybrid replica 3 production 155/200 {"n": 154750000, "matched_pb": 0.2546905496782856, "matched_error_pb": 0.0039029574803685373, "relative_error": 0.015324312132109297, "hard_error_pb": 0.0036655691141025933, "cpu_ms_per_sample": 20.955074459610742, "max_weight_second_moment_fraction": 0.010554849662895662}
PROGRESS {"utc": "2026-09-23T00:34:25.412632+00:00", "stage": "G_hybrid replica 4 production 155/200", "mode": "G_hybrid", "block_completed": 138475, "block_samples": 250000, "worker_pids_seen": 128, "elapsed_s": 30.699039259925485}
S2000_PRODUCTION_FINISHED G_hybrid replica 4 production 155/200 {"n": 155000000, "matched_pb": 0.2547100341852798, "matched_error_pb": 0.003900050686164564, "relative_error": 0.015311727701028103, "hard_error_pb": 0.003662473916815086, "cpu_ms_per_sample": 20.957673258092925, "max_weight_second_moment_fraction": 0.010538619295171135}
PROGRESS {"utc": "2026-09-23T00:35:23.613945+00:00", "stage": "G_hybrid replica 1 production 156/200", "mode": "G_hybrid", "block_completed": 133089, "block_samples": 250000, "worker_pids_seen": 128, "elapsed_s": 30.610863001085818}
S2000_PRODUCTION_FINISHED G_hybrid replica 1 production 156/200 {"n": 155250000, "matched_pb": 0.2546295967926161, "matched_error_pb": 0.003897184722240141, "relative_error": 0.015305309246568912, "hard_error_pb": 0.0036594218936821313, "cpu_ms_per_sample": 20.965644092118545, "max_weight_second_moment_fraction": 0.01052223505361268}
PROGRESS {"utc": "2026-09-23T00:36:20.942504+00:00", "stage": "G_hybrid replica 2 production 156/200", "mode": "G_hybrid", "block_completed": 138050, "block_samples": 250000, "worker_pids_seen": 128, "elapsed_s": 30.632919900817797}
S2000_PRODUCTION_FINISHED G_hybrid replica 2 production 156/200 {"n": 155500000, "matched_pb": 0.2547130757681642, "matched_error_pb": 0.003894427044801895, "relative_error": 0.015289466522506056, "hard_error_pb": 0.0036564849027423277, "cpu_ms_per_sample": 20.970596426281546, "max_weight_second_moment_fraction": 0.010505284941267337}
PROGRESS {"utc": "2026-09-23T00:37:17.415575+00:00", "stage": "G_hybrid replica 3 production 156/200", "mode": "G_hybrid", "block_completed": 132423, "block_samples": 250000, "worker_pids_seen": 128, "elapsed_s": 30.754885216010734}
S2000_PRODUCTION_FINISHED G_hybrid replica 3 production 156/200 {"n": 155750000, "matched_pb": 0.25474869495687846, "matched_error_pb": 0.003891410676896613, "relative_error": 0.01527548817298285, "hard_error_pb": 0.0036532720803360793, "cpu_ms_per_sample": 20.97767077411552, "max_weight_second_moment_fraction": 0.010490013511896457}
PROGRESS {"utc": "2026-09-23T00:38:15.480498+00:00", "stage": "G_hybrid replica 4 production 156/200", "mode": "G_hybrid", "block_completed": 141052, "block_samples": 250000, "worker_pids_seen": 128, "elapsed_s": 30.7806005559396}
S2000_PRODUCTION_FINISHED G_hybrid replica 4 production 156/200 {"n": 156000000, "matched_pb": 0.2546723312559985, "matched_error_pb": 0.0038885738157280023, "relative_error": 0.01526892928081449, "hard_error_pb": 0.003650250149929945, "cpu_ms_per_sample": 20.98107850446219, "max_weight_second_moment_fraction": 0.010473738598880756}
PROGRESS {"utc": "2026-09-23T00:39:08.716282+00:00", "stage": "G_hybrid replica 1 production 157/200", "mode": "G_hybrid", "block_completed": 133563, "block_samples": 250000, "worker_pids_seen": 128, "elapsed_s": 30.605892129940912}
S2000_PRODUCTION_FINISHED G_hybrid replica 1 production 157/200 {"n": 156250000, "matched_pb": 0.254686418593965, "matched_error_pb": 0.0038857124106306453, "relative_error": 0.015256849705933712, "hard_error_pb": 0.0036472017732540065, "cpu_ms_per_sample": 20.98841624143279, "max_weight_second_moment_fraction": 0.0104577089313175}
PROGRESS {"utc": "2026-09-23T00:40:04.658038+00:00", "stage": "G_hybrid replica 2 production 157/200", "mode": "G_hybrid", "block_completed": 138470, "block_samples": 250000, "worker_pids_seen": 128, "elapsed_s": 30.560836619930342}
S2000_PRODUCTION_FINISHED G_hybrid replica 2 production 157/200 {"n": 156500000, "matched_pb": 0.2547365682138612, "matched_error_pb": 0.0038829011485781387, "relative_error": 0.015242810154050176, "hard_error_pb": 0.003644206520811846, "cpu_ms_per_sample": 20.991749040926162, "max_weight_second_moment_fraction": 0.01044146754717524}
PROGRESS {"utc": "2026-09-23T00:41:01.511591+00:00", "stage": "G_hybrid replica 3 production 157/200", "mode": "G_hybrid", "block_completed": 129759, "block_samples": 250000, "worker_pids_seen": 128, "elapsed_s": 30.66062113083899}
PROGRESS {"utc": "2026-09-23T00:41:32.123716+00:00", "stage": "G_hybrid replica 3 production 157/200", "mode": "G_hybrid", "block_completed": 250000, "block_samples": 250000, "worker_pids_seen": 128, "elapsed_s": 61.27274751290679}
S2000_PRODUCTION_FINISHED G_hybrid replica 3 production 157/200 {"n": 156750000, "matched_pb": 0.2547506676267512, "matched_error_pb": 0.0038799573616336938, "relative_error": 0.015230410965275375, "hard_error_pb": 0.003641069755551745, "cpu_ms_per_sample": 21.000248154982927, "max_weight_second_moment_fraction": 0.010426128908064297}
PROGRESS {"utc": "2026-09-23T00:42:02.861114+00:00", "stage": "G_hybrid replica 4 production 157/200", "mode": "G_hybrid", "block_completed": 141728, "block_samples": 250000, "worker_pids_seen": 128, "elapsed_s": 30.597482648910955}
S2000_PRODUCTION_FINISHED G_hybrid replica 4 production 157/200 {"n": 157000000, "matched_pb": 0.254719691103071, "matched_error_pb": 0.0038770594805151376, "relative_error": 0.015220886393687976, "hard_error_pb": 0.003637981590408404, "cpu_ms_per_sample": 21.0050725158067, "max_weight_second_moment_fraction": 0.01041060292535061}
PROGRESS {"utc": "2026-09-23T00:42:56.540314+00:00", "stage": "G_hybrid replica 1 production 158/200", "mode": "G_hybrid", "block_completed": 129525, "block_samples": 250000, "worker_pids_seen": 128, "elapsed_s": 30.587797231040895}
S2000_PRODUCTION_FINISHED G_hybrid replica 1 production 158/200 {"n": 157250000, "matched_pb": 0.2546070866796855, "matched_error_pb": 0.003874197886652826, "relative_error": 0.015216378841516115, "hard_error_pb": 0.0036349317877565975, "cpu_ms_per_sample": 21.01148969339866, "max_weight_second_moment_fraction": 0.010394948084643566}
PROGRESS {"utc": "2026-09-23T00:43:56.001563+00:00", "stage": "G_hybrid replica 2 production 158/200", "mode": "G_hybrid", "block_completed": 138660, "block_samples": 250000, "worker_pids_seen": 128, "elapsed_s": 30.77940625883639}
S2000_PRODUCTION_FINISHED G_hybrid replica 2 production 158/200 {"n": 157500000, "matched_pb": 0.2545774946521166, "matched_error_pb": 0.0038713542222562646, "relative_error": 0.015206977457086376, "hard_error_pb": 0.0036319007903409966, "cpu_ms_per_sample": 21.014448103383685, "max_weight_second_moment_fraction": 0.010379276657543334}
PROGRESS {"utc": "2026-09-23T00:44:51.200704+00:00", "stage": "G_hybrid replica 3 production 158/200", "mode": "G_hybrid", "block_completed": 127500, "block_samples": 250000, "worker_pids_seen": 128, "elapsed_s": 30.658619384048507}
S2000_PRODUCTION_FINISHED G_hybrid replica 3 production 158/200 {"n": 157750000, "matched_pb": 0.2544832072968965, "matched_error_pb": 0.0038684131846042484, "relative_error": 0.015201054818878908, "hard_error_pb": 0.0036287656859486164, "cpu_ms_per_sample": 21.02089270893335, "max_weight_second_moment_fraction": 0.010364289935434224}
PROGRESS {"utc": "2026-09-23T00:45:50.940839+00:00", "stage": "G_hybrid replica 4 production 158/200", "mode": "G_hybrid", "block_completed": 139534, "block_samples": 250000, "worker_pids_seen": 128, "elapsed_s": 30.633942587999627}
S2000_PRODUCTION_FINISHED G_hybrid replica 4 production 158/200 {"n": 158000000, "matched_pb": 0.25470819094479336, "matched_error_pb": 0.003865565799913596, "relative_error": 0.015176448725794753, "hard_error_pb": 0.003625730104428595, "cpu_ms_per_sample": 21.025000519746456, "max_weight_second_moment_fraction": 0.010348825204350619}
PROGRESS {"utc": "2026-09-23T00:46:45.342697+00:00", "stage": "G_hybrid replica 1 production 159/200", "mode": "G_hybrid", "block_completed": 132375, "block_samples": 250000, "worker_pids_seen": 128, "elapsed_s": 30.625067486893386}
S2000_PRODUCTION_FINISHED G_hybrid replica 1 production 159/200 {"n": 158250000, "matched_pb": 0.25445598651901497, "matched_error_pb": 0.0038640873187423454, "relative_error": 0.015185680524178157, "hard_error_pb": 0.003624153783100761, "cpu_ms_per_sample": 21.032068942671064, "max_weight_second_moment_fraction": 0.010325128828621466}
PROGRESS {"utc": "2026-09-23T00:47:44.767474+00:00", "stage": "G_hybrid replica 2 production 159/200", "mode": "G_hybrid", "block_completed": 139644, "block_samples": 250000, "worker_pids_seen": 128, "elapsed_s": 30.60297182505019}
S2000_PRODUCTION_FINISHED G_hybrid replica 2 production 159/200 {"n": 158500000, "matched_pb": 0.25425010950547133, "matched_error_pb": 0.0038613414243428234, "relative_error": 0.01518717703545268, "hard_error_pb": 0.003621225957054325, "cpu_ms_per_sample": 21.03668833477522, "max_weight_second_moment_fraction": 0.01030923264525697}
PROGRESS {"utc": "2026-09-23T00:48:39.929955+00:00", "stage": "G_hybrid replica 3 production 159/200", "mode": "G_hybrid", "block_completed": 129263, "block_samples": 250000, "worker_pids_seen": 128, "elapsed_s": 30.583399010822177}
S2000_PRODUCTION_FINISHED G_hybrid replica 3 production 159/200 {"n": 158750000, "matched_pb": 0.2543615465230898, "matched_error_pb": 0.0038584077760875422, "relative_error": 0.015168990080571371, "hard_error_pb": 0.0036180976221311337, "cpu_ms_per_sample": 21.04499824960267, "max_weight_second_moment_fraction": 0.010294567499437888}
PROGRESS {"utc": "2026-09-23T00:49:39.444332+00:00", "stage": "G_hybrid replica 4 production 159/200", "mode": "G_hybrid", "block_completed": 136600, "block_samples": 250000, "worker_pids_seen": 128, "elapsed_s": 30.57349536009133}
S2000_PRODUCTION_FINISHED G_hybrid replica 4 production 159/200 {"n": 159000000, "matched_pb": 0.25425370396460345, "matched_error_pb": 0.003855663871335812, "relative_error": 0.015164632063226846, "hard_error_pb": 0.003615171327257176, "cpu_ms_per_sample": 21.04671097681415, "max_weight_second_moment_fraction": 0.010278839922613333}
PROGRESS {"utc": "2026-09-23T00:50:34.517790+00:00", "stage": "G_hybrid replica 1 production 160/200", "mode": "G_hybrid", "block_completed": 129390, "block_samples": 250000, "worker_pids_seen": 128, "elapsed_s": 30.85796801908873}
S2000_PRODUCTION_FINISHED G_hybrid replica 1 production 160/200 {"n": 159250000, "matched_pb": 0.2541243393412567, "matched_error_pb": 0.0038528673252574354, "relative_error": 0.015161347139140118, "hard_error_pb": 0.003612188597337428, "cpu_ms_per_sample": 21.05230695095595, "max_weight_second_moment_fraction": 0.01026352117646263}
PROGRESS {"utc": "2026-09-23T00:51:32.272492+00:00", "stage": "G_hybrid replica 2 production 160/200", "mode": "G_hybrid", "block_completed": 141576, "block_samples": 250000, "worker_pids_seen": 128, "elapsed_s": 30.58099154010415}
S2000_PRODUCTION_FINISHED G_hybrid replica 2 production 160/200 {"n": 159500000, "matched_pb": 0.2539327191674796, "matched_error_pb": 0.0038500874455676, "relative_error": 0.0151618407355702, "hard_error_pb": 0.003609223347926171, "cpu_ms_per_sample": 21.05607843005979, "max_weight_second_moment_fraction": 0.010248190279055998}
PROGRESS {"utc": "2026-09-23T00:52:26.903554+00:00", "stage": "G_hybrid replica 3 production 160/200", "mode": "G_hybrid", "block_completed": 132853, "block_samples": 250000, "worker_pids_seen": 128, "elapsed_s": 30.586967159993947}
S2000_PRODUCTION_FINISHED G_hybrid replica 3 production 160/200 {"n": 159750000, "matched_pb": 0.2538837149555903, "matched_error_pb": 0.0038471895667979224, "relative_error": 0.01515335305169486, "hard_error_pb": 0.0036061319165522684, "cpu_ms_per_sample": 21.062224613734536, "max_weight_second_moment_fraction": 0.010233662930566724}
PROGRESS {"utc": "2026-09-23T00:53:25.698688+00:00", "stage": "G_hybrid replica 4 production 160/200", "mode": "G_hybrid", "block_completed": 140436, "block_samples": 250000, "worker_pids_seen": 128, "elapsed_s": 30.75152568309568}
S2000_PRODUCTION_FINISHED G_hybrid replica 4 production 160/200 {"n": 160000000, "matched_pb": 0.25412376013119303, "matched_error_pb": 0.003844422709071762, "relative_error": 0.01512815136643285, "hard_error_pb": 0.0036031799570275165, "cpu_ms_per_sample": 21.065699524917502, "max_weight_second_moment_fraction": 0.010218431107594355}
PROGRESS {"utc": "2026-09-23T00:54:22.436150+00:00", "stage": "G_hybrid replica 1 production 161/200", "mode": "G_hybrid", "block_completed": 133186, "block_samples": 250000, "worker_pids_seen": 128, "elapsed_s": 31.387730578891933}
S2000_PRODUCTION_FINISHED G_hybrid replica 1 production 161/200 {"n": 160250000, "matched_pb": 0.2542329819395439, "matched_error_pb": 0.0038416606936578983, "relative_error": 0.015110788003782441, "hard_error_pb": 0.0036002328705091054, "cpu_ms_per_sample": 21.07122674582477, "max_weight_second_moment_fraction": 0.010203257429668884}
PROGRESS {"utc": "2026-09-23T00:55:18.862654+00:00", "stage": "G_hybrid replica 2 production 161/200", "mode": "G_hybrid", "block_completed": 135686, "block_samples": 250000, "worker_pids_seen": 128, "elapsed_s": 30.62322988989763}
S2000_PRODUCTION_FINISHED G_hybrid replica 2 production 161/200 {"n": 160500000, "matched_pb": 0.25423395898594275, "matched_error_pb": 0.003838929721120679, "relative_error": 0.015099987965545323, "hard_error_pb": 0.003597318618137938, "cpu_ms_per_sample": 21.075246016305204, "max_weight_second_moment_fraction": 0.010187983206193107}
PROGRESS {"utc": "2026-09-23T00:56:15.182164+00:00", "stage": "G_hybrid replica 3 production 161/200", "mode": "G_hybrid", "block_completed": 131309, "block_samples": 250000, "worker_pids_seen": 128, "elapsed_s": 30.68110632803291}
S2000_PRODUCTION_FINISHED G_hybrid replica 3 production 161/200 {"n": 160750000, "matched_pb": 0.2543534797724763, "matched_error_pb": 0.0038361108579953234, "relative_error": 0.01508181001269097, "hard_error_pb": 0.0035943102747992926, "cpu_ms_per_sample": 21.082418710609264, "max_weight_second_moment_fraction": 0.010173327523706118}
PROGRESS {"utc": "2026-09-23T00:57:14.115433+00:00", "stage": "G_hybrid replica 4 production 161/200", "mode": "G_hybrid", "block_completed": 143546, "block_samples": 250000, "worker_pids_seen": 128, "elapsed_s": 30.613456041086465}
S2000_PRODUCTION_FINISHED G_hybrid replica 4 production 161/200 {"n": 161000000, "matched_pb": 0.2542226363953776, "matched_error_pb": 0.0038333397663674173, "relative_error": 0.01507867206760317, "hard_error_pb": 0.0035913526144214737, "cpu_ms_per_sample": 21.085456528718176, "max_weight_second_moment_fraction": 0.010158468778582822}
PROGRESS {"utc": "2026-09-23T00:58:07.702954+00:00", "stage": "G_hybrid replica 1 production 162/200", "mode": "G_hybrid", "block_completed": 134983, "block_samples": 250000, "worker_pids_seen": 128, "elapsed_s": 30.757022164063528}
S2000_PRODUCTION_FINISHED G_hybrid replica 1 production 162/200 {"n": 161250000, "matched_pb": 0.2542660748067129, "matched_error_pb": 0.0038305924561220827, "relative_error": 0.0150652911877214, "hard_error_pb": 0.0035884200425253393, "cpu_ms_per_sample": 21.091240803495683, "max_weight_second_moment_fraction": 0.010143553136335455}
PROGRESS {"utc": "2026-09-23T00:59:06.565987+00:00", "stage": "G_hybrid replica 2 production 162/200", "mode": "G_hybrid", "block_completed": 138503, "block_samples": 250000, "worker_pids_seen": 128, "elapsed_s": 30.751409146003425}
S2000_PRODUCTION_FINISHED G_hybrid replica 2 production 162/200 {"n": 161500000, "matched_pb": 0.25427818885679676, "matched_error_pb": 0.003827953064978972, "relative_error": 0.015054193527919067, "hard_error_pb": 0.003585602390726007, "cpu_ms_per_sample": 21.095920732729248, "max_weight_second_moment_fraction": 0.010128072298780988}
PROGRESS {"utc": "2026-09-23T01:00:01.892739+00:00", "stage": "G_hybrid replica 3 production 162/200", "mode": "G_hybrid", "block_completed": 129239, "block_samples": 250000, "worker_pids_seen": 128, "elapsed_s": 30.700430882861838}
S2000_PRODUCTION_FINISHED G_hybrid replica 3 production 162/200 {"n": 161750000, "matched_pb": 0.2543220028441906, "matched_error_pb": 0.0038251260035792136, "relative_error": 0.015040483956563768, "hard_error_pb": 0.003582584092517025, "cpu_ms_per_sample": 21.103249009528863, "max_weight_second_moment_fraction": 0.01011380885706711}
PROGRESS {"utc": "2026-09-23T01:01:01.412056+00:00", "stage": "G_hybrid replica 4 production 162/200", "mode": "G_hybrid", "block_completed": 139254, "block_samples": 250000, "worker_pids_seen": 128, "elapsed_s": 30.626986016053706}
S2000_PRODUCTION_FINISHED G_hybrid replica 4 production 162/200 {"n": 162000000, "matched_pb": 0.2543987582090633, "matched_error_pb": 0.0038223714273645524, "relative_error": 0.015025118260299649, "hard_error_pb": 0.003579642882388001, "cpu_ms_per_sample": 21.105961002671965, "max_weight_second_moment_fraction": 0.01009919322982584}
PROGRESS {"utc": "2026-09-23T01:01:55.985713+00:00", "stage": "G_hybrid replica 1 production 163/200", "mode": "G_hybrid", "block_completed": 132377, "block_samples": 250000, "worker_pids_seen": 128, "elapsed_s": 30.64001726778224}
S2000_PRODUCTION_FINISHED G_hybrid replica 1 production 163/200 {"n": 162250000, "matched_pb": 0.25406832086564607, "matched_error_pb": 0.0038196067392746607, "relative_error": 0.01503377802577169, "hard_error_pb": 0.003576690576414258, "cpu_ms_per_sample": 21.111606815852237, "max_weight_second_moment_fraction": 0.010084721640704451}
PROGRESS {"utc": "2026-09-23T01:02:53.796586+00:00", "stage": "G_hybrid replica 2 production 163/200", "mode": "G_hybrid", "block_completed": 135916, "block_samples": 250000, "worker_pids_seen": 128, "elapsed_s": 30.589176933979616}
S2000_PRODUCTION_FINISHED G_hybrid replica 2 production 163/200 {"n": 162500000, "matched_pb": 0.25403374925011896, "matched_error_pb": 0.0038168949192995804, "relative_error": 0.015025148944054302, "hard_error_pb": 0.0035737944347252405, "cpu_ms_per_sample": 21.11613675929347, "max_weight_second_moment_fraction": 0.010070016764527515}
PROGRESS {"utc": "2026-09-23T01:03:49.829813+00:00", "stage": "G_hybrid replica 3 production 163/200", "mode": "G_hybrid", "block_completed": 132438, "block_samples": 250000, "worker_pids_seen": 128, "elapsed_s": 30.633207629201934}
S2000_PRODUCTION_FINISHED G_hybrid replica 3 production 163/200 {"n": 162750000, "matched_pb": 0.2541979385660597, "matched_error_pb": 0.0038140740194961653, "relative_error": 0.015004346774059233, "hard_error_pb": 0.0035707814918997474, "cpu_ms_per_sample": 21.12305128909525, "max_weight_second_moment_fraction": 0.010056052572333985}
PROGRESS {"utc": "2026-09-23T01:04:49.906516+00:00", "stage": "G_hybrid replica 4 production 163/200", "mode": "G_hybrid", "block_completed": 144474, "block_samples": 250000, "worker_pids_seen": 128, "elapsed_s": 30.73193066706881}
S2000_PRODUCTION_FINISHED G_hybrid replica 4 production 163/200 {"n": 163000000, "matched_pb": 0.2542513645032835, "matched_error_pb": 0.003811773568591346, "relative_error": 0.014992145965620252, "hard_error_pb": 0.00356832419700197, "cpu_ms_per_sample": 21.126988658526404, "max_weight_second_moment_fraction": 0.010039042018073442}
PROGRESS {"utc": "2026-09-23T01:05:44.471830+00:00", "stage": "G_hybrid replica 1 production 164/200", "mode": "G_hybrid", "block_completed": 131342, "block_samples": 250000, "worker_pids_seen": 128, "elapsed_s": 30.59220716310665}
S2000_PRODUCTION_FINISHED G_hybrid replica 1 production 164/200 {"n": 163250000, "matched_pb": 0.25437078756687265, "matched_error_pb": 0.003809021593377853, "relative_error": 0.014974288635154234, "hard_error_pb": 0.0035653843180668346, "cpu_ms_per_sample": 21.12989579681963, "max_weight_second_moment_fraction": 0.010024830184593136}
PROGRESS {"utc": "2026-09-23T01:06:44.267555+00:00", "stage": "G_hybrid replica 2 production 164/200", "mode": "G_hybrid", "block_completed": 139515, "block_samples": 250000, "worker_pids_seen": 128, "elapsed_s": 30.726132086012512}
S2000_PRODUCTION_FINISHED G_hybrid replica 2 production 164/200 {"n": 163500000, "matched_pb": 0.2544188739794781, "matched_error_pb": 0.0038062794139784957, "relative_error": 0.014960680213864626, "hard_error_pb": 0.003562454605180904, "cpu_ms_per_sample": 21.133275007213093, "max_weight_second_moment_fraction": 0.010010641677174685}
PROGRESS {"utc": "2026-09-23T01:07:40.626155+00:00", "stage": "G_hybrid replica 3 production 164/200", "mode": "G_hybrid", "block_completed": 129462, "block_samples": 250000, "worker_pids_seen": 128, "elapsed_s": 30.576821748167276}
S2000_PRODUCTION_FINISHED G_hybrid replica 3 production 164/200 {"n": 163750000, "matched_pb": 0.2547464086249805, "matched_error_pb": 0.0038036701521219707, "relative_error": 0.01493120225974005, "hard_error_pb": 0.0035596666224299326, "cpu_ms_per_sample": 21.1393729143171, "max_weight_second_moment_fraction": 0.009995738418991333}
PROGRESS {"utc": "2026-09-23T01:08:39.448634+00:00", "stage": "G_hybrid replica 4 production 164/200", "mode": "G_hybrid", "block_completed": 144192, "block_samples": 250000, "worker_pids_seen": 128, "elapsed_s": 30.594030243111774}
S2000_PRODUCTION_FINISHED G_hybrid replica 4 production 164/200 {"n": 164000000, "matched_pb": 0.2547494300499262, "matched_error_pb": 0.0038010508604970294, "relative_error": 0.014920743334939332, "hard_error_pb": 0.0035568676501640255, "cpu_ms_per_sample": 21.14313016365065, "max_weight_second_moment_fraction": 0.009980976768350486}
PROGRESS {"utc": "2026-09-23T01:09:31.910323+00:00", "stage": "G_hybrid replica 1 production 165/200", "mode": "G_hybrid", "block_completed": 134889, "block_samples": 250000, "worker_pids_seen": 128, "elapsed_s": 30.70259646512568}
S2000_PRODUCTION_FINISHED G_hybrid replica 1 production 165/200 {"n": 164250000, "matched_pb": 0.25479064131839624, "matched_error_pb": 0.003799050006951186, "relative_error": 0.014910477038298068, "hard_error_pb": 0.003554729355663235, "cpu_ms_per_sample": 21.149070952429483, "max_weight_second_moment_fraction": 0.009962591585755187}
PROGRESS {"utc": "2026-09-23T01:10:27.867890+00:00", "stage": "G_hybrid replica 2 production 165/200", "mode": "G_hybrid", "block_completed": 140338, "block_samples": 250000, "worker_pids_seen": 128, "elapsed_s": 30.608676915057003}
S2000_PRODUCTION_FINISHED G_hybrid replica 2 production 165/200 {"n": 164500000, "matched_pb": 0.25480641946477023, "matched_error_pb": 0.0037964717742433986, "relative_error": 0.014899435352602262, "hard_error_pb": 0.0035519737849996824, "cpu_ms_per_sample": 21.152684398946864, "max_weight_second_moment_fraction": 0.009947749899432319}
PROGRESS {"utc": "2026-09-23T01:11:22.851353+00:00", "stage": "G_hybrid replica 3 production 165/200", "mode": "G_hybrid", "block_completed": 129347, "block_samples": 250000, "worker_pids_seen": 128, "elapsed_s": 30.62851664889604}
S2000_PRODUCTION_FINISHED G_hybrid replica 3 production 165/200 {"n": 164750000, "matched_pb": 0.2549510074801036, "matched_error_pb": 0.0037939012412346587, "relative_error": 0.014880903114417915, "hard_error_pb": 0.0035492261783295854, "cpu_ms_per_sample": 21.160015334303704, "max_weight_second_moment_fraction": 0.00993294399084406}
PROGRESS {"utc": "2026-09-23T01:12:22.288465+00:00", "stage": "G_hybrid replica 4 production 165/200", "mode": "G_hybrid", "block_completed": 141282, "block_samples": 250000, "worker_pids_seen": 128, "elapsed_s": 30.72470914805308}
S2000_PRODUCTION_FINISHED G_hybrid replica 4 production 165/200 {"n": 165000000, "matched_pb": 0.2550328234797269, "matched_error_pb": 0.0037914648201892933, "relative_error": 0.01486657587230408, "hard_error_pb": 0.0035466216769527562, "cpu_ms_per_sample": 21.162629257796347, "max_weight_second_moment_fraction": 0.00991741714714896}
PROGRESS {"utc": "2026-09-23T01:13:18.198493+00:00", "stage": "G_hybrid replica 1 production 166/200", "mode": "G_hybrid", "block_completed": 134434, "block_samples": 250000, "worker_pids_seen": 128, "elapsed_s": 30.74402941809967}
PROGRESS {"utc": "2026-09-23T01:13:49.039034+00:00", "stage": "G_hybrid replica 1 production 166/200", "mode": "G_hybrid", "block_completed": 250000, "block_samples": 250000, "worker_pids_seen": 128, "elapsed_s": 61.584539628122}
S2000_PRODUCTION_FINISHED G_hybrid replica 1 production 166/200 {"n": 165250000, "matched_pb": 0.25502627027690206, "matched_error_pb": 0.003789194514818001, "relative_error": 0.014858055645419489, "hard_error_pb": 0.0035441945358325034, "cpu_ms_per_sample": 21.168070077202398, "max_weight_second_moment_fraction": 0.009900979478001188}
PROGRESS {"utc": "2026-09-23T01:14:19.800973+00:00", "stage": "G_hybrid replica 2 production 166/200", "mode": "G_hybrid", "block_completed": 127279, "block_samples": 250000, "worker_pids_seen": 128, "elapsed_s": 30.611266907071695}
S2000_PRODUCTION_FINISHED G_hybrid replica 2 production 166/200 {"n": 165500000, "matched_pb": 0.2553561120943204, "matched_error_pb": 0.0037867777587360534, "relative_error": 0.014829399334437464, "hard_error_pb": 0.003541610598408046, "cpu_ms_per_sample": 21.16670292089737, "max_weight_second_moment_fraction": 0.009885499828251426}
PROGRESS {"utc": "2026-09-23T01:15:18.485442+00:00", "stage": "G_hybrid replica 3 production 166/200", "mode": "G_hybrid", "block_completed": 134305, "block_samples": 250000, "worker_pids_seen": 128, "elapsed_s": 30.626662938157097}
S2000_PRODUCTION_FINISHED G_hybrid replica 3 production 166/200 {"n": 165750000, "matched_pb": 0.2550302556250429, "matched_error_pb": 0.0037897038467115617, "relative_error": 0.01485982060216164, "hard_error_pb": 0.0035447390711417053, "cpu_ms_per_sample": 21.17373581088473, "max_weight_second_moment_fraction": 0.009838313480711555}
PROGRESS {"utc": "2026-09-23T01:16:15.800476+00:00", "stage": "G_hybrid replica 4 production 166/200", "mode": "G_hybrid", "block_completed": 142369, "block_samples": 250000, "worker_pids_seen": 128, "elapsed_s": 30.58136450382881}
S2000_PRODUCTION_FINISHED G_hybrid replica 4 production 166/200 {"n": 166000000, "matched_pb": 0.2550595844845108, "matched_error_pb": 0.0037873728455799006, "relative_error": 0.014848972851713788, "hard_error_pb": 0.0035422468728385013, "cpu_ms_per_sample": 21.175554975838097, "max_weight_second_moment_fraction": 0.00982250942211136}
PROGRESS {"utc": "2026-09-23T01:17:11.356212+00:00", "stage": "G_hybrid replica 1 production 167/200", "mode": "G_hybrid", "block_completed": 132320, "block_samples": 250000, "worker_pids_seen": 128, "elapsed_s": 30.630395225947723}
S2000_PRODUCTION_FINISHED G_hybrid replica 1 production 167/200 {"n": 166250000, "matched_pb": 0.2548449931113353, "matched_error_pb": 0.0037847290432161283, "relative_error": 0.014851102221037854, "hard_error_pb": 0.003539419976106512, "cpu_ms_per_sample": 21.18122481065736, "max_weight_second_moment_fraction": 0.00980863890309821}
PROGRESS {"utc": "2026-09-23T01:18:09.236692+00:00", "stage": "G_hybrid replica 2 production 167/200", "mode": "G_hybrid", "block_completed": 141426, "block_samples": 250000, "worker_pids_seen": 128, "elapsed_s": 30.659979965072125}
S2000_PRODUCTION_FINISHED G_hybrid replica 2 production 167/200 {"n": 166500000, "matched_pb": 0.25478621205031915, "matched_error_pb": 0.003782254554832742, "relative_error": 0.014844816461597864, "hard_error_pb": 0.00353677386247003, "cpu_ms_per_sample": 21.18432641128908, "max_weight_second_moment_fraction": 0.009793843988156485}
PROGRESS {"utc": "2026-09-23T01:19:04.992120+00:00", "stage": "G_hybrid replica 3 production 167/200", "mode": "G_hybrid", "block_completed": 128615, "block_samples": 250000, "worker_pids_seen": 128, "elapsed_s": 30.690133007010445}
S2000_PRODUCTION_FINISHED G_hybrid replica 3 production 167/200 {"n": 166750000, "matched_pb": 0.25491829487409484, "matched_error_pb": 0.0037843425351275326, "relative_error": 0.014845315582377618, "hard_error_pb": 0.0035390066770032563, "cpu_ms_per_sample": 21.189194504487403, "max_weight_second_moment_fraction": 0.00975218368081102}
PROGRESS {"utc": "2026-09-23T01:20:04.977551+00:00", "stage": "G_hybrid replica 4 production 167/200", "mode": "G_hybrid", "block_completed": 139479, "block_samples": 250000, "worker_pids_seen": 128, "elapsed_s": 30.59460383700207}
S2000_PRODUCTION_FINISHED G_hybrid replica 4 production 167/200 {"n": 167000000, "matched_pb": 0.2549769253356716, "matched_error_pb": 0.003781671806732584, "relative_error": 0.014831427595866153, "hard_error_pb": 0.003536150660044653, "cpu_ms_per_sample": 21.191410711761083, "max_weight_second_moment_fraction": 0.009738719664787013}
PROGRESS {"utc": "2026-09-23T01:21:01.028497+00:00", "stage": "G_hybrid replica 1 production 168/200", "mode": "G_hybrid", "block_completed": 133243, "block_samples": 250000, "worker_pids_seen": 128, "elapsed_s": 30.59841238008812}
S2000_PRODUCTION_FINISHED G_hybrid replica 1 production 168/200 {"n": 167250000, "matched_pb": 0.2549877508435451, "matched_error_pb": 0.003778993787945138, "relative_error": 0.014820295388478665, "hard_error_pb": 0.0035332865558890198, "cpu_ms_per_sample": 21.196511856126584, "max_weight_second_moment_fraction": 0.009725374884833073}
PROGRESS {"utc": "2026-09-23T01:21:58.664502+00:00", "stage": "G_hybrid replica 2 production 168/200", "mode": "G_hybrid", "block_completed": 141891, "block_samples": 250000, "worker_pids_seen": 128, "elapsed_s": 30.625339589081705}
S2000_PRODUCTION_FINISHED G_hybrid replica 2 production 168/200 {"n": 167500000, "matched_pb": 0.25494413034592023, "matched_error_pb": 0.0037763579744258154, "relative_error": 0.01481249232646335, "hard_error_pb": 0.003530467304438266, "cpu_ms_per_sample": 21.20015819421052, "max_weight_second_moment_fraction": 0.009711857626722078}
PROGRESS {"utc": "2026-09-23T01:22:54.979645+00:00", "stage": "G_hybrid replica 3 production 168/200", "mode": "G_hybrid", "block_completed": 131367, "block_samples": 250000, "worker_pids_seen": 128, "elapsed_s": 30.63651069602929}
S2000_PRODUCTION_FINISHED G_hybrid replica 3 production 168/200 {"n": 167750000, "matched_pb": 0.25483731856327374, "matched_error_pb": 0.0037737528641254995, "relative_error": 0.014808478151478083, "hard_error_pb": 0.003527680614255429, "cpu_ms_per_sample": 21.20651301548545, "max_weight_second_moment_fraction": 0.00969823551370691}
PROGRESS {"utc": "2026-09-23T01:23:54.849288+00:00", "stage": "G_hybrid replica 4 production 168/200", "mode": "G_hybrid", "block_completed": 143962, "block_samples": 250000, "worker_pids_seen": 128, "elapsed_s": 30.615254533011466}
S2000_PRODUCTION_FINISHED G_hybrid replica 4 production 168/200 {"n": 168000000, "matched_pb": 0.2545175254551214, "matched_error_pb": 0.0037712531516719957, "relative_error": 0.014817263152815674, "hard_error_pb": 0.003525006407184831, "cpu_ms_per_sample": 21.20950870486617, "max_weight_second_moment_fraction": 0.009684068928746637}
PROGRESS {"utc": "2026-09-23T01:24:48.816536+00:00", "stage": "G_hybrid replica 1 production 169/200", "mode": "G_hybrid", "block_completed": 134448, "block_samples": 250000, "worker_pids_seen": 128, "elapsed_s": 30.629157230025157}
S2000_PRODUCTION_FINISHED G_hybrid replica 1 production 169/200 {"n": 168250000, "matched_pb": 0.25486725245989444, "matched_error_pb": 0.003775412354622531, "relative_error": 0.014813250106412258, "hard_error_pb": 0.003529455805663898, "cpu_ms_per_sample": 21.21451725400696, "max_weight_second_moment_fraction": 0.009630986001288346}
PROGRESS {"utc": "2026-09-23T01:25:46.937322+00:00", "stage": "G_hybrid replica 2 production 169/200", "mode": "G_hybrid", "block_completed": 137869, "block_samples": 250000, "worker_pids_seen": 128, "elapsed_s": 30.617985929828137}
S2000_PRODUCTION_FINISHED G_hybrid replica 2 production 169/200 {"n": 168500000, "matched_pb": 0.25497457728756523, "matched_error_pb": 0.003772949182418093, "relative_error": 0.01479735439726953, "hard_error_pb": 0.003526820858763244, "cpu_ms_per_sample": 21.217903056743783, "max_weight_second_moment_fraction": 0.009616782556794812}
PROGRESS {"utc": "2026-09-23T01:26:43.037000+00:00", "stage": "G_hybrid replica 3 production 169/200", "mode": "G_hybrid", "block_completed": 129707, "block_samples": 250000, "worker_pids_seen": 128, "elapsed_s": 30.587562538916245}
S2000_PRODUCTION_FINISHED G_hybrid replica 3 production 169/200 {"n": 168750000, "matched_pb": 0.2548406563269145, "matched_error_pb": 0.0037703178784238814, "relative_error": 0.01479480524327031, "hard_error_pb": 0.0035240057805090087, "cpu_ms_per_sample": 21.22544524860711, "max_weight_second_moment_fraction": 0.009603633994091944}
PROGRESS {"utc": "2026-09-23T01:27:42.612378+00:00", "stage": "G_hybrid replica 4 production 169/200", "mode": "G_hybrid", "block_completed": 139777, "block_samples": 250000, "worker_pids_seen": 128, "elapsed_s": 30.607874410925433}
S2000_PRODUCTION_FINISHED G_hybrid replica 4 production 169/200 {"n": 169000000, "matched_pb": 0.2547149511023589, "matched_error_pb": 0.003767851760738099, "relative_error": 0.014792424804400125, "hard_error_pb": 0.0035213671673932755, "cpu_ms_per_sample": 21.22792584579871, "max_weight_second_moment_fraction": 0.009589596626086555}
PROGRESS {"utc": "2026-09-23T01:28:37.258739+00:00", "stage": "G_hybrid replica 1 production 170/200", "mode": "G_hybrid", "block_completed": 133106, "block_samples": 250000, "worker_pids_seen": 128, "elapsed_s": 30.598700888920575}
PROGRESS {"utc": "2026-09-23T01:29:09.326675+00:00", "stage": "G_hybrid replica 1 production 170/200", "mode": "G_hybrid", "block_completed": 250000, "block_samples": 250000, "worker_pids_seen": 128, "elapsed_s": 62.66660151001997}
S2000_PRODUCTION_FINISHED G_hybrid replica 1 production 170/200 {"n": 169250000, "matched_pb": 0.25450408354673504, "matched_error_pb": 0.0037652591436412764, "relative_error": 0.014794494026064831, "hard_error_pb": 0.0035185929368815013, "cpu_ms_per_sample": 21.234212793683447, "max_weight_second_moment_fraction": 0.009576370305718737}
PROGRESS {"utc": "2026-09-23T01:29:40.162114+00:00", "stage": "G_hybrid replica 2 production 170/200", "mode": "G_hybrid", "block_completed": 137994, "block_samples": 250000, "worker_pids_seen": 128, "elapsed_s": 30.66460730601102}
S2000_PRODUCTION_FINISHED G_hybrid replica 2 production 170/200 {"n": 169500000, "matched_pb": 0.25411751469956084, "matched_error_pb": 0.003762808373297178, "relative_error": 0.014807355477822486, "hard_error_pb": 0.0035159702346370205, "cpu_ms_per_sample": 21.23814033173955, "max_weight_second_moment_fraction": 0.009562391085357395}
PROGRESS {"utc": "2026-09-23T01:30:35.047278+00:00", "stage": "G_hybrid replica 3 production 170/200", "mode": "G_hybrid", "block_completed": 129509, "block_samples": 250000, "worker_pids_seen": 128, "elapsed_s": 30.605100459884852}
S2000_PRODUCTION_FINISHED G_hybrid replica 3 production 170/200 {"n": 169750000, "matched_pb": 0.25406147438494436, "matched_error_pb": 0.0037602203924207143, "relative_error": 0.014800435215625688, "hard_error_pb": 0.003513200426430969, "cpu_ms_per_sample": 21.24559216944264, "max_weight_second_moment_fraction": 0.00954928503808596}
PROGRESS {"utc": "2026-09-23T01:31:34.940507+00:00", "stage": "G_hybrid replica 4 production 170/200", "mode": "G_hybrid", "block_completed": 142541, "block_samples": 250000, "worker_pids_seen": 128, "elapsed_s": 30.65997374104336}
S2000_PRODUCTION_FINISHED G_hybrid replica 4 production 170/200 {"n": 170000000, "matched_pb": 0.254227144928719, "matched_error_pb": 0.0037576237165574114, "relative_error": 0.014780576313402669, "hard_error_pb": 0.0035104210334278825, "cpu_ms_per_sample": 21.249023188250877, "max_weight_second_moment_fraction": 0.009536302910398652}
S2000_PEAK_REPLAYS production_170000000 new 3 total 79 issues 0
PROGRESS {"utc": "2026-09-23T01:32:36.753653+00:00", "stage": "G_hybrid replica 1 production 171/200", "mode": "G_hybrid", "block_completed": 134262, "block_samples": 250000, "worker_pids_seen": 128, "elapsed_s": 30.619493467034772}
S2000_PRODUCTION_FINISHED G_hybrid replica 1 production 171/200 {"n": 170250000, "matched_pb": 0.2542399703156477, "matched_error_pb": 0.003755114084440884, "relative_error": 0.014769959577082943, "hard_error_pb": 0.0035077345429585243, "cpu_ms_per_sample": 21.25518032295472, "max_weight_second_moment_fraction": 0.00952288668261032}
PROGRESS {"utc": "2026-09-23T01:33:33.411993+00:00", "stage": "G_hybrid replica 2 production 171/200", "mode": "G_hybrid", "block_completed": 139286, "block_samples": 250000, "worker_pids_seen": 128, "elapsed_s": 30.81151140993461}
S2000_PRODUCTION_FINISHED G_hybrid replica 2 production 171/200 {"n": 170500000, "matched_pb": 0.25410420343895285, "matched_error_pb": 0.003752581122904144, "relative_error": 0.014767882908342684, "hard_error_pb": 0.0035050228131461108, "cpu_ms_per_sample": 21.259260457708102, "max_weight_second_moment_fraction": 0.009509677999638958}
PROGRESS {"utc": "2026-09-23T01:34:27.531430+00:00", "stage": "G_hybrid replica 3 production 171/200", "mode": "G_hybrid", "block_completed": 130953, "block_samples": 250000, "worker_pids_seen": 128, "elapsed_s": 30.612841649912298}
S2000_PRODUCTION_FINISHED G_hybrid replica 3 production 171/200 {"n": 170750000, "matched_pb": 0.25413206626489165, "matched_error_pb": 0.00375027093844781, "relative_error": 0.01475717328225222, "hard_error_pb": 0.003502549349897067, "cpu_ms_per_sample": 21.26446970525933, "max_weight_second_moment_fraction": 0.009495248401404307}
PROGRESS {"utc": "2026-09-23T01:35:25.704517+00:00", "stage": "G_hybrid replica 4 production 171/200", "mode": "G_hybrid", "block_completed": 141164, "block_samples": 250000, "worker_pids_seen": 128, "elapsed_s": 30.84278666996397}
S2000_PRODUCTION_FINISHED G_hybrid replica 4 production 171/200 {"n": 171000000, "matched_pb": 0.25435993478184066, "matched_error_pb": 0.00374768494094482, "relative_error": 0.01473378637307457, "hard_error_pb": 0.0034997803150030333, "cpu_ms_per_sample": 21.267544479057115, "max_weight_second_moment_fraction": 0.009482492784816884}
PROGRESS {"utc": "2026-09-23T01:36:21.426466+00:00", "stage": "G_hybrid replica 1 production 172/200", "mode": "G_hybrid", "block_completed": 138120, "block_samples": 250000, "worker_pids_seen": 128, "elapsed_s": 30.683895631926134}
S2000_PRODUCTION_FINISHED G_hybrid replica 1 production 172/200 {"n": 171250000, "matched_pb": 0.2543435995262017, "matched_error_pb": 0.0037451370503299147, "relative_error": 0.014724715138523081, "hard_error_pb": 0.003497051810089751, "cpu_ms_per_sample": 21.274036015484718, "max_weight_second_moment_fraction": 0.00946958642251878}
PROGRESS {"utc": "2026-09-23T01:37:17.845446+00:00", "stage": "G_hybrid replica 2 production 172/200", "mode": "G_hybrid", "block_completed": 136786, "block_samples": 250000, "worker_pids_seen": 128, "elapsed_s": 30.621486201882362}
S2000_PRODUCTION_FINISHED G_hybrid replica 2 production 172/200 {"n": 171500000, "matched_pb": 0.2542702889758506, "matched_error_pb": 0.003742651266434001, "relative_error": 0.014719184382527135, "hard_error_pb": 0.0034943895516725354, "cpu_ms_per_sample": 21.275756254303744, "max_weight_second_moment_fraction": 0.009456390738365756}
PROGRESS {"utc": "2026-09-23T01:38:14.693578+00:00", "stage": "G_hybrid replica 3 production 172/200", "mode": "G_hybrid", "block_completed": 131439, "block_samples": 250000, "worker_pids_seen": 128, "elapsed_s": 30.76092957588844}
S2000_PRODUCTION_FINISHED G_hybrid replica 3 production 172/200 {"n": 171750000, "matched_pb": 0.2540933555500468, "matched_error_pb": 0.0037401030625477, "relative_error": 0.014719405214084949, "hard_error_pb": 0.003491660171777436, "cpu_ms_per_sample": 21.282492194152024, "max_weight_second_moment_fraction": 0.009443627276896864}
PROGRESS {"utc": "2026-09-23T01:39:12.463188+00:00", "stage": "G_hybrid replica 4 production 172/200", "mode": "G_hybrid", "block_completed": 140652, "block_samples": 250000, "worker_pids_seen": 128, "elapsed_s": 30.67623610701412}
S2000_PRODUCTION_FINISHED G_hybrid replica 4 production 172/200 {"n": 172000000, "matched_pb": 0.2541971549431335, "matched_error_pb": 0.0037375726868324162, "relative_error": 0.014703440279135104, "hard_error_pb": 0.003488949616439572, "cpu_ms_per_sample": 21.284644789611317, "max_weight_second_moment_fraction": 0.009430831596763108}
PROGRESS {"utc": "2026-09-23T01:40:08.082369+00:00", "stage": "G_hybrid replica 1 production 173/200", "mode": "G_hybrid", "block_completed": 134824, "block_samples": 250000, "worker_pids_seen": 128, "elapsed_s": 30.68456712597981}
S2000_PRODUCTION_FINISHED G_hybrid replica 1 production 173/200 {"n": 172250000, "matched_pb": 0.2541188093500102, "matched_error_pb": 0.0037351901908307017, "relative_error": 0.01469859787390253, "hard_error_pb": 0.0034863972232630123, "cpu_ms_per_sample": 21.290526630297904, "max_weight_second_moment_fraction": 0.009417249426873914}
PROGRESS {"utc": "2026-09-23T01:41:06.271489+00:00", "stage": "G_hybrid replica 2 production 173/200", "mode": "G_hybrid", "block_completed": 138189, "block_samples": 250000, "worker_pids_seen": 128, "elapsed_s": 30.82158320513554}
S2000_PRODUCTION_FINISHED G_hybrid replica 2 production 173/200 {"n": 172500000, "matched_pb": 0.2541609700349117, "matched_error_pb": 0.003732683194960798, "relative_error": 0.01468629583231475, "hard_error_pb": 0.003483711192197324, "cpu_ms_per_sample": 21.292982825331578, "max_weight_second_moment_fraction": 0.009404458315858573}
PROGRESS {"utc": "2026-09-23T01:42:02.797558+00:00", "stage": "G_hybrid replica 3 production 173/200", "mode": "G_hybrid", "block_completed": 131809, "block_samples": 250000, "worker_pids_seen": 128, "elapsed_s": 30.605971334967762}
S2000_PRODUCTION_FINISHED G_hybrid replica 3 production 173/200 {"n": 172750000, "matched_pb": 0.25428469777680485, "matched_error_pb": 0.003730416672846833, "relative_error": 0.014670236571298359, "hard_error_pb": 0.0034812825782679266, "cpu_ms_per_sample": 21.298738186422927, "max_weight_second_moment_fraction": 0.00939034664921976}
PROGRESS {"utc": "2026-09-23T01:43:01.630727+00:00", "stage": "G_hybrid replica 4 production 173/200", "mode": "G_hybrid", "block_completed": 141829, "block_samples": 250000, "worker_pids_seen": 128, "elapsed_s": 30.593142664059997}
S2000_PRODUCTION_FINISHED G_hybrid replica 4 production 173/200 {"n": 173000000, "matched_pb": 0.25424985401605865, "matched_error_pb": 0.003727888318646125, "relative_error": 0.014662302690685787, "hard_error_pb": 0.0034785731490075615, "cpu_ms_per_sample": 21.299013321322402, "max_weight_second_moment_fraction": 0.009377817918447854}
PROGRESS {"utc": "2026-09-23T01:43:57.095447+00:00", "stage": "G_hybrid replica 1 production 174/200", "mode": "G_hybrid", "block_completed": 126329, "block_samples": 250000, "worker_pids_seen": 128, "elapsed_s": 31.040977356024086}
S2000_PRODUCTION_FINISHED G_hybrid replica 1 production 174/200 {"n": 173250000, "matched_pb": 0.2544030401152581, "matched_error_pb": 0.0037254960034355717, "relative_error": 0.014644070297853846, "hard_error_pb": 0.003476009250320339, "cpu_ms_per_sample": 21.302922437969457, "max_weight_second_moment_fraction": 0.009364572787444292}
PROGRESS {"utc": "2026-09-23T01:44:55.721291+00:00", "stage": "G_hybrid replica 2 production 174/200", "mode": "G_hybrid", "block_completed": 139659, "block_samples": 250000, "worker_pids_seen": 128, "elapsed_s": 30.704898162046447}
S2000_PRODUCTION_FINISHED G_hybrid replica 2 production 174/200 {"n": 173500000, "matched_pb": 0.25446350244687815, "matched_error_pb": 0.003723040868578007, "relative_error": 0.01463094248400212, "hard_error_pb": 0.0034733777718238814, "cpu_ms_per_sample": 21.306041539452668, "max_weight_second_moment_fraction": 0.009351759085430017}
PROGRESS {"utc": "2026-09-23T01:45:50.092109+00:00", "stage": "G_hybrid replica 3 production 174/200", "mode": "G_hybrid", "block_completed": 128956, "block_samples": 250000, "worker_pids_seen": 128, "elapsed_s": 30.870622691931203}
S2000_PRODUCTION_FINISHED G_hybrid replica 3 production 174/200 {"n": 173750000, "matched_pb": 0.2545639541148993, "matched_error_pb": 0.003720660876852003, "relative_error": 0.014615819784024315, "hard_error_pb": 0.0034708265870301365, "cpu_ms_per_sample": 21.310843637243494, "max_weight_second_moment_fraction": 0.009338580465015116}
PROGRESS {"utc": "2026-09-23T01:46:50.057589+00:00", "stage": "G_hybrid replica 4 production 174/200", "mode": "G_hybrid", "block_completed": 141806, "block_samples": 250000, "worker_pids_seen": 128, "elapsed_s": 30.663526092888787}
S2000_PRODUCTION_FINISHED G_hybrid replica 4 production 174/200 {"n": 174000000, "matched_pb": 0.25470135611542183, "matched_error_pb": 0.0037181385128995576, "relative_error": 0.014598031866051887, "hard_error_pb": 0.0034681225234707443, "cpu_ms_per_sample": 21.312537814762305, "max_weight_second_moment_fraction": 0.009326291342213393}
PROGRESS {"utc": "2026-09-23T01:47:45.413120+00:00", "stage": "G_hybrid replica 1 production 175/200", "mode": "G_hybrid", "block_completed": 134936, "block_samples": 250000, "worker_pids_seen": 128, "elapsed_s": 30.720733860041946}
S2000_PRODUCTION_FINISHED G_hybrid replica 1 production 175/200 {"n": 174250000, "matched_pb": 0.2546903409156165, "matched_error_pb": 0.003715622982062882, "relative_error": 0.01458878640118486, "hard_error_pb": 0.003465425512333516, "cpu_ms_per_sample": 21.31716249909046, "max_weight_second_moment_fraction": 0.009314029828193763}
PROGRESS {"utc": "2026-09-23T01:48:43.216544+00:00", "stage": "G_hybrid replica 2 production 175/200", "mode": "G_hybrid", "block_completed": 138573, "block_samples": 250000, "worker_pids_seen": 128, "elapsed_s": 30.627969374880195}
S2000_PRODUCTION_FINISHED G_hybrid replica 2 production 175/200 {"n": 174500000, "matched_pb": 0.25452532247451226, "matched_error_pb": 0.0037131296443474724, "relative_error": 0.014588448835849324, "hard_error_pb": 0.0034627520258358286, "cpu_ms_per_sample": 21.320449801615347, "max_weight_second_moment_fraction": 0.009301707167141415}
PROGRESS {"utc": "2026-09-23T01:49:38.913550+00:00", "stage": "G_hybrid replica 3 production 175/200", "mode": "G_hybrid", "block_completed": 129601, "block_samples": 250000, "worker_pids_seen": 128, "elapsed_s": 30.84116400592029}
S2000_PRODUCTION_FINISHED G_hybrid replica 3 production 175/200 {"n": 174750000, "matched_pb": 0.25464872337937045, "matched_error_pb": 0.0037106413435320806, "relative_error": 0.014571607877271952, "hard_error_pb": 0.0034600836719691787, "cpu_ms_per_sample": 21.3258064673599, "max_weight_second_moment_fraction": 0.009289423297188832}
PROGRESS {"utc": "2026-09-23T01:50:37.980565+00:00", "stage": "G_hybrid replica 4 production 175/200", "mode": "G_hybrid", "block_completed": 142191, "block_samples": 250000, "worker_pids_seen": 128, "elapsed_s": 30.61464634910226}
S2000_PRODUCTION_FINISHED G_hybrid replica 4 production 175/200 {"n": 175000000, "matched_pb": 0.25463063756704685, "matched_error_pb": 0.0037092469570863705, "relative_error": 0.014567166749954384, "hard_error_pb": 0.003458588270574086, "cpu_ms_per_sample": 21.32801760347384, "max_weight_second_moment_fraction": 0.00927091305679063}
PROGRESS {"utc": "2026-09-23T01:51:34.217723+00:00", "stage": "G_hybrid replica 1 production 176/200", "mode": "G_hybrid", "block_completed": 133886, "block_samples": 250000, "worker_pids_seen": 128, "elapsed_s": 30.59903496899642}
S2000_PRODUCTION_FINISHED G_hybrid replica 1 production 176/200 {"n": 175250000, "matched_pb": 0.25458684567408335, "matched_error_pb": 0.003706953144127107, "relative_error": 0.014560662528780728, "hard_error_pb": 0.003456128100845221, "cpu_ms_per_sample": 21.332873834317873, "max_weight_second_moment_fraction": 0.009257646912394167}
PROGRESS {"utc": "2026-09-23T01:52:30.214735+00:00", "stage": "G_hybrid replica 2 production 176/200", "mode": "G_hybrid", "block_completed": 139022, "block_samples": 250000, "worker_pids_seen": 128, "elapsed_s": 30.725533901015297}
S2000_PRODUCTION_FINISHED G_hybrid replica 2 production 176/200 {"n": 175500000, "matched_pb": 0.25458260908013186, "matched_error_pb": 0.0037045831627177677, "relative_error": 0.014551595555184687, "hard_error_pb": 0.003453585998088093, "cpu_ms_per_sample": 21.336285646564928, "max_weight_second_moment_fraction": 0.009244885471265564}
PROGRESS {"utc": "2026-09-23T01:53:25.003552+00:00", "stage": "G_hybrid replica 3 production 176/200", "mode": "G_hybrid", "block_completed": 131847, "block_samples": 250000, "worker_pids_seen": 128, "elapsed_s": 30.635543177835643}
S2000_PRODUCTION_FINISHED G_hybrid replica 3 production 176/200 {"n": 175750000, "matched_pb": 0.25445759671408935, "matched_error_pb": 0.0037020781260102523, "relative_error": 0.01454889998890439, "hard_error_pb": 0.0034508987652177993, "cpu_ms_per_sample": 21.342458322235395, "max_weight_second_moment_fraction": 0.009232965252347543}
PROGRESS {"utc": "2026-09-23T01:54:24.283432+00:00", "stage": "G_hybrid replica 4 production 176/200", "mode": "G_hybrid", "block_completed": 141594, "block_samples": 250000, "worker_pids_seen": 128, "elapsed_s": 30.623737587127835}
S2000_PRODUCTION_FINISHED G_hybrid replica 4 production 176/200 {"n": 176000000, "matched_pb": 0.254430503239824, "matched_error_pb": 0.003699879259437655, "relative_error": 0.014541806946591542, "hard_error_pb": 0.0034485397447492293, "cpu_ms_per_sample": 21.346200270538652, "max_weight_second_moment_fraction": 0.009219354132231846}
PROGRESS {"utc": "2026-09-23T01:55:20.227859+00:00", "stage": "G_hybrid replica 1 production 177/200", "mode": "G_hybrid", "block_completed": 134434, "block_samples": 250000, "worker_pids_seen": 128, "elapsed_s": 30.567828031955287}
S2000_PRODUCTION_FINISHED G_hybrid replica 1 production 177/200 {"n": 176250000, "matched_pb": 0.2544289035839456, "matched_error_pb": 0.0036976229513336514, "relative_error": 0.014533030246359834, "hard_error_pb": 0.0034461188788153453, "cpu_ms_per_sample": 21.352010716897926, "max_weight_second_moment_fraction": 0.00920613932251499}
PROGRESS {"utc": "2026-09-23T01:56:18.591271+00:00", "stage": "G_hybrid replica 2 production 177/200", "mode": "G_hybrid", "block_completed": 139882, "block_samples": 250000, "worker_pids_seen": 128, "elapsed_s": 30.584713410120457}
S2000_PRODUCTION_FINISHED G_hybrid replica 2 production 177/200 {"n": 176500000, "matched_pb": 0.25451587269129683, "matched_error_pb": 0.0036952670569223283, "relative_error": 0.014518807875704988, "hard_error_pb": 0.0034435909249900106, "cpu_ms_per_sample": 21.35648767177137, "max_weight_second_moment_fraction": 0.009193561515525892}
PROGRESS {"utc": "2026-09-23T01:57:14.033710+00:00", "stage": "G_hybrid replica 3 production 177/200", "mode": "G_hybrid", "block_completed": 130565, "block_samples": 250000, "worker_pids_seen": 128, "elapsed_s": 30.66744466498494}
S2000_PRODUCTION_FINISHED G_hybrid replica 3 production 177/200 {"n": 176750000, "matched_pb": 0.2543878394906774, "matched_error_pb": 0.0036929894370402137, "relative_error": 0.014517161844033632, "hard_error_pb": 0.003441146730203283, "cpu_ms_per_sample": 21.361114088290417, "max_weight_second_moment_fraction": 0.009180600094643849}
PROGRESS {"utc": "2026-09-23T01:58:14.493169+00:00", "stage": "G_hybrid replica 4 production 177/200", "mode": "G_hybrid", "block_completed": 141719, "block_samples": 250000, "worker_pids_seen": 128, "elapsed_s": 30.636500250082463}
S2000_PRODUCTION_FINISHED G_hybrid replica 4 production 177/200 {"n": 177000000, "matched_pb": 0.2546376632888733, "matched_error_pb": 0.003690526839529625, "relative_error": 0.01449324813879914, "hard_error_pb": 0.003438503771989595, "cpu_ms_per_sample": 21.36413773797953, "max_weight_second_moment_fraction": 0.009168763821526791}
PROGRESS {"utc": "2026-09-23T01:59:09.073157+00:00", "stage": "G_hybrid replica 1 production 178/200", "mode": "G_hybrid", "block_completed": 137026, "block_samples": 250000, "worker_pids_seen": 128, "elapsed_s": 30.561824375065044}
S2000_PRODUCTION_FINISHED G_hybrid replica 1 production 178/200 {"n": 177250000, "matched_pb": 0.2546961593544631, "matched_error_pb": 0.0036880852682192196, "relative_error": 0.014480333262844673, "hard_error_pb": 0.0034358831153509547, "cpu_ms_per_sample": 21.370322327167127, "max_weight_second_moment_fraction": 0.009156870748023396}
PROGRESS {"utc": "2026-09-23T02:00:07.542227+00:00", "stage": "G_hybrid replica 2 production 178/200", "mode": "G_hybrid", "block_completed": 138380, "block_samples": 250000, "worker_pids_seen": 128, "elapsed_s": 30.56801978708245}
S2000_PRODUCTION_FINISHED G_hybrid replica 2 production 178/200 {"n": 177500000, "matched_pb": 0.25486363143183544, "matched_error_pb": 0.003686050914505444, "relative_error": 0.014462836042149456, "hard_error_pb": 0.00343369934342315, "cpu_ms_per_sample": 21.3744914599751, "max_weight_second_moment_fraction": 0.009142713576987292}
PROGRESS {"utc": "2026-09-23T02:01:01.899113+00:00", "stage": "G_hybrid replica 3 production 178/200", "mode": "G_hybrid", "block_completed": 129397, "block_samples": 250000, "worker_pids_seen": 128, "elapsed_s": 30.57974268612452}
S2000_PRODUCTION_FINISHED G_hybrid replica 3 production 178/200 {"n": 177750000, "matched_pb": 0.2547458832609812, "matched_error_pb": 0.0036838113676747283, "relative_error": 0.01446072973002963, "hard_error_pb": 0.003431295095049055, "cpu_ms_per_sample": 21.381026041365804, "max_weight_second_moment_fraction": 0.0091297941686309}
PROGRESS {"utc": "2026-09-23T02:02:01.558284+00:00", "stage": "G_hybrid replica 4 production 178/200", "mode": "G_hybrid", "block_completed": 137683, "block_samples": 250000, "worker_pids_seen": 128, "elapsed_s": 30.590778389945626}
S2000_PRODUCTION_FINISHED G_hybrid replica 4 production 178/200 {"n": 178000000, "matched_pb": 0.2546696543281736, "matched_error_pb": 0.003681592566185496, "relative_error": 0.01445634571538431, "hard_error_pb": 0.003428912897711235, "cpu_ms_per_sample": 21.382884926049073, "max_weight_second_moment_fraction": 0.009116820900879744}
PROGRESS {"utc": "2026-09-23T02:02:56.464467+00:00", "stage": "G_hybrid replica 1 production 179/200", "mode": "G_hybrid", "block_completed": 132734, "block_samples": 250000, "worker_pids_seen": 128, "elapsed_s": 30.973961520008743}
S2000_PRODUCTION_FINISHED G_hybrid replica 1 production 179/200 {"n": 178250000, "matched_pb": 0.25487502888542557, "matched_error_pb": 0.0036793326391569015, "relative_error": 0.014435830199791281, "hard_error_pb": 0.0034264863207465806, "cpu_ms_per_sample": 21.387088802577033, "max_weight_second_moment_fraction": 0.009104147390071714}
PROGRESS {"utc": "2026-09-23T02:03:52.498350+00:00", "stage": "G_hybrid replica 2 production 179/200", "mode": "G_hybrid", "block_completed": 138049, "block_samples": 250000, "worker_pids_seen": 128, "elapsed_s": 30.67179811792448}
S2000_PRODUCTION_FINISHED G_hybrid replica 2 production 179/200 {"n": 178500000, "matched_pb": 0.2549726668227495, "matched_error_pb": 0.0036770447638376415, "relative_error": 0.014421329194449809, "hard_error_pb": 0.003424029502204087, "cpu_ms_per_sample": 21.39066466772758, "max_weight_second_moment_fraction": 0.009091696663787494}
PROGRESS {"utc": "2026-09-23T02:04:47.426706+00:00", "stage": "G_hybrid replica 3 production 179/200", "mode": "G_hybrid", "block_completed": 131765, "block_samples": 250000, "worker_pids_seen": 128, "elapsed_s": 30.691696566995233}
S2000_PRODUCTION_FINISHED G_hybrid replica 3 production 179/200 {"n": 178750000, "matched_pb": 0.2550344303304627, "matched_error_pb": 0.0036747122976828594, "relative_error": 0.014408690987022124, "hard_error_pb": 0.0034215245589414947, "cpu_ms_per_sample": 21.397266303873376, "max_weight_second_moment_fraction": 0.00907956322452721}
PROGRESS {"utc": "2026-09-23T02:05:46.403390+00:00", "stage": "G_hybrid replica 4 production 179/200", "mode": "G_hybrid", "block_completed": 141678, "block_samples": 250000, "worker_pids_seen": 128, "elapsed_s": 30.63750508404337}
S2000_PRODUCTION_FINISHED G_hybrid replica 4 production 179/200 {"n": 179000000, "matched_pb": 0.2553519628904111, "matched_error_pb": 0.003672297121262168, "relative_error": 0.014381315419291295, "hard_error_pb": 0.003418930532129683, "cpu_ms_per_sample": 21.40120016734813, "max_weight_second_moment_fraction": 0.00906796440208593}
PROGRESS {"utc": "2026-09-23T02:06:41.101201+00:00", "stage": "G_hybrid replica 1 production 180/200", "mode": "G_hybrid", "block_completed": 131501, "block_samples": 250000, "worker_pids_seen": 128, "elapsed_s": 30.628602006006986}
S2000_PRODUCTION_FINISHED G_hybrid replica 1 production 180/200 {"n": 179250000, "matched_pb": 0.25500646508611025, "matched_error_pb": 0.003673029040030681, "relative_error": 0.014403670270831672, "hard_error_pb": 0.0034197166791427114, "cpu_ms_per_sample": 21.40739236273469, "max_weight_second_moment_fraction": 0.009038530632511563}
PROGRESS {"utc": "2026-09-23T02:07:40.006169+00:00", "stage": "G_hybrid replica 2 production 180/200", "mode": "G_hybrid", "block_completed": 142703, "block_samples": 250000, "worker_pids_seen": 128, "elapsed_s": 30.656084083020687}
S2000_PRODUCTION_FINISHED G_hybrid replica 2 production 180/200 {"n": 179500000, "matched_pb": 0.2549762346373998, "matched_error_pb": 0.0036708054385876485, "relative_error": 0.014396657177904752, "hard_error_pb": 0.0034173282553279553, "cpu_ms_per_sample": 21.411291471969573, "max_weight_second_moment_fraction": 0.009025974685940439}
PROGRESS {"utc": "2026-09-23T02:08:35.999518+00:00", "stage": "G_hybrid replica 3 production 180/200", "mode": "G_hybrid", "block_completed": 131585, "block_samples": 250000, "worker_pids_seen": 128, "elapsed_s": 30.653685251949355}
S2000_PRODUCTION_FINISHED G_hybrid replica 3 production 180/200 {"n": 179750000, "matched_pb": 0.2550954860826141, "matched_error_pb": 0.0036686414104109806, "relative_error": 0.014381443853627697, "hard_error_pb": 0.0034150036068619927, "cpu_ms_per_sample": 21.416840899304404, "max_weight_second_moment_fraction": 0.00901314374103716}
PROGRESS {"utc": "2026-09-23T02:09:34.611049+00:00", "stage": "G_hybrid replica 4 production 180/200", "mode": "G_hybrid", "block_completed": 142028, "block_samples": 250000, "worker_pids_seen": 128, "elapsed_s": 30.646250281017274}
S2000_PRODUCTION_FINISHED G_hybrid replica 4 production 180/200 {"n": 180000000, "matched_pb": 0.2551409459582023, "matched_error_pb": 0.0036665166692828955, "relative_error": 0.014370553716938681, "hard_error_pb": 0.003412720955898312, "cpu_ms_per_sample": 21.419587611873805, "max_weight_second_moment_fraction": 0.00900015248117361}
S2000_PEAK_REPLAYS production_180000000 new 1 total 80 issues 0
PROGRESS {"utc": "2026-09-23T02:10:31.688046+00:00", "stage": "G_hybrid replica 1 production 181/200", "mode": "G_hybrid", "block_completed": 126167, "block_samples": 250000, "worker_pids_seen": 128, "elapsed_s": 30.72810916812159}
S2000_PRODUCTION_FINISHED G_hybrid replica 1 production 181/200 {"n": 180250000, "matched_pb": 0.25503453556410105, "matched_error_pb": 0.00366421872177874, "relative_error": 0.01436753933609029, "hard_error_pb": 0.0034102519962213897, "cpu_ms_per_sample": 21.422837520189116, "max_weight_second_moment_fraction": 0.008988204188939248}
PROGRESS {"utc": "2026-09-23T02:11:31.523883+00:00", "stage": "G_hybrid replica 2 production 181/200", "mode": "G_hybrid", "block_completed": 136468, "block_samples": 250000, "worker_pids_seen": 128, "elapsed_s": 30.602759414119646}
S2000_PRODUCTION_FINISHED G_hybrid replica 2 production 181/200 {"n": 180500000, "matched_pb": 0.2550223656992559, "matched_error_pb": 0.0036619774371036444, "relative_error": 0.014359436385364568, "hard_error_pb": 0.003407843685757069, "cpu_ms_per_sample": 21.425200253696936, "max_weight_second_moment_fraction": 0.008975996483360097}
PROGRESS {"utc": "2026-09-23T02:12:25.907517+00:00", "stage": "G_hybrid replica 3 production 181/200", "mode": "G_hybrid", "block_completed": 127825, "block_samples": 250000, "worker_pids_seen": 128, "elapsed_s": 30.60080597200431}
S2000_PRODUCTION_FINISHED G_hybrid replica 3 production 181/200 {"n": 180750000, "matched_pb": 0.2551501493826895, "matched_error_pb": 0.0036595626460947306, "relative_error": 0.014342780731066315, "hard_error_pb": 0.0034052486836338423, "cpu_ms_per_sample": 21.42910274089694, "max_weight_second_moment_fraction": 0.008964831950369552}
PROGRESS {"utc": "2026-09-23T02:13:26.422379+00:00", "stage": "G_hybrid replica 4 production 181/200", "mode": "G_hybrid", "block_completed": 144592, "block_samples": 250000, "worker_pids_seen": 128, "elapsed_s": 30.681735831080005}
S2000_PRODUCTION_FINISHED G_hybrid replica 4 production 181/200 {"n": 181000000, "matched_pb": 0.255317190049871, "matched_error_pb": 0.00365869871134281, "relative_error": 0.014330013230320127, "hard_error_pb": 0.0034043202107145692, "cpu_ms_per_sample": 21.432182674418414, "max_weight_second_moment_fraction": 0.008944962361991226}
PROGRESS {"utc": "2026-09-23T02:14:22.478415+00:00", "stage": "G_hybrid replica 1 production 182/200", "mode": "G_hybrid", "block_completed": 133823, "block_samples": 250000, "worker_pids_seen": 128, "elapsed_s": 30.898740786826238}
S2000_PRODUCTION_FINISHED G_hybrid replica 1 production 182/200 {"n": 181250000, "matched_pb": 0.25525613761136934, "matched_error_pb": 0.0036563634969103025, "relative_error": 0.014324292184022473, "hard_error_pb": 0.0034018103795238623, "cpu_ms_per_sample": 21.436855750171635, "max_weight_second_moment_fraction": 0.00893347093534037}
PROGRESS {"utc": "2026-09-23T02:15:22.827710+00:00", "stage": "G_hybrid replica 2 production 182/200", "mode": "G_hybrid", "block_completed": 140235, "block_samples": 250000, "worker_pids_seen": 128, "elapsed_s": 30.674264433793724}
S2000_PRODUCTION_FINISHED G_hybrid replica 2 production 182/200 {"n": 181500000, "matched_pb": 0.25527473628400466, "matched_error_pb": 0.003654200641133589, "relative_error": 0.014314775893326656, "hard_error_pb": 0.0033994855731947567, "cpu_ms_per_sample": 21.440553140109145, "max_weight_second_moment_fraction": 0.008921067024062814}
PROGRESS {"utc": "2026-09-23T02:16:18.996406+00:00", "stage": "G_hybrid replica 3 production 182/200", "mode": "G_hybrid", "block_completed": 131222, "block_samples": 250000, "worker_pids_seen": 128, "elapsed_s": 30.707125924061984}
S2000_PRODUCTION_FINISHED G_hybrid replica 3 production 182/200 {"n": 181750000, "matched_pb": 0.2552529069891127, "matched_error_pb": 0.003651904507514118, "relative_error": 0.014307004572801527, "hard_error_pb": 0.003397017275301979, "cpu_ms_per_sample": 21.446368519776193, "max_weight_second_moment_fraction": 0.008909474953304995}
PROGRESS {"utc": "2026-09-23T02:17:17.841573+00:00", "stage": "G_hybrid replica 4 production 182/200", "mode": "G_hybrid", "block_completed": 139560, "block_samples": 250000, "worker_pids_seen": 128, "elapsed_s": 30.67887907102704}
S2000_PRODUCTION_FINISHED G_hybrid replica 4 production 182/200 {"n": 182000000, "matched_pb": 0.25522369636141834, "matched_error_pb": 0.0036495500526713387, "relative_error": 0.014299416961281163, "hard_error_pb": 0.0033944860323252947, "cpu_ms_per_sample": 21.448945648370525, "max_weight_second_moment_fraction": 0.008898270970669338}
PROGRESS {"utc": "2026-09-23T02:18:13.685810+00:00", "stage": "G_hybrid replica 1 production 183/200", "mode": "G_hybrid", "block_completed": 133471, "block_samples": 250000, "worker_pids_seen": 128, "elapsed_s": 30.580135789932683}
S2000_PRODUCTION_FINISHED G_hybrid replica 1 production 183/200 {"n": 182250000, "matched_pb": 0.25503814243438255, "matched_error_pb": 0.0036473339940125507, "relative_error": 0.014301131427629317, "hard_error_pb": 0.0033921033446193375, "cpu_ms_per_sample": 21.45405287269852, "max_weight_second_moment_fraction": 0.008886345706689011}
PROGRESS {"utc": "2026-09-23T02:19:11.819881+00:00", "stage": "G_hybrid replica 2 production 183/200", "mode": "G_hybrid", "block_completed": 137155, "block_samples": 250000, "worker_pids_seen": 128, "elapsed_s": 30.650488039013}
S2000_PRODUCTION_FINISHED G_hybrid replica 2 production 183/200 {"n": 182500000, "matched_pb": 0.2550392762783567, "matched_error_pb": 0.003645065851483708, "relative_error": 0.014292174541404303, "hard_error_pb": 0.0033896644226753185, "cpu_ms_per_sample": 21.456691599697542, "max_weight_second_moment_fraction": 0.00887477353647279}
PROGRESS {"utc": "2026-09-23T02:20:07.035205+00:00", "stage": "G_hybrid replica 3 production 183/200", "mode": "G_hybrid", "block_completed": 126993, "block_samples": 250000, "worker_pids_seen": 128, "elapsed_s": 30.641976014943793}
S2000_PRODUCTION_FINISHED G_hybrid replica 3 production 183/200 {"n": 182750000, "matched_pb": 0.2550895058816194, "matched_error_pb": 0.003642718982532459, "relative_error": 0.014280160094954879, "hard_error_pb": 0.0033871405967866855, "cpu_ms_per_sample": 21.460714059586735, "max_weight_second_moment_fraction": 0.008863703337434222}
PROGRESS {"utc": "2026-09-23T02:21:05.882593+00:00", "stage": "G_hybrid replica 4 production 183/200", "mode": "G_hybrid", "block_completed": 140519, "block_samples": 250000, "worker_pids_seen": 128, "elapsed_s": 30.586726150941104}
S2000_PRODUCTION_FINISHED G_hybrid replica 4 production 183/200 {"n": 183000000, "matched_pb": 0.25509065405212683, "matched_error_pb": 0.0036404777833825264, "relative_error": 0.014271309926700051, "hard_error_pb": 0.003384730170633976, "cpu_ms_per_sample": 21.464532677052848, "max_weight_second_moment_fraction": 0.008852096624940438}
PROGRESS {"utc": "2026-09-23T02:22:01.499539+00:00", "stage": "G_hybrid replica 1 production 184/200", "mode": "G_hybrid", "block_completed": 133975, "block_samples": 250000, "worker_pids_seen": 128, "elapsed_s": 30.59192387200892}
S2000_PRODUCTION_FINISHED G_hybrid replica 1 production 184/200 {"n": 183250000, "matched_pb": 0.2548279296905132, "matched_error_pb": 0.0036381231464769144, "relative_error": 0.014276783360816808, "hard_error_pb": 0.003382197490630793, "cpu_ms_per_sample": 21.46884183000886, "max_weight_second_moment_fraction": 0.008841185430574768}
PROGRESS {"utc": "2026-09-23T02:22:58.094296+00:00", "stage": "G_hybrid replica 2 production 184/200", "mode": "G_hybrid", "block_completed": 140747, "block_samples": 250000, "worker_pids_seen": 128, "elapsed_s": 30.67473547696136}
S2000_PRODUCTION_FINISHED G_hybrid replica 2 production 184/200 {"n": 183500000, "matched_pb": 0.2547454948278142, "matched_error_pb": 0.0036358304528829113, "relative_error": 0.01427240334648672, "hard_error_pb": 0.003379731190318086, "cpu_ms_per_sample": 21.47145065598512, "max_weight_second_moment_fraction": 0.008829984110609684}
PROGRESS {"utc": "2026-09-23T02:23:53.708462+00:00", "stage": "G_hybrid replica 3 production 184/200", "mode": "G_hybrid", "block_completed": 124821, "block_samples": 250000, "worker_pids_seen": 128, "elapsed_s": 30.578234282089397}
PROGRESS {"utc": "2026-09-23T02:24:24.123021+00:00", "stage": "G_hybrid replica 3 production 184/200", "mode": "G_hybrid", "block_completed": 250000, "block_samples": 250000, "worker_pids_seen": 128, "elapsed_s": 60.99279328901321}
S2000_PRODUCTION_FINISHED G_hybrid replica 3 production 184/200 {"n": 183750000, "matched_pb": 0.2546880462713687, "matched_error_pb": 0.0036335207906895797, "relative_error": 0.014266554099747907, "hard_error_pb": 0.0033772463891566422, "cpu_ms_per_sample": 21.47591516734484, "max_weight_second_moment_fraction": 0.008818935795609394}
PROGRESS {"utc": "2026-09-23T02:24:54.834084+00:00", "stage": "G_hybrid replica 4 production 184/200", "mode": "G_hybrid", "block_completed": 139163, "block_samples": 250000, "worker_pids_seen": 128, "elapsed_s": 30.572158334078267}
S2000_PRODUCTION_FINISHED G_hybrid replica 4 production 184/200 {"n": 184000000, "matched_pb": 0.2546380099203178, "matched_error_pb": 0.0036313017972334017, "relative_error": 0.01426064317094577, "hard_error_pb": 0.003374858897685751, "cpu_ms_per_sample": 21.47866047313701, "max_weight_second_moment_fraction": 0.008807435569899614}
PROGRESS {"utc": "2026-09-23T02:25:48.835505+00:00", "stage": "G_hybrid replica 1 production 185/200", "mode": "G_hybrid", "block_completed": 132995, "block_samples": 250000, "worker_pids_seen": 128, "elapsed_s": 30.577468810835853}
S2000_PRODUCTION_FINISHED G_hybrid replica 1 production 185/200 {"n": 184250000, "matched_pb": 0.25472141550828675, "matched_error_pb": 0.0036290273713306953, "relative_error": 0.014247044615738771, "hard_error_pb": 0.0033724115256838876, "cpu_ms_per_sample": 21.483986481947706, "max_weight_second_moment_fraction": 0.008796304336514038}
PROGRESS {"utc": "2026-09-23T02:26:47.162784+00:00", "stage": "G_hybrid replica 2 production 185/200", "mode": "G_hybrid", "block_completed": 137962, "block_samples": 250000, "worker_pids_seen": 128, "elapsed_s": 30.709118117112666}
S2000_PRODUCTION_FINISHED G_hybrid replica 2 production 185/200 {"n": 184500000, "matched_pb": 0.2546528060893672, "matched_error_pb": 0.003626836559242761, "relative_error": 0.014242279969104163, "hard_error_pb": 0.0033700538963283688, "cpu_ms_per_sample": 21.48516378963403, "max_weight_second_moment_fraction": 0.008784760492519913}
PROGRESS {"utc": "2026-09-23T02:27:44.057713+00:00", "stage": "G_hybrid replica 3 production 185/200", "mode": "G_hybrid", "block_completed": 128068, "block_samples": 250000, "worker_pids_seen": 128, "elapsed_s": 30.575662958202884}
PROGRESS {"utc": "2026-09-23T02:28:15.190238+00:00", "stage": "G_hybrid replica 3 production 185/200", "mode": "G_hybrid", "block_completed": 250000, "block_samples": 250000, "worker_pids_seen": 128, "elapsed_s": 61.70818192511797}
S2000_PRODUCTION_FINISHED G_hybrid replica 3 production 185/200 {"n": 184750000, "matched_pb": 0.254579518812197, "matched_error_pb": 0.0036245315002137266, "relative_error": 0.014237325599187495, "hard_error_pb": 0.003367573077564868, "cpu_ms_per_sample": 21.489244213728192, "max_weight_second_moment_fraction": 0.008773914438092736}
PROGRESS {"utc": "2026-09-23T02:28:45.952456+00:00", "stage": "G_hybrid replica 4 production 185/200", "mode": "G_hybrid", "block_completed": 140795, "block_samples": 250000, "worker_pids_seen": 128, "elapsed_s": 30.611054947134107}
S2000_PRODUCTION_FINISHED G_hybrid replica 4 production 185/200 {"n": 185000000, "matched_pb": 0.2545728215750332, "matched_error_pb": 0.0036222640532434253, "relative_error": 0.014228793281358959, "hard_error_pb": 0.003365132494883023, "cpu_ms_per_sample": 21.490781934037358, "max_weight_second_moment_fraction": 0.00876291401435135}
PROGRESS {"utc": "2026-09-23T02:29:42.069980+00:00", "stage": "G_hybrid replica 1 production 186/200", "mode": "G_hybrid", "block_completed": 131929, "block_samples": 250000, "worker_pids_seen": 128, "elapsed_s": 30.60129809100181}
S2000_PRODUCTION_FINISHED G_hybrid replica 1 production 186/200 {"n": 185250000, "matched_pb": 0.2546029435775362, "matched_error_pb": 0.0036200195867639247, "relative_error": 0.014218294320943277, "hard_error_pb": 0.003362716408686972, "cpu_ms_per_sample": 21.49369048385053, "max_weight_second_moment_fraction": 0.008751841149380043}
PROGRESS {"utc": "2026-09-23T02:30:40.007705+00:00", "stage": "G_hybrid replica 2 production 186/200", "mode": "G_hybrid", "block_completed": 136276, "block_samples": 250000, "worker_pids_seen": 128, "elapsed_s": 30.758518007118255}
S2000_PRODUCTION_FINISHED G_hybrid replica 2 production 186/200 {"n": 185500000, "matched_pb": 0.25472011667855127, "matched_error_pb": 0.003617819026842878, "relative_error": 0.01420311467353971, "hard_error_pb": 0.003360347355212627, "cpu_ms_per_sample": 21.497259491965416, "max_weight_second_moment_fraction": 0.008740578709808896}
PROGRESS {"utc": "2026-09-23T02:31:35.746578+00:00", "stage": "G_hybrid replica 3 production 186/200", "mode": "G_hybrid", "block_completed": 129789, "block_samples": 250000, "worker_pids_seen": 128, "elapsed_s": 30.573681427165866}
S2000_PRODUCTION_FINISHED G_hybrid replica 3 production 186/200 {"n": 185750000, "matched_pb": 0.2546847234241692, "matched_error_pb": 0.0036155373797672756, "relative_error": 0.014196129752728492, "hard_error_pb": 0.0033578907637373443, "cpu_ms_per_sample": 21.500999401489903, "max_weight_second_moment_fraction": 0.008729825854124513}
PROGRESS {"utc": "2026-09-23T02:32:35.035177+00:00", "stage": "G_hybrid replica 4 production 186/200", "mode": "G_hybrid", "block_completed": 138968, "block_samples": 250000, "worker_pids_seen": 128, "elapsed_s": 30.603469552006572}
S2000_PRODUCTION_FINISHED G_hybrid replica 4 production 186/200 {"n": 186000000, "matched_pb": 0.25471838058822327, "matched_error_pb": 0.003613330575820953, "relative_error": 0.014185590248637176, "hard_error_pb": 0.0033555145189464956, "cpu_ms_per_sample": 21.502191717038812, "max_weight_second_moment_fraction": 0.008718709808569041}
PROGRESS {"utc": "2026-09-23T02:33:31.260749+00:00", "stage": "G_hybrid replica 1 production 187/200", "mode": "G_hybrid", "block_completed": 131727, "block_samples": 250000, "worker_pids_seen": 128, "elapsed_s": 30.99065895099193}
S2000_PRODUCTION_FINISHED G_hybrid replica 1 production 187/200 {"n": 186250000, "matched_pb": 0.2548207115454861, "matched_error_pb": 0.0036112259043835303, "relative_error": 0.014171634175579635, "hard_error_pb": 0.003353248032757016, "cpu_ms_per_sample": 21.505457500948292, "max_weight_second_moment_fraction": 0.008707078299419597}
PROGRESS {"utc": "2026-09-23T02:34:30.615054+00:00", "stage": "G_hybrid replica 2 production 187/200", "mode": "G_hybrid", "block_completed": 138293, "block_samples": 250000, "worker_pids_seen": 128, "elapsed_s": 30.825659852009267}
S2000_PRODUCTION_FINISHED G_hybrid replica 2 production 187/200 {"n": 186500000, "matched_pb": 0.2546784554851618, "matched_error_pb": 0.003609023005042312, "relative_error": 0.014170900314936856, "hard_error_pb": 0.0033508755404554774, "cpu_ms_per_sample": 21.5084129137635, "max_weight_second_moment_fraction": 0.008696051070774948}
PROGRESS {"utc": "2026-09-23T02:35:26.004753+00:00", "stage": "G_hybrid replica 3 production 187/200", "mode": "G_hybrid", "block_completed": 121749, "block_samples": 250000, "worker_pids_seen": 128, "elapsed_s": 30.698078126180917}
PROGRESS {"utc": "2026-09-23T02:35:56.093634+00:00", "stage": "G_hybrid replica 3 production 187/200", "mode": "G_hybrid", "block_completed": 248725, "block_samples": 250000, "worker_pids_seen": 128, "elapsed_s": 60.78695261199027}
S2000_PRODUCTION_FINISHED G_hybrid replica 3 production 187/200 {"n": 186750000, "matched_pb": 0.2544289666625419, "matched_error_pb": 0.0036068963047087435, "relative_error": 0.014176437345252034, "hard_error_pb": 0.0033485848935960604, "cpu_ms_per_sample": 21.509059603258653, "max_weight_second_moment_fraction": 0.008684652903589296}
PROGRESS {"utc": "2026-09-23T02:36:27.788779+00:00", "stage": "G_hybrid replica 4 production 187/200", "mode": "G_hybrid", "block_completed": 139259, "block_samples": 250000, "worker_pids_seen": 128, "elapsed_s": 30.688899124972522}
S2000_PRODUCTION_FINISHED G_hybrid replica 4 production 187/200 {"n": 187000000, "matched_pb": 0.25428825909798647, "matched_error_pb": 0.0036046714640634177, "relative_error": 0.014175532432562714, "hard_error_pb": 0.00334618830918573, "cpu_ms_per_sample": 21.50903083740759, "max_weight_second_moment_fraction": 0.008673858334069771}
PROGRESS {"utc": "2026-09-23T02:37:22.365035+00:00", "stage": "G_hybrid replica 1 production 188/200", "mode": "G_hybrid", "block_completed": 132172, "block_samples": 250000, "worker_pids_seen": 128, "elapsed_s": 30.69579670391977}
S2000_PRODUCTION_FINISHED G_hybrid replica 1 production 188/200 {"n": 187250000, "matched_pb": 0.25430335177437013, "matched_error_pb": 0.003602474330519296, "relative_error": 0.014166051313848117, "hard_error_pb": 0.0033438213377434806, "cpu_ms_per_sample": 21.513287004019475, "max_weight_second_moment_fraction": 0.008662964024951893}
PROGRESS {"utc": "2026-09-23T02:38:20.239784+00:00", "stage": "G_hybrid replica 2 production 188/200", "mode": "G_hybrid", "block_completed": 139797, "block_samples": 250000, "worker_pids_seen": 128, "elapsed_s": 30.63862009695731}
S2000_PRODUCTION_FINISHED G_hybrid replica 2 production 188/200 {"n": 187500000, "matched_pb": 0.2541357667660668, "matched_error_pb": 0.003600337272194465, "relative_error": 0.01416698372688561, "hard_error_pb": 0.0033415188627704665, "cpu_ms_per_sample": 21.51600872435131, "max_weight_second_moment_fraction": 0.008651788440026356}
PROGRESS {"utc": "2026-09-23T02:39:14.994005+00:00", "stage": "G_hybrid replica 3 production 188/200", "mode": "G_hybrid", "block_completed": 131668, "block_samples": 250000, "worker_pids_seen": 128, "elapsed_s": 30.66896776901558}
S2000_PRODUCTION_FINISHED G_hybrid replica 3 production 188/200 {"n": 187750000, "matched_pb": 0.25408505867939024, "matched_error_pb": 0.0035981624454405146, "relative_error": 0.014161251606615523, "hard_error_pb": 0.0033391754701537647, "cpu_ms_per_sample": 21.521908520792362, "max_weight_second_moment_fraction": 0.008640878267354407}
PROGRESS {"utc": "2026-09-23T02:40:15.321806+00:00", "stage": "G_hybrid replica 4 production 188/200", "mode": "G_hybrid", "block_completed": 138541, "block_samples": 250000, "worker_pids_seen": 128, "elapsed_s": 30.72823709389195}
S2000_PRODUCTION_FINISHED G_hybrid replica 4 production 188/200 {"n": 188000000, "matched_pb": 0.25419415465511247, "matched_error_pb": 0.0035959836632166353, "relative_error": 0.014146602497982781, "hard_error_pb": 0.0033368275866186257, "cpu_ms_per_sample": 21.524317157890213, "max_weight_second_moment_fraction": 0.008630044615956749}
PROGRESS {"utc": "2026-09-23T02:41:10.790240+00:00", "stage": "G_hybrid replica 1 production 189/200", "mode": "G_hybrid", "block_completed": 134986, "block_samples": 250000, "worker_pids_seen": 128, "elapsed_s": 31.222860522102565}
S2000_PRODUCTION_FINISHED G_hybrid replica 1 production 189/200 {"n": 188250000, "matched_pb": 0.2540766762908448, "matched_error_pb": 0.0035939996748020134, "relative_error": 0.014145334893659883, "hard_error_pb": 0.0033346894156990286, "cpu_ms_per_sample": 21.528920438829477, "max_weight_second_moment_fraction": 0.008618178941899418}
PROGRESS {"utc": "2026-09-23T02:42:08.922300+00:00", "stage": "G_hybrid replica 2 production 189/200", "mode": "G_hybrid", "block_completed": 137353, "block_samples": 250000, "worker_pids_seen": 128, "elapsed_s": 30.909187141107395}
S2000_PRODUCTION_FINISHED G_hybrid replica 2 production 189/200 {"n": 188500000, "matched_pb": 0.2541576939358784, "matched_error_pb": 0.0035917912182345654, "relative_error": 0.014132136480356721, "hard_error_pb": 0.0033323091081238388, "cpu_ms_per_sample": 21.529731127655694, "max_weight_second_moment_fraction": 0.008607618266054178}
PROGRESS {"utc": "2026-09-23T02:43:04.688108+00:00", "stage": "G_hybrid replica 3 production 189/200", "mode": "G_hybrid", "block_completed": 127824, "block_samples": 250000, "worker_pids_seen": 128, "elapsed_s": 30.818239408079535}
S2000_PRODUCTION_FINISHED G_hybrid replica 3 production 189/200 {"n": 188750000, "matched_pb": 0.254076150580068, "matched_error_pb": 0.003589964650453039, "relative_error": 0.014129483000497992, "hard_error_pb": 0.0033303402270940066, "cpu_ms_per_sample": 21.534724755957956, "max_weight_second_moment_fraction": 0.00859498519471175}
PROGRESS {"utc": "2026-09-23T02:44:04.819899+00:00", "stage": "G_hybrid replica 4 production 189/200", "mode": "G_hybrid", "block_completed": 141418, "block_samples": 250000, "worker_pids_seen": 128, "elapsed_s": 30.88683089800179}
S2000_PRODUCTION_FINISHED G_hybrid replica 4 production 189/200 {"n": 189000000, "matched_pb": 0.2539988479425892, "matched_error_pb": 0.003587777696583692, "relative_error": 0.014125173108637996, "hard_error_pb": 0.0033279826677435585, "cpu_ms_per_sample": 21.536528138022213, "max_weight_second_moment_fraction": 0.008584411495428712}
PROGRESS {"utc": "2026-09-23T02:45:00.040026+00:00", "stage": "G_hybrid replica 1 production 190/200", "mode": "G_hybrid", "block_completed": 133170, "block_samples": 250000, "worker_pids_seen": 128, "elapsed_s": 30.94423472811468}
S2000_PRODUCTION_FINISHED G_hybrid replica 1 production 190/200 {"n": 189250000, "matched_pb": 0.25409658110898564, "matched_error_pb": 0.0035863078830004496, "relative_error": 0.01411395567523292, "hard_error_pb": 0.003326398062224261, "cpu_ms_per_sample": 21.540696464155317, "max_weight_second_moment_fraction": 0.008569905926959233}
PROGRESS {"utc": "2026-09-23T02:45:58.945427+00:00", "stage": "G_hybrid replica 2 production 190/200", "mode": "G_hybrid", "block_completed": 140363, "block_samples": 250000, "worker_pids_seen": 128, "elapsed_s": 31.02117323386483}
S2000_PRODUCTION_FINISHED G_hybrid replica 2 production 190/200 {"n": 189500000, "matched_pb": 0.25390651994553926, "matched_error_pb": 0.003584269576208682, "relative_error": 0.01411649286114227, "hard_error_pb": 0.0033242003898130623, "cpu_ms_per_sample": 21.54310906118141, "max_weight_second_moment_fraction": 0.008558613654094775}
PROGRESS {"utc": "2026-09-23T02:46:54.581262+00:00", "stage": "G_hybrid replica 3 production 190/200", "mode": "G_hybrid", "block_completed": 127278, "block_samples": 250000, "worker_pids_seen": 128, "elapsed_s": 30.69632018287666}
S2000_PRODUCTION_FINISHED G_hybrid replica 3 production 190/200 {"n": 189750000, "matched_pb": 0.25377315797670047, "matched_error_pb": 0.0035821123989790023, "relative_error": 0.014115410895063555, "hard_error_pb": 0.0033218743317014947, "cpu_ms_per_sample": 21.54852480687516, "max_weight_second_moment_fraction": 0.008548034301711535}
PROGRESS {"utc": "2026-09-23T02:47:54.377614+00:00", "stage": "G_hybrid replica 4 production 190/200", "mode": "G_hybrid", "block_completed": 138917, "block_samples": 250000, "worker_pids_seen": 128, "elapsed_s": 30.62425909587182}
S2000_PRODUCTION_FINISHED G_hybrid replica 4 production 190/200 {"n": 190000000, "matched_pb": 0.2536713438246951, "matched_error_pb": 0.003579958025616585, "relative_error": 0.0141125835170826, "hard_error_pb": 0.0033195510693277107, "cpu_ms_per_sample": 21.550934604857126, "max_weight_second_moment_fraction": 0.008537491741823918}
PROGRESS {"utc": "2026-09-23T02:48:50.478346+00:00", "stage": "G_hybrid replica 1 production 191/200", "mode": "G_hybrid", "block_completed": 130910, "block_samples": 250000, "worker_pids_seen": 128, "elapsed_s": 30.61357048014179}
S2000_PRODUCTION_FINISHED G_hybrid replica 1 production 191/200 {"n": 190250000, "matched_pb": 0.2536312883659615, "matched_error_pb": 0.003577851306517344, "relative_error": 0.01410650606069905, "hard_error_pb": 0.0033172789765477995, "cpu_ms_per_sample": 21.555303708300595, "max_weight_second_moment_fraction": 0.008526737182196585}
PROGRESS {"utc": "2026-09-23T02:49:48.074937+00:00", "stage": "G_hybrid replica 2 production 191/200", "mode": "G_hybrid", "block_completed": 136786, "block_samples": 250000, "worker_pids_seen": 128, "elapsed_s": 30.627221643924713}
S2000_PRODUCTION_FINISHED G_hybrid replica 2 production 191/200 {"n": 190500000, "matched_pb": 0.25351874501857, "matched_error_pb": 0.003575757421290419, "relative_error": 0.014104509002001008, "hard_error_pb": 0.0033150205086261014, "cpu_ms_per_sample": 21.55725430249862, "max_weight_second_moment_fraction": 0.008515963376473125}
PROGRESS {"utc": "2026-09-23T02:50:44.834523+00:00", "stage": "G_hybrid replica 3 production 191/200", "mode": "G_hybrid", "block_completed": 133747, "block_samples": 250000, "worker_pids_seen": 128, "elapsed_s": 30.795184493996203}
S2000_PRODUCTION_FINISHED G_hybrid replica 3 production 191/200 {"n": 190750000, "matched_pb": 0.2534966866881953, "matched_error_pb": 0.003573572405141162, "relative_error": 0.014097116817691229, "hard_error_pb": 0.003312663516188226, "cpu_ms_per_sample": 21.56209646077977, "max_weight_second_moment_fraction": 0.008505746518931323}
PROGRESS {"utc": "2026-09-23T02:51:43.102949+00:00", "stage": "G_hybrid replica 4 production 191/200", "mode": "G_hybrid", "block_completed": 139879, "block_samples": 250000, "worker_pids_seen": 128, "elapsed_s": 30.623804558999836}
S2000_PRODUCTION_FINISHED G_hybrid replica 4 production 191/200 {"n": 191000000, "matched_pb": 0.25351432806867297, "matched_error_pb": 0.0035714568654747177, "relative_error": 0.014087790984765433, "hard_error_pb": 0.003310381243700587, "cpu_ms_per_sample": 21.56428622274002, "max_weight_second_moment_fraction": 0.008495196321058964}
PROGRESS {"utc": "2026-09-23T02:52:38.831953+00:00", "stage": "G_hybrid replica 1 production 192/200", "mode": "G_hybrid", "block_completed": 131835, "block_samples": 250000, "worker_pids_seen": 128, "elapsed_s": 30.708791789831594}
S2000_PRODUCTION_FINISHED G_hybrid replica 1 production 192/200 {"n": 191250000, "matched_pb": 0.2535304552620878, "matched_error_pb": 0.003569264056126135, "relative_error": 0.014078245757246003, "hard_error_pb": 0.003308015377692815, "cpu_ms_per_sample": 21.56620433113496, "max_weight_second_moment_fraction": 0.00848512514172798}
PROGRESS {"utc": "2026-09-23T02:53:37.569252+00:00", "stage": "G_hybrid replica 2 production 192/200", "mode": "G_hybrid", "block_completed": 139511, "block_samples": 250000, "worker_pids_seen": 128, "elapsed_s": 30.62247776496224}
S2000_PRODUCTION_FINISHED G_hybrid replica 2 production 192/200 {"n": 191500000, "matched_pb": 0.2534686847315824, "matched_error_pb": 0.0035671446469152154, "relative_error": 0.014073315015986061, "hard_error_pb": 0.003305728477766138, "cpu_ms_per_sample": 21.569634651076104, "max_weight_second_moment_fraction": 0.008474698451959736}
PROGRESS {"utc": "2026-09-23T02:54:33.138131+00:00", "stage": "G_hybrid replica 3 production 192/200", "mode": "G_hybrid", "block_completed": 129385, "block_samples": 250000, "worker_pids_seen": 128, "elapsed_s": 30.59817143389955}
S2000_PRODUCTION_FINISHED G_hybrid replica 3 production 192/200 {"n": 191750000, "matched_pb": 0.2536071120087287, "matched_error_pb": 0.0035650168136141178, "relative_error": 0.01405724305354424, "hard_error_pb": 0.0033034322632755023, "cpu_ms_per_sample": 21.57602227233977, "max_weight_second_moment_fraction": 0.008464369789758348}
PROGRESS {"utc": "2026-09-23T02:55:31.524278+00:00", "stage": "G_hybrid replica 4 production 192/200", "mode": "G_hybrid", "block_completed": 139763, "block_samples": 250000, "worker_pids_seen": 128, "elapsed_s": 30.592857592971995}
S2000_PRODUCTION_FINISHED G_hybrid replica 4 production 192/200 {"n": 192000000, "matched_pb": 0.2536174373592029, "matched_error_pb": 0.003562925655663306, "relative_error": 0.01404842542674647, "hard_error_pb": 0.0033011754065002284, "cpu_ms_per_sample": 21.578183371215797, "max_weight_second_moment_fraction": 0.00845388871155455}
PROGRESS {"utc": "2026-09-23T02:56:25.931706+00:00", "stage": "G_hybrid replica 1 production 193/200", "mode": "G_hybrid", "block_completed": 129931, "block_samples": 250000, "worker_pids_seen": 128, "elapsed_s": 30.652542635099962}
S2000_PRODUCTION_FINISHED G_hybrid replica 1 production 193/200 {"n": 192250000, "matched_pb": 0.253671473951522, "matched_error_pb": 0.0035610407804885147, "relative_error": 0.014038002480204174, "hard_error_pb": 0.003299140990773265, "cpu_ms_per_sample": 21.58178157775822, "max_weight_second_moment_fraction": 0.008442318764489731}
PROGRESS {"utc": "2026-09-23T02:57:24.414576+00:00", "stage": "G_hybrid replica 2 production 193/200", "mode": "G_hybrid", "block_completed": 140319, "block_samples": 250000, "worker_pids_seen": 128, "elapsed_s": 30.592789995018393}
S2000_PRODUCTION_FINISHED G_hybrid replica 2 production 193/200 {"n": 192500000, "matched_pb": 0.2538497052021182, "matched_error_pb": 0.003558961860095462, "relative_error": 0.014019956640334775, "hard_error_pb": 0.0032968969286758572, "cpu_ms_per_sample": 21.583474882885824, "max_weight_second_moment_fraction": 0.008431872095597202}
PROGRESS {"utc": "2026-09-23T02:58:20.348777+00:00", "stage": "G_hybrid replica 3 production 193/200", "mode": "G_hybrid", "block_completed": 132766, "block_samples": 250000, "worker_pids_seen": 128, "elapsed_s": 30.661306228023022}
S2000_PRODUCTION_FINISHED G_hybrid replica 3 production 193/200 {"n": 192750000, "matched_pb": 0.2539122414724581, "matched_error_pb": 0.003556856067727896, "relative_error": 0.014008210266277014, "hard_error_pb": 0.003294623639087005, "cpu_ms_per_sample": 21.58845037273846, "max_weight_second_moment_fraction": 0.008421623668664776}
PROGRESS {"utc": "2026-09-23T02:59:19.210302+00:00", "stage": "G_hybrid replica 4 production 193/200", "mode": "G_hybrid", "block_completed": 142573, "block_samples": 250000, "worker_pids_seen": 128, "elapsed_s": 30.75385707616806}
S2000_PRODUCTION_FINISHED G_hybrid replica 4 production 193/200 {"n": 193000000, "matched_pb": 0.2537207954963805, "matched_error_pb": 0.003554763583424603, "relative_error": 0.014010533021032225, "hard_error_pb": 0.003292364495425723, "cpu_ms_per_sample": 21.588775833593505, "max_weight_second_moment_fraction": 0.008411351058662598}
PROGRESS {"utc": "2026-09-23T03:00:15.923186+00:00", "stage": "G_hybrid replica 1 production 194/200", "mode": "G_hybrid", "block_completed": 131961, "block_samples": 250000, "worker_pids_seen": 128, "elapsed_s": 30.911486990982667}
S2000_PRODUCTION_FINISHED G_hybrid replica 1 production 194/200 {"n": 193250000, "matched_pb": 0.2537977119040901, "matched_error_pb": 0.0035527147415638327, "relative_error": 0.013998214227031328, "hard_error_pb": 0.003290152256601983, "cpu_ms_per_sample": 21.593102300918595, "max_weight_second_moment_fraction": 0.008400888268542794}
PROGRESS {"utc": "2026-09-23T03:01:14.191148+00:00", "stage": "G_hybrid replica 2 production 194/200", "mode": "G_hybrid", "block_completed": 142162, "block_samples": 250000, "worker_pids_seen": 128, "elapsed_s": 30.61752069601789}
S2000_PRODUCTION_FINISHED G_hybrid replica 2 production 194/200 {"n": 193500000, "matched_pb": 0.2537767417324778, "matched_error_pb": 0.003550708662365993, "relative_error": 0.013991466034775642, "hard_error_pb": 0.003287985985629964, "cpu_ms_per_sample": 21.594724718483153, "max_weight_second_moment_fraction": 0.00839023931120919}
PROGRESS {"utc": "2026-09-23T03:02:09.504585+00:00", "stage": "G_hybrid replica 3 production 194/200", "mode": "G_hybrid", "block_completed": 129363, "block_samples": 250000, "worker_pids_seen": 128, "elapsed_s": 30.631371052004397}
S2000_PRODUCTION_FINISHED G_hybrid replica 3 production 194/200 {"n": 193750000, "matched_pb": 0.2535583276191169, "matched_error_pb": 0.0035486042392436057, "relative_error": 0.013995218664536027, "hard_error_pb": 0.0032857132990381007, "cpu_ms_per_sample": 21.60044661159492, "max_weight_second_moment_fraction": 0.008380181351078432}
PROGRESS {"utc": "2026-09-23T03:03:08.823720+00:00", "stage": "G_hybrid replica 4 production 194/200", "mode": "G_hybrid", "block_completed": 139485, "block_samples": 250000, "worker_pids_seen": 128, "elapsed_s": 30.645117660053074}
S2000_PRODUCTION_FINISHED G_hybrid replica 4 production 194/200 {"n": 194000000, "matched_pb": 0.2536790686907592, "matched_error_pb": 0.0035464844438094513, "relative_error": 0.013980201291785331, "hard_error_pb": 0.0032834237842350755, "cpu_ms_per_sample": 21.602786616736463, "max_weight_second_moment_fraction": 0.0083702580131877}
PROGRESS {"utc": "2026-09-23T03:04:03.692693+00:00", "stage": "G_hybrid replica 1 production 195/200", "mode": "G_hybrid", "block_completed": 130972, "block_samples": 250000, "worker_pids_seen": 128, "elapsed_s": 30.707098674960434}
S2000_PRODUCTION_FINISHED G_hybrid replica 1 production 195/200 {"n": 194250000, "matched_pb": 0.253712227603199, "matched_error_pb": 0.003544472116381625, "relative_error": 0.013970442614713512, "hard_error_pb": 0.0032812501307436146, "cpu_ms_per_sample": 21.607370673987287, "max_weight_second_moment_fraction": 0.008359791720669422}
PROGRESS {"utc": "2026-09-23T03:05:02.576414+00:00", "stage": "G_hybrid replica 2 production 195/200", "mode": "G_hybrid", "block_completed": 138873, "block_samples": 250000, "worker_pids_seen": 128, "elapsed_s": 30.596124147996306}
S2000_PRODUCTION_FINISHED G_hybrid replica 2 production 195/200 {"n": 194500000, "matched_pb": 0.25353385708622866, "matched_error_pb": 0.0035424128555124213, "relative_error": 0.013972149109488054, "hard_error_pb": 0.0032790255680000143, "cpu_ms_per_sample": 21.61004877369216, "max_weight_second_moment_fraction": 0.008349632195127136}
PROGRESS {"utc": "2026-09-23T03:05:59.587417+00:00", "stage": "G_hybrid replica 3 production 195/200", "mode": "G_hybrid", "block_completed": 130944, "block_samples": 250000, "worker_pids_seen": 128, "elapsed_s": 30.692872979911044}
S2000_PRODUCTION_FINISHED G_hybrid replica 3 production 195/200 {"n": 194750000, "matched_pb": 0.25335668343254947, "matched_error_pb": 0.0035403609779981276, "relative_error": 0.013973821136400649, "hard_error_pb": 0.0032768087663502744, "cpu_ms_per_sample": 21.615003012184257, "max_weight_second_moment_fraction": 0.008339480748242794}
PROGRESS {"utc": "2026-09-23T03:06:58.439865+00:00", "stage": "G_hybrid replica 4 production 195/200", "mode": "G_hybrid", "block_completed": 141357, "block_samples": 250000, "worker_pids_seen": 128, "elapsed_s": 30.69717187411152}
S2000_PRODUCTION_FINISHED G_hybrid replica 4 production 195/200 {"n": 195000000, "matched_pb": 0.25329417539074284, "matched_error_pb": 0.0035382430237594457, "relative_error": 0.013968907963640281, "hard_error_pb": 0.0032745203514225616, "cpu_ms_per_sample": 21.61657713388475, "max_weight_second_moment_fraction": 0.008329741328032974}
PROGRESS {"utc": "2026-09-23T03:07:53.987083+00:00", "stage": "G_hybrid replica 1 production 196/200", "mode": "G_hybrid", "block_completed": 130896, "block_samples": 250000, "worker_pids_seen": 128, "elapsed_s": 30.6026788209565}
S2000_PRODUCTION_FINISHED G_hybrid replica 1 production 196/200 {"n": 195250000, "matched_pb": 0.25327324518945615, "matched_error_pb": 0.0035361624015206273, "relative_error": 0.01396184740664364, "hard_error_pb": 0.0032722720496050264, "cpu_ms_per_sample": 21.619311528968446, "max_weight_second_moment_fraction": 0.008319844896790935}
PROGRESS {"utc": "2026-09-23T03:08:53.260694+00:00", "stage": "G_hybrid replica 2 production 196/200", "mode": "G_hybrid", "block_completed": 139134, "block_samples": 250000, "worker_pids_seen": 128, "elapsed_s": 30.71470234100707}
S2000_PRODUCTION_FINISHED G_hybrid replica 2 production 196/200 {"n": 195500000, "matched_pb": 0.2532659942668374, "matched_error_pb": 0.003534223581996077, "relative_error": 0.013954591859941806, "hard_error_pb": 0.003270176778743824, "cpu_ms_per_sample": 21.621176821356702, "max_weight_second_moment_fraction": 0.008309217662050245}
PROGRESS {"utc": "2026-09-23T03:09:50.251622+00:00", "stage": "G_hybrid replica 3 production 196/200", "mode": "G_hybrid", "block_completed": 132058, "block_samples": 250000, "worker_pids_seen": 128, "elapsed_s": 30.723716682987288}
S2000_PRODUCTION_FINISHED G_hybrid replica 3 production 196/200 {"n": 195750000, "matched_pb": 0.2532581440033223, "matched_error_pb": 0.0035321648486925177, "relative_error": 0.01394689542005876, "hard_error_pb": 0.0032679517063502004, "cpu_ms_per_sample": 21.626176466177007, "max_weight_second_moment_fraction": 0.008299297168669747}
PROGRESS {"utc": "2026-09-23T03:10:50.412717+00:00", "stage": "G_hybrid replica 4 production 196/200", "mode": "G_hybrid", "block_completed": 141478, "block_samples": 250000, "worker_pids_seen": 128, "elapsed_s": 30.795790523057804}
S2000_PRODUCTION_FINISHED G_hybrid replica 4 production 196/200 {"n": 196000000, "matched_pb": 0.2531671319433279, "matched_error_pb": 0.003530395500085439, "relative_error": 0.013944920389095877, "hard_error_pb": 0.0032660392256863157, "cpu_ms_per_sample": 21.627610792963008, "max_weight_second_moment_fraction": 0.008287836429910342}
PROGRESS {"utc": "2026-09-23T03:11:44.692545+00:00", "stage": "G_hybrid replica 1 production 197/200", "mode": "G_hybrid", "block_completed": 126097, "block_samples": 250000, "worker_pids_seen": 128, "elapsed_s": 30.778485788032413}
PROGRESS {"utc": "2026-09-23T03:12:15.268033+00:00", "stage": "G_hybrid replica 1 production 197/200", "mode": "G_hybrid", "block_completed": 250000, "block_samples": 250000, "worker_pids_seen": 128, "elapsed_s": 61.35399786802009}
S2000_PRODUCTION_FINISHED G_hybrid replica 1 production 197/200 {"n": 196250000, "matched_pb": 0.2531490606276233, "matched_error_pb": 0.003528339126524916, "relative_error": 0.01393779268932396, "hard_error_pb": 0.003263816298210541, "cpu_ms_per_sample": 21.628771720992592, "max_weight_second_moment_fraction": 0.008277998775408796}
PROGRESS {"utc": "2026-09-23T03:12:46.157756+00:00", "stage": "G_hybrid replica 2 production 197/200", "mode": "G_hybrid", "block_completed": 138736, "block_samples": 250000, "worker_pids_seen": 128, "elapsed_s": 30.728914862964302}
S2000_PRODUCTION_FINISHED G_hybrid replica 2 production 197/200 {"n": 196500000, "matched_pb": 0.2531996457756958, "matched_error_pb": 0.003526334988155028, "relative_error": 0.013927092896800233, "hard_error_pb": 0.0032616496263983465, "cpu_ms_per_sample": 21.631529117747302, "max_weight_second_moment_fraction": 0.008267922285242488}
PROGRESS {"utc": "2026-09-23T03:13:42.155037+00:00", "stage": "G_hybrid replica 3 production 197/200", "mode": "G_hybrid", "block_completed": 125681, "block_samples": 250000, "worker_pids_seen": 128, "elapsed_s": 30.814826501067728}
PROGRESS {"utc": "2026-09-23T03:14:12.159066+00:00", "stage": "G_hybrid replica 3 production 197/200", "mode": "G_hybrid", "block_completed": 250000, "block_samples": 250000, "worker_pids_seen": 128, "elapsed_s": 60.818851174088195}
S2000_PRODUCTION_FINISHED G_hybrid replica 3 production 197/200 {"n": 196750000, "matched_pb": 0.2530982358298572, "matched_error_pb": 0.0035243485493058634, "relative_error": 0.013924824634791498, "hard_error_pb": 0.0032595018842903733, "cpu_ms_per_sample": 21.633945203010395, "max_weight_second_moment_fraction": 0.008257795774895016}
PROGRESS {"utc": "2026-09-23T03:14:43.027078+00:00", "stage": "G_hybrid replica 4 production 197/200", "mode": "G_hybrid", "block_completed": 139186, "block_samples": 250000, "worker_pids_seen": 128, "elapsed_s": 30.69303416297771}
S2000_PRODUCTION_FINISHED G_hybrid replica 4 production 197/200 {"n": 197000000, "matched_pb": 0.2532433370881327, "matched_error_pb": 0.0035222999537054753, "relative_error": 0.0139087566693992, "hard_error_pb": 0.003257286723727548, "cpu_ms_per_sample": 21.6353962396177, "max_weight_second_moment_fraction": 0.008248057505110522}
PROGRESS {"utc": "2026-09-23T03:15:37.203312+00:00", "stage": "G_hybrid replica 1 production 198/200", "mode": "G_hybrid", "block_completed": 135192, "block_samples": 250000, "worker_pids_seen": 128, "elapsed_s": 30.61858289409429}
S2000_PRODUCTION_FINISHED G_hybrid replica 1 production 198/200 {"n": 197250000, "matched_pb": 0.2533738043322264, "matched_error_pb": 0.0035202105206413765, "relative_error": 0.013893348327460243, "hard_error_pb": 0.003255027180582734, "cpu_ms_per_sample": 21.6377810283057, "max_weight_second_moment_fraction": 0.008238589487086868}
PROGRESS {"utc": "2026-09-23T03:16:35.612477+00:00", "stage": "G_hybrid replica 2 production 198/200", "mode": "G_hybrid", "block_completed": 141686, "block_samples": 250000, "worker_pids_seen": 128, "elapsed_s": 30.692643920890987}
S2000_PRODUCTION_FINISHED G_hybrid replica 2 production 198/200 {"n": 197500000, "matched_pb": 0.2533528708857357, "matched_error_pb": 0.0035182041735519233, "relative_error": 0.013886577094043126, "hard_error_pb": 0.0032528572737666067, "cpu_ms_per_sample": 21.640877326994083, "max_weight_second_moment_fraction": 0.0082287128139982}
PROGRESS {"utc": "2026-09-23T03:17:31.769248+00:00", "stage": "G_hybrid replica 3 production 198/200", "mode": "G_hybrid", "block_completed": 132525, "block_samples": 250000, "worker_pids_seen": 128, "elapsed_s": 30.76916744094342}
S2000_PRODUCTION_FINISHED G_hybrid replica 3 production 198/200 {"n": 197750000, "matched_pb": 0.25311305201043627, "matched_error_pb": 0.0035161335950333384, "relative_error": 0.013891553861427748, "hard_error_pb": 0.0032506176789681403, "cpu_ms_per_sample": 21.64583729204546, "max_weight_second_moment_fraction": 0.0082192334510792}
PROGRESS {"utc": "2026-09-23T03:18:30.955170+00:00", "stage": "G_hybrid replica 4 production 198/200", "mode": "G_hybrid", "block_completed": 142259, "block_samples": 250000, "worker_pids_seen": 128, "elapsed_s": 30.686332933837548}
S2000_PRODUCTION_FINISHED G_hybrid replica 4 production 198/200 {"n": 198000000, "matched_pb": 0.25328239951802056, "matched_error_pb": 0.003514154500285669, "relative_error": 0.013874452022615348, "hard_error_pb": 0.0032484768259256783, "cpu_ms_per_sample": 21.647636914517307, "max_weight_second_moment_fraction": 0.008209301040214608}
PROGRESS {"utc": "2026-09-23T03:19:24.912164+00:00", "stage": "G_hybrid replica 1 production 199/200", "mode": "G_hybrid", "block_completed": 133391, "block_samples": 250000, "worker_pids_seen": 128, "elapsed_s": 30.658309038029984}
S2000_PRODUCTION_FINISHED G_hybrid replica 1 production 199/200 {"n": 198250000, "matched_pb": 0.25320064344114396, "matched_error_pb": 0.003512198818987922, "relative_error": 0.013871208110908006, "hard_error_pb": 0.0032463610983373835, "cpu_ms_per_sample": 21.651727796612764, "max_weight_second_moment_fraction": 0.008199286335246666}
PROGRESS {"utc": "2026-09-23T03:20:23.185422+00:00", "stage": "G_hybrid replica 2 production 199/200", "mode": "G_hybrid", "block_completed": 139821, "block_samples": 250000, "worker_pids_seen": 128, "elapsed_s": 30.755289191845804}
S2000_PRODUCTION_FINISHED G_hybrid replica 2 production 199/200 {"n": 198500000, "matched_pb": 0.2532509555459949, "matched_error_pb": 0.0035102060864653246, "relative_error": 0.013860583779032605, "hard_error_pb": 0.003244205080779629, "cpu_ms_per_sample": 21.654618214794343, "max_weight_second_moment_fraction": 0.008189520587123614}
PROGRESS {"utc": "2026-09-23T03:21:18.137981+00:00", "stage": "G_hybrid replica 3 production 199/200", "mode": "G_hybrid", "block_completed": 130619, "block_samples": 250000, "worker_pids_seen": 128, "elapsed_s": 30.660638339119032}
S2000_PRODUCTION_FINISHED G_hybrid replica 3 production 199/200 {"n": 198750000, "matched_pb": 0.253568859908984, "matched_error_pb": 0.003523190387575895, "relative_error": 0.013894412700520517, "hard_error_pb": 0.0032582495827983057, "cpu_ms_per_sample": 21.660111122797357, "max_weight_second_moment_fraction": 0.009879271125076304}
PROGRESS {"utc": "2026-09-23T03:22:16.419894+00:00", "stage": "G_hybrid replica 4 production 199/200", "mode": "G_hybrid", "block_completed": 145044, "block_samples": 250000, "worker_pids_seen": 128, "elapsed_s": 30.596297343960032}
S2000_PRODUCTION_FINISHED G_hybrid replica 4 production 199/200 {"n": 199000000, "matched_pb": 0.25374385579186176, "matched_error_pb": 0.003521164232707695, "relative_error": 0.013876845300230627, "hard_error_pb": 0.003256058566794848, "cpu_ms_per_sample": 21.66281770567019, "max_weight_second_moment_fraction": 0.009867731607311948}
PROGRESS {"utc": "2026-09-23T03:23:11.756544+00:00", "stage": "G_hybrid replica 1 production 200/200", "mode": "G_hybrid", "block_completed": 133681, "block_samples": 250000, "worker_pids_seen": 128, "elapsed_s": 30.69129129103385}
S2000_PRODUCTION_FINISHED G_hybrid replica 1 production 200/200 {"n": 199250000, "matched_pb": 0.25378443302546133, "matched_error_pb": 0.0035191459795844296, "relative_error": 0.013866673923342515, "hard_error_pb": 0.0032538758830544545, "cpu_ms_per_sample": 21.66592365487489, "max_weight_second_moment_fraction": 0.009856194715629546}
PROGRESS {"utc": "2026-09-23T03:24:09.149637+00:00", "stage": "G_hybrid replica 2 production 200/200", "mode": "G_hybrid", "block_completed": 138212, "block_samples": 250000, "worker_pids_seen": 128, "elapsed_s": 30.64244352397509}
S2000_PRODUCTION_FINISHED G_hybrid replica 2 production 200/200 {"n": 199500000, "matched_pb": 0.2536020168789915, "matched_error_pb": 0.0035171878132846538, "relative_error": 0.01386892681915425, "hard_error_pb": 0.0032517579784812145, "cpu_ms_per_sample": 21.66797928709541, "max_weight_second_moment_fraction": 0.009844318268963773}
PROGRESS {"utc": "2026-09-23T03:25:05.166593+00:00", "stage": "G_hybrid replica 3 production 200/200", "mode": "G_hybrid", "block_completed": 129224, "block_samples": 250000, "worker_pids_seen": 128, "elapsed_s": 30.803472335916013}
S2000_PRODUCTION_FINISHED G_hybrid replica 3 production 200/200 {"n": 199750000, "matched_pb": 0.2537637860260705, "matched_error_pb": 0.0035151743449030573, "relative_error": 0.013852151246442724, "hard_error_pb": 0.003249580051600943, "cpu_ms_per_sample": 21.67272903258855, "max_weight_second_moment_fraction": 0.009832859621786282}
PROGRESS {"utc": "2026-09-23T03:26:05.853449+00:00", "stage": "G_hybrid replica 4 production 200/200", "mode": "G_hybrid", "block_completed": 144647, "block_samples": 250000, "worker_pids_seen": 128, "elapsed_s": 30.936954987002537}
S2000_PRODUCTION_FINISHED G_hybrid replica 4 production 200/200 {"n": 200000000, "matched_pb": 0.2536127825130739, "matched_error_pb": 0.003513389825042179, "relative_error": 0.013853362556207362, "hard_error_pb": 0.0032476495961553586, "cpu_ms_per_sample": 21.67418079220346, "max_weight_second_moment_fraction": 0.009819956287124136}
S2000_PEAK_REPLAYS production_200000000 new 1 total 81 issues 0
S2000_PEAK_REPLAYS replica_1_final new 3 total 84 issues 0
S2000_PEAK_REPLAYS replica_2_final new 3 total 87 issues 0
S2000_PEAK_REPLAYS replica_4_final new 6 total 93 issues 0
AUXILIARY_STARTED qqbar 21
AUXILIARY_FINISHED qqbar 0.05615069690937589 0.0001455515986159739 wall 109.08217776287347
AUXILIARY_STARTED qg 21
AUXILIARY_FINISHED qg -0.042984275824455784 1.0222853248279616e-05 wall 135.30364897102118
AUXILIARY_STARTED gg 21
AUXILIARY_FINISHED gg 0.5697403441495501 0.0008331050578147352 wall 142.2673407299444
AUXILIARY_STARTED qqbar 22
AUXILIARY_FINISHED qqbar 0.05611894706986746 0.00011466485838841864 wall 233.2874690880999
AUXILIARY_STARTED qg 22
AUXILIARY_FINISHED qg -0.0429957756256772 8.154861275492435e-06 wall 273.5330758241471
AUXILIARY_STARTED gg 22
AUXILIARY_FINISHED gg 0.5695324573442587 0.00040498749334315587 wall 289.51519244303927
AUXILIARY_STARTED qqbar 23
AUXILIARY_FINISHED qqbar 0.05603235838636058 4.152258494320412e-05 wall 384.61019693198614
AUXILIARY_STARTED qg 23
AUXILIARY_FINISHED qg -0.04299168842394433 3.683323159026262e-06 wall 448.9813388271723
AUXILIARY_STARTED gg 23
AUXILIARY_FINISHED gg 0.5696981215113766 0.00023606001239053615 wall 491.5726049870718
S2000_CAMPAIGN_FINISHED {"n": 200000000, "matched_pb": 0.2539860452341158, "matched_error_pb": 0.003256484288429432, "relative_error": 0.012821508699140201, "hard_error_pb": 0.0032476495961553586, "cpu_ms_per_sample": 21.67418079220346, "pull": 0.4845592774026747}
