[92mINFO[0m [94mmain l.1891[0m [96mt=2026-09-09,09:22:41.277[0m > Using DY card /home/zeno/DY/pygloop_6c15087/cards/campaigns/ttbar_dy_msbar_scan_20260901/production/ttbar/partonic/s400/gg.toml (source SHA256 17df64a69f591a7e9e33628829fe7b3915e755c064c166a301ea5b6a69be2116, generation fingerprint 0dd179c545a8d0a221a8ea5a39c2fc907f5727d3330f64a2f61122e04cd9eb3f).
[92mINFO[0m [94mmain l.1917[0m [96mt=2026-09-09,09:22:41.277[0m > Applied general settings to process TTBAR_GG_MSBAR_CM_ESURFACE_V1_20260909: {}
[92mINFO[0m [94m__init__ l.989[0m [96mt=2026-09-09,09:22:41.619[0m > Loaded compiled DY bundle from [92m/home/zeno/DY/pygloop_6c15087/outputs/evaluators/tt~/TTBAR_GG_MSBAR_CM_ESURFACE_V1_20260909_2L_processed[0m
[92mINFO[0m [94msymbolica_integrator l.7179[0m [96mt=2026-09-09,09:22:41.639[0m > Symbolica discrete graph channels: graph_0, graph_1, graph_2, graph_3, graph_4, graph_5, graph_6, graph_7, graph_8, graph_9, graph_10, graph_11, graph_12, graph_13, graph_14, graph_15, graph_16, graph_17, graph_18, graph_19, graph_20, graph_21, graph_22, graph_23, graph_24, graph_25, graph_26, graph_27, graph_28, graph_29, graph_30, graph_31, graph_32, graph_33, graph_34, graph_35, graph_36, graph_37, graph_38, graph_39, graph_40, graph_41, graph_42, graph_43, graph_44, graph_45, graph_46, graph_47, graph_48, graph_49, graph_50, graph_51, graph_52, graph_53, graph_54, graph_55, graph_56, graph_57, graph_58, graph_59, graph_60, graph_61, graph_62, graph_63, graph_64 (bundle indices: 0, 1, 2, 3, 4, 5, 6, 7, 8, 9, 10, 11, 12, 13, 14, 15, 16, 17, 18, 19, 20, 21, 22, 23, 24, 25, 26, 27, 28, 29, 30, 31, 32, 33, 34, 35, 36, 37, 38, 39, 40, 41, 42, 43, 44, 45, 46, 47, 48, 49, 50, 51, 52, 53, 54, 55, 56, 57, 58, 59, 60, 61, 62, 63, 64)
[92mINFO[0m [94msymbolica_integrator l.7210[0m [96mt=2026-09-09,09:22:41.639[0m > DY graph factor graph_0: closed_ghost_loops=0 automatic=+1 explicit=+1.0000000000000000e+00 combined=+1.0000000000000000e+00
[92mINFO[0m [94msymbolica_integrator l.7210[0m [96mt=2026-09-09,09:22:41.639[0m > DY graph factor graph_1: closed_ghost_loops=0 automatic=+1 explicit=+1.0000000000000000e+00 combined=+1.0000000000000000e+00
[92mINFO[0m [94msymbolica_integrator l.7210[0m [96mt=2026-09-09,09:22:41.639[0m > DY graph factor graph_2: closed_ghost_loops=0 automatic=+1 explicit=+1.0000000000000000e+00 combined=+1.0000000000000000e+00
[92mINFO[0m [94msymbolica_integrator l.7210[0m [96mt=2026-09-09,09:22:41.639[0m > DY graph factor graph_3: closed_ghost_loops=0 automatic=+1 explicit=+1.0000000000000000e+00 combined=+1.0000000000000000e+00
[92mINFO[0m [94msymbolica_integrator l.7210[0m [96mt=2026-09-09,09:22:41.639[0m > DY graph factor graph_4: closed_ghost_loops=0 automatic=+1 explicit=+1.0000000000000000e+00 combined=+1.0000000000000000e+00
[92mINFO[0m [94msymbolica_integrator l.7210[0m [96mt=2026-09-09,09:22:41.639[0m > DY graph factor graph_5: closed_ghost_loops=1 automatic=-1 explicit=+1.0000000000000000e+00 combined=-1.0000000000000000e+00
[92mINFO[0m [94msymbolica_integrator l.7210[0m [96mt=2026-09-09,09:22:41.639[0m > DY graph factor graph_6: closed_ghost_loops=1 automatic=-1 explicit=+1.0000000000000000e+00 combined=-1.0000000000000000e+00
[92mINFO[0m [94msymbolica_integrator l.7210[0m [96mt=2026-09-09,09:22:41.639[0m > DY graph factor graph_7: closed_ghost_loops=1 automatic=-1 explicit=+1.0000000000000000e+00 combined=-1.0000000000000000e+00
[92mINFO[0m [94msymbolica_integrator l.7210[0m [96mt=2026-09-09,09:22:41.639[0m > DY graph factor graph_8: closed_ghost_loops=0 automatic=+1 explicit=+1.0000000000000000e+00 combined=+1.0000000000000000e+00
[92mINFO[0m [94msymbolica_integrator l.7210[0m [96mt=2026-09-09,09:22:41.639[0m > DY graph factor graph_9: closed_ghost_loops=0 automatic=+1 explicit=+1.0000000000000000e+00 combined=+1.0000000000000000e+00
[92mINFO[0m [94msymbolica_integrator l.7210[0m [96mt=2026-09-09,09:22:41.639[0m > DY graph factor graph_10: closed_ghost_loops=0 automatic=+1 explicit=+1.0000000000000000e+00 combined=+1.0000000000000000e+00
[92mINFO[0m [94msymbolica_integrator l.7210[0m [96mt=2026-09-09,09:22:41.639[0m > DY graph factor graph_11: closed_ghost_loops=0 automatic=+1 explicit=+1.0000000000000000e+00 combined=+1.0000000000000000e+00
[92mINFO[0m [94msymbolica_integrator l.7210[0m [96mt=2026-09-09,09:22:41.639[0m > DY graph factor graph_12: closed_ghost_loops=0 automatic=+1 explicit=+1.0000000000000000e+00 combined=+1.0000000000000000e+00
[92mINFO[0m [94msymbolica_integrator l.7210[0m [96mt=2026-09-09,09:22:41.639[0m > DY graph factor graph_13: closed_ghost_loops=0 automatic=+1 explicit=+1.0000000000000000e+00 combined=+1.0000000000000000e+00
[92mINFO[0m [94msymbolica_integrator l.7210[0m [96mt=2026-09-09,09:22:41.639[0m > DY graph factor graph_14: closed_ghost_loops=0 automatic=+1 explicit=+1.0000000000000000e+00 combined=+1.0000000000000000e+00
[92mINFO[0m [94msymbolica_integrator l.7210[0m [96mt=2026-09-09,09:22:41.639[0m > DY graph factor graph_15: closed_ghost_loops=0 automatic=+1 explicit=+1.0000000000000000e+00 combined=+1.0000000000000000e+00
[92mINFO[0m [94msymbolica_integrator l.7210[0m [96mt=2026-09-09,09:22:41.639[0m > DY graph factor graph_16: closed_ghost_loops=0 automatic=+1 explicit=+1.0000000000000000e+00 combined=+1.0000000000000000e+00
[92mINFO[0m [94msymbolica_integrator l.7210[0m [96mt=2026-09-09,09:22:41.639[0m > DY graph factor graph_17: closed_ghost_loops=0 automatic=+1 explicit=+1.0000000000000000e+00 combined=+1.0000000000000000e+00
[92mINFO[0m [94msymbolica_integrator l.7210[0m [96mt=2026-09-09,09:22:41.639[0m > DY graph factor graph_18: closed_ghost_loops=0 automatic=+1 explicit=+1.0000000000000000e+00 combined=+1.0000000000000000e+00
[92mINFO[0m [94msymbolica_integrator l.7210[0m [96mt=2026-09-09,09:22:41.639[0m > DY graph factor graph_19: closed_ghost_loops=0 automatic=+1 explicit=+1.0000000000000000e+00 combined=+1.0000000000000000e+00
[92mINFO[0m [94msymbolica_integrator l.7210[0m [96mt=2026-09-09,09:22:41.639[0m > DY graph factor graph_20: closed_ghost_loops=0 automatic=+1 explicit=+1.0000000000000000e+00 combined=+1.0000000000000000e+00
[92mINFO[0m [94msymbolica_integrator l.7210[0m [96mt=2026-09-09,09:22:41.639[0m > DY graph factor graph_21: closed_ghost_loops=0 automatic=+1 explicit=+1.0000000000000000e+00 combined=+1.0000000000000000e+00
[92mINFO[0m [94msymbolica_integrator l.7210[0m [96mt=2026-09-09,09:22:41.639[0m > DY graph factor graph_22: closed_ghost_loops=0 automatic=+1 explicit=+1.0000000000000000e+00 combined=+1.0000000000000000e+00
[92mINFO[0m [94msymbolica_integrator l.7210[0m [96mt=2026-09-09,09:22:41.639[0m > DY graph factor graph_23: closed_ghost_loops=0 automatic=+1 explicit=+1.0000000000000000e+00 combined=+1.0000000000000000e+00
[92mINFO[0m [94msymbolica_integrator l.7210[0m [96mt=2026-09-09,09:22:41.639[0m > DY graph factor graph_24: closed_ghost_loops=0 automatic=+1 explicit=+1.0000000000000000e+00 combined=+1.0000000000000000e+00
[92mINFO[0m [94msymbolica_integrator l.7210[0m [96mt=2026-09-09,09:22:41.639[0m > DY graph factor graph_25: closed_ghost_loops=0 automatic=+1 explicit=+1.0000000000000000e+00 combined=+1.0000000000000000e+00
[92mINFO[0m [94msymbolica_integrator l.7210[0m [96mt=2026-09-09,09:22:41.639[0m > DY graph factor graph_26: closed_ghost_loops=0 automatic=+1 explicit=+1.0000000000000000e+00 combined=+1.0000000000000000e+00
[92mINFO[0m [94msymbolica_integrator l.7210[0m [96mt=2026-09-09,09:22:41.639[0m > DY graph factor graph_27: closed_ghost_loops=0 automatic=+1 explicit=+1.0000000000000000e+00 combined=+1.0000000000000000e+00
[92mINFO[0m [94msymbolica_integrator l.7210[0m [96mt=2026-09-09,09:22:41.639[0m > DY graph factor graph_28: closed_ghost_loops=0 automatic=+1 explicit=+1.0000000000000000e+00 combined=+1.0000000000000000e+00
[92mINFO[0m [94msymbolica_integrator l.7210[0m [96mt=2026-09-09,09:22:41.640[0m > DY graph factor graph_29: closed_ghost_loops=0 automatic=+1 explicit=+1.0000000000000000e+00 combined=+1.0000000000000000e+00
[92mINFO[0m [94msymbolica_integrator l.7210[0m [96mt=2026-09-09,09:22:41.640[0m > DY graph factor graph_30: closed_ghost_loops=0 automatic=+1 explicit=+1.0000000000000000e+00 combined=+1.0000000000000000e+00
[92mINFO[0m [94msymbolica_integrator l.7210[0m [96mt=2026-09-09,09:22:41.640[0m > DY graph factor graph_31: closed_ghost_loops=0 automatic=+1 explicit=+1.0000000000000000e+00 combined=+1.0000000000000000e+00
[92mINFO[0m [94msymbolica_integrator l.7210[0m [96mt=2026-09-09,09:22:41.640[0m > DY graph factor graph_32: closed_ghost_loops=0 automatic=+1 explicit=+1.0000000000000000e+00 combined=+1.0000000000000000e+00
[92mINFO[0m [94msymbolica_integrator l.7210[0m [96mt=2026-09-09,09:22:41.640[0m > DY graph factor graph_33: closed_ghost_loops=0 automatic=+1 explicit=+1.0000000000000000e+00 combined=+1.0000000000000000e+00
[92mINFO[0m [94msymbolica_integrator l.7210[0m [96mt=2026-09-09,09:22:41.640[0m > DY graph factor graph_34: closed_ghost_loops=0 automatic=+1 explicit=+1.0000000000000000e+00 combined=+1.0000000000000000e+00
[92mINFO[0m [94msymbolica_integrator l.7210[0m [96mt=2026-09-09,09:22:41.640[0m > DY graph factor graph_35: closed_ghost_loops=0 automatic=+1 explicit=+1.0000000000000000e+00 combined=+1.0000000000000000e+00
[92mINFO[0m [94msymbolica_integrator l.7210[0m [96mt=2026-09-09,09:22:41.640[0m > DY graph factor graph_36: closed_ghost_loops=0 automatic=+1 explicit=+1.0000000000000000e+00 combined=+1.0000000000000000e+00
[92mINFO[0m [94msymbolica_integrator l.7210[0m [96mt=2026-09-09,09:22:41.640[0m > DY graph factor graph_37: closed_ghost_loops=0 automatic=+1 explicit=+1.0000000000000000e+00 combined=+1.0000000000000000e+00
[92mINFO[0m [94msymbolica_integrator l.7210[0m [96mt=2026-09-09,09:22:41.640[0m > DY graph factor graph_38: closed_ghost_loops=0 automatic=+1 explicit=+1.0000000000000000e+00 combined=+1.0000000000000000e+00
[92mINFO[0m [94msymbolica_integrator l.7210[0m [96mt=2026-09-09,09:22:41.640[0m > DY graph factor graph_39: closed_ghost_loops=0 automatic=+1 explicit=+1.0000000000000000e+00 combined=+1.0000000000000000e+00
[92mINFO[0m [94msymbolica_integrator l.7210[0m [96mt=2026-09-09,09:22:41.640[0m > DY graph factor graph_40: closed_ghost_loops=0 automatic=+1 explicit=+1.0000000000000000e+00 combined=+1.0000000000000000e+00
[92mINFO[0m [94msymbolica_integrator l.7210[0m [96mt=2026-09-09,09:22:41.640[0m > DY graph factor graph_41: closed_ghost_loops=0 automatic=+1 explicit=+1.0000000000000000e+00 combined=+1.0000000000000000e+00
[92mINFO[0m [94msymbolica_integrator l.7210[0m [96mt=2026-09-09,09:22:41.640[0m > DY graph factor graph_42: closed_ghost_loops=0 automatic=+1 explicit=+1.0000000000000000e+00 combined=+1.0000000000000000e+00
[92mINFO[0m [94msymbolica_integrator l.7210[0m [96mt=2026-09-09,09:22:41.640[0m > DY graph factor graph_43: closed_ghost_loops=0 automatic=+1 explicit=+1.0000000000000000e+00 combined=+1.0000000000000000e+00
[92mINFO[0m [94msymbolica_integrator l.7210[0m [96mt=2026-09-09,09:22:41.640[0m > DY graph factor graph_44: closed_ghost_loops=0 automatic=+1 explicit=+1.0000000000000000e+00 combined=+1.0000000000000000e+00
[92mINFO[0m [94msymbolica_integrator l.7210[0m [96mt=2026-09-09,09:22:41.640[0m > DY graph factor graph_45: closed_ghost_loops=0 automatic=+1 explicit=+1.0000000000000000e+00 combined=+1.0000000000000000e+00
[92mINFO[0m [94msymbolica_integrator l.7210[0m [96mt=2026-09-09,09:22:41.640[0m > DY graph factor graph_46: closed_ghost_loops=0 automatic=+1 explicit=+1.0000000000000000e+00 combined=+1.0000000000000000e+00
[92mINFO[0m [94msymbolica_integrator l.7210[0m [96mt=2026-09-09,09:22:41.640[0m > DY graph factor graph_47: closed_ghost_loops=0 automatic=+1 explicit=+1.0000000000000000e+00 combined=+1.0000000000000000e+00
[92mINFO[0m [94msymbolica_integrator l.7210[0m [96mt=2026-09-09,09:22:41.640[0m > DY graph factor graph_48: closed_ghost_loops=0 automatic=+1 explicit=+1.0000000000000000e+00 combined=+1.0000000000000000e+00
[92mINFO[0m [94msymbolica_integrator l.7210[0m [96mt=2026-09-09,09:22:41.640[0m > DY graph factor graph_49: closed_ghost_loops=0 automatic=+1 explicit=+1.0000000000000000e+00 combined=+1.0000000000000000e+00
[92mINFO[0m [94msymbolica_integrator l.7210[0m [96mt=2026-09-09,09:22:41.640[0m > DY graph factor graph_50: closed_ghost_loops=0 automatic=+1 explicit=+1.0000000000000000e+00 combined=+1.0000000000000000e+00
[92mINFO[0m [94msymbolica_integrator l.7210[0m [96mt=2026-09-09,09:22:41.640[0m > DY graph factor graph_51: closed_ghost_loops=0 automatic=+1 explicit=+1.0000000000000000e+00 combined=+1.0000000000000000e+00
[92mINFO[0m [94msymbolica_integrator l.7210[0m [96mt=2026-09-09,09:22:41.640[0m > DY graph factor graph_52: closed_ghost_loops=0 automatic=+1 explicit=+1.0000000000000000e+00 combined=+1.0000000000000000e+00
[92mINFO[0m [94msymbolica_integrator l.7210[0m [96mt=2026-09-09,09:22:41.640[0m > DY graph factor graph_53: closed_ghost_loops=0 automatic=+1 explicit=+1.0000000000000000e+00 combined=+1.0000000000000000e+00
[92mINFO[0m [94msymbolica_integrator l.7210[0m [96mt=2026-09-09,09:22:41.640[0m > DY graph factor graph_54: closed_ghost_loops=0 automatic=+1 explicit=+1.0000000000000000e+00 combined=+1.0000000000000000e+00
[92mINFO[0m [94msymbolica_integrator l.7210[0m [96mt=2026-09-09,09:22:41.640[0m > DY graph factor graph_55: closed_ghost_loops=0 automatic=+1 explicit=+1.0000000000000000e+00 combined=+1.0000000000000000e+00
[92mINFO[0m [94msymbolica_integrator l.7210[0m [96mt=2026-09-09,09:22:41.640[0m > DY graph factor graph_56: closed_ghost_loops=0 automatic=+1 explicit=+1.0000000000000000e+00 combined=+1.0000000000000000e+00
[92mINFO[0m [94msymbolica_integrator l.7210[0m [96mt=2026-09-09,09:22:41.640[0m > DY graph factor graph_57: closed_ghost_loops=0 automatic=+1 explicit=+1.0000000000000000e+00 combined=+1.0000000000000000e+00
[92mINFO[0m [94msymbolica_integrator l.7210[0m [96mt=2026-09-09,09:22:41.640[0m > DY graph factor graph_58: closed_ghost_loops=1 automatic=-1 explicit=+1.0000000000000000e+00 combined=-1.0000000000000000e+00
[92mINFO[0m [94msymbolica_integrator l.7210[0m [96mt=2026-09-09,09:22:41.640[0m > DY graph factor graph_59: closed_ghost_loops=1 automatic=-1 explicit=+1.0000000000000000e+00 combined=-1.0000000000000000e+00
[92mINFO[0m [94msymbolica_integrator l.7210[0m [96mt=2026-09-09,09:22:41.640[0m > DY graph factor graph_60: closed_ghost_loops=1 automatic=-1 explicit=+1.0000000000000000e+00 combined=-1.0000000000000000e+00
[92mINFO[0m [94msymbolica_integrator l.7210[0m [96mt=2026-09-09,09:22:41.640[0m > DY graph factor graph_61: closed_ghost_loops=0 automatic=+1 explicit=+1.0000000000000000e+00 combined=+1.0000000000000000e+00
[92mINFO[0m [94msymbolica_integrator l.7210[0m [96mt=2026-09-09,09:22:41.640[0m > DY graph factor graph_62: closed_ghost_loops=0 automatic=+1 explicit=+1.0000000000000000e+00 combined=+1.0000000000000000e+00
[92mINFO[0m [94msymbolica_integrator l.7210[0m [96mt=2026-09-09,09:22:41.640[0m > DY graph factor graph_63: closed_ghost_loops=0 automatic=+1 explicit=+1.0000000000000000e+00 combined=+1.0000000000000000e+00
[92mINFO[0m [94msymbolica_integrator l.7210[0m [96mt=2026-09-09,09:22:41.640[0m > DY graph factor graph_64: closed_ghost_loops=0 automatic=+1 explicit=+1.0000000000000000e+00 combined=+1.0000000000000000e+00
[92mINFO[0m [94msymbolica_integrator l.7237[0m [96mt=2026-09-09,09:22:41.893[0m > Symbolica integration: starting iteration [92m1/100[0m using [94m1000000[0m points ...
[92mINFO[0m [94msymbolica_integrator l.7270[0m [96mt=2026-09-09,09:25:48.980[0m > ... result after this iteration:
| > Integration result after [92m1000000[0m evaluations in [92m5410.59 CPU-s[0m [94m(5410.6 µs / eval)[0m
| > Extremal weights:
| >   with jacobian    : -1.22125e+02 at xs = [1.5800608835521457e-01 9.1196847869543929e-01 5.5133962278061743e-01 1.6239152782564203e-01 8.9827153090545697e-01 5.1836810483889362e-01] | jacobian = 4.18501e+15
| >     momentum space  : k = [[6.3041277870291744e+01, -3.8921936679374298e+01, -1.2054323022509084e+01]; [6.2137008766461527e+01, -4.6184463158812690e+01, -4.4725527195920165e+00]]
| >   without jacobian : 1.62954e-04 at xs = [1.6164149077169565e-01 2.6085236955890267e-01 8.9721079938485249e-01 8.2324179140336184e-08 5.1225524244098730e-01 7.2463903157375198e-01] | jacobian = 1.38181e+02
| >     momentum space  : k = [[-1.6675310514638584e+00, 2.4417189153168675e+01, -7.3136543377135908e+01]; [-2.4989887150780020e-05, -1.9280825066517941e-06, -2.1357703339973250e-05]]
| >   before clipping   : -1.22125e+02 at xs = [1.5800608835521457e-01 9.1196847869543929e-01 5.5133962278061743e-01 1.6239152782564203e-01 8.9827153090545697e-01 5.1836810483889362e-01]
| >     momentum space  : k = [[6.3041277870291744e+01, -3.8921936679374298e+01, -1.2054323022509084e+01]; [6.2137008766461527e+01, -4.6184463158812690e+01, -4.4725527195920165e+00]]
| > Stability pipeline: float pairs accepted = 1105336, HP pairs attempted/accepted = 1890/1890
| > Stability triggers: float mismatch = 1884, float non-finite/error = 1
| > Higher-precision rejections: disagreement = 0, non-finite = 0, error = 0
| > Soft-mirror stability: pairs = 107521, large-side triggers = 5, HP orbits attempted/salvaged/failed = 295/295/0
| > Soft-mirror extrema: raw original = -1.10603e+04, post-average = -8.15820e+01
| > Strongest soft-mirror cancellation: residual/raw = 0.00000e+00
| > Unstable rotational-check points rejected = 0
| > Rotational-check high-precision retries = 1885
| > Rotational-check high-precision salvaged = 1885
| > Large-weight high-precision retries = 5
| > Large-weight high-precision salvaged = 5
| > Large-weight high-precision rejected = 0
| > Large-weight samples zeroed = 0 (0.000e+00 of samples; removed signed/absolute sums = 0.00000e+00/0.00000e+00)
| > Non-finite final outputs zeroed = 0
| > Non-finite float rotated evaluations seen = 0
| > Example higher-precision-retried xs = [2.6880750982012969e-01 1.7402049722655100e-01 6.0980772598890010e-02 9.9750773443479890e-01 3.0048234085139136e-01 8.2729716849149482e-01] | float rel = 1.44350e-07
| >     momentum space  : k = [[1.2864873913282938e+01, 2.4869169488989783e+01, 1.4436129598391815e+02]; [-2.5782389205217190e+04, 7.8539332094821817e+04, -1.3710486440690246e+05]]
| > Example large-weight higher-precision-retried xs = [1.9231173850990912e-01 6.5780162395444419e-01 8.8861886028403791e-01 7.0208850143205215e-04 5.4240755566925725e-01 5.0445441660376766e-01] | compiled = -1.10603e+04 | higher precision = -1.02451e-01
| >     momentum space  : k = [[-1.7873903535647262e+01, -2.7323121682648594e+01, -8.9469201105104602e+01]; [-2.7108866766462003e-01, -7.3992249469811575e-02, -3.9326328464896528e-03]]
| > [92mCentral value[0m : +9.2268343750923500e-09   +/- 1.31e-08     ([91m142.173%[0m)
[92mINFO[0m [94msymbolica_integrator l.7274[0m [96mt=2026-09-09,09:25:48.981[0m > | > Graph-channel Symbolica observer estimates:
| >   graph_0     : -2.0609725670728580e-08 +/- 3.14e-09 [15349 selected]
| >   graph_1     : 3.8251991964855592e-10 +/- 4.88e-11 [15394 selected]
| >   graph_2     : -1.1384704675101396e-08 +/- 7.68e-10 [15286 selected]
| >   graph_3     : 9.6850644253926771e-11 +/- 1.69e-11 [15334 selected]
| >   graph_4     : -5.6584591410036857e-10 +/- 9.11e-11 [15299 selected]
| >   graph_5     : -4.1956131391694860e-11 +/- 1.29e-11 [15375 selected]
| >   graph_6     : -4.4907209718046630e-11 +/- 1.25e-11 [15450 selected]
| >   graph_7     : 5.0556421631179811e-11 +/- 1.71e-11 [15207 selected]
| >   graph_8     : -9.5778579059465654e-10 +/- 2.71e-10 [15235 selected]
| >   graph_9     : 7.1707745513941633e-10 +/- 2.70e-10 [15460 selected]
| >   graph_10    : -1.0608964976166619e-09 +/- 2.39e-09 [15244 selected]
| >   graph_11    : -8.5167657975679906e-28 +/- 5.73e-27 [15283 selected]
| >   graph_12    : -5.3581280876210120e-10 +/- 1.85e-10 [15562 selected]
| >   graph_13    : -1.0716283777667653e-08 +/- 1.47e-09 [15294 selected]
| >   graph_14    : 1.2566878094304588e-10 +/- 9.71e-12 [15368 selected]
| >   graph_15    : 2.5986250359899955e-26 +/- 1.72e-24 [15577 selected]
| >   graph_16    : 3.9177049974994539e-09 +/- 1.22e-10 [15467 selected]
| >   graph_17    : -3.8000397293457194e-10 +/- 3.02e-11 [15305 selected]
| >   graph_18    : 1.1051904628473672e-08 +/- 1.83e-09 [15392 selected]
| >   graph_19    : 1.0381226628467975e-09 +/- 4.13e-11 [15263 selected]
| >   graph_20    : -8.0058020628576492e-10 +/- 2.91e-11 [15260 selected]
| >   graph_21    : -4.8290395355806702e-10 +/- 2.98e-10 [15284 selected]
| >   graph_22    : -3.9854892987027965e-10 +/- 9.37e-11 [15228 selected]
| >   graph_23    : -3.3650700588151972e-10 +/- 3.13e-11 [15490 selected]
| >   graph_24    : 2.7202600097432116e-10 +/- 1.69e-10 [15300 selected]
| >   graph_25    : 4.9765711968792503e-10 +/- 7.42e-11 [15359 selected]
| >   graph_26    : -2.3907100579638133e-10 +/- 1.95e-11 [15272 selected]
| >   graph_27    : -2.5354554048557031e-11 +/- 2.00e-12 [15532 selected]
| >   graph_28    : -1.2880235729635392e-09 +/- 6.97e-11 [15474 selected]
| >   graph_29    : 6.3583144700725953e-08 +/- 3.89e-09 [15279 selected]
| >   graph_30    : -6.6488555074613841e-09 +/- 3.53e-09 [15216 selected]
| >   graph_31    : 4.4691193983562681e-11 +/- 3.91e-12 [15328 selected]
| >   graph_32    : -2.9019636053232362e-11 +/- 8.32e-11 [15423 selected]
| >   graph_33    : -1.5970370500514330e-09 +/- 2.50e-10 [15391 selected]
| >   graph_34    : -2.7623491155557730e-25 +/- 2.74e-25 [15414 selected]
| >   graph_35    : 2.4756977621217015e-08 +/- 3.30e-09 [15388 selected]
| >   graph_36    : -3.0105595554291067e-09 +/- 3.84e-10 [15502 selected]
| >   graph_37    : 1.6627494194901228e-08 +/- 1.40e-09 [15576 selected]
| >   graph_38    : 3.8033206125355194e-10 +/- 2.76e-11 [15665 selected]
| >   graph_39    : -7.6527390432874007e-09 +/- 6.55e-10 [15308 selected]
| >   graph_40    : -1.2041053290940319e-09 +/- 6.33e-09 [15339 selected]
| >   graph_41    : 2.2821248484459728e-09 +/- 5.02e-10 [15499 selected]
| >   graph_42    : -2.2924771767540690e-09 +/- 5.17e-09 [15414 selected]
| >   graph_43    : 3.5641338474031833e-09 +/- 4.07e-10 [15812 selected]
| >   graph_44    : 3.7936059979731087e-10 +/- 1.64e-10 [15494 selected]
| >   graph_45    : 2.1261165004742406e-10 +/- 1.75e-11 [15235 selected]
| >   graph_46    : -5.9847977689564882e-11 +/- 7.43e-12 [15367 selected]
| >   graph_47    : -8.7495346324184683e-09 +/- 2.79e-09 [15333 selected]
| >   graph_48    : -9.8099998254357316e-11 +/- 4.42e-11 [15384 selected]
| >   graph_49    : -3.3511141396643040e-08 +/- 1.85e-09 [15358 selected]
| >   graph_50    : 8.8985756323903554e-10 +/- 1.87e-10 [15298 selected]
| >   graph_51    : 5.9448061863424018e-09 +/- 1.92e-10 [15418 selected]
| >   graph_52    : 1.8528870153502363e-10 +/- 4.20e-11 [15499 selected]
| >   graph_53    : -6.5412966085123857e-10 +/- 4.21e-10 [15443 selected]
| >   graph_54    : -8.9421207016663408e-09 +/- 4.60e-09 [15459 selected]
| >   graph_55    : 1.4013472169670612e-09 +/- 3.24e-10 [15530 selected]
| >   graph_56    : -4.3208739726481322e-09 +/- 1.37e-10 [15271 selected]
| >   graph_57    : -1.1421068436408789e-08 +/- 1.28e-09 [15481 selected]
| >   graph_58    : 4.0663632453773107e-11 +/- 1.97e-11 [15172 selected]
| >   graph_59    : 4.8136087084643516e-11 +/- 1.97e-11 [15313 selected]
| >   graph_60    : -8.5039008372041380e-11 +/- 1.92e-11 [15426 selected]
| >   graph_61    : 1.0997664490560512e-08 +/- 2.73e-09 [15383 selected]
| >   graph_62    : -1.0028809873804262e-24 +/- 8.11e-25 [15510 selected]
| >   graph_63    : -1.0144522878614126e-09 +/- 8.72e-11 [15307 selected]
| >   graph_64    : 8.9812419600036521e-10 +/- 3.25e-11 [15422 selected]
| >   sum         : 9.2268343750924277e-09
| >   total       : 9.2268343750923500e-09
| >   difference  : 7.7754977579984601e-23
[92mINFO[0m [94msymbolica_integrator l.7237[0m [96mt=2026-09-09,09:25:48.981[0m > Symbolica integration: starting iteration [92m2/100[0m using [94m1000000[0m points ...
[92mINFO[0m [94msymbolica_integrator l.7270[0m [96mt=2026-09-09,09:28:27.550[0m > ... result after this iteration:
| > Integration result after [92m2000000[0m evaluations in [92m10628.61 CPU-s[0m [94m(5314.3 µs / eval)[0m
| > Extremal weights:
| >   with jacobian    : 1.91759e+03 at xs = [1.2506870999633654e-01 9.0760154891413813e-01 7.7693325373862276e-01 1.2482753690243689e-01 9.0231601859792332e-01 7.8372021157444038e-01] | jacobian = 4.58483e+14
| >     momentum space  : k = [[3.0829025861584046e+01, -2.0222738620499509e+01, -4.3703801988910854e+01]; [2.9307273370110462e+01, -2.0648151065409138e+01, -4.4381937172664550e+01]]
| >   without jacobian : 1.62954e-04 at xs = [1.6164149077169565e-01 2.6085236955890267e-01 8.9721079938485249e-01 8.2324179140336184e-08 5.1225524244098730e-01 7.2463903157375198e-01] | jacobian = 1.38181e+02
| >     momentum space  : k = [[-1.6675310514638584e+00, 2.4417189153168675e+01, -7.3136543377135908e+01]; [-2.4989887150780020e-05, -1.9280825066517941e-06, -2.1357703339973250e-05]]
| >   before clipping   : 1.91759e+03 at xs = [1.2506870999633654e-01 9.0760154891413813e-01 7.7693325373862276e-01 1.2482753690243689e-01 9.0231601859792332e-01 7.8372021157444038e-01]
| >     momentum space  : k = [[3.0829025861584046e+01, -2.0222738620499509e+01, -4.3703801988910854e+01]; [2.9307273370110462e+01, -2.0648151065409138e+01, -4.4381937172664550e+01]]
| > Stability pipeline: float pairs accepted = 2580433, HP pairs attempted/accepted = 7787/7787
| > Stability triggers: float mismatch = 7665, float non-finite/error = 1
| > Higher-precision rejections: disagreement = 0, non-finite = 0, error = 0
| > Soft-mirror stability: pairs = 593281, large-side triggers = 118, HP orbits attempted/salvaged/failed = 5061/5061/0
| > Soft-mirror extrema: raw mirror = 1.56231e+04, post-average = 1.45980e+03
| > Strongest soft-mirror cancellation: residual/raw = 0.00000e+00
| > Unstable rotational-check points rejected = 0
| > Rotational-check high-precision retries = 7666
| > Rotational-check high-precision salvaged = 7666
| > Large-weight high-precision retries = 121
| > Large-weight high-precision salvaged = 121
| > Large-weight high-precision rejected = 0
| > Large-weight samples zeroed = 0 (0.000e+00 of samples; removed signed/absolute sums = 0.00000e+00/0.00000e+00)
| > Non-finite final outputs zeroed = 0
| > Non-finite float rotated evaluations seen = 0
| > Example higher-precision-retried xs = [2.6880750982012969e-01 1.7402049722655100e-01 6.0980772598890010e-02 9.9750773443479890e-01 3.0048234085139136e-01 8.2729716849149482e-01] | float rel = 1.44350e-07
| >     momentum space  : k = [[1.2864873913282938e+01, 2.4869169488989783e+01, 1.4436129598391815e+02]; [-2.5782389205217190e+04, 7.8539332094821817e+04, -1.3710486440690246e+05]]
| > Example large-weight higher-precision-retried xs = [1.9231173850990912e-01 6.5780162395444419e-01 8.8861886028403791e-01 7.0208850143205215e-04 5.4240755566925725e-01 5.0445441660376766e-01] | compiled = -1.10603e+04 | higher precision = -1.02451e-01
| >     momentum space  : k = [[-1.7873903535647262e+01, -2.7323121682648594e+01, -8.9469201105104602e+01]; [-2.7108866766462003e-01, -7.3992249469811575e-02, -3.9326328464896528e-03]]
| > [92mCentral value[0m : +1.9326768544693004e-08   +/- 6.72e-09     ([91m34.762%[0m)
[92mINFO[0m [94msymbolica_integrator l.7274[0m [96mt=2026-09-09,09:28:27.551[0m > | > Graph-channel Symbolica observer estimates:
| >   graph_0     : -2.0896399170439333e-08 +/- 1.61e-09 [59343 selected]
| >   graph_1     : 4.2721631577573988e-10 +/- 4.08e-11 [1160 selected]
| >   graph_2     : -1.2284664085456819e-08 +/- 4.17e-10 [14307 selected]
| >   graph_3     : 1.0907804611325622e-10 +/- 1.17e-11 [1176 selected]
| >   graph_4     : -4.1557497888812807e-10 +/- 9.00e-11 [1758 selected]
| >   graph_5     : -4.5112931689602736e-11 +/- 1.09e-11 [1236 selected]
| >   graph_6     : -2.2725386169333453e-11 +/- 1.10e-11 [1191 selected]
| >   graph_7     : 6.5583893405453589e-11 +/- 1.59e-11 [1203 selected]
| >   graph_8     : -9.3777792205272736e-10 +/- 1.43e-10 [5082 selected]
| >   graph_9     : 8.9754117295344054e-10 +/- 1.45e-10 [5101 selected]
| >   graph_10    : -1.9072633791083300e-09 +/- 1.20e-09 [45018 selected]
| >   graph_11    : 2.1687528881155956e-28 +/- 3.28e-27 [1157 selected]
| >   graph_12    : -5.5857444253021976e-10 +/- 9.89e-11 [3407 selected]
| >   graph_13    : -1.1144183403001828e-08 +/- 7.76e-10 [27414 selected]
| >   graph_14    : 1.2167605465087546e-10 +/- 5.73e-12 [1207 selected]
| >   graph_15    : -1.2945367459252836e-26 +/- 1.04e-24 [1138 selected]
| >   graph_16    : 3.8869665685257798e-09 +/- 8.91e-11 [2181 selected]
| >   graph_17    : -3.5386132441684497e-10 +/- 1.78e-11 [1158 selected]
| >   graph_18    : 1.1664917843711042e-08 +/- 9.30e-10 [34131 selected]
| >   graph_19    : 1.0510833266834607e-09 +/- 3.88e-11 [1215 selected]
| >   graph_20    : -7.9951045121359638e-10 +/- 2.71e-11 [1220 selected]
| >   graph_21    : -7.3018230227855468e-10 +/- 1.57e-10 [5469 selected]
| >   graph_22    : -5.2956848189279750e-10 +/- 9.39e-11 [1735 selected]
| >   graph_23    : -3.4001973357239751e-10 +/- 3.24e-11 [1191 selected]
| >   graph_24    : 3.0923237413946825e-10 +/- 1.22e-10 [3207 selected]
| >   graph_25    : 5.0530349255374947e-10 +/- 8.29e-11 [1394 selected]
| >   graph_26    : -2.3054601081587792e-10 +/- 1.15e-11 [1166 selected]
| >   graph_27    : -2.6140590965318125e-11 +/- 1.25e-12 [1175 selected]
| >   graph_28    : -1.2411531527092098e-09 +/- 6.36e-11 [1302 selected]
| >   graph_29    : 6.5466823978062942e-08 +/- 1.98e-09 [72013 selected]
| >   graph_30    : -3.9215454866459906e-09 +/- 1.78e-09 [66282 selected]
| >   graph_31    : 3.9490598045244692e-11 +/- 3.35e-12 [1149 selected]
| >   graph_32    : -1.0983326689663016e-10 +/- 5.99e-11 [1486 selected]
| >   graph_33    : -2.0744610860428817e-09 +/- 2.07e-10 [4749 selected]
| >   graph_34    : -3.7079801679976588e-26 +/- 2.63e-25 [1254 selected]
| >   graph_35    : 2.4971231631502515e-08 +/- 1.83e-09 [61745 selected]
| >   graph_36    : -2.9178273322102054e-09 +/- 2.20e-10 [7186 selected]
| >   graph_37    : 1.6540392256632511e-08 +/- 7.45e-10 [25985 selected]
| >   graph_38    : 3.7760865969513388e-10 +/- 2.59e-11 [1134 selected]
| >   graph_39    : -7.5657712072451025e-09 +/- 3.71e-10 [12286 selected]
| >   graph_40    : -1.1354435013185483e-09 +/- 3.20e-09 [117962 selected]
| >   graph_41    : 2.1098236185961918e-09 +/- 2.62e-10 [9457 selected]
| >   graph_42    : 1.1021970149374372e-09 +/- 2.59e-09 [96569 selected]
| >   graph_43    : 3.3083488588441495e-09 +/- 2.34e-10 [7459 selected]
| >   graph_44    : 4.2204655301343122e-10 +/- 9.07e-11 [3054 selected]
| >   graph_45    : 2.1572244312478325e-10 +/- 1.10e-11 [1161 selected]
| >   graph_46    : -5.9625949940510831e-11 +/- 4.46e-12 [1150 selected]
| >   graph_47    : -6.9014213633373183e-09 +/- 1.45e-09 [52183 selected]
| >   graph_48    : -8.2371910869520356e-11 +/- 2.73e-11 [1165 selected]
| >   graph_49    : -3.3273294690127106e-08 +/- 9.62e-10 [34196 selected]
| >   graph_50    : 8.0588767423382001e-10 +/- 1.25e-10 [3438 selected]
| >   graph_51    : 5.7143352485907904e-09 +/- 1.30e-10 [3413 selected]
| >   graph_52    : 1.7430445423609840e-10 +/- 4.53e-11 [1126 selected]
| >   graph_53    : -6.8806930475680051e-10 +/- 2.20e-10 [8011 selected]
| >   graph_54    : -5.8644853482897938e-09 +/- 2.33e-09 [85909 selected]
| >   graph_55    : 1.2753019744591012e-09 +/- 1.72e-10 [6066 selected]
| >   graph_56    : -4.1807857813817368e-09 +/- 9.53e-11 [2453 selected]
| >   graph_57    : -1.2492719904947820e-08 +/- 6.81e-10 [23855 selected]
| >   graph_58    : 4.8958739537750608e-11 +/- 1.82e-11 [1220 selected]
| >   graph_59    : 3.0856844200148787e-11 +/- 1.70e-11 [1161 selected]
| >   graph_60    : -7.1089173559946465e-11 +/- 1.73e-11 [1146 selected]
| >   graph_61    : 1.1795683718227489e-08 +/- 1.38e-09 [51143 selected]
| >   graph_62    : -1.8281555852718337e-24 +/- 8.93e-25 [1209 selected]
| >   graph_63    : -1.1180427455012385e-09 +/- 7.05e-11 [1612 selected]
| >   graph_64    : 8.0920099051300400e-10 +/- 2.87e-11 [1171 selected]
| >   sum         : 1.9326768544692736e-08
| >   total       : 1.9326768544693004e-08
| >   difference  : -2.6800651846718097e-22
[92mINFO[0m [94msymbolica_integrator l.7237[0m [96mt=2026-09-09,09:28:27.551[0m > Symbolica integration: starting iteration [92m3/100[0m using [94m1000000[0m points ...
[92mINFO[0m [94msymbolica_integrator l.7270[0m [96mt=2026-09-09,09:32:37.569[0m > ... result after this iteration:
| > Integration result after [92m3000000[0m evaluations in [92m21316.83 CPU-s[0m [94m(7105.6 µs / eval)[0m
| > Extremal weights:
| >   with jacobian    : -1.11077e+04 at xs = [1.6941413724786641e-01 6.1785692877413478e-01 7.2119053335051386e-01 1.6790050845672277e-01 6.1491848901420887e-01 7.2207185050357348e-01] | jacobian = 3.33151e+15
| >     momentum space  : k = [[-4.6257614779050478e+01, -4.2281212141293828e+01, -5.2240766436543431e+01]; [-4.6417778158577441e+01, -4.0880545062087855e+01, -5.1851296609344892e+01]]
| >   without jacobian : 1.62954e-04 at xs = [1.6164149077169565e-01 2.6085236955890267e-01 8.9721079938485249e-01 8.2324179140336184e-08 5.1225524244098730e-01 7.2463903157375198e-01] | jacobian = 1.38181e+02
| >     momentum space  : k = [[-1.6675310514638584e+00, 2.4417189153168675e+01, -7.3136543377135908e+01]; [-2.4989887150780020e-05, -1.9280825066517941e-06, -2.1357703339973250e-05]]
| >   before clipping   : -1.11077e+04 at xs = [1.6941413724786641e-01 6.1785692877413478e-01 7.2119053335051386e-01 1.6790050845672277e-01 6.1491848901420887e-01 7.2207185050357348e-01]
| >     momentum space  : k = [[-4.6257614779050478e+01, -4.2281212141293828e+01, -5.2240766436543431e+01]; [-4.6417778158577441e+01, -4.0880545062087855e+01, -5.1851296609344892e+01]]
| > Stability pipeline: float pairs accepted = 4021244, HP pairs attempted/accepted = 15550/15550
| > Stability triggers: float mismatch = 15155, float non-finite/error = 1
| > Higher-precision rejections: disagreement = 0, non-finite = 0, error = 0
| > Soft-mirror stability: pairs = 1048057, large-side triggers = 387, HP orbits attempted/salvaged/failed = 11263/11263/0
| > Soft-mirror extrema: raw original = 6.23778e+06, post-average = 2.61933e+03
| > Strongest soft-mirror cancellation: residual/raw = 0.00000e+00
| > Unstable rotational-check points rejected = 0
| > Rotational-check high-precision retries = 15156
| > Rotational-check high-precision salvaged = 15156
| > Large-weight high-precision retries = 394
| > Large-weight high-precision salvaged = 394
| > Large-weight high-precision rejected = 0
| > Large-weight samples zeroed = 0 (0.000e+00 of samples; removed signed/absolute sums = 0.00000e+00/0.00000e+00)
| > Non-finite final outputs zeroed = 0
| > Non-finite float rotated evaluations seen = 0
| > Example higher-precision-retried xs = [2.6880750982012969e-01 1.7402049722655100e-01 6.0980772598890010e-02 9.9750773443479890e-01 3.0048234085139136e-01 8.2729716849149482e-01] | float rel = 1.44350e-07
| >     momentum space  : k = [[1.2864873913282938e+01, 2.4869169488989783e+01, 1.4436129598391815e+02]; [-2.5782389205217190e+04, 7.8539332094821817e+04, -1.3710486440690246e+05]]
| > Example large-weight higher-precision-retried xs = [1.9231173850990912e-01 6.5780162395444419e-01 8.8861886028403791e-01 7.0208850143205215e-04 5.4240755566925725e-01 5.0445441660376766e-01] | compiled = -1.10603e+04 | higher precision = -1.02451e-01
| >     momentum space  : k = [[-1.7873903535647262e+01, -2.7323121682648594e+01, -8.9469201105104602e+01]; [-2.7108866766462003e-01, -7.3992249469811575e-02, -3.9326328464896528e-03]]
| > [92mCentral value[0m : +2.1951042003906403e-08   +/- 4.63e-09     ([91m21.070%[0m)
[92mINFO[0m [94msymbolica_integrator l.7274[0m [96mt=2026-09-09,09:32:37.570[0m > | > Graph-channel Symbolica observer estimates:
| >   graph_0     : -2.0975626024875043e-08 +/- 1.09e-09 [55649 selected]
| >   graph_1     : 4.1570824459720419e-10 +/- 3.33e-11 [1438 selected]
| >   graph_2     : -1.2399166383392724e-08 +/- 2.90e-10 [17758 selected]
| >   graph_3     : 1.0965769937896004e-10 +/- 8.89e-12 [1053 selected]
| >   graph_4     : -5.6392921466901118e-10 +/- 6.97e-11 [2744 selected]
| >   graph_5     : -4.3578628347627418e-11 +/- 8.89e-12 [983 selected]
| >   graph_6     : -3.1411582022972945e-11 +/- 9.16e-12 [987 selected]
| >   graph_7     : 5.1805698268990041e-11 +/- 1.30e-11 [973 selected]
| >   graph_8     : -9.0316426320685460e-10 +/- 9.76e-11 [7110 selected]
| >   graph_9     : 9.8829739580808005e-10 +/- 9.91e-11 [7321 selected]
| >   graph_10    : -2.1566734897945112e-09 +/- 8.07e-10 [38739 selected]
| >   graph_11    : 4.3896004421794836e-28 +/- 2.37e-27 [1090 selected]
| >   graph_12    : -5.6170560262179720e-10 +/- 6.77e-11 [4988 selected]
| >   graph_13    : -1.1391988925923936e-08 +/- 5.35e-10 [30923 selected]
| >   graph_14    : 1.1902207919078764e-10 +/- 4.19e-12 [1004 selected]
| >   graph_15    : -1.2626349630378851e-24 +/- 8.97e-25 [1011 selected]
| >   graph_16    : 3.8578233127908771e-09 +/- 6.58e-11 [3322 selected]
| >   graph_17    : -3.5343598829988317e-10 +/- 1.30e-11 [992 selected]
| >   graph_18    : 1.1777908517088763e-08 +/- 6.25e-10 [33520 selected]
| >   graph_19    : 1.0407104561906583e-09 +/- 3.18e-11 [1186 selected]
| >   graph_20    : -7.6752460407497322e-10 +/- 2.22e-11 [978 selected]
| >   graph_21    : -7.6134650631309143e-10 +/- 1.07e-10 [7705 selected]
| >   graph_22    : -5.3650673563440128e-10 +/- 7.06e-11 [2776 selected]
| >   graph_23    : -3.2628950407768093e-10 +/- 3.13e-11 [1033 selected]
| >   graph_24    : 3.9016441057375126e-10 +/- 9.04e-11 [4681 selected]
| >   graph_25    : 4.9257413063507017e-10 +/- 6.39e-11 [2122 selected]
| >   graph_26    : -2.2536247894501563e-10 +/- 8.27e-12 [1041 selected]
| >   graph_27    : -2.6455237512883834e-11 +/- 9.28e-13 [1031 selected]
| >   graph_28    : -1.2214403716722851e-09 +/- 4.83e-11 [1996 selected]
| >   graph_29    : 6.6800859931473908e-08 +/- 1.35e-09 [66510 selected]
| >   graph_30    : -3.6681446863728677e-09 +/- 1.47e-09 [51560 selected]
| >   graph_31    : 3.9586536542554917e-11 +/- 2.71e-12 [979 selected]
| >   graph_32    : -1.2788549228748744e-10 +/- 4.55e-11 [2486 selected]
| >   graph_33    : -1.9964732453306738e-09 +/- 1.51e-10 [7143 selected]
| >   graph_34    : -3.2256995505198872e-25 +/- 3.02e-25 [1034 selected]
| >   graph_35    : 2.4926853654012510e-08 +/- 1.23e-09 [95494 selected]
| >   graph_36    : -2.9417300920509709e-09 +/- 1.55e-10 [9716 selected]
| >   graph_37    : 1.6385087892565698e-08 +/- 5.15e-10 [30099 selected]
| >   graph_38    : 3.8658469859765716e-10 +/- 2.18e-11 [986 selected]
| >   graph_39    : -7.6420872130132513e-09 +/- 2.62e-10 [15916 selected]
| >   graph_40    : -1.2072553766714450e-09 +/- 2.19e-09 [103987 selected]
| >   graph_41    : 1.9970718660761230e-09 +/- 1.78e-10 [11904 selected]
| >   graph_42    : 2.3653719625926183e-09 +/- 1.73e-09 [66790 selected]
| >   graph_43    : 3.3051272448402154e-09 +/- 1.65e-10 [10379 selected]
| >   graph_44    : 4.1850006979853231e-10 +/- 6.26e-11 [4469 selected]
| >   graph_45    : 2.2686893551572473e-10 +/- 8.19e-12 [1052 selected]
| >   graph_46    : -6.1185139244420771e-11 +/- 3.31e-12 [986 selected]
| >   graph_47    : -6.7110079536589910e-09 +/- 9.85e-10 [57465 selected]
| >   graph_48    : -8.5925181339838842e-11 +/- 1.97e-11 [1325 selected]
| >   graph_49    : -3.3809012609189662e-08 +/- 6.58e-10 [35742 selected]
| >   graph_50    : 8.5633094553226999e-10 +/- 9.34e-11 [5121 selected]
| >   graph_51    : 5.7786813001227587e-09 +/- 9.56e-11 [5141 selected]
| >   graph_52    : 1.7536215646029851e-10 +/- 3.63e-11 [1211 selected]
| >   graph_53    : -7.0411194942545085e-10 +/- 1.49e-10 [10343 selected]
| >   graph_54    : -4.8808581972942966e-09 +/- 1.56e-09 [74193 selected]
| >   graph_55    : 1.2442971794861407e-09 +/- 1.17e-10 [8311 selected]
| >   graph_56    : -4.2257039254980351e-09 +/- 7.04e-11 [3834 selected]
| >   graph_57    : -1.2699465409745069e-08 +/- 4.65e-10 [27239 selected]
| >   graph_58    : 6.1028415163220562e-11 +/- 1.54e-11 [1027 selected]
| >   graph_59    : 1.5731814781025347e-11 +/- 1.44e-11 [1060 selected]
| >   graph_60    : -7.8766552080297126e-11 +/- 1.48e-11 [1110 selected]
| >   graph_61    : 1.2080003887794203e-08 +/- 9.31e-10 [44650 selected]
| >   graph_62    : 1.1068795862895697e-24 +/- 3.33e-24 [1104 selected]
| >   graph_63    : -1.0899515448794133e-09 +/- 5.38e-11 [2470 selected]
| >   graph_64    : 8.1919167749507519e-10 +/- 2.42e-11 [1010 selected]
| >   sum         : 2.1951042003906813e-08
| >   total       : 2.1951042003906403e-08
| >   difference  : 4.1028158382630173e-22
[92mINFO[0m [94msymbolica_integrator l.7237[0m [96mt=2026-09-09,09:32:37.570[0m > Symbolica integration: starting iteration [92m4/100[0m using [94m1000000[0m points ...
[92mINFO[0m [94msymbolica_integrator l.7270[0m [96mt=2026-09-09,09:37:27.908[0m > ... result after this iteration:
| > Integration result after [92m4000000[0m evaluations in [92m27494.53 CPU-s[0m [94m(6873.6 µs / eval)[0m
| > Extremal weights:
| >   with jacobian    : -1.11077e+04 at xs = [1.6941413724786641e-01 6.1785692877413478e-01 7.2119053335051386e-01 1.6790050845672277e-01 6.1491848901420887e-01 7.2207185050357348e-01] | jacobian = 3.33151e+15
| >     momentum space  : k = [[-4.6257614779050478e+01, -4.2281212141293828e+01, -5.2240766436543431e+01]; [-4.6417778158577441e+01, -4.0880545062087855e+01, -5.1851296609344892e+01]]
| >   without jacobian : 1.62954e-04 at xs = [1.6164149077169565e-01 2.6085236955890267e-01 8.9721079938485249e-01 8.2324179140336184e-08 5.1225524244098730e-01 7.2463903157375198e-01] | jacobian = 1.38181e+02
| >     momentum space  : k = [[-1.6675310514638584e+00, 2.4417189153168675e+01, -7.3136543377135908e+01]; [-2.4989887150780020e-05, -1.9280825066517941e-06, -2.1357703339973250e-05]]
| >   before clipping   : -1.11077e+04 at xs = [1.6941413724786641e-01 6.1785692877413478e-01 7.2119053335051386e-01 1.6790050845672277e-01 6.1491848901420887e-01 7.2207185050357348e-01]
| >     momentum space  : k = [[-4.6257614779050478e+01, -4.2281212141293828e+01, -5.2240766436543431e+01]; [-4.6417778158577441e+01, -4.0880545062087855e+01, -5.1851296609344892e+01]]
| > Stability pipeline: float pairs accepted = 5429362, HP pairs attempted/accepted = 25686/25686
| > Stability triggers: float mismatch = 24972, float non-finite/error = 1
| > HP precision escalations: attempted/accepted = 3/3
| > Higher-precision rejections: disagreement = 0, non-finite = 0, error = 0
| > Soft-mirror stability: pairs = 1474604, large-side triggers = 699, HP orbits attempted/salvaged/failed = 19556/19556/0
| > Soft-mirror extrema: raw original = 6.23778e+06, post-average = 2.66685e+03
| > Strongest soft-mirror cancellation: residual/raw = 0.00000e+00
| > Unstable rotational-check points rejected = 0
| > Rotational-check high-precision retries = 24973
| > Rotational-check high-precision salvaged = 24973
| > Large-weight high-precision retries = 713
| > Large-weight high-precision salvaged = 713
| > Large-weight high-precision rejected = 0
| > Large-weight samples zeroed = 0 (0.000e+00 of samples; removed signed/absolute sums = 0.00000e+00/0.00000e+00)
| > Non-finite final outputs zeroed = 0
| > Non-finite float rotated evaluations seen = 0
| > Example higher-precision-retried xs = [2.6880750982012969e-01 1.7402049722655100e-01 6.0980772598890010e-02 9.9750773443479890e-01 3.0048234085139136e-01 8.2729716849149482e-01] | float rel = 1.44350e-07
| >     momentum space  : k = [[1.2864873913282938e+01, 2.4869169488989783e+01, 1.4436129598391815e+02]; [-2.5782389205217190e+04, 7.8539332094821817e+04, -1.3710486440690246e+05]]
| > Example large-weight higher-precision-retried xs = [1.9231173850990912e-01 6.5780162395444419e-01 8.8861886028403791e-01 7.0208850143205215e-04 5.4240755566925725e-01 5.0445441660376766e-01] | compiled = -1.10603e+04 | higher precision = -1.02451e-01
| >     momentum space  : k = [[-1.7873903535647262e+01, -2.7323121682648594e+01, -8.9469201105104602e+01]; [-2.7108866766462003e-01, -7.3992249469811575e-02, -3.9326328464896528e-03]]
| > [92mCentral value[0m : +2.3834438383219815e-08   +/- 3.50e-09     ([91m14.697%[0m)
[92mINFO[0m [94msymbolica_integrator l.7274[0m [96mt=2026-09-09,09:37:27.909[0m > | > Graph-channel Symbolica observer estimates:
| >   graph_0     : -2.1014058776137872e-08 +/- 8.24e-10 [50655 selected]
| >   graph_1     : 4.1332580338704783e-10 +/- 3.27e-11 [1500 selected]
| >   graph_2     : -1.2459878332022730e-08 +/- 2.26e-10 [16101 selected]
| >   graph_3     : 1.0894811611630687e-10 +/- 7.38e-12 [1211 selected]
| >   graph_4     : -5.5044466043849877e-10 +/- 5.71e-11 [2786 selected]
| >   graph_5     : -3.9342021909642565e-11 +/- 7.53e-12 [1189 selected]
| >   graph_6     : -3.0172474452136319e-11 +/- 7.77e-12 [1191 selected]
| >   graph_7     : 5.5861627299602185e-11 +/- 1.11e-11 [1253 selected]
| >   graph_8     : -8.9732851797292615e-10 +/- 7.44e-11 [6706 selected]
| >   graph_9     : 1.0161291809256792e-09 +/- 7.58e-11 [6675 selected]
| >   graph_10    : -2.3083957947779301e-09 +/- 6.08e-10 [34372 selected]
| >   graph_11    : 2.1668114316029403e-27 +/- 1.87e-27 [1252 selected]
| >   graph_12    : -5.5464713209600162e-10 +/- 5.18e-11 [4944 selected]
| >   graph_13    : -1.1413394285208137e-08 +/- 4.28e-10 [28685 selected]
| >   graph_14    : 1.1734734533703084e-10 +/- 3.29e-12 [1241 selected]
| >   graph_15    : 1.0203585467468267e-25 +/- 1.07e-24 [1152 selected]
| >   graph_16    : 3.8806260916629211e-09 +/- 5.32e-11 [3468 selected]
| >   graph_17    : -3.5937727993617416e-10 +/- 1.03e-11 [1221 selected]
| >   graph_18    : 1.1792831159172877e-08 +/- 4.71e-10 [29106 selected]
| >   graph_19    : 1.0829237536004858e-09 +/- 2.74e-11 [1314 selected]
| >   graph_20    : -7.6827030702790533e-10 +/- 1.90e-11 [1140 selected]
| >   graph_21    : -7.9017792473270942e-10 +/- 8.12e-11 [7412 selected]
| >   graph_22    : -5.6377022254559421e-10 +/- 5.72e-11 [2854 selected]
| >   graph_23    : -2.9116528180544964e-10 +/- 2.58e-11 [1143 selected]
| >   graph_24    : 4.3301063953213097e-10 +/- 7.38e-11 [4779 selected]
| >   graph_25    : 4.5478432078665886e-10 +/- 5.30e-11 [2267 selected]
| >   graph_26    : -2.2117128414570563e-10 +/- 6.49e-12 [1165 selected]
| >   graph_27    : -2.6772176924925102e-11 +/- 7.40e-13 [1175 selected]
| >   graph_28    : -1.1939769064454535e-09 +/- 3.94e-11 [2028 selected]
| >   graph_29    : 6.7115454544784892e-08 +/- 1.03e-09 [64873 selected]
| >   graph_30    : -3.1090196679869866e-09 +/- 1.10e-09 [107315 selected]
| >   graph_31    : 4.0296535688192449e-11 +/- 2.27e-12 [1213 selected]
| >   graph_32    : -1.0011679184790208e-10 +/- 3.75e-11 [2519 selected]
| >   graph_33    : -1.9775760904081097e-09 +/- 1.20e-10 [7082 selected]
| >   graph_34    : -4.2946022805260472e-26 +/- 2.59e-25 [1190 selected]
| >   graph_35    : 2.4847967281113676e-08 +/- 9.34e-10 [78875 selected]
| >   graph_36    : -2.9918636261332961e-09 +/- 1.22e-10 [9430 selected]
| >   graph_37    : 1.6118657504670667e-08 +/- 3.98e-10 [27425 selected]
| >   graph_38    : 3.9151713031268026e-10 +/- 1.86e-11 [1215 selected]
| >   graph_39    : -7.6484969419339125e-09 +/- 2.07e-10 [15041 selected]
| >   graph_40    : -8.5871752427185849e-10 +/- 1.65e-09 [119263 selected]
| >   graph_41    : 1.9053313740206451e-09 +/- 1.35e-10 [11056 selected]
| >   graph_42    : 2.9616867545605442e-09 +/- 1.30e-09 [60286 selected]
| >   graph_43    : 3.3035829694850243e-09 +/- 1.30e-10 [9779 selected]
| >   graph_44    : 4.1985743988789687e-10 +/- 4.82e-11 [4435 selected]
| >   graph_45    : 2.2890542203466408e-10 +/- 6.54e-12 [1165 selected]
| >   graph_46    : -6.0402108566644499e-11 +/- 2.63e-12 [1162 selected]
| >   graph_47    : -6.6138242686523387e-09 +/- 7.44e-10 [51385 selected]
| >   graph_48    : -8.7042662225787998e-11 +/- 1.56e-11 [1364 selected]
| >   graph_49    : -3.3913105596423358e-08 +/- 5.04e-10 [32691 selected]
| >   graph_50    : 8.3248114122348131e-10 +/- 7.35e-11 [5166 selected]
| >   graph_51    : 5.7763054863889280e-09 +/- 7.71e-11 [5095 selected]
| >   graph_52    : 1.6853016863618348e-10 +/- 3.04e-11 [1244 selected]
| >   graph_53    : -7.3364897493892318e-10 +/- 1.13e-10 [9809 selected]
| >   graph_54    : -4.1223763966518017e-09 +/- 1.19e-09 [64826 selected]
| >   graph_55    : 1.2281762246783415e-09 +/- 8.96e-11 [7763 selected]
| >   graph_56    : -4.2074768747591526e-09 +/- 5.67e-11 [3696 selected]
| >   graph_57    : -1.2854897202343362e-08 +/- 3.55e-10 [24686 selected]
| >   graph_58    : 5.2683315809903239e-11 +/- 1.29e-11 [1206 selected]
| >   graph_59    : 2.2415475301501766e-11 +/- 1.22e-11 [1205 selected]
| >   graph_60    : -7.5424860879627092e-11 +/- 1.26e-11 [1216 selected]
| >   graph_61    : 1.2190147723254956e-08 +/- 7.03e-10 [40240 selected]
| >   graph_62    : 2.1261442084427241e-25 +/- 2.53e-24 [1214 selected]
| >   graph_63    : -1.1104078746690749e-09 +/- 4.41e-11 [2611 selected]
| >   graph_64    : 8.2139469481910307e-10 +/- 2.08e-11 [1274 selected]
| >   sum         : 2.3834438383220096e-08
| >   total       : 2.3834438383219815e-08
| >   difference  : 2.8124140826802941e-22
[92mINFO[0m [94msymbolica_integrator l.7237[0m [96mt=2026-09-09,09:37:27.909[0m > Symbolica integration: starting iteration [92m5/100[0m using [94m1000000[0m points ...
[92mINFO[0m [94msymbolica_integrator l.7270[0m [96mt=2026-09-09,09:40:40.440[0m > ... result after this iteration:
| > Integration result after [92m5000000[0m evaluations in [92m32839.93 CPU-s[0m [94m(6568.0 µs / eval)[0m
| > Extremal weights:
| >   with jacobian    : -1.11077e+04 at xs = [1.6941413724786641e-01 6.1785692877413478e-01 7.2119053335051386e-01 1.6790050845672277e-01 6.1491848901420887e-01 7.2207185050357348e-01] | jacobian = 3.33151e+15
| >     momentum space  : k = [[-4.6257614779050478e+01, -4.2281212141293828e+01, -5.2240766436543431e+01]; [-4.6417778158577441e+01, -4.0880545062087855e+01, -5.1851296609344892e+01]]
| >   without jacobian : 1.62954e-04 at xs = [1.6164149077169565e-01 2.6085236955890267e-01 8.9721079938485249e-01 8.2324179140336184e-08 5.1225524244098730e-01 7.2463903157375198e-01] | jacobian = 1.38181e+02
| >     momentum space  : k = [[-1.6675310514638584e+00, 2.4417189153168675e+01, -7.3136543377135908e+01]; [-2.4989887150780020e-05, -1.9280825066517941e-06, -2.1357703339973250e-05]]
| >   before clipping   : -1.11077e+04 at xs = [1.6941413724786641e-01 6.1785692877413478e-01 7.2119053335051386e-01 1.6790050845672277e-01 6.1491848901420887e-01 7.2207185050357348e-01]
| >     momentum space  : k = [[-4.6257614779050478e+01, -4.2281212141293828e+01, -5.2240766436543431e+01]; [-4.6417778158577441e+01, -4.0880545062087855e+01, -5.1851296609344892e+01]]
| > Stability pipeline: float pairs accepted = 6838218, HP pairs attempted/accepted = 38298/38298
| > Stability triggers: float mismatch = 37063, float non-finite/error = 1
| > HP precision escalations: attempted/accepted = 4/4
| > Higher-precision rejections: disagreement = 0, non-finite = 0, error = 0
| > Soft-mirror stability: pairs = 1906612, large-side triggers = 1207, HP orbits attempted/salvaged/failed = 30096/30096/0
| > Soft-mirror extrema: raw original = 6.23778e+06, post-average = 2.69224e+03
| > Strongest soft-mirror cancellation: residual/raw = 0.00000e+00
| > Unstable rotational-check points rejected = 0
| > Rotational-check high-precision retries = 37064
| > Rotational-check high-precision salvaged = 37064
| > Large-weight high-precision retries = 1234
| > Large-weight high-precision salvaged = 1234
| > Large-weight high-precision rejected = 0
| > Large-weight samples zeroed = 0 (0.000e+00 of samples; removed signed/absolute sums = 0.00000e+00/0.00000e+00)
| > Non-finite final outputs zeroed = 0
| > Non-finite float rotated evaluations seen = 0
| > Example higher-precision-retried xs = [2.6880750982012969e-01 1.7402049722655100e-01 6.0980772598890010e-02 9.9750773443479890e-01 3.0048234085139136e-01 8.2729716849149482e-01] | float rel = 1.44350e-07
| >     momentum space  : k = [[1.2864873913282938e+01, 2.4869169488989783e+01, 1.4436129598391815e+02]; [-2.5782389205217190e+04, 7.8539332094821817e+04, -1.3710486440690246e+05]]
| > Example large-weight higher-precision-retried xs = [1.9231173850990912e-01 6.5780162395444419e-01 8.8861886028403791e-01 7.0208850143205215e-04 5.4240755566925725e-01 5.0445441660376766e-01] | compiled = -1.10603e+04 | higher precision = -1.02451e-01
| >     momentum space  : k = [[-1.7873903535647262e+01, -2.7323121682648594e+01, -8.9469201105104602e+01]; [-2.7108866766462003e-01, -7.3992249469811575e-02, -3.9326328464896528e-03]]
| > [92mCentral value[0m : +2.5269360630182608e-08   +/- 2.83e-09     ([91m11.180%[0m)
[92mINFO[0m [94msymbolica_integrator l.7274[0m [96mt=2026-09-09,09:40:40.441[0m > | > Graph-channel Symbolica observer estimates:
| >   graph_0     : -2.0836968602169387e-08 +/- 6.67e-10 [51691 selected]
| >   graph_1     : 4.0225388184762877e-10 +/- 2.78e-11 [1677 selected]
| >   graph_2     : -1.2581915420627604e-08 +/- 1.87e-10 [16324 selected]
| >   graph_3     : 1.0390011003283734e-10 +/- 6.43e-12 [1142 selected]
| >   graph_4     : -5.5550012107278544e-10 +/- 4.86e-11 [2858 selected]
| >   graph_5     : -3.5470279229219801e-11 +/- 6.62e-12 [1190 selected]
| >   graph_6     : -3.2085542543966037e-11 +/- 6.86e-12 [1189 selected]
| >   graph_7     : 5.3604973347408014e-11 +/- 9.79e-12 [1172 selected]
| >   graph_8     : -8.9710776097331330e-10 +/- 6.04e-11 [6892 selected]
| >   graph_9     : 1.0272797009163560e-09 +/- 6.17e-11 [6796 selected]
| >   graph_10    : -2.4378257094583391e-09 +/- 4.89e-10 [34429 selected]
| >   graph_11    : 2.6504780585519289e-27 +/- 1.56e-27 [1192 selected]
| >   graph_12    : -5.5878469443774904e-10 +/- 4.21e-11 [5122 selected]
| >   graph_13    : -1.1381684751821775e-08 +/- 3.49e-10 [31851 selected]
| >   graph_14    : 1.1509835582647970e-10 +/- 2.73e-12 [1133 selected]
| >   graph_15    : 6.5007524276981768e-25 +/- 9.49e-25 [1191 selected]
| >   graph_16    : 3.8766236858214242e-09 +/- 4.52e-11 [3487 selected]
| >   graph_17    : -3.6223137414820453e-10 +/- 8.65e-12 [1197 selected]
| >   graph_18    : 1.1732857946331734e-08 +/- 3.79e-10 [28660 selected]
| >   graph_19    : 1.0837028608623232e-09 +/- 2.39e-11 [1392 selected]
| >   graph_20    : -7.6502796183575119e-10 +/- 1.67e-11 [1163 selected]
| >   graph_21    : -8.2000191339069335e-10 +/- 6.59e-11 [7283 selected]
| >   graph_22    : -5.3837006219873885e-10 +/- 4.72e-11 [2911 selected]
| >   graph_23    : -2.7841162876334311e-10 +/- 2.18e-11 [1156 selected]
| >   graph_24    : 4.7108000056823151e-10 +/- 6.28e-11 [5010 selected]
| >   graph_25    : 4.6898557996341619e-10 +/- 4.52e-11 [2465 selected]
| >   graph_26    : -2.1975162012307853e-10 +/- 5.41e-12 [1179 selected]
| >   graph_27    : -2.6594610049616019e-11 +/- 6.20e-13 [1169 selected]
| >   graph_28    : -1.1672445182145975e-09 +/- 3.37e-11 [2255 selected]
| >   graph_29    : 6.7307216958450627e-08 +/- 8.31e-10 [67220 selected]
| >   graph_30    : -2.6990245534404897e-09 +/- 8.86e-10 [93605 selected]
| >   graph_31    : 4.0463637780794328e-11 +/- 1.99e-12 [1232 selected]
| >   graph_32    : -8.7974111840546904e-11 +/- 3.17e-11 [2742 selected]
| >   graph_33    : -1.9276766059972557e-09 +/- 1.01e-10 [7175 selected]
| >   graph_34    : 2.4189706892020008e-27 +/- 2.14e-25 [1132 selected]
| >   graph_35    : 2.5004005304176091e-08 +/- 7.53e-10 [77642 selected]
| >   graph_36    : -2.9926454782832153e-09 +/- 1.01e-10 [9471 selected]
| >   graph_37    : 1.6234349264890020e-08 +/- 3.28e-10 [28832 selected]
| >   graph_38    : 4.0216464456204767e-10 +/- 1.65e-11 [1220 selected]
| >   graph_39    : -7.7230415437100275e-09 +/- 1.73e-10 [15364 selected]
| >   graph_40    : -6.8822586346227320e-10 +/- 1.33e-09 [117789 selected]
| >   graph_41    : 1.8860316414016896e-09 +/- 1.10e-10 [11168 selected]
| >   graph_42    : 3.2536056898053854e-09 +/- 1.05e-09 [60701 selected]
| >   graph_43    : 3.2715537604746757e-09 +/- 1.08e-10 [10046 selected]
| >   graph_44    : 4.3075493836449422e-10 +/- 3.95e-11 [4619 selected]
| >   graph_45    : 2.3504189881825936e-10 +/- 5.51e-12 [1268 selected]
| >   graph_46    : -6.0466047406227118e-11 +/- 2.20e-12 [1154 selected]
| >   graph_47    : -6.6306131320256398e-09 +/- 6.05e-10 [50665 selected]
| >   graph_48    : -1.0053268132339689e-10 +/- 1.30e-11 [1531 selected]
| >   graph_49    : -3.4110637013841273e-08 +/- 4.11e-10 [33563 selected]
| >   graph_50    : 8.7190866015444937e-10 +/- 6.67e-11 [5349 selected]
| >   graph_51    : 5.7990346906232343e-09 +/- 6.56e-11 [5229 selected]
| >   graph_52    : 1.7152501531636135e-10 +/- 2.63e-11 [1410 selected]
| >   graph_53    : -7.4975768207124020e-10 +/- 9.16e-11 [9658 selected]
| >   graph_54    : -3.7683804611467583e-09 +/- 9.51e-10 [69465 selected]
| >   graph_55    : 1.2080644876483640e-09 +/- 7.29e-11 [8110 selected]
| >   graph_56    : -4.1929410351931024e-09 +/- 4.80e-11 [3911 selected]
| >   graph_57    : -1.2891761973066904e-08 +/- 2.90e-10 [24536 selected]
| >   graph_58    : 5.5621264583416745e-11 +/- 1.13e-11 [1225 selected]
| >   graph_59    : 2.4319885343381676e-11 +/- 1.09e-11 [1153 selected]
| >   graph_60    : -7.6905653517665603e-11 +/- 1.11e-11 [1187 selected]
| >   graph_61    : 1.2230678311841121e-08 +/- 5.67e-10 [40131 selected]
| >   graph_62    : 8.7151118936528641e-25 +/- 2.11e-24 [1225 selected]
| >   graph_63    : -1.1305738926169146e-09 +/- 3.79e-11 [2857 selected]
| >   graph_64    : 8.3376778043154193e-10 +/- 1.85e-11 [1239 selected]
| >   sum         : 2.5269360630182701e-08
| >   total       : 2.5269360630182608e-08
| >   difference  : 9.2644228605939100e-23
[92mINFO[0m [94msymbolica_integrator l.7237[0m [96mt=2026-09-09,09:40:40.441[0m > Symbolica integration: starting iteration [92m6/100[0m using [94m1000000[0m points ...
[92mINFO[0m [94msymbolica_integrator l.7270[0m [96mt=2026-09-09,09:43:21.311[0m > ... result after this iteration:
| > Integration result after [92m6000000[0m evaluations in [92m38612.21 CPU-s[0m [94m(6435.4 µs / eval)[0m
| > Extremal weights:
| >   with jacobian    : 6.63536e+04 at xs = [1.3141311583970786e-05 6.8498121233374432e-01 4.9830331907670439e-01 1.5847511949711254e-01 4.3096307781569770e-01 5.5308102252394686e-01] | jacobian = 1.36113e+07
| >     momentum space  : k = [[-2.0881849120054281e-03, -4.8239481925157210e-03, 1.5012322902237358e+02]; [-6.7403104343664040e+01, 3.1220717590989349e+01, -1.2503412305961579e+01]]
| >   without jacobian : 4.87487e-03 at xs = [1.3141311583970786e-05 6.8498121233374432e-01 4.9830331907670439e-01 1.5847511949711254e-01 4.3096307781569770e-01 5.5308102252394686e-01] | jacobian = 1.36113e+07
| >     momentum space  : k = [[-2.0881849120054281e-03, -4.8239481925157210e-03, 1.5012322902237358e+02]; [-6.7403104343664040e+01, 3.1220717590989349e+01, -1.2503412305961579e+01]]
| >   before clipping   : 6.63536e+04 at xs = [1.3141311583970786e-05 6.8498121233374432e-01 4.9830331907670439e-01 1.5847511949711254e-01 4.3096307781569770e-01 5.5308102252394686e-01]
| >     momentum space  : k = [[-2.0881849120054281e-03, -4.8239481925157210e-03, 1.5012322902237358e+02]; [-6.7403104343664040e+01, 3.1220717590989349e+01, -1.2503412305961579e+01]]
| > Stability pipeline: float pairs accepted = 8242465, HP pairs attempted/accepted = 53133/53133
| > Stability triggers: float mismatch = 51237, float non-finite/error = 1
| > HP precision escalations: attempted/accepted = 5/5
| > Higher-precision rejections: disagreement = 0, non-finite = 0, error = 0
| > Soft-mirror stability: pairs = 2338111, large-side triggers = 1852, HP orbits attempted/salvaged/failed = 42513/42513/0
| > Soft-mirror extrema: raw original = -8.66863e+06, post-average = 6.63536e+04
| > Strongest soft-mirror cancellation: residual/raw = 0.00000e+00
| > Unstable rotational-check points rejected = 0
| > Rotational-check high-precision retries = 51238
| > Rotational-check high-precision salvaged = 51238
| > Large-weight high-precision retries = 1895
| > Large-weight high-precision salvaged = 1895
| > Large-weight high-precision rejected = 0
| > Large-weight samples zeroed = 0 (0.000e+00 of samples; removed signed/absolute sums = 0.00000e+00/0.00000e+00)
| > Non-finite final outputs zeroed = 0
| > Non-finite float rotated evaluations seen = 0
| > Example higher-precision-retried xs = [2.6880750982012969e-01 1.7402049722655100e-01 6.0980772598890010e-02 9.9750773443479890e-01 3.0048234085139136e-01 8.2729716849149482e-01] | float rel = 1.44350e-07
| >     momentum space  : k = [[1.2864873913282938e+01, 2.4869169488989783e+01, 1.4436129598391815e+02]; [-2.5782389205217190e+04, 7.8539332094821817e+04, -1.3710486440690246e+05]]
| > Example large-weight higher-precision-retried xs = [1.9231173850990912e-01 6.5780162395444419e-01 8.8861886028403791e-01 7.0208850143205215e-04 5.4240755566925725e-01 5.0445441660376766e-01] | compiled = -1.10603e+04 | higher precision = -1.02451e-01
| >     momentum space  : k = [[-1.7873903535647262e+01, -2.7323121682648594e+01, -8.9469201105104602e+01]; [-2.7108866766462003e-01, -7.3992249469811575e-02, -3.9326328464896528e-03]]
| > [92mCentral value[0m : +2.8167490497127333e-08   +/- 3.38e-09     ([91m11.986%[0m)
[92mINFO[0m [94msymbolica_integrator l.7274[0m [96mt=2026-09-09,09:43:21.312[0m > | > Graph-channel Symbolica observer estimates:
| >   graph_0     : -2.0876364232096972e-08 +/- 5.62e-10 [52726 selected]
| >   graph_1     : 4.0387383768066282e-10 +/- 2.52e-11 [1699 selected]
| >   graph_2     : -1.2642331359932196e-08 +/- 1.60e-10 [16436 selected]
| >   graph_3     : 1.0319036220875568e-10 +/- 5.68e-12 [1146 selected]
| >   graph_4     : -5.6045349244656988e-10 +/- 4.26e-11 [3021 selected]
| >   graph_5     : -3.6156021697936025e-11 +/- 5.94e-12 [1210 selected]
| >   graph_6     : -3.5183442344645860e-11 +/- 6.24e-12 [1202 selected]
| >   graph_7     : 5.5766516277867090e-11 +/- 8.81e-12 [1240 selected]
| >   graph_8     : -9.0397965569236013e-10 +/- 5.11e-11 [6866 selected]
| >   graph_9     : 1.0335458001927518e-09 +/- 5.22e-11 [6806 selected]
| >   graph_10    : -2.4571397873656843e-09 +/- 4.13e-10 [33874 selected]
| >   graph_11    : 2.5959035955407281e-27 +/- 1.35e-27 [1254 selected]
| >   graph_12    : -5.4910190236076270e-10 +/- 3.57e-11 [5208 selected]
| >   graph_13    : -1.1558950183173112e-08 +/- 2.99e-10 [31890 selected]
| >   graph_14    : 1.1390060335151440e-10 +/- 2.36e-12 [1194 selected]
| >   graph_15    : 8.3018217888993747e-25 +/- 8.29e-25 [1186 selected]
| >   graph_16    : 3.8652037605651336e-09 +/- 3.96e-11 [3591 selected]
| >   graph_17    : -3.6307893333408943e-10 +/- 7.49e-12 [1243 selected]
| >   graph_18    : 1.1806038067343342e-08 +/- 3.18e-10 [28415 selected]
| >   graph_19    : 1.0762461505806677e-09 +/- 2.13e-11 [1415 selected]
| >   graph_20    : -7.6043148535544977e-10 +/- 1.50e-11 [1173 selected]
| >   graph_21    : -8.2695821450427719e-10 +/- 5.57e-11 [7401 selected]
| >   graph_22    : -5.3718648715699922e-10 +/- 4.04e-11 [3165 selected]
| >   graph_23    : -2.8132009660236850e-10 +/- 1.93e-11 [1265 selected]
| >   graph_24    : 4.8703821320416681e-10 +/- 5.52e-11 [5043 selected]
| >   graph_25    : 4.6083652020267961e-10 +/- 3.98e-11 [2676 selected]
| >   graph_26    : -2.1811116132521790e-10 +/- 4.66e-12 [1216 selected]
| >   graph_27    : -2.6772270340006807e-11 +/- 5.39e-13 [1223 selected]
| >   graph_28    : -1.1425058887053109e-09 +/- 2.97e-11 [2355 selected]
| >   graph_29    : 6.7462703961697155e-08 +/- 6.99e-10 [68306 selected]
| >   graph_30    : -2.4743920344091456e-09 +/- 7.40e-10 [88685 selected]
| >   graph_31    : 4.0600424393962965e-11 +/- 1.79e-12 [1193 selected]
| >   graph_32    : -9.2552664468804321e-11 +/- 2.78e-11 [2808 selected]
| >   graph_33    : -1.9189253734354957e-09 +/- 8.72e-11 [7376 selected]
| >   graph_34    : 9.2545891245574898e-26 +/- 1.86e-25 [1236 selected]
| >   graph_35    : 2.4925979948549863e-08 +/- 6.41e-10 [77181 selected]
| >   graph_36    : -3.0191108696211023e-09 +/- 8.75e-11 [9600 selected]
| >   graph_37    : 1.6163159977915481e-08 +/- 2.80e-10 [28894 selected]
| >   graph_38    : 4.0357898303091743e-10 +/- 1.49e-11 [1227 selected]
| >   graph_39    : -7.6820645409075336e-09 +/- 1.50e-10 [15306 selected]
| >   graph_40    : 1.8531854612776631e-09 +/- 2.64e-09 [119835 selected]
| >   graph_41    : 1.8513339324942223e-09 +/- 9.25e-11 [10842 selected]
| >   graph_42    : 3.4165395764773422e-09 +/- 8.73e-10 [60252 selected]
| >   graph_43    : 3.2376201387994408e-09 +/- 9.32e-11 [9912 selected]
| >   graph_44    : 4.3873116116167125e-10 +/- 3.36e-11 [4769 selected]
| >   graph_45    : 2.3299091403989486e-10 +/- 4.78e-12 [1107 selected]
| >   graph_46    : -6.0953889817504147e-11 +/- 1.92e-12 [1190 selected]
| >   graph_47    : -6.7715868156410796e-09 +/- 5.21e-10 [52115 selected]
| >   graph_48    : -1.0013663048963811e-10 +/- 1.12e-11 [1509 selected]
| >   graph_49    : -3.4141864920674579e-08 +/- 3.49e-10 [33651 selected]
| >   graph_50    : 8.7503593207372616e-10 +/- 5.77e-11 [5706 selected]
| >   graph_51    : 5.8014472454699094e-09 +/- 5.76e-11 [5305 selected]
| >   graph_52    : 1.7737694126395809e-10 +/- 2.34e-11 [1523 selected]
| >   graph_53    : -7.5391608128285025e-10 +/- 7.72e-11 [9609 selected]
| >   graph_54    : -3.5112863650663643e-09 +/- 7.95e-10 [68472 selected]
| >   graph_55    : 1.1790833320240051e-09 +/- 6.17e-11 [7739 selected]
| >   graph_56    : -4.1874953389318979e-09 +/- 4.21e-11 [3975 selected]
| >   graph_57    : -1.2883172488518869e-08 +/- 2.46e-10 [24639 selected]
| >   graph_58    : 5.1485016122487264e-11 +/- 1.00e-11 [1166 selected]
| >   graph_59    : 2.1611467807181386e-11 +/- 9.83e-12 [1207 selected]
| >   graph_60    : -7.5292645845652293e-11 +/- 9.90e-12 [1186 selected]
| >   graph_61    : 1.2378253501738363e-08 +/- 4.77e-10 [39995 selected]
| >   graph_62    : 5.2330072810928866e-25 +/- 1.77e-24 [1209 selected]
| >   graph_63    : -1.1256633802963567e-09 +/- 3.34e-11 [2962 selected]
| >   graph_64    : 8.2557140302322996e-10 +/- 1.66e-11 [1174 selected]
| >   sum         : 2.8167490497127184e-08
| >   total       : 2.8167490497127333e-08
| >   difference  : -1.4889251025954498e-22
[92mINFO[0m [94msymbolica_integrator l.7237[0m [96mt=2026-09-09,09:43:21.312[0m > Symbolica integration: starting iteration [92m7/100[0m using [94m1000000[0m points ...
[92mINFO[0m [94msymbolica_integrator l.7270[0m [96mt=2026-09-09,09:49:10.133[0m > ... result after this iteration:
| > Integration result after [92m7000000[0m evaluations in [92m50151.27 CPU-s[0m [94m(7164.5 µs / eval)[0m
| > Extremal weights:
| >   with jacobian    : 6.63536e+04 at xs = [1.3141311583970786e-05 6.8498121233374432e-01 4.9830331907670439e-01 1.5847511949711254e-01 4.3096307781569770e-01 5.5308102252394686e-01] | jacobian = 1.36113e+07
| >     momentum space  : k = [[-2.0881849120054281e-03, -4.8239481925157210e-03, 1.5012322902237358e+02]; [-6.7403104343664040e+01, 3.1220717590989349e+01, -1.2503412305961579e+01]]
| >   without jacobian : 6.57915e-01 at xs = [3.4671557004937735e-06 8.4167339803481678e-01 5.0075568219388522e-01 1.5730040295169506e-01 2.0399116711362397e-01 7.8755269993067423e-01] | jacobian = 5.82646e+05
| >     momentum space  : k = [[7.5538901716820368e-04, -1.1630893834817266e-03, 1.4880267149481841e+02]; [1.3174606049573564e+01, 4.4297294097237561e+01, -5.8643336927628198e+01]]
| >   before clipping   : -1.43337e+06 at xs = [5.5153927847449201e-05 6.7816477136249620e-01 5.0269554637427283e-01 2.0062914257073028e-01 1.7576861887263237e-01 8.0846474680076885e-01]
| >     momentum space  : k = [[-9.6230986232448273e-03, -1.9852649203886331e-02, 2.0007783962910202e+02]; [2.5555150537516727e+01, 5.0759333199321937e+01, -8.2760400868579993e+01]]
| > Stability pipeline: float pairs accepted = 9713916, HP pairs attempted/accepted = 110683/110683
| > Stability triggers: float mismatch = 100184, float non-finite/error = 5
| > HP precision escalations: attempted/accepted = 31/31
| > Higher-precision rejections: disagreement = 0, non-finite = 0, error = 0
| > Soft-mirror stability: pairs = 2920227, large-side triggers = 10447, HP orbits attempted/salvaged/failed = 95628/95628/0
| > Soft-mirror extrema: raw original = -1.10080e+08, post-average = -1.43337e+06
| > Strongest soft-mirror cancellation: residual/raw = 0.00000e+00
| > Unstable rotational-check points rejected = 0
| > Rotational-check high-precision retries = 100189
| > Rotational-check high-precision salvaged = 100189
| > Large-weight high-precision retries = 10494
| > Large-weight high-precision salvaged = 10494
| > Large-weight high-precision rejected = 0
| > Large-weight samples zeroed = 5 (7.143e-07 of samples; removed signed/absolute sums = -1.19521e+06/2.24519e+06)
| > Non-finite final outputs zeroed = 0
| > Non-finite float rotated evaluations seen = 0
| > Example higher-precision-retried xs = [2.6880750982012969e-01 1.7402049722655100e-01 6.0980772598890010e-02 9.9750773443479890e-01 3.0048234085139136e-01 8.2729716849149482e-01] | float rel = 1.44350e-07
| >     momentum space  : k = [[1.2864873913282938e+01, 2.4869169488989783e+01, 1.4436129598391815e+02]; [-2.5782389205217190e+04, 7.8539332094821817e+04, -1.3710486440690246e+05]]
| > Example large-weight higher-precision-retried xs = [1.9231173850990912e-01 6.5780162395444419e-01 8.8861886028403791e-01 7.0208850143205215e-04 5.4240755566925725e-01 5.0445441660376766e-01] | compiled = -1.10603e+04 | higher precision = -1.02451e-01
| >     momentum space  : k = [[-1.7873903535647262e+01, -2.7323121682648594e+01, -8.9469201105104602e+01]; [-2.7108866766462003e-01, -7.3992249469811575e-02, -3.9326328464896528e-03]]
| > [92mCentral value[0m : +2.8726753778054654e-08   +/- 2.92e-09     ([91m10.170%[0m)
[92mINFO[0m [94msymbolica_integrator l.7274[0m [96mt=2026-09-09,09:49:10.134[0m > | > Graph-channel Symbolica observer estimates:
| >   graph_0     : -2.0760404156153748e-08 +/- 4.92e-10 [27801 selected]
| >   graph_1     : 3.9812171350240181e-10 +/- 2.20e-11 [4174 selected]
| >   graph_2     : -1.2662892892423174e-08 +/- 1.44e-10 [8472 selected]
| >   graph_3     : 1.0441599572395453e-10 +/- 4.95e-12 [4156 selected]
| >   graph_4     : -5.5551338273633543e-10 +/- 3.78e-11 [4136 selected]
| >   graph_5     : -3.7649697874504449e-11 +/- 5.20e-12 [4227 selected]
| >   graph_6     : -3.5436428007210639e-11 +/- 5.45e-12 [4044 selected]
| >   graph_7     : 5.9115561609062147e-11 +/- 7.71e-12 [4244 selected]
| >   graph_8     : -9.0079781462358859e-10 +/- 4.48e-11 [4156 selected]
| >   graph_9     : 1.0416879818475024e-09 +/- 4.59e-11 [4279 selected]
| >   graph_10    : -2.4616023171894796e-09 +/- 3.60e-10 [17878 selected]
| >   graph_11    : 2.3137741391163240e-27 +/- 1.17e-27 [4189 selected]
| >   graph_12    : -5.5740533899397835e-10 +/- 3.11e-11 [4121 selected]
| >   graph_13    : -1.1766922995348499e-08 +/- 3.05e-10 [16810 selected]
| >   graph_14    : 1.1385400952300823e-10 +/- 2.04e-12 [4238 selected]
| >   graph_15    : 6.3331080190880516e-25 +/- 7.26e-25 [4162 selected]
| >   graph_16    : 3.8567571842424630e-09 +/- 3.54e-11 [4141 selected]
| >   graph_17    : -3.6227364949131076e-10 +/- 6.49e-12 [4155 selected]
| >   graph_18    : 1.1923359784285511e-08 +/- 2.76e-10 [14880 selected]
| >   graph_19    : 1.0729670095998847e-09 +/- 1.86e-11 [4091 selected]
| >   graph_20    : -7.5817736591901680e-10 +/- 1.32e-11 [4074 selected]
| >   graph_21    : -8.3587699696438766e-10 +/- 4.89e-11 [4216 selected]
| >   graph_22    : -5.4201591434935695e-10 +/- 3.55e-11 [4146 selected]
| >   graph_23    : -2.7739293643501242e-10 +/- 1.68e-11 [4081 selected]
| >   graph_24    : 5.0914825098343721e-10 +/- 5.03e-11 [4052 selected]
| >   graph_25    : 4.3890638696354041e-10 +/- 3.51e-11 [4110 selected]
| >   graph_26    : -2.1739104535158222e-10 +/- 4.03e-12 [4143 selected]
| >   graph_27    : -2.6786448144773012e-11 +/- 4.69e-13 [4092 selected]
| >   graph_28    : -1.1521218031920117e-09 +/- 2.62e-11 [4172 selected]
| >   graph_29    : 6.7833328465773830e-08 +/- 6.09e-10 [35661 selected]
| >   graph_30    : -2.4107128245522015e-09 +/- 6.43e-10 [44328 selected]
| >   graph_31    : 4.0774135440900011e-11 +/- 1.57e-12 [4243 selected]
| >   graph_32    : -8.3263520679694899e-11 +/- 2.44e-11 [4167 selected]
| >   graph_33    : -1.9151758336907718e-09 +/- 7.92e-11 [4139 selected]
| >   graph_34    : 7.8950416786990896e-26 +/- 1.61e-25 [4158 selected]
| >   graph_35    : 2.5046447508359683e-08 +/- 5.58e-10 [42247 selected]
| >   graph_36    : -2.9877559261923188e-09 +/- 7.97e-11 [4883 selected]
| >   graph_37    : 1.6121450480396043e-08 +/- 2.52e-10 [15377 selected]
| >   graph_38    : 4.0225981286051132e-10 +/- 1.30e-11 [4053 selected]
| >   graph_39    : -7.6415994891801695e-09 +/- 1.37e-10 [7987 selected]
| >   graph_40    : 1.4846101598340880e-09 +/- 2.27e-09 [417355 selected]
| >   graph_41    : 1.8424034615368355e-09 +/- 8.11e-11 [5647 selected]
| >   graph_42    : 3.5780038646039050e-09 +/- 7.51e-10 [31341 selected]
| >   graph_43    : 3.2203871232681073e-09 +/- 8.51e-11 [5338 selected]
| >   graph_44    : 4.3173597459510916e-10 +/- 2.95e-11 [4172 selected]
| >   graph_45    : 2.3323558359886155e-10 +/- 4.14e-12 [4063 selected]
| >   graph_46    : -6.0601900275526573e-11 +/- 1.66e-12 [4093 selected]
| >   graph_47    : -6.6025228205899578e-09 +/- 4.82e-10 [29506 selected]
| >   graph_48    : -1.0052757050614157e-10 +/- 9.69e-12 [4151 selected]
| >   graph_49    : -3.4218559626519995e-08 +/- 3.08e-10 [17703 selected]
| >   graph_50    : 8.7142803895173419e-10 +/- 5.09e-11 [4218 selected]
| >   graph_51    : 5.7967665511948779e-09 +/- 5.24e-11 [4083 selected]
| >   graph_52    : 1.8486136561442699e-10 +/- 2.04e-11 [4148 selected]
| >   graph_53    : -7.7908224754816993e-10 +/- 6.77e-11 [4879 selected]
| >   graph_54    : -3.4170582195822640e-09 +/- 6.84e-10 [35006 selected]
| >   graph_55    : 1.1807467880405213e-09 +/- 5.45e-11 [4234 selected]
| >   graph_56    : -4.1837103450514589e-09 +/- 3.77e-11 [4173 selected]
| >   graph_57    : -1.2828839533156498e-08 +/- 2.17e-10 [12885 selected]
| >   graph_58    : 4.9514356562359799e-11 +/- 8.76e-12 [4158 selected]
| >   graph_59    : 2.2493120971122899e-11 +/- 8.61e-12 [4165 selected]
| >   graph_60    : -7.4661723219214750e-11 +/- 8.66e-12 [4031 selected]
| >   graph_61    : 1.2381655604853994e-08 +/- 4.26e-10 [21479 selected]
| >   graph_62    : 1.3492454574974865e-24 +/- 1.88e-24 [4156 selected]
| >   graph_63    : -1.1262292309043783e-09 +/- 2.96e-11 [4187 selected]
| >   graph_64    : 8.2727949816362172e-10 +/- 1.46e-11 [4146 selected]
| >   sum         : 2.8726753778054568e-08
| >   total       : 2.8726753778054654e-08
| >   difference  : -8.6026783705514878e-23
[92mINFO[0m [94msymbolica_integrator l.7237[0m [96mt=2026-09-09,09:49:10.134[0m > Symbolica integration: starting iteration [92m8/100[0m using [94m1000000[0m points ...
[92mINFO[0m [94msymbolica_integrator l.7270[0m [96mt=2026-09-09,09:55:40.392[0m > ... result after this iteration:
| > Integration result after [92m8000000[0m evaluations in [92m68795.64 CPU-s[0m [94m(8599.5 µs / eval)[0m
| > Extremal weights:
| >   with jacobian    : 6.83462e+04 at xs = [6.4810213514078670e-06 1.2872623629604971e-01 5.0135758672765640e-01 1.1579855220704659e-01 5.8362165858137149e-01 6.8012190464210887e-01] | jacobian = 1.24143e+06
| >     momentum space  : k = [[1.7896885893320363e-03, 1.8755163712599345e-03, 1.0440121451461144e+02]; [-3.8255413064754848e+01, -2.2179274606260584e+01, -2.8086543799527060e+01]]
| >   without jacobian : 6.27994e+00 at xs = [2.3548822558204088e-06 2.1534846528209003e-01 5.0024363433852592e-01 1.5657962054100300e-01 4.3397437100589120e-01 4.8762736950922481e-01] | jacobian = 4.28477e+05
| >     momentum space  : k = [[2.0346787731958323e-04, 9.1971721315570155e-04, 1.4799424672681889e+02]; [-6.7909061861175019e+01, 2.9907906204608736e+01, 2.8857166646311230e+00]]
| >   before clipping   : 2.69081e+06 at xs = [2.3548822558204088e-06 2.1534846528209003e-01 5.0024363433852592e-01 1.5657962054100300e-01 4.3397437100589120e-01 4.8762736950922481e-01]
| >     momentum space  : k = [[2.0346787731958323e-04, 9.1971721315570155e-04, 1.4799424672681889e+02]; [-6.7909061861175019e+01, 2.9907906204608736e+01, 2.8857166646311230e+00]]
| > Stability pipeline: float pairs accepted = 11172812, HP pairs attempted/accepted = 165553/165553
| > Stability triggers: float mismatch = 148490, float non-finite/error = 9
| > HP precision escalations: attempted/accepted = 72/72
| > Higher-precision rejections: disagreement = 0, non-finite = 0, error = 0
| > Soft-mirror stability: pairs = 3484230, large-side triggers = 17001, HP orbits attempted/salvaged/failed = 145865/145865/0
| > Soft-mirror extrema: raw original = -1.10080e+08, post-average = 2.69081e+06
| > Strongest soft-mirror cancellation: residual/raw = 0.00000e+00
| > Unstable rotational-check points rejected = 0
| > Rotational-check high-precision retries = 148499
| > Rotational-check high-precision salvaged = 148499
| > Large-weight high-precision retries = 17054
| > Large-weight high-precision salvaged = 17054
| > Large-weight high-precision rejected = 0
| > Large-weight samples zeroed = 11 (1.375e-06 of samples; removed signed/absolute sums = 1.05019e+06/5.68175e+06)
| > Non-finite final outputs zeroed = 0
| > Non-finite float rotated evaluations seen = 0
| > Example higher-precision-retried xs = [2.6880750982012969e-01 1.7402049722655100e-01 6.0980772598890010e-02 9.9750773443479890e-01 3.0048234085139136e-01 8.2729716849149482e-01] | float rel = 1.44350e-07
| >     momentum space  : k = [[1.2864873913282938e+01, 2.4869169488989783e+01, 1.4436129598391815e+02]; [-2.5782389205217190e+04, 7.8539332094821817e+04, -1.3710486440690246e+05]]
| > Example large-weight higher-precision-retried xs = [1.9231173850990912e-01 6.5780162395444419e-01 8.8861886028403791e-01 7.0208850143205215e-04 5.4240755566925725e-01 5.0445441660376766e-01] | compiled = -1.10603e+04 | higher precision = -1.02451e-01
| >     momentum space  : k = [[-1.7873903535647262e+01, -2.7323121682648594e+01, -8.9469201105104602e+01]; [-2.7108866766462003e-01, -7.3992249469811575e-02, -3.9326328464896528e-03]]
| > [92mCentral value[0m : +2.8900441103918190e-08   +/- 2.57e-09     ([91m8.893%[0m)
[92mINFO[0m [94msymbolica_integrator l.7274[0m [96mt=2026-09-09,09:55:40.392[0m > | > Graph-channel Symbolica observer estimates:
| >   graph_0     : -2.0720449345126579e-08 +/- 4.38e-10 [31926 selected]
| >   graph_1     : 3.8831518079524533e-10 +/- 1.96e-11 [3724 selected]
| >   graph_2     : -1.2703768105615506e-08 +/- 1.32e-10 [9725 selected]
| >   graph_3     : 1.0365855185859621e-10 +/- 4.41e-12 [3642 selected]
| >   graph_4     : -5.7128942039718783e-10 +/- 3.42e-11 [3711 selected]
| >   graph_5     : -3.8351984513957206e-11 +/- 4.64e-12 [3825 selected]
| >   graph_6     : -3.5332861277383980e-11 +/- 4.88e-12 [3728 selected]
| >   graph_7     : 5.8688753008476330e-11 +/- 6.88e-12 [3704 selected]
| >   graph_8     : -9.1172015263222331e-10 +/- 4.01e-11 [3950 selected]
| >   graph_9     : 1.0454361304188146e-09 +/- 4.12e-11 [4098 selected]
| >   graph_10    : -2.5194870980795565e-09 +/- 3.17e-10 [20465 selected]
| >   graph_11    : 2.3684302338562453e-27 +/- 1.04e-27 [3748 selected]
| >   graph_12    : -5.6002710081943612e-10 +/- 2.78e-11 [3730 selected]
| >   graph_13    : -1.1807676466441948e-08 +/- 2.73e-10 [21154 selected]
| >   graph_14    : 1.1339167197293316e-10 +/- 1.81e-12 [3771 selected]
| >   graph_15    : 5.5964550119361963e-25 +/- 6.43e-25 [3713 selected]
| >   graph_16    : 3.8672491671982033e-09 +/- 3.23e-11 [3793 selected]
| >   graph_17    : -3.6311351703576944e-10 +/- 5.75e-12 [3791 selected]
| >   graph_18    : 1.1901914754932096e-08 +/- 2.44e-10 [16364 selected]
| >   graph_19    : 1.0683830213951243e-09 +/- 1.67e-11 [3773 selected]
| >   graph_20    : -7.6427712490911476e-10 +/- 1.18e-11 [3854 selected]
| >   graph_21    : -8.4806729076379187e-10 +/- 4.37e-11 [4250 selected]
| >   graph_22    : -5.3723110788152324e-10 +/- 3.16e-11 [3595 selected]
| >   graph_23    : -2.7751360793744656e-10 +/- 1.49e-11 [3665 selected]
| >   graph_24    : 5.2100518646265033e-10 +/- 4.69e-11 [3742 selected]
| >   graph_25    : 4.4844032684861312e-10 +/- 3.17e-11 [3744 selected]
| >   graph_26    : -2.1638947158714722e-10 +/- 3.56e-12 [3717 selected]
| >   graph_27    : -2.6850368822828255e-11 +/- 4.16e-13 [3687 selected]
| >   graph_28    : -1.1501746508799082e-09 +/- 2.36e-11 [3729 selected]
| >   graph_29    : 6.7839794101504522e-08 +/- 5.42e-10 [40042 selected]
| >   graph_30    : -2.2611541749741832e-09 +/- 5.65e-10 [50201 selected]
| >   graph_31    : 4.0614823452235126e-11 +/- 1.40e-12 [3798 selected]
| >   graph_32    : -8.2281351925828748e-11 +/- 2.20e-11 [3738 selected]
| >   graph_33    : -1.8942405012002428e-09 +/- 7.21e-11 [4375 selected]
| >   graph_34    : 6.0045518716321098e-26 +/- 1.42e-25 [3743 selected]
| >   graph_35    : 2.5078318917786582e-08 +/- 4.96e-10 [47632 selected]
| >   graph_36    : -2.9916309374892119e-09 +/- 7.32e-11 [5581 selected]
| >   graph_37    : 1.6161528562660079e-08 +/- 2.29e-10 [17544 selected]
| >   graph_38    : 4.0256530158917416e-10 +/- 1.16e-11 [3749 selected]
| >   graph_39    : -7.6719231422337785e-09 +/- 1.26e-10 [9049 selected]
| >   graph_40    : 1.2201722166985566e-09 +/- 1.99e-09 [375145 selected]
| >   graph_41    : 1.8350844855603111e-09 +/- 7.23e-11 [6250 selected]
| >   graph_42    : 3.7710323815031917e-09 +/- 6.60e-10 [35326 selected]
| >   graph_43    : 3.1912805613013914e-09 +/- 7.82e-11 [5895 selected]
| >   graph_44    : 4.3292500999672486e-10 +/- 2.64e-11 [3668 selected]
| >   graph_45    : 2.3379818212079779e-10 +/- 3.67e-12 [3762 selected]
| >   graph_46    : -6.0711978080777089e-11 +/- 1.47e-12 [3720 selected]
| >   graph_47    : -6.5591767560096304e-09 +/- 4.28e-10 [36244 selected]
| >   graph_48    : -9.8218573240448242e-11 +/- 8.58e-12 [3733 selected]
| >   graph_49    : -3.4145903948115820e-08 +/- 2.80e-10 [20030 selected]
| >   graph_50    : 8.6632991931014109e-10 +/- 4.56e-11 [3690 selected]
| >   graph_51    : 5.7712803329176368e-09 +/- 4.87e-11 [3700 selected]
| >   graph_52    : 1.8904137447266130e-10 +/- 1.82e-11 [3668 selected]
| >   graph_53    : -7.8337326715608093e-10 +/- 6.04e-11 [5574 selected]
| >   graph_54    : -3.2816909843445162e-09 +/- 6.01e-10 [39161 selected]
| >   graph_55    : 1.1835106100380367e-09 +/- 4.88e-11 [4553 selected]
| >   graph_56    : -4.2059700238004017e-09 +/- 3.46e-11 [3820 selected]
| >   graph_57    : -1.2839399172518635e-08 +/- 1.95e-10 [14731 selected]
| >   graph_58    : 4.8789835971899546e-11 +/- 7.85e-12 [3681 selected]
| >   graph_59    : 2.4928233318548084e-11 +/- 7.69e-12 [3778 selected]
| >   graph_60    : -7.3556910034473737e-11 +/- 7.74e-12 [3741 selected]
| >   graph_61    : 1.2393994729316184e-08 +/- 3.78e-10 [25120 selected]
| >   graph_62    : 7.6781411902760892e-25 +/- 1.65e-24 [3818 selected]
| >   graph_63    : -1.1289224125702922e-09 +/- 2.69e-11 [3726 selected]
| >   graph_64    : 8.2884258792424253e-10 +/- 1.30e-11 [3696 selected]
| >   sum         : 2.8900441103918044e-08
| >   total       : 2.8900441103918190e-08
| >   difference  : -1.4558378780933287e-22
[92mINFO[0m [94msymbolica_integrator l.7237[0m [96mt=2026-09-09,09:55:40.392[0m > Symbolica integration: starting iteration [92m9/100[0m using [94m1000000[0m points ...
[92mINFO[0m [94msymbolica_integrator l.7270[0m [96mt=2026-09-09,10:01:13.049[0m > ... result after this iteration:
| > Integration result after [92m9000000[0m evaluations in [92m80739.52 CPU-s[0m [94m(8971.1 µs / eval)[0m
| > Extremal weights:
| >   with jacobian    : 6.83462e+04 at xs = [6.4810213514078670e-06 1.2872623629604971e-01 5.0135758672765640e-01 1.1579855220704659e-01 5.8362165858137149e-01 6.8012190464210887e-01] | jacobian = 1.24143e+06
| >     momentum space  : k = [[1.7896885893320363e-03, 1.8755163712599345e-03, 1.0440121451461144e+02]; [-3.8255413064754848e+01, -2.2179274606260584e+01, -2.8086543799527060e+01]]
| >   without jacobian : 5.81662e+02 at xs = [4.6244409640217324e-07 7.5278966738298070e-01 5.0008056585407423e-01 1.6937886588083906e-01 4.4118097394652966e-01 2.7878525065510779e-01] | jacobian = 1.57997e+04
| >     momentum space  : k = [[3.2421228909030028e-06, -1.8494930348985909e-04, 1.6255859331628312e+02]; [-5.8419867978341316e+01, 2.2630076346839729e+01, 5.2232438578599712e+01]]
| >   before clipping   : 9.19008e+06 at xs = [4.6244409640217324e-07 7.5278966738298070e-01 5.0008056585407423e-01 1.6937886588083906e-01 4.4118097394652966e-01 2.7878525065510779e-01]
| >     momentum space  : k = [[3.2421228909030028e-06, -1.8494930348985909e-04, 1.6255859331628312e+02]; [-5.8419867978341316e+01, 2.2630076346839729e+01, 5.2232438578599712e+01]]
| > Stability pipeline: float pairs accepted = 12621655, HP pairs attempted/accepted = 220051/220051
| > Stability triggers: float mismatch = 197445, float non-finite/error = 16
| > HP precision escalations: attempted/accepted = 116/116
| > Higher-precision rejections: disagreement = 0, non-finite = 0, error = 0
| > Soft-mirror stability: pairs = 4037681, large-side triggers = 22530, HP orbits attempted/salvaged/failed = 195975/195975/0
| > Soft-mirror extrema: raw original = -1.10080e+08, post-average = 9.19008e+06
| > Strongest soft-mirror cancellation: residual/raw = 0.00000e+00
| > Unstable rotational-check points rejected = 0
| > Rotational-check high-precision retries = 197461
| > Rotational-check high-precision salvaged = 197461
| > Large-weight high-precision retries = 22590
| > Large-weight high-precision salvaged = 22590
| > Large-weight high-precision rejected = 0
| > Large-weight samples zeroed = 17 (1.889e-06 of samples; removed signed/absolute sums = 1.12335e+07/1.58651e+07)
| > Non-finite final outputs zeroed = 0
| > Non-finite float rotated evaluations seen = 0
| > Example higher-precision-retried xs = [2.6880750982012969e-01 1.7402049722655100e-01 6.0980772598890010e-02 9.9750773443479890e-01 3.0048234085139136e-01 8.2729716849149482e-01] | float rel = 1.44350e-07
| >     momentum space  : k = [[1.2864873913282938e+01, 2.4869169488989783e+01, 1.4436129598391815e+02]; [-2.5782389205217190e+04, 7.8539332094821817e+04, -1.3710486440690246e+05]]
| > Example large-weight higher-precision-retried xs = [1.9231173850990912e-01 6.5780162395444419e-01 8.8861886028403791e-01 7.0208850143205215e-04 5.4240755566925725e-01 5.0445441660376766e-01] | compiled = -1.10603e+04 | higher precision = -1.02451e-01
| >     momentum space  : k = [[-1.7873903535647262e+01, -2.7323121682648594e+01, -8.9469201105104602e+01]; [-2.7108866766462003e-01, -7.3992249469811575e-02, -3.9326328464896528e-03]]
| > [92mCentral value[0m : +3.2378136169483118e-08   +/- 4.25e-09     ([91m13.138%[0m)
[92mINFO[0m [94msymbolica_integrator l.7274[0m [96mt=2026-09-09,10:01:13.050[0m > | > Graph-channel Symbolica observer estimates:
| >   graph_0     : -2.0735836297773223e-08 +/- 4.01e-10 [34222 selected]
| >   graph_1     : 3.8414165051913699e-10 +/- 1.79e-11 [3414 selected]
| >   graph_2     : -1.2736370385946558e-08 +/- 1.22e-10 [10318 selected]
| >   graph_3     : 1.0524948685202498e-10 +/- 4.00e-12 [3500 selected]
| >   graph_4     : -5.7028631983431950e-10 +/- 3.15e-11 [3474 selected]
| >   graph_5     : -3.8985706009363796e-11 +/- 4.22e-12 [3509 selected]
| >   graph_6     : -3.5392353348766031e-11 +/- 4.43e-12 [3613 selected]
| >   graph_7     : 5.7182434266801988e-11 +/- 6.25e-12 [3417 selected]
| >   graph_8     : -9.1441793751779637e-10 +/- 3.64e-11 [4292 selected]
| >   graph_9     : 1.0470314811070547e-09 +/- 3.75e-11 [4204 selected]
| >   graph_10    : -2.5472378198270483e-09 +/- 2.84e-10 [21474 selected]
| >   graph_11    : 2.3333485880486010e-27 +/- 9.29e-28 [3448 selected]
| >   graph_12    : -5.5988866327324234e-10 +/- 2.52e-11 [3545 selected]
| >   graph_13    : -1.1746095012910141e-08 +/- 2.51e-10 [22399 selected]
| >   graph_14    : 1.1239547733451448e-10 +/- 1.62e-12 [3442 selected]
| >   graph_15    : 4.8176482037498142e-25 +/- 5.76e-25 [3567 selected]
| >   graph_16    : 3.8667493865045958e-09 +/- 2.99e-11 [3473 selected]
| >   graph_17    : -3.6317736867977151e-10 +/- 5.17e-12 [3535 selected]
| >   graph_18    : 1.1901304601005552e-08 +/- 2.19e-10 [17489 selected]
| >   graph_19    : 1.0676468660976179e-09 +/- 1.52e-11 [3501 selected]
| >   graph_20    : -7.6552323647859547e-10 +/- 1.07e-11 [3508 selected]
| >   graph_21    : -8.4391373755048685e-10 +/- 3.96e-11 [4541 selected]
| >   graph_22    : -5.2836493006982455e-10 +/- 2.86e-11 [3522 selected]
| >   graph_23    : -2.7805330095687659e-10 +/- 1.34e-11 [3453 selected]
| >   graph_24    : 5.4813521591744940e-10 +/- 4.40e-11 [3501 selected]
| >   graph_25    : 4.4455747076479715e-10 +/- 2.91e-11 [3437 selected]
| >   graph_26    : -2.1601339631192131e-10 +/- 3.20e-12 [3545 selected]
| >   graph_27    : -2.6906786842022970e-11 +/- 3.75e-13 [3479 selected]
| >   graph_28    : -1.1513507350013405e-09 +/- 2.16e-11 [3506 selected]
| >   graph_29    : 6.7880566761543763e-08 +/- 4.89e-10 [43580 selected]
| >   graph_30    : -2.1581294895290442e-09 +/- 5.04e-10 [52736 selected]
| >   graph_31    : 4.0839836997266938e-11 +/- 1.27e-12 [3551 selected]
| >   graph_32    : -7.9146981799657963e-11 +/- 2.02e-11 [3420 selected]
| >   graph_33    : -1.9007437247891547e-09 +/- 6.73e-11 [4649 selected]
| >   graph_34    : 8.8681946288216821e-26 +/- 1.27e-25 [3471 selected]
| >   graph_35    : 2.5011949637529919e-08 +/- 4.45e-10 [50372 selected]
| >   graph_36    : -3.0047956555670666e-09 +/- 6.79e-11 [5931 selected]
| >   graph_37    : 1.6101616023269475e-08 +/- 2.09e-10 [18919 selected]
| >   graph_38    : 4.0256828869420893e-10 +/- 1.05e-11 [3589 selected]
| >   graph_39    : -7.6292700969203719e-09 +/- 1.17e-10 [9840 selected]
| >   graph_40    : 9.4595371467658885e-10 +/- 1.77e-09 [352548 selected]
| >   graph_41    : 1.8170005001014675e-09 +/- 6.53e-11 [6676 selected]
| >   graph_42    : 3.8665304273928933e-09 +/- 5.92e-10 [37839 selected]
| >   graph_43    : 3.1703952285725594e-09 +/- 7.25e-11 [6124 selected]
| >   graph_44    : 4.2898031565055724e-10 +/- 2.40e-11 [3499 selected]
| >   graph_45    : 2.3482153787744825e-10 +/- 3.31e-12 [3547 selected]
| >   graph_46    : -6.0737575550244839e-11 +/- 1.33e-12 [3500 selected]
| >   graph_47    : -2.9677261108500545e-09 +/- 3.60e-09 [38782 selected]
| >   graph_48    : -9.6885330528317020e-11 +/- 7.73e-12 [3540 selected]
| >   graph_49    : -3.4173933903774335e-08 +/- 2.56e-10 [21587 selected]
| >   graph_50    : 8.5437368251071544e-10 +/- 4.18e-11 [3524 selected]
| >   graph_51    : 5.7665146607339576e-09 +/- 4.57e-11 [3559 selected]
| >   graph_52    : 1.9241359586532524e-10 +/- 1.66e-11 [3595 selected]
| >   graph_53    : -8.0705465620912720e-10 +/- 5.47e-11 [5828 selected]
| >   graph_54    : -3.1969192696404246e-09 +/- 5.36e-10 [42205 selected]
| >   graph_55    : 1.1773806718435366e-09 +/- 4.44e-11 [4896 selected]
| >   graph_56    : -4.1992784752456486e-09 +/- 3.21e-11 [3465 selected]
| >   graph_57    : -1.2815402766821693e-08 +/- 1.77e-10 [15243 selected]
| >   graph_58    : 4.8017965326319728e-11 +/- 7.12e-12 [3537 selected]
| >   graph_59    : 2.5814978407179004e-11 +/- 6.97e-12 [3466 selected]
| >   graph_60    : -7.0921046514569021e-11 +/- 7.03e-12 [3544 selected]
| >   graph_61    : 1.2392536395902979e-08 +/- 3.39e-10 [26614 selected]
| >   graph_62    : 1.0449265876108185e-24 +/- 1.50e-24 [3508 selected]
| >   graph_63    : -1.1240627805154656e-09 +/- 2.48e-11 [3518 selected]
| >   graph_64    : 8.2828972880360254e-10 +/- 1.19e-11 [3470 selected]
| >   sum         : 3.2378136169482833e-08
| >   total       : 3.2378136169483118e-08
| >   difference  : -2.8455013071824152e-22
[92mINFO[0m [94msymbolica_integrator l.7237[0m [96mt=2026-09-09,10:01:13.050[0m > Symbolica integration: starting iteration [92m10/100[0m using [94m1000000[0m points ...
[92mINFO[0m [94msymbolica_integrator l.7270[0m [96mt=2026-09-09,10:04:57.562[0m > ... result after this iteration:
| > Integration result after [92m10000000[0m evaluations in [92m89633.81 CPU-s[0m [94m(8963.4 µs / eval)[0m
| > Extremal weights:
| >   with jacobian    : 6.83462e+04 at xs = [6.4810213514078670e-06 1.2872623629604971e-01 5.0135758672765640e-01 1.1579855220704659e-01 5.8362165858137149e-01 6.8012190464210887e-01] | jacobian = 1.24143e+06
| >     momentum space  : k = [[1.7896885893320363e-03, 1.8755163712599345e-03, 1.0440121451461144e+02]; [-3.8255413064754848e+01, -2.2179274606260584e+01, -2.8086543799527060e+01]]
| >   without jacobian : 5.81662e+02 at xs = [4.6244409640217324e-07 7.5278966738298070e-01 5.0008056585407423e-01 1.6937886588083906e-01 4.4118097394652966e-01 2.7878525065510779e-01] | jacobian = 1.57997e+04
| >     momentum space  : k = [[3.2421228909030028e-06, -1.8494930348985909e-04, 1.6255859331628312e+02]; [-5.8419867978341316e+01, 2.2630076346839729e+01, 5.2232438578599712e+01]]
| >   before clipping   : 9.19008e+06 at xs = [4.6244409640217324e-07 7.5278966738298070e-01 5.0008056585407423e-01 1.6937886588083906e-01 4.4118097394652966e-01 2.7878525065510779e-01]
| >     momentum space  : k = [[3.2421228909030028e-06, -1.8494930348985909e-04, 1.6255859331628312e+02]; [-5.8419867978341316e+01, 2.2630076346839729e+01, 5.2232438578599712e+01]]
| > Stability pipeline: float pairs accepted = 13911243, HP pairs attempted/accepted = 255818/255818
| > Stability triggers: float mismatch = 230182, float non-finite/error = 24
| > HP precision escalations: attempted/accepted = 144/144
| > Higher-precision rejections: disagreement = 0, non-finite = 0, error = 0
| > Soft-mirror stability: pairs = 4394643, large-side triggers = 25516, HP orbits attempted/salvaged/failed = 227582/227582/0
| > Soft-mirror extrema: raw original = -1.10080e+08, post-average = 9.19008e+06
| > Strongest soft-mirror cancellation: residual/raw = 0.00000e+00
| > Unstable rotational-check points rejected = 0
| > Rotational-check high-precision retries = 230206
| > Rotational-check high-precision salvaged = 230206
| > Large-weight high-precision retries = 25612
| > Large-weight high-precision salvaged = 25612
| > Large-weight high-precision rejected = 0
| > Large-weight samples zeroed = 21 (2.100e-06 of samples; removed signed/absolute sums = 1.20131e+07/1.66447e+07)
| > Non-finite final outputs zeroed = 0
| > Non-finite float rotated evaluations seen = 0
| > Example higher-precision-retried xs = [2.6880750982012969e-01 1.7402049722655100e-01 6.0980772598890010e-02 9.9750773443479890e-01 3.0048234085139136e-01 8.2729716849149482e-01] | float rel = 1.44350e-07
| >     momentum space  : k = [[1.2864873913282938e+01, 2.4869169488989783e+01, 1.4436129598391815e+02]; [-2.5782389205217190e+04, 7.8539332094821817e+04, -1.3710486440690246e+05]]
| > Example large-weight higher-precision-retried xs = [1.9231173850990912e-01 6.5780162395444419e-01 8.8861886028403791e-01 7.0208850143205215e-04 5.4240755566925725e-01 5.0445441660376766e-01] | compiled = -1.10603e+04 | higher precision = -1.02451e-01
| >     momentum space  : k = [[-1.7873903535647262e+01, -2.7323121682648594e+01, -8.9469201105104602e+01]; [-2.7108866766462003e-01, -7.3992249469811575e-02, -3.9326328464896528e-03]]
| > [92mCentral value[0m : +3.1979438547842367e-08   +/- 3.84e-09     ([91m11.997%[0m)
[92mINFO[0m [94msymbolica_integrator l.7274[0m [96mt=2026-09-09,10:04:57.563[0m > | > Graph-channel Symbolica observer estimates:
| >   graph_0     : -2.0644490998561067e-08 +/- 3.70e-10 [24098 selected]
| >   graph_1     : 3.7526016606715736e-10 +/- 1.66e-11 [3353 selected]
| >   graph_2     : -1.2691752948664279e-08 +/- 1.15e-10 [7005 selected]
| >   graph_3     : 1.0628813701492132e-10 +/- 3.67e-12 [3336 selected]
| >   graph_4     : -5.7928097197951348e-10 +/- 2.94e-11 [3302 selected]
| >   graph_5     : -3.7834962725550361e-11 +/- 3.88e-12 [3277 selected]
| >   graph_6     : -3.4162401133007416e-11 +/- 4.07e-12 [3254 selected]
| >   graph_7     : 5.9060681931894686e-11 +/- 5.75e-12 [3238 selected]
| >   graph_8     : -9.1589211820386949e-10 +/- 3.36e-11 [3348 selected]
| >   graph_9     : 1.0463922720063215e-09 +/- 3.47e-11 [3346 selected]
| >   graph_10    : -2.6270124135265098e-09 +/- 2.58e-10 [14628 selected]
| >   graph_11    : 2.3903945764802578e-27 +/- 8.45e-28 [3267 selected]
| >   graph_12    : -5.5389708392822659e-10 +/- 2.32e-11 [3316 selected]
| >   graph_13    : -1.1662887342410191e-08 +/- 2.31e-10 [15435 selected]
| >   graph_14    : 1.1211740845800402e-10 +/- 1.48e-12 [3270 selected]
| >   graph_15    : 3.7332833708324818e-25 +/- 5.24e-25 [3353 selected]
| >   graph_16    : 3.8754082596831295e-09 +/- 2.81e-11 [3344 selected]
| >   graph_17    : -3.6205443419923624e-10 +/- 4.71e-12 [3240 selected]
| >   graph_18    : 1.1914633594019000e-08 +/- 1.99e-10 [11687 selected]
| >   graph_19    : 1.0637843418183507e-09 +/- 1.40e-11 [3279 selected]
| >   graph_20    : -7.6741168653855532e-10 +/- 9.88e-12 [3287 selected]
| >   graph_21    : -8.4744065551805685e-10 +/- 3.66e-11 [3193 selected]
| >   graph_22    : -5.3038974004691215e-10 +/- 2.65e-11 [3231 selected]
| >   graph_23    : -2.7943656031128109e-10 +/- 1.23e-11 [3326 selected]
| >   graph_24    : 5.6096307638629126e-10 +/- 4.17e-11 [3269 selected]
| >   graph_25    : 4.4094728592555986e-10 +/- 2.70e-11 [3340 selected]
| >   graph_26    : -2.1531889856024417e-10 +/- 2.91e-12 [3222 selected]
| >   graph_27    : -2.7000017570127607e-11 +/- 3.42e-13 [3322 selected]
| >   graph_28    : -1.1545824825075265e-09 +/- 2.00e-11 [3280 selected]
| >   graph_29    : 6.7711235371749878e-08 +/- 4.49e-10 [29487 selected]
| >   graph_30    : -2.0445997327726263e-09 +/- 4.55e-10 [35400 selected]
| >   graph_31    : 4.0769404958182593e-11 +/- 1.16e-12 [3313 selected]
| >   graph_32    : -7.4195777705227641e-11 +/- 1.88e-11 [3320 selected]
| >   graph_33    : -1.8993541387486055e-09 +/- 6.31e-11 [3338 selected]
| >   graph_34    : 9.2637759219309155e-26 +/- 1.15e-25 [3363 selected]
| >   graph_35    : 2.4982268178517323e-08 +/- 4.14e-10 [34093 selected]
| >   graph_36    : -3.0000682796421771e-09 +/- 6.47e-11 [4127 selected]
| >   graph_37    : 1.6097990120001149e-08 +/- 1.97e-10 [13136 selected]
| >   graph_38    : 4.0336994893584616e-10 +/- 9.71e-12 [3204 selected]
| >   graph_39    : -7.6443251872247578e-09 +/- 1.11e-10 [6776 selected]
| >   graph_40    : 8.0486255136074534e-10 +/- 1.59e-09 [220466 selected]
| >   graph_41    : 1.8248919619837778e-09 +/- 6.03e-11 [4466 selected]
| >   graph_42    : 4.0308857088371359e-09 +/- 5.35e-10 [25970 selected]
| >   graph_43    : 3.1545706693965114e-09 +/- 6.90e-11 [4276 selected]
| >   graph_44    : 4.2816179729986457e-10 +/- 2.22e-11 [3267 selected]
| >   graph_45    : 2.3542406254794205e-10 +/- 3.02e-12 [3278 selected]
| >   graph_46    : -6.0802104276846636e-11 +/- 1.21e-12 [3341 selected]
| >   graph_47    : -3.4079050884892728e-09 +/- 3.24e-09 [328453 selected]
| >   graph_48    : -9.5883739316570385e-11 +/- 7.06e-12 [3347 selected]
| >   graph_49    : -3.4277953105913912e-08 +/- 2.38e-10 [14828 selected]
| >   graph_50    : 8.4038735520470118e-10 +/- 3.87e-11 [3259 selected]
| >   graph_51    : 5.7610277975597643e-09 +/- 4.34e-11 [3202 selected]
| >   graph_52    : 1.9688535913739089e-10 +/- 1.52e-11 [3334 selected]
| >   graph_53    : -7.9655954254263596e-10 +/- 5.04e-11 [3894 selected]
| >   graph_54    : -3.0838055464624196e-09 +/- 4.86e-10 [28150 selected]
| >   graph_55    : 1.1678248395661476e-09 +/- 4.30e-11 [3203 selected]
| >   graph_56    : -4.2071573477234093e-09 +/- 3.03e-11 [3339 selected]
| >   graph_57    : -1.2858269546136872e-08 +/- 1.65e-10 [10581 selected]
| >   graph_58    : 4.7364736196995349e-11 +/- 6.54e-12 [3327 selected]
| >   graph_59    : 2.6076168025984425e-11 +/- 6.41e-12 [3279 selected]
| >   graph_60    : -7.2002313797837835e-11 +/- 6.47e-12 [3272 selected]
| >   graph_61    : 1.2432340318542045e-08 +/- 3.12e-10 [18220 selected]
| >   graph_62    : 6.0396604150295876e-26 +/- 1.53e-24 [3270 selected]
| >   graph_63    : -1.1363368665239238e-09 +/- 2.32e-11 [3278 selected]
| >   graph_64    : 8.2831100837136643e-10 +/- 1.09e-11 [3297 selected]
| >   sum         : 3.1979438547842135e-08
| >   total       : 3.1979438547842367e-08
| >   difference  : -2.3161057151484775e-22
[92mINFO[0m [94msymbolica_integrator l.7237[0m [96mt=2026-09-09,10:04:57.563[0m > Symbolica integration: starting iteration [92m11/100[0m using [94m1000000[0m points ...
[92mINFO[0m [94msymbolica_integrator l.7270[0m [96mt=2026-09-09,10:10:33.476[0m > ... result after this iteration:
| > Integration result after [92m11000000[0m evaluations in [92m103614.41 CPU-s[0m [94m(9419.5 µs / eval)[0m
| > Extremal weights:
| >   with jacobian    : 6.83462e+04 at xs = [6.4810213514078670e-06 1.2872623629604971e-01 5.0135758672765640e-01 1.1579855220704659e-01 5.8362165858137149e-01 6.8012190464210887e-01] | jacobian = 1.24143e+06
| >     momentum space  : k = [[1.7896885893320363e-03, 1.8755163712599345e-03, 1.0440121451461144e+02]; [-3.8255413064754848e+01, -2.2179274606260584e+01, -2.8086543799527060e+01]]
| >   without jacobian : 5.81662e+02 at xs = [4.6244409640217324e-07 7.5278966738298070e-01 5.0008056585407423e-01 1.6937886588083906e-01 4.4118097394652966e-01 2.7878525065510779e-01] | jacobian = 1.57997e+04
| >     momentum space  : k = [[3.2421228909030028e-06, -1.8494930348985909e-04, 1.6255859331628312e+02]; [-5.8419867978341316e+01, 2.2630076346839729e+01, 5.2232438578599712e+01]]
| >   before clipping   : 9.19008e+06 at xs = [4.6244409640217324e-07 7.5278966738298070e-01 5.0008056585407423e-01 1.6937886588083906e-01 4.4118097394652966e-01 2.7878525065510779e-01]
| >     momentum space  : k = [[3.2421228909030028e-06, -1.8494930348985909e-04, 1.6255859331628312e+02]; [-5.8419867978341316e+01, 2.2630076346839729e+01, 5.2232438578599712e+01]]
| > Stability pipeline: float pairs accepted = 15234212, HP pairs attempted/accepted = 294383/294383
| > Stability triggers: float mismatch = 265588, float non-finite/error = 32
| > HP precision escalations: attempted/accepted = 172/172
| > Higher-precision rejections: disagreement = 0, non-finite = 0, error = 0
| > Soft-mirror stability: pairs = 4790988, large-side triggers = 28643, HP orbits attempted/salvaged/failed = 262393/262393/0
| > Soft-mirror extrema: raw original = -1.10080e+08, post-average = 9.19008e+06
| > Strongest soft-mirror cancellation: residual/raw = 0.00000e+00
| > Unstable rotational-check points rejected = 0
| > Rotational-check high-precision retries = 265620
| > Rotational-check high-precision salvaged = 265620
| > Large-weight high-precision retries = 28763
| > Large-weight high-precision salvaged = 28763
| > Large-weight high-precision rejected = 0
| > Large-weight samples zeroed = 24 (2.182e-06 of samples; removed signed/absolute sums = 1.26240e+07/1.72556e+07)
| > Non-finite final outputs zeroed = 0
| > Non-finite float rotated evaluations seen = 1
| > Example higher-precision-retried xs = [2.6880750982012969e-01 1.7402049722655100e-01 6.0980772598890010e-02 9.9750773443479890e-01 3.0048234085139136e-01 8.2729716849149482e-01] | float rel = 1.44350e-07
| >     momentum space  : k = [[1.2864873913282938e+01, 2.4869169488989783e+01, 1.4436129598391815e+02]; [-2.5782389205217190e+04, 7.8539332094821817e+04, -1.3710486440690246e+05]]
| > Example large-weight higher-precision-retried xs = [1.9231173850990912e-01 6.5780162395444419e-01 8.8861886028403791e-01 7.0208850143205215e-04 5.4240755566925725e-01 5.0445441660376766e-01] | compiled = -1.10603e+04 | higher precision = -1.02451e-01
| >     momentum space  : k = [[-1.7873903535647262e+01, -2.7323121682648594e+01, -8.9469201105104602e+01]; [-2.7108866766462003e-01, -7.3992249469811575e-02, -3.9326328464896528e-03]]
| > Example NaN/non-finite rotated xs = [4.3974642111233074e-04 4.7267464511837748e-01 9.9995896344930690e-01 6.1497814457061539e-01 6.0079335026881553e-01 6.4637841020769249e-01]
| >     momentum space  : k = [[-2.2353286370510883e-05, 3.8760017987051835e-06, 1.2731159591423573e+03]; [-4.6150254078839635e+02, -3.3882885223629427e+02, -2.8355997629564860e+02]]
| > [92mCentral value[0m : +3.1571225965362511e-08   +/- 3.49e-09     ([91m11.065%[0m)
[92mINFO[0m [94msymbolica_integrator l.7274[0m [96mt=2026-09-09,10:10:33.477[0m > | > Graph-channel Symbolica observer estimates:
| >   graph_0     : -2.0749713855975582e-08 +/- 3.43e-10 [28034 selected]
| >   graph_1     : 3.7365987754473626e-10 +/- 1.56e-11 [2834 selected]
| >   graph_2     : -1.2731056706909676e-08 +/- 1.09e-10 [8101 selected]
| >   graph_3     : 1.0681840270563470e-10 +/- 3.41e-12 [2842 selected]
| >   graph_4     : -5.8621603505996386e-10 +/- 2.77e-11 [2851 selected]
| >   graph_5     : -3.8707687890242049e-11 +/- 3.62e-12 [2953 selected]
| >   graph_6     : -3.4326822619244564e-11 +/- 3.80e-12 [2922 selected]
| >   graph_7     : 6.0436776079977651e-11 +/- 5.35e-12 [2812 selected]
| >   graph_8     : -9.0883119209319107e-10 +/- 3.13e-11 [3240 selected]
| >   graph_9     : 1.0413139850766923e-09 +/- 3.24e-11 [3151 selected]
| >   graph_10    : -2.6712256604149094e-09 +/- 2.37e-10 [16591 selected]
| >   graph_11    : 2.2158246244168114e-27 +/- 7.77e-28 [2784 selected]
| >   graph_12    : -5.5478952048805283e-10 +/- 2.16e-11 [2926 selected]
| >   graph_13    : -1.1647562293116103e-08 +/- 2.14e-10 [17751 selected]
| >   graph_14    : 1.1170216855738958e-10 +/- 1.41e-12 [2727 selected]
| >   graph_15    : 3.6146355850857253e-25 +/- 4.83e-25 [2901 selected]
| >   graph_16    : 3.8805839774465805e-09 +/- 2.66e-11 [2871 selected]
| >   graph_17    : -3.6150678550664655e-10 +/- 4.34e-12 [2830 selected]
| >   graph_18    : 1.1912241209927946e-08 +/- 1.83e-10 [13354 selected]
| >   graph_19    : 1.0609218802494183e-09 +/- 1.30e-11 [2813 selected]
| >   graph_20    : -7.6630660593982998e-10 +/- 9.21e-12 [2825 selected]
| >   graph_21    : -8.5312989863857228e-10 +/- 3.40e-11 [3482 selected]
| >   graph_22    : -5.2768375095761700e-10 +/- 2.46e-11 [2836 selected]
| >   graph_23    : -2.8352153420145150e-10 +/- 1.14e-11 [2953 selected]
| >   graph_24    : 5.4322087397540972e-10 +/- 4.01e-11 [2874 selected]
| >   graph_25    : 4.3967412403944046e-10 +/- 2.54e-11 [2826 selected]
| >   graph_26    : -2.1481067492727494e-10 +/- 2.68e-12 [2779 selected]
| >   graph_27    : -2.7066948189113349e-11 +/- 3.16e-13 [2856 selected]
| >   graph_28    : -1.1573061363639524e-09 +/- 1.88e-11 [2769 selected]
| >   graph_29    : 6.7794036304230269e-08 +/- 4.15e-10 [33895 selected]
| >   graph_30    : -1.9853919894088995e-09 +/- 4.16e-10 [39588 selected]
| >   graph_31    : 4.0652534392224333e-11 +/- 1.08e-12 [2759 selected]
| >   graph_32    : -7.1420920745929994e-11 +/- 1.77e-11 [2878 selected]
| >   graph_33    : -1.8985409208213547e-09 +/- 5.95e-11 [3721 selected]
| >   graph_34    : 8.3022861063727412e-26 +/- 1.06e-25 [2898 selected]
| >   graph_35    : 2.5041705197601834e-08 +/- 3.82e-10 [39561 selected]
| >   graph_36    : -2.9795975908246020e-09 +/- 6.15e-11 [4525 selected]
| >   graph_37    : 1.6129998934020801e-08 +/- 1.86e-10 [14818 selected]
| >   graph_38    : 4.0385172864864476e-10 +/- 9.06e-12 [2803 selected]
| >   graph_39    : -7.6365079938958665e-09 +/- 1.06e-10 [7722 selected]
| >   graph_40    : 6.3752748783325007e-10 +/- 1.45e-09 [240588 selected]
| >   graph_41    : 1.7976344615062547e-09 +/- 5.59e-11 [5058 selected]
| >   graph_42    : 3.9896660705977211e-09 +/- 4.89e-10 [29380 selected]
| >   graph_43    : 3.1803874001736037e-09 +/- 6.56e-11 [4745 selected]
| >   graph_44    : 4.2437325452801118e-10 +/- 2.08e-11 [2853 selected]
| >   graph_45    : 2.3551181007559629e-10 +/- 2.79e-12 [2783 selected]
| >   graph_46    : -6.0953477208628500e-11 +/- 1.12e-12 [2899 selected]
| >   graph_47    : -3.6729939550406167e-09 +/- 2.95e-09 [282215 selected]
| >   graph_48    : -9.7279924184119852e-11 +/- 6.52e-12 [2844 selected]
| >   graph_49    : -3.4285379105447076e-08 +/- 2.23e-10 [17076 selected]
| >   graph_50    : 8.3509830924680590e-10 +/- 3.66e-11 [2783 selected]
| >   graph_51    : 5.7412623922648025e-09 +/- 4.16e-11 [2671 selected]
| >   graph_52    : 2.0059747096255964e-10 +/- 1.42e-11 [2894 selected]
| >   graph_53    : -7.9610617410907538e-10 +/- 4.68e-11 [4381 selected]
| >   graph_54    : -3.0595869493720674e-09 +/- 4.44e-10 [31820 selected]
| >   graph_55    : 1.1726610679932280e-09 +/- 4.02e-11 [3846 selected]
| >   graph_56    : -4.2056138067662281e-09 +/- 2.88e-11 [2806 selected]
| >   graph_57    : -1.2841080388513305e-08 +/- 1.54e-10 [12014 selected]
| >   graph_58    : 4.6349223245702334e-11 +/- 6.07e-12 [2869 selected]
| >   graph_59    : 2.8251362442806468e-11 +/- 5.96e-12 [2875 selected]
| >   graph_60    : -7.1574787883912002e-11 +/- 6.02e-12 [2848 selected]
| >   graph_61    : 1.2417426832033115e-08 +/- 2.87e-10 [20654 selected]
| >   graph_62    : -2.2909054508332804e-25 +/- 1.40e-24 [2873 selected]
| >   graph_63    : -1.1278038175522309e-09 +/- 2.19e-11 [2769 selected]
| >   graph_64    : 8.2725475902714856e-10 +/- 1.02e-11 [2800 selected]
| >   sum         : 3.1571225965362266e-08
| >   total       : 3.1571225965362511e-08
| >   difference  : -2.4484546131569619e-22
[92mINFO[0m [94msymbolica_integrator l.7237[0m [96mt=2026-09-09,10:10:33.477[0m > Symbolica integration: starting iteration [92m12/100[0m using [94m1000000[0m points ...
[92mINFO[0m [94msymbolica_integrator l.7270[0m [96mt=2026-09-09,10:16:04.828[0m > ... result after this iteration:
| > Integration result after [92m12000000[0m evaluations in [92m118515.89 CPU-s[0m [94m(9876.3 µs / eval)[0m
| > Extremal weights:
| >   with jacobian    : 6.83462e+04 at xs = [6.4810213514078670e-06 1.2872623629604971e-01 5.0135758672765640e-01 1.1579855220704659e-01 5.8362165858137149e-01 6.8012190464210887e-01] | jacobian = 1.24143e+06
| >     momentum space  : k = [[1.7896885893320363e-03, 1.8755163712599345e-03, 1.0440121451461144e+02]; [-3.8255413064754848e+01, -2.2179274606260584e+01, -2.8086543799527060e+01]]
| >   without jacobian : 5.81662e+02 at xs = [4.6244409640217324e-07 7.5278966738298070e-01 5.0008056585407423e-01 1.6937886588083906e-01 4.4118097394652966e-01 2.7878525065510779e-01] | jacobian = 1.57997e+04
| >     momentum space  : k = [[3.2421228909030028e-06, -1.8494930348985909e-04, 1.6255859331628312e+02]; [-5.8419867978341316e+01, 2.2630076346839729e+01, 5.2232438578599712e+01]]
| >   before clipping   : 9.19008e+06 at xs = [4.6244409640217324e-07 7.5278966738298070e-01 5.0008056585407423e-01 1.6937886588083906e-01 4.4118097394652966e-01 2.7878525065510779e-01]
| >     momentum space  : k = [[3.2421228909030028e-06, -1.8494930348985909e-04, 1.6255859331628312e+02]; [-5.8419867978341316e+01, 2.2630076346839729e+01, 5.2232438578599712e+01]]
| > Stability pipeline: float pairs accepted = 16571348, HP pairs attempted/accepted = 334253/334253
| > Stability triggers: float mismatch = 302440, float non-finite/error = 45
| > HP precision escalations: attempted/accepted = 207/207
| > Higher-precision rejections: disagreement = 0, non-finite = 0, error = 0
| > Soft-mirror stability: pairs = 5204439, large-side triggers = 31637, HP orbits attempted/salvaged/failed = 298838/298838/0
| > Soft-mirror extrema: raw original = -1.10080e+08, post-average = 9.19008e+06
| > Strongest soft-mirror cancellation: residual/raw = 0.00000e+00
| > Unstable rotational-check points rejected = 0
| > Rotational-check high-precision retries = 302485
| > Rotational-check high-precision salvaged = 302485
| > Large-weight high-precision retries = 31768
| > Large-weight high-precision salvaged = 31768
| > Large-weight high-precision rejected = 0
| > Large-weight samples zeroed = 27 (2.250e-06 of samples; removed signed/absolute sums = 1.31533e+07/1.77848e+07)
| > Non-finite final outputs zeroed = 0
| > Non-finite float rotated evaluations seen = 2
| > Example higher-precision-retried xs = [2.6880750982012969e-01 1.7402049722655100e-01 6.0980772598890010e-02 9.9750773443479890e-01 3.0048234085139136e-01 8.2729716849149482e-01] | float rel = 1.44350e-07
| >     momentum space  : k = [[1.2864873913282938e+01, 2.4869169488989783e+01, 1.4436129598391815e+02]; [-2.5782389205217190e+04, 7.8539332094821817e+04, -1.3710486440690246e+05]]
| > Example large-weight higher-precision-retried xs = [1.9231173850990912e-01 6.5780162395444419e-01 8.8861886028403791e-01 7.0208850143205215e-04 5.4240755566925725e-01 5.0445441660376766e-01] | compiled = -1.10603e+04 | higher precision = -1.02451e-01
| >     momentum space  : k = [[-1.7873903535647262e+01, -2.7323121682648594e+01, -8.9469201105104602e+01]; [-2.7108866766462003e-01, -7.3992249469811575e-02, -3.9326328464896528e-03]]
| > Example NaN/non-finite rotated xs = [4.3974642111233074e-04 4.7267464511837748e-01 9.9995896344930690e-01 6.1497814457061539e-01 6.0079335026881553e-01 6.4637841020769249e-01]
| >     momentum space  : k = [[-2.2353286370510883e-05, 3.8760017987051835e-06, 1.2731159591423573e+03]; [-4.6150254078839635e+02, -3.3882885223629427e+02, -2.8355997629564860e+02]]
| > [92mCentral value[0m : +3.1507386718841647e-08   +/- 3.21e-09     ([91m10.178%[0m)
[92mINFO[0m [94msymbolica_integrator l.7274[0m [96mt=2026-09-09,10:16:04.828[0m > | > Graph-channel Symbolica observer estimates:
| >   graph_0     : -2.0704245246585499e-08 +/- 3.19e-10 [29732 selected]
| >   graph_1     : 3.7518986433465644e-10 +/- 1.46e-11 [2635 selected]
| >   graph_2     : -1.2788770640945297e-08 +/- 1.04e-10 [8822 selected]
| >   graph_3     : 1.0731373488901197e-10 +/- 3.18e-12 [2661 selected]
| >   graph_4     : -5.7875579708166780e-10 +/- 2.64e-11 [2520 selected]
| >   graph_5     : -3.8937659476228819e-11 +/- 3.40e-12 [2558 selected]
| >   graph_6     : -3.5239356500092560e-11 +/- 3.57e-12 [2669 selected]
| >   graph_7     : 6.0100187384366522e-11 +/- 5.03e-12 [2596 selected]
| >   graph_8     : -9.0040933558565394e-10 +/- 2.93e-11 [3333 selected]
| >   graph_9     : 1.0488714099781256e-09 +/- 3.04e-11 [3425 selected]
| >   graph_10    : -2.6821762470272518e-09 +/- 2.18e-10 [17803 selected]
| >   graph_11    : 2.1461139665265791e-27 +/- 7.21e-28 [2589 selected]
| >   graph_12    : -5.6214729071731913e-10 +/- 2.03e-11 [2580 selected]
| >   graph_13    : -1.1692213954007855e-08 +/- 1.99e-10 [18717 selected]
| >   graph_14    : 1.1154539245697733e-10 +/- 1.31e-12 [2586 selected]
| >   graph_15    : -4.4425219918306114e-25 +/- 9.22e-25 [2559 selected]
| >   graph_16    : 3.8834336002960149e-09 +/- 2.55e-11 [2601 selected]
| >   graph_17    : -3.6153501292712379e-10 +/- 4.04e-12 [2596 selected]
| >   graph_18    : 1.1900059889758500e-08 +/- 1.70e-10 [14159 selected]
| >   graph_19    : 1.0562022691457097e-09 +/- 1.23e-11 [2551 selected]
| >   graph_20    : -7.7029403592937590e-10 +/- 8.68e-12 [2699 selected]
| >   graph_21    : -8.5094759940155520e-10 +/- 3.19e-11 [3710 selected]
| >   graph_22    : -5.2294824979262334e-10 +/- 2.30e-11 [2631 selected]
| >   graph_23    : -2.8583985015860549e-10 +/- 1.06e-11 [2726 selected]
| >   graph_24    : 5.5776782917777397e-10 +/- 3.87e-11 [2617 selected]
| >   graph_25    : 4.4014875612582814e-10 +/- 2.41e-11 [2588 selected]
| >   graph_26    : -2.1510291458434792e-10 +/- 2.50e-12 [2636 selected]
| >   graph_27    : -2.6973079784249579e-11 +/- 2.94e-13 [2536 selected]
| >   graph_28    : -1.1617112413617557e-09 +/- 1.78e-11 [2623 selected]
| >   graph_29    : 6.7858761963104617e-08 +/- 3.86e-10 [36075 selected]
| >   graph_30    : -1.9062915060960094e-09 +/- 3.82e-10 [42149 selected]
| >   graph_31    : 4.0629086932270040e-11 +/- 1.02e-12 [2594 selected]
| >   graph_32    : -6.6626810120642290e-11 +/- 1.67e-11 [2593 selected]
| >   graph_33    : -1.9056778200607723e-09 +/- 5.73e-11 [3981 selected]
| >   graph_34    : 8.6828892402015615e-26 +/- 9.90e-26 [2595 selected]
| >   graph_35    : 2.4982011568450390e-08 +/- 3.54e-10 [41823 selected]
| >   graph_36    : -2.9786648740350740e-09 +/- 5.85e-11 [4881 selected]
| >   graph_37    : 1.6141262219973103e-08 +/- 1.75e-10 [15911 selected]
| >   graph_38    : 4.0176591774206997e-10 +/- 8.50e-12 [2542 selected]
| >   graph_39    : -7.6334999439439586e-09 +/- 1.01e-10 [8342 selected]
| >   graph_40    : 5.4463214142609270e-10 +/- 1.33e-09 [248003 selected]
| >   graph_41    : 1.8162824250016864e-09 +/- 5.22e-11 [5373 selected]
| >   graph_42    : 4.0950740486050145e-09 +/- 4.50e-10 [31186 selected]
| >   graph_43    : 3.1895985430442409e-09 +/- 6.24e-11 [5091 selected]
| >   graph_44    : 4.3164185185605080e-10 +/- 1.98e-11 [2698 selected]
| >   graph_45    : 2.3598287936307833e-10 +/- 2.59e-12 [2586 selected]
| >   graph_46    : -6.0945476939010203e-11 +/- 1.04e-12 [2570 selected]
| >   graph_47    : -3.8939899473518327e-09 +/- 2.70e-09 [260489 selected]
| >   graph_48    : -9.7130011185335766e-11 +/- 6.08e-12 [2558 selected]
| >   graph_49    : -3.4277438024722540e-08 +/- 2.09e-10 [17830 selected]
| >   graph_50    : 8.3798978488128789e-10 +/- 3.45e-11 [2799 selected]
| >   graph_51    : 5.7319327549831541e-09 +/- 4.01e-11 [2643 selected]
| >   graph_52    : 1.9804324697819765e-10 +/- 1.33e-11 [2624 selected]
| >   graph_53    : -7.8429902630733246e-10 +/- 4.37e-11 [4706 selected]
| >   graph_54    : -3.0203117451572922e-09 +/- 4.10e-10 [33941 selected]
| >   graph_55    : 1.1630953114483106e-09 +/- 3.77e-11 [3944 selected]
| >   graph_56    : -4.2069602423011114e-09 +/- 2.76e-11 [2611 selected]
| >   graph_57    : -1.2845000041597378e-08 +/- 1.45e-10 [12801 selected]
| >   graph_58    : 4.7585520488409160e-11 +/- 5.70e-12 [2612 selected]
| >   graph_59    : 3.0240579897654910e-11 +/- 5.60e-12 [2591 selected]
| >   graph_60    : -7.0437903424076826e-11 +/- 5.68e-12 [2590 selected]
| >   graph_61    : 1.2446717917798685e-08 +/- 2.66e-10 [21978 selected]
| >   graph_62    : -1.4245144766096222e-25 +/- 1.30e-24 [2640 selected]
| >   graph_63    : -1.1280894895311859e-09 +/- 2.09e-11 [2558 selected]
| >   graph_64    : 8.2711639796021523e-10 +/- 9.60e-12 [2634 selected]
| >   sum         : 3.1507386718841442e-08
| >   total       : 3.1507386718841647e-08
| >   difference  : -2.0514079191315086e-22
[92mINFO[0m [94msymbolica_integrator l.7237[0m [96mt=2026-09-09,10:16:04.828[0m > Symbolica integration: starting iteration [92m13/100[0m using [94m1000000[0m points ...
[92mINFO[0m [94msymbolica_integrator l.7270[0m [96mt=2026-09-09,10:22:06.958[0m > ... result after this iteration:
| > Integration result after [92m13000000[0m evaluations in [92m135879.67 CPU-s[0m [94m(10452.3 µs / eval)[0m
| > Extremal weights:
| >   with jacobian    : 6.83462e+04 at xs = [6.4810213514078670e-06 1.2872623629604971e-01 5.0135758672765640e-01 1.1579855220704659e-01 5.8362165858137149e-01 6.8012190464210887e-01] | jacobian = 1.24143e+06
| >     momentum space  : k = [[1.7896885893320363e-03, 1.8755163712599345e-03, 1.0440121451461144e+02]; [-3.8255413064754848e+01, -2.2179274606260584e+01, -2.8086543799527060e+01]]
| >   without jacobian : 5.81662e+02 at xs = [4.6244409640217324e-07 7.5278966738298070e-01 5.0008056585407423e-01 1.6937886588083906e-01 4.4118097394652966e-01 2.7878525065510779e-01] | jacobian = 1.57997e+04
| >     momentum space  : k = [[3.2421228909030028e-06, -1.8494930348985909e-04, 1.6255859331628312e+02]; [-5.8419867978341316e+01, 2.2630076346839729e+01, 5.2232438578599712e+01]]
| >   before clipping   : 9.19008e+06 at xs = [4.6244409640217324e-07 7.5278966738298070e-01 5.0008056585407423e-01 1.6937886588083906e-01 4.4118097394652966e-01 2.7878525065510779e-01]
| >     momentum space  : k = [[3.2421228909030028e-06, -1.8494930348985909e-04, 1.6255859331628312e+02]; [-5.8419867978341316e+01, 2.2630076346839729e+01, 5.2232438578599712e+01]]
| > Stability pipeline: float pairs accepted = 17919271, HP pairs attempted/accepted = 372954/372954
| > Stability triggers: float mismatch = 338453, float non-finite/error = 50
| > HP precision escalations: attempted/accepted = 230/230
| > Higher-precision rejections: disagreement = 0, non-finite = 0, error = 0
| > Soft-mirror stability: pairs = 5626401, large-side triggers = 34305, HP orbits attempted/salvaged/failed = 334176/334176/0
| > Soft-mirror extrema: raw original = -1.10080e+08, post-average = 9.19008e+06
| > Strongest soft-mirror cancellation: residual/raw = 0.00000e+00
| > Unstable rotational-check points rejected = 0
| > Rotational-check high-precision retries = 338503
| > Rotational-check high-precision salvaged = 338503
| > Large-weight high-precision retries = 34451
| > Large-weight high-precision salvaged = 34451
| > Large-weight high-precision rejected = 0
| > Large-weight samples zeroed = 33 (2.538e-06 of samples; removed signed/absolute sums = 1.38466e+07/1.86309e+07)
| > Non-finite final outputs zeroed = 0
| > Non-finite float rotated evaluations seen = 2
| > Example higher-precision-retried xs = [2.6880750982012969e-01 1.7402049722655100e-01 6.0980772598890010e-02 9.9750773443479890e-01 3.0048234085139136e-01 8.2729716849149482e-01] | float rel = 1.44350e-07
| >     momentum space  : k = [[1.2864873913282938e+01, 2.4869169488989783e+01, 1.4436129598391815e+02]; [-2.5782389205217190e+04, 7.8539332094821817e+04, -1.3710486440690246e+05]]
| > Example large-weight higher-precision-retried xs = [1.9231173850990912e-01 6.5780162395444419e-01 8.8861886028403791e-01 7.0208850143205215e-04 5.4240755566925725e-01 5.0445441660376766e-01] | compiled = -1.10603e+04 | higher precision = -1.02451e-01
| >     momentum space  : k = [[-1.7873903535647262e+01, -2.7323121682648594e+01, -8.9469201105104602e+01]; [-2.7108866766462003e-01, -7.3992249469811575e-02, -3.9326328464896528e-03]]
| > Example NaN/non-finite rotated xs = [4.3974642111233074e-04 4.7267464511837748e-01 9.9995896344930690e-01 6.1497814457061539e-01 6.0079335026881553e-01 6.4637841020769249e-01]
| >     momentum space  : k = [[-2.2353286370510883e-05, 3.8760017987051835e-06, 1.2731159591423573e+03]; [-4.6150254078839635e+02, -3.3882885223629427e+02, -2.8355997629564860e+02]]
| > [92mCentral value[0m : +3.1575192189840748e-08   +/- 2.97e-09     ([91m9.395%[0m)
[92mINFO[0m [94msymbolica_integrator l.7274[0m [96mt=2026-09-09,10:22:06.959[0m > | > Graph-channel Symbolica observer estimates:
| >   graph_0     : -2.0621538852642419e-08 +/- 2.99e-10 [31421 selected]
| >   graph_1     : 3.7078959614544763e-10 +/- 1.41e-11 [2494 selected]
| >   graph_2     : -1.2851154285312553e-08 +/- 9.88e-11 [8979 selected]
| >   graph_3     : 1.0812869776171799e-10 +/- 2.99e-12 [2502 selected]
| >   graph_4     : -5.8693530179828020e-10 +/- 2.53e-11 [2590 selected]
| >   graph_5     : -3.9735377440766934e-11 +/- 3.22e-12 [2552 selected]
| >   graph_6     : -3.5779654284625396e-11 +/- 3.38e-12 [2551 selected]
| >   graph_7     : 6.1515363506863570e-11 +/- 4.77e-12 [2526 selected]
| >   graph_8     : -8.9679864108869447e-10 +/- 2.76e-11 [3410 selected]
| >   graph_9     : 1.0528520508950702e-09 +/- 2.88e-11 [3495 selected]
| >   graph_10    : -2.6976152975528993e-09 +/- 2.03e-10 [18168 selected]
| >   graph_11    : 2.4022528005699350e-27 +/- 6.74e-28 [2562 selected]
| >   graph_12    : -5.6652378800083686e-10 +/- 1.92e-11 [2580 selected]
| >   graph_13    : -1.1701581166290851e-08 +/- 1.87e-10 [19403 selected]
| >   graph_14    : 1.1125387107586528e-10 +/- 1.23e-12 [2415 selected]
| >   graph_15    : -5.7271733419179519e-25 +/- 8.67e-25 [2469 selected]
| >   graph_16    : 3.8916845066201660e-09 +/- 2.46e-11 [2558 selected]
| >   graph_17    : -3.6082615242939130e-10 +/- 3.78e-12 [2460 selected]
| >   graph_18    : 1.1928545271552117e-08 +/- 1.58e-10 [14787 selected]
| >   graph_19    : 1.0594400309922174e-09 +/- 1.16e-11 [2595 selected]
| >   graph_20    : -7.6994542682572658e-10 +/- 8.24e-12 [2533 selected]
| >   graph_21    : -8.5710228638717776e-10 +/- 3.00e-11 [3809 selected]
| >   graph_22    : -5.1744851463637203e-10 +/- 2.18e-11 [2524 selected]
| >   graph_23    : -2.8387985471150916e-10 +/- 9.93e-12 [2505 selected]
| >   graph_24    : 5.5805813156429085e-10 +/- 3.74e-11 [2854 selected]
| >   graph_25    : 4.4281092932380549e-10 +/- 2.29e-11 [2456 selected]
| >   graph_26    : -2.1461909386886810e-10 +/- 2.34e-12 [2428 selected]
| >   graph_27    : -2.7025356997752952e-11 +/- 2.76e-13 [2494 selected]
| >   graph_28    : -1.1594128248435329e-09 +/- 1.70e-11 [2496 selected]
| >   graph_29    : 6.7896771813789914e-08 +/- 3.61e-10 [38021 selected]
| >   graph_30    : -1.8894596506729823e-09 +/- 3.54e-10 [43381 selected]
| >   graph_31    : 4.0778413160159953e-11 +/- 9.62e-13 [2552 selected]
| >   graph_32    : -6.4046946048851008e-11 +/- 1.59e-11 [2436 selected]
| >   graph_33    : -1.9264522581329912e-09 +/- 5.48e-11 [4007 selected]
| >   graph_34    : 9.6546331478902997e-26 +/- 9.25e-26 [2442 selected]
| >   graph_35    : 2.5186341416984090e-08 +/- 3.46e-10 [43700 selected]
| >   graph_36    : -2.9603326370975477e-09 +/- 5.60e-11 [5029 selected]
| >   graph_37    : 1.6149273790702784e-08 +/- 1.66e-10 [16467 selected]
| >   graph_38    : 4.0357865456915881e-10 +/- 8.06e-12 [2519 selected]
| >   graph_39    : -7.6163015603956167e-09 +/- 9.64e-11 [8541 selected]
| >   graph_40    : 4.8674669774698892e-10 +/- 1.22e-09 [249968 selected]
| >   graph_41    : 1.8019208768110170e-09 +/- 4.91e-11 [5483 selected]
| >   graph_42    : 4.1147695564500617e-09 +/- 4.17e-10 [32406 selected]
| >   graph_43    : 3.1765840744784468e-09 +/- 5.95e-11 [5273 selected]
| >   graph_44    : 4.2856745182555702e-10 +/- 1.88e-11 [2454 selected]
| >   graph_45    : 2.3619289381386499e-10 +/- 2.43e-12 [2503 selected]
| >   graph_46    : -6.1015153120459934e-11 +/- 9.72e-13 [2480 selected]
| >   graph_47    : -4.1370311335174925e-09 +/- 2.49e-09 [245772 selected]
| >   graph_48    : -9.5412492071370863e-11 +/- 5.71e-12 [2487 selected]
| >   graph_49    : -3.4323474945245102e-08 +/- 1.97e-10 [18903 selected]
| >   graph_50    : 8.5938285342040317e-10 +/- 3.41e-11 [2906 selected]
| >   graph_51    : 5.7395099779815396e-09 +/- 3.88e-11 [2822 selected]
| >   graph_52    : 1.9755585543167297e-10 +/- 1.26e-11 [2519 selected]
| >   graph_53    : -7.8669182578641990e-10 +/- 4.11e-11 [4933 selected]
| >   graph_54    : -2.9507153854185082e-09 +/- 3.80e-10 [35402 selected]
| >   graph_55    : 1.1614632927064001e-09 +/- 3.55e-11 [4049 selected]
| >   graph_56    : -4.2002642941753385e-09 +/- 2.65e-11 [2445 selected]
| >   graph_57    : -1.2850189805494450e-08 +/- 1.36e-10 [13538 selected]
| >   graph_58    : 4.8475174493199257e-11 +/- 5.40e-12 [2516 selected]
| >   graph_59    : 3.2390978094159003e-11 +/- 5.30e-12 [2581 selected]
| >   graph_60    : -7.0385491582819107e-11 +/- 5.37e-12 [2430 selected]
| >   graph_61    : 1.2450928367528119e-08 +/- 2.48e-10 [22915 selected]
| >   graph_62    : 1.3453526217024679e-25 +/- 1.23e-24 [2523 selected]
| >   graph_63    : -1.1264728793127407e-09 +/- 2.00e-11 [2513 selected]
| >   graph_64    : 8.2504993360052009e-10 +/- 9.09e-12 [2468 selected]
| >   sum         : 3.1575192189840669e-08
| >   total       : 3.1575192189840748e-08
| >   difference  : -7.9409338805090657e-23
[92mINFO[0m [94msymbolica_integrator l.7237[0m [96mt=2026-09-09,10:22:06.959[0m > Symbolica integration: starting iteration [92m14/100[0m using [94m1000000[0m points ...
[92mINFO[0m [94msymbolica_integrator l.7270[0m [96mt=2026-09-09,10:27:09.720[0m > ... result after this iteration:
| > Integration result after [92m14000000[0m evaluations in [92m145285.40 CPU-s[0m [94m(10377.5 µs / eval)[0m
| > Extremal weights:
| >   with jacobian    : 6.83462e+04 at xs = [6.4810213514078670e-06 1.2872623629604971e-01 5.0135758672765640e-01 1.1579855220704659e-01 5.8362165858137149e-01 6.8012190464210887e-01] | jacobian = 1.24143e+06
| >     momentum space  : k = [[1.7896885893320363e-03, 1.8755163712599345e-03, 1.0440121451461144e+02]; [-3.8255413064754848e+01, -2.2179274606260584e+01, -2.8086543799527060e+01]]
| >   without jacobian : 5.81662e+02 at xs = [4.6244409640217324e-07 7.5278966738298070e-01 5.0008056585407423e-01 1.6937886588083906e-01 4.4118097394652966e-01 2.7878525065510779e-01] | jacobian = 1.57997e+04
| >     momentum space  : k = [[3.2421228909030028e-06, -1.8494930348985909e-04, 1.6255859331628312e+02]; [-5.8419867978341316e+01, 2.2630076346839729e+01, 5.2232438578599712e+01]]
| >   before clipping   : 9.19008e+06 at xs = [4.6244409640217324e-07 7.5278966738298070e-01 5.0008056585407423e-01 1.6937886588083906e-01 4.4118097394652966e-01 2.7878525065510779e-01]
| >     momentum space  : k = [[3.2421228909030028e-06, -1.8494930348985909e-04, 1.6255859331628312e+02]; [-5.8419867978341316e+01, 2.2630076346839729e+01, 5.2232438578599712e+01]]
| > Stability pipeline: float pairs accepted = 19264803, HP pairs attempted/accepted = 415259/415259
| > Stability triggers: float mismatch = 377613, float non-finite/error = 62
| > HP precision escalations: attempted/accepted = 264/264
| > Higher-precision rejections: disagreement = 0, non-finite = 0, error = 0
| > Soft-mirror stability: pairs = 6052979, large-side triggers = 37417, HP orbits attempted/salvaged/failed = 372917/372917/0
| > Soft-mirror extrema: raw mirror = -2.72842e+08, post-average = 9.19008e+06
| > Strongest soft-mirror cancellation: residual/raw = 0.00000e+00
| > Unstable rotational-check points rejected = 0
| > Rotational-check high-precision retries = 377675
| > Rotational-check high-precision salvaged = 377675
| > Large-weight high-precision retries = 37584
| > Large-weight high-precision salvaged = 37584
| > Large-weight high-precision rejected = 0
| > Large-weight samples zeroed = 41 (2.929e-06 of samples; removed signed/absolute sums = 1.89781e+07/2.46764e+07)
| > Non-finite final outputs zeroed = 0
| > Non-finite float rotated evaluations seen = 3
| > Example higher-precision-retried xs = [2.6880750982012969e-01 1.7402049722655100e-01 6.0980772598890010e-02 9.9750773443479890e-01 3.0048234085139136e-01 8.2729716849149482e-01] | float rel = 1.44350e-07
| >     momentum space  : k = [[1.2864873913282938e+01, 2.4869169488989783e+01, 1.4436129598391815e+02]; [-2.5782389205217190e+04, 7.8539332094821817e+04, -1.3710486440690246e+05]]
| > Example large-weight higher-precision-retried xs = [1.9231173850990912e-01 6.5780162395444419e-01 8.8861886028403791e-01 7.0208850143205215e-04 5.4240755566925725e-01 5.0445441660376766e-01] | compiled = -1.10603e+04 | higher precision = -1.02451e-01
| >     momentum space  : k = [[-1.7873903535647262e+01, -2.7323121682648594e+01, -8.9469201105104602e+01]; [-2.7108866766462003e-01, -7.3992249469811575e-02, -3.9326328464896528e-03]]
| > Example NaN/non-finite rotated xs = [4.3974642111233074e-04 4.7267464511837748e-01 9.9995896344930690e-01 6.1497814457061539e-01 6.0079335026881553e-01 6.4637841020769249e-01]
| >     momentum space  : k = [[-2.2353286370510883e-05, 3.8760017987051835e-06, 1.2731159591423573e+03]; [-4.6150254078839635e+02, -3.3882885223629427e+02, -2.8355997629564860e+02]]
| > [92mCentral value[0m : +3.0906820273276793e-08   +/- 2.76e-09     ([91m8.931%[0m)
[92mINFO[0m [94msymbolica_integrator l.7274[0m [96mt=2026-09-09,10:27:09.720[0m > | > Graph-channel Symbolica observer estimates:
| >   graph_0     : -2.0637865386894309e-08 +/- 2.81e-10 [31951 selected]
| >   graph_1     : 3.7235531685780010e-10 +/- 1.34e-11 [2499 selected]
| >   graph_2     : -1.2864073623233992e-08 +/- 9.44e-11 [9184 selected]
| >   graph_3     : 1.0819517947968201e-10 +/- 2.85e-12 [2500 selected]
| >   graph_4     : -5.8956116815794603e-10 +/- 2.43e-11 [2422 selected]
| >   graph_5     : -3.7709017630581830e-11 +/- 3.06e-12 [2396 selected]
| >   graph_6     : -3.6299531352482320e-11 +/- 3.21e-12 [2418 selected]
| >   graph_7     : 6.1897424713654429e-11 +/- 4.53e-12 [2463 selected]
| >   graph_8     : -8.8454025813400404e-10 +/- 2.62e-11 [3515 selected]
| >   graph_9     : 1.0527761424338420e-09 +/- 2.73e-11 [3591 selected]
| >   graph_10    : -2.7085317452788754e-09 +/- 1.89e-10 [18666 selected]
| >   graph_11    : 2.2714138145692001e-27 +/- 6.34e-28 [2528 selected]
| >   graph_12    : -5.6342121571711166e-10 +/- 1.82e-11 [2617 selected]
| >   graph_13    : -1.1763245844984654e-08 +/- 1.75e-10 [19854 selected]
| >   graph_14    : 1.1085923521603611e-10 +/- 1.15e-12 [2365 selected]
| >   graph_15    : 8.7877148486021059e-24 +/- 9.68e-24 [2481 selected]
| >   graph_16    : 3.8956726572863218e-09 +/- 2.37e-11 [2567 selected]
| >   graph_17    : -3.6093860373027020e-10 +/- 3.56e-12 [2553 selected]
| >   graph_18    : 1.1937370701021436e-08 +/- 1.48e-10 [14999 selected]
| >   graph_19    : 1.0540465917658391e-09 +/- 1.11e-11 [2471 selected]
| >   graph_20    : -7.6983233270217268e-10 +/- 7.85e-12 [2519 selected]
| >   graph_21    : -8.6254281837136228e-10 +/- 2.84e-11 [3834 selected]
| >   graph_22    : -5.2456945839114100e-10 +/- 2.16e-11 [2455 selected]
| >   graph_23    : -2.8382155613851021e-10 +/- 9.34e-12 [2440 selected]
| >   graph_24    : 5.5066495579617559e-10 +/- 3.63e-11 [2842 selected]
| >   graph_25    : 4.4370021941967187e-10 +/- 2.19e-11 [2421 selected]
| >   graph_26    : -2.1479538513166491e-10 +/- 2.20e-12 [2516 selected]
| >   graph_27    : -2.7011789974861033e-11 +/- 2.60e-13 [2460 selected]
| >   graph_28    : -1.1625240592859230e-09 +/- 1.62e-11 [2454 selected]
| >   graph_29    : 6.7859738641447902e-08 +/- 3.39e-10 [38611 selected]
| >   graph_30    : -1.9219419905930770e-09 +/- 3.30e-10 [44267 selected]
| >   graph_31    : 4.0596393262774620e-11 +/- 9.14e-13 [2448 selected]
| >   graph_32    : -6.3297865968806502e-11 +/- 1.52e-11 [2475 selected]
| >   graph_33    : -1.9041423597956965e-09 +/- 5.24e-11 [4261 selected]
| >   graph_34    : 1.0153067925524261e-25 +/- 8.74e-26 [2452 selected]
| >   graph_35    : 2.5131932138800246e-08 +/- 3.24e-10 [47554 selected]
| >   graph_36    : -2.9620590344379911e-09 +/- 5.36e-11 [5103 selected]
| >   graph_37    : 1.6224966051538736e-08 +/- 1.59e-10 [17417 selected]
| >   graph_38    : 4.0077636578964846e-10 +/- 7.66e-12 [2445 selected]
| >   graph_39    : -7.6482918112814718e-09 +/- 9.25e-11 [8946 selected]
| >   graph_40    : 4.2837736352146488e-10 +/- 1.14e-09 [247489 selected]
| >   graph_41    : 1.7906780455355984e-09 +/- 4.64e-11 [5627 selected]
| >   graph_42    : 4.0944386625485699e-09 +/- 3.92e-10 [33331 selected]
| >   graph_43    : 3.1852620859431988e-09 +/- 5.71e-11 [5462 selected]
| >   graph_44    : 4.2758038782291291e-10 +/- 1.79e-11 [2487 selected]
| >   graph_45    : 2.3692713448828460e-10 +/- 2.30e-12 [2533 selected]
| >   graph_46    : -6.1177117789630515e-11 +/- 9.17e-13 [2502 selected]
| >   graph_47    : -4.2913832049254220e-09 +/- 2.32e-09 [236685 selected]
| >   graph_48    : -9.4371816744916203e-11 +/- 5.39e-12 [2444 selected]
| >   graph_49    : -3.4390402897684956e-08 +/- 1.86e-10 [19549 selected]
| >   graph_50    : 8.5215391641349416e-10 +/- 3.27e-11 [2911 selected]
| >   graph_51    : 5.7354416301328785e-09 +/- 3.76e-11 [2794 selected]
| >   graph_52    : 2.0116829014078839e-10 +/- 1.20e-11 [2567 selected]
| >   graph_53    : -7.9076884415794469e-10 +/- 3.87e-11 [4793 selected]
| >   graph_54    : -2.9453615455252063e-09 +/- 3.54e-10 [36170 selected]
| >   graph_55    : 1.1647129841809811e-09 +/- 3.36e-11 [4188 selected]
| >   graph_56    : -4.1952754666535047e-09 +/- 2.57e-11 [2444 selected]
| >   graph_57    : -1.2993061522166433e-08 +/- 1.56e-10 [13559 selected]
| >   graph_58    : 4.7467544682919457e-11 +/- 5.12e-12 [2506 selected]
| >   graph_59    : 3.2977042246674445e-11 +/- 5.04e-12 [2546 selected]
| >   graph_60    : -6.9003019179948979e-11 +/- 5.11e-12 [2508 selected]
| >   graph_61    : 1.2395408259517542e-08 +/- 2.33e-10 [23514 selected]
| >   graph_62    : 6.3522087265699887e-26 +/- 1.14e-24 [2487 selected]
| >   graph_63    : -1.1353568458464616e-09 +/- 1.93e-11 [2504 selected]
| >   graph_64    : 8.2585804913290263e-10 +/- 8.66e-12 [2440 selected]
| >   sum         : 3.0906820273276660e-08
| >   total       : 3.0906820273276793e-08
| >   difference  : -1.3234889800848443e-22
[92mINFO[0m [94msymbolica_integrator l.7237[0m [96mt=2026-09-09,10:27:09.721[0m > Symbolica integration: starting iteration [92m15/100[0m using [94m1000000[0m points ...
[92mINFO[0m [94msymbolica_integrator l.7270[0m [96mt=2026-09-09,10:32:25.653[0m > ... result after this iteration:
| > Integration result after [92m15000000[0m evaluations in [92m155516.22 CPU-s[0m [94m(10367.7 µs / eval)[0m
| > Extremal weights:
| >   with jacobian    : 6.83462e+04 at xs = [6.4810213514078670e-06 1.2872623629604971e-01 5.0135758672765640e-01 1.1579855220704659e-01 5.8362165858137149e-01 6.8012190464210887e-01] | jacobian = 1.24143e+06
| >     momentum space  : k = [[1.7896885893320363e-03, 1.8755163712599345e-03, 1.0440121451461144e+02]; [-3.8255413064754848e+01, -2.2179274606260584e+01, -2.8086543799527060e+01]]
| >   without jacobian : 5.81662e+02 at xs = [4.6244409640217324e-07 7.5278966738298070e-01 5.0008056585407423e-01 1.6937886588083906e-01 4.4118097394652966e-01 2.7878525065510779e-01] | jacobian = 1.57997e+04
| >     momentum space  : k = [[3.2421228909030028e-06, -1.8494930348985909e-04, 1.6255859331628312e+02]; [-5.8419867978341316e+01, 2.2630076346839729e+01, 5.2232438578599712e+01]]
| >   before clipping   : 9.19008e+06 at xs = [4.6244409640217324e-07 7.5278966738298070e-01 5.0008056585407423e-01 1.6937886588083906e-01 4.4118097394652966e-01 2.7878525065510779e-01]
| >     momentum space  : k = [[3.2421228909030028e-06, -1.8494930348985909e-04, 1.6255859331628312e+02]; [-5.8419867978341316e+01, 2.2630076346839729e+01, 5.2232438578599712e+01]]
| > Stability pipeline: float pairs accepted = 20612915, HP pairs attempted/accepted = 457356/457356
| > Stability triggers: float mismatch = 416612, float non-finite/error = 77
| > HP precision escalations: attempted/accepted = 305/305
| > Higher-precision rejections: disagreement = 0, non-finite = 0, error = 0
| > Soft-mirror stability: pairs = 6481249, large-side triggers = 40481, HP orbits attempted/salvaged/failed = 410978/410978/0
| > Soft-mirror extrema: raw mirror = -2.72842e+08, post-average = 9.19008e+06
| > Strongest soft-mirror cancellation: residual/raw = 0.00000e+00
| > Unstable rotational-check points rejected = 0
| > Rotational-check high-precision retries = 416689
| > Rotational-check high-precision salvaged = 416689
| > Large-weight high-precision retries = 40667
| > Large-weight high-precision salvaged = 40667
| > Large-weight high-precision rejected = 0
| > Large-weight samples zeroed = 46 (3.067e-06 of samples; removed signed/absolute sums = 1.56196e+07/2.95786e+07)
| > Non-finite final outputs zeroed = 0
| > Non-finite float rotated evaluations seen = 6
| > Example higher-precision-retried xs = [2.6880750982012969e-01 1.7402049722655100e-01 6.0980772598890010e-02 9.9750773443479890e-01 3.0048234085139136e-01 8.2729716849149482e-01] | float rel = 1.44350e-07
| >     momentum space  : k = [[1.2864873913282938e+01, 2.4869169488989783e+01, 1.4436129598391815e+02]; [-2.5782389205217190e+04, 7.8539332094821817e+04, -1.3710486440690246e+05]]
| > Example large-weight higher-precision-retried xs = [1.9231173850990912e-01 6.5780162395444419e-01 8.8861886028403791e-01 7.0208850143205215e-04 5.4240755566925725e-01 5.0445441660376766e-01] | compiled = -1.10603e+04 | higher precision = -1.02451e-01
| >     momentum space  : k = [[-1.7873903535647262e+01, -2.7323121682648594e+01, -8.9469201105104602e+01]; [-2.7108866766462003e-01, -7.3992249469811575e-02, -3.9326328464896528e-03]]
| > Example NaN/non-finite rotated xs = [4.3974642111233074e-04 4.7267464511837748e-01 9.9995896344930690e-01 6.1497814457061539e-01 6.0079335026881553e-01 6.4637841020769249e-01]
| >     momentum space  : k = [[-2.2353286370510883e-05, 3.8760017987051835e-06, 1.2731159591423573e+03]; [-4.6150254078839635e+02, -3.3882885223629427e+02, -2.8355997629564860e+02]]
| > [92mCentral value[0m : +3.0745513025480461e-08   +/- 2.58e-09     ([91m8.392%[0m)
[92mINFO[0m [94msymbolica_integrator l.7274[0m [96mt=2026-09-09,10:32:25.654[0m > | > Graph-channel Symbolica observer estimates:
| >   graph_0     : -2.0643684772450586e-08 +/- 2.66e-10 [32701 selected]
| >   graph_1     : 3.6621737386491236e-10 +/- 1.29e-11 [2490 selected]
| >   graph_2     : -1.2868927416608926e-08 +/- 9.06e-11 [9356 selected]
| >   graph_3     : 1.0838025055905718e-10 +/- 2.71e-12 [2396 selected]
| >   graph_4     : -5.7952571783110795e-10 +/- 2.35e-11 [2550 selected]
| >   graph_5     : -3.7731427628513102e-11 +/- 2.92e-12 [2486 selected]
| >   graph_6     : -3.6012813769750757e-11 +/- 3.06e-12 [2450 selected]
| >   graph_7     : 6.2648426967194354e-11 +/- 4.33e-12 [2407 selected]
| >   graph_8     : -8.8375033794846639e-10 +/- 2.49e-11 [3554 selected]
| >   graph_9     : 1.0596293782469939e-09 +/- 2.60e-11 [3632 selected]
| >   graph_10    : -2.7586061082213616e-09 +/- 1.78e-10 [19015 selected]
| >   graph_11    : 2.3024552235678441e-27 +/- 5.99e-28 [2408 selected]
| >   graph_12    : -5.6247916962135966e-10 +/- 1.73e-11 [2679 selected]
| >   graph_13    : -1.1791883765420684e-08 +/- 1.67e-10 [19957 selected]
| >   graph_14    : 1.1049944866472791e-10 +/- 1.09e-12 [2393 selected]
| >   graph_15    : 8.1301805406951371e-24 +/- 9.03e-24 [2463 selected]
| >   graph_16    : 3.8979125545577170e-09 +/- 2.30e-11 [2496 selected]
| >   graph_17    : -3.6087493011401708e-10 +/- 3.37e-12 [2500 selected]
| >   graph_18    : 1.1927125416707368e-08 +/- 1.40e-10 [15017 selected]
| >   graph_19    : 1.0565796460312075e-09 +/- 1.06e-11 [2569 selected]
| >   graph_20    : -7.6688465641565520e-10 +/- 7.48e-12 [2401 selected]
| >   graph_21    : -8.5920997079981328e-10 +/- 2.70e-11 [3889 selected]
| >   graph_22    : -5.2131028729816692e-10 +/- 2.13e-11 [2451 selected]
| >   graph_23    : -2.8323192094097035e-10 +/- 8.85e-12 [2459 selected]
| >   graph_24    : 5.5688432549125965e-10 +/- 3.51e-11 [2827 selected]
| >   graph_25    : 4.3735808268436984e-10 +/- 2.10e-11 [2519 selected]
| >   graph_26    : -2.1454204024887541e-10 +/- 2.08e-12 [2414 selected]
| >   graph_27    : -2.6966733289823701e-11 +/- 2.46e-13 [2387 selected]
| >   graph_28    : -1.1569916589733579e-09 +/- 1.56e-11 [2425 selected]
| >   graph_29    : 6.7758957095044106e-08 +/- 3.20e-10 [39655 selected]
| >   graph_30    : -1.8651840249625581e-09 +/- 3.09e-10 [44310 selected]
| >   graph_31    : 4.0468645896846956e-11 +/- 8.72e-13 [2412 selected]
| >   graph_32    : -6.2790498042772282e-11 +/- 1.46e-11 [2526 selected]
| >   graph_33    : -1.8928719860318164e-09 +/- 5.09e-11 [4335 selected]
| >   graph_34    : 7.9992107121029032e-26 +/- 8.33e-26 [2504 selected]
| >   graph_35    : 2.5114050671104944e-08 +/- 3.06e-10 [47922 selected]
| >   graph_36    : -2.9500695650895212e-09 +/- 5.15e-11 [5299 selected]
| >   graph_37    : 1.6274171615208697e-08 +/- 1.52e-10 [17627 selected]
| >   graph_38    : 3.9897043336225434e-10 +/- 7.31e-12 [2428 selected]
| >   graph_39    : -7.6802156933026867e-09 +/- 8.89e-11 [9017 selected]
| >   graph_40    : 3.3608393826931809e-10 +/- 1.06e-09 [246489 selected]
| >   graph_41    : 1.7782507995605946e-09 +/- 4.40e-11 [5817 selected]
| >   graph_42    : 4.1484555066367188e-09 +/- 3.68e-10 [34351 selected]
| >   graph_43    : 3.1883851778176622e-09 +/- 5.48e-11 [5510 selected]
| >   graph_44    : 4.2675501671107940e-10 +/- 1.72e-11 [2465 selected]
| >   graph_45    : 2.3758277226536108e-10 +/- 2.17e-12 [2517 selected]
| >   graph_46    : -6.1264444105636596e-11 +/- 8.69e-13 [2507 selected]
| >   graph_47    : -4.4204923262871503e-09 +/- 2.16e-09 [229293 selected]
| >   graph_48    : -9.4193906345018849e-11 +/- 5.11e-12 [2527 selected]
| >   graph_49    : -3.4377858865592279e-08 +/- 1.81e-10 [19964 selected]
| >   graph_50    : 8.5006425082522068e-10 +/- 3.12e-11 [3050 selected]
| >   graph_51    : 5.7563622390880534e-09 +/- 3.65e-11 [2924 selected]
| >   graph_52    : 2.0373996913656854e-10 +/- 1.14e-11 [2378 selected]
| >   graph_53    : -7.9069280462171208e-10 +/- 3.73e-11 [5042 selected]
| >   graph_54    : -2.8863830999514084e-09 +/- 3.31e-10 [36374 selected]
| >   graph_55    : 1.1592212774468741e-09 +/- 3.20e-11 [4172 selected]
| >   graph_56    : -4.1963805692516036e-09 +/- 2.49e-11 [2448 selected]
| >   graph_57    : -1.2953743371299604e-08 +/- 1.48e-10 [15914 selected]
| >   graph_58    : 4.7071749975259746e-11 +/- 4.89e-12 [2460 selected]
| >   graph_59    : 3.3859264382775252e-11 +/- 4.81e-12 [2442 selected]
| >   graph_60    : -6.8703629851953044e-11 +/- 4.88e-12 [2426 selected]
| >   graph_61    : 1.2382142041087487e-08 +/- 2.20e-10 [24162 selected]
| >   graph_62    : -2.0421267660625438e-25 +/- 1.08e-24 [2444 selected]
| >   graph_63    : -1.1428201730821315e-09 +/- 1.86e-11 [2514 selected]
| >   graph_64    : 8.2396434328494268e-10 +/- 8.28e-12 [2484 selected]
| >   sum         : 3.0745513025480289e-08
| >   total       : 3.0745513025480461e-08
| >   difference  : -1.7205356741102976e-22
[92mINFO[0m [94msymbolica_integrator l.7237[0m [96mt=2026-09-09,10:32:25.654[0m > Symbolica integration: starting iteration [92m16/100[0m using [94m1000000[0m points ...
[92mINFO[0m [94msymbolica_integrator l.7270[0m [96mt=2026-09-09,10:36:40.766[0m > ... result after this iteration:
| > Integration result after [92m16000000[0m evaluations in [92m164803.69 CPU-s[0m [94m(10300.2 µs / eval)[0m
| > Extremal weights:
| >   with jacobian    : 6.83462e+04 at xs = [6.4810213514078670e-06 1.2872623629604971e-01 5.0135758672765640e-01 1.1579855220704659e-01 5.8362165858137149e-01 6.8012190464210887e-01] | jacobian = 1.24143e+06
| >     momentum space  : k = [[1.7896885893320363e-03, 1.8755163712599345e-03, 1.0440121451461144e+02]; [-3.8255413064754848e+01, -2.2179274606260584e+01, -2.8086543799527060e+01]]
| >   without jacobian : 5.81662e+02 at xs = [4.6244409640217324e-07 7.5278966738298070e-01 5.0008056585407423e-01 1.6937886588083906e-01 4.4118097394652966e-01 2.7878525065510779e-01] | jacobian = 1.57997e+04
| >     momentum space  : k = [[3.2421228909030028e-06, -1.8494930348985909e-04, 1.6255859331628312e+02]; [-5.8419867978341316e+01, 2.2630076346839729e+01, 5.2232438578599712e+01]]
| >   before clipping   : 9.19008e+06 at xs = [4.6244409640217324e-07 7.5278966738298070e-01 5.0008056585407423e-01 1.6937886588083906e-01 4.4118097394652966e-01 2.7878525065510779e-01]
| >     momentum space  : k = [[3.2421228909030028e-06, -1.8494930348985909e-04, 1.6255859331628312e+02]; [-5.8419867978341316e+01, 2.2630076346839729e+01, 5.2232438578599712e+01]]
| > Stability pipeline: float pairs accepted = 21963244, HP pairs attempted/accepted = 498751/498751
| > Stability triggers: float mismatch = 455012, float non-finite/error = 80
| > HP precision escalations: attempted/accepted = 339/339
| > Higher-precision rejections: disagreement = 0, non-finite = 0, error = 0
| > Soft-mirror stability: pairs = 6910510, large-side triggers = 43456, HP orbits attempted/salvaged/failed = 448515/448515/0
| > Soft-mirror extrema: raw mirror = -2.72842e+08, post-average = 9.19008e+06
| > Strongest soft-mirror cancellation: residual/raw = 0.00000e+00
| > Unstable rotational-check points rejected = 0
| > Rotational-check high-precision retries = 455092
| > Rotational-check high-precision salvaged = 455092
| > Large-weight high-precision retries = 43659
| > Large-weight high-precision salvaged = 43659
| > Large-weight high-precision rejected = 0
| > Large-weight samples zeroed = 53 (3.313e-06 of samples; removed signed/absolute sums = 1.65473e+07/3.05063e+07)
| > Non-finite final outputs zeroed = 0
| > Non-finite float rotated evaluations seen = 6
| > Example higher-precision-retried xs = [2.6880750982012969e-01 1.7402049722655100e-01 6.0980772598890010e-02 9.9750773443479890e-01 3.0048234085139136e-01 8.2729716849149482e-01] | float rel = 1.44350e-07
| >     momentum space  : k = [[1.2864873913282938e+01, 2.4869169488989783e+01, 1.4436129598391815e+02]; [-2.5782389205217190e+04, 7.8539332094821817e+04, -1.3710486440690246e+05]]
| > Example large-weight higher-precision-retried xs = [1.9231173850990912e-01 6.5780162395444419e-01 8.8861886028403791e-01 7.0208850143205215e-04 5.4240755566925725e-01 5.0445441660376766e-01] | compiled = -1.10603e+04 | higher precision = -1.02451e-01
| >     momentum space  : k = [[-1.7873903535647262e+01, -2.7323121682648594e+01, -8.9469201105104602e+01]; [-2.7108866766462003e-01, -7.3992249469811575e-02, -3.9326328464896528e-03]]
| > Example NaN/non-finite rotated xs = [4.3974642111233074e-04 4.7267464511837748e-01 9.9995896344930690e-01 6.1497814457061539e-01 6.0079335026881553e-01 6.4637841020769249e-01]
| >     momentum space  : k = [[-2.2353286370510883e-05, 3.8760017987051835e-06, 1.2731159591423573e+03]; [-4.6150254078839635e+02, -3.3882885223629427e+02, -2.8355997629564860e+02]]
| > [92mCentral value[0m : +3.0550140406015678e-08   +/- 2.42e-09     ([91m7.933%[0m)
[92mINFO[0m [94msymbolica_integrator l.7274[0m [96mt=2026-09-09,10:36:40.767[0m > | > Graph-channel Symbolica observer estimates:
| >   graph_0     : -2.0726124518360470e-08 +/- 2.52e-10 [33789 selected]
| >   graph_1     : 3.6870109534073482e-10 +/- 1.24e-11 [2405 selected]
| >   graph_2     : -1.2843741801144943e-08 +/- 8.71e-11 [9531 selected]
| >   graph_3     : 1.0886452246323997e-10 +/- 2.59e-12 [2386 selected]
| >   graph_4     : -5.7762214186782877e-10 +/- 2.27e-11 [2512 selected]
| >   graph_5     : -3.8078093853013415e-11 +/- 2.80e-12 [2460 selected]
| >   graph_6     : -3.7545775810279147e-11 +/- 2.94e-12 [2503 selected]
| >   graph_7     : 6.1610894519136362e-11 +/- 4.15e-12 [2455 selected]
| >   graph_8     : -8.8467548959185808e-10 +/- 2.38e-11 [3675 selected]
| >   graph_9     : 1.0675277396186662e-09 +/- 2.49e-11 [3685 selected]
| >   graph_10    : -2.7315227608294566e-09 +/- 1.68e-10 [19127 selected]
| >   graph_11    : 2.2355408101933266e-27 +/- 5.69e-28 [2431 selected]
| >   graph_12    : -5.6010078351679634e-10 +/- 1.66e-11 [2738 selected]
| >   graph_13    : -1.1850761384614861e-08 +/- 1.82e-10 [20614 selected]
| >   graph_14    : 1.1030904228604067e-10 +/- 1.03e-12 [2392 selected]
| >   graph_15    : 7.6682110660528967e-24 +/- 8.47e-24 [2472 selected]
| >   graph_16    : 3.8982069772121306e-09 +/- 2.23e-11 [2436 selected]
| >   graph_17    : -3.6160470122110648e-10 +/- 3.21e-12 [2555 selected]
| >   graph_18    : 1.1916974373732989e-08 +/- 1.32e-10 [15447 selected]
| >   graph_19    : 1.0554048936222272e-09 +/- 1.02e-11 [2496 selected]
| >   graph_20    : -7.6991978253987897e-10 +/- 7.19e-12 [2539 selected]
| >   graph_21    : -8.6691223682227091e-10 +/- 2.57e-11 [3923 selected]
| >   graph_22    : -5.2576119162089337e-10 +/- 2.04e-11 [2461 selected]
| >   graph_23    : -2.8286350670735925e-10 +/- 8.45e-12 [2378 selected]
| >   graph_24    : 5.6593893202532268e-10 +/- 3.41e-11 [2945 selected]
| >   graph_25    : 4.2654119011106170e-10 +/- 2.03e-11 [2424 selected]
| >   graph_26    : -2.1434812785572015e-10 +/- 1.97e-12 [2379 selected]
| >   graph_27    : -2.6999329973718877e-11 +/- 2.34e-13 [2436 selected]
| >   graph_28    : -1.1495500769293626e-09 +/- 1.52e-11 [2386 selected]
| >   graph_29    : 6.7802462830102515e-08 +/- 3.04e-10 [40713 selected]
| >   graph_30    : -1.8597539719818758e-09 +/- 2.90e-10 [45015 selected]
| >   graph_31    : 4.0748921432961654e-11 +/- 8.36e-13 [2490 selected]
| >   graph_32    : -5.9569169792220909e-11 +/- 1.40e-11 [2462 selected]
| >   graph_33    : -1.8703451939762321e-09 +/- 4.94e-11 [4503 selected]
| >   graph_34    : 8.5430817827721476e-26 +/- 7.93e-26 [2570 selected]
| >   graph_35    : 2.5000259012948459e-08 +/- 2.90e-10 [49108 selected]
| >   graph_36    : -2.9461718916103117e-09 +/- 4.97e-11 [5509 selected]
| >   graph_37    : 1.6304610411848407e-08 +/- 1.45e-10 [18319 selected]
| >   graph_38    : 3.9703362488991368e-10 +/- 7.00e-12 [2383 selected]
| >   graph_39    : -7.6638359177430347e-09 +/- 8.57e-11 [9288 selected]
| >   graph_40    : 3.1453369361853922e-10 +/- 9.97e-10 [244267 selected]
| >   graph_41    : 1.7774374996821354e-09 +/- 4.19e-11 [5812 selected]
| >   graph_42    : 4.1599573096373061e-09 +/- 3.46e-10 [35058 selected]
| >   graph_43    : 3.1793782890999897e-09 +/- 5.28e-11 [5624 selected]
| >   graph_44    : 4.3262935340518777e-10 +/- 1.65e-11 [2563 selected]
| >   graph_45    : 2.3797065186751528e-10 +/- 2.07e-12 [2484 selected]
| >   graph_46    : -6.1297175957695369e-11 +/- 8.32e-13 [2465 selected]
| >   graph_47    : -4.5693312649316432e-09 +/- 2.03e-09 [222666 selected]
| >   graph_48    : -9.5367646264545428e-11 +/- 4.86e-12 [2460 selected]
| >   graph_49    : -3.4427056986580175e-08 +/- 1.73e-10 [20502 selected]
| >   graph_50    : 8.3733927573765868e-10 +/- 3.02e-11 [3019 selected]
| >   graph_51    : 5.7580525714840911e-09 +/- 3.54e-11 [2908 selected]
| >   graph_52    : 2.0519431709934612e-10 +/- 1.09e-11 [2420 selected]
| >   graph_53    : -7.9628777128608505e-10 +/- 3.55e-11 [5183 selected]
| >   graph_54    : -2.8445858877591707e-09 +/- 3.13e-10 [36857 selected]
| >   graph_55    : 1.1607065776036492e-09 +/- 3.05e-11 [4143 selected]
| >   graph_56    : -4.1973248667599502e-09 +/- 2.42e-11 [2421 selected]
| >   graph_57    : -1.2925844544018699e-08 +/- 1.40e-10 [15860 selected]
| >   graph_58    : 4.7557135870196249e-11 +/- 4.68e-12 [2466 selected]
| >   graph_59    : 3.5833270705802483e-11 +/- 4.62e-12 [2414 selected]
| >   graph_60    : -6.9342173567132991e-11 +/- 4.68e-12 [2459 selected]
| >   graph_61    : 1.2427520533032012e-08 +/- 2.08e-10 [24230 selected]
| >   graph_62    : 4.3851357945173547e-26 +/- 1.05e-24 [2397 selected]
| >   graph_63    : -1.1394538027303224e-09 +/- 1.80e-11 [2473 selected]
| >   graph_64    : 8.2453543323719174e-10 +/- 7.94e-12 [2509 selected]
| >   sum         : 3.0550140406015526e-08
| >   total       : 3.0550140406015678e-08
| >   difference  : -1.5220123270975709e-22
[92mINFO[0m [94msymbolica_integrator l.7237[0m [96mt=2026-09-09,10:36:40.767[0m > Symbolica integration: starting iteration [92m17/100[0m using [94m1000000[0m points ...
[92mINFO[0m [94msymbolica_integrator l.7270[0m [96mt=2026-09-09,10:40:27.050[0m > ... result after this iteration:
| > Integration result after [92m17000000[0m evaluations in [92m174106.97 CPU-s[0m [94m(10241.6 µs / eval)[0m
| > Extremal weights:
| >   with jacobian    : 6.83462e+04 at xs = [6.4810213514078670e-06 1.2872623629604971e-01 5.0135758672765640e-01 1.1579855220704659e-01 5.8362165858137149e-01 6.8012190464210887e-01] | jacobian = 1.24143e+06
| >     momentum space  : k = [[1.7896885893320363e-03, 1.8755163712599345e-03, 1.0440121451461144e+02]; [-3.8255413064754848e+01, -2.2179274606260584e+01, -2.8086543799527060e+01]]
| >   without jacobian : 5.81662e+02 at xs = [4.6244409640217324e-07 7.5278966738298070e-01 5.0008056585407423e-01 1.6937886588083906e-01 4.4118097394652966e-01 2.7878525065510779e-01] | jacobian = 1.57997e+04
| >     momentum space  : k = [[3.2421228909030028e-06, -1.8494930348985909e-04, 1.6255859331628312e+02]; [-5.8419867978341316e+01, 2.2630076346839729e+01, 5.2232438578599712e+01]]
| >   before clipping   : 9.19008e+06 at xs = [4.6244409640217324e-07 7.5278966738298070e-01 5.0008056585407423e-01 1.6937886588083906e-01 4.4118097394652966e-01 2.7878525065510779e-01]
| >     momentum space  : k = [[3.2421228909030028e-06, -1.8494930348985909e-04, 1.6255859331628312e+02]; [-5.8419867978341316e+01, 2.2630076346839729e+01, 5.2232438578599712e+01]]
| > Stability pipeline: float pairs accepted = 23317559, HP pairs attempted/accepted = 540417/540417
| > Stability triggers: float mismatch = 493906, float non-finite/error = 99
| > HP precision escalations: attempted/accepted = 386/386
| > Higher-precision rejections: disagreement = 0, non-finite = 0, error = 0
| > Soft-mirror stability: pairs = 7344626, large-side triggers = 46192, HP orbits attempted/salvaged/failed = 486650/486650/0
| > Soft-mirror extrema: raw mirror = -2.72842e+08, post-average = 9.19008e+06
| > Strongest soft-mirror cancellation: residual/raw = 0.00000e+00
| > Unstable rotational-check points rejected = 0
| > Rotational-check high-precision retries = 494005
| > Rotational-check high-precision salvaged = 494005
| > Large-weight high-precision retries = 46412
| > Large-weight high-precision salvaged = 46412
| > Large-weight high-precision rejected = 0
| > Large-weight samples zeroed = 55 (3.235e-06 of samples; removed signed/absolute sums = 1.73173e+07/3.12763e+07)
| > Non-finite final outputs zeroed = 0
| > Non-finite float rotated evaluations seen = 9
| > Example higher-precision-retried xs = [2.6880750982012969e-01 1.7402049722655100e-01 6.0980772598890010e-02 9.9750773443479890e-01 3.0048234085139136e-01 8.2729716849149482e-01] | float rel = 1.44350e-07
| >     momentum space  : k = [[1.2864873913282938e+01, 2.4869169488989783e+01, 1.4436129598391815e+02]; [-2.5782389205217190e+04, 7.8539332094821817e+04, -1.3710486440690246e+05]]
| > Example large-weight higher-precision-retried xs = [1.9231173850990912e-01 6.5780162395444419e-01 8.8861886028403791e-01 7.0208850143205215e-04 5.4240755566925725e-01 5.0445441660376766e-01] | compiled = -1.10603e+04 | higher precision = -1.02451e-01
| >     momentum space  : k = [[-1.7873903535647262e+01, -2.7323121682648594e+01, -8.9469201105104602e+01]; [-2.7108866766462003e-01, -7.3992249469811575e-02, -3.9326328464896528e-03]]
| > Example NaN/non-finite rotated xs = [4.3974642111233074e-04 4.7267464511837748e-01 9.9995896344930690e-01 6.1497814457061539e-01 6.0079335026881553e-01 6.4637841020769249e-01]
| >     momentum space  : k = [[-2.2353286370510883e-05, 3.8760017987051835e-06, 1.2731159591423573e+03]; [-4.6150254078839635e+02, -3.3882885223629427e+02, -2.8355997629564860e+02]]
| > [92mCentral value[0m : +3.0246369420636052e-08   +/- 2.28e-09     ([91m7.552%[0m)
[92mINFO[0m [94msymbolica_integrator l.7274[0m [96mt=2026-09-09,10:40:27.051[0m > | > Graph-channel Symbolica observer estimates:
| >   graph_0     : -2.0770850618166683e-08 +/- 2.40e-10 [34110 selected]
| >   graph_1     : 3.6965763161122880e-10 +/- 1.20e-11 [2439 selected]
| >   graph_2     : -1.2824742106911299e-08 +/- 8.41e-11 [9584 selected]
| >   graph_3     : 1.0909715200410115e-10 +/- 2.48e-12 [2416 selected]
| >   graph_4     : -5.8071268527248521e-10 +/- 2.20e-11 [2493 selected]
| >   graph_5     : -3.8233474421053733e-11 +/- 2.69e-12 [2364 selected]
| >   graph_6     : -3.6920012826660685e-11 +/- 2.83e-12 [2455 selected]
| >   graph_7     : 6.2474570648429926e-11 +/- 3.99e-12 [2454 selected]
| >   graph_8     : -8.7886028238239629e-10 +/- 2.27e-11 [3693 selected]
| >   graph_9     : 1.0671136604257242e-09 +/- 2.38e-11 [3771 selected]
| >   graph_10    : -2.7458115896010019e-09 +/- 1.59e-10 [19220 selected]
| >   graph_11    : 2.1790434256763522e-27 +/- 5.42e-28 [2452 selected]
| >   graph_12    : -5.5859156379463414e-10 +/- 1.59e-11 [2633 selected]
| >   graph_13    : -1.1833280333991175e-08 +/- 1.73e-10 [24052 selected]
| >   graph_14    : 1.1034148676024091e-10 +/- 9.85e-13 [2511 selected]
| >   graph_15    : 6.2565427460195157e-24 +/- 8.02e-24 [2393 selected]
| >   graph_16    : 3.8948325510383034e-09 +/- 2.16e-11 [2419 selected]
| >   graph_17    : -3.6204139904259966e-10 +/- 3.06e-12 [2497 selected]
| >   graph_18    : 1.1903113796346609e-08 +/- 1.25e-10 [15536 selected]
| >   graph_19    : 1.0523970099991272e-09 +/- 9.79e-12 [2422 selected]
| >   graph_20    : -7.6899912264946420e-10 +/- 6.91e-12 [2408 selected]
| >   graph_21    : -8.6441740683700014e-10 +/- 2.46e-11 [4001 selected]
| >   graph_22    : -5.2079646054030802e-10 +/- 1.95e-11 [2414 selected]
| >   graph_23    : -2.8232792707853423e-10 +/- 8.11e-12 [2403 selected]
| >   graph_24    : 5.6452174567566971e-10 +/- 3.31e-11 [2982 selected]
| >   graph_25    : 4.2873045041634333e-10 +/- 1.96e-11 [2376 selected]
| >   graph_26    : -2.1420878940390459e-10 +/- 1.88e-12 [2397 selected]
| >   graph_27    : -2.7052612164289681e-11 +/- 2.24e-13 [2464 selected]
| >   graph_28    : -1.1544033768105246e-09 +/- 1.47e-11 [2418 selected]
| >   graph_29    : 6.7758429727086370e-08 +/- 2.89e-10 [41285 selected]
| >   graph_30    : -1.8662717697715640e-09 +/- 2.74e-10 [44790 selected]
| >   graph_31    : 4.0667591096441704e-11 +/- 8.03e-13 [2403 selected]
| >   graph_32    : -6.0142111598631122e-11 +/- 1.35e-11 [2372 selected]
| >   graph_33    : -1.8762358197074623e-09 +/- 4.81e-11 [4378 selected]
| >   graph_34    : 8.8103841946853966e-26 +/- 7.56e-26 [2356 selected]
| >   graph_35    : 2.4999184336248635e-08 +/- 2.75e-10 [49718 selected]
| >   graph_36    : -2.9369599792138840e-09 +/- 4.80e-11 [5374 selected]
| >   graph_37    : 1.6243978781599731e-08 +/- 1.39e-10 [18049 selected]
| >   graph_38    : 3.9546044187373231e-10 +/- 6.73e-12 [2396 selected]
| >   graph_39    : -7.6578594388762560e-09 +/- 8.32e-11 [9295 selected]
| >   graph_40    : 2.6505213236788857e-10 +/- 9.38e-10 [243057 selected]
| >   graph_41    : 1.7767031605811063e-09 +/- 4.00e-11 [5618 selected]
| >   graph_42    : 4.1681131691278702e-09 +/- 3.26e-10 [35372 selected]
| >   graph_43    : 3.1428325753685966e-09 +/- 5.09e-11 [5686 selected]
| >   graph_44    : 4.3859746017241336e-10 +/- 1.58e-11 [2534 selected]
| >   graph_45    : 2.3850204615402678e-10 +/- 1.98e-12 [2499 selected]
| >   graph_46    : -6.1382158649646499e-11 +/- 7.95e-13 [2461 selected]
| >   graph_47    : -4.6917868231669647e-09 +/- 1.91e-09 [217091 selected]
| >   graph_48    : -9.5884362642056125e-11 +/- 4.65e-12 [2544 selected]
| >   graph_49    : -3.4373864003694397e-08 +/- 1.66e-10 [20848 selected]
| >   graph_50    : 8.3838789231100082e-10 +/- 2.91e-11 [3034 selected]
| >   graph_51    : 5.7488118200198482e-09 +/- 3.44e-11 [2887 selected]
| >   graph_52    : 2.0854693608025700e-10 +/- 1.05e-11 [2556 selected]
| >   graph_53    : -7.9761404601439446e-10 +/- 3.39e-11 [5138 selected]
| >   graph_54    : -2.8510753520221057e-09 +/- 2.96e-10 [37790 selected]
| >   graph_55    : 1.1535755459701333e-09 +/- 2.92e-11 [4241 selected]
| >   graph_56    : -4.1986455400613344e-09 +/- 2.35e-11 [2469 selected]
| >   graph_57    : -1.2929566683207027e-08 +/- 1.34e-10 [16252 selected]
| >   graph_58    : 4.6644330783037135e-11 +/- 4.50e-12 [2428 selected]
| >   graph_59    : 3.6379706618176234e-11 +/- 4.45e-12 [2465 selected]
| >   graph_60    : -7.0987337900781980e-11 +/- 4.50e-12 [2527 selected]
| >   graph_61    : 1.2434349052949405e-08 +/- 1.98e-10 [24907 selected]
| >   graph_62    : 7.0205877465968093e-26 +/- 1.03e-24 [2492 selected]
| >   graph_63    : -1.1456901929874962e-09 +/- 1.74e-11 [2454 selected]
| >   graph_64    : 8.2608804070949230e-10 +/- 7.64e-12 [2457 selected]
| >   sum         : 3.0246369420635933e-08
| >   total       : 3.0246369420636052e-08
| >   difference  : -1.1911400820763599e-22
[92mINFO[0m [94msymbolica_integrator l.7237[0m [96mt=2026-09-09,10:40:27.051[0m > Symbolica integration: starting iteration [92m18/100[0m using [94m1000000[0m points ...
[92mINFO[0m [94msymbolica_integrator l.7270[0m [96mt=2026-09-09,10:44:47.518[0m > ... result after this iteration:
| > Integration result after [92m18000000[0m evaluations in [92m183864.69 CPU-s[0m [94m(10214.7 µs / eval)[0m
| > Extremal weights:
| >   with jacobian    : 6.83462e+04 at xs = [6.4810213514078670e-06 1.2872623629604971e-01 5.0135758672765640e-01 1.1579855220704659e-01 5.8362165858137149e-01 6.8012190464210887e-01] | jacobian = 1.24143e+06
| >     momentum space  : k = [[1.7896885893320363e-03, 1.8755163712599345e-03, 1.0440121451461144e+02]; [-3.8255413064754848e+01, -2.2179274606260584e+01, -2.8086543799527060e+01]]
| >   without jacobian : 5.81662e+02 at xs = [4.6244409640217324e-07 7.5278966738298070e-01 5.0008056585407423e-01 1.6937886588083906e-01 4.4118097394652966e-01 2.7878525065510779e-01] | jacobian = 1.57997e+04
| >     momentum space  : k = [[3.2421228909030028e-06, -1.8494930348985909e-04, 1.6255859331628312e+02]; [-5.8419867978341316e+01, 2.2630076346839729e+01, 5.2232438578599712e+01]]
| >   before clipping   : 9.19008e+06 at xs = [4.6244409640217324e-07 7.5278966738298070e-01 5.0008056585407423e-01 1.6937886588083906e-01 4.4118097394652966e-01 2.7878525065510779e-01]
| >     momentum space  : k = [[3.2421228909030028e-06, -1.8494930348985909e-04, 1.6255859331628312e+02]; [-5.8419867978341316e+01, 2.2630076346839729e+01, 5.2232438578599712e+01]]
| > Stability pipeline: float pairs accepted = 24671886, HP pairs attempted/accepted = 582270/582270
| > Stability triggers: float mismatch = 532907, float non-finite/error = 118
| > HP precision escalations: attempted/accepted = 439/439
| > Higher-precision rejections: disagreement = 0, non-finite = 0, error = 0
| > Soft-mirror stability: pairs = 7779263, large-side triggers = 49018, HP orbits attempted/salvaged/failed = 525107/525107/0
| > Soft-mirror extrema: raw mirror = -2.72842e+08, post-average = 9.19008e+06
| > Strongest soft-mirror cancellation: residual/raw = 0.00000e+00
| > Unstable rotational-check points rejected = 0
| > Rotational-check high-precision retries = 533025
| > Rotational-check high-precision salvaged = 533025
| > Large-weight high-precision retries = 49245
| > Large-weight high-precision salvaged = 49245
| > Large-weight high-precision rejected = 0
| > Large-weight samples zeroed = 61 (3.389e-06 of samples; removed signed/absolute sums = 1.58574e+07/3.37803e+07)
| > Non-finite final outputs zeroed = 0
| > Non-finite float rotated evaluations seen = 9
| > Example higher-precision-retried xs = [2.6880750982012969e-01 1.7402049722655100e-01 6.0980772598890010e-02 9.9750773443479890e-01 3.0048234085139136e-01 8.2729716849149482e-01] | float rel = 1.44350e-07
| >     momentum space  : k = [[1.2864873913282938e+01, 2.4869169488989783e+01, 1.4436129598391815e+02]; [-2.5782389205217190e+04, 7.8539332094821817e+04, -1.3710486440690246e+05]]
| > Example large-weight higher-precision-retried xs = [1.9231173850990912e-01 6.5780162395444419e-01 8.8861886028403791e-01 7.0208850143205215e-04 5.4240755566925725e-01 5.0445441660376766e-01] | compiled = -1.10603e+04 | higher precision = -1.02451e-01
| >     momentum space  : k = [[-1.7873903535647262e+01, -2.7323121682648594e+01, -8.9469201105104602e+01]; [-2.7108866766462003e-01, -7.3992249469811575e-02, -3.9326328464896528e-03]]
| > Example NaN/non-finite rotated xs = [4.3974642111233074e-04 4.7267464511837748e-01 9.9995896344930690e-01 6.1497814457061539e-01 6.0079335026881553e-01 6.4637841020769249e-01]
| >     momentum space  : k = [[-2.2353286370510883e-05, 3.8760017987051835e-06, 1.2731159591423573e+03]; [-4.6150254078839635e+02, -3.3882885223629427e+02, -2.8355997629564860e+02]]
| > [92mCentral value[0m : +3.0177390537631007e-08   +/- 2.16e-09     ([91m7.158%[0m)
[92mINFO[0m [94msymbolica_integrator l.7274[0m [96mt=2026-09-09,10:44:47.518[0m > | > Graph-channel Symbolica observer estimates:
| >   graph_0     : -2.0738350004246748e-08 +/- 2.29e-10 [34333 selected]
| >   graph_1     : 3.6869697145423938e-10 +/- 1.15e-11 [2434 selected]
| >   graph_2     : -1.2813670667233487e-08 +/- 8.13e-11 [9784 selected]
| >   graph_3     : 1.0967258638956759e-10 +/- 2.39e-12 [2360 selected]
| >   graph_4     : -5.9339179447053336e-10 +/- 2.14e-11 [2437 selected]
| >   graph_5     : -3.7943948923635654e-11 +/- 2.59e-12 [2434 selected]
| >   graph_6     : -3.7141360724660614e-11 +/- 2.73e-12 [2389 selected]
| >   graph_7     : 6.1845638862715194e-11 +/- 3.85e-12 [2403 selected]
| >   graph_8     : -8.8434097817794185e-10 +/- 2.18e-11 [3687 selected]
| >   graph_9     : 1.0694052956069313e-09 +/- 2.29e-11 [3752 selected]
| >   graph_10    : -2.7398654359178289e-09 +/- 1.51e-10 [19336 selected]
| >   graph_11    : 2.2649008562348706e-27 +/- 5.18e-28 [2384 selected]
| >   graph_12    : -5.6467799633273430e-10 +/- 1.53e-11 [2731 selected]
| >   graph_13    : -1.1801259295171083e-08 +/- 1.65e-10 [24505 selected]
| >   graph_14    : 1.1049304423108341e-10 +/- 9.42e-13 [2467 selected]
| >   graph_15    : 5.8917119768401834e-24 +/- 7.57e-24 [2393 selected]
| >   graph_16    : 3.8907338637819054e-09 +/- 2.10e-11 [2392 selected]
| >   graph_17    : -3.6228531202376726e-10 +/- 2.93e-12 [2412 selected]
| >   graph_18    : 1.1895604242407314e-08 +/- 1.19e-10 [15371 selected]
| >   graph_19    : 1.0518906937724907e-09 +/- 9.45e-12 [2423 selected]
| >   graph_20    : -7.6880740509794705e-10 +/- 6.66e-12 [2521 selected]
| >   graph_21    : -8.7013841860865031e-10 +/- 2.36e-11 [4038 selected]
| >   graph_22    : -5.2068607582612800e-10 +/- 1.90e-11 [2436 selected]
| >   graph_23    : -2.8314048677600900e-10 +/- 7.76e-12 [2400 selected]
| >   graph_24    : 5.6388200129403012e-10 +/- 3.21e-11 [3048 selected]
| >   graph_25    : 4.2736554781192791e-10 +/- 1.90e-11 [2365 selected]
| >   graph_26    : -2.1390150128743413e-10 +/- 1.80e-12 [2362 selected]
| >   graph_27    : -2.7075430105094502e-11 +/- 2.15e-13 [2403 selected]
| >   graph_28    : -1.1592281062411343e-09 +/- 1.43e-11 [2442 selected]
| >   graph_29    : 6.7792339320330763e-08 +/- 2.76e-10 [42041 selected]
| >   graph_30    : -1.8319685297089655e-09 +/- 2.60e-10 [45499 selected]
| >   graph_31    : 4.0820387395243296e-11 +/- 7.73e-13 [2384 selected]
| >   graph_32    : -6.2874881966836790e-11 +/- 1.31e-11 [2378 selected]
| >   graph_33    : -1.8792700267258369e-09 +/- 4.67e-11 [4535 selected]
| >   graph_34    : 8.3834988703693253e-26 +/- 7.21e-26 [2366 selected]
| >   graph_35    : 2.4950533707024274e-08 +/- 2.64e-10 [50222 selected]
| >   graph_36    : -2.9472601438995807e-09 +/- 4.64e-11 [5531 selected]
| >   graph_37    : 1.6223331871610705e-08 +/- 1.34e-10 [18660 selected]
| >   graph_38    : 3.9789823741595829e-10 +/- 6.49e-12 [2408 selected]
| >   graph_39    : -7.6570781655060941e-09 +/- 8.05e-11 [9614 selected]
| >   graph_40    : 2.2548976883246892e-10 +/- 8.87e-10 [241398 selected]
| >   graph_41    : 1.7906617726799845e-09 +/- 3.83e-11 [5971 selected]
| >   graph_42    : 4.1566937694162786e-09 +/- 3.09e-10 [35747 selected]
| >   graph_43    : 3.1460438960884143e-09 +/- 4.92e-11 [5650 selected]
| >   graph_44    : 4.4190129111959036e-10 +/- 1.52e-11 [2536 selected]
| >   graph_45    : 2.3840267537305054e-10 +/- 1.89e-12 [2356 selected]
| >   graph_46    : -6.1134414191483654e-11 +/- 7.60e-13 [2359 selected]
| >   graph_47    : -4.8016165576406648e-09 +/- 1.80e-09 [213509 selected]
| >   graph_48    : -9.7027343946820447e-11 +/- 4.45e-12 [2397 selected]
| >   graph_49    : -3.4372064628340818e-08 +/- 1.59e-10 [21275 selected]
| >   graph_50    : 8.4293187450269279e-10 +/- 2.86e-11 [3141 selected]
| >   graph_51    : 5.7300900892868700e-09 +/- 3.35e-11 [2842 selected]
| >   graph_52    : 2.0740799216118836e-10 +/- 1.02e-11 [2441 selected]
| >   graph_53    : -8.0388431083592473e-10 +/- 3.25e-11 [5177 selected]
| >   graph_54    : -2.8167019673741676e-09 +/- 2.81e-10 [38259 selected]
| >   graph_55    : 1.1589356389945361e-09 +/- 2.80e-11 [4239 selected]
| >   graph_56    : -4.1941609093408918e-09 +/- 2.29e-11 [2408 selected]
| >   graph_57    : -1.2893189039636285e-08 +/- 1.27e-10 [16431 selected]
| >   graph_58    : 4.5563611182172338e-11 +/- 4.33e-12 [2407 selected]
| >   graph_59    : 3.6611133186344881e-11 +/- 4.30e-12 [2489 selected]
| >   graph_60    : -6.9208276047953223e-11 +/- 4.34e-12 [2444 selected]
| >   graph_61    : 1.2435548628765373e-08 +/- 1.88e-10 [25170 selected]
| >   graph_62    : 1.4556097467972496e-25 +/- 9.79e-25 [2395 selected]
| >   graph_63    : -1.1553557846788248e-09 +/- 1.69e-11 [2500 selected]
| >   graph_64    : 8.2529418365883239e-10 +/- 7.37e-12 [2379 selected]
| >   sum         : 3.0177390537630987e-08
| >   total       : 3.0177390537631007e-08
| >   difference  : -1.9852334701272664e-23
[92mINFO[0m [94msymbolica_integrator l.7237[0m [96mt=2026-09-09,10:44:47.518[0m > Symbolica integration: starting iteration [92m19/100[0m using [94m1000000[0m points ...
[92mINFO[0m [94msymbolica_integrator l.7270[0m [96mt=2026-09-09,10:50:17.301[0m > ... result after this iteration:
| > Integration result after [92m19000000[0m evaluations in [92m197679.30 CPU-s[0m [94m(10404.2 µs / eval)[0m
| > Extremal weights:
| >   with jacobian    : 6.83462e+04 at xs = [6.4810213514078670e-06 1.2872623629604971e-01 5.0135758672765640e-01 1.1579855220704659e-01 5.8362165858137149e-01 6.8012190464210887e-01] | jacobian = 1.24143e+06
| >     momentum space  : k = [[1.7896885893320363e-03, 1.8755163712599345e-03, 1.0440121451461144e+02]; [-3.8255413064754848e+01, -2.2179274606260584e+01, -2.8086543799527060e+01]]
| >   without jacobian : 5.81662e+02 at xs = [4.6244409640217324e-07 7.5278966738298070e-01 5.0008056585407423e-01 1.6937886588083906e-01 4.4118097394652966e-01 2.7878525065510779e-01] | jacobian = 1.57997e+04
| >     momentum space  : k = [[3.2421228909030028e-06, -1.8494930348985909e-04, 1.6255859331628312e+02]; [-5.8419867978341316e+01, 2.2630076346839729e+01, 5.2232438578599712e+01]]
| >   before clipping   : 9.19008e+06 at xs = [4.6244409640217324e-07 7.5278966738298070e-01 5.0008056585407423e-01 1.6937886588083906e-01 4.4118097394652966e-01 2.7878525065510779e-01]
| >     momentum space  : k = [[3.2421228909030028e-06, -1.8494930348985909e-04, 1.6255859331628312e+02]; [-5.8419867978341316e+01, 2.2630076346839729e+01, 5.2232438578599712e+01]]
| > Stability pipeline: float pairs accepted = 26020794, HP pairs attempted/accepted = 626937/626937
| > Stability triggers: float mismatch = 574335, float non-finite/error = 139
| > HP precision escalations: attempted/accepted = 501/501
| > Higher-precision rejections: disagreement = 0, non-finite = 0, error = 0
| > Soft-mirror stability: pairs = 8214047, large-side triggers = 52219, HP orbits attempted/salvaged/failed = 566316/566316/0
| > Soft-mirror extrema: raw mirror = -2.72842e+08, post-average = 9.19008e+06
| > Strongest soft-mirror cancellation: residual/raw = 0.00000e+00
| > Unstable rotational-check points rejected = 0
| > Rotational-check high-precision retries = 574474
| > Rotational-check high-precision salvaged = 574474
| > Large-weight high-precision retries = 52463
| > Large-weight high-precision salvaged = 52463
| > Large-weight high-precision rejected = 0
| > Large-weight samples zeroed = 66 (3.474e-06 of samples; removed signed/absolute sums = 1.53817e+07/3.46110e+07)
| > Non-finite final outputs zeroed = 0
| > Non-finite float rotated evaluations seen = 11
| > Example higher-precision-retried xs = [2.6880750982012969e-01 1.7402049722655100e-01 6.0980772598890010e-02 9.9750773443479890e-01 3.0048234085139136e-01 8.2729716849149482e-01] | float rel = 1.44350e-07
| >     momentum space  : k = [[1.2864873913282938e+01, 2.4869169488989783e+01, 1.4436129598391815e+02]; [-2.5782389205217190e+04, 7.8539332094821817e+04, -1.3710486440690246e+05]]
| > Example large-weight higher-precision-retried xs = [1.9231173850990912e-01 6.5780162395444419e-01 8.8861886028403791e-01 7.0208850143205215e-04 5.4240755566925725e-01 5.0445441660376766e-01] | compiled = -1.10603e+04 | higher precision = -1.02451e-01
| >     momentum space  : k = [[-1.7873903535647262e+01, -2.7323121682648594e+01, -8.9469201105104602e+01]; [-2.7108866766462003e-01, -7.3992249469811575e-02, -3.9326328464896528e-03]]
| > Example NaN/non-finite rotated xs = [4.3974642111233074e-04 4.7267464511837748e-01 9.9995896344930690e-01 6.1497814457061539e-01 6.0079335026881553e-01 6.4637841020769249e-01]
| >     momentum space  : k = [[-2.2353286370510883e-05, 3.8760017987051835e-06, 1.2731159591423573e+03]; [-4.6150254078839635e+02, -3.3882885223629427e+02, -2.8355997629564860e+02]]
| > [92mCentral value[0m : +3.0234687308705719e-08   +/- 2.05e-09     ([91m6.777%[0m)
[92mINFO[0m [94msymbolica_integrator l.7274[0m [96mt=2026-09-09,10:50:17.302[0m > | > Graph-channel Symbolica observer estimates:
| >   graph_0     : -2.0750719603488470e-08 +/- 2.19e-10 [35094 selected]
| >   graph_1     : 3.6796750439772201e-10 +/- 1.11e-11 [2351 selected]
| >   graph_2     : -1.2839653518532881e-08 +/- 7.88e-11 [9791 selected]
| >   graph_3     : 1.1022954618775940e-10 +/- 2.30e-12 [2384 selected]
| >   graph_4     : -5.9628455638230106e-10 +/- 2.08e-11 [2508 selected]
| >   graph_5     : -3.8881325478819703e-11 +/- 2.50e-12 [2312 selected]
| >   graph_6     : -3.6025193023064117e-11 +/- 2.63e-12 [2418 selected]
| >   graph_7     : 6.1784534801923957e-11 +/- 3.71e-12 [2408 selected]
| >   graph_8     : -8.8222052857068149e-10 +/- 2.11e-11 [3712 selected]
| >   graph_9     : 1.0699305223710616e-09 +/- 2.20e-11 [3637 selected]
| >   graph_10    : -2.7256552846114297e-09 +/- 1.44e-10 [19611 selected]
| >   graph_11    : 2.3444321278120639e-27 +/- 4.97e-28 [2414 selected]
| >   graph_12    : -5.6272017301634164e-10 +/- 1.47e-11 [2773 selected]
| >   graph_13    : -1.1787868038026846e-08 +/- 1.57e-10 [24433 selected]
| >   graph_14    : 1.1035382989878551e-10 +/- 9.03e-13 [2357 selected]
| >   graph_15    : 5.4944161775720654e-24 +/- 7.17e-24 [2450 selected]
| >   graph_16    : 3.9008204608767041e-09 +/- 2.05e-11 [2516 selected]
| >   graph_17    : -3.6233203038605323e-10 +/- 2.81e-12 [2442 selected]
| >   graph_18    : 1.1899865463933272e-08 +/- 1.14e-10 [15736 selected]
| >   graph_19    : 1.0528436551471615e-09 +/- 9.14e-12 [2425 selected]
| >   graph_20    : -7.6831448881230497e-10 +/- 6.44e-12 [2379 selected]
| >   graph_21    : -8.7526483293314445e-10 +/- 2.27e-11 [4121 selected]
| >   graph_22    : -5.2096600324758354e-10 +/- 1.83e-11 [2414 selected]
| >   graph_23    : -2.8453813218013844e-10 +/- 7.46e-12 [2402 selected]
| >   graph_24    : 5.6934848432518934e-10 +/- 3.13e-11 [3060 selected]
| >   graph_25    : 4.2426549270073378e-10 +/- 1.85e-11 [2445 selected]
| >   graph_26    : -2.1377919203008087e-10 +/- 1.73e-12 [2374 selected]
| >   graph_27    : -2.7033620102896766e-11 +/- 2.06e-13 [2386 selected]
| >   graph_28    : -1.1648954582542308e-09 +/- 1.38e-11 [2378 selected]
| >   graph_29    : 6.7882591021767263e-08 +/- 2.64e-10 [42730 selected]
| >   graph_30    : -1.8029059500496491e-09 +/- 2.47e-10 [45322 selected]
| >   graph_31    : 4.1014445197671586e-11 +/- 7.47e-13 [2451 selected]
| >   graph_32    : -6.3878999002779159e-11 +/- 1.27e-11 [2414 selected]
| >   graph_33    : -1.8909487089181522e-09 +/- 4.57e-11 [4580 selected]
| >   graph_34    : 9.3445910706089987e-26 +/- 6.90e-26 [2438 selected]
| >   graph_35    : 2.4954260903265085e-08 +/- 2.53e-10 [51333 selected]
| >   graph_36    : -2.9432507438592626e-09 +/- 4.50e-11 [5509 selected]
| >   graph_37    : 1.6220307127972022e-08 +/- 1.30e-10 [19089 selected]
| >   graph_38    : 3.9817987346660352e-10 +/- 6.27e-12 [2369 selected]
| >   graph_39    : -7.6596015437119715e-09 +/- 7.80e-11 [9634 selected]
| >   graph_40    : 2.0773948302783762e-10 +/- 8.41e-10 [239589 selected]
| >   graph_41    : 1.7895798205927537e-09 +/- 3.68e-11 [5978 selected]
| >   graph_42    : 4.1798948636533568e-09 +/- 2.94e-10 [36175 selected]
| >   graph_43    : 3.1457402819746757e-09 +/- 4.77e-11 [5845 selected]
| >   graph_44    : 4.3877324477432239e-10 +/- 1.47e-11 [2577 selected]
| >   graph_45    : 2.3848061236082244e-10 +/- 1.82e-12 [2414 selected]
| >   graph_46    : -6.1225416494397291e-11 +/- 7.30e-13 [2387 selected]
| >   graph_47    : -4.8819153320184283e-09 +/- 1.71e-09 [209954 selected]
| >   graph_48    : -9.6854400696640436e-11 +/- 4.29e-12 [2433 selected]
| >   graph_49    : -3.4310319817992833e-08 +/- 1.53e-10 [21852 selected]
| >   graph_50    : 8.3927517132752346e-10 +/- 2.76e-11 [3196 selected]
| >   graph_51    : 5.7237683413682515e-09 +/- 3.26e-11 [2989 selected]
| >   graph_52    : 2.0737404954245446e-10 +/- 9.82e-12 [2400 selected]
| >   graph_53    : -8.0516281135128416e-10 +/- 3.12e-11 [5125 selected]
| >   graph_54    : -2.8314831887738282e-09 +/- 2.67e-10 [38548 selected]
| >   graph_55    : 1.1610686384002016e-09 +/- 2.69e-11 [4410 selected]
| >   graph_56    : -4.1893998408195943e-09 +/- 2.23e-11 [2390 selected]
| >   graph_57    : -1.2900144286446514e-08 +/- 1.22e-10 [16569 selected]
| >   graph_58    : 4.5302099700817637e-11 +/- 4.19e-12 [2384 selected]
| >   graph_59    : 3.6914457136012325e-11 +/- 4.15e-12 [2394 selected]
| >   graph_60    : -7.0546549273495143e-11 +/- 4.20e-12 [2392 selected]
| >   graph_61    : 1.2429854831138294e-08 +/- 1.80e-10 [25095 selected]
| >   graph_62    : -8.0709942588981483e-24 +/- 8.43e-24 [2410 selected]
| >   graph_63    : -1.1537030751294306e-09 +/- 1.65e-11 [2462 selected]
| >   graph_64    : 8.2565119101499659e-10 +/- 7.12e-12 [2432 selected]
| >   sum         : 3.0234687308705745e-08
| >   total       : 3.0234687308705719e-08
| >   difference  : 2.6469779601696886e-23
[92mINFO[0m [94msymbolica_integrator l.7237[0m [96mt=2026-09-09,10:50:17.302[0m > Symbolica integration: starting iteration [92m20/100[0m using [94m1000000[0m points ...
[92mINFO[0m [94msymbolica_integrator l.7270[0m [96mt=2026-09-09,10:55:36.783[0m > ... result after this iteration:
| > Integration result after [92m20000000[0m evaluations in [92m210881.28 CPU-s[0m [94m(10544.1 µs / eval)[0m
| > Extremal weights:
| >   with jacobian    : 6.83462e+04 at xs = [6.4810213514078670e-06 1.2872623629604971e-01 5.0135758672765640e-01 1.1579855220704659e-01 5.8362165858137149e-01 6.8012190464210887e-01] | jacobian = 1.24143e+06
| >     momentum space  : k = [[1.7896885893320363e-03, 1.8755163712599345e-03, 1.0440121451461144e+02]; [-3.8255413064754848e+01, -2.2179274606260584e+01, -2.8086543799527060e+01]]
| >   without jacobian : 5.81662e+02 at xs = [4.6244409640217324e-07 7.5278966738298070e-01 5.0008056585407423e-01 1.6937886588083906e-01 4.4118097394652966e-01 2.7878525065510779e-01] | jacobian = 1.57997e+04
| >     momentum space  : k = [[3.2421228909030028e-06, -1.8494930348985909e-04, 1.6255859331628312e+02]; [-5.8419867978341316e+01, 2.2630076346839729e+01, 5.2232438578599712e+01]]
| >   before clipping   : 9.19008e+06 at xs = [4.6244409640217324e-07 7.5278966738298070e-01 5.0008056585407423e-01 1.6937886588083906e-01 4.4118097394652966e-01 2.7878525065510779e-01]
| >     momentum space  : k = [[3.2421228909030028e-06, -1.8494930348985909e-04, 1.6255859331628312e+02]; [-5.8419867978341316e+01, 2.2630076346839729e+01, 5.2232438578599712e+01]]
| > Stability pipeline: float pairs accepted = 27358651, HP pairs attempted/accepted = 677521/677521
| > Stability triggers: float mismatch = 621080, float non-finite/error = 162
| > HP precision escalations: attempted/accepted = 598/598
| > Higher-precision rejections: disagreement = 0, non-finite = 0, error = 0
| > Soft-mirror stability: pairs = 8649468, large-side triggers = 56013, HP orbits attempted/salvaged/failed = 613296/613296/0
| > Soft-mirror extrema: raw mirror = 4.59912e+08, post-average = 9.19008e+06
| > Strongest soft-mirror cancellation: residual/raw = 0.00000e+00
| > Unstable rotational-check points rejected = 0
| > Rotational-check high-precision retries = 621242
| > Rotational-check high-precision salvaged = 621242
| > Large-weight high-precision retries = 56279
| > Large-weight high-precision salvaged = 56279
| > Large-weight high-precision rejected = 0
| > Large-weight samples zeroed = 77 (3.850e-06 of samples; removed signed/absolute sums = 1.64973e+07/3.78960e+07)
| > Non-finite final outputs zeroed = 0
| > Non-finite float rotated evaluations seen = 11
| > Example higher-precision-retried xs = [2.6880750982012969e-01 1.7402049722655100e-01 6.0980772598890010e-02 9.9750773443479890e-01 3.0048234085139136e-01 8.2729716849149482e-01] | float rel = 1.44350e-07
| >     momentum space  : k = [[1.2864873913282938e+01, 2.4869169488989783e+01, 1.4436129598391815e+02]; [-2.5782389205217190e+04, 7.8539332094821817e+04, -1.3710486440690246e+05]]
| > Example large-weight higher-precision-retried xs = [1.9231173850990912e-01 6.5780162395444419e-01 8.8861886028403791e-01 7.0208850143205215e-04 5.4240755566925725e-01 5.0445441660376766e-01] | compiled = -1.10603e+04 | higher precision = -1.02451e-01
| >     momentum space  : k = [[-1.7873903535647262e+01, -2.7323121682648594e+01, -8.9469201105104602e+01]; [-2.7108866766462003e-01, -7.3992249469811575e-02, -3.9326328464896528e-03]]
| > Example NaN/non-finite rotated xs = [4.3974642111233074e-04 4.7267464511837748e-01 9.9995896344930690e-01 6.1497814457061539e-01 6.0079335026881553e-01 6.4637841020769249e-01]
| >     momentum space  : k = [[-2.2353286370510883e-05, 3.8760017987051835e-06, 1.2731159591423573e+03]; [-4.6150254078839635e+02, -3.3882885223629427e+02, -2.8355997629564860e+02]]
| > [92mCentral value[0m : +3.0108898593222386e-08   +/- 1.95e-09     ([91m6.476%[0m)
[92mINFO[0m [94msymbolica_integrator l.7274[0m [96mt=2026-09-09,10:55:36.784[0m > | > Graph-channel Symbolica observer estimates:
| >   graph_0     : -2.0779774722577274e-08 +/- 2.11e-10 [35881 selected]
| >   graph_1     : 3.6750938797937677e-10 +/- 1.07e-11 [2382 selected]
| >   graph_2     : -1.2838655520538497e-08 +/- 7.62e-11 [9897 selected]
| >   graph_3     : 1.1103988524144618e-10 +/- 2.22e-12 [2423 selected]
| >   graph_4     : -5.9832808958819631e-10 +/- 2.03e-11 [2508 selected]
| >   graph_5     : -3.9285240497244703e-11 +/- 2.42e-12 [2421 selected]
| >   graph_6     : -3.6281557524485839e-11 +/- 2.54e-12 [2363 selected]
| >   graph_7     : 6.2082978407649980e-11 +/- 3.59e-12 [2421 selected]
| >   graph_8     : -8.7942112337331179e-10 +/- 2.04e-11 [3700 selected]
| >   graph_9     : 1.0683590280246152e-09 +/- 2.13e-11 [3850 selected]
| >   graph_10    : -2.7408499877549427e-09 +/- 1.37e-10 [19565 selected]
| >   graph_11    : 2.3761356396112936e-27 +/- 4.77e-28 [2393 selected]
| >   graph_12    : -5.6318705629885576e-10 +/- 1.42e-11 [2776 selected]
| >   graph_13    : -1.1827751209690191e-08 +/- 1.58e-10 [24619 selected]
| >   graph_14    : 1.1048103525033735e-10 +/- 8.68e-13 [2461 selected]
| >   graph_15    : 5.2113191166827215e-24 +/- 6.82e-24 [2338 selected]
| >   graph_16    : 3.8984331353060169e-09 +/- 2.00e-11 [2343 selected]
| >   graph_17    : -3.6177026690334003e-10 +/- 2.71e-12 [2351 selected]
| >   graph_18    : 1.1924876553012953e-08 +/- 1.09e-10 [16145 selected]
| >   graph_19    : 1.0503666033982223e-09 +/- 8.85e-12 [2355 selected]
| >   graph_20    : -7.6975056868459941e-10 +/- 6.24e-12 [2443 selected]
| >   graph_21    : -8.6964192110709045e-10 +/- 2.19e-11 [4052 selected]
| >   graph_22    : -5.1537652901852692e-10 +/- 1.76e-11 [2392 selected]
| >   graph_23    : -2.8961616583707928e-10 +/- 8.76e-12 [2339 selected]
| >   graph_24    : 5.7247360481795814e-10 +/- 3.05e-11 [3214 selected]
| >   graph_25    : 4.2706538392222623e-10 +/- 1.80e-11 [2397 selected]
| >   graph_26    : -2.1382660280698943e-10 +/- 1.66e-12 [2392 selected]
| >   graph_27    : -2.6991510230448820e-11 +/- 1.98e-13 [2327 selected]
| >   graph_28    : -1.1665421021752975e-09 +/- 1.34e-11 [2418 selected]
| >   graph_29    : 6.7842963363166917e-08 +/- 2.53e-10 [43038 selected]
| >   graph_30    : -1.8003621337914830e-09 +/- 2.35e-10 [45874 selected]
| >   graph_31    : 4.0849407153739653e-11 +/- 7.33e-13 [2342 selected]
| >   graph_32    : -6.3328415787874953e-11 +/- 1.24e-11 [2376 selected]
| >   graph_33    : -1.8887551655343817e-09 +/- 4.41e-11 [4770 selected]
| >   graph_34    : 8.3704722446659724e-26 +/- 6.69e-26 [2425 selected]
| >   graph_35    : 2.4963794601953266e-08 +/- 2.44e-10 [52045 selected]
| >   graph_36    : -2.9443933504927170e-09 +/- 4.37e-11 [5549 selected]
| >   graph_37    : 1.6226725641415079e-08 +/- 1.25e-10 [19485 selected]
| >   graph_38    : 3.9684912806121069e-10 +/- 6.08e-12 [2442 selected]
| >   graph_39    : -7.6768856446100223e-09 +/- 7.57e-11 [9911 selected]
| >   graph_40    : 1.9411469372579828e-10 +/- 7.99e-10 [238393 selected]
| >   graph_41    : 1.7826776693440553e-09 +/- 3.55e-11 [5864 selected]
| >   graph_42    : 4.2177570926948980e-09 +/- 2.80e-10 [36563 selected]
| >   graph_43    : 3.1586756862223184e-09 +/- 4.63e-11 [5839 selected]
| >   graph_44    : 4.4098909554591531e-10 +/- 1.43e-11 [2599 selected]
| >   graph_45    : 2.3862981572845209e-10 +/- 1.75e-12 [2369 selected]
| >   graph_46    : -6.1088569397919060e-11 +/- 7.02e-13 [2423 selected]
| >   graph_47    : -4.9795124047534205e-09 +/- 1.62e-09 [206566 selected]
| >   graph_48    : -9.7405879412202099e-11 +/- 4.13e-12 [2394 selected]
| >   graph_49    : -3.4322551276516978e-08 +/- 1.47e-10 [21888 selected]
| >   graph_50    : 8.5074242157541958e-10 +/- 2.69e-11 [3217 selected]
| >   graph_51    : 5.7463446863870999e-09 +/- 3.19e-11 [3157 selected]
| >   graph_52    : 2.1093072848173913e-10 +/- 9.51e-12 [2405 selected]
| >   graph_53    : -7.9755209018521154e-10 +/- 3.00e-11 [5103 selected]
| >   graph_54    : -2.7921712196283576e-09 +/- 2.55e-10 [38621 selected]
| >   graph_55    : 1.1606220550156968e-09 +/- 2.60e-11 [4261 selected]
| >   graph_56    : -4.1843338302321586e-09 +/- 2.18e-11 [2403 selected]
| >   graph_57    : -1.2917801984640922e-08 +/- 1.17e-10 [16459 selected]
| >   graph_58    : 4.4709011741422260e-11 +/- 4.05e-12 [2434 selected]
| >   graph_59    : 3.7357087655901861e-11 +/- 4.02e-12 [2386 selected]
| >   graph_60    : -7.0310408687022771e-11 +/- 4.07e-12 [2414 selected]
| >   graph_61    : 1.2407883851025192e-08 +/- 1.72e-10 [25615 selected]
| >   graph_62    : -7.9170694807599836e-24 +/- 8.01e-24 [2424 selected]
| >   graph_63    : -1.1610996147735850e-09 +/- 1.60e-11 [2355 selected]
| >   graph_64    : 8.2819712401806683e-10 +/- 6.91e-12 [2425 selected]
| >   sum         : 3.0108898593222359e-08
| >   total       : 3.0108898593222386e-08
| >   difference  : -2.6469779601696886e-23
[92mINFO[0m [94msymbolica_integrator l.7237[0m [96mt=2026-09-09,10:55:36.784[0m > Symbolica integration: starting iteration [92m21/100[0m using [94m1000000[0m points ...
[92mINFO[0m [94msymbolica_integrator l.7270[0m [96mt=2026-09-09,11:00:59.715[0m > ... result after this iteration:
| > Integration result after [92m21000000[0m evaluations in [92m222279.15 CPU-s[0m [94m(10584.7 µs / eval)[0m
| > Extremal weights:
| >   with jacobian    : 6.83462e+04 at xs = [6.4810213514078670e-06 1.2872623629604971e-01 5.0135758672765640e-01 1.1579855220704659e-01 5.8362165858137149e-01 6.8012190464210887e-01] | jacobian = 1.24143e+06
| >     momentum space  : k = [[1.7896885893320363e-03, 1.8755163712599345e-03, 1.0440121451461144e+02]; [-3.8255413064754848e+01, -2.2179274606260584e+01, -2.8086543799527060e+01]]
| >   without jacobian : 5.81662e+02 at xs = [4.6244409640217324e-07 7.5278966738298070e-01 5.0008056585407423e-01 1.6937886588083906e-01 4.4118097394652966e-01 2.7878525065510779e-01] | jacobian = 1.57997e+04
| >     momentum space  : k = [[3.2421228909030028e-06, -1.8494930348985909e-04, 1.6255859331628312e+02]; [-5.8419867978341316e+01, 2.2630076346839729e+01, 5.2232438578599712e+01]]
| >   before clipping   : 9.19008e+06 at xs = [4.6244409640217324e-07 7.5278966738298070e-01 5.0008056585407423e-01 1.6937886588083906e-01 4.4118097394652966e-01 2.7878525065510779e-01]
| >     momentum space  : k = [[3.2421228909030028e-06, -1.8494930348985909e-04, 1.6255859331628312e+02]; [-5.8419867978341316e+01, 2.2630076346839729e+01, 5.2232438578599712e+01]]
| > Stability pipeline: float pairs accepted = 28704400, HP pairs attempted/accepted = 725330/725330
| > Stability triggers: float mismatch = 665553, float non-finite/error = 184
| > HP precision escalations: attempted/accepted = 652/652
| > Higher-precision rejections: disagreement = 0, non-finite = 0, error = 0
| > Soft-mirror stability: pairs = 9087581, large-side triggers = 59317, HP orbits attempted/salvaged/failed = 657851/657851/0
| > Soft-mirror extrema: raw mirror = 4.59912e+08, post-average = 9.19008e+06
| > Strongest soft-mirror cancellation: residual/raw = 0.00000e+00
| > Unstable rotational-check points rejected = 0
| > Rotational-check high-precision retries = 665737
| > Rotational-check high-precision salvaged = 665737
| > Large-weight high-precision retries = 59593
| > Large-weight high-precision salvaged = 59593
| > Large-weight high-precision rejected = 0
| > Large-weight samples zeroed = 82 (3.905e-06 of samples; removed signed/absolute sums = 1.60627e+07/3.88756e+07)
| > Non-finite final outputs zeroed = 0
| > Non-finite float rotated evaluations seen = 13
| > Example higher-precision-retried xs = [2.6880750982012969e-01 1.7402049722655100e-01 6.0980772598890010e-02 9.9750773443479890e-01 3.0048234085139136e-01 8.2729716849149482e-01] | float rel = 1.44350e-07
| >     momentum space  : k = [[1.2864873913282938e+01, 2.4869169488989783e+01, 1.4436129598391815e+02]; [-2.5782389205217190e+04, 7.8539332094821817e+04, -1.3710486440690246e+05]]
| > Example large-weight higher-precision-retried xs = [1.9231173850990912e-01 6.5780162395444419e-01 8.8861886028403791e-01 7.0208850143205215e-04 5.4240755566925725e-01 5.0445441660376766e-01] | compiled = -1.10603e+04 | higher precision = -1.02451e-01
| >     momentum space  : k = [[-1.7873903535647262e+01, -2.7323121682648594e+01, -8.9469201105104602e+01]; [-2.7108866766462003e-01, -7.3992249469811575e-02, -3.9326328464896528e-03]]
| > Example NaN/non-finite rotated xs = [4.3974642111233074e-04 4.7267464511837748e-01 9.9995896344930690e-01 6.1497814457061539e-01 6.0079335026881553e-01 6.4637841020769249e-01]
| >     momentum space  : k = [[-2.2353286370510883e-05, 3.8760017987051835e-06, 1.2731159591423573e+03]; [-4.6150254078839635e+02, -3.3882885223629427e+02, -2.8355997629564860e+02]]
| > [92mCentral value[0m : +2.9982797986584831e-08   +/- 1.86e-09     ([91m6.203%[0m)
[92mINFO[0m [94msymbolica_integrator l.7274[0m [96mt=2026-09-09,11:00:59.716[0m > | > Graph-channel Symbolica observer estimates:
| >   graph_0     : -2.0768371259368884e-08 +/- 2.03e-10 [36241 selected]
| >   graph_1     : 3.6847368429958063e-10 +/- 1.03e-11 [2410 selected]
| >   graph_2     : -1.2833568910802551e-08 +/- 7.39e-11 [9922 selected]
| >   graph_3     : 1.1073723578483766e-10 +/- 2.15e-12 [2354 selected]
| >   graph_4     : -6.0082019150486593e-10 +/- 1.98e-11 [2442 selected]
| >   graph_5     : -3.9310137203600251e-11 +/- 2.35e-12 [2271 selected]
| >   graph_6     : -3.6343604503981709e-11 +/- 2.47e-12 [2421 selected]
| >   graph_7     : 6.2117782721555478e-11 +/- 3.49e-12 [2361 selected]
| >   graph_8     : -8.8052764181285636e-10 +/- 1.97e-11 [3707 selected]
| >   graph_9     : 1.0734848751658139e-09 +/- 2.06e-11 [3796 selected]
| >   graph_10    : -2.7185448437878764e-09 +/- 1.33e-10 [19835 selected]
| >   graph_11    : 2.3775105617987454e-27 +/- 4.60e-28 [2409 selected]
| >   graph_12    : -5.5574820638824268e-10 +/- 1.37e-11 [2776 selected]
| >   graph_13    : -1.1797028664913302e-08 +/- 1.52e-10 [26212 selected]
| >   graph_14    : 1.1038453480264062e-10 +/- 8.36e-13 [2354 selected]
| >   graph_15    : 4.8722964810447245e-24 +/- 6.49e-24 [2293 selected]
| >   graph_16    : 3.8895851303028987e-09 +/- 1.95e-11 [2304 selected]
| >   graph_17    : -3.6119568452172134e-10 +/- 2.61e-12 [2340 selected]
| >   graph_18    : 1.1946012652606434e-08 +/- 1.05e-10 [15926 selected]
| >   graph_19    : 1.0505888752067139e-09 +/- 8.59e-12 [2392 selected]
| >   graph_20    : -7.6689535215004205e-10 +/- 6.05e-12 [2261 selected]
| >   graph_21    : -8.7590556009826399e-10 +/- 2.12e-11 [4011 selected]
| >   graph_22    : -5.1279800515934811e-10 +/- 1.69e-11 [2346 selected]
| >   graph_23    : -2.9052257191987376e-10 +/- 8.47e-12 [2324 selected]
| >   graph_24    : 5.7085371337561203e-10 +/- 2.98e-11 [3197 selected]
| >   graph_25    : 4.3447147022886881e-10 +/- 1.75e-11 [2390 selected]
| >   graph_26    : -2.1363427982736850e-10 +/- 1.60e-12 [2366 selected]
| >   graph_27    : -2.6980704729743337e-11 +/- 1.91e-13 [2309 selected]
| >   graph_28    : -1.1680204667412416e-09 +/- 1.31e-11 [2390 selected]
| >   graph_29    : 6.7827506029618570e-08 +/- 2.44e-10 [43379 selected]
| >   graph_30    : -1.8151903729219359e-09 +/- 2.28e-10 [45721 selected]
| >   graph_31    : 4.0576092970360016e-11 +/- 7.14e-13 [2338 selected]
| >   graph_32    : -6.5420866956800139e-11 +/- 1.20e-11 [2397 selected]
| >   graph_33    : -1.8926346314780643e-09 +/- 4.28e-11 [4569 selected]
| >   graph_34    : 7.8244424330730217e-26 +/- 6.43e-26 [2306 selected]
| >   graph_35    : 2.4960461111108393e-08 +/- 2.34e-10 [53107 selected]
| >   graph_36    : -2.9520523370661873e-09 +/- 4.24e-11 [5608 selected]
| >   graph_37    : 1.6201393274017749e-08 +/- 1.21e-10 [19677 selected]
| >   graph_38    : 3.9703907722047585e-10 +/- 5.89e-12 [2396 selected]
| >   graph_39    : -7.6800911983759740e-09 +/- 7.36e-11 [9911 selected]
| >   graph_40    : 1.4879531811596244e-10 +/- 7.61e-10 [237991 selected]
| >   graph_41    : 1.7774248729842747e-09 +/- 3.43e-11 [5947 selected]
| >   graph_42    : 4.1883386428583356e-09 +/- 2.68e-10 [36682 selected]
| >   graph_43    : 3.1622863365789271e-09 +/- 4.50e-11 [6058 selected]
| >   graph_44    : 4.3877509190935377e-10 +/- 1.39e-11 [2679 selected]
| >   graph_45    : 2.3898715456770116e-10 +/- 1.69e-12 [2343 selected]
| >   graph_46    : -6.0991104941371260e-11 +/- 6.76e-13 [2400 selected]
| >   graph_47    : -5.0840418445496998e-09 +/- 1.55e-09 [203508 selected]
| >   graph_48    : -9.6719858216765069e-11 +/- 3.99e-12 [2385 selected]
| >   graph_49    : -3.4349117838766018e-08 +/- 1.42e-10 [22334 selected]
| >   graph_50    : 8.4686255565792686e-10 +/- 2.60e-11 [3167 selected]
| >   graph_51    : 5.7436848945422942e-09 +/- 3.11e-11 [2973 selected]
| >   graph_52    : 2.1117580230004620e-10 +/- 9.22e-12 [2349 selected]
| >   graph_53    : -8.0047076069102844e-10 +/- 2.89e-11 [5398 selected]
| >   graph_54    : -2.7509015517147667e-09 +/- 2.44e-10 [38607 selected]
| >   graph_55    : 1.1601113285070211e-09 +/- 2.51e-11 [4318 selected]
| >   graph_56    : -4.1848353841030531e-09 +/- 2.13e-11 [2402 selected]
| >   graph_57    : -1.2895975799673757e-08 +/- 1.12e-10 [16738 selected]
| >   graph_58    : 4.4193190287786046e-11 +/- 3.93e-12 [2380 selected]
| >   graph_59    : 3.8090038198812508e-11 +/- 3.90e-12 [2428 selected]
| >   graph_60    : -7.0024942027940640e-11 +/- 3.95e-12 [2406 selected]
| >   graph_61    : 1.2422089641162045e-08 +/- 1.65e-10 [25679 selected]
| >   graph_62    : -7.7422125284529545e-24 +/- 7.63e-24 [2345 selected]
| >   graph_63    : -1.1642220458150439e-09 +/- 1.58e-11 [2335 selected]
| >   graph_64    : 8.2720420221603019e-10 +/- 6.72e-12 [2379 selected]
| >   sum         : 2.9982797986584851e-08
| >   total       : 2.9982797986584831e-08
| >   difference  : 1.9852334701272664e-23
[92mINFO[0m [94msymbolica_integrator l.7237[0m [96mt=2026-09-09,11:00:59.716[0m > Symbolica integration: starting iteration [92m22/100[0m using [94m1000000[0m points ...
[92mINFO[0m [94msymbolica_integrator l.7270[0m [96mt=2026-09-09,11:06:49.326[0m > ... result after this iteration:
| > Integration result after [92m22000000[0m evaluations in [92m234897.29 CPU-s[0m [94m(10677.1 µs / eval)[0m
| > Extremal weights:
| >   with jacobian    : 6.83462e+04 at xs = [6.4810213514078670e-06 1.2872623629604971e-01 5.0135758672765640e-01 1.1579855220704659e-01 5.8362165858137149e-01 6.8012190464210887e-01] | jacobian = 1.24143e+06
| >     momentum space  : k = [[1.7896885893320363e-03, 1.8755163712599345e-03, 1.0440121451461144e+02]; [-3.8255413064754848e+01, -2.2179274606260584e+01, -2.8086543799527060e+01]]
| >   without jacobian : 5.81662e+02 at xs = [4.6244409640217324e-07 7.5278966738298070e-01 5.0008056585407423e-01 1.6937886588083906e-01 4.4118097394652966e-01 2.7878525065510779e-01] | jacobian = 1.57997e+04
| >     momentum space  : k = [[3.2421228909030028e-06, -1.8494930348985909e-04, 1.6255859331628312e+02]; [-5.8419867978341316e+01, 2.2630076346839729e+01, 5.2232438578599712e+01]]
| >   before clipping   : 9.19008e+06 at xs = [4.6244409640217324e-07 7.5278966738298070e-01 5.0008056585407423e-01 1.6937886588083906e-01 4.4118097394652966e-01 2.7878525065510779e-01]
| >     momentum space  : k = [[3.2421228909030028e-06, -1.8494930348985909e-04, 1.6255859331628312e+02]; [-5.8419867978341316e+01, 2.2630076346839729e+01, 5.2232438578599712e+01]]
| > Stability pipeline: float pairs accepted = 30053224, HP pairs attempted/accepted = 771447/771447
| > Stability triggers: float mismatch = 708444, float non-finite/error = 198
| > HP precision escalations: attempted/accepted = 707/707
| > Higher-precision rejections: disagreement = 0, non-finite = 0, error = 0
| > Soft-mirror stability: pairs = 9525205, large-side triggers = 62512, HP orbits attempted/salvaged/failed = 700534/700534/0
| > Soft-mirror extrema: raw mirror = 4.59912e+08, post-average = 9.19008e+06
| > Strongest soft-mirror cancellation: residual/raw = 0.00000e+00
| > Unstable rotational-check points rejected = 0
| > Rotational-check high-precision retries = 708642
| > Rotational-check high-precision salvaged = 708642
| > Large-weight high-precision retries = 62805
| > Large-weight high-precision salvaged = 62805
| > Large-weight high-precision rejected = 0
| > Large-weight samples zeroed = 84 (3.818e-06 of samples; removed signed/absolute sums = 1.86296e+07/4.16027e+07)
| > Non-finite final outputs zeroed = 0
| > Non-finite float rotated evaluations seen = 13
| > Example higher-precision-retried xs = [2.6880750982012969e-01 1.7402049722655100e-01 6.0980772598890010e-02 9.9750773443479890e-01 3.0048234085139136e-01 8.2729716849149482e-01] | float rel = 1.44350e-07
| >     momentum space  : k = [[1.2864873913282938e+01, 2.4869169488989783e+01, 1.4436129598391815e+02]; [-2.5782389205217190e+04, 7.8539332094821817e+04, -1.3710486440690246e+05]]
| > Example large-weight higher-precision-retried xs = [1.9231173850990912e-01 6.5780162395444419e-01 8.8861886028403791e-01 7.0208850143205215e-04 5.4240755566925725e-01 5.0445441660376766e-01] | compiled = -1.10603e+04 | higher precision = -1.02451e-01
| >     momentum space  : k = [[-1.7873903535647262e+01, -2.7323121682648594e+01, -8.9469201105104602e+01]; [-2.7108866766462003e-01, -7.3992249469811575e-02, -3.9326328464896528e-03]]
| > Example NaN/non-finite rotated xs = [4.3974642111233074e-04 4.7267464511837748e-01 9.9995896344930690e-01 6.1497814457061539e-01 6.0079335026881553e-01 6.4637841020769249e-01]
| >     momentum space  : k = [[-2.2353286370510883e-05, 3.8760017987051835e-06, 1.2731159591423573e+03]; [-4.6150254078839635e+02, -3.3882885223629427e+02, -2.8355997629564860e+02]]
| > [92mCentral value[0m : +3.0084422043935052e-08   +/- 1.78e-09     ([91m5.908%[0m)
[92mINFO[0m [94msymbolica_integrator l.7274[0m [96mt=2026-09-09,11:06:49.327[0m > | > Graph-channel Symbolica observer estimates:
| >   graph_0     : -2.0731448396131802e-08 +/- 1.95e-10 [36673 selected]
| >   graph_1     : 3.6888339057320833e-10 +/- 1.00e-11 [2396 selected]
| >   graph_2     : -1.2818233551901146e-08 +/- 7.18e-11 [9998 selected]
| >   graph_3     : 1.1065750670442780e-10 +/- 2.09e-12 [2387 selected]
| >   graph_4     : -5.9790366027476783e-10 +/- 1.93e-11 [2299 selected]
| >   graph_5     : -3.8732596691530396e-11 +/- 2.29e-12 [2462 selected]
| >   graph_6     : -3.6675770900975531e-11 +/- 2.40e-12 [2327 selected]
| >   graph_7     : 6.1386123522929998e-11 +/- 3.39e-12 [2344 selected]
| >   graph_8     : -8.8278819955967372e-10 +/- 1.91e-11 [3790 selected]
| >   graph_9     : 1.0710626572836709e-09 +/- 2.00e-11 [3785 selected]
| >   graph_10    : -2.7081878738503071e-09 +/- 1.27e-10 [20093 selected]
| >   graph_11    : 2.3849058281788563e-27 +/- 4.44e-28 [2358 selected]
| >   graph_12    : -5.5326791137531463e-10 +/- 1.33e-11 [2805 selected]
| >   graph_13    : -1.1814278181034262e-08 +/- 1.46e-10 [26527 selected]
| >   graph_14    : 1.1046179897898673e-10 +/- 8.07e-13 [2387 selected]
| >   graph_15    : 7.7330119132667409e-24 +/- 6.94e-24 [2382 selected]
| >   graph_16    : 3.8868230104711993e-09 +/- 1.91e-11 [2344 selected]
| >   graph_17    : -3.6103476329429487e-10 +/- 2.52e-12 [2359 selected]
| >   graph_18    : 1.1960180622849790e-08 +/- 1.01e-10 [15983 selected]
| >   graph_19    : 1.0496064747647521e-09 +/- 8.35e-12 [2343 selected]
| >   graph_20    : -7.6886821840470452e-10 +/- 5.88e-12 [2379 selected]
| >   graph_21    : -8.7475008949730010e-10 +/- 2.05e-11 [3949 selected]
| >   graph_22    : -5.0382893646980960e-10 +/- 1.70e-11 [2396 selected]
| >   graph_23    : -2.9189668141090009e-10 +/- 8.28e-12 [2399 selected]
| >   graph_24    : 5.7673746273457977e-10 +/- 2.92e-11 [3216 selected]
| >   graph_25    : 4.3557632457235566e-10 +/- 1.71e-11 [2349 selected]
| >   graph_26    : -2.1331924039564464e-10 +/- 1.54e-12 [2303 selected]
| >   graph_27    : -2.6969052159028750e-11 +/- 1.85e-13 [2347 selected]
| >   graph_28    : -1.1680116795869073e-09 +/- 1.28e-11 [2352 selected]
| >   graph_29    : 6.7887856325471840e-08 +/- 2.35e-10 [43971 selected]
| >   graph_30    : -1.7965194522557403e-09 +/- 2.18e-10 [46878 selected]
| >   graph_31    : 4.0567907506137498e-11 +/- 6.95e-13 [2376 selected]
| >   graph_32    : -6.2175315984903756e-11 +/- 1.17e-11 [2308 selected]
| >   graph_33    : -1.9013996172646904e-09 +/- 4.19e-11 [4606 selected]
| >   graph_34    : 8.3842204983313334e-26 +/- 6.26e-26 [2332 selected]
| >   graph_35    : 2.4957537791766994e-08 +/- 2.26e-10 [53374 selected]
| >   graph_36    : -2.9544330197869662e-09 +/- 4.13e-11 [5655 selected]
| >   graph_37    : 1.6204628054997312e-08 +/- 1.18e-10 [19576 selected]
| >   graph_38    : 3.9737460890885386e-10 +/- 5.72e-12 [2285 selected]
| >   graph_39    : -7.6586453501587355e-09 +/- 7.16e-11 [9938 selected]
| >   graph_40    : 1.2429682761324437e-10 +/- 7.27e-10 [236289 selected]
| >   graph_41    : 1.7718517686088800e-09 +/- 3.31e-11 [5980 selected]
| >   graph_42    : 4.1732458608511928e-09 +/- 2.57e-10 [36833 selected]
| >   graph_43    : 3.1559068461904250e-09 +/- 4.38e-11 [6041 selected]
| >   graph_44    : 4.4057406534146473e-10 +/- 1.35e-11 [2638 selected]
| >   graph_45    : 2.3905019275862153e-10 +/- 1.64e-12 [2415 selected]
| >   graph_46    : -6.0830922518847618e-11 +/- 6.53e-13 [2298 selected]
| >   graph_47    : -5.1661621636371578e-09 +/- 1.47e-09 [201698 selected]
| >   graph_48    : -9.6798244154902519e-11 +/- 3.86e-12 [2338 selected]
| >   graph_49    : -3.4293732481191923e-08 +/- 1.37e-10 [22079 selected]
| >   graph_50    : 8.4200126567771077e-10 +/- 2.52e-11 [3283 selected]
| >   graph_51    : 5.7385710304897854e-09 +/- 3.04e-11 [3024 selected]
| >   graph_52    : 2.1185958599430193e-10 +/- 8.95e-12 [2377 selected]
| >   graph_53    : -8.0234262805736579e-10 +/- 2.80e-11 [5223 selected]
| >   graph_54    : -2.7437589548821922e-09 +/- 2.33e-10 [38887 selected]
| >   graph_55    : 1.1535778367969736e-09 +/- 2.43e-11 [4385 selected]
| >   graph_56    : -4.1810555788216475e-09 +/- 2.08e-11 [2321 selected]
| >   graph_57    : -1.2890223598705285e-08 +/- 1.08e-10 [16827 selected]
| >   graph_58    : 4.2696433345893523e-11 +/- 3.82e-12 [2353 selected]
| >   graph_59    : 3.8428007455592234e-11 +/- 3.79e-12 [2455 selected]
| >   graph_60    : -7.0317115899188680e-11 +/- 3.84e-12 [2433 selected]
| >   graph_61    : 1.2437279116552177e-08 +/- 1.59e-10 [25621 selected]
| >   graph_62    : -6.9592182354026501e-24 +/- 7.30e-24 [2408 selected]
| >   graph_63    : -1.1638589467391418e-09 +/- 1.55e-11 [2366 selected]
| >   graph_64    : 8.2819133814885539e-10 +/- 6.54e-12 [2397 selected]
| >   sum         : 3.0084422043935098e-08
| >   total       : 3.0084422043935052e-08
| >   difference  : 4.6322114302969550e-23
[92mINFO[0m [94msymbolica_integrator l.7237[0m [96mt=2026-09-09,11:06:49.327[0m > Symbolica integration: starting iteration [92m23/100[0m using [94m1000000[0m points ...
[92mINFO[0m [94msymbolica_integrator l.7270[0m [96mt=2026-09-09,11:11:55.784[0m > ... result after this iteration:
| > Integration result after [92m23000000[0m evaluations in [92m244884.56 CPU-s[0m [94m(10647.2 µs / eval)[0m
| > Extremal weights:
| >   with jacobian    : 6.83462e+04 at xs = [6.4810213514078670e-06 1.2872623629604971e-01 5.0135758672765640e-01 1.1579855220704659e-01 5.8362165858137149e-01 6.8012190464210887e-01] | jacobian = 1.24143e+06
| >     momentum space  : k = [[1.7896885893320363e-03, 1.8755163712599345e-03, 1.0440121451461144e+02]; [-3.8255413064754848e+01, -2.2179274606260584e+01, -2.8086543799527060e+01]]
| >   without jacobian : 5.81662e+02 at xs = [4.6244409640217324e-07 7.5278966738298070e-01 5.0008056585407423e-01 1.6937886588083906e-01 4.4118097394652966e-01 2.7878525065510779e-01] | jacobian = 1.57997e+04
| >     momentum space  : k = [[3.2421228909030028e-06, -1.8494930348985909e-04, 1.6255859331628312e+02]; [-5.8419867978341316e+01, 2.2630076346839729e+01, 5.2232438578599712e+01]]
| >   before clipping   : 9.19008e+06 at xs = [4.6244409640217324e-07 7.5278966738298070e-01 5.0008056585407423e-01 1.6937886588083906e-01 4.4118097394652966e-01 2.7878525065510779e-01]
| >     momentum space  : k = [[3.2421228909030028e-06, -1.8494930348985909e-04, 1.6255859331628312e+02]; [-5.8419867978341316e+01, 2.2630076346839729e+01, 5.2232438578599712e+01]]
| > Stability pipeline: float pairs accepted = 31402350, HP pairs attempted/accepted = 817639/817639
| > Stability triggers: float mismatch = 751567, float non-finite/error = 212
| > HP precision escalations: attempted/accepted = 759/759
| > Higher-precision rejections: disagreement = 0, non-finite = 0, error = 0
| > Soft-mirror stability: pairs = 9962857, large-side triggers = 65551, HP orbits attempted/salvaged/failed = 742868/742868/0
| > Soft-mirror extrema: raw mirror = 4.59912e+08, post-average = 9.19008e+06
| > Strongest soft-mirror cancellation: residual/raw = 0.00000e+00
| > Unstable rotational-check points rejected = 0
| > Rotational-check high-precision retries = 751779
| > Rotational-check high-precision salvaged = 751779
| > Large-weight high-precision retries = 65860
| > Large-weight high-precision salvaged = 65860
| > Large-weight high-precision rejected = 0
| > Large-weight samples zeroed = 87 (3.783e-06 of samples; removed signed/absolute sums = 2.22634e+07/4.54120e+07)
| > Non-finite final outputs zeroed = 0
| > Non-finite float rotated evaluations seen = 14
| > Example higher-precision-retried xs = [2.6880750982012969e-01 1.7402049722655100e-01 6.0980772598890010e-02 9.9750773443479890e-01 3.0048234085139136e-01 8.2729716849149482e-01] | float rel = 1.44350e-07
| >     momentum space  : k = [[1.2864873913282938e+01, 2.4869169488989783e+01, 1.4436129598391815e+02]; [-2.5782389205217190e+04, 7.8539332094821817e+04, -1.3710486440690246e+05]]
| > Example large-weight higher-precision-retried xs = [1.9231173850990912e-01 6.5780162395444419e-01 8.8861886028403791e-01 7.0208850143205215e-04 5.4240755566925725e-01 5.0445441660376766e-01] | compiled = -1.10603e+04 | higher precision = -1.02451e-01
| >     momentum space  : k = [[-1.7873903535647262e+01, -2.7323121682648594e+01, -8.9469201105104602e+01]; [-2.7108866766462003e-01, -7.3992249469811575e-02, -3.9326328464896528e-03]]
| > Example NaN/non-finite rotated xs = [4.3974642111233074e-04 4.7267464511837748e-01 9.9995896344930690e-01 6.1497814457061539e-01 6.0079335026881553e-01 6.4637841020769249e-01]
| >     momentum space  : k = [[-2.2353286370510883e-05, 3.8760017987051835e-06, 1.2731159591423573e+03]; [-4.6150254078839635e+02, -3.3882885223629427e+02, -2.8355997629564860e+02]]
| > [92mCentral value[0m : +3.0102013645343386e-08   +/- 1.70e-09     ([91m5.655%[0m)
[92mINFO[0m [94msymbolica_integrator l.7274[0m [96mt=2026-09-09,11:11:55.785[0m > | > Graph-channel Symbolica observer estimates:
| >   graph_0     : -2.0723366708295939e-08 +/- 1.89e-10 [36996 selected]
| >   graph_1     : 3.6952034677697459e-10 +/- 9.71e-12 [2361 selected]
| >   graph_2     : -1.2798053490871020e-08 +/- 6.99e-11 [10094 selected]
| >   graph_3     : 1.1065171282916601e-10 +/- 2.02e-12 [2367 selected]
| >   graph_4     : -6.0005930711404141e-10 +/- 1.89e-11 [2370 selected]
| >   graph_5     : -3.8822231125335644e-11 +/- 2.23e-12 [2341 selected]
| >   graph_6     : -3.6379156610831800e-11 +/- 2.33e-12 [2311 selected]
| >   graph_7     : 6.2728635542460218e-11 +/- 3.39e-12 [2285 selected]
| >   graph_8     : -8.8280617068563323e-10 +/- 1.85e-11 [3745 selected]
| >   graph_9     : 1.0765126027165623e-09 +/- 1.94e-11 [3768 selected]
| >   graph_10    : -2.7200807633621166e-09 +/- 1.23e-10 [20118 selected]
| >   graph_11    : 2.3301495858765353e-27 +/- 4.30e-28 [2391 selected]
| >   graph_12    : -5.5277988008842221e-10 +/- 1.29e-11 [2827 selected]
| >   graph_13    : -1.1797358228022530e-08 +/- 1.41e-10 [26526 selected]
| >   graph_14    : 1.1037253642679346e-10 +/- 7.80e-13 [2362 selected]
| >   graph_15    : 7.3683538248625468e-24 +/- 6.64e-24 [2254 selected]
| >   graph_16    : 3.8841072914934844e-09 +/- 1.88e-11 [2358 selected]
| >   graph_17    : -3.6109199806959202e-10 +/- 2.44e-12 [2436 selected]
| >   graph_18    : 1.1962267330291234e-08 +/- 9.77e-11 [15943 selected]
| >   graph_19    : 1.0503806804092695e-09 +/- 8.14e-12 [2404 selected]
| >   graph_20    : -7.7014857007207133e-10 +/- 5.74e-12 [2377 selected]
| >   graph_21    : -8.7630755793192629e-10 +/- 1.99e-11 [4144 selected]
| >   graph_22    : -5.0260934538802635e-10 +/- 1.65e-11 [2343 selected]
| >   graph_23    : -2.8982856171314199e-10 +/- 7.99e-12 [2271 selected]
| >   graph_24    : 5.7778465074012914e-10 +/- 2.86e-11 [3174 selected]
| >   graph_25    : 4.3021879415854106e-10 +/- 1.67e-11 [2330 selected]
| >   graph_26    : -2.1307268793763264e-10 +/- 1.49e-12 [2331 selected]
| >   graph_27    : -2.6999705664587075e-11 +/- 1.79e-13 [2368 selected]
| >   graph_28    : -1.1662693193817832e-09 +/- 1.25e-11 [2337 selected]
| >   graph_29    : 6.7897369883736504e-08 +/- 2.27e-10 [44758 selected]
| >   graph_30    : -1.7882292001064533e-09 +/- 2.10e-10 [46715 selected]
| >   graph_31    : 4.0660492645898351e-11 +/- 6.76e-13 [2292 selected]
| >   graph_32    : -5.9709989153670040e-11 +/- 1.14e-11 [2298 selected]
| >   graph_33    : -1.9057544546410272e-09 +/- 4.14e-11 [4738 selected]
| >   graph_34    : 7.6829731153146089e-26 +/- 6.16e-26 [2296 selected]
| >   graph_35    : 2.4963092044347233e-08 +/- 2.17e-10 [54101 selected]
| >   graph_36    : -2.9428738373790794e-09 +/- 4.03e-11 [5695 selected]
| >   graph_37    : 1.6209442180173449e-08 +/- 1.14e-10 [20209 selected]
| >   graph_38    : 3.9903572737233878e-10 +/- 5.57e-12 [2377 selected]
| >   graph_39    : -7.6643624318542288e-09 +/- 6.97e-11 [10147 selected]
| >   graph_40    : 7.4895044479742631e-11 +/- 6.96e-10 [234592 selected]
| >   graph_41    : 1.7743171814513297e-09 +/- 3.21e-11 [5995 selected]
| >   graph_42    : 4.1848173808184836e-09 +/- 2.46e-10 [36798 selected]
| >   graph_43    : 3.1528636125396607e-09 +/- 4.28e-11 [6165 selected]
| >   graph_44    : 4.4317268694631648e-10 +/- 1.31e-11 [2640 selected]
| >   graph_45    : 2.3930365683442277e-10 +/- 1.59e-12 [2367 selected]
| >   graph_46    : -6.0649394438037323e-11 +/- 6.31e-13 [2369 selected]
| >   graph_47    : -5.2485611202723558e-09 +/- 1.41e-09 [199416 selected]
| >   graph_48    : -9.5619158208316319e-11 +/- 3.74e-12 [2334 selected]
| >   graph_49    : -3.4280857151769430e-08 +/- 1.33e-10 [22349 selected]
| >   graph_50    : 8.5612836175831131e-10 +/- 2.48e-11 [3223 selected]
| >   graph_51    : 5.7351636621632994e-09 +/- 2.97e-11 [3078 selected]
| >   graph_52    : 2.1147393727052636e-10 +/- 8.72e-12 [2345 selected]
| >   graph_53    : -8.0536577031652382e-10 +/- 2.71e-11 [5286 selected]
| >   graph_54    : -2.7410405549556738e-09 +/- 2.24e-10 [39268 selected]
| >   graph_55    : 1.1545323581908717e-09 +/- 2.36e-11 [4364 selected]
| >   graph_56    : -4.1807550049555084e-09 +/- 2.05e-11 [2353 selected]
| >   graph_57    : -1.2879090801686166e-08 +/- 1.05e-10 [16981 selected]
| >   graph_58    : 4.2416861253214207e-11 +/- 3.71e-12 [2326 selected]
| >   graph_59    : 3.8920405942124759e-11 +/- 3.69e-12 [2413 selected]
| >   graph_60    : -7.0060264134001772e-11 +/- 3.74e-12 [2361 selected]
| >   graph_61    : 1.2457991246750617e-08 +/- 1.53e-10 [26249 selected]
| >   graph_62    : -6.3745544826037844e-24 +/- 7.03e-24 [2393 selected]
| >   graph_63    : -1.1594792127452857e-09 +/- 1.51e-11 [2324 selected]
| >   graph_64    : 8.3031436823483817e-10 +/- 6.37e-12 [2453 selected]
| >   sum         : 3.0102013645343412e-08
| >   total       : 3.0102013645343386e-08
| >   difference  : 2.6469779601696886e-23
[92mINFO[0m [94msymbolica_integrator l.7237[0m [96mt=2026-09-09,11:11:55.785[0m > Symbolica integration: starting iteration [92m24/100[0m using [94m1000000[0m points ...
[92mINFO[0m [94msymbolica_integrator l.7270[0m [96mt=2026-09-09,11:17:31.608[0m > ... result after this iteration:
| > Integration result after [92m24000000[0m evaluations in [92m255489.65 CPU-s[0m [94m(10645.4 µs / eval)[0m
| > Extremal weights:
| >   with jacobian    : 6.83462e+04 at xs = [6.4810213514078670e-06 1.2872623629604971e-01 5.0135758672765640e-01 1.1579855220704659e-01 5.8362165858137149e-01 6.8012190464210887e-01] | jacobian = 1.24143e+06
| >     momentum space  : k = [[1.7896885893320363e-03, 1.8755163712599345e-03, 1.0440121451461144e+02]; [-3.8255413064754848e+01, -2.2179274606260584e+01, -2.8086543799527060e+01]]
| >   without jacobian : 5.81662e+02 at xs = [4.6244409640217324e-07 7.5278966738298070e-01 5.0008056585407423e-01 1.6937886588083906e-01 4.4118097394652966e-01 2.7878525065510779e-01] | jacobian = 1.57997e+04
| >     momentum space  : k = [[3.2421228909030028e-06, -1.8494930348985909e-04, 1.6255859331628312e+02]; [-5.8419867978341316e+01, 2.2630076346839729e+01, 5.2232438578599712e+01]]
| >   before clipping   : 9.19008e+06 at xs = [4.6244409640217324e-07 7.5278966738298070e-01 5.0008056585407423e-01 1.6937886588083906e-01 4.4118097394652966e-01 2.7878525065510779e-01]
| >     momentum space  : k = [[3.2421228909030028e-06, -1.8494930348985909e-04, 1.6255859331628312e+02]; [-5.8419867978341316e+01, 2.2630076346839729e+01, 5.2232438578599712e+01]]
| > Stability pipeline: float pairs accepted = 32752430, HP pairs attempted/accepted = 863390/863390
| > Stability triggers: float mismatch = 794471, float non-finite/error = 234
| > HP precision escalations: attempted/accepted = 816/816
| > Higher-precision rejections: disagreement = 0, non-finite = 0, error = 0
| > Soft-mirror stability: pairs = 10400740, large-side triggers = 68362, HP orbits attempted/salvaged/failed = 784920/784920/0
| > Soft-mirror extrema: raw mirror = 4.59912e+08, post-average = 9.19008e+06
| > Strongest soft-mirror cancellation: residual/raw = 0.00000e+00
| > Unstable rotational-check points rejected = 0
| > Rotational-check high-precision retries = 794705
| > Rotational-check high-precision salvaged = 794705
| > Large-weight high-precision retries = 68685
| > Large-weight high-precision salvaged = 68685
| > Large-weight high-precision rejected = 0
| > Large-weight samples zeroed = 91 (3.792e-06 of samples; removed signed/absolute sums = 2.24846e+07/4.63111e+07)
| > Non-finite final outputs zeroed = 0
| > Non-finite float rotated evaluations seen = 15
| > Example higher-precision-retried xs = [2.6880750982012969e-01 1.7402049722655100e-01 6.0980772598890010e-02 9.9750773443479890e-01 3.0048234085139136e-01 8.2729716849149482e-01] | float rel = 1.44350e-07
| >     momentum space  : k = [[1.2864873913282938e+01, 2.4869169488989783e+01, 1.4436129598391815e+02]; [-2.5782389205217190e+04, 7.8539332094821817e+04, -1.3710486440690246e+05]]
| > Example large-weight higher-precision-retried xs = [1.9231173850990912e-01 6.5780162395444419e-01 8.8861886028403791e-01 7.0208850143205215e-04 5.4240755566925725e-01 5.0445441660376766e-01] | compiled = -1.10603e+04 | higher precision = -1.02451e-01
| >     momentum space  : k = [[-1.7873903535647262e+01, -2.7323121682648594e+01, -8.9469201105104602e+01]; [-2.7108866766462003e-01, -7.3992249469811575e-02, -3.9326328464896528e-03]]
| > Example NaN/non-finite rotated xs = [4.3974642111233074e-04 4.7267464511837748e-01 9.9995896344930690e-01 6.1497814457061539e-01 6.0079335026881553e-01 6.4637841020769249e-01]
| >     momentum space  : k = [[-2.2353286370510883e-05, 3.8760017987051835e-06, 1.2731159591423573e+03]; [-4.6150254078839635e+02, -3.3882885223629427e+02, -2.8355997629564860e+02]]
| > [92mCentral value[0m : +3.0122715002118723e-08   +/- 1.63e-09     ([91m5.422%[0m)
[92mINFO[0m [94msymbolica_integrator l.7274[0m [96mt=2026-09-09,11:17:31.608[0m > | > Graph-channel Symbolica observer estimates:
| >   graph_0     : -2.0724656963749490e-08 +/- 1.83e-10 [37498 selected]
| >   graph_1     : 3.7097276227831096e-10 +/- 9.47e-12 [2411 selected]
| >   graph_2     : -1.2809247799509623e-08 +/- 6.80e-11 [10343 selected]
| >   graph_3     : 1.1073825703592994e-10 +/- 1.97e-12 [2319 selected]
| >   graph_4     : -5.9611313546186077e-10 +/- 1.85e-11 [2262 selected]
| >   graph_5     : -3.8479664287604649e-11 +/- 2.18e-12 [2362 selected]
| >   graph_6     : -3.6581190887972016e-11 +/- 2.27e-12 [2351 selected]
| >   graph_7     : 6.3247348244578433e-11 +/- 3.32e-12 [2303 selected]
| >   graph_8     : -8.8108716927414665e-10 +/- 1.79e-11 [3863 selected]
| >   graph_9     : 1.0744358076907036e-09 +/- 1.91e-11 [3703 selected]
| >   graph_10    : -2.7101169507199445e-09 +/- 1.18e-10 [20415 selected]
| >   graph_11    : 2.3712091101477068e-27 +/- 4.16e-28 [2381 selected]
| >   graph_12    : -5.5386064646922535e-10 +/- 1.26e-11 [2946 selected]
| >   graph_13    : -1.1789350593137585e-08 +/- 1.36e-10 [26474 selected]
| >   graph_14    : 1.1013665719303517e-10 +/- 7.54e-13 [2266 selected]
| >   graph_15    : 6.8568516112541639e-24 +/- 6.36e-24 [2349 selected]
| >   graph_16    : 3.8832835296398684e-09 +/- 1.84e-11 [2341 selected]
| >   graph_17    : -3.6129737469072841e-10 +/- 2.37e-12 [2355 selected]
| >   graph_18    : 1.1969580280778912e-08 +/- 9.43e-11 [16159 selected]
| >   graph_19    : 1.0538449971063753e-09 +/- 7.95e-12 [2459 selected]
| >   graph_20    : -7.6967250216314137e-10 +/- 5.59e-12 [2266 selected]
| >   graph_21    : -8.7830402922282775e-10 +/- 1.93e-11 [4058 selected]
| >   graph_22    : -5.0077693933214680e-10 +/- 1.60e-11 [2319 selected]
| >   graph_23    : -2.9054646869014444e-10 +/- 7.77e-12 [2289 selected]
| >   graph_24    : 5.7435412534458065e-10 +/- 2.79e-11 [3136 selected]
| >   graph_25    : 4.3594841574890611e-10 +/- 1.63e-11 [2391 selected]
| >   graph_26    : -2.1323215531669422e-10 +/- 1.45e-12 [2366 selected]
| >   graph_27    : -2.7074314432157886e-11 +/- 1.74e-13 [2447 selected]
| >   graph_28    : -1.1683423689828716e-09 +/- 1.22e-11 [2371 selected]
| >   graph_29    : 6.7843542914130677e-08 +/- 2.19e-10 [44741 selected]
| >   graph_30    : -1.7372136857410806e-09 +/- 2.02e-10 [47286 selected]
| >   graph_31    : 4.0593154999150865e-11 +/- 6.58e-13 [2271 selected]
| >   graph_32    : -5.9619390124897985e-11 +/- 1.12e-11 [2355 selected]
| >   graph_33    : -1.9149129951897616e-09 +/- 4.05e-11 [4814 selected]
| >   graph_34    : 7.6103747969269317e-26 +/- 5.99e-26 [2376 selected]
| >   graph_35    : 2.5001844149546510e-08 +/- 2.10e-10 [54076 selected]
| >   graph_36    : -2.9380843662806015e-09 +/- 3.94e-11 [5699 selected]
| >   graph_37    : 1.6197209096521446e-08 +/- 1.11e-10 [20391 selected]
| >   graph_38    : 3.9917078098017846e-10 +/- 5.43e-12 [2326 selected]
| >   graph_39    : -7.6609002386233172e-09 +/- 6.80e-11 [10196 selected]
| >   graph_40    : 8.0317913389079863e-11 +/- 6.67e-10 [234008 selected]
| >   graph_41    : 1.7658142463865395e-09 +/- 3.11e-11 [6010 selected]
| >   graph_42    : 4.1889434256460331e-09 +/- 2.37e-10 [37247 selected]
| >   graph_43    : 3.1322868967399530e-09 +/- 4.17e-11 [5939 selected]
| >   graph_44    : 4.4108994428087961e-10 +/- 1.28e-11 [2509 selected]
| >   graph_45    : 2.3906736840196704e-10 +/- 1.54e-12 [2265 selected]
| >   graph_46    : -6.0753751441464869e-11 +/- 6.51e-13 [2372 selected]
| >   graph_47    : -5.2789009717527031e-09 +/- 1.35e-09 [197656 selected]
| >   graph_48    : -9.5336160348890317e-11 +/- 3.63e-12 [2339 selected]
| >   graph_49    : -3.4253063452443661e-08 +/- 1.29e-10 [22438 selected]
| >   graph_50    : 8.5472234750077340e-10 +/- 2.41e-11 [3390 selected]
| >   graph_51    : 5.7392474692105728e-09 +/- 2.91e-11 [3131 selected]
| >   graph_52    : 2.1342914192364375e-10 +/- 8.50e-12 [2371 selected]
| >   graph_53    : -8.0026754599809825e-10 +/- 2.62e-11 [5209 selected]
| >   graph_54    : -2.7292061615294973e-09 +/- 2.15e-10 [39487 selected]
| >   graph_55    : 1.1482534273635486e-09 +/- 2.29e-11 [4380 selected]
| >   graph_56    : -4.1841770376222437e-09 +/- 2.01e-11 [2330 selected]
| >   graph_57    : -1.2899187908089571e-08 +/- 1.01e-10 [17155 selected]
| >   graph_58    : 4.3492844000761443e-11 +/- 3.61e-12 [2323 selected]
| >   graph_59    : 3.9306143144570053e-11 +/- 3.59e-12 [2345 selected]
| >   graph_60    : -7.0533561336632144e-11 +/- 3.64e-12 [2247 selected]
| >   graph_61    : 1.2471958726187641e-08 +/- 1.47e-10 [26176 selected]
| >   graph_62    : -6.2507114280005709e-24 +/- 6.74e-24 [2290 selected]
| >   graph_63    : -1.1620416223594533e-09 +/- 1.48e-11 [2328 selected]
| >   graph_64    : 8.2882194591374767e-10 +/- 6.21e-12 [2321 selected]
| >   sum         : 3.0122715002118836e-08
| >   total       : 3.0122715002118723e-08
| >   difference  : 1.1249656330721176e-22
[92mINFO[0m [94msymbolica_integrator l.7237[0m [96mt=2026-09-09,11:17:31.608[0m > Symbolica integration: starting iteration [92m25/100[0m using [94m1000000[0m points ...
[92mINFO[0m [94msymbolica_integrator l.7270[0m [96mt=2026-09-09,11:22:52.894[0m > ... result after this iteration:
| > Integration result after [92m25000000[0m evaluations in [92m265513.83 CPU-s[0m [94m(10620.6 µs / eval)[0m
| > Extremal weights:
| >   with jacobian    : 6.83462e+04 at xs = [6.4810213514078670e-06 1.2872623629604971e-01 5.0135758672765640e-01 1.1579855220704659e-01 5.8362165858137149e-01 6.8012190464210887e-01] | jacobian = 1.24143e+06
| >     momentum space  : k = [[1.7896885893320363e-03, 1.8755163712599345e-03, 1.0440121451461144e+02]; [-3.8255413064754848e+01, -2.2179274606260584e+01, -2.8086543799527060e+01]]
| >   without jacobian : 5.81662e+02 at xs = [4.6244409640217324e-07 7.5278966738298070e-01 5.0008056585407423e-01 1.6937886588083906e-01 4.4118097394652966e-01 2.7878525065510779e-01] | jacobian = 1.57997e+04
| >     momentum space  : k = [[3.2421228909030028e-06, -1.8494930348985909e-04, 1.6255859331628312e+02]; [-5.8419867978341316e+01, 2.2630076346839729e+01, 5.2232438578599712e+01]]
| >   before clipping   : 9.19008e+06 at xs = [4.6244409640217324e-07 7.5278966738298070e-01 5.0008056585407423e-01 1.6937886588083906e-01 4.4118097394652966e-01 2.7878525065510779e-01]
| >     momentum space  : k = [[3.2421228909030028e-06, -1.8494930348985909e-04, 1.6255859331628312e+02]; [-5.8419867978341316e+01, 2.2630076346839729e+01, 5.2232438578599712e+01]]
| > Stability pipeline: float pairs accepted = 34107798, HP pairs attempted/accepted = 906506/906506
| > Stability triggers: float mismatch = 835019, float non-finite/error = 249
| > HP precision escalations: attempted/accepted = 863/863
| > Higher-precision rejections: disagreement = 0, non-finite = 0, error = 0
| > Soft-mirror stability: pairs = 10838628, large-side triggers = 70896, HP orbits attempted/salvaged/failed = 824324/824324/0
| > Soft-mirror extrema: raw original = -8.18192e+08, post-average = 9.19008e+06
| > Strongest soft-mirror cancellation: residual/raw = 0.00000e+00
| > Unstable rotational-check points rejected = 0
| > Rotational-check high-precision retries = 835268
| > Rotational-check high-precision salvaged = 835268
| > Large-weight high-precision retries = 71238
| > Large-weight high-precision salvaged = 71238
| > Large-weight high-precision rejected = 0
| > Large-weight samples zeroed = 95 (3.800e-06 of samples; removed signed/absolute sums = 2.22214e+07/4.70221e+07)
| > Non-finite final outputs zeroed = 0
| > Non-finite float rotated evaluations seen = 16
| > Example higher-precision-retried xs = [2.6880750982012969e-01 1.7402049722655100e-01 6.0980772598890010e-02 9.9750773443479890e-01 3.0048234085139136e-01 8.2729716849149482e-01] | float rel = 1.44350e-07
| >     momentum space  : k = [[1.2864873913282938e+01, 2.4869169488989783e+01, 1.4436129598391815e+02]; [-2.5782389205217190e+04, 7.8539332094821817e+04, -1.3710486440690246e+05]]
| > Example large-weight higher-precision-retried xs = [1.9231173850990912e-01 6.5780162395444419e-01 8.8861886028403791e-01 7.0208850143205215e-04 5.4240755566925725e-01 5.0445441660376766e-01] | compiled = -1.10603e+04 | higher precision = -1.02451e-01
| >     momentum space  : k = [[-1.7873903535647262e+01, -2.7323121682648594e+01, -8.9469201105104602e+01]; [-2.7108866766462003e-01, -7.3992249469811575e-02, -3.9326328464896528e-03]]
| > Example NaN/non-finite rotated xs = [4.3974642111233074e-04 4.7267464511837748e-01 9.9995896344930690e-01 6.1497814457061539e-01 6.0079335026881553e-01 6.4637841020769249e-01]
| >     momentum space  : k = [[-2.2353286370510883e-05, 3.8760017987051835e-06, 1.2731159591423573e+03]; [-4.6150254078839635e+02, -3.3882885223629427e+02, -2.8355997629564860e+02]]
| > [92mCentral value[0m : +3.0073149075222123e-08   +/- 1.57e-09     ([91m5.220%[0m)
[92mINFO[0m [94msymbolica_integrator l.7274[0m [96mt=2026-09-09,11:22:52.895[0m > | > Graph-channel Symbolica observer estimates:
| >   graph_0     : -2.0710102676455686e-08 +/- 1.77e-10 [38015 selected]
| >   graph_1     : 3.6947791972118000e-10 +/- 9.24e-12 [2394 selected]
| >   graph_2     : -1.2805559409628375e-08 +/- 6.64e-11 [10180 selected]
| >   graph_3     : 1.1083529091031330e-10 +/- 1.92e-12 [2291 selected]
| >   graph_4     : -5.9650652113097308e-10 +/- 1.81e-11 [2313 selected]
| >   graph_5     : -3.8573328052687202e-11 +/- 2.13e-12 [2343 selected]
| >   graph_6     : -3.6003537688801269e-11 +/- 2.22e-12 [2339 selected]
| >   graph_7     : 6.4362203888188191e-11 +/- 3.24e-12 [2323 selected]
| >   graph_8     : -8.8260675285175708e-10 +/- 1.74e-11 [3750 selected]
| >   graph_9     : 1.0719112181948348e-09 +/- 1.86e-11 [3716 selected]
| >   graph_10    : -2.6999151276015178e-09 +/- 1.14e-10 [20177 selected]
| >   graph_11    : 2.2171609058506413e-27 +/- 4.04e-28 [2446 selected]
| >   graph_12    : -5.5194053968327594e-10 +/- 1.22e-11 [2830 selected]
| >   graph_13    : -1.1781291052450331e-08 +/- 1.31e-10 [26754 selected]
| >   graph_14    : 1.1011946301073525e-10 +/- 7.32e-13 [2379 selected]
| >   graph_15    : 6.6829820901487891e-24 +/- 6.11e-24 [2345 selected]
| >   graph_16    : 3.8855433572063372e-09 +/- 1.81e-11 [2338 selected]
| >   graph_17    : -3.6163614965894151e-10 +/- 2.30e-12 [2412 selected]
| >   graph_18    : 1.1975558769538491e-08 +/- 9.12e-11 [16346 selected]
| >   graph_19    : 1.0544968558112069e-09 +/- 7.76e-12 [2337 selected]
| >   graph_20    : -7.6818555671456773e-10 +/- 5.45e-12 [2305 selected]
| >   graph_21    : -8.8027146052470733e-10 +/- 1.88e-11 [4131 selected]
| >   graph_22    : -5.0556582981597607e-10 +/- 1.62e-11 [2356 selected]
| >   graph_23    : -2.8903376840653682e-10 +/- 7.54e-12 [2273 selected]
| >   graph_24    : 5.7836934831134122e-10 +/- 2.73e-11 [3200 selected]
| >   graph_25    : 4.3698572750159382e-10 +/- 1.60e-11 [2269 selected]
| >   graph_26    : -2.1351066322962205e-10 +/- 1.40e-12 [2345 selected]
| >   graph_27    : -2.7091757513994222e-11 +/- 1.69e-13 [2311 selected]
| >   graph_28    : -1.1702711099537632e-09 +/- 1.19e-11 [2411 selected]
| >   graph_29    : 6.7821098612673708e-08 +/- 2.12e-10 [44939 selected]
| >   graph_30    : -1.7230518566155231e-09 +/- 1.95e-10 [47851 selected]
| >   graph_31    : 4.0630346169104784e-11 +/- 6.42e-13 [2354 selected]
| >   graph_32    : -5.7667164367441781e-11 +/- 1.10e-11 [2395 selected]
| >   graph_33    : -1.9101893462897548e-09 +/- 3.93e-11 [4862 selected]
| >   graph_34    : 6.1152637584031131e-26 +/- 5.84e-26 [2296 selected]
| >   graph_35    : 2.5011466482327044e-08 +/- 2.03e-10 [54704 selected]
| >   graph_36    : -2.9427875807816285e-09 +/- 3.85e-11 [5650 selected]
| >   graph_37    : 1.6198515937418866e-08 +/- 1.08e-10 [20592 selected]
| >   graph_38    : 3.9885514285472175e-10 +/- 5.30e-12 [2361 selected]
| >   graph_39    : -7.6572541647838528e-09 +/- 6.63e-11 [10206 selected]
| >   graph_40    : 5.3256598385961995e-11 +/- 6.41e-10 [232712 selected]
| >   graph_41    : 1.7658676756747783e-09 +/- 3.02e-11 [6085 selected]
| >   graph_42    : 4.1756830666665440e-09 +/- 2.28e-10 [37200 selected]
| >   graph_43    : 3.1332313194142308e-09 +/- 4.08e-11 [6119 selected]
| >   graph_44    : 4.3984429200193640e-10 +/- 1.24e-11 [2610 selected]
| >   graph_45    : 2.3893566326063545e-10 +/- 1.50e-12 [2307 selected]
| >   graph_46    : -6.0574813368696820e-11 +/- 6.33e-13 [2322 selected]
| >   graph_47    : -5.2962598440892354e-09 +/- 1.30e-09 [195498 selected]
| >   graph_48    : -9.5224025175689736e-11 +/- 3.53e-12 [2327 selected]
| >   graph_49    : -3.4277652460129618e-08 +/- 1.25e-10 [22992 selected]
| >   graph_50    : 8.5683285119285215e-10 +/- 2.36e-11 [3241 selected]
| >   graph_51    : 5.7415100079118655e-09 +/- 2.85e-11 [3150 selected]
| >   graph_52    : 2.1329302431824772e-10 +/- 8.29e-12 [2253 selected]
| >   graph_53    : -8.0166076252329003e-10 +/- 2.55e-11 [5293 selected]
| >   graph_54    : -2.7325779847525623e-09 +/- 2.07e-10 [39704 selected]
| >   graph_55    : 1.1503065403664003e-09 +/- 2.23e-11 [4426 selected]
| >   graph_56    : -4.1882216333068736e-09 +/- 1.98e-11 [2311 selected]
| >   graph_57    : -1.2902927839564937e-08 +/- 9.80e-11 [17071 selected]
| >   graph_58    : 4.3159308477283327e-11 +/- 3.52e-12 [2300 selected]
| >   graph_59    : 3.9920784737839804e-11 +/- 3.50e-12 [2227 selected]
| >   graph_60    : -7.0429446676946143e-11 +/- 3.55e-12 [2395 selected]
| >   graph_61    : 1.2456209343974051e-08 +/- 1.43e-10 [26637 selected]
| >   graph_62    : -6.1566104444142013e-24 +/- 6.47e-24 [2254 selected]
| >   graph_63    : -1.1589329975725804e-09 +/- 1.46e-11 [2340 selected]
| >   graph_64    : 8.3034908466212339e-10 +/- 6.07e-12 [2387 selected]
| >   sum         : 3.0073149075222275e-08
| >   total       : 3.0073149075222123e-08
| >   difference  : 1.5220123270975709e-22
[92mINFO[0m [94msymbolica_integrator l.7237[0m [96mt=2026-09-09,11:22:52.895[0m > Symbolica integration: starting iteration [92m26/100[0m using [94m1000000[0m points ...
[92mINFO[0m [94msymbolica_integrator l.7270[0m [96mt=2026-09-09,11:26:43.806[0m > ... result after this iteration:
| > Integration result after [92m26000000[0m evaluations in [92m274409.54 CPU-s[0m [94m(10554.2 µs / eval)[0m
| > Extremal weights:
| >   with jacobian    : 6.83462e+04 at xs = [6.4810213514078670e-06 1.2872623629604971e-01 5.0135758672765640e-01 1.1579855220704659e-01 5.8362165858137149e-01 6.8012190464210887e-01] | jacobian = 1.24143e+06
| >     momentum space  : k = [[1.7896885893320363e-03, 1.8755163712599345e-03, 1.0440121451461144e+02]; [-3.8255413064754848e+01, -2.2179274606260584e+01, -2.8086543799527060e+01]]
| >   without jacobian : 5.81662e+02 at xs = [4.6244409640217324e-07 7.5278966738298070e-01 5.0008056585407423e-01 1.6937886588083906e-01 4.4118097394652966e-01 2.7878525065510779e-01] | jacobian = 1.57997e+04
| >     momentum space  : k = [[3.2421228909030028e-06, -1.8494930348985909e-04, 1.6255859331628312e+02]; [-5.8419867978341316e+01, 2.2630076346839729e+01, 5.2232438578599712e+01]]
| >   before clipping   : 9.19008e+06 at xs = [4.6244409640217324e-07 7.5278966738298070e-01 5.0008056585407423e-01 1.6937886588083906e-01 4.4118097394652966e-01 2.7878525065510779e-01]
| >     momentum space  : k = [[3.2421228909030028e-06, -1.8494930348985909e-04, 1.6255859331628312e+02]; [-5.8419867978341316e+01, 2.2630076346839729e+01, 5.2232438578599712e+01]]
| > Stability pipeline: float pairs accepted = 35470903, HP pairs attempted/accepted = 945647/945647
| > Stability triggers: float mismatch = 871966, float non-finite/error = 261
| > HP precision escalations: attempted/accepted = 901/901
| > Higher-precision rejections: disagreement = 0, non-finite = 0, error = 0
| > Soft-mirror stability: pairs = 11276435, large-side triggers = 73066, HP orbits attempted/salvaged/failed = 859885/859885/0
| > Soft-mirror extrema: raw original = -8.18192e+08, post-average = 9.19008e+06
| > Strongest soft-mirror cancellation: residual/raw = 0.00000e+00
| > Unstable rotational-check points rejected = 0
| > Rotational-check high-precision retries = 872227
| > Rotational-check high-precision salvaged = 872227
| > Large-weight high-precision retries = 73420
| > Large-weight high-precision salvaged = 73420
| > Large-weight high-precision rejected = 0
| > Large-weight samples zeroed = 96 (3.692e-06 of samples; removed signed/absolute sums = 2.16252e+07/4.76184e+07)
| > Non-finite final outputs zeroed = 0
| > Non-finite float rotated evaluations seen = 18
| > Example higher-precision-retried xs = [2.6880750982012969e-01 1.7402049722655100e-01 6.0980772598890010e-02 9.9750773443479890e-01 3.0048234085139136e-01 8.2729716849149482e-01] | float rel = 1.44350e-07
| >     momentum space  : k = [[1.2864873913282938e+01, 2.4869169488989783e+01, 1.4436129598391815e+02]; [-2.5782389205217190e+04, 7.8539332094821817e+04, -1.3710486440690246e+05]]
| > Example large-weight higher-precision-retried xs = [1.9231173850990912e-01 6.5780162395444419e-01 8.8861886028403791e-01 7.0208850143205215e-04 5.4240755566925725e-01 5.0445441660376766e-01] | compiled = -1.10603e+04 | higher precision = -1.02451e-01
| >     momentum space  : k = [[-1.7873903535647262e+01, -2.7323121682648594e+01, -8.9469201105104602e+01]; [-2.7108866766462003e-01, -7.3992249469811575e-02, -3.9326328464896528e-03]]
| > Example NaN/non-finite rotated xs = [4.3974642111233074e-04 4.7267464511837748e-01 9.9995896344930690e-01 6.1497814457061539e-01 6.0079335026881553e-01 6.4637841020769249e-01]
| >     momentum space  : k = [[-2.2353286370510883e-05, 3.8760017987051835e-06, 1.2731159591423573e+03]; [-4.6150254078839635e+02, -3.3882885223629427e+02, -2.8355997629564860e+02]]
| > [92mCentral value[0m : +3.0092310644132473e-08   +/- 1.51e-09     ([91m5.029%[0m)
[92mINFO[0m [94msymbolica_integrator l.7274[0m [96mt=2026-09-09,11:26:43.806[0m > | > Graph-channel Symbolica observer estimates:
| >   graph_0     : -2.0719106326724807e-08 +/- 1.72e-10 [38630 selected]
| >   graph_1     : 3.6854918640942997e-10 +/- 9.01e-12 [2301 selected]
| >   graph_2     : -1.2825542246970132e-08 +/- 6.48e-11 [10511 selected]
| >   graph_3     : 1.1132692409130674e-10 +/- 1.87e-12 [2340 selected]
| >   graph_4     : -6.0306353600545583e-10 +/- 1.78e-11 [2354 selected]
| >   graph_5     : -3.8027278895433123e-11 +/- 2.08e-12 [2217 selected]
| >   graph_6     : -3.6327490303249315e-11 +/- 2.17e-12 [2311 selected]
| >   graph_7     : 6.4510979103841290e-11 +/- 3.16e-12 [2179 selected]
| >   graph_8     : -8.8634307040474163e-10 +/- 1.70e-11 [3760 selected]
| >   graph_9     : 1.0679716847612491e-09 +/- 1.82e-11 [3784 selected]
| >   graph_10    : -2.7039794952795969e-09 +/- 1.10e-10 [20368 selected]
| >   graph_11    : 2.2377580443050410e-27 +/- 3.92e-28 [2212 selected]
| >   graph_12    : -5.5137401399750955e-10 +/- 1.19e-11 [2841 selected]
| >   graph_13    : -1.1797641068343939e-08 +/- 1.27e-10 [26681 selected]
| >   graph_14    : 1.1027769328777373e-10 +/- 7.11e-13 [2362 selected]
| >   graph_15    : 4.5804417004431676e-24 +/- 6.17e-24 [2247 selected]
| >   graph_16    : 3.8763748979667262e-09 +/- 1.77e-11 [2189 selected]
| >   graph_17    : -3.6139555236449691e-10 +/- 2.24e-12 [2310 selected]
| >   graph_18    : 1.1991017579395565e-08 +/- 8.83e-11 [16244 selected]
| >   graph_19    : 1.0558672385706380e-09 +/- 7.59e-12 [2296 selected]
| >   graph_20    : -7.6854263185218358e-10 +/- 5.33e-12 [2425 selected]
| >   graph_21    : -8.7789130534428392e-10 +/- 1.83e-11 [4002 selected]
| >   graph_22    : -5.0630570765249854e-10 +/- 1.60e-11 [2350 selected]
| >   graph_23    : -3.0521554460502039e-10 +/- 1.97e-11 [2312 selected]
| >   graph_24    : 5.7657292969736328e-10 +/- 2.68e-11 [3333 selected]
| >   graph_25    : 4.3751289483215657e-10 +/- 1.57e-11 [2285 selected]
| >   graph_26    : -2.1336548409623123e-10 +/- 1.36e-12 [2286 selected]
| >   graph_27    : -2.7108363159828432e-11 +/- 1.65e-13 [2321 selected]
| >   graph_28    : -1.1721891445138276e-09 +/- 1.17e-11 [2386 selected]
| >   graph_29    : 6.7871455548250210e-08 +/- 2.19e-10 [45745 selected]
| >   graph_30    : -1.7234976833527710e-09 +/- 1.88e-10 [47762 selected]
| >   graph_31    : 4.0643252648443198e-11 +/- 6.27e-13 [2340 selected]
| >   graph_32    : -5.5666742156417114e-11 +/- 1.08e-11 [2368 selected]
| >   graph_33    : -1.9030398378326683e-09 +/- 3.84e-11 [4839 selected]
| >   graph_34    : 6.4174278256834035e-26 +/- 5.70e-26 [2409 selected]
| >   graph_35    : 2.4987496389455380e-08 +/- 1.97e-10 [54513 selected]
| >   graph_36    : -2.9423905866999151e-09 +/- 3.76e-11 [5827 selected]
| >   graph_37    : 1.6201333774617514e-08 +/- 1.05e-10 [21153 selected]
| >   graph_38    : 3.9853988275169379e-10 +/- 5.17e-12 [2339 selected]
| >   graph_39    : -7.6314126068396370e-09 +/- 6.48e-11 [10381 selected]
| >   graph_40    : 5.6905302755679007e-11 +/- 6.17e-10 [231749 selected]
| >   graph_41    : 1.7605146878267593e-09 +/- 2.94e-11 [6130 selected]
| >   graph_42    : 4.1928103626478255e-09 +/- 2.20e-10 [37782 selected]
| >   graph_43    : 3.1322475573588273e-09 +/- 3.99e-11 [6075 selected]
| >   graph_44    : 4.4138423867832011e-10 +/- 1.21e-11 [2601 selected]
| >   graph_45    : 2.3893035768188478e-10 +/- 1.46e-12 [2329 selected]
| >   graph_46    : -6.0504537527895810e-11 +/- 6.15e-13 [2291 selected]
| >   graph_47    : -5.3447567639409177e-09 +/- 1.25e-09 [193514 selected]
| >   graph_48    : -9.5302611844619723e-11 +/- 3.43e-12 [2306 selected]
| >   graph_49    : -3.4282879770015359e-08 +/- 1.21e-10 [22812 selected]
| >   graph_50    : 8.5623393036627690e-10 +/- 2.30e-11 [3317 selected]
| >   graph_51    : 5.7481919800856098e-09 +/- 2.79e-11 [3223 selected]
| >   graph_52    : 2.1265259721321759e-10 +/- 8.10e-12 [2364 selected]
| >   graph_53    : -8.0536943082537883e-10 +/- 2.48e-11 [5273 selected]
| >   graph_54    : -2.7237286633049157e-09 +/- 2.00e-10 [40122 selected]
| >   graph_55    : 1.1503028937799659e-09 +/- 2.17e-11 [4391 selected]
| >   graph_56    : -4.1893633159024492e-09 +/- 1.94e-11 [2383 selected]
| >   graph_57    : -1.2891580622570069e-08 +/- 9.50e-11 [17228 selected]
| >   graph_58    : 4.3677782624742346e-11 +/- 3.44e-12 [2340 selected]
| >   graph_59    : 3.9998380937882827e-11 +/- 3.42e-12 [2359 selected]
| >   graph_60    : -7.0630421254661636e-11 +/- 3.47e-12 [2294 selected]
| >   graph_61    : 1.2501986785975246e-08 +/- 1.39e-10 [26592 selected]
| >   graph_62    : -5.9618252635770363e-24 +/- 6.22e-24 [2321 selected]
| >   graph_63    : -1.1605742749517681e-09 +/- 1.44e-11 [2326 selected]
| >   graph_64    : 8.3113905989377464e-10 +/- 5.93e-12 [2365 selected]
| >   sum         : 3.0092310644132626e-08
| >   total       : 3.0092310644132473e-08
| >   difference  : 1.5220123270975709e-22
[92mINFO[0m [94msymbolica_integrator l.7237[0m [96mt=2026-09-09,11:26:43.806[0m > Symbolica integration: starting iteration [92m27/100[0m using [94m1000000[0m points ...
[92mINFO[0m [94msymbolica_integrator l.7270[0m [96mt=2026-09-09,11:31:22.118[0m > ... result after this iteration:
| > Integration result after [92m27000000[0m evaluations in [92m285637.45 CPU-s[0m [94m(10579.2 µs / eval)[0m
| > Extremal weights:
| >   with jacobian    : 6.83462e+04 at xs = [6.4810213514078670e-06 1.2872623629604971e-01 5.0135758672765640e-01 1.1579855220704659e-01 5.8362165858137149e-01 6.8012190464210887e-01] | jacobian = 1.24143e+06
| >     momentum space  : k = [[1.7896885893320363e-03, 1.8755163712599345e-03, 1.0440121451461144e+02]; [-3.8255413064754848e+01, -2.2179274606260584e+01, -2.8086543799527060e+01]]
| >   without jacobian : 5.81662e+02 at xs = [4.6244409640217324e-07 7.5278966738298070e-01 5.0008056585407423e-01 1.6937886588083906e-01 4.4118097394652966e-01 2.7878525065510779e-01] | jacobian = 1.57997e+04
| >     momentum space  : k = [[3.2421228909030028e-06, -1.8494930348985909e-04, 1.6255859331628312e+02]; [-5.8419867978341316e+01, 2.2630076346839729e+01, 5.2232438578599712e+01]]
| >   before clipping   : 9.19008e+06 at xs = [4.6244409640217324e-07 7.5278966738298070e-01 5.0008056585407423e-01 1.6937886588083906e-01 4.4118097394652966e-01 2.7878525065510779e-01]
| >     momentum space  : k = [[3.2421228909030028e-06, -1.8494930348985909e-04, 1.6255859331628312e+02]; [-5.8419867978341316e+01, 2.2630076346839729e+01, 5.2232438578599712e+01]]
| > Stability pipeline: float pairs accepted = 36820965, HP pairs attempted/accepted = 990958/990958
| > Stability triggers: float mismatch = 914167, float non-finite/error = 280
| > HP precision escalations: attempted/accepted = 961/961
| > Higher-precision rejections: disagreement = 0, non-finite = 0, error = 0
| > Soft-mirror stability: pairs = 11713239, large-side triggers = 76143, HP orbits attempted/salvaged/failed = 901316/901316/0
| > Soft-mirror extrema: raw original = -8.18192e+08, post-average = 9.19008e+06
| > Strongest soft-mirror cancellation: residual/raw = 0.00000e+00
| > Unstable rotational-check points rejected = 0
| > Rotational-check high-precision retries = 914447
| > Rotational-check high-precision salvaged = 914447
| > Large-weight high-precision retries = 76511
| > Large-weight high-precision salvaged = 76511
| > Large-weight high-precision rejected = 0
| > Large-weight samples zeroed = 102 (3.778e-06 of samples; removed signed/absolute sums = 2.23235e+07/4.90167e+07)
| > Non-finite final outputs zeroed = 0
| > Non-finite float rotated evaluations seen = 18
| > Example higher-precision-retried xs = [2.6880750982012969e-01 1.7402049722655100e-01 6.0980772598890010e-02 9.9750773443479890e-01 3.0048234085139136e-01 8.2729716849149482e-01] | float rel = 1.44350e-07
| >     momentum space  : k = [[1.2864873913282938e+01, 2.4869169488989783e+01, 1.4436129598391815e+02]; [-2.5782389205217190e+04, 7.8539332094821817e+04, -1.3710486440690246e+05]]
| > Example large-weight higher-precision-retried xs = [1.9231173850990912e-01 6.5780162395444419e-01 8.8861886028403791e-01 7.0208850143205215e-04 5.4240755566925725e-01 5.0445441660376766e-01] | compiled = -1.10603e+04 | higher precision = -1.02451e-01
| >     momentum space  : k = [[-1.7873903535647262e+01, -2.7323121682648594e+01, -8.9469201105104602e+01]; [-2.7108866766462003e-01, -7.3992249469811575e-02, -3.9326328464896528e-03]]
| > Example NaN/non-finite rotated xs = [4.3974642111233074e-04 4.7267464511837748e-01 9.9995896344930690e-01 6.1497814457061539e-01 6.0079335026881553e-01 6.4637841020769249e-01]
| >     momentum space  : k = [[-2.2353286370510883e-05, 3.8760017987051835e-06, 1.2731159591423573e+03]; [-4.6150254078839635e+02, -3.3882885223629427e+02, -2.8355997629564860e+02]]
| > [92mCentral value[0m : +3.0008744696167775e-08   +/- 1.47e-09     ([91m4.882%[0m)
[92mINFO[0m [94msymbolica_integrator l.7274[0m [96mt=2026-09-09,11:31:22.119[0m > | > Graph-channel Symbolica observer estimates:
| >   graph_0     : -2.0722315903477522e-08 +/- 1.67e-10 [38887 selected]
| >   graph_1     : 3.6894470862041335e-10 +/- 8.80e-12 [2285 selected]
| >   graph_2     : -1.2827360521546353e-08 +/- 6.36e-11 [10272 selected]
| >   graph_3     : 1.1110790366601486e-10 +/- 1.82e-12 [2345 selected]
| >   graph_4     : -6.0194904947762229e-10 +/- 1.74e-11 [2247 selected]
| >   graph_5     : -3.8192071205588735e-11 +/- 2.03e-12 [2335 selected]
| >   graph_6     : -3.6689464141018448e-11 +/- 2.12e-12 [2260 selected]
| >   graph_7     : 6.4968965188417048e-11 +/- 3.09e-12 [2283 selected]
| >   graph_8     : -8.9149505650894615e-10 +/- 1.65e-11 [3818 selected]
| >   graph_9     : 1.0761356309387031e-09 +/- 1.77e-11 [3889 selected]
| >   graph_10    : -2.7140883872877593e-09 +/- 1.07e-10 [20403 selected]
| >   graph_11    : 2.2310515013218249e-27 +/- 3.81e-28 [2316 selected]
| >   graph_12    : -5.5325080594188037e-10 +/- 1.16e-11 [2812 selected]
| >   graph_13    : -1.1783769494779727e-08 +/- 1.23e-10 [26868 selected]
| >   graph_14    : 1.1035699917393321e-10 +/- 6.92e-13 [2367 selected]
| >   graph_15    : 4.4244429678693842e-24 +/- 5.94e-24 [2317 selected]
| >   graph_16    : 3.8800524633752756e-09 +/- 1.77e-11 [2284 selected]
| >   graph_17    : -3.6147289699093633e-10 +/- 2.18e-12 [2300 selected]
| >   graph_18    : 1.2011324131580172e-08 +/- 8.57e-11 [16587 selected]
| >   graph_19    : 1.0551209098070999e-09 +/- 7.42e-12 [2316 selected]
| >   graph_20    : -7.6766523269479070e-10 +/- 5.22e-12 [2308 selected]
| >   graph_21    : -8.7450490323954207e-10 +/- 1.79e-11 [3959 selected]
| >   graph_22    : -5.0580798291313276e-10 +/- 1.57e-11 [2291 selected]
| >   graph_23    : -3.0613079871227278e-10 +/- 1.90e-11 [2291 selected]
| >   graph_24    : 5.8709480435955457e-10 +/- 2.63e-11 [3330 selected]
| >   graph_25    : 4.3234191668647509e-10 +/- 1.54e-11 [2258 selected]
| >   graph_26    : -2.1343234703626331e-10 +/- 1.33e-12 [2329 selected]
| >   graph_27    : -2.7121912501458343e-11 +/- 1.61e-13 [2293 selected]
| >   graph_28    : -1.1742426878202168e-09 +/- 1.14e-11 [2289 selected]
| >   graph_29    : 6.7894480297193030e-08 +/- 2.13e-10 [52293 selected]
| >   graph_30    : -1.7122979314955889e-09 +/- 1.81e-10 [47382 selected]
| >   graph_31    : 4.0611986615705845e-11 +/- 6.13e-13 [2347 selected]
| >   graph_32    : -5.7222972170876283e-11 +/- 1.06e-11 [2228 selected]
| >   graph_33    : -1.9134625573568382e-09 +/- 3.77e-11 [4849 selected]
| >   graph_34    : 7.1362746172885386e-26 +/- 5.55e-26 [2278 selected]
| >   graph_35    : 2.5027431148835873e-08 +/- 1.92e-10 [55227 selected]
| >   graph_36    : -2.9462911150951777e-09 +/- 3.68e-11 [5705 selected]
| >   graph_37    : 1.6192784215723931e-08 +/- 1.03e-10 [20641 selected]
| >   graph_38    : 3.9823328339028030e-10 +/- 5.07e-12 [2336 selected]
| >   graph_39    : -7.6304237426061185e-09 +/- 6.34e-11 [10390 selected]
| >   graph_40    : 3.9650341814457925e-11 +/- 5.94e-10 [230344 selected]
| >   graph_41    : 1.7549219015836432e-09 +/- 2.86e-11 [5910 selected]
| >   graph_42    : 4.1843736204079052e-09 +/- 2.12e-10 [37686 selected]
| >   graph_43    : 3.1295101411368655e-09 +/- 3.90e-11 [6013 selected]
| >   graph_44    : 4.3850396117041109e-10 +/- 1.19e-11 [2438 selected]
| >   graph_45    : 2.3890806813802429e-10 +/- 1.42e-12 [2234 selected]
| >   graph_46    : -6.0520827068926072e-11 +/- 5.98e-13 [2175 selected]
| >   graph_47    : -5.5210410304833643e-09 +/- 1.21e-09 [190370 selected]
| >   graph_48    : -9.4557390954441936e-11 +/- 3.35e-12 [2251 selected]
| >   graph_49    : -3.4285712439151862e-08 +/- 1.18e-10 [23020 selected]
| >   graph_50    : 8.6203750012945302e-10 +/- 2.28e-11 [3279 selected]
| >   graph_51    : 5.7475769418425503e-09 +/- 2.74e-11 [3053 selected]
| >   graph_52    : 2.1201583727345588e-10 +/- 7.92e-12 [2282 selected]
| >   graph_53    : -8.0326236516240437e-10 +/- 2.41e-11 [5202 selected]
| >   graph_54    : -2.6757632684301673e-09 +/- 1.96e-10 [39455 selected]
| >   graph_55    : 1.1515060977835854e-09 +/- 2.11e-11 [4304 selected]
| >   graph_56    : -4.1899965073411282e-09 +/- 1.91e-11 [2308 selected]
| >   graph_57    : -1.2881242298120122e-08 +/- 9.23e-11 [16865 selected]
| >   graph_58    : 4.3637983421628572e-11 +/- 3.36e-12 [2377 selected]
| >   graph_59    : 3.9554775741378750e-11 +/- 3.34e-12 [2180 selected]
| >   graph_60    : -7.0601792306072731e-11 +/- 3.39e-12 [2299 selected]
| >   graph_61    : 1.2485750016197152e-08 +/- 1.34e-10 [26821 selected]
| >   graph_62    : -5.4491479357705552e-24 +/- 6.00e-24 [2346 selected]
| >   graph_63    : -1.1593040575053558e-09 +/- 1.41e-11 [2314 selected]
| >   graph_64    : 8.3099795589591448e-10 +/- 5.80e-12 [2259 selected]
| >   sum         : 3.0008744696167828e-08
| >   total       : 3.0008744696167775e-08
| >   difference  : 5.2939559203393771e-23
[92mINFO[0m [94msymbolica_integrator l.7237[0m [96mt=2026-09-09,11:31:22.119[0m > Symbolica integration: starting iteration [92m28/100[0m using [94m1000000[0m points ...
[92mINFO[0m [94msymbolica_integrator l.7270[0m [96mt=2026-09-09,11:37:23.918[0m > ... result after this iteration:
| > Integration result after [92m28000000[0m evaluations in [92m300891.00 CPU-s[0m [94m(10746.1 µs / eval)[0m
| > Extremal weights:
| >   with jacobian    : 6.83462e+04 at xs = [6.4810213514078670e-06 1.2872623629604971e-01 5.0135758672765640e-01 1.1579855220704659e-01 5.8362165858137149e-01 6.8012190464210887e-01] | jacobian = 1.24143e+06
| >     momentum space  : k = [[1.7896885893320363e-03, 1.8755163712599345e-03, 1.0440121451461144e+02]; [-3.8255413064754848e+01, -2.2179274606260584e+01, -2.8086543799527060e+01]]
| >   without jacobian : 5.81662e+02 at xs = [4.6244409640217324e-07 7.5278966738298070e-01 5.0008056585407423e-01 1.6937886588083906e-01 4.4118097394652966e-01 2.7878525065510779e-01] | jacobian = 1.57997e+04
| >     momentum space  : k = [[3.2421228909030028e-06, -1.8494930348985909e-04, 1.6255859331628312e+02]; [-5.8419867978341316e+01, 2.2630076346839729e+01, 5.2232438578599712e+01]]
| >   before clipping   : 9.19008e+06 at xs = [4.6244409640217324e-07 7.5278966738298070e-01 5.0008056585407423e-01 1.6937886588083906e-01 4.4118097394652966e-01 2.7878525065510779e-01]
| >     momentum space  : k = [[3.2421228909030028e-06, -1.8494930348985909e-04, 1.6255859331628312e+02]; [-5.8419867978341316e+01, 2.2630076346839729e+01, 5.2232438578599712e+01]]
| > Stability pipeline: float pairs accepted = 38163836, HP pairs attempted/accepted = 1034148/1034148
| > Stability triggers: float mismatch = 954519, float non-finite/error = 308
| > HP precision escalations: attempted/accepted = 1051/1051
| > Higher-precision rejections: disagreement = 0, non-finite = 0, error = 0
| > Soft-mirror stability: pairs = 12138890, large-side triggers = 78927, HP orbits attempted/salvaged/failed = 940906/940906/0
| > Soft-mirror extrema: raw original = -8.18192e+08, post-average = 9.19008e+06
| > Strongest soft-mirror cancellation: residual/raw = 0.00000e+00
| > Unstable rotational-check points rejected = 0
| > Rotational-check high-precision retries = 954827
| > Rotational-check high-precision salvaged = 954827
| > Large-weight high-precision retries = 79321
| > Large-weight high-precision salvaged = 79321
| > Large-weight high-precision rejected = 0
| > Large-weight samples zeroed = 108 (3.857e-06 of samples; removed signed/absolute sums = 2.21669e+07/5.02893e+07)
| > Non-finite final outputs zeroed = 0
| > Non-finite float rotated evaluations seen = 19
| > Example higher-precision-retried xs = [2.6880750982012969e-01 1.7402049722655100e-01 6.0980772598890010e-02 9.9750773443479890e-01 3.0048234085139136e-01 8.2729716849149482e-01] | float rel = 1.44350e-07
| >     momentum space  : k = [[1.2864873913282938e+01, 2.4869169488989783e+01, 1.4436129598391815e+02]; [-2.5782389205217190e+04, 7.8539332094821817e+04, -1.3710486440690246e+05]]
| > Example large-weight higher-precision-retried xs = [1.9231173850990912e-01 6.5780162395444419e-01 8.8861886028403791e-01 7.0208850143205215e-04 5.4240755566925725e-01 5.0445441660376766e-01] | compiled = -1.10603e+04 | higher precision = -1.02451e-01
| >     momentum space  : k = [[-1.7873903535647262e+01, -2.7323121682648594e+01, -8.9469201105104602e+01]; [-2.7108866766462003e-01, -7.3992249469811575e-02, -3.9326328464896528e-03]]
| > Example NaN/non-finite rotated xs = [4.3974642111233074e-04 4.7267464511837748e-01 9.9995896344930690e-01 6.1497814457061539e-01 6.0079335026881553e-01 6.4637841020769249e-01]
| >     momentum space  : k = [[-2.2353286370510883e-05, 3.8760017987051835e-06, 1.2731159591423573e+03]; [-4.6150254078839635e+02, -3.3882885223629427e+02, -2.8355997629564860e+02]]
| > [92mCentral value[0m : +3.0066478014671669e-08   +/- 1.42e-09     ([91m4.713%[0m)
[92mINFO[0m [94msymbolica_integrator l.7274[0m [96mt=2026-09-09,11:37:23.919[0m > | > Graph-channel Symbolica observer estimates:
| >   graph_0     : -2.0728089330656682e-08 +/- 1.62e-10 [37974 selected]
| >   graph_1     : 3.6789769781009142e-10 +/- 8.62e-12 [2227 selected]
| >   graph_2     : -1.2820034600719577e-08 +/- 6.22e-11 [10122 selected]
| >   graph_3     : 1.1103408335476085e-10 +/- 1.78e-12 [2228 selected]
| >   graph_4     : -6.0251636443918172e-10 +/- 1.72e-11 [2278 selected]
| >   graph_5     : -3.8338762868662954e-11 +/- 1.99e-12 [2267 selected]
| >   graph_6     : -3.6068547238185203e-11 +/- 2.08e-12 [2276 selected]
| >   graph_7     : 6.4515774810684838e-11 +/- 3.02e-12 [2153 selected]
| >   graph_8     : -8.9339105831473429e-10 +/- 1.62e-11 [3599 selected]
| >   graph_9     : 1.0762178416964020e-09 +/- 1.73e-11 [3651 selected]
| >   graph_10    : -2.7251668757554089e-09 +/- 1.04e-10 [19757 selected]
| >   graph_11    : 2.0950773088571147e-27 +/- 3.87e-28 [2197 selected]
| >   graph_12    : -5.5257015640490760e-10 +/- 1.14e-11 [2695 selected]
| >   graph_13    : -1.1774864388631211e-08 +/- 1.20e-10 [26122 selected]
| >   graph_14    : 1.1026616025757486e-10 +/- 6.76e-13 [2167 selected]
| >   graph_15    : 4.2445766989790225e-24 +/- 5.73e-24 [2288 selected]
| >   graph_16    : 3.8813441888070385e-09 +/- 1.74e-11 [2255 selected]
| >   graph_17    : -3.6122941676606812e-10 +/- 2.12e-12 [2229 selected]
| >   graph_18    : 1.2013041971763602e-08 +/- 8.32e-11 [15843 selected]
| >   graph_19    : 1.0556111022693119e-09 +/- 7.28e-12 [2232 selected]
| >   graph_20    : -7.6766953815480657e-10 +/- 5.11e-12 [2217 selected]
| >   graph_21    : -8.7273369053119765e-10 +/- 1.75e-11 [4009 selected]
| >   graph_22    : -5.0389716800747255e-10 +/- 1.53e-11 [2202 selected]
| >   graph_23    : -3.0449418754241166e-10 +/- 1.84e-11 [2262 selected]
| >   graph_24    : 5.8688508831014236e-10 +/- 2.58e-11 [3159 selected]
| >   graph_25    : 4.2983363245049025e-10 +/- 1.51e-11 [2147 selected]
| >   graph_26    : -2.1344803790705598e-10 +/- 1.30e-12 [2212 selected]
| >   graph_27    : -2.7147285327385554e-11 +/- 1.57e-13 [2237 selected]
| >   graph_28    : -1.1714331706053322e-09 +/- 1.12e-11 [2240 selected]
| >   graph_29    : 6.7910061695710458e-08 +/- 2.07e-10 [51597 selected]
| >   graph_30    : -1.7043458240853274e-09 +/- 1.75e-10 [46398 selected]
| >   graph_31    : 4.0779250757426023e-11 +/- 5.99e-13 [2237 selected]
| >   graph_32    : -5.3944823476233995e-11 +/- 1.05e-11 [2191 selected]
| >   graph_33    : -1.9109145412518460e-09 +/- 3.70e-11 [4733 selected]
| >   graph_34    : 6.7723427018176138e-26 +/- 5.40e-26 [2284 selected]
| >   graph_35    : 2.5120670125264438e-08 +/- 2.06e-10 [53807 selected]
| >   graph_36    : -2.9451314802563186e-09 +/- 3.61e-11 [5705 selected]
| >   graph_37    : 1.6164351718288993e-08 +/- 1.01e-10 [20650 selected]
| >   graph_38    : 3.9953475212408249e-10 +/- 4.96e-12 [2187 selected]
| >   graph_39    : -7.6391458445903521e-09 +/- 6.20e-11 [10383 selected]
| >   graph_40    : 4.0392192612922553e-11 +/- 5.73e-10 [223332 selected]
| >   graph_41    : 1.7556957425904305e-09 +/- 2.79e-11 [5883 selected]
| >   graph_42    : 4.1864247563567771e-09 +/- 2.05e-10 [36694 selected]
| >   graph_43    : 3.1222165065125457e-09 +/- 3.82e-11 [6106 selected]
| >   graph_44    : 4.3931918916440675e-10 +/- 1.17e-11 [2502 selected]
| >   graph_45    : 2.3883540273128106e-10 +/- 1.38e-12 [2232 selected]
| >   graph_46    : -6.0428953810102630e-11 +/- 5.83e-13 [2200 selected]
| >   graph_47    : -5.5416779259793202e-09 +/- 1.17e-09 [208040 selected]
| >   graph_48    : -9.4086472632232043e-11 +/- 3.26e-12 [2248 selected]
| >   graph_49    : -3.4296291753306907e-08 +/- 1.15e-10 [22801 selected]
| >   graph_50    : 8.6964599948118618e-10 +/- 2.28e-11 [3236 selected]
| >   graph_51    : 5.7535195433794297e-09 +/- 2.69e-11 [3127 selected]
| >   graph_52    : 2.1254635526466567e-10 +/- 7.76e-12 [2287 selected]
| >   graph_53    : -8.0717165411290674e-10 +/- 2.35e-11 [5176 selected]
| >   graph_54    : -2.6856747715673011e-09 +/- 1.89e-10 [39490 selected]
| >   graph_55    : 1.1460658407341512e-09 +/- 2.06e-11 [4369 selected]
| >   graph_56    : -4.1933764866353768e-09 +/- 1.88e-11 [2215 selected]
| >   graph_57    : -1.2889075561168774e-08 +/- 8.97e-11 [16794 selected]
| >   graph_58    : 4.3405433530040362e-11 +/- 3.29e-12 [2252 selected]
| >   graph_59    : 3.9297979451496969e-11 +/- 3.28e-12 [2252 selected]
| >   graph_60    : -7.1001603103396337e-11 +/- 3.32e-12 [2163 selected]
| >   graph_61    : 1.2498919827460688e-08 +/- 1.30e-10 [26449 selected]
| >   graph_62    : -5.1867118572325477e-24 +/- 5.79e-24 [2240 selected]
| >   graph_63    : -1.1581405991040597e-09 +/- 1.39e-11 [2221 selected]
| >   graph_64    : 8.3164903667695211e-10 +/- 5.68e-12 [2274 selected]
| >   sum         : 3.0066478014671735e-08
| >   total       : 3.0066478014671669e-08
| >   difference  : 6.6174449004242214e-23
[92mINFO[0m [94msymbolica_integrator l.7237[0m [96mt=2026-09-09,11:37:23.919[0m > Symbolica integration: starting iteration [92m29/100[0m using [94m1000000[0m points ...
[92mINFO[0m [94msymbolica_integrator l.7270[0m [96mt=2026-09-09,11:44:17.070[0m > ... result after this iteration:
| > Integration result after [92m29000000[0m evaluations in [92m317747.11 CPU-s[0m [94m(10956.8 µs / eval)[0m
| > Extremal weights:
| >   with jacobian    : 6.83462e+04 at xs = [6.4810213514078670e-06 1.2872623629604971e-01 5.0135758672765640e-01 1.1579855220704659e-01 5.8362165858137149e-01 6.8012190464210887e-01] | jacobian = 1.24143e+06
| >     momentum space  : k = [[1.7896885893320363e-03, 1.8755163712599345e-03, 1.0440121451461144e+02]; [-3.8255413064754848e+01, -2.2179274606260584e+01, -2.8086543799527060e+01]]
| >   without jacobian : 5.81662e+02 at xs = [4.6244409640217324e-07 7.5278966738298070e-01 5.0008056585407423e-01 1.6937886588083906e-01 4.4118097394652966e-01 2.7878525065510779e-01] | jacobian = 1.57997e+04
| >     momentum space  : k = [[3.2421228909030028e-06, -1.8494930348985909e-04, 1.6255859331628312e+02]; [-5.8419867978341316e+01, 2.2630076346839729e+01, 5.2232438578599712e+01]]
| >   before clipping   : 9.19008e+06 at xs = [4.6244409640217324e-07 7.5278966738298070e-01 5.0008056585407423e-01 1.6937886588083906e-01 4.4118097394652966e-01 2.7878525065510779e-01]
| >     momentum space  : k = [[3.2421228909030028e-06, -1.8494930348985909e-04, 1.6255859331628312e+02]; [-5.8419867978341316e+01, 2.2630076346839729e+01, 5.2232438578599712e+01]]
| > Stability pipeline: float pairs accepted = 39500371, HP pairs attempted/accepted = 1083093/1083093
| > Stability triggers: float mismatch = 999837, float non-finite/error = 341
| > HP precision escalations: attempted/accepted = 1151/1151
| > Higher-precision rejections: disagreement = 0, non-finite = 0, error = 0
| > Soft-mirror stability: pairs = 12569953, large-side triggers = 82505, HP orbits attempted/salvaged/failed = 986489/986489/0
| > Soft-mirror extrema: raw original = -8.18192e+08, post-average = 9.19008e+06
| > Strongest soft-mirror cancellation: residual/raw = 0.00000e+00
| > Unstable rotational-check points rejected = 0
| > Rotational-check high-precision retries = 1000178
| > Rotational-check high-precision salvaged = 1000178
| > Large-weight high-precision retries = 82915
| > Large-weight high-precision salvaged = 82915
| > Large-weight high-precision rejected = 0
| > Large-weight samples zeroed = 116 (4.000e-06 of samples; removed signed/absolute sums = 2.56278e+07/5.47028e+07)
| > Non-finite final outputs zeroed = 0
| > Non-finite float rotated evaluations seen = 22
| > Example higher-precision-retried xs = [2.6880750982012969e-01 1.7402049722655100e-01 6.0980772598890010e-02 9.9750773443479890e-01 3.0048234085139136e-01 8.2729716849149482e-01] | float rel = 1.44350e-07
| >     momentum space  : k = [[1.2864873913282938e+01, 2.4869169488989783e+01, 1.4436129598391815e+02]; [-2.5782389205217190e+04, 7.8539332094821817e+04, -1.3710486440690246e+05]]
| > Example large-weight higher-precision-retried xs = [1.9231173850990912e-01 6.5780162395444419e-01 8.8861886028403791e-01 7.0208850143205215e-04 5.4240755566925725e-01 5.0445441660376766e-01] | compiled = -1.10603e+04 | higher precision = -1.02451e-01
| >     momentum space  : k = [[-1.7873903535647262e+01, -2.7323121682648594e+01, -8.9469201105104602e+01]; [-2.7108866766462003e-01, -7.3992249469811575e-02, -3.9326328464896528e-03]]
| > Example NaN/non-finite rotated xs = [4.3974642111233074e-04 4.7267464511837748e-01 9.9995896344930690e-01 6.1497814457061539e-01 6.0079335026881553e-01 6.4637841020769249e-01]
| >     momentum space  : k = [[-2.2353286370510883e-05, 3.8760017987051835e-06, 1.2731159591423573e+03]; [-4.6150254078839635e+02, -3.3882885223629427e+02, -2.8355997629564860e+02]]
| > [92mCentral value[0m : +3.0202810610155652e-08   +/- 1.37e-09     ([91m4.541%[0m)
[92mINFO[0m [94msymbolica_integrator l.7274[0m [96mt=2026-09-09,11:44:17.071[0m > | > Graph-channel Symbolica observer estimates:
| >   graph_0     : -2.0695135450812859e-08 +/- 1.58e-10 [38158 selected]
| >   graph_1     : 3.6657623544630444e-10 +/- 8.45e-12 [2209 selected]
| >   graph_2     : -1.2822769598710370e-08 +/- 6.09e-11 [10243 selected]
| >   graph_3     : 1.1081447711140058e-10 +/- 1.74e-12 [2277 selected]
| >   graph_4     : -6.0083366708963325e-10 +/- 1.69e-11 [2132 selected]
| >   graph_5     : -3.9193208507958392e-11 +/- 1.95e-12 [2244 selected]
| >   graph_6     : -3.5729196358277149e-11 +/- 2.04e-12 [2170 selected]
| >   graph_7     : 6.4110724249872810e-11 +/- 2.96e-12 [2188 selected]
| >   graph_8     : -8.9677696770069745e-10 +/- 1.58e-11 [3717 selected]
| >   graph_9     : 1.0759693385669689e-09 +/- 1.69e-11 [3661 selected]
| >   graph_10    : -2.7400084086143510e-09 +/- 1.01e-10 [20026 selected]
| >   graph_11    : 2.0854086695269768e-27 +/- 3.78e-28 [2228 selected]
| >   graph_12    : -5.5309397129142643e-10 +/- 1.11e-11 [2684 selected]
| >   graph_13    : -1.1772384358484508e-08 +/- 1.16e-10 [25876 selected]
| >   graph_14    : 1.1003220170552930e-10 +/- 6.59e-13 [2088 selected]
| >   graph_15    : 4.1871341899805618e-24 +/- 5.53e-24 [2219 selected]
| >   graph_16    : 3.8878879861042116e-09 +/- 1.72e-11 [2293 selected]
| >   graph_17    : -3.6107526112576271e-10 +/- 2.07e-12 [2195 selected]
| >   graph_18    : 1.2013570618411644e-08 +/- 8.09e-11 [15875 selected]
| >   graph_19    : 1.0556214226460791e-09 +/- 7.15e-12 [2254 selected]
| >   graph_20    : -7.6717539412882878e-10 +/- 5.02e-12 [2272 selected]
| >   graph_21    : -8.7335960596963370e-10 +/- 1.70e-11 [3818 selected]
| >   graph_22    : -5.0529731811481687e-10 +/- 1.49e-11 [2286 selected]
| >   graph_23    : -3.0459519695941278e-10 +/- 1.78e-11 [2212 selected]
| >   graph_24    : 5.7625200549794710e-10 +/- 2.53e-11 [3155 selected]
| >   graph_25    : 4.3052609061134755e-10 +/- 1.48e-11 [2186 selected]
| >   graph_26    : -2.1344708850988335e-10 +/- 1.27e-12 [2161 selected]
| >   graph_27    : -2.7184135610894330e-11 +/- 1.53e-13 [2244 selected]
| >   graph_28    : -1.1713375398312624e-09 +/- 1.10e-11 [2180 selected]
| >   graph_29    : 6.7947593914869870e-08 +/- 2.05e-10 [51233 selected]
| >   graph_30    : -1.6380866782400866e-09 +/- 1.79e-10 [46055 selected]
| >   graph_31    : 4.0796692466748694e-11 +/- 5.87e-13 [2148 selected]
| >   graph_32    : -5.8405581861854651e-11 +/- 1.03e-11 [2175 selected]
| >   graph_33    : -1.9153880114039194e-09 +/- 3.64e-11 [4798 selected]
| >   graph_34    : 6.0092656516724071e-26 +/- 5.23e-26 [2177 selected]
| >   graph_35    : 2.5127651569330806e-08 +/- 2.00e-10 [62649 selected]
| >   graph_36    : -2.9439584730481476e-09 +/- 3.54e-11 [5590 selected]
| >   graph_37    : 1.6185123396629764e-08 +/- 9.83e-11 [20771 selected]
| >   graph_38    : 4.0081911093613367e-10 +/- 4.86e-12 [2153 selected]
| >   graph_39    : -7.6382684912048614e-09 +/- 6.08e-11 [10312 selected]
| >   graph_40    : 3.4776247510560302e-11 +/- 5.54e-10 [220017 selected]
| >   graph_41    : 1.7501213980551985e-09 +/- 2.73e-11 [5741 selected]
| >   graph_42    : 4.1808698076412846e-09 +/- 1.99e-10 [36871 selected]
| >   graph_43    : 3.1141357539782433e-09 +/- 3.75e-11 [6009 selected]
| >   graph_44    : 4.4072177668321318e-10 +/- 1.14e-11 [2550 selected]
| >   graph_45    : 2.3875452851982682e-10 +/- 1.35e-12 [2166 selected]
| >   graph_46    : -6.0269735667499403e-11 +/- 5.68e-13 [2151 selected]
| >   graph_47    : -5.5553338406387181e-09 +/- 1.13e-09 [204322 selected]
| >   graph_48    : -9.4085921706856503e-11 +/- 3.19e-12 [2176 selected]
| >   graph_49    : -3.4302289402590539e-08 +/- 1.13e-10 [22742 selected]
| >   graph_50    : 8.8404666961949724e-10 +/- 2.25e-11 [3381 selected]
| >   graph_51    : 5.7480901278341836e-09 +/- 2.64e-11 [3009 selected]
| >   graph_52    : 2.1593573872486350e-10 +/- 7.61e-12 [2235 selected]
| >   graph_53    : -8.0762433454485361e-10 +/- 2.29e-11 [5033 selected]
| >   graph_54    : -2.6749789758862974e-09 +/- 1.83e-10 [39416 selected]
| >   graph_55    : 1.1487500447016571e-09 +/- 2.01e-11 [4284 selected]
| >   graph_56    : -4.1956543814061931e-09 +/- 1.85e-11 [2222 selected]
| >   graph_57    : -1.2882271742503010e-08 +/- 8.74e-11 [16857 selected]
| >   graph_58    : 4.3943939533852077e-11 +/- 3.22e-12 [2170 selected]
| >   graph_59    : 3.9409418849025693e-11 +/- 3.21e-12 [2222 selected]
| >   graph_60    : -7.0636708411459102e-11 +/- 3.25e-12 [2203 selected]
| >   graph_61    : 1.2514485671973364e-08 +/- 1.27e-10 [26208 selected]
| >   graph_62    : -5.1193818719878745e-24 +/- 5.59e-24 [2306 selected]
| >   graph_63    : -1.1579915526193091e-09 +/- 1.36e-11 [2183 selected]
| >   graph_64    : 8.3006390150054361e-10 +/- 5.57e-12 [2214 selected]
| >   sum         : 3.0202810610155758e-08
| >   total       : 3.0202810610155652e-08
| >   difference  : 1.0587911840678754e-22
[92mINFO[0m [94msymbolica_integrator l.7237[0m [96mt=2026-09-09,11:44:17.071[0m > Symbolica integration: starting iteration [92m30/100[0m using [94m1000000[0m points ...
[92mINFO[0m [94msymbolica_integrator l.7270[0m [96mt=2026-09-09,11:49:53.510[0m > ... result after this iteration:
| > Integration result after [92m30000000[0m evaluations in [92m328107.41 CPU-s[0m [94m(10936.9 µs / eval)[0m
| > Extremal weights:
| >   with jacobian    : 6.83462e+04 at xs = [6.4810213514078670e-06 1.2872623629604971e-01 5.0135758672765640e-01 1.1579855220704659e-01 5.8362165858137149e-01 6.8012190464210887e-01] | jacobian = 1.24143e+06
| >     momentum space  : k = [[1.7896885893320363e-03, 1.8755163712599345e-03, 1.0440121451461144e+02]; [-3.8255413064754848e+01, -2.2179274606260584e+01, -2.8086543799527060e+01]]
| >   without jacobian : 5.81662e+02 at xs = [4.6244409640217324e-07 7.5278966738298070e-01 5.0008056585407423e-01 1.6937886588083906e-01 4.4118097394652966e-01 2.7878525065510779e-01] | jacobian = 1.57997e+04
| >     momentum space  : k = [[3.2421228909030028e-06, -1.8494930348985909e-04, 1.6255859331628312e+02]; [-5.8419867978341316e+01, 2.2630076346839729e+01, 5.2232438578599712e+01]]
| >   before clipping   : 9.19008e+06 at xs = [4.6244409640217324e-07 7.5278966738298070e-01 5.0008056585407423e-01 1.6937886588083906e-01 4.4118097394652966e-01 2.7878525065510779e-01]
| >     momentum space  : k = [[3.2421228909030028e-06, -1.8494930348985909e-04, 1.6255859331628312e+02]; [-5.8419867978341316e+01, 2.2630076346839729e+01, 5.2232438578599712e+01]]
| > Stability pipeline: float pairs accepted = 40843667, HP pairs attempted/accepted = 1128053/1128053
| > Stability triggers: float mismatch = 1041379, float non-finite/error = 388
| > HP precision escalations: attempted/accepted = 1255/1255
| > Higher-precision rejections: disagreement = 0, non-finite = 0, error = 0
| > Soft-mirror stability: pairs = 12999210, large-side triggers = 85853, HP orbits attempted/salvaged/failed = 1027490/1027490/0
| > Soft-mirror extrema: raw original = -8.18192e+08, post-average = 9.19008e+06
| > Strongest soft-mirror cancellation: residual/raw = 0.00000e+00
| > Unstable rotational-check points rejected = 0
| > Rotational-check high-precision retries = 1041767
| > Rotational-check high-precision salvaged = 1041767
| > Large-weight high-precision retries = 86286
| > Large-weight high-precision salvaged = 86286
| > Large-weight high-precision rejected = 0
| > Large-weight samples zeroed = 130 (4.333e-06 of samples; removed signed/absolute sums = 2.94673e+07/6.14273e+07)
| > Non-finite final outputs zeroed = 0
| > Non-finite float rotated evaluations seen = 24
| > Example higher-precision-retried xs = [2.6880750982012969e-01 1.7402049722655100e-01 6.0980772598890010e-02 9.9750773443479890e-01 3.0048234085139136e-01 8.2729716849149482e-01] | float rel = 1.44350e-07
| >     momentum space  : k = [[1.2864873913282938e+01, 2.4869169488989783e+01, 1.4436129598391815e+02]; [-2.5782389205217190e+04, 7.8539332094821817e+04, -1.3710486440690246e+05]]
| > Example large-weight higher-precision-retried xs = [1.9231173850990912e-01 6.5780162395444419e-01 8.8861886028403791e-01 7.0208850143205215e-04 5.4240755566925725e-01 5.0445441660376766e-01] | compiled = -1.10603e+04 | higher precision = -1.02451e-01
| >     momentum space  : k = [[-1.7873903535647262e+01, -2.7323121682648594e+01, -8.9469201105104602e+01]; [-2.7108866766462003e-01, -7.3992249469811575e-02, -3.9326328464896528e-03]]
| > Example NaN/non-finite rotated xs = [4.3974642111233074e-04 4.7267464511837748e-01 9.9995896344930690e-01 6.1497814457061539e-01 6.0079335026881553e-01 6.4637841020769249e-01]
| >     momentum space  : k = [[-2.2353286370510883e-05, 3.8760017987051835e-06, 1.2731159591423573e+03]; [-4.6150254078839635e+02, -3.3882885223629427e+02, -2.8355997629564860e+02]]
| > [92mCentral value[0m : +3.0142232319799580e-08   +/- 1.33e-09     ([91m4.404%[0m)
[92mINFO[0m [94msymbolica_integrator l.7274[0m [96mt=2026-09-09,11:49:53.511[0m > | > Graph-channel Symbolica observer estimates:
| >   graph_0     : -2.0704986514106043e-08 +/- 1.54e-10 [38043 selected]
| >   graph_1     : 3.6652065531149654e-10 +/- 8.26e-12 [2176 selected]
| >   graph_2     : -1.2827684068844634e-08 +/- 5.97e-11 [10422 selected]
| >   graph_3     : 1.1013535551965568e-10 +/- 1.71e-12 [2125 selected]
| >   graph_4     : -6.0431165659951159e-10 +/- 1.66e-11 [2259 selected]
| >   graph_5     : -3.8843156385340755e-11 +/- 1.92e-12 [2147 selected]
| >   graph_6     : -3.5865123952395495e-11 +/- 2.00e-12 [2149 selected]
| >   graph_7     : 6.4764490348432551e-11 +/- 2.91e-12 [2252 selected]
| >   graph_8     : -9.0012524088037315e-10 +/- 1.54e-11 [3722 selected]
| >   graph_9     : 1.0731413637077744e-09 +/- 1.65e-11 [3742 selected]
| >   graph_10    : -2.7351251801939133e-09 +/- 9.78e-11 [19649 selected]
| >   graph_11    : 2.1542176733933887e-27 +/- 3.69e-28 [2187 selected]
| >   graph_12    : -5.5423823344905645e-10 +/- 1.09e-11 [2736 selected]
| >   graph_13    : -1.1760449741828772e-08 +/- 1.13e-10 [25665 selected]
| >   graph_14    : 1.1003112610500364e-10 +/- 6.43e-13 [2194 selected]
| >   graph_15    : 4.0100181447187152e-24 +/- 5.35e-24 [2087 selected]
| >   graph_16    : 3.8870628916333449e-09 +/- 1.69e-11 [2173 selected]
| >   graph_17    : -3.6098659673363541e-10 +/- 2.03e-12 [2227 selected]
| >   graph_18    : 1.2001566488667064e-08 +/- 7.86e-11 [15752 selected]
| >   graph_19    : 1.0557547620784943e-09 +/- 7.02e-12 [2188 selected]
| >   graph_20    : -7.6644668053079464e-10 +/- 4.92e-12 [2190 selected]
| >   graph_21    : -8.7198378733785832e-10 +/- 1.67e-11 [3856 selected]
| >   graph_22    : -5.0547246295045224e-10 +/- 1.45e-11 [2147 selected]
| >   graph_23    : -3.0381352576930319e-10 +/- 1.72e-11 [2205 selected]
| >   graph_24    : 5.7217104449883371e-10 +/- 2.49e-11 [3113 selected]
| >   graph_25    : 4.3087776116721504e-10 +/- 1.46e-11 [2179 selected]
| >   graph_26    : -2.1379516174160624e-10 +/- 1.24e-12 [2248 selected]
| >   graph_27    : -2.7174822575931675e-11 +/- 1.50e-13 [2173 selected]
| >   graph_28    : -1.1708028145831826e-09 +/- 1.08e-11 [2192 selected]
| >   graph_29    : 6.7928395507798874e-08 +/- 1.99e-10 [53103 selected]
| >   graph_30    : -1.6203018587369600e-09 +/- 1.73e-10 [49762 selected]
| >   graph_31    : 4.0673607959807755e-11 +/- 5.75e-13 [2193 selected]
| >   graph_32    : -6.0740525090869268e-11 +/- 1.02e-11 [2262 selected]
| >   graph_33    : -1.9237076173869905e-09 +/- 3.58e-11 [4892 selected]
| >   graph_34    : 6.6526305072560989e-26 +/- 5.10e-26 [2163 selected]
| >   graph_35    : 2.5134191098081095e-08 +/- 1.94e-10 [62710 selected]
| >   graph_36    : -2.9411690496315318e-09 +/- 3.47e-11 [5547 selected]
| >   graph_37    : 1.6188335896621952e-08 +/- 9.62e-11 [20478 selected]
| >   graph_38    : 3.9971175243782606e-10 +/- 4.78e-12 [2263 selected]
| >   graph_39    : -7.6311913870330857e-09 +/- 5.96e-11 [10365 selected]
| >   graph_40    : 9.0356772986259910e-12 +/- 5.36e-10 [218792 selected]
| >   graph_41    : 1.7488005585708474e-09 +/- 2.66e-11 [5610 selected]
| >   graph_42    : 4.2064555804288010e-09 +/- 1.93e-10 [36466 selected]
| >   graph_43    : 3.1362816362336214e-09 +/- 3.68e-11 [6049 selected]
| >   graph_44    : 4.3891900518957603e-10 +/- 1.12e-11 [2464 selected]
| >   graph_45    : 2.3889439925988738e-10 +/- 1.32e-12 [2199 selected]
| >   graph_46    : -6.0276441443499133e-11 +/- 5.54e-13 [2182 selected]
| >   graph_47    : -5.6076780281363446e-09 +/- 1.09e-09 [201297 selected]
| >   graph_48    : -9.4388294331120613e-11 +/- 3.12e-12 [2123 selected]
| >   graph_49    : -3.4323513985032895e-08 +/- 1.10e-10 [22846 selected]
| >   graph_50    : 8.7930641611077482e-10 +/- 2.19e-11 [3157 selected]
| >   graph_51    : 5.7575725547623364e-09 +/- 2.61e-11 [3046 selected]
| >   graph_52    : 2.1415008873326147e-10 +/- 7.47e-12 [2259 selected]
| >   graph_53    : -8.1475602508997126e-10 +/- 2.24e-11 [5167 selected]
| >   graph_54    : -2.6661845124527613e-09 +/- 1.78e-10 [39621 selected]
| >   graph_55    : 1.1518492723618781e-09 +/- 1.97e-11 [4217 selected]
| >   graph_56    : -4.1989977041753680e-09 +/- 1.83e-11 [2284 selected]
| >   graph_57    : -1.2874383699846283e-08 +/- 8.54e-11 [16761 selected]
| >   graph_58    : 4.3834092960079207e-11 +/- 3.16e-12 [2224 selected]
| >   graph_59    : 3.8926439358595185e-11 +/- 3.15e-12 [2138 selected]
| >   graph_60    : -7.0044877266600805e-11 +/- 3.19e-12 [2205 selected]
| >   graph_61    : 1.2512811037382959e-08 +/- 1.23e-10 [26354 selected]
| >   graph_62    : -5.0771419864052584e-24 +/- 5.41e-24 [2186 selected]
| >   graph_63    : -1.1577146854611491e-09 +/- 1.34e-11 [2184 selected]
| >   graph_64    : 8.2921521878977031e-10 +/- 5.46e-12 [2233 selected]
| >   sum         : 3.0142232319799646e-08
| >   total       : 3.0142232319799580e-08
| >   difference  : 6.6174449004242214e-23
[92mINFO[0m [94msymbolica_integrator l.7237[0m [96mt=2026-09-09,11:49:53.511[0m > Symbolica integration: starting iteration [92m31/100[0m using [94m1000000[0m points ...
[92mINFO[0m [94msymbolica_integrator l.7270[0m [96mt=2026-09-09,11:54:29.786[0m > ... result after this iteration:
| > Integration result after [92m31000000[0m evaluations in [92m338076.15 CPU-s[0m [94m(10905.7 µs / eval)[0m
| > Extremal weights:
| >   with jacobian    : 6.83462e+04 at xs = [6.4810213514078670e-06 1.2872623629604971e-01 5.0135758672765640e-01 1.1579855220704659e-01 5.8362165858137149e-01 6.8012190464210887e-01] | jacobian = 1.24143e+06
| >     momentum space  : k = [[1.7896885893320363e-03, 1.8755163712599345e-03, 1.0440121451461144e+02]; [-3.8255413064754848e+01, -2.2179274606260584e+01, -2.8086543799527060e+01]]
| >   without jacobian : 5.81662e+02 at xs = [4.6244409640217324e-07 7.5278966738298070e-01 5.0008056585407423e-01 1.6937886588083906e-01 4.4118097394652966e-01 2.7878525065510779e-01] | jacobian = 1.57997e+04
| >     momentum space  : k = [[3.2421228909030028e-06, -1.8494930348985909e-04, 1.6255859331628312e+02]; [-5.8419867978341316e+01, 2.2630076346839729e+01, 5.2232438578599712e+01]]
| >   before clipping   : -9.69160e+06 at xs = [1.5758522275145163e-05 4.1729128498012014e-01 4.9897963994688166e-01 1.5826252104921529e-01 1.1725537826247390e-01 8.9643292475223524e-01]
| >     momentum space  : k = [[-5.4712974401047330e-03, 3.1302894775883227e-03, 1.4988396117959113e+02]; [1.7805934860687611e+01, 1.6152196361191162e+01, -7.1261700087433866e+01]]
| > Stability pipeline: float pairs accepted = 42191977, HP pairs attempted/accepted = 1170555/1170555
| > Stability triggers: float mismatch = 1080967, float non-finite/error = 417
| > HP precision escalations: attempted/accepted = 1336/1336
| > Higher-precision rejections: disagreement = 0, non-finite = 0, error = 0
| > Soft-mirror stability: pairs = 13428821, large-side triggers = 88723, HP orbits attempted/salvaged/failed = 1066289/1066289/0
| > Soft-mirror extrema: raw original = -8.18192e+08, post-average = -9.69160e+06
| > Strongest soft-mirror cancellation: residual/raw = 0.00000e+00
| > Unstable rotational-check points rejected = 0
| > Rotational-check high-precision retries = 1081384
| > Rotational-check high-precision salvaged = 1081384
| > Large-weight high-precision retries = 89171
| > Large-weight high-precision salvaged = 89171
| > Large-weight high-precision rejected = 0
| > Large-weight samples zeroed = 135 (4.355e-06 of samples; removed signed/absolute sums = 2.01244e+07/7.21520e+07)
| > Non-finite final outputs zeroed = 0
| > Non-finite float rotated evaluations seen = 24
| > Example higher-precision-retried xs = [2.6880750982012969e-01 1.7402049722655100e-01 6.0980772598890010e-02 9.9750773443479890e-01 3.0048234085139136e-01 8.2729716849149482e-01] | float rel = 1.44350e-07
| >     momentum space  : k = [[1.2864873913282938e+01, 2.4869169488989783e+01, 1.4436129598391815e+02]; [-2.5782389205217190e+04, 7.8539332094821817e+04, -1.3710486440690246e+05]]
| > Example large-weight higher-precision-retried xs = [1.9231173850990912e-01 6.5780162395444419e-01 8.8861886028403791e-01 7.0208850143205215e-04 5.4240755566925725e-01 5.0445441660376766e-01] | compiled = -1.10603e+04 | higher precision = -1.02451e-01
| >     momentum space  : k = [[-1.7873903535647262e+01, -2.7323121682648594e+01, -8.9469201105104602e+01]; [-2.7108866766462003e-01, -7.3992249469811575e-02, -3.9326328464896528e-03]]
| > Example NaN/non-finite rotated xs = [4.3974642111233074e-04 4.7267464511837748e-01 9.9995896344930690e-01 6.1497814457061539e-01 6.0079335026881553e-01 6.4637841020769249e-01]
| >     momentum space  : k = [[-2.2353286370510883e-05, 3.8760017987051835e-06, 1.2731159591423573e+03]; [-4.6150254078839635e+02, -3.3882885223629427e+02, -2.8355997629564860e+02]]
| > [92mCentral value[0m : +3.0311620971601422e-08   +/- 1.29e-09     ([91m4.243%[0m)
[92mINFO[0m [94msymbolica_integrator l.7274[0m [96mt=2026-09-09,11:54:29.787[0m > | > Graph-channel Symbolica observer estimates:
| >   graph_0     : -2.0647035110893227e-08 +/- 1.51e-10 [38481 selected]
| >   graph_1     : 3.6710452001186133e-10 +/- 8.09e-12 [2251 selected]
| >   graph_2     : -1.2817717101933932e-08 +/- 5.87e-11 [10412 selected]
| >   graph_3     : 1.0991837435690271e-10 +/- 1.67e-12 [2159 selected]
| >   graph_4     : -6.0737636988336752e-10 +/- 1.64e-11 [2213 selected]
| >   graph_5     : -3.8608212829981897e-11 +/- 1.88e-12 [2129 selected]
| >   graph_6     : -3.5685815446311609e-11 +/- 1.96e-12 [2149 selected]
| >   graph_7     : 6.4699551042210457e-11 +/- 2.85e-12 [2159 selected]
| >   graph_8     : -9.0300483337236541e-10 +/- 1.51e-11 [3691 selected]
| >   graph_9     : 1.0751681133508199e-09 +/- 1.62e-11 [3659 selected]
| >   graph_10    : -2.7304127928175237e-09 +/- 9.51e-11 [19807 selected]
| >   graph_11    : 2.1230298483452617e-27 +/- 3.61e-28 [2184 selected]
| >   graph_12    : -5.5376060310541929e-10 +/- 1.07e-11 [2679 selected]
| >   graph_13    : -1.1756947686077990e-08 +/- 1.10e-10 [26009 selected]
| >   graph_14    : 1.0997454370546993e-10 +/- 6.29e-13 [2153 selected]
| >   graph_15    : 3.8225712726771326e-24 +/- 5.18e-24 [2190 selected]
| >   graph_16    : 3.8872934958011406e-09 +/- 1.67e-11 [2181 selected]
| >   graph_17    : -3.6116931545169883e-10 +/- 1.98e-12 [2195 selected]
| >   graph_18    : 1.2009138609647887e-08 +/- 7.67e-11 [15648 selected]
| >   graph_19    : 1.0562366116307378e-09 +/- 6.90e-12 [2204 selected]
| >   graph_20    : -7.6834224321775399e-10 +/- 4.84e-12 [2355 selected]
| >   graph_21    : -8.7073956581428183e-10 +/- 1.63e-11 [3929 selected]
| >   graph_22    : -5.0862930712625281e-10 +/- 1.46e-11 [2151 selected]
| >   graph_23    : -3.0330315390698739e-10 +/- 1.67e-11 [2171 selected]
| >   graph_24    : 5.7863217615714313e-10 +/- 2.46e-11 [3307 selected]
| >   graph_25    : 4.2944672343708002e-10 +/- 1.44e-11 [2135 selected]
| >   graph_26    : -2.1382580939172053e-10 +/- 1.21e-12 [2173 selected]
| >   graph_27    : -2.7184397309598596e-11 +/- 1.47e-13 [2175 selected]
| >   graph_28    : -1.1699431088310552e-09 +/- 1.07e-11 [2205 selected]
| >   graph_29    : 6.7961349808978805e-08 +/- 1.94e-10 [54146 selected]
| >   graph_30    : -1.6139615017055756e-09 +/- 1.68e-10 [48936 selected]
| >   graph_31    : 4.0531361679633387e-11 +/- 5.64e-13 [2107 selected]
| >   graph_32    : -5.9423390595587094e-11 +/- 1.00e-11 [2188 selected]
| >   graph_33    : -1.9178290615365646e-09 +/- 3.50e-11 [4783 selected]
| >   graph_34    : 6.0714429067316207e-26 +/- 4.97e-26 [2169 selected]
| >   graph_35    : 2.5137584367496467e-08 +/- 1.90e-10 [63242 selected]
| >   graph_36    : -2.9353474616930192e-09 +/- 3.41e-11 [5726 selected]
| >   graph_37    : 1.6189920034232538e-08 +/- 9.42e-11 [20907 selected]
| >   graph_38    : 3.9987204772976385e-10 +/- 4.69e-12 [2184 selected]
| >   graph_39    : -7.6233554798615409e-09 +/- 5.84e-11 [10376 selected]
| >   graph_40    : 1.6958509895883001e-11 +/- 5.19e-10 [218075 selected]
| >   graph_41    : 1.7483713567621451e-09 +/- 2.61e-11 [5703 selected]
| >   graph_42    : 4.2216461479274338e-09 +/- 1.87e-10 [36752 selected]
| >   graph_43    : 3.1380454939574024e-09 +/- 3.61e-11 [6121 selected]
| >   graph_44    : 4.4167782452310318e-10 +/- 1.10e-11 [2504 selected]
| >   graph_45    : 2.3872520273212161e-10 +/- 1.30e-12 [2108 selected]
| >   graph_46    : -6.0302301183601879e-11 +/- 5.42e-13 [2169 selected]
| >   graph_47    : -5.6153769842540318e-09 +/- 1.05e-09 [199905 selected]
| >   graph_48    : -9.4066097518110025e-11 +/- 3.05e-12 [2139 selected]
| >   graph_49    : -3.4346550171951585e-08 +/- 1.09e-10 [22760 selected]
| >   graph_50    : 8.8065316330853816e-10 +/- 2.15e-11 [3191 selected]
| >   graph_51    : 5.7609222187442711e-09 +/- 2.57e-11 [3030 selected]
| >   graph_52    : 2.1316800752433495e-10 +/- 7.34e-12 [2221 selected]
| >   graph_53    : -8.1547954635403945e-10 +/- 2.19e-11 [5105 selected]
| >   graph_54    : -2.6408889138967551e-09 +/- 1.73e-10 [39539 selected]
| >   graph_55    : 1.1505463924468254e-09 +/- 1.93e-11 [4198 selected]
| >   graph_56    : -4.1979567150771633e-09 +/- 1.80e-11 [2180 selected]
| >   graph_57    : -1.2884601152096650e-08 +/- 8.34e-11 [16999 selected]
| >   graph_58    : 4.4719832879794872e-11 +/- 3.11e-12 [2174 selected]
| >   graph_59    : 3.9245407282644803e-11 +/- 3.09e-12 [2125 selected]
| >   graph_60    : -7.0932950345966732e-11 +/- 3.13e-12 [2217 selected]
| >   graph_61    : 1.2517348270803308e-08 +/- 1.20e-10 [26187 selected]
| >   graph_62    : -4.9665850785163255e-24 +/- 5.23e-24 [2230 selected]
| >   graph_63    : -1.1573378157792920e-09 +/- 1.32e-11 [2215 selected]
| >   graph_64    : 8.2981777481415697e-10 +/- 5.37e-12 [2235 selected]
| >   sum         : 3.0311620971601475e-08
| >   total       : 3.0311620971601422e-08
| >   difference  : 5.2939559203393771e-23
[92mINFO[0m [94msymbolica_integrator l.7237[0m [96mt=2026-09-09,11:54:29.787[0m > Symbolica integration: starting iteration [92m32/100[0m using [94m1000000[0m points ...
[92mINFO[0m [94msymbolica_integrator l.7270[0m [96mt=2026-09-09,11:58:59.441[0m > ... result after this iteration:
| > Integration result after [92m32000000[0m evaluations in [92m348154.07 CPU-s[0m [94m(10879.8 µs / eval)[0m
| > Extremal weights:
| >   with jacobian    : 6.83462e+04 at xs = [6.4810213514078670e-06 1.2872623629604971e-01 5.0135758672765640e-01 1.1579855220704659e-01 5.8362165858137149e-01 6.8012190464210887e-01] | jacobian = 1.24143e+06
| >     momentum space  : k = [[1.7896885893320363e-03, 1.8755163712599345e-03, 1.0440121451461144e+02]; [-3.8255413064754848e+01, -2.2179274606260584e+01, -2.8086543799527060e+01]]
| >   without jacobian : 5.81662e+02 at xs = [4.6244409640217324e-07 7.5278966738298070e-01 5.0008056585407423e-01 1.6937886588083906e-01 4.4118097394652966e-01 2.7878525065510779e-01] | jacobian = 1.57997e+04
| >     momentum space  : k = [[3.2421228909030028e-06, -1.8494930348985909e-04, 1.6255859331628312e+02]; [-5.8419867978341316e+01, 2.2630076346839729e+01, 5.2232438578599712e+01]]
| >   before clipping   : 9.98681e+06 at xs = [8.3467719100210645e-07 9.7335162888747240e-01 4.9988256086285943e-01 2.0723004776722920e-01 6.5365002924830884e-01 7.0669006840876458e-01]
| >     momentum space  : k = [[3.2920201179096123e-04, -5.5641427469180582e-05, 2.0838153618525493e+02]; [-4.7393146862245764e+01, -6.8480168786395993e+01, -6.3223000885692741e+01]]
| > Stability pipeline: float pairs accepted = 43541761, HP pairs attempted/accepted = 1212233/1212233
| > Stability triggers: float mismatch = 1119905, float non-finite/error = 451
| > HP precision escalations: attempted/accepted = 1428/1428
| > Higher-precision rejections: disagreement = 0, non-finite = 0, error = 0
| > Soft-mirror stability: pairs = 13858373, large-side triggers = 91415, HP orbits attempted/salvaged/failed = 1104379/1104379/0
| > Soft-mirror extrema: raw original = -8.18192e+08, post-average = 9.98681e+06
| > Strongest soft-mirror cancellation: residual/raw = 0.00000e+00
| > Unstable rotational-check points rejected = 0
| > Rotational-check high-precision retries = 1120356
| > Rotational-check high-precision salvaged = 1120356
| > Large-weight high-precision retries = 91877
| > Large-weight high-precision salvaged = 91877
| > Large-weight high-precision rejected = 0
| > Large-weight samples zeroed = 142 (4.438e-06 of samples; removed signed/absolute sums = 3.33341e+07/8.75340e+07)
| > Non-finite final outputs zeroed = 0
| > Non-finite float rotated evaluations seen = 24
| > Example higher-precision-retried xs = [2.6880750982012969e-01 1.7402049722655100e-01 6.0980772598890010e-02 9.9750773443479890e-01 3.0048234085139136e-01 8.2729716849149482e-01] | float rel = 1.44350e-07
| >     momentum space  : k = [[1.2864873913282938e+01, 2.4869169488989783e+01, 1.4436129598391815e+02]; [-2.5782389205217190e+04, 7.8539332094821817e+04, -1.3710486440690246e+05]]
| > Example large-weight higher-precision-retried xs = [1.9231173850990912e-01 6.5780162395444419e-01 8.8861886028403791e-01 7.0208850143205215e-04 5.4240755566925725e-01 5.0445441660376766e-01] | compiled = -1.10603e+04 | higher precision = -1.02451e-01
| >     momentum space  : k = [[-1.7873903535647262e+01, -2.7323121682648594e+01, -8.9469201105104602e+01]; [-2.7108866766462003e-01, -7.3992249469811575e-02, -3.9326328464896528e-03]]
| > Example NaN/non-finite rotated xs = [4.3974642111233074e-04 4.7267464511837748e-01 9.9995896344930690e-01 6.1497814457061539e-01 6.0079335026881553e-01 6.4637841020769249e-01]
| >     momentum space  : k = [[-2.2353286370510883e-05, 3.8760017987051835e-06, 1.2731159591423573e+03]; [-4.6150254078839635e+02, -3.3882885223629427e+02, -2.8355997629564860e+02]]
| > [92mCentral value[0m : +3.0202568171720879e-08   +/- 1.25e-09     ([91m4.130%[0m)
[92mINFO[0m [94msymbolica_integrator l.7274[0m [96mt=2026-09-09,11:58:59.442[0m > | > Graph-channel Symbolica observer estimates:
| >   graph_0     : -2.0661499926058493e-08 +/- 1.47e-10 [39043 selected]
| >   graph_1     : 3.6610338684271081e-10 +/- 7.94e-12 [2149 selected]
| >   graph_2     : -1.2808899557718746e-08 +/- 5.75e-11 [10389 selected]
| >   graph_3     : 1.0980595724124865e-10 +/- 1.64e-12 [2218 selected]
| >   graph_4     : -6.0899879668287194e-10 +/- 1.61e-11 [2168 selected]
| >   graph_5     : -3.8662388454858089e-11 +/- 1.85e-12 [2134 selected]
| >   graph_6     : -3.5616568719967664e-11 +/- 1.93e-12 [2213 selected]
| >   graph_7     : 6.5194760342042367e-11 +/- 2.81e-12 [2126 selected]
| >   graph_8     : -9.0777396879688830e-10 +/- 1.49e-11 [3820 selected]
| >   graph_9     : 1.0723446878371111e-09 +/- 1.59e-11 [3544 selected]
| >   graph_10    : -2.7288745533563045e-09 +/- 9.26e-11 [20139 selected]
| >   graph_11    : 2.1664861676112144e-27 +/- 3.53e-28 [2166 selected]
| >   graph_12    : -5.5512183775422291e-10 +/- 1.05e-11 [2721 selected]
| >   graph_13    : -1.1760051233757585e-08 +/- 1.07e-10 [25930 selected]
| >   graph_14    : 1.0992767455078159e-10 +/- 6.14e-13 [2206 selected]
| >   graph_15    : 8.7484994583477178e-24 +/- 7.11e-24 [2124 selected]
| >   graph_16    : 3.8884643879058748e-09 +/- 1.64e-11 [2190 selected]
| >   graph_17    : -3.6182071744776906e-10 +/- 1.94e-12 [2268 selected]
| >   graph_18    : 1.2010718133648874e-08 +/- 7.47e-11 [16109 selected]
| >   graph_19    : 1.0566932452637677e-09 +/- 6.78e-12 [2217 selected]
| >   graph_20    : -7.6742105262148441e-10 +/- 4.76e-12 [2168 selected]
| >   graph_21    : -8.7091288531455618e-10 +/- 1.60e-11 [4016 selected]
| >   graph_22    : -5.0491699892073302e-10 +/- 1.43e-11 [2153 selected]
| >   graph_23    : -3.0160930007835607e-10 +/- 1.62e-11 [2128 selected]
| >   graph_24    : 5.8277208370156594e-10 +/- 2.42e-11 [3197 selected]
| >   graph_25    : 4.3262077590332904e-10 +/- 1.41e-11 [2149 selected]
| >   graph_26    : -2.1409412157196962e-10 +/- 1.19e-12 [2256 selected]
| >   graph_27    : -2.7154503878948719e-11 +/- 1.44e-13 [2091 selected]
| >   graph_28    : -1.1706253879039798e-09 +/- 1.05e-11 [2248 selected]
| >   graph_29    : 6.7968109987453092e-08 +/- 1.89e-10 [54164 selected]
| >   graph_30    : -1.5992911065075503e-09 +/- 1.63e-10 [49107 selected]
| >   graph_31    : 4.0624891784388734e-11 +/- 5.54e-13 [2185 selected]
| >   graph_32    : -5.8359527232001890e-11 +/- 9.85e-12 [2130 selected]
| >   graph_33    : -1.9220980860409272e-09 +/- 3.42e-11 [4799 selected]
| >   graph_34    : 5.5252453241084441e-26 +/- 4.84e-26 [2211 selected]
| >   graph_35    : 2.5108938523913827e-08 +/- 1.85e-10 [63318 selected]
| >   graph_36    : -2.9366883203129593e-09 +/- 3.35e-11 [5631 selected]
| >   graph_37    : 1.6167728377209056e-08 +/- 9.23e-11 [20807 selected]
| >   graph_38    : 4.0044417914621428e-10 +/- 4.61e-12 [2185 selected]
| >   graph_39    : -7.6213173900360995e-09 +/- 5.74e-11 [10344 selected]
| >   graph_40    : 1.7780814148804148e-11 +/- 5.03e-10 [217438 selected]
| >   graph_41    : 1.7470522438806291e-09 +/- 2.55e-11 [5852 selected]
| >   graph_42    : 4.2176985942291910e-09 +/- 1.82e-10 [36643 selected]
| >   graph_43    : 3.1310411025306746e-09 +/- 3.55e-11 [6027 selected]
| >   graph_44    : 4.4135332718958907e-10 +/- 1.08e-11 [2421 selected]
| >   graph_45    : 2.3847991334424567e-10 +/- 1.27e-12 [2104 selected]
| >   graph_46    : -6.0382259985855536e-11 +/- 5.30e-13 [2188 selected]
| >   graph_47    : -5.6595094608864354e-09 +/- 1.02e-09 [198700 selected]
| >   graph_48    : -9.4237427999449567e-11 +/- 2.99e-12 [2155 selected]
| >   graph_49    : -3.4350384119630496e-08 +/- 1.06e-10 [23237 selected]
| >   graph_50    : 8.8305870831841739e-10 +/- 2.11e-11 [3194 selected]
| >   graph_51    : 5.7698045906751751e-09 +/- 2.53e-11 [3126 selected]
| >   graph_52    : 2.1315513631655695e-10 +/- 7.21e-12 [2188 selected]
| >   graph_53    : -8.1372532890435153e-10 +/- 2.15e-11 [5087 selected]
| >   graph_54    : -2.6479261710208903e-09 +/- 1.68e-10 [39709 selected]
| >   graph_55    : 1.1468982471807423e-09 +/- 1.89e-11 [4261 selected]
| >   graph_56    : -4.1976517732796695e-09 +/- 1.78e-11 [2183 selected]
| >   graph_57    : -1.2889228090373024e-08 +/- 8.14e-11 [16826 selected]
| >   graph_58    : 4.4362261147115367e-11 +/- 3.07e-12 [2236 selected]
| >   graph_59    : 3.9403120997739935e-11 +/- 3.04e-12 [2184 selected]
| >   graph_60    : -7.2018772259055897e-11 +/- 3.08e-12 [2257 selected]
| >   graph_61    : 1.2511454534445832e-08 +/- 1.17e-10 [26375 selected]
| >   graph_62    : -4.8592498496353493e-24 +/- 5.07e-24 [2123 selected]
| >   graph_63    : -1.1616839696448057e-09 +/- 1.31e-11 [2238 selected]
| >   graph_64    : 8.2909012772362639e-10 +/- 5.27e-12 [2087 selected]
| >   sum         : 3.0202568171720919e-08
| >   total       : 3.0202568171720879e-08
| >   difference  : 3.9704669402545328e-23
[92mINFO[0m [94msymbolica_integrator l.7237[0m [96mt=2026-09-09,11:58:59.442[0m > Symbolica integration: starting iteration [92m33/100[0m using [94m1000000[0m points ...
[92mINFO[0m [94msymbolica_integrator l.7270[0m [96mt=2026-09-09,12:04:49.603[0m > ... result after this iteration:
| > Integration result after [92m33000000[0m evaluations in [92m361864.46 CPU-s[0m [94m(10965.6 µs / eval)[0m
| > Extremal weights:
| >   with jacobian    : 6.83462e+04 at xs = [6.4810213514078670e-06 1.2872623629604971e-01 5.0135758672765640e-01 1.1579855220704659e-01 5.8362165858137149e-01 6.8012190464210887e-01] | jacobian = 1.24143e+06
| >     momentum space  : k = [[1.7896885893320363e-03, 1.8755163712599345e-03, 1.0440121451461144e+02]; [-3.8255413064754848e+01, -2.2179274606260584e+01, -2.8086543799527060e+01]]
| >   without jacobian : 5.81662e+02 at xs = [4.6244409640217324e-07 7.5278966738298070e-01 5.0008056585407423e-01 1.6937886588083906e-01 4.4118097394652966e-01 2.7878525065510779e-01] | jacobian = 1.57997e+04
| >     momentum space  : k = [[3.2421228909030028e-06, -1.8494930348985909e-04, 1.6255859331628312e+02]; [-5.8419867978341316e+01, 2.2630076346839729e+01, 5.2232438578599712e+01]]
| >   before clipping   : 9.98681e+06 at xs = [8.3467719100210645e-07 9.7335162888747240e-01 4.9988256086285943e-01 2.0723004776722920e-01 6.5365002924830884e-01 7.0669006840876458e-01]
| >     momentum space  : k = [[3.2920201179096123e-04, -5.5641427469180582e-05, 2.0838153618525493e+02]; [-4.7393146862245764e+01, -6.8480168786395993e+01, -6.3223000885692741e+01]]
| > Stability pipeline: float pairs accepted = 44891579, HP pairs attempted/accepted = 1254369/1254369
| > Stability triggers: float mismatch = 1159279, float non-finite/error = 478
| > HP precision escalations: attempted/accepted = 1533/1533
| > Higher-precision rejections: disagreement = 0, non-finite = 0, error = 0
| > Soft-mirror stability: pairs = 14288916, large-side triggers = 94135, HP orbits attempted/salvaged/failed = 1142968/1142968/0
| > Soft-mirror extrema: raw original = 1.94823e+09, post-average = 9.98681e+06
| > Strongest soft-mirror cancellation: residual/raw = 0.00000e+00
| > Unstable rotational-check points rejected = 0
| > Rotational-check high-precision retries = 1159757
| > Rotational-check high-precision salvaged = 1159757
| > Large-weight high-precision retries = 94612
| > Large-weight high-precision salvaged = 94612
| > Large-weight high-precision rejected = 0
| > Large-weight samples zeroed = 145 (4.394e-06 of samples; removed signed/absolute sums = 3.86386e+07/9.33875e+07)
| > Non-finite final outputs zeroed = 0
| > Non-finite float rotated evaluations seen = 25
| > Example higher-precision-retried xs = [2.6880750982012969e-01 1.7402049722655100e-01 6.0980772598890010e-02 9.9750773443479890e-01 3.0048234085139136e-01 8.2729716849149482e-01] | float rel = 1.44350e-07
| >     momentum space  : k = [[1.2864873913282938e+01, 2.4869169488989783e+01, 1.4436129598391815e+02]; [-2.5782389205217190e+04, 7.8539332094821817e+04, -1.3710486440690246e+05]]
| > Example large-weight higher-precision-retried xs = [1.9231173850990912e-01 6.5780162395444419e-01 8.8861886028403791e-01 7.0208850143205215e-04 5.4240755566925725e-01 5.0445441660376766e-01] | compiled = -1.10603e+04 | higher precision = -1.02451e-01
| >     momentum space  : k = [[-1.7873903535647262e+01, -2.7323121682648594e+01, -8.9469201105104602e+01]; [-2.7108866766462003e-01, -7.3992249469811575e-02, -3.9326328464896528e-03]]
| > Example NaN/non-finite rotated xs = [4.3974642111233074e-04 4.7267464511837748e-01 9.9995896344930690e-01 6.1497814457061539e-01 6.0079335026881553e-01 6.4637841020769249e-01]
| >     momentum space  : k = [[-2.2353286370510883e-05, 3.8760017987051835e-06, 1.2731159591423573e+03]; [-4.6150254078839635e+02, -3.3882885223629427e+02, -2.8355997629564860e+02]]
| > [92mCentral value[0m : +3.0212785459013747e-08   +/- 1.21e-09     ([91m4.008%[0m)
[92mINFO[0m [94msymbolica_integrator l.7274[0m [96mt=2026-09-09,12:04:49.604[0m > | > Graph-channel Symbolica observer estimates:
| >   graph_0     : -2.0681526045442031e-08 +/- 1.44e-10 [39177 selected]
| >   graph_1     : 3.6685142222755944e-10 +/- 7.78e-12 [2175 selected]
| >   graph_2     : -1.2833150664885592e-08 +/- 5.65e-11 [10473 selected]
| >   graph_3     : 1.0987358180755978e-10 +/- 1.61e-12 [2260 selected]
| >   graph_4     : -6.0861555671244974e-10 +/- 1.59e-11 [2180 selected]
| >   graph_5     : -3.9483750597879893e-11 +/- 1.82e-12 [2129 selected]
| >   graph_6     : -3.5534708701474236e-11 +/- 1.89e-12 [2133 selected]
| >   graph_7     : 6.4917099146436824e-11 +/- 2.76e-12 [2149 selected]
| >   graph_8     : -9.1311998061785228e-10 +/- 1.46e-11 [3639 selected]
| >   graph_9     : 1.0743077480866304e-09 +/- 1.56e-11 [3617 selected]
| >   graph_10    : -2.7457169280837456e-09 +/- 9.02e-11 [19855 selected]
| >   graph_11    : 2.1442849882576905e-27 +/- 3.45e-28 [2191 selected]
| >   graph_12    : -5.5492811834416284e-10 +/- 1.03e-11 [2725 selected]
| >   graph_13    : -1.1748406762084328e-08 +/- 1.05e-10 [25898 selected]
| >   graph_14    : 1.0992372847037978e-10 +/- 6.03e-13 [2178 selected]
| >   graph_15    : 8.4766142034233929e-24 +/- 6.90e-24 [2156 selected]
| >   graph_16    : 3.8868361299235194e-09 +/- 1.62e-11 [2147 selected]
| >   graph_17    : -3.6227876711662981e-10 +/- 1.91e-12 [2256 selected]
| >   graph_18    : 1.2012324275983444e-08 +/- 7.29e-11 [15958 selected]
| >   graph_19    : 1.0560138841684670e-09 +/- 6.67e-12 [2126 selected]
| >   graph_20    : -7.6655944979428516e-10 +/- 4.68e-12 [2125 selected]
| >   graph_21    : -8.6880322986803973e-10 +/- 1.57e-11 [3872 selected]
| >   graph_22    : -5.0562179694981907e-10 +/- 1.40e-11 [2242 selected]
| >   graph_23    : -3.0175160864909392e-10 +/- 1.57e-11 [2193 selected]
| >   graph_24    : 5.8765479519113010e-10 +/- 2.38e-11 [3126 selected]
| >   graph_25    : 4.3473063990171255e-10 +/- 1.39e-11 [2229 selected]
| >   graph_26    : -2.1398481745945499e-10 +/- 1.16e-12 [2133 selected]
| >   graph_27    : -2.7135560537690926e-11 +/- 1.41e-13 [2102 selected]
| >   graph_28    : -1.1710820064869293e-09 +/- 1.04e-11 [2250 selected]
| >   graph_29    : 6.8000037564695983e-08 +/- 1.84e-10 [54302 selected]
| >   graph_30    : -1.5770995477964460e-09 +/- 1.59e-10 [48953 selected]
| >   graph_31    : 4.0557830718596123e-11 +/- 5.44e-13 [2180 selected]
| >   graph_32    : -5.7733545152464691e-11 +/- 9.71e-12 [2171 selected]
| >   graph_33    : -1.9213327880656367e-09 +/- 3.36e-11 [4767 selected]
| >   graph_34    : 6.3230416303774545e-26 +/- 4.74e-26 [2142 selected]
| >   graph_35    : 2.5139175925719870e-08 +/- 1.80e-10 [64009 selected]
| >   graph_36    : -2.9382312778004755e-09 +/- 3.29e-11 [5705 selected]
| >   graph_37    : 1.6178786291157382e-08 +/- 9.05e-11 [21174 selected]
| >   graph_38    : 4.0101810156760114e-10 +/- 4.52e-12 [2144 selected]
| >   graph_39    : -7.6269742598308301e-09 +/- 5.63e-11 [10541 selected]
| >   graph_40    : 5.3186426182550957e-12 +/- 4.88e-10 [217383 selected]
| >   graph_41    : 1.7466090090971307e-09 +/- 2.50e-11 [5725 selected]
| >   graph_42    : 4.2235533516293359e-09 +/- 1.77e-10 [36899 selected]
| >   graph_43    : 3.1285321726260587e-09 +/- 3.49e-11 [6014 selected]
| >   graph_44    : 4.3945340835343176e-10 +/- 1.07e-11 [2489 selected]
| >   graph_45    : 2.3854691959575513e-10 +/- 1.24e-12 [2161 selected]
| >   graph_46    : -6.0346833071617741e-11 +/- 5.20e-13 [2112 selected]
| >   graph_47    : -5.6914122549762261e-09 +/- 9.90e-10 [197971 selected]
| >   graph_48    : -9.3757267565241929e-11 +/- 2.93e-12 [2106 selected]
| >   graph_49    : -3.4334559181815057e-08 +/- 1.04e-10 [23006 selected]
| >   graph_50    : 8.8173090414482575e-10 +/- 2.07e-11 [3212 selected]
| >   graph_51    : 5.7744455449839808e-09 +/- 2.49e-11 [3102 selected]
| >   graph_52    : 2.1259127767450943e-10 +/- 7.09e-12 [2090 selected]
| >   graph_53    : -8.1194956083363549e-10 +/- 2.10e-11 [5088 selected]
| >   graph_54    : -2.6242986455312636e-09 +/- 1.63e-10 [39982 selected]
| >   graph_55    : 1.1441512019985494e-09 +/- 1.85e-11 [4237 selected]
| >   graph_56    : -4.1962333116397604e-09 +/- 1.75e-11 [2166 selected]
| >   graph_57    : -1.2900238689728142e-08 +/- 7.96e-11 [16979 selected]
| >   graph_58    : 4.4658533186860182e-11 +/- 3.02e-12 [2260 selected]
| >   graph_59    : 4.0066839954165368e-11 +/- 2.99e-12 [2162 selected]
| >   graph_60    : -7.1125572766768673e-11 +/- 3.03e-12 [2193 selected]
| >   graph_61    : 1.2489619383462629e-08 +/- 1.14e-10 [26517 selected]
| >   graph_62    : -4.8028425073615396e-24 +/- 4.91e-24 [2154 selected]
| >   graph_63    : -1.1647175584655448e-09 +/- 1.29e-11 [2126 selected]
| >   graph_64    : 8.2820929829261077e-10 +/- 5.18e-12 [2084 selected]
| >   sum         : 3.0212785459013800e-08
| >   total       : 3.0212785459013747e-08
| >   difference  : 5.2939559203393771e-23
[92mINFO[0m [94msymbolica_integrator l.7237[0m [96mt=2026-09-09,12:04:49.604[0m > Symbolica integration: starting iteration [92m34/100[0m using [94m1000000[0m points ...
[92mINFO[0m [94msymbolica_integrator l.7270[0m [96mt=2026-09-09,12:10:28.473[0m > ... result after this iteration:
| > Integration result after [92m34000000[0m evaluations in [92m377171.11 CPU-s[0m [94m(11093.3 µs / eval)[0m
| > Extremal weights:
| >   with jacobian    : 6.83462e+04 at xs = [6.4810213514078670e-06 1.2872623629604971e-01 5.0135758672765640e-01 1.1579855220704659e-01 5.8362165858137149e-01 6.8012190464210887e-01] | jacobian = 1.24143e+06
| >     momentum space  : k = [[1.7896885893320363e-03, 1.8755163712599345e-03, 1.0440121451461144e+02]; [-3.8255413064754848e+01, -2.2179274606260584e+01, -2.8086543799527060e+01]]
| >   without jacobian : 5.81662e+02 at xs = [4.6244409640217324e-07 7.5278966738298070e-01 5.0008056585407423e-01 1.6937886588083906e-01 4.4118097394652966e-01 2.7878525065510779e-01] | jacobian = 1.57997e+04
| >     momentum space  : k = [[3.2421228909030028e-06, -1.8494930348985909e-04, 1.6255859331628312e+02]; [-5.8419867978341316e+01, 2.2630076346839729e+01, 5.2232438578599712e+01]]
| >   before clipping   : 9.98681e+06 at xs = [8.3467719100210645e-07 9.7335162888747240e-01 4.9988256086285943e-01 2.0723004776722920e-01 6.5365002924830884e-01 7.0669006840876458e-01]
| >     momentum space  : k = [[3.2920201179096123e-04, -5.5641427469180582e-05, 2.0838153618525493e+02]; [-4.7393146862245764e+01, -6.8480168786395993e+01, -6.3223000885692741e+01]]
| > Stability pipeline: float pairs accepted = 46242245, HP pairs attempted/accepted = 1296129/1296129
| > Stability triggers: float mismatch = 1198303, float non-finite/error = 507
| > HP precision escalations: attempted/accepted = 1617/1617
| > Higher-precision rejections: disagreement = 0, non-finite = 0, error = 0
| > Soft-mirror stability: pairs = 14719690, large-side triggers = 96829, HP orbits attempted/salvaged/failed = 1181316/1181316/0
| > Soft-mirror extrema: raw original = 1.94823e+09, post-average = 9.98681e+06
| > Strongest soft-mirror cancellation: residual/raw = 0.00000e+00
| > Unstable rotational-check points rejected = 0
| > Rotational-check high-precision retries = 1198810
| > Rotational-check high-precision salvaged = 1198810
| > Large-weight high-precision retries = 97319
| > Large-weight high-precision salvaged = 97319
| > Large-weight high-precision rejected = 0
| > Large-weight samples zeroed = 147 (4.324e-06 of samples; removed signed/absolute sums = 3.89726e+07/9.37215e+07)
| > Non-finite final outputs zeroed = 0
| > Non-finite float rotated evaluations seen = 28
| > Example higher-precision-retried xs = [2.6880750982012969e-01 1.7402049722655100e-01 6.0980772598890010e-02 9.9750773443479890e-01 3.0048234085139136e-01 8.2729716849149482e-01] | float rel = 1.44350e-07
| >     momentum space  : k = [[1.2864873913282938e+01, 2.4869169488989783e+01, 1.4436129598391815e+02]; [-2.5782389205217190e+04, 7.8539332094821817e+04, -1.3710486440690246e+05]]
| > Example large-weight higher-precision-retried xs = [1.9231173850990912e-01 6.5780162395444419e-01 8.8861886028403791e-01 7.0208850143205215e-04 5.4240755566925725e-01 5.0445441660376766e-01] | compiled = -1.10603e+04 | higher precision = -1.02451e-01
| >     momentum space  : k = [[-1.7873903535647262e+01, -2.7323121682648594e+01, -8.9469201105104602e+01]; [-2.7108866766462003e-01, -7.3992249469811575e-02, -3.9326328464896528e-03]]
| > Example NaN/non-finite rotated xs = [4.3974642111233074e-04 4.7267464511837748e-01 9.9995896344930690e-01 6.1497814457061539e-01 6.0079335026881553e-01 6.4637841020769249e-01]
| >     momentum space  : k = [[-2.2353286370510883e-05, 3.8760017987051835e-06, 1.2731159591423573e+03]; [-4.6150254078839635e+02, -3.3882885223629427e+02, -2.8355997629564860e+02]]
| > [92mCentral value[0m : +3.0245613822123638e-08   +/- 1.18e-09     ([91m3.892%[0m)
[92mINFO[0m [94msymbolica_integrator l.7274[0m [96mt=2026-09-09,12:10:28.474[0m > | > Graph-channel Symbolica observer estimates:
| >   graph_0     : -2.0674385759095801e-08 +/- 1.41e-10 [39303 selected]
| >   graph_1     : 3.6464813726703389e-10 +/- 7.64e-12 [2173 selected]
| >   graph_2     : -1.2847076873818533e-08 +/- 5.54e-11 [10503 selected]
| >   graph_3     : 1.0946012234473439e-10 +/- 1.58e-12 [2119 selected]
| >   graph_4     : -6.0240632838080799e-10 +/- 1.57e-11 [2058 selected]
| >   graph_5     : -4.0103531803775865e-11 +/- 1.79e-12 [2206 selected]
| >   graph_6     : -3.5672177850666197e-11 +/- 1.86e-12 [2141 selected]
| >   graph_7     : 6.4468088066493527e-11 +/- 2.71e-12 [2195 selected]
| >   graph_8     : -9.1373642113371851e-10 +/- 1.43e-11 [3660 selected]
| >   graph_9     : 1.0747560788874950e-09 +/- 1.53e-11 [3590 selected]
| >   graph_10    : -2.7501036547154946e-09 +/- 8.79e-11 [19822 selected]
| >   graph_11    : 2.0577659888490009e-27 +/- 3.38e-28 [2162 selected]
| >   graph_12    : -5.5627425992394709e-10 +/- 1.01e-11 [2754 selected]
| >   graph_13    : -1.1735093697647365e-08 +/- 1.06e-10 [26454 selected]
| >   graph_14    : 1.0985345551209836e-10 +/- 5.90e-13 [2145 selected]
| >   graph_15    : 8.2465816220935213e-24 +/- 6.70e-24 [2198 selected]
| >   graph_16    : 3.8895394425512775e-09 +/- 1.60e-11 [2197 selected]
| >   graph_17    : -3.6246297308319817e-10 +/- 1.87e-12 [2192 selected]
| >   graph_18    : 1.2012858730506991e-08 +/- 7.12e-11 [16005 selected]
| >   graph_19    : 1.0553168110736576e-09 +/- 6.56e-12 [2149 selected]
| >   graph_20    : -7.6559453377404180e-10 +/- 4.60e-12 [2046 selected]
| >   graph_21    : -8.6461068240150416e-10 +/- 1.54e-11 [3905 selected]
| >   graph_22    : -5.0430230042383578e-10 +/- 1.37e-11 [2144 selected]
| >   graph_23    : -3.0043826714895611e-10 +/- 1.53e-11 [2171 selected]
| >   graph_24    : 5.7538427396683224e-10 +/- 2.34e-11 [3202 selected]
| >   graph_25    : 4.3377508911427012e-10 +/- 1.37e-11 [2096 selected]
| >   graph_26    : -2.1405888076117546e-10 +/- 1.14e-12 [2195 selected]
| >   graph_27    : -2.7144730212617428e-11 +/- 1.38e-13 [2164 selected]
| >   graph_28    : -1.1729838359456546e-09 +/- 1.02e-11 [2208 selected]
| >   graph_29    : 6.8018566090893963e-08 +/- 1.82e-10 [54298 selected]
| >   graph_30    : -1.5728131241245206e-09 +/- 1.54e-10 [48936 selected]
| >   graph_31    : 4.0659392193083765e-11 +/- 5.35e-13 [2176 selected]
| >   graph_32    : -5.3900636089806102e-11 +/- 9.53e-12 [2080 selected]
| >   graph_33    : -1.9222218356921703e-09 +/- 3.29e-11 [4869 selected]
| >   graph_34    : 6.5396940091635031e-26 +/- 4.65e-26 [2146 selected]
| >   graph_35    : 2.5156422946691333e-08 +/- 1.76e-10 [64324 selected]
| >   graph_36    : -2.9486186172848435e-09 +/- 3.23e-11 [5786 selected]
| >   graph_37    : 1.6174783870684474e-08 +/- 8.88e-11 [21156 selected]
| >   graph_38    : 4.0064615423066438e-10 +/- 4.45e-12 [2188 selected]
| >   graph_39    : -7.6366965351030124e-09 +/- 5.54e-11 [10716 selected]
| >   graph_40    : -2.3757962282006282e-12 +/- 4.74e-10 [216668 selected]
| >   graph_41    : 1.7477689223107679e-09 +/- 2.45e-11 [5822 selected]
| >   graph_42    : 4.2280101388648104e-09 +/- 1.72e-10 [37014 selected]
| >   graph_43    : 3.1312071991300317e-09 +/- 3.43e-11 [6022 selected]
| >   graph_44    : 4.3987420699886806e-10 +/- 1.05e-11 [2563 selected]
| >   graph_45    : 2.3847487669771087e-10 +/- 1.22e-12 [2131 selected]
| >   graph_46    : -6.0350134792831915e-11 +/- 5.09e-13 [2150 selected]
| >   graph_47    : -5.7039226770596457e-09 +/- 9.61e-10 [196838 selected]
| >   graph_48    : -9.3629443263708461e-11 +/- 2.88e-12 [2247 selected]
| >   graph_49    : -3.4330697600139437e-08 +/- 1.02e-10 [23525 selected]
| >   graph_50    : 8.8178327485737932e-10 +/- 2.03e-11 [3368 selected]
| >   graph_51    : 5.7732730344637084e-09 +/- 2.45e-11 [3074 selected]
| >   graph_52    : 2.1159915660171450e-10 +/- 6.97e-12 [2133 selected]
| >   graph_53    : -8.0851170874141947e-10 +/- 2.06e-11 [5015 selected]
| >   graph_54    : -2.6150461158663172e-09 +/- 1.59e-10 [39738 selected]
| >   graph_55    : 1.1468518026823072e-09 +/- 1.81e-11 [4216 selected]
| >   graph_56    : -4.1979001781502179e-09 +/- 1.73e-11 [2164 selected]
| >   graph_57    : -1.2896992838978448e-08 +/- 7.79e-11 [16835 selected]
| >   graph_58    : 4.4347283507187385e-11 +/- 2.97e-12 [2233 selected]
| >   graph_59    : 4.0222137717751193e-11 +/- 2.94e-12 [2101 selected]
| >   graph_60    : -7.0685431699048031e-11 +/- 2.99e-12 [2088 selected]
| >   graph_61    : 1.2500721063736585e-08 +/- 1.11e-10 [26754 selected]
| >   graph_62    : -4.6748060183937333e-24 +/- 4.77e-24 [2177 selected]
| >   graph_63    : -1.1655032124598409e-09 +/- 1.27e-11 [2208 selected]
| >   graph_64    : 8.2665683436494758e-10 +/- 5.09e-12 [2084 selected]
| >   sum         : 3.0245613822123611e-08
| >   total       : 3.0245613822123638e-08
| >   difference  : -2.6469779601696886e-23
[92mINFO[0m [94msymbolica_integrator l.7237[0m [96mt=2026-09-09,12:10:28.474[0m > Symbolica integration: starting iteration [92m35/100[0m using [94m1000000[0m points ...
[92mINFO[0m [94msymbolica_integrator l.7270[0m [96mt=2026-09-09,12:16:21.499[0m > ... result after this iteration:
| > Integration result after [92m35000000[0m evaluations in [92m392295.61 CPU-s[0m [94m(11208.4 µs / eval)[0m
| > Extremal weights:
| >   with jacobian    : 6.83462e+04 at xs = [6.4810213514078670e-06 1.2872623629604971e-01 5.0135758672765640e-01 1.1579855220704659e-01 5.8362165858137149e-01 6.8012190464210887e-01] | jacobian = 1.24143e+06
| >     momentum space  : k = [[1.7896885893320363e-03, 1.8755163712599345e-03, 1.0440121451461144e+02]; [-3.8255413064754848e+01, -2.2179274606260584e+01, -2.8086543799527060e+01]]
| >   without jacobian : 5.81662e+02 at xs = [4.6244409640217324e-07 7.5278966738298070e-01 5.0008056585407423e-01 1.6937886588083906e-01 4.4118097394652966e-01 2.7878525065510779e-01] | jacobian = 1.57997e+04
| >     momentum space  : k = [[3.2421228909030028e-06, -1.8494930348985909e-04, 1.6255859331628312e+02]; [-5.8419867978341316e+01, 2.2630076346839729e+01, 5.2232438578599712e+01]]
| >   before clipping   : 9.98681e+06 at xs = [8.3467719100210645e-07 9.7335162888747240e-01 4.9988256086285943e-01 2.0723004776722920e-01 6.5365002924830884e-01 7.0669006840876458e-01]
| >     momentum space  : k = [[3.2920201179096123e-04, -5.5641427469180582e-05, 2.0838153618525493e+02]; [-4.7393146862245764e+01, -6.8480168786395993e+01, -6.3223000885692741e+01]]
| > Stability pipeline: float pairs accepted = 47592359, HP pairs attempted/accepted = 1338333/1338333
| > Stability triggers: float mismatch = 1237652, float non-finite/error = 544
| > HP precision escalations: attempted/accepted = 1722/1722
| > Higher-precision rejections: disagreement = 0, non-finite = 0, error = 0
| > Soft-mirror stability: pairs = 15150806, large-side triggers = 99638, HP orbits attempted/salvaged/failed = 1220114/1220114/0
| > Soft-mirror extrema: raw original = 1.94823e+09, post-average = 9.98681e+06
| > Strongest soft-mirror cancellation: residual/raw = 0.00000e+00
| > Unstable rotational-check points rejected = 0
| > Rotational-check high-precision retries = 1238196
| > Rotational-check high-precision salvaged = 1238196
| > Large-weight high-precision retries = 100137
| > Large-weight high-precision salvaged = 100137
| > Large-weight high-precision rejected = 0
| > Large-weight samples zeroed = 151 (4.314e-06 of samples; removed signed/absolute sums = 3.92542e+07/9.41709e+07)
| > Non-finite final outputs zeroed = 0
| > Non-finite float rotated evaluations seen = 28
| > Example higher-precision-retried xs = [2.6880750982012969e-01 1.7402049722655100e-01 6.0980772598890010e-02 9.9750773443479890e-01 3.0048234085139136e-01 8.2729716849149482e-01] | float rel = 1.44350e-07
| >     momentum space  : k = [[1.2864873913282938e+01, 2.4869169488989783e+01, 1.4436129598391815e+02]; [-2.5782389205217190e+04, 7.8539332094821817e+04, -1.3710486440690246e+05]]
| > Example large-weight higher-precision-retried xs = [1.9231173850990912e-01 6.5780162395444419e-01 8.8861886028403791e-01 7.0208850143205215e-04 5.4240755566925725e-01 5.0445441660376766e-01] | compiled = -1.10603e+04 | higher precision = -1.02451e-01
| >     momentum space  : k = [[-1.7873903535647262e+01, -2.7323121682648594e+01, -8.9469201105104602e+01]; [-2.7108866766462003e-01, -7.3992249469811575e-02, -3.9326328464896528e-03]]
| > Example NaN/non-finite rotated xs = [4.3974642111233074e-04 4.7267464511837748e-01 9.9995896344930690e-01 6.1497814457061539e-01 6.0079335026881553e-01 6.4637841020769249e-01]
| >     momentum space  : k = [[-2.2353286370510883e-05, 3.8760017987051835e-06, 1.2731159591423573e+03]; [-4.6150254078839635e+02, -3.3882885223629427e+02, -2.8355997629564860e+02]]
| > [92mCentral value[0m : +3.0278575792696911e-08   +/- 1.15e-09     ([91m3.782%[0m)
[92mINFO[0m [94msymbolica_integrator l.7274[0m [96mt=2026-09-09,12:16:21.501[0m > | > Graph-channel Symbolica observer estimates:
| >   graph_0     : -2.0664172942489581e-08 +/- 1.38e-10 [39450 selected]
| >   graph_1     : 3.5951273000317027e-10 +/- 8.64e-12 [2201 selected]
| >   graph_2     : -1.2856440612472818e-08 +/- 5.44e-11 [10470 selected]
| >   graph_3     : 1.0993344944028000e-10 +/- 1.56e-12 [2202 selected]
| >   graph_4     : -6.0098863453332841e-10 +/- 1.55e-11 [2129 selected]
| >   graph_5     : -3.9530696646661859e-11 +/- 1.76e-12 [2216 selected]
| >   graph_6     : -3.5594678930679663e-11 +/- 1.83e-12 [2156 selected]
| >   graph_7     : 6.4504952995068071e-11 +/- 2.67e-12 [2053 selected]
| >   graph_8     : -9.1300635959206239e-10 +/- 1.41e-11 [3588 selected]
| >   graph_9     : 1.0748353709706744e-09 +/- 1.50e-11 [3654 selected]
| >   graph_10    : -2.7426454940426957e-09 +/- 8.58e-11 [19937 selected]
| >   graph_11    : 2.0141247618420778e-27 +/- 3.31e-28 [2091 selected]
| >   graph_12    : -5.5650477951104598e-10 +/- 9.94e-12 [2779 selected]
| >   graph_13    : -1.1751452335010546e-08 +/- 1.03e-10 [27515 selected]
| >   graph_14    : 1.0980253784579228e-10 +/- 5.79e-13 [2148 selected]
| >   graph_15    : 8.0317859570974150e-24 +/- 6.50e-24 [2125 selected]
| >   graph_16    : 3.8871138901636548e-09 +/- 1.57e-11 [2110 selected]
| >   graph_17    : -3.6230800531049762e-10 +/- 1.83e-12 [2140 selected]
| >   graph_18    : 1.2026816962727406e-08 +/- 6.97e-11 [15921 selected]
| >   graph_19    : 1.0564397297589703e-09 +/- 6.46e-12 [2118 selected]
| >   graph_20    : -7.6543485058237187e-10 +/- 4.52e-12 [2163 selected]
| >   graph_21    : -8.6467785608841895e-10 +/- 1.51e-11 [3953 selected]
| >   graph_22    : -5.0629897347120746e-10 +/- 1.34e-11 [2145 selected]
| >   graph_23    : -3.0071393169907367e-10 +/- 1.49e-11 [2160 selected]
| >   graph_24    : 5.7285782102411550e-10 +/- 2.30e-11 [3246 selected]
| >   graph_25    : 4.3612395126729618e-10 +/- 1.35e-11 [2203 selected]
| >   graph_26    : -2.1425342991449161e-10 +/- 1.12e-12 [2202 selected]
| >   graph_27    : -2.7155441350118500e-11 +/- 1.36e-13 [2131 selected]
| >   graph_28    : -1.1740202894384133e-09 +/- 1.01e-11 [2186 selected]
| >   graph_29    : 6.8016600166122601e-08 +/- 1.78e-10 [55954 selected]
| >   graph_30    : -1.5500367960312391e-09 +/- 1.51e-10 [48859 selected]
| >   graph_31    : 4.0734090474887718e-11 +/- 5.26e-13 [2246 selected]
| >   graph_32    : -5.1666929929206852e-11 +/- 9.41e-12 [2197 selected]
| >   graph_33    : -1.9232114781892102e-09 +/- 3.23e-11 [4784 selected]
| >   graph_34    : 6.6102571937801302e-26 +/- 4.55e-26 [2121 selected]
| >   graph_35    : 2.5163301050568080e-08 +/- 1.72e-10 [63962 selected]
| >   graph_36    : -2.9530888704785169e-09 +/- 3.18e-11 [5709 selected]
| >   graph_37    : 1.6166380123440903e-08 +/- 8.72e-11 [21599 selected]
| >   graph_38    : 4.0139306232988601e-10 +/- 4.38e-12 [2150 selected]
| >   graph_39    : -7.6370914207129154e-09 +/- 5.44e-11 [10774 selected]
| >   graph_40    : -4.2629672481373806e-11 +/- 4.60e-10 [216225 selected]
| >   graph_41    : 1.7445966645615803e-09 +/- 2.40e-11 [5843 selected]
| >   graph_42    : 4.2433173615704061e-09 +/- 1.68e-10 [37259 selected]
| >   graph_43    : 3.1399255557876903e-09 +/- 3.37e-11 [6159 selected]
| >   graph_44    : 4.4156553826851301e-10 +/- 1.04e-11 [2515 selected]
| >   graph_45    : 2.3840946750799549e-10 +/- 1.20e-12 [2127 selected]
| >   graph_46    : -6.0442421977801008e-11 +/- 5.00e-13 [2160 selected]
| >   graph_47    : -5.7222418854828414e-09 +/- 9.33e-10 [194114 selected]
| >   graph_48    : -9.3141996576964245e-11 +/- 2.83e-12 [2242 selected]
| >   graph_49    : -3.4300383722044516e-08 +/- 1.00e-10 [23583 selected]
| >   graph_50    : 8.8181029056998237e-10 +/- 1.99e-11 [3291 selected]
| >   graph_51    : 5.7792886748926731e-09 +/- 2.42e-11 [3039 selected]
| >   graph_52    : 2.1198287074221977e-10 +/- 6.86e-12 [2160 selected]
| >   graph_53    : -8.0993580998827528e-10 +/- 2.02e-11 [4987 selected]
| >   graph_54    : -2.6104570955534571e-09 +/- 1.55e-10 [39686 selected]
| >   graph_55    : 1.1439596015189087e-09 +/- 1.78e-11 [4181 selected]
| >   graph_56    : -4.1972164026553687e-09 +/- 1.71e-11 [2167 selected]
| >   graph_57    : -1.2900687487461049e-08 +/- 7.62e-11 [17058 selected]
| >   graph_58    : 4.4466075701228178e-11 +/- 2.92e-12 [2135 selected]
| >   graph_59    : 4.0053741774593737e-11 +/- 2.90e-12 [2196 selected]
| >   graph_60    : -7.0791868193446359e-11 +/- 2.95e-12 [2112 selected]
| >   graph_61    : 1.2519903384120139e-08 +/- 1.09e-10 [26532 selected]
| >   graph_62    : -4.5947034893741998e-24 +/- 4.63e-24 [2129 selected]
| >   graph_63    : -1.1655328751967773e-09 +/- 1.26e-11 [2134 selected]
| >   graph_64    : 8.2670272058512964e-10 +/- 5.02e-12 [2219 selected]
| >   sum         : 3.0278575792696878e-08
| >   total       : 3.0278575792696911e-08
| >   difference  : -3.3087224502121107e-23
[92mINFO[0m [94msymbolica_integrator l.7237[0m [96mt=2026-09-09,12:16:21.501[0m > Symbolica integration: starting iteration [92m36/100[0m using [94m1000000[0m points ...
[92mINFO[0m [94msymbolica_integrator l.7270[0m [96mt=2026-09-09,12:21:37.889[0m > ... result after this iteration:
| > Integration result after [92m36000000[0m evaluations in [92m406582.26 CPU-s[0m [94m(11294.0 µs / eval)[0m
| > Extremal weights:
| >   with jacobian    : 6.83462e+04 at xs = [6.4810213514078670e-06 1.2872623629604971e-01 5.0135758672765640e-01 1.1579855220704659e-01 5.8362165858137149e-01 6.8012190464210887e-01] | jacobian = 1.24143e+06
| >     momentum space  : k = [[1.7896885893320363e-03, 1.8755163712599345e-03, 1.0440121451461144e+02]; [-3.8255413064754848e+01, -2.2179274606260584e+01, -2.8086543799527060e+01]]
| >   without jacobian : 5.81662e+02 at xs = [4.6244409640217324e-07 7.5278966738298070e-01 5.0008056585407423e-01 1.6937886588083906e-01 4.4118097394652966e-01 2.7878525065510779e-01] | jacobian = 1.57997e+04
| >     momentum space  : k = [[3.2421228909030028e-06, -1.8494930348985909e-04, 1.6255859331628312e+02]; [-5.8419867978341316e+01, 2.2630076346839729e+01, 5.2232438578599712e+01]]
| >   before clipping   : 9.98681e+06 at xs = [8.3467719100210645e-07 9.7335162888747240e-01 4.9988256086285943e-01 2.0723004776722920e-01 6.5365002924830884e-01 7.0669006840876458e-01]
| >     momentum space  : k = [[3.2920201179096123e-04, -5.5641427469180582e-05, 2.0838153618525493e+02]; [-4.7393146862245764e+01, -6.8480168786395993e+01, -6.3223000885692741e+01]]
| > Stability pipeline: float pairs accepted = 48941188, HP pairs attempted/accepted = 1381003/1381003
| > Stability triggers: float mismatch = 1277381, float non-finite/error = 569
| > HP precision escalations: attempted/accepted = 1793/1793
| > Higher-precision rejections: disagreement = 0, non-finite = 0, error = 0
| > Soft-mirror stability: pairs = 15581403, large-side triggers = 102538, HP orbits attempted/salvaged/failed = 1259212/1259212/0
| > Soft-mirror extrema: raw original = 1.94823e+09, post-average = 9.98681e+06
| > Strongest soft-mirror cancellation: residual/raw = 0.00000e+00
| > Unstable rotational-check points rejected = 0
| > Rotational-check high-precision retries = 1277950
| > Rotational-check high-precision salvaged = 1277950
| > Large-weight high-precision retries = 103053
| > Large-weight high-precision salvaged = 103053
| > Large-weight high-precision rejected = 0
| > Large-weight samples zeroed = 155 (4.306e-06 of samples; removed signed/absolute sums = 3.88900e+07/9.52412e+07)
| > Non-finite final outputs zeroed = 0
| > Non-finite float rotated evaluations seen = 29
| > Example higher-precision-retried xs = [2.6880750982012969e-01 1.7402049722655100e-01 6.0980772598890010e-02 9.9750773443479890e-01 3.0048234085139136e-01 8.2729716849149482e-01] | float rel = 1.44350e-07
| >     momentum space  : k = [[1.2864873913282938e+01, 2.4869169488989783e+01, 1.4436129598391815e+02]; [-2.5782389205217190e+04, 7.8539332094821817e+04, -1.3710486440690246e+05]]
| > Example large-weight higher-precision-retried xs = [1.9231173850990912e-01 6.5780162395444419e-01 8.8861886028403791e-01 7.0208850143205215e-04 5.4240755566925725e-01 5.0445441660376766e-01] | compiled = -1.10603e+04 | higher precision = -1.02451e-01
| >     momentum space  : k = [[-1.7873903535647262e+01, -2.7323121682648594e+01, -8.9469201105104602e+01]; [-2.7108866766462003e-01, -7.3992249469811575e-02, -3.9326328464896528e-03]]
| > Example NaN/non-finite rotated xs = [4.3974642111233074e-04 4.7267464511837748e-01 9.9995896344930690e-01 6.1497814457061539e-01 6.0079335026881553e-01 6.4637841020769249e-01]
| >     momentum space  : k = [[-2.2353286370510883e-05, 3.8760017987051835e-06, 1.2731159591423573e+03]; [-4.6150254078839635e+02, -3.3882885223629427e+02, -2.8355997629564860e+02]]
| > [92mCentral value[0m : +3.0320975454203934e-08   +/- 1.11e-09     ([91m3.677%[0m)
[92mINFO[0m [94msymbolica_integrator l.7274[0m [96mt=2026-09-09,12:21:37.890[0m > | > Graph-channel Symbolica observer estimates:
| >   graph_0     : -2.0653922807507421e-08 +/- 1.35e-10 [39908 selected]
| >   graph_1     : 3.5664489779299499e-10 +/- 8.51e-12 [2109 selected]
| >   graph_2     : -1.2859074843856643e-08 +/- 5.35e-11 [10610 selected]
| >   graph_3     : 1.0979777197634027e-10 +/- 1.53e-12 [2096 selected]
| >   graph_4     : -6.0256808486422716e-10 +/- 1.53e-11 [2143 selected]
| >   graph_5     : -3.9209869398318066e-11 +/- 1.73e-12 [2156 selected]
| >   graph_6     : -3.5670487596746539e-11 +/- 1.81e-12 [2194 selected]
| >   graph_7     : 6.4730990907166634e-11 +/- 2.63e-12 [2113 selected]
| >   graph_8     : -9.1500409783578440e-10 +/- 1.38e-11 [3571 selected]
| >   graph_9     : 1.0774762930889692e-09 +/- 1.47e-11 [3610 selected]
| >   graph_10    : -2.7348128963481681e-09 +/- 8.38e-11 [20122 selected]
| >   graph_11    : 2.0093986123313628e-27 +/- 3.24e-28 [2149 selected]
| >   graph_12    : -5.5794024352570978e-10 +/- 9.78e-12 [2700 selected]
| >   graph_13    : -1.1748555191942234e-08 +/- 1.01e-10 [27430 selected]
| >   graph_14    : 1.0974860926270566e-10 +/- 5.68e-13 [2146 selected]
| >   graph_15    : 7.8201883233690584e-24 +/- 6.32e-24 [2058 selected]
| >   graph_16    : 3.8841930230615760e-09 +/- 1.55e-11 [2136 selected]
| >   graph_17    : -3.6229237414541859e-10 +/- 1.80e-12 [2136 selected]
| >   graph_18    : 1.2018107648402182e-08 +/- 6.82e-11 [16094 selected]
| >   graph_19    : 1.0571155115197351e-09 +/- 6.37e-12 [2107 selected]
| >   graph_20    : -7.6520832675719071e-10 +/- 4.45e-12 [2092 selected]
| >   graph_21    : -8.6350765807206106e-10 +/- 1.48e-11 [3921 selected]
| >   graph_22    : -5.0792606634004156e-10 +/- 1.34e-11 [2171 selected]
| >   graph_23    : -3.0046219837712648e-10 +/- 1.45e-11 [2228 selected]
| >   graph_24    : 5.7392026139052064e-10 +/- 2.27e-11 [3202 selected]
| >   graph_25    : 4.3703004703812023e-10 +/- 1.33e-11 [2159 selected]
| >   graph_26    : -2.1407339059914346e-10 +/- 1.10e-12 [2104 selected]
| >   graph_27    : -2.7162109175113456e-11 +/- 1.33e-13 [2159 selected]
| >   graph_28    : -1.1754366272147616e-09 +/- 9.94e-12 [2180 selected]
| >   graph_29    : 6.8010793470138970e-08 +/- 1.74e-10 [56366 selected]
| >   graph_30    : -1.5288077521517624e-09 +/- 1.47e-10 [49249 selected]
| >   graph_31    : 4.0785487825735006e-11 +/- 5.18e-13 [2150 selected]
| >   graph_32    : -5.0701339234964434e-11 +/- 9.28e-12 [2085 selected]
| >   graph_33    : -1.9192853061624749e-09 +/- 3.17e-11 [4993 selected]
| >   graph_34    : 6.9048672667307909e-26 +/- 4.46e-26 [2104 selected]
| >   graph_35    : 2.5179001666565124e-08 +/- 1.68e-10 [64393 selected]
| >   graph_36    : -2.9508880067155433e-09 +/- 3.13e-11 [5605 selected]
| >   graph_37    : 1.6167553928807003e-08 +/- 8.56e-11 [21566 selected]
| >   graph_38    : 4.0143163827307259e-10 +/- 4.31e-12 [2155 selected]
| >   graph_39    : -7.6351334303485533e-09 +/- 5.35e-11 [10640 selected]
| >   graph_40    : -4.3848672957930588e-11 +/- 4.48e-10 [214616 selected]
| >   graph_41    : 1.7433140646397338e-09 +/- 2.36e-11 [5749 selected]
| >   graph_42    : 4.2520264634389006e-09 +/- 1.64e-10 [37069 selected]
| >   graph_43    : 3.1388174497786487e-09 +/- 3.32e-11 [6167 selected]
| >   graph_44    : 4.3904820569501144e-10 +/- 1.02e-11 [2524 selected]
| >   graph_45    : 2.3864284984095746e-10 +/- 1.18e-12 [2179 selected]
| >   graph_46    : -6.0342383368011757e-11 +/- 4.90e-13 [2141 selected]
| >   graph_47    : -5.7144475674481652e-09 +/- 9.08e-10 [193569 selected]
| >   graph_48    : -9.3323551989806152e-11 +/- 2.78e-12 [2109 selected]
| >   graph_49    : -3.4299406655999865e-08 +/- 9.81e-11 [23955 selected]
| >   graph_50    : 8.8247152939542273e-10 +/- 1.95e-11 [3240 selected]
| >   graph_51    : 5.7838673167785751e-09 +/- 2.39e-11 [3070 selected]
| >   graph_52    : 2.1115720157460014e-10 +/- 6.76e-12 [2191 selected]
| >   graph_53    : -8.1099004547325857e-10 +/- 1.99e-11 [5099 selected]
| >   graph_54    : -2.6130367836162103e-09 +/- 1.51e-10 [40272 selected]
| >   graph_55    : 1.1434512643361730e-09 +/- 1.75e-11 [4109 selected]
| >   graph_56    : -4.2019725087373265e-09 +/- 1.69e-11 [2245 selected]
| >   graph_57    : -1.2914483787705665e-08 +/- 7.47e-11 [17134 selected]
| >   graph_58    : 4.4550972702985437e-11 +/- 2.88e-12 [2210 selected]
| >   graph_59    : 3.9724373165734027e-11 +/- 2.85e-12 [2074 selected]
| >   graph_60    : -7.0585798636960727e-11 +/- 2.91e-12 [2144 selected]
| >   graph_61    : 1.2521393196590690e-08 +/- 1.06e-10 [26695 selected]
| >   graph_62    : -4.4856525996791220e-24 +/- 4.51e-24 [2129 selected]
| >   graph_63    : -1.1623285790538439e-09 +/- 1.24e-11 [2162 selected]
| >   graph_64    : 8.2658876337273361e-10 +/- 4.94e-12 [2038 selected]
| >   sum         : 3.0320975454203934e-08
| >   total       : 3.0320975454203934e-08
| >   difference  : 0.0000000000000000e+00
[92mINFO[0m [94msymbolica_integrator l.7237[0m [96mt=2026-09-09,12:21:37.890[0m > Symbolica integration: starting iteration [92m37/100[0m using [94m1000000[0m points ...
[92mINFO[0m [94msymbolica_integrator l.7270[0m [96mt=2026-09-09,12:29:35.566[0m > ... result after this iteration:
| > Integration result after [92m37000000[0m evaluations in [92m429104.52 CPU-s[0m [94m(11597.4 µs / eval)[0m
| > Extremal weights:
| >   with jacobian    : 6.83462e+04 at xs = [6.4810213514078670e-06 1.2872623629604971e-01 5.0135758672765640e-01 1.1579855220704659e-01 5.8362165858137149e-01 6.8012190464210887e-01] | jacobian = 1.24143e+06
| >     momentum space  : k = [[1.7896885893320363e-03, 1.8755163712599345e-03, 1.0440121451461144e+02]; [-3.8255413064754848e+01, -2.2179274606260584e+01, -2.8086543799527060e+01]]
| >   without jacobian : 5.81662e+02 at xs = [4.6244409640217324e-07 7.5278966738298070e-01 5.0008056585407423e-01 1.6937886588083906e-01 4.4118097394652966e-01 2.7878525065510779e-01] | jacobian = 1.57997e+04
| >     momentum space  : k = [[3.2421228909030028e-06, -1.8494930348985909e-04, 1.6255859331628312e+02]; [-5.8419867978341316e+01, 2.2630076346839729e+01, 5.2232438578599712e+01]]
| >   before clipping   : 9.98681e+06 at xs = [8.3467719100210645e-07 9.7335162888747240e-01 4.9988256086285943e-01 2.0723004776722920e-01 6.5365002924830884e-01 7.0669006840876458e-01]
| >     momentum space  : k = [[3.2920201179096123e-04, -5.5641427469180582e-05, 2.0838153618525493e+02]; [-4.7393146862245764e+01, -6.8480168786395993e+01, -6.3223000885692741e+01]]
| > Stability pipeline: float pairs accepted = 50295883, HP pairs attempted/accepted = 1420044/1420044
| > Stability triggers: float mismatch = 1313997, float non-finite/error = 590
| > HP precision escalations: attempted/accepted = 1865/1865
| > Higher-precision rejections: disagreement = 0, non-finite = 0, error = 0
| > Soft-mirror stability: pairs = 16010818, large-side triggers = 104924, HP orbits attempted/salvaged/failed = 1294891/1294891/0
| > Soft-mirror extrema: raw original = -2.22938e+09, post-average = 9.98681e+06
| > Strongest soft-mirror cancellation: residual/raw = 0.00000e+00
| > Unstable rotational-check points rejected = 0
| > Rotational-check high-precision retries = 1314587
| > Rotational-check high-precision salvaged = 1314587
| > Large-weight high-precision retries = 105457
| > Large-weight high-precision salvaged = 105457
| > Large-weight high-precision rejected = 0
| > Large-weight samples zeroed = 158 (4.270e-06 of samples; removed signed/absolute sums = 3.91750e+07/9.55262e+07)
| > Non-finite final outputs zeroed = 0
| > Non-finite float rotated evaluations seen = 32
| > Example higher-precision-retried xs = [2.6880750982012969e-01 1.7402049722655100e-01 6.0980772598890010e-02 9.9750773443479890e-01 3.0048234085139136e-01 8.2729716849149482e-01] | float rel = 1.44350e-07
| >     momentum space  : k = [[1.2864873913282938e+01, 2.4869169488989783e+01, 1.4436129598391815e+02]; [-2.5782389205217190e+04, 7.8539332094821817e+04, -1.3710486440690246e+05]]
| > Example large-weight higher-precision-retried xs = [1.9231173850990912e-01 6.5780162395444419e-01 8.8861886028403791e-01 7.0208850143205215e-04 5.4240755566925725e-01 5.0445441660376766e-01] | compiled = -1.10603e+04 | higher precision = -1.02451e-01
| >     momentum space  : k = [[-1.7873903535647262e+01, -2.7323121682648594e+01, -8.9469201105104602e+01]; [-2.7108866766462003e-01, -7.3992249469811575e-02, -3.9326328464896528e-03]]
| > Example NaN/non-finite rotated xs = [4.3974642111233074e-04 4.7267464511837748e-01 9.9995896344930690e-01 6.1497814457061539e-01 6.0079335026881553e-01 6.4637841020769249e-01]
| >     momentum space  : k = [[-2.2353286370510883e-05, 3.8760017987051835e-06, 1.2731159591423573e+03]; [-4.6150254078839635e+02, -3.3882885223629427e+02, -2.8355997629564860e+02]]
| > [92mCentral value[0m : +3.0323662680611526e-08   +/- 1.09e-09     ([91m3.583%[0m)
[92mINFO[0m [94msymbolica_integrator l.7274[0m [96mt=2026-09-09,12:29:35.568[0m > | > Graph-channel Symbolica observer estimates:
| >   graph_0     : -2.0664200327672131e-08 +/- 1.32e-10 [39707 selected]
| >   graph_1     : 3.5705995352786481e-10 +/- 8.37e-12 [2057 selected]
| >   graph_2     : -1.2866253748032040e-08 +/- 5.26e-11 [10486 selected]
| >   graph_3     : 1.0987634692392066e-10 +/- 1.51e-12 [2162 selected]
| >   graph_4     : -6.0188989713170309e-10 +/- 1.51e-11 [2184 selected]
| >   graph_5     : -3.9211944651519314e-11 +/- 1.71e-12 [2178 selected]
| >   graph_6     : -3.5966797866618392e-11 +/- 1.78e-12 [2148 selected]
| >   graph_7     : 6.3959346904235849e-11 +/- 2.59e-12 [2088 selected]
| >   graph_8     : -9.1529433194478197e-10 +/- 1.36e-11 [3530 selected]
| >   graph_9     : 1.0755902027823511e-09 +/- 1.45e-11 [3638 selected]
| >   graph_10    : -2.7256774349298157e-09 +/- 8.19e-11 [19843 selected]
| >   graph_11    : 2.0598119669138683e-27 +/- 3.19e-28 [2087 selected]
| >   graph_12    : -5.5760475604788967e-10 +/- 9.63e-12 [2808 selected]
| >   graph_13    : -1.1761046148165612e-08 +/- 1.02e-10 [27152 selected]
| >   graph_14    : 1.0979198620899227e-10 +/- 5.57e-13 [2153 selected]
| >   graph_15    : 7.5974008788465160e-24 +/- 6.15e-24 [2219 selected]
| >   graph_16    : 3.8862730911342164e-09 +/- 1.54e-11 [2170 selected]
| >   graph_17    : -3.6227112364318710e-10 +/- 1.77e-12 [2130 selected]
| >   graph_18    : 1.2025416585249309e-08 +/- 6.70e-11 [16065 selected]
| >   graph_19    : 1.0565572790364092e-09 +/- 6.27e-12 [2152 selected]
| >   graph_20    : -7.6537167959598199e-10 +/- 4.39e-12 [2160 selected]
| >   graph_21    : -8.6444528570084525e-10 +/- 1.46e-11 [3896 selected]
| >   graph_22    : -5.0924255790331606e-10 +/- 1.31e-11 [2194 selected]
| >   graph_23    : -2.9989175053957940e-10 +/- 1.41e-11 [2068 selected]
| >   graph_24    : 5.7521174255235162e-10 +/- 2.24e-11 [3257 selected]
| >   graph_25    : 4.3633086874085071e-10 +/- 1.32e-11 [2117 selected]
| >   graph_26    : -2.1391013536135920e-10 +/- 1.08e-12 [2108 selected]
| >   graph_27    : -2.7156412004204436e-11 +/- 1.31e-13 [2109 selected]
| >   graph_28    : -1.1730539654208256e-09 +/- 9.81e-12 [2109 selected]
| >   graph_29    : 6.8012321511612030e-08 +/- 1.71e-10 [56390 selected]
| >   graph_30    : -1.5025188788082140e-09 +/- 1.44e-10 [48932 selected]
| >   graph_31    : 4.0793598093867685e-11 +/- 5.11e-13 [2063 selected]
| >   graph_32    : -5.0864234210404828e-11 +/- 9.16e-12 [2170 selected]
| >   graph_33    : -1.9153677265919822e-09 +/- 3.12e-11 [4953 selected]
| >   graph_34    : 6.1515242896608453e-26 +/- 4.39e-26 [2195 selected]
| >   graph_35    : 2.5177858273191783e-08 +/- 1.64e-10 [64372 selected]
| >   graph_36    : -2.9568068435122943e-09 +/- 3.08e-11 [5870 selected]
| >   graph_37    : 1.6176370604882550e-08 +/- 8.42e-11 [21674 selected]
| >   graph_38    : 4.0115240996686541e-10 +/- 4.25e-12 [2112 selected]
| >   graph_39    : -7.6424439462469045e-09 +/- 5.27e-11 [10737 selected]
| >   graph_40    : -5.5957683364809482e-11 +/- 4.36e-10 [213335 selected]
| >   graph_41    : 1.7499561041021465e-09 +/- 2.32e-11 [5696 selected]
| >   graph_42    : 4.2587099427886688e-09 +/- 1.60e-10 [37719 selected]
| >   graph_43    : 3.1450241300716479e-09 +/- 3.27e-11 [6001 selected]
| >   graph_44    : 4.3953749761546561e-10 +/- 1.00e-11 [2460 selected]
| >   graph_45    : 2.3871365623357284e-10 +/- 1.16e-12 [2136 selected]
| >   graph_46    : -6.0351036566468412e-11 +/- 4.82e-13 [2081 selected]
| >   graph_47    : -5.7514373514679744e-09 +/- 8.84e-10 [195416 selected]
| >   graph_48    : -9.4122861851122371e-11 +/- 2.74e-12 [2216 selected]
| >   graph_49    : -3.4279465103820231e-08 +/- 9.62e-11 [23708 selected]
| >   graph_50    : 8.8041280629088550e-10 +/- 1.91e-11 [3288 selected]
| >   graph_51    : 5.7755626509429854e-09 +/- 2.36e-11 [2974 selected]
| >   graph_52    : 2.1068267651820548e-10 +/- 6.66e-12 [2141 selected]
| >   graph_53    : -8.0376279662447443e-10 +/- 1.95e-11 [5022 selected]
| >   graph_54    : -2.6296381105181390e-09 +/- 1.47e-10 [40208 selected]
| >   graph_55    : 1.1409824436170890e-09 +/- 1.72e-11 [4201 selected]
| >   graph_56    : -4.2088500602031695e-09 +/- 1.67e-11 [2208 selected]
| >   graph_57    : -1.2903530251869370e-08 +/- 7.32e-11 [17260 selected]
| >   graph_58    : 4.4188155491714167e-11 +/- 2.83e-12 [2129 selected]
| >   graph_59    : 3.9225759582862890e-11 +/- 2.81e-12 [2108 selected]
| >   graph_60    : -7.0782716064752245e-11 +/- 2.86e-12 [2130 selected]
| >   graph_61    : 1.2539921617703184e-08 +/- 1.04e-10 [26786 selected]
| >   graph_62    : -4.2865275678955441e-24 +/- 4.38e-24 [2127 selected]
| >   graph_63    : -1.1608371234378609e-09 +/- 1.23e-11 [2133 selected]
| >   graph_64    : 8.2540646061505831e-10 +/- 4.86e-12 [2074 selected]
| >   sum         : 3.0323662680611506e-08
| >   total       : 3.0323662680611526e-08
| >   difference  : -1.9852334701272664e-23
[92mINFO[0m [94msymbolica_integrator l.7237[0m [96mt=2026-09-09,12:29:35.568[0m > Symbolica integration: starting iteration [92m38/100[0m using [94m1000000[0m points ...
[92mINFO[0m [94msymbolica_integrator l.7270[0m [96mt=2026-09-09,12:37:44.018[0m > ... result after this iteration:
| > Integration result after [92m38000000[0m evaluations in [92m452543.00 CPU-s[0m [94m(11909.0 µs / eval)[0m
| > Extremal weights:
| >   with jacobian    : 6.83462e+04 at xs = [6.4810213514078670e-06 1.2872623629604971e-01 5.0135758672765640e-01 1.1579855220704659e-01 5.8362165858137149e-01 6.8012190464210887e-01] | jacobian = 1.24143e+06
| >     momentum space  : k = [[1.7896885893320363e-03, 1.8755163712599345e-03, 1.0440121451461144e+02]; [-3.8255413064754848e+01, -2.2179274606260584e+01, -2.8086543799527060e+01]]
| >   without jacobian : 5.81662e+02 at xs = [4.6244409640217324e-07 7.5278966738298070e-01 5.0008056585407423e-01 1.6937886588083906e-01 4.4118097394652966e-01 2.7878525065510779e-01] | jacobian = 1.57997e+04
| >     momentum space  : k = [[3.2421228909030028e-06, -1.8494930348985909e-04, 1.6255859331628312e+02]; [-5.8419867978341316e+01, 2.2630076346839729e+01, 5.2232438578599712e+01]]
| >   before clipping   : 9.98681e+06 at xs = [8.3467719100210645e-07 9.7335162888747240e-01 4.9988256086285943e-01 2.0723004776722920e-01 6.5365002924830884e-01 7.0669006840876458e-01]
| >     momentum space  : k = [[3.2920201179096123e-04, -5.5641427469180582e-05, 2.0838153618525493e+02]; [-4.7393146862245764e+01, -6.8480168786395993e+01, -6.3223000885692741e+01]]
| > Stability pipeline: float pairs accepted = 51646008, HP pairs attempted/accepted = 1461737/1461737
| > Stability triggers: float mismatch = 1352937, float non-finite/error = 606
| > HP precision escalations: attempted/accepted = 1935/1935
| > Higher-precision rejections: disagreement = 0, non-finite = 0, error = 0
| > Soft-mirror stability: pairs = 16440820, large-side triggers = 107641, HP orbits attempted/salvaged/failed = 1333075/1333075/0
| > Soft-mirror extrema: raw original = -2.22938e+09, post-average = 9.98681e+06
| > Strongest soft-mirror cancellation: residual/raw = 0.00000e+00
| > Unstable rotational-check points rejected = 0
| > Rotational-check high-precision retries = 1353543
| > Rotational-check high-precision salvaged = 1353543
| > Large-weight high-precision retries = 108194
| > Large-weight high-precision salvaged = 108194
| > Large-weight high-precision rejected = 0
| > Large-weight samples zeroed = 163 (4.289e-06 of samples; removed signed/absolute sums = 3.99314e+07/9.64490e+07)
| > Non-finite final outputs zeroed = 0
| > Non-finite float rotated evaluations seen = 32
| > Example higher-precision-retried xs = [2.6880750982012969e-01 1.7402049722655100e-01 6.0980772598890010e-02 9.9750773443479890e-01 3.0048234085139136e-01 8.2729716849149482e-01] | float rel = 1.44350e-07
| >     momentum space  : k = [[1.2864873913282938e+01, 2.4869169488989783e+01, 1.4436129598391815e+02]; [-2.5782389205217190e+04, 7.8539332094821817e+04, -1.3710486440690246e+05]]
| > Example large-weight higher-precision-retried xs = [1.9231173850990912e-01 6.5780162395444419e-01 8.8861886028403791e-01 7.0208850143205215e-04 5.4240755566925725e-01 5.0445441660376766e-01] | compiled = -1.10603e+04 | higher precision = -1.02451e-01
| >     momentum space  : k = [[-1.7873903535647262e+01, -2.7323121682648594e+01, -8.9469201105104602e+01]; [-2.7108866766462003e-01, -7.3992249469811575e-02, -3.9326328464896528e-03]]
| > Example NaN/non-finite rotated xs = [4.3974642111233074e-04 4.7267464511837748e-01 9.9995896344930690e-01 6.1497814457061539e-01 6.0079335026881553e-01 6.4637841020769249e-01]
| >     momentum space  : k = [[-2.2353286370510883e-05, 3.8760017987051835e-06, 1.2731159591423573e+03]; [-4.6150254078839635e+02, -3.3882885223629427e+02, -2.8355997629564860e+02]]
| > [92mCentral value[0m : +3.0283099701252154e-08   +/- 1.06e-09     ([91m3.498%[0m)
[92mINFO[0m [94msymbolica_integrator l.7274[0m [96mt=2026-09-09,12:37:44.018[0m > | > Graph-channel Symbolica observer estimates:
| >   graph_0     : -2.0664707998167778e-08 +/- 1.29e-10 [40423 selected]
| >   graph_1     : 3.5804464865861028e-10 +/- 8.25e-12 [2060 selected]
| >   graph_2     : -1.2854842994459107e-08 +/- 5.19e-11 [10688 selected]
| >   graph_3     : 1.0986690399156439e-10 +/- 1.49e-12 [2103 selected]
| >   graph_4     : -5.9802646689856751e-10 +/- 1.49e-11 [2066 selected]
| >   graph_5     : -3.8925575538030401e-11 +/- 1.69e-12 [2137 selected]
| >   graph_6     : -3.6517029494685954e-11 +/- 1.75e-12 [2166 selected]
| >   graph_7     : 6.4064873652352835e-11 +/- 2.55e-12 [2154 selected]
| >   graph_8     : -9.1410221449308337e-10 +/- 1.33e-11 [3590 selected]
| >   graph_9     : 1.0751113079398774e-09 +/- 1.43e-11 [3682 selected]
| >   graph_10    : -2.7414407306402752e-09 +/- 8.00e-11 [20052 selected]
| >   graph_11    : 2.0398532717091352e-27 +/- 3.13e-28 [2095 selected]
| >   graph_12    : -5.5538960590815403e-10 +/- 9.48e-12 [2751 selected]
| >   graph_13    : -1.1771446896138092e-08 +/- 9.97e-11 [28949 selected]
| >   graph_14    : 1.0977633640179711e-10 +/- 5.47e-13 [2128 selected]
| >   graph_15    : 7.3771232852389019e-24 +/- 5.99e-24 [2200 selected]
| >   graph_16    : 3.8840651103977781e-09 +/- 1.52e-11 [2068 selected]
| >   graph_17    : -3.6251772445063152e-10 +/- 1.74e-12 [2166 selected]
| >   graph_18    : 1.2023468239012433e-08 +/- 6.56e-11 [16079 selected]
| >   graph_19    : 1.0576204983907795e-09 +/- 6.18e-12 [2155 selected]
| >   graph_20    : -7.6515923874562310e-10 +/- 4.33e-12 [2119 selected]
| >   graph_21    : -8.6024615495865610e-10 +/- 1.43e-11 [3917 selected]
| >   graph_22    : -5.0778757661461655e-10 +/- 1.29e-11 [2024 selected]
| >   graph_23    : -2.9905713842637727e-10 +/- 1.38e-11 [2096 selected]
| >   graph_24    : 5.7785743710007267e-10 +/- 2.21e-11 [3190 selected]
| >   graph_25    : 4.3925104468322163e-10 +/- 1.30e-11 [2277 selected]
| >   graph_26    : -2.1401128780242547e-10 +/- 1.06e-12 [2135 selected]
| >   graph_27    : -2.7165127297557281e-11 +/- 1.29e-13 [2141 selected]
| >   graph_28    : -1.1741787029135547e-09 +/- 9.69e-12 [2073 selected]
| >   graph_29    : 6.8005534611926708e-08 +/- 1.67e-10 [56888 selected]
| >   graph_30    : -1.5029804261640307e-09 +/- 1.41e-10 [49152 selected]
| >   graph_31    : 4.0780802372676775e-11 +/- 5.04e-13 [2194 selected]
| >   graph_32    : -5.0630317111812407e-11 +/- 9.04e-12 [2124 selected]
| >   graph_33    : -1.9138841240229385e-09 +/- 3.07e-11 [4906 selected]
| >   graph_34    : 6.3033020171219072e-26 +/- 4.34e-26 [2074 selected]
| >   graph_35    : 2.5181870821713629e-08 +/- 1.61e-10 [64012 selected]
| >   graph_36    : -2.9489888620726707e-09 +/- 3.04e-11 [5734 selected]
| >   graph_37    : 1.6163569494883675e-08 +/- 8.27e-11 [21623 selected]
| >   graph_38    : 4.0040065162651081e-10 +/- 4.19e-12 [2132 selected]
| >   graph_39    : -7.6417835052166298e-09 +/- 5.19e-11 [10835 selected]
| >   graph_40    : -8.3049116079373376e-11 +/- 4.25e-10 [213407 selected]
| >   graph_41    : 1.7470414162605265e-09 +/- 2.28e-11 [5748 selected]
| >   graph_42    : 4.2788625284589362e-09 +/- 1.56e-10 [37109 selected]
| >   graph_43    : 3.1500893681559254e-09 +/- 3.22e-11 [6094 selected]
| >   graph_44    : 4.3884523690371969e-10 +/- 9.88e-12 [2427 selected]
| >   graph_45    : 2.3874318601626166e-10 +/- 1.14e-12 [2104 selected]
| >   graph_46    : -6.0321700721240325e-11 +/- 4.73e-13 [2108 selected]
| >   graph_47    : -5.7620700497358619e-09 +/- 8.60e-10 [192885 selected]
| >   graph_48    : -9.4109428827158115e-11 +/- 2.69e-12 [2154 selected]
| >   graph_49    : -3.4289090115577459e-08 +/- 9.45e-11 [24181 selected]
| >   graph_50    : 8.8303742147259156e-10 +/- 1.89e-11 [3229 selected]
| >   graph_51    : 5.7734994337869335e-09 +/- 2.32e-11 [3041 selected]
| >   graph_52    : 2.1074520745103266e-10 +/- 6.56e-12 [2116 selected]
| >   graph_53    : -8.0333203096335481e-10 +/- 1.92e-11 [5045 selected]
| >   graph_54    : -2.6464972136648139e-09 +/- 1.44e-10 [39696 selected]
| >   graph_55    : 1.1409983930124251e-09 +/- 1.69e-11 [4193 selected]
| >   graph_56    : -4.2112840942688328e-09 +/- 1.65e-11 [2186 selected]
| >   graph_57    : -1.2911416432132997e-08 +/- 7.18e-11 [17474 selected]
| >   graph_58    : 4.3512841199925430e-11 +/- 2.79e-12 [2122 selected]
| >   graph_59    : 3.9297473939080970e-11 +/- 2.77e-12 [2117 selected]
| >   graph_60    : -7.0693815983544879e-11 +/- 2.82e-12 [2050 selected]
| >   graph_61    : 1.2556084010319873e-08 +/- 1.02e-10 [26777 selected]
| >   graph_62    : -4.2118818721968324e-24 +/- 4.27e-24 [2103 selected]
| >   graph_63    : -1.1592470658713576e-09 +/- 1.21e-11 [2116 selected]
| >   graph_64    : 8.2596116288452149e-10 +/- 4.79e-12 [2160 selected]
| >   sum         : 3.0283099701252147e-08
| >   total       : 3.0283099701252154e-08
| >   difference  : -6.6174449004242214e-24
[92mINFO[0m [94msymbolica_integrator l.7237[0m [96mt=2026-09-09,12:37:44.018[0m > Symbolica integration: starting iteration [92m39/100[0m using [94m1000000[0m points ...
[92mINFO[0m [94msymbolica_integrator l.7270[0m [96mt=2026-09-09,12:44:17.616[0m > ... result after this iteration:
| > Integration result after [92m39000000[0m evaluations in [92m465776.62 CPU-s[0m [94m(11943.0 µs / eval)[0m
| > Extremal weights:
| >   with jacobian    : 6.83462e+04 at xs = [6.4810213514078670e-06 1.2872623629604971e-01 5.0135758672765640e-01 1.1579855220704659e-01 5.8362165858137149e-01 6.8012190464210887e-01] | jacobian = 1.24143e+06
| >     momentum space  : k = [[1.7896885893320363e-03, 1.8755163712599345e-03, 1.0440121451461144e+02]; [-3.8255413064754848e+01, -2.2179274606260584e+01, -2.8086543799527060e+01]]
| >   without jacobian : 5.81662e+02 at xs = [4.6244409640217324e-07 7.5278966738298070e-01 5.0008056585407423e-01 1.6937886588083906e-01 4.4118097394652966e-01 2.7878525065510779e-01] | jacobian = 1.57997e+04
| >     momentum space  : k = [[3.2421228909030028e-06, -1.8494930348985909e-04, 1.6255859331628312e+02]; [-5.8419867978341316e+01, 2.2630076346839729e+01, 5.2232438578599712e+01]]
| >   before clipping   : -2.55117e+07 at xs = [2.0214007142192894e-01 6.7355269817953467e-01 7.7233159137948548e-01 5.1992145336682813e-06 3.3776341695909373e-01 4.9975058707764103e-01]
| >     momentum space  : k = [[-3.0709207392714490e+01, -5.8939013448895608e+01, -7.6505962958815175e+01]; [-1.0895715515227733e-03, 1.7714314087560576e-03, 1.6295540371570851e-06]]
| > Stability pipeline: float pairs accepted = 52995967, HP pairs attempted/accepted = 1503585/1503585
| > Stability triggers: float mismatch = 1391932, float non-finite/error = 630
| > HP precision escalations: attempted/accepted = 2011/2011
| > Higher-precision rejections: disagreement = 0, non-finite = 0, error = 0
| > Soft-mirror stability: pairs = 16871051, large-side triggers = 110455, HP orbits attempted/salvaged/failed = 1371499/1371499/0
| > Soft-mirror extrema: raw original = -2.22938e+09, post-average = -2.55117e+07
| > Strongest soft-mirror cancellation: residual/raw = 0.00000e+00
| > Unstable rotational-check points rejected = 0
| > Rotational-check high-precision retries = 1392562
| > Rotational-check high-precision salvaged = 1392562
| > Large-weight high-precision retries = 111023
| > Large-weight high-precision salvaged = 111023
| > Large-weight high-precision rejected = 0
| > Large-weight samples zeroed = 167 (4.282e-06 of samples; removed signed/absolute sums = 1.47914e+07/1.22332e+08)
| > Non-finite final outputs zeroed = 0
| > Non-finite float rotated evaluations seen = 33
| > Example higher-precision-retried xs = [2.6880750982012969e-01 1.7402049722655100e-01 6.0980772598890010e-02 9.9750773443479890e-01 3.0048234085139136e-01 8.2729716849149482e-01] | float rel = 1.44350e-07
| >     momentum space  : k = [[1.2864873913282938e+01, 2.4869169488989783e+01, 1.4436129598391815e+02]; [-2.5782389205217190e+04, 7.8539332094821817e+04, -1.3710486440690246e+05]]
| > Example large-weight higher-precision-retried xs = [1.9231173850990912e-01 6.5780162395444419e-01 8.8861886028403791e-01 7.0208850143205215e-04 5.4240755566925725e-01 5.0445441660376766e-01] | compiled = -1.10603e+04 | higher precision = -1.02451e-01
| >     momentum space  : k = [[-1.7873903535647262e+01, -2.7323121682648594e+01, -8.9469201105104602e+01]; [-2.7108866766462003e-01, -7.3992249469811575e-02, -3.9326328464896528e-03]]
| > Example NaN/non-finite rotated xs = [4.3974642111233074e-04 4.7267464511837748e-01 9.9995896344930690e-01 6.1497814457061539e-01 6.0079335026881553e-01 6.4637841020769249e-01]
| >     momentum space  : k = [[-2.2353286370510883e-05, 3.8760017987051835e-06, 1.2731159591423573e+03]; [-4.6150254078839635e+02, -3.3882885223629427e+02, -2.8355997629564860e+02]]
| > [92mCentral value[0m : +3.0362260636302837e-08   +/- 1.03e-09     ([91m3.403%[0m)
[92mINFO[0m [94msymbolica_integrator l.7274[0m [96mt=2026-09-09,12:44:17.617[0m > | > Graph-channel Symbolica observer estimates:
| >   graph_0     : -2.0651041989574187e-08 +/- 1.27e-10 [40130 selected]
| >   graph_1     : 3.5623212658820267e-10 +/- 8.15e-12 [2147 selected]
| >   graph_2     : -1.2845144487713527e-08 +/- 5.11e-11 [10491 selected]
| >   graph_3     : 1.0989606992962883e-10 +/- 1.46e-12 [2110 selected]
| >   graph_4     : -5.9619893960087522e-10 +/- 1.47e-11 [2083 selected]
| >   graph_5     : -3.9206683528760774e-11 +/- 1.66e-12 [2071 selected]
| >   graph_6     : -3.6676991019529835e-11 +/- 1.73e-12 [2185 selected]
| >   graph_7     : 6.4018181168785886e-11 +/- 2.51e-12 [2113 selected]
| >   graph_8     : -9.1371034107901307e-10 +/- 1.31e-11 [3688 selected]
| >   graph_9     : 1.0745349823909917e-09 +/- 1.40e-11 [3534 selected]
| >   graph_10    : -2.7557395498059985e-09 +/- 7.83e-11 [19987 selected]
| >   graph_11    : 1.9863507000744726e-27 +/- 3.08e-28 [2083 selected]
| >   graph_12    : -5.5450868998426334e-10 +/- 9.33e-12 [2703 selected]
| >   graph_13    : -1.1789757494669228e-08 +/- 9.78e-11 [28770 selected]
| >   graph_14    : 1.0970996857811061e-10 +/- 5.38e-13 [2116 selected]
| >   graph_15    : 7.2453802911872330e-24 +/- 5.84e-24 [2166 selected]
| >   graph_16    : 3.8859983872474784e-09 +/- 1.50e-11 [2166 selected]
| >   graph_17    : -3.6240019297864123e-10 +/- 1.71e-12 [2084 selected]
| >   graph_18    : 1.2021518938794755e-08 +/- 6.43e-11 [16371 selected]
| >   graph_19    : 1.0562545542430545e-09 +/- 6.10e-12 [2048 selected]
| >   graph_20    : -7.6382886058957477e-10 +/- 4.27e-12 [2069 selected]
| >   graph_21    : -8.6076919162774310e-10 +/- 1.41e-11 [3836 selected]
| >   graph_22    : -5.0770031868344889e-10 +/- 1.27e-11 [2135 selected]
| >   graph_23    : -2.9803673913661363e-10 +/- 1.34e-11 [2143 selected]
| >   graph_24    : 5.8289736953143557e-10 +/- 2.18e-11 [3236 selected]
| >   graph_25    : 4.3674467621002428e-10 +/- 1.29e-11 [2105 selected]
| >   graph_26    : -2.1382412903106202e-10 +/- 1.04e-12 [2076 selected]
| >   graph_27    : -2.7194406690896386e-11 +/- 1.27e-13 [2146 selected]
| >   graph_28    : -1.1740619422789475e-09 +/- 9.57e-12 [2132 selected]
| >   graph_29    : 6.8023844458281569e-08 +/- 1.64e-10 [56842 selected]
| >   graph_30    : -1.4832133826624091e-09 +/- 1.38e-10 [49711 selected]
| >   graph_31    : 4.0785558715559791e-11 +/- 4.96e-13 [2207 selected]
| >   graph_32    : -5.2044275558124830e-11 +/- 8.92e-12 [2177 selected]
| >   graph_33    : -1.9048426450594411e-09 +/- 3.03e-11 [4851 selected]
| >   graph_34    : 4.9955922768559786e-26 +/- 4.27e-26 [2173 selected]
| >   graph_35    : 2.5213548944441119e-08 +/- 1.57e-10 [64909 selected]
| >   graph_36    : -2.9471358538311608e-09 +/- 3.00e-11 [5820 selected]
| >   graph_37    : 1.6153188120956146e-08 +/- 8.13e-11 [21903 selected]
| >   graph_38    : 4.0025724915538312e-10 +/- 4.13e-12 [2198 selected]
| >   graph_39    : -7.6454707334940099e-09 +/- 5.11e-11 [10920 selected]
| >   graph_40    : -7.3858859121859574e-11 +/- 4.14e-10 [211920 selected]
| >   graph_41    : 1.7461334772994148e-09 +/- 2.24e-11 [5763 selected]
| >   graph_42    : 4.2810555990678245e-09 +/- 1.52e-10 [37479 selected]
| >   graph_43    : 3.1606259937448987e-09 +/- 3.18e-11 [6179 selected]
| >   graph_44    : 4.4043042737370109e-10 +/- 9.74e-12 [2493 selected]
| >   graph_45    : 2.3891696984816540e-10 +/- 1.12e-12 [2162 selected]
| >   graph_46    : -6.0387548427007115e-11 +/- 4.65e-13 [2140 selected]
| >   graph_47    : -5.7863697354452228e-09 +/- 8.38e-10 [191936 selected]
| >   graph_48    : -9.4340884812273358e-11 +/- 2.65e-12 [2228 selected]
| >   graph_49    : -3.4287669284393231e-08 +/- 9.29e-11 [24132 selected]
| >   graph_50    : 8.8267507593122606e-10 +/- 1.86e-11 [3215 selected]
| >   graph_51    : 5.7843990126298598e-09 +/- 2.30e-11 [3153 selected]
| >   graph_52    : 2.1005476917452321e-10 +/- 6.47e-12 [2045 selected]
| >   graph_53    : -8.0192239295445191e-10 +/- 1.89e-11 [4969 selected]
| >   graph_54    : -2.6422976453841253e-09 +/- 1.41e-10 [40283 selected]
| >   graph_55    : 1.1404151150086990e-09 +/- 1.66e-11 [4141 selected]
| >   graph_56    : -4.2096576872177486e-09 +/- 1.63e-11 [2165 selected]
| >   graph_57    : -1.2898639519728469e-08 +/- 7.04e-11 [17233 selected]
| >   graph_58    : 4.3210103236054380e-11 +/- 2.75e-12 [2097 selected]
| >   graph_59    : 3.9591436222120701e-11 +/- 2.73e-12 [2140 selected]
| >   graph_60    : -7.0848316374993028e-11 +/- 2.78e-12 [2141 selected]
| >   graph_61    : 1.2547095003067841e-08 +/- 9.97e-11 [26883 selected]
| >   graph_62    : -4.1959656574041507e-24 +/- 4.16e-24 [2178 selected]
| >   graph_63    : -1.1590349088735409e-09 +/- 1.19e-11 [2096 selected]
| >   graph_64    : 8.2576268879662658e-10 +/- 4.73e-12 [2194 selected]
| >   sum         : 3.0362260636302824e-08
| >   total       : 3.0362260636302837e-08
| >   difference  : -1.3234889800848443e-23
[92mINFO[0m [94msymbolica_integrator l.7237[0m [96mt=2026-09-09,12:44:17.617[0m > Symbolica integration: starting iteration [92m40/100[0m using [94m1000000[0m points ...
[92mINFO[0m [94msymbolica_integrator l.7270[0m [96mt=2026-09-09,12:51:52.865[0m > ... result after this iteration:
| > Integration result after [92m40000000[0m evaluations in [92m483043.20 CPU-s[0m [94m(12076.1 µs / eval)[0m
| > Extremal weights:
| >   with jacobian    : 6.83462e+04 at xs = [6.4810213514078670e-06 1.2872623629604971e-01 5.0135758672765640e-01 1.1579855220704659e-01 5.8362165858137149e-01 6.8012190464210887e-01] | jacobian = 1.24143e+06
| >     momentum space  : k = [[1.7896885893320363e-03, 1.8755163712599345e-03, 1.0440121451461144e+02]; [-3.8255413064754848e+01, -2.2179274606260584e+01, -2.8086543799527060e+01]]
| >   without jacobian : 5.81662e+02 at xs = [4.6244409640217324e-07 7.5278966738298070e-01 5.0008056585407423e-01 1.6937886588083906e-01 4.4118097394652966e-01 2.7878525065510779e-01] | jacobian = 1.57997e+04
| >     momentum space  : k = [[3.2421228909030028e-06, -1.8494930348985909e-04, 1.6255859331628312e+02]; [-5.8419867978341316e+01, 2.2630076346839729e+01, 5.2232438578599712e+01]]
| >   before clipping   : -2.55117e+07 at xs = [2.0214007142192894e-01 6.7355269817953467e-01 7.7233159137948548e-01 5.1992145336682813e-06 3.3776341695909373e-01 4.9975058707764103e-01]
| >     momentum space  : k = [[-3.0709207392714490e+01, -5.8939013448895608e+01, -7.6505962958815175e+01]; [-1.0895715515227733e-03, 1.7714314087560576e-03, 1.6295540371570851e-06]]
| > Stability pipeline: float pairs accepted = 54347377, HP pairs attempted/accepted = 1544674/1544674
| > Stability triggers: float mismatch = 1430305, float non-finite/error = 647
| > HP precision escalations: attempted/accepted = 2056/2056
| > Higher-precision rejections: disagreement = 0, non-finite = 0, error = 0
| > Soft-mirror stability: pairs = 17301416, large-side triggers = 113137, HP orbits attempted/salvaged/failed = 1409365/1409365/0
| > Soft-mirror extrema: raw original = -2.22938e+09, post-average = -2.55117e+07
| > Strongest soft-mirror cancellation: residual/raw = 0.00000e+00
| > Unstable rotational-check points rejected = 0
| > Rotational-check high-precision retries = 1430952
| > Rotational-check high-precision salvaged = 1430952
| > Large-weight high-precision retries = 113722
| > Large-weight high-precision salvaged = 113722
| > Large-weight high-precision rejected = 0
| > Large-weight samples zeroed = 174 (4.350e-06 of samples; removed signed/absolute sums = 1.85226e+07/1.26063e+08)
| > Non-finite final outputs zeroed = 0
| > Non-finite float rotated evaluations seen = 34
| > Example higher-precision-retried xs = [2.6880750982012969e-01 1.7402049722655100e-01 6.0980772598890010e-02 9.9750773443479890e-01 3.0048234085139136e-01 8.2729716849149482e-01] | float rel = 1.44350e-07
| >     momentum space  : k = [[1.2864873913282938e+01, 2.4869169488989783e+01, 1.4436129598391815e+02]; [-2.5782389205217190e+04, 7.8539332094821817e+04, -1.3710486440690246e+05]]
| > Example large-weight higher-precision-retried xs = [1.9231173850990912e-01 6.5780162395444419e-01 8.8861886028403791e-01 7.0208850143205215e-04 5.4240755566925725e-01 5.0445441660376766e-01] | compiled = -1.10603e+04 | higher precision = -1.02451e-01
| >     momentum space  : k = [[-1.7873903535647262e+01, -2.7323121682648594e+01, -8.9469201105104602e+01]; [-2.7108866766462003e-01, -7.3992249469811575e-02, -3.9326328464896528e-03]]
| > Example NaN/non-finite rotated xs = [4.3974642111233074e-04 4.7267464511837748e-01 9.9995896344930690e-01 6.1497814457061539e-01 6.0079335026881553e-01 6.4637841020769249e-01]
| >     momentum space  : k = [[-2.2353286370510883e-05, 3.8760017987051835e-06, 1.2731159591423573e+03]; [-4.6150254078839635e+02, -3.3882885223629427e+02, -2.8355997629564860e+02]]
| > [92mCentral value[0m : +3.0338007709742355e-08   +/- 1.01e-09     ([91m3.325%[0m)
[92mINFO[0m [94msymbolica_integrator l.7274[0m [96mt=2026-09-09,12:51:52.866[0m > | > Graph-channel Symbolica observer estimates:
| >   graph_0     : -2.0647564805209280e-08 +/- 1.25e-10 [40694 selected]
| >   graph_1     : 3.5573978760526932e-10 +/- 8.01e-12 [2158 selected]
| >   graph_2     : -1.2838309668664650e-08 +/- 5.03e-11 [10678 selected]
| >   graph_3     : 1.0984283945084411e-10 +/- 1.44e-12 [2090 selected]
| >   graph_4     : -5.9874968662791468e-10 +/- 1.46e-11 [2123 selected]
| >   graph_5     : -3.9026103308432702e-11 +/- 1.64e-12 [2067 selected]
| >   graph_6     : -3.6870561189201964e-11 +/- 1.71e-12 [2162 selected]
| >   graph_7     : 6.3822461469059757e-11 +/- 2.48e-12 [2117 selected]
| >   graph_8     : -9.1292832307776993e-10 +/- 1.29e-11 [3575 selected]
| >   graph_9     : 1.0732607917653727e-09 +/- 1.38e-11 [3471 selected]
| >   graph_10    : -2.7460156429511215e-09 +/- 7.67e-11 [20028 selected]
| >   graph_11    : 1.9263975168809866e-27 +/- 3.04e-28 [2129 selected]
| >   graph_12    : -5.5627996327132995e-10 +/- 9.20e-12 [2726 selected]
| >   graph_13    : -1.1787280117502905e-08 +/- 9.58e-11 [28856 selected]
| >   graph_14    : 1.0960271319646973e-10 +/- 5.29e-13 [2061 selected]
| >   graph_15    : 7.0403174726011628e-24 +/- 5.69e-24 [2120 selected]
| >   graph_16    : 3.8875057657950364e-09 +/- 1.48e-11 [2146 selected]
| >   graph_17    : -3.6219093912872111e-10 +/- 1.69e-12 [2068 selected]
| >   graph_18    : 1.2015723927176880e-08 +/- 6.31e-11 [16213 selected]
| >   graph_19    : 1.0566421545014450e-09 +/- 6.02e-12 [2108 selected]
| >   graph_20    : -7.6438389743731299e-10 +/- 4.21e-12 [2119 selected]
| >   graph_21    : -8.6479489288052179e-10 +/- 1.39e-11 [3831 selected]
| >   graph_22    : -5.0701700512992099e-10 +/- 1.24e-11 [2049 selected]
| >   graph_23    : -2.9807992489841027e-10 +/- 1.31e-11 [2096 selected]
| >   graph_24    : 5.7848305154663397e-10 +/- 2.15e-11 [3313 selected]
| >   graph_25    : 4.3661920546471918e-10 +/- 1.27e-11 [2028 selected]
| >   graph_26    : -2.1397098209849950e-10 +/- 1.02e-12 [2168 selected]
| >   graph_27    : -2.7179140033044946e-11 +/- 1.25e-13 [2053 selected]
| >   graph_28    : -1.1749612372097473e-09 +/- 9.46e-12 [2112 selected]
| >   graph_29    : 6.8015797482000389e-08 +/- 1.60e-10 [56783 selected]
| >   graph_30    : -1.4832622003531056e-09 +/- 1.35e-10 [49953 selected]
| >   graph_31    : 4.0912483715824534e-11 +/- 4.91e-13 [2138 selected]
| >   graph_32    : -5.1297160503113933e-11 +/- 8.80e-12 [2112 selected]
| >   graph_33    : -1.9050391398440291e-09 +/- 2.98e-11 [4903 selected]
| >   graph_34    : 4.5221246059022090e-26 +/- 4.20e-26 [2130 selected]
| >   graph_35    : 2.5219295280882637e-08 +/- 1.54e-10 [64406 selected]
| >   graph_36    : -2.9485384079341966e-09 +/- 2.95e-11 [5845 selected]
| >   graph_37    : 1.6157468698621645e-08 +/- 8.00e-11 [21962 selected]
| >   graph_38    : 3.9960765924953940e-10 +/- 4.09e-12 [2148 selected]
| >   graph_39    : -7.6436188263424713e-09 +/- 5.04e-11 [10909 selected]
| >   graph_40    : -8.0420364862608495e-11 +/- 4.04e-10 [212412 selected]
| >   graph_41    : 1.7419740821002768e-09 +/- 2.21e-11 [5707 selected]
| >   graph_42    : 4.2792284459431273e-09 +/- 1.49e-10 [37414 selected]
| >   graph_43    : 3.1555689547085860e-09 +/- 3.13e-11 [6088 selected]
| >   graph_44    : 4.4290455731647589e-10 +/- 9.59e-12 [2508 selected]
| >   graph_45    : 2.3906998899084652e-10 +/- 1.10e-12 [2148 selected]
| >   graph_46    : -6.0391088819132060e-11 +/- 4.57e-13 [2154 selected]
| >   graph_47    : -5.8154001272802781e-09 +/- 8.18e-10 [191590 selected]
| >   graph_48    : -9.4049344924781279e-11 +/- 2.61e-12 [2061 selected]
| >   graph_49    : -3.4258426728774262e-08 +/- 9.13e-11 [23993 selected]
| >   graph_50    : 8.8111273630182176e-10 +/- 1.84e-11 [3281 selected]
| >   graph_51    : 5.7814808804439978e-09 +/- 2.27e-11 [3058 selected]
| >   graph_52    : 2.0846263583893472e-10 +/- 6.38e-12 [2026 selected]
| >   graph_53    : -8.0681497331783616e-10 +/- 1.86e-11 [5066 selected]
| >   graph_54    : -2.6299220562705652e-09 +/- 1.38e-10 [40217 selected]
| >   graph_55    : 1.1419142062079067e-09 +/- 1.64e-11 [4224 selected]
| >   graph_56    : -4.2040037762436155e-09 +/- 1.61e-11 [2063 selected]
| >   graph_57    : -1.2912370930278835e-08 +/- 6.92e-11 [17509 selected]
| >   graph_58    : 4.3600755766384685e-11 +/- 2.71e-12 [2152 selected]
| >   graph_59    : 3.9311053332170542e-11 +/- 2.70e-12 [2177 selected]
| >   graph_60    : -7.1192690380029098e-11 +/- 2.74e-12 [2142 selected]
| >   graph_61    : 1.2533653240795501e-08 +/- 9.85e-11 [27032 selected]
| >   graph_62    : -3.8994651047518051e-24 +/- 4.06e-24 [2094 selected]
| >   graph_63    : -1.1559354471603583e-09 +/- 1.18e-11 [2129 selected]
| >   graph_64    : 8.2568802346255740e-10 +/- 4.66e-12 [2107 selected]
| >   sum         : 3.0338007709742355e-08
| >   total       : 3.0338007709742355e-08
| >   difference  : 0.0000000000000000e+00
[92mINFO[0m [94msymbolica_integrator l.7237[0m [96mt=2026-09-09,12:51:52.866[0m > Symbolica integration: starting iteration [92m41/100[0m using [94m1000000[0m points ...
[92mINFO[0m [94msymbolica_integrator l.7270[0m [96mt=2026-09-09,13:00:30.346[0m > ... result after this iteration:
| > Integration result after [92m41000000[0m evaluations in [92m509572.49 CPU-s[0m [94m(12428.6 µs / eval)[0m
| > Extremal weights:
| >   with jacobian    : 6.83462e+04 at xs = [6.4810213514078670e-06 1.2872623629604971e-01 5.0135758672765640e-01 1.1579855220704659e-01 5.8362165858137149e-01 6.8012190464210887e-01] | jacobian = 1.24143e+06
| >     momentum space  : k = [[1.7896885893320363e-03, 1.8755163712599345e-03, 1.0440121451461144e+02]; [-3.8255413064754848e+01, -2.2179274606260584e+01, -2.8086543799527060e+01]]
| >   without jacobian : 5.81662e+02 at xs = [4.6244409640217324e-07 7.5278966738298070e-01 5.0008056585407423e-01 1.6937886588083906e-01 4.4118097394652966e-01 2.7878525065510779e-01] | jacobian = 1.57997e+04
| >     momentum space  : k = [[3.2421228909030028e-06, -1.8494930348985909e-04, 1.6255859331628312e+02]; [-5.8419867978341316e+01, 2.2630076346839729e+01, 5.2232438578599712e+01]]
| >   before clipping   : -2.55117e+07 at xs = [2.0214007142192894e-01 6.7355269817953467e-01 7.7233159137948548e-01 5.1992145336682813e-06 3.3776341695909373e-01 4.9975058707764103e-01]
| >     momentum space  : k = [[-3.0709207392714490e+01, -5.8939013448895608e+01, -7.6505962958815175e+01]; [-1.0895715515227733e-03, 1.7714314087560576e-03, 1.6295540371570851e-06]]
| > Stability pipeline: float pairs accepted = 55699945, HP pairs attempted/accepted = 1584904/1584904
| > Stability triggers: float mismatch = 1467851, float non-finite/error = 668
| > HP precision escalations: attempted/accepted = 2111/2111
| > Higher-precision rejections: disagreement = 0, non-finite = 0, error = 0
| > Soft-mirror stability: pairs = 17730962, large-side triggers = 115782, HP orbits attempted/salvaged/failed = 1446113/1446113/0
| > Soft-mirror extrema: raw original = -2.22938e+09, post-average = -2.55117e+07
| > Strongest soft-mirror cancellation: residual/raw = 0.00000e+00
| > Unstable rotational-check points rejected = 0
| > Rotational-check high-precision retries = 1468519
| > Rotational-check high-precision salvaged = 1468519
| > Large-weight high-precision retries = 116385
| > Large-weight high-precision salvaged = 116385
| > Large-weight high-precision rejected = 0
| > Large-weight samples zeroed = 179 (4.366e-06 of samples; removed signed/absolute sums = 1.96775e+07/1.27357e+08)
| > Non-finite final outputs zeroed = 0
| > Non-finite float rotated evaluations seen = 35
| > Example higher-precision-retried xs = [2.6880750982012969e-01 1.7402049722655100e-01 6.0980772598890010e-02 9.9750773443479890e-01 3.0048234085139136e-01 8.2729716849149482e-01] | float rel = 1.44350e-07
| >     momentum space  : k = [[1.2864873913282938e+01, 2.4869169488989783e+01, 1.4436129598391815e+02]; [-2.5782389205217190e+04, 7.8539332094821817e+04, -1.3710486440690246e+05]]
| > Example large-weight higher-precision-retried xs = [1.9231173850990912e-01 6.5780162395444419e-01 8.8861886028403791e-01 7.0208850143205215e-04 5.4240755566925725e-01 5.0445441660376766e-01] | compiled = -1.10603e+04 | higher precision = -1.02451e-01
| >     momentum space  : k = [[-1.7873903535647262e+01, -2.7323121682648594e+01, -8.9469201105104602e+01]; [-2.7108866766462003e-01, -7.3992249469811575e-02, -3.9326328464896528e-03]]
| > Example NaN/non-finite rotated xs = [4.3974642111233074e-04 4.7267464511837748e-01 9.9995896344930690e-01 6.1497814457061539e-01 6.0079335026881553e-01 6.4637841020769249e-01]
| >     momentum space  : k = [[-2.2353286370510883e-05, 3.8760017987051835e-06, 1.2731159591423573e+03]; [-4.6150254078839635e+02, -3.3882885223629427e+02, -2.8355997629564860e+02]]
| > [92mCentral value[0m : +3.0322976223427868e-08   +/- 9.85e-10     ([91m3.249%[0m)
[92mINFO[0m [94msymbolica_integrator l.7274[0m [96mt=2026-09-09,13:00:30.347[0m > | > Graph-channel Symbolica observer estimates:
| >   graph_0     : -2.0644683461481346e-08 +/- 1.22e-10 [40886 selected]
| >   graph_1     : 3.5496436606112046e-10 +/- 7.90e-12 [2099 selected]
| >   graph_2     : -1.2845553596856644e-08 +/- 4.96e-11 [10779 selected]
| >   graph_3     : 1.0981692319478067e-10 +/- 1.42e-12 [2135 selected]
| >   graph_4     : -5.9870466348942852e-10 +/- 1.44e-11 [2126 selected]
| >   graph_5     : -3.9090601767537144e-11 +/- 1.62e-12 [2121 selected]
| >   graph_6     : -3.6969390880798059e-11 +/- 1.69e-12 [2127 selected]
| >   graph_7     : 6.3496327390572875e-11 +/- 2.45e-12 [2140 selected]
| >   graph_8     : -9.1213518416113440e-10 +/- 1.27e-11 [3560 selected]
| >   graph_9     : 1.0693955922042705e-09 +/- 1.36e-11 [3575 selected]
| >   graph_10    : -2.7370789155747603e-09 +/- 7.52e-11 [20023 selected]
| >   graph_11    : 1.8949170363576207e-27 +/- 2.99e-28 [2068 selected]
| >   graph_12    : -5.5687447661079604e-10 +/- 9.06e-12 [2705 selected]
| >   graph_13    : -1.1806966924372206e-08 +/- 9.56e-11 [28841 selected]
| >   graph_14    : 1.0959761002325230e-10 +/- 5.20e-13 [2096 selected]
| >   graph_15    : 6.8420299701405830e-24 +/- 5.55e-24 [2058 selected]
| >   graph_16    : 3.8884711964750032e-09 +/- 1.46e-11 [2145 selected]
| >   graph_17    : -3.6246186991090475e-10 +/- 1.66e-12 [2138 selected]
| >   graph_18    : 1.2003428162304163e-08 +/- 6.19e-11 [15976 selected]
| >   graph_19    : 1.0557370931774218e-09 +/- 5.94e-12 [2068 selected]
| >   graph_20    : -7.6383517030640653e-10 +/- 4.16e-12 [2034 selected]
| >   graph_21    : -8.6294426876937075e-10 +/- 1.37e-11 [3806 selected]
| >   graph_22    : -5.0475580862506211e-10 +/- 1.22e-11 [2126 selected]
| >   graph_23    : -2.9745519702119677e-10 +/- 1.28e-11 [2093 selected]
| >   graph_24    : 5.8121460312623991e-10 +/- 2.12e-11 [3386 selected]
| >   graph_25    : 4.3682075238754391e-10 +/- 1.26e-11 [2096 selected]
| >   graph_26    : -2.1398472425421784e-10 +/- 1.01e-12 [2165 selected]
| >   graph_27    : -2.7164325723198677e-11 +/- 1.23e-13 [2069 selected]
| >   graph_28    : -1.1770125877674522e-09 +/- 9.35e-12 [2164 selected]
| >   graph_29    : 6.8030290178565187e-08 +/- 1.57e-10 [57615 selected]
| >   graph_30    : -1.4816513715416013e-09 +/- 1.32e-10 [49527 selected]
| >   graph_31    : 4.0960057952736058e-11 +/- 4.85e-13 [2143 selected]
| >   graph_32    : -5.0818814269737445e-11 +/- 8.69e-12 [2150 selected]
| >   graph_33    : -1.9051745372997164e-09 +/- 2.94e-11 [5072 selected]
| >   graph_34    : 5.1211095973326938e-26 +/- 4.13e-26 [2167 selected]
| >   graph_35    : 2.5205053190092865e-08 +/- 1.51e-10 [64742 selected]
| >   graph_36    : -2.9456897094754084e-09 +/- 2.91e-11 [5725 selected]
| >   graph_37    : 1.6160416537465769e-08 +/- 7.88e-11 [22156 selected]
| >   graph_38    : 3.9971746756113297e-10 +/- 4.04e-12 [2131 selected]
| >   graph_39    : -7.6435404846041501e-09 +/- 4.96e-11 [10928 selected]
| >   graph_40    : -1.1778409219306415e-10 +/- 3.94e-10 [210717 selected]
| >   graph_41    : 1.7445281558353233e-09 +/- 2.17e-11 [5906 selected]
| >   graph_42    : 4.3023437355375781e-09 +/- 1.46e-10 [37637 selected]
| >   graph_43    : 3.1631542440651680e-09 +/- 3.09e-11 [6236 selected]
| >   graph_44    : 4.4391783402487868e-10 +/- 9.46e-12 [2535 selected]
| >   graph_45    : 2.3932153192828100e-10 +/- 1.09e-12 [2175 selected]
| >   graph_46    : -6.0432419170952705e-11 +/- 4.50e-13 [2143 selected]
| >   graph_47    : -5.8474646842359850e-09 +/- 7.98e-10 [191354 selected]
| >   graph_48    : -9.4071591257998989e-11 +/- 2.57e-12 [2103 selected]
| >   graph_49    : -3.4244224272729889e-08 +/- 8.98e-11 [23966 selected]
| >   graph_50    : 8.8133066229636830e-10 +/- 1.82e-11 [3192 selected]
| >   graph_51    : 5.7781451676888269e-09 +/- 2.24e-11 [3052 selected]
| >   graph_52    : 2.0849442058575186e-10 +/- 6.30e-12 [2128 selected]
| >   graph_53    : -8.0656649872137684e-10 +/- 1.83e-11 [5075 selected]
| >   graph_54    : -2.6242061330960728e-09 +/- 1.35e-10 [40193 selected]
| >   graph_55    : 1.1405126927159607e-09 +/- 1.62e-11 [4203 selected]
| >   graph_56    : -4.2058865305258489e-09 +/- 1.60e-11 [2154 selected]
| >   graph_57    : -1.2906603783713527e-08 +/- 6.79e-11 [17236 selected]
| >   graph_58    : 4.3855412123587309e-11 +/- 2.68e-12 [2134 selected]
| >   graph_59    : 3.8810197232989866e-11 +/- 2.66e-12 [2105 selected]
| >   graph_60    : -7.1139446459841092e-11 +/- 2.71e-12 [2077 selected]
| >   graph_61    : 1.2547326462322896e-08 +/- 9.68e-11 [27393 selected]
| >   graph_62    : -3.8793594139508120e-24 +/- 3.96e-24 [2081 selected]
| >   graph_63    : -1.1512455280415693e-09 +/- 1.16e-11 [2134 selected]
| >   graph_64    : 8.2602671399736666e-10 +/- 4.60e-12 [2110 selected]
| >   sum         : 3.0322976223427835e-08
| >   total       : 3.0322976223427868e-08
| >   difference  : -3.3087224502121107e-23
[92mINFO[0m [94msymbolica_integrator l.7237[0m [96mt=2026-09-09,13:00:30.347[0m > Symbolica integration: starting iteration [92m42/100[0m using [94m1000000[0m points ...
[92mINFO[0m [94msymbolica_integrator l.7270[0m [96mt=2026-09-09,13:08:15.018[0m > ... result after this iteration:
| > Integration result after [92m42000000[0m evaluations in [92m520776.37 CPU-s[0m [94m(12399.4 µs / eval)[0m
| > Extremal weights:
| >   with jacobian    : 6.83462e+04 at xs = [6.4810213514078670e-06 1.2872623629604971e-01 5.0135758672765640e-01 1.1579855220704659e-01 5.8362165858137149e-01 6.8012190464210887e-01] | jacobian = 1.24143e+06
| >     momentum space  : k = [[1.7896885893320363e-03, 1.8755163712599345e-03, 1.0440121451461144e+02]; [-3.8255413064754848e+01, -2.2179274606260584e+01, -2.8086543799527060e+01]]
| >   without jacobian : 5.81662e+02 at xs = [4.6244409640217324e-07 7.5278966738298070e-01 5.0008056585407423e-01 1.6937886588083906e-01 4.4118097394652966e-01 2.7878525065510779e-01] | jacobian = 1.57997e+04
| >     momentum space  : k = [[3.2421228909030028e-06, -1.8494930348985909e-04, 1.6255859331628312e+02]; [-5.8419867978341316e+01, 2.2630076346839729e+01, 5.2232438578599712e+01]]
| >   before clipping   : -2.55117e+07 at xs = [2.0214007142192894e-01 6.7355269817953467e-01 7.7233159137948548e-01 5.1992145336682813e-06 3.3776341695909373e-01 4.9975058707764103e-01]
| >     momentum space  : k = [[-3.0709207392714490e+01, -5.8939013448895608e+01, -7.6505962958815175e+01]; [-1.0895715515227733e-03, 1.7714314087560576e-03, 1.6295540371570851e-06]]
| > Stability pipeline: float pairs accepted = 57055174, HP pairs attempted/accepted = 1624052/1624052
| > Stability triggers: float mismatch = 1504279, float non-finite/error = 681
| > HP precision escalations: attempted/accepted = 2158/2158
| > Higher-precision rejections: disagreement = 0, non-finite = 0, error = 0
| > Soft-mirror stability: pairs = 18161181, large-side triggers = 118473, HP orbits attempted/salvaged/failed = 1481955/1481955/0
| > Soft-mirror extrema: raw original = -2.22938e+09, post-average = -2.55117e+07
| > Strongest soft-mirror cancellation: residual/raw = 0.00000e+00
| > Unstable rotational-check points rejected = 0
| > Rotational-check high-precision retries = 1504960
| > Rotational-check high-precision salvaged = 1504960
| > Large-weight high-precision retries = 119092
| > Large-weight high-precision salvaged = 119092
| > Large-weight high-precision rejected = 0
| > Large-weight samples zeroed = 185 (4.405e-06 of samples; removed signed/absolute sums = 2.36575e+07/1.31337e+08)
| > Non-finite final outputs zeroed = 0
| > Non-finite float rotated evaluations seen = 37
| > Example higher-precision-retried xs = [2.6880750982012969e-01 1.7402049722655100e-01 6.0980772598890010e-02 9.9750773443479890e-01 3.0048234085139136e-01 8.2729716849149482e-01] | float rel = 1.44350e-07
| >     momentum space  : k = [[1.2864873913282938e+01, 2.4869169488989783e+01, 1.4436129598391815e+02]; [-2.5782389205217190e+04, 7.8539332094821817e+04, -1.3710486440690246e+05]]
| > Example large-weight higher-precision-retried xs = [1.9231173850990912e-01 6.5780162395444419e-01 8.8861886028403791e-01 7.0208850143205215e-04 5.4240755566925725e-01 5.0445441660376766e-01] | compiled = -1.10603e+04 | higher precision = -1.02451e-01
| >     momentum space  : k = [[-1.7873903535647262e+01, -2.7323121682648594e+01, -8.9469201105104602e+01]; [-2.7108866766462003e-01, -7.3992249469811575e-02, -3.9326328464896528e-03]]
| > Example NaN/non-finite rotated xs = [4.3974642111233074e-04 4.7267464511837748e-01 9.9995896344930690e-01 6.1497814457061539e-01 6.0079335026881553e-01 6.4637841020769249e-01]
| >     momentum space  : k = [[-2.2353286370510883e-05, 3.8760017987051835e-06, 1.2731159591423573e+03]; [-4.6150254078839635e+02, -3.3882885223629427e+02, -2.8355997629564860e+02]]
| > [92mCentral value[0m : +3.0300323155223778e-08   +/- 9.63e-10     ([91m3.178%[0m)
[92mINFO[0m [94msymbolica_integrator l.7274[0m [96mt=2026-09-09,13:08:15.019[0m > | > Graph-channel Symbolica observer estimates:
| >   graph_0     : -2.0639856403356102e-08 +/- 1.20e-10 [40925 selected]
| >   graph_1     : 3.5538438639094929e-10 +/- 7.80e-12 [2139 selected]
| >   graph_2     : -1.2845767441745595e-08 +/- 4.89e-11 [10918 selected]
| >   graph_3     : 1.1026846239129916e-10 +/- 1.42e-12 [2194 selected]
| >   graph_4     : -6.0230783552891586e-10 +/- 1.42e-11 [2056 selected]
| >   graph_5     : -3.8955840315530658e-11 +/- 1.60e-12 [2087 selected]
| >   graph_6     : -3.6656321837205959e-11 +/- 1.66e-12 [2114 selected]
| >   graph_7     : 6.2860949804866487e-11 +/- 2.42e-12 [2072 selected]
| >   graph_8     : -9.1228582452384762e-10 +/- 1.26e-11 [3667 selected]
| >   graph_9     : 1.0691106951373194e-09 +/- 1.34e-11 [3720 selected]
| >   graph_10    : -2.7355179635809138e-09 +/- 7.38e-11 [20294 selected]
| >   graph_11    : 1.9146519151953434e-27 +/- 2.94e-28 [2090 selected]
| >   graph_12    : -5.5636102851792888e-10 +/- 8.93e-12 [2614 selected]
| >   graph_13    : -1.1809641824534456e-08 +/- 9.38e-11 [29843 selected]
| >   graph_14    : 1.0964855604038703e-10 +/- 5.12e-13 [2197 selected]
| >   graph_15    : 6.6868514502389901e-24 +/- 5.42e-24 [2194 selected]
| >   graph_16    : 3.8892851450261729e-09 +/- 1.45e-11 [2121 selected]
| >   graph_17    : -3.6220007086754294e-10 +/- 1.64e-12 [2089 selected]
| >   graph_18    : 1.2003410786685006e-08 +/- 6.07e-11 [16079 selected]
| >   graph_19    : 1.0567199358423404e-09 +/- 5.87e-12 [2108 selected]
| >   graph_20    : -7.6464988060733743e-10 +/- 4.11e-12 [2168 selected]
| >   graph_21    : -8.6371104588342208e-10 +/- 1.35e-11 [3804 selected]
| >   graph_22    : -5.0309868508989497e-10 +/- 1.20e-11 [2013 selected]
| >   graph_23    : -2.9619622241557215e-10 +/- 1.25e-11 [2122 selected]
| >   graph_24    : 5.7820329482410513e-10 +/- 2.10e-11 [3265 selected]
| >   graph_25    : 4.3679272667424493e-10 +/- 1.24e-11 [2044 selected]
| >   graph_26    : -2.1418509005019023e-10 +/- 9.93e-13 [2133 selected]
| >   graph_27    : -2.7207354492278932e-11 +/- 1.21e-13 [2199 selected]
| >   graph_28    : -1.1748835140374416e-09 +/- 9.24e-12 [2096 selected]
| >   graph_29    : 6.8010987255661958e-08 +/- 1.54e-10 [56829 selected]
| >   graph_30    : -1.4911349034394514e-09 +/- 1.29e-10 [49816 selected]
| >   graph_31    : 4.0970710947906303e-11 +/- 4.78e-13 [2081 selected]
| >   graph_32    : -5.1369731781291397e-11 +/- 8.67e-12 [2108 selected]
| >   graph_33    : -1.9082646812514659e-09 +/- 2.89e-11 [4993 selected]
| >   graph_34    : 5.6117226441836192e-26 +/- 4.07e-26 [2158 selected]
| >   graph_35    : 2.5203210235007675e-08 +/- 1.48e-10 [64234 selected]
| >   graph_36    : -2.9465733546465001e-09 +/- 2.87e-11 [5820 selected]
| >   graph_37    : 1.6174829195206802e-08 +/- 7.76e-11 [22506 selected]
| >   graph_38    : 3.9958147448496590e-10 +/- 3.99e-12 [2026 selected]
| >   graph_39    : -7.6336539354818772e-09 +/- 4.89e-11 [10893 selected]
| >   graph_40    : -1.4090204803309324e-10 +/- 3.85e-10 [209812 selected]
| >   graph_41    : 1.7453470778289731e-09 +/- 2.14e-11 [5812 selected]
| >   graph_42    : 4.3032839394430339e-09 +/- 1.42e-10 [37855 selected]
| >   graph_43    : 3.1691781647164731e-09 +/- 3.05e-11 [6130 selected]
| >   graph_44    : 4.4327581424291531e-10 +/- 9.33e-12 [2489 selected]
| >   graph_45    : 2.3951504783708187e-10 +/- 1.07e-12 [2153 selected]
| >   graph_46    : -6.0390804308323156e-11 +/- 4.43e-13 [2024 selected]
| >   graph_47    : -5.8363157999501052e-09 +/- 7.79e-10 [190216 selected]
| >   graph_48    : -9.3795447519828360e-11 +/- 2.54e-12 [2131 selected]
| >   graph_49    : -3.4267300472775008e-08 +/- 8.84e-11 [24565 selected]
| >   graph_50    : 8.8432958183512291e-10 +/- 1.80e-11 [3308 selected]
| >   graph_51    : 5.7821157285982838e-09 +/- 2.21e-11 [3091 selected]
| >   graph_52    : 2.0810707447866476e-10 +/- 6.23e-12 [2109 selected]
| >   graph_53    : -8.0534583166072219e-10 +/- 1.80e-11 [5018 selected]
| >   graph_54    : -2.6232804820253916e-09 +/- 1.32e-10 [40527 selected]
| >   graph_55    : 1.1377237456387329e-09 +/- 1.59e-11 [4064 selected]
| >   graph_56    : -4.2087587800207054e-09 +/- 1.58e-11 [2198 selected]
| >   graph_57    : -1.2911936468400431e-08 +/- 6.67e-11 [17420 selected]
| >   graph_58    : 4.3185453510019656e-11 +/- 2.64e-12 [2106 selected]
| >   graph_59    : 3.9229002213589985e-11 +/- 2.63e-12 [2033 selected]
| >   graph_60    : -7.1005671825264330e-11 +/- 2.67e-12 [2063 selected]
| >   graph_61    : 1.2563944007616930e-08 +/- 9.50e-11 [27654 selected]
| >   graph_62    : -3.8815264943618022e-24 +/- 3.87e-24 [2144 selected]
| >   graph_63    : -1.1526600824919382e-09 +/- 1.15e-11 [2115 selected]
| >   graph_64    : 8.2599555013346990e-10 +/- 4.55e-12 [2134 selected]
| >   sum         : 3.0300323155223718e-08
| >   total       : 3.0300323155223778e-08
| >   difference  : -5.9557004103817993e-23
[92mINFO[0m [94msymbolica_integrator l.7237[0m [96mt=2026-09-09,13:08:15.019[0m > Symbolica integration: starting iteration [92m43/100[0m using [94m1000000[0m points ...
[92mINFO[0m [94msymbolica_integrator l.7270[0m [96mt=2026-09-09,13:14:25.087[0m > ... result after this iteration:
| > Integration result after [92m43000000[0m evaluations in [92m536061.37 CPU-s[0m [94m(12466.5 µs / eval)[0m
| > Extremal weights:
| >   with jacobian    : 6.83462e+04 at xs = [6.4810213514078670e-06 1.2872623629604971e-01 5.0135758672765640e-01 1.1579855220704659e-01 5.8362165858137149e-01 6.8012190464210887e-01] | jacobian = 1.24143e+06
| >     momentum space  : k = [[1.7896885893320363e-03, 1.8755163712599345e-03, 1.0440121451461144e+02]; [-3.8255413064754848e+01, -2.2179274606260584e+01, -2.8086543799527060e+01]]
| >   without jacobian : 5.81662e+02 at xs = [4.6244409640217324e-07 7.5278966738298070e-01 5.0008056585407423e-01 1.6937886588083906e-01 4.4118097394652966e-01 2.7878525065510779e-01] | jacobian = 1.57997e+04
| >     momentum space  : k = [[3.2421228909030028e-06, -1.8494930348985909e-04, 1.6255859331628312e+02]; [-5.8419867978341316e+01, 2.2630076346839729e+01, 5.2232438578599712e+01]]
| >   before clipping   : -2.55117e+07 at xs = [2.0214007142192894e-01 6.7355269817953467e-01 7.7233159137948548e-01 5.1992145336682813e-06 3.3776341695909373e-01 4.9975058707764103e-01]
| >     momentum space  : k = [[-3.0709207392714490e+01, -5.8939013448895608e+01, -7.6505962958815175e+01]; [-1.0895715515227733e-03, 1.7714314087560576e-03, 1.6295540371570851e-06]]
| > Stability pipeline: float pairs accepted = 58406293, HP pairs attempted/accepted = 1665544/1665544
| > Stability triggers: float mismatch = 1542700, float non-finite/error = 695
| > HP precision escalations: attempted/accepted = 2201/2201
| > Higher-precision rejections: disagreement = 0, non-finite = 0, error = 0
| > Soft-mirror stability: pairs = 18592082, large-side triggers = 121516, HP orbits attempted/salvaged/failed = 1520245/1520245/0
| > Soft-mirror extrema: raw original = -2.22938e+09, post-average = -2.55117e+07
| > Strongest soft-mirror cancellation: residual/raw = 0.00000e+00
| > Unstable rotational-check points rejected = 0
| > Rotational-check high-precision retries = 1543395
| > Rotational-check high-precision salvaged = 1543395
| > Large-weight high-precision retries = 122149
| > Large-weight high-precision salvaged = 122149
| > Large-weight high-precision rejected = 0
| > Large-weight samples zeroed = 187 (4.349e-06 of samples; removed signed/absolute sums = 2.38430e+07/1.31690e+08)
| > Non-finite final outputs zeroed = 0
| > Non-finite float rotated evaluations seen = 37
| > Example higher-precision-retried xs = [2.6880750982012969e-01 1.7402049722655100e-01 6.0980772598890010e-02 9.9750773443479890e-01 3.0048234085139136e-01 8.2729716849149482e-01] | float rel = 1.44350e-07
| >     momentum space  : k = [[1.2864873913282938e+01, 2.4869169488989783e+01, 1.4436129598391815e+02]; [-2.5782389205217190e+04, 7.8539332094821817e+04, -1.3710486440690246e+05]]
| > Example large-weight higher-precision-retried xs = [1.9231173850990912e-01 6.5780162395444419e-01 8.8861886028403791e-01 7.0208850143205215e-04 5.4240755566925725e-01 5.0445441660376766e-01] | compiled = -1.10603e+04 | higher precision = -1.02451e-01
| >     momentum space  : k = [[-1.7873903535647262e+01, -2.7323121682648594e+01, -8.9469201105104602e+01]; [-2.7108866766462003e-01, -7.3992249469811575e-02, -3.9326328464896528e-03]]
| > Example NaN/non-finite rotated xs = [4.3974642111233074e-04 4.7267464511837748e-01 9.9995896344930690e-01 6.1497814457061539e-01 6.0079335026881553e-01 6.4637841020769249e-01]
| >     momentum space  : k = [[-2.2353286370510883e-05, 3.8760017987051835e-06, 1.2731159591423573e+03]; [-4.6150254078839635e+02, -3.3882885223629427e+02, -2.8355997629564860e+02]]
| > [92mCentral value[0m : +3.0431657915800333e-08   +/- 9.41e-10     ([91m3.094%[0m)
[92mINFO[0m [94msymbolica_integrator l.7274[0m [96mt=2026-09-09,13:14:25.088[0m > | > Graph-channel Symbolica observer estimates:
| >   graph_0     : -2.0634639874501389e-08 +/- 1.18e-10 [41175 selected]
| >   graph_1     : 3.5454829183563741e-10 +/- 7.71e-12 [2094 selected]
| >   graph_2     : -1.2839535884025285e-08 +/- 4.82e-11 [10908 selected]
| >   graph_3     : 1.1014487381380162e-10 +/- 1.40e-12 [2029 selected]
| >   graph_4     : -5.9962359497398965e-10 +/- 1.41e-11 [2149 selected]
| >   graph_5     : -3.8836674315633372e-11 +/- 1.58e-12 [2116 selected]
| >   graph_6     : -3.6719817586488614e-11 +/- 1.64e-12 [2063 selected]
| >   graph_7     : 6.2852047347600998e-11 +/- 2.38e-12 [2042 selected]
| >   graph_8     : -9.1012799652688794e-10 +/- 1.24e-11 [3505 selected]
| >   graph_9     : 1.0693086783259494e-09 +/- 1.32e-11 [3634 selected]
| >   graph_10    : -2.7285723555241910e-09 +/- 7.25e-11 [20177 selected]
| >   graph_11    : 1.8883982998544332e-27 +/- 2.90e-28 [2175 selected]
| >   graph_12    : -5.5432034516327862e-10 +/- 8.81e-12 [2627 selected]
| >   graph_13    : -1.1808488864174870e-08 +/- 9.20e-11 [29963 selected]
| >   graph_14    : 1.0956511887552153e-10 +/- 5.04e-13 [2065 selected]
| >   graph_15    : 6.5068972441419329e-24 +/- 5.29e-24 [2140 selected]
| >   graph_16    : 3.8869221113354526e-09 +/- 1.43e-11 [2091 selected]
| >   graph_17    : -3.6216074433423492e-10 +/- 1.61e-12 [2129 selected]
| >   graph_18    : 1.2001835069512661e-08 +/- 5.97e-11 [16236 selected]
| >   graph_19    : 1.0579318501309183e-09 +/- 5.81e-12 [2094 selected]
| >   graph_20    : -7.6430086524910241e-10 +/- 4.06e-12 [2064 selected]
| >   graph_21    : -8.6317024523692829e-10 +/- 1.33e-11 [3795 selected]
| >   graph_22    : -5.0263601550925970e-10 +/- 1.18e-11 [2100 selected]
| >   graph_23    : -2.9457866590887259e-10 +/- 1.22e-11 [2152 selected]
| >   graph_24    : 5.7581464791006618e-10 +/- 2.07e-11 [3350 selected]
| >   graph_25    : 4.3966199448630833e-10 +/- 1.23e-11 [2089 selected]
| >   graph_26    : -2.1404939227333339e-10 +/- 9.77e-13 [2103 selected]
| >   graph_27    : -2.7189105402708088e-11 +/- 1.20e-13 [2071 selected]
| >   graph_28    : -1.1717670234461026e-09 +/- 9.15e-12 [2102 selected]
| >   graph_29    : 6.8017160038821602e-08 +/- 1.51e-10 [57113 selected]
| >   graph_30    : -1.4536279182577234e-09 +/- 1.27e-10 [49493 selected]
| >   graph_31    : 4.1014192074744246e-11 +/- 4.72e-13 [2119 selected]
| >   graph_32    : -5.2140827517393711e-11 +/- 8.56e-12 [2109 selected]
| >   graph_33    : -1.8997480273459036e-09 +/- 2.86e-11 [4938 selected]
| >   graph_34    : 6.3437140431931999e-26 +/- 4.02e-26 [2143 selected]
| >   graph_35    : 2.5232157573803889e-08 +/- 1.46e-10 [64840 selected]
| >   graph_36    : -2.9455605931701096e-09 +/- 2.84e-11 [5948 selected]
| >   graph_37    : 1.6188115683699229e-08 +/- 7.65e-11 [22424 selected]
| >   graph_38    : 4.0008028114054892e-10 +/- 3.94e-12 [2171 selected]
| >   graph_39    : -7.6357182075129217e-09 +/- 4.83e-11 [11082 selected]
| >   graph_40    : -1.2096392041702611e-10 +/- 3.76e-10 [209594 selected]
| >   graph_41    : 1.7444809628401175e-09 +/- 2.11e-11 [5818 selected]
| >   graph_42    : 4.3143518662317133e-09 +/- 1.40e-10 [38245 selected]
| >   graph_43    : 3.1783923232168122e-09 +/- 3.01e-11 [6338 selected]
| >   graph_44    : 4.4282461443861460e-10 +/- 9.20e-12 [2508 selected]
| >   graph_45    : 2.3959701930569250e-10 +/- 1.06e-12 [2110 selected]
| >   graph_46    : -6.0401566381941360e-11 +/- 4.36e-13 [2132 selected]
| >   graph_47    : -5.8635549047521204e-09 +/- 7.61e-10 [189178 selected]
| >   graph_48    : -9.4021539307647552e-11 +/- 2.51e-12 [2131 selected]
| >   graph_49    : -3.4274721548168259e-08 +/- 8.69e-11 [24532 selected]
| >   graph_50    : 8.8845012323019177e-10 +/- 1.78e-11 [3320 selected]
| >   graph_51    : 5.7814685697736866e-09 +/- 2.19e-11 [3012 selected]
| >   graph_52    : 2.0768983006327779e-10 +/- 6.15e-12 [2114 selected]
| >   graph_53    : -8.0689293636116647e-10 +/- 1.78e-11 [5111 selected]
| >   graph_54    : -2.6232667725269690e-09 +/- 1.29e-10 [40267 selected]
| >   graph_55    : 1.1390636386439543e-09 +/- 1.57e-11 [4157 selected]
| >   graph_56    : -4.2077742846420506e-09 +/- 1.56e-11 [2206 selected]
| >   graph_57    : -1.2913125834426506e-08 +/- 6.56e-11 [17255 selected]
| >   graph_58    : 4.3188564324713678e-11 +/- 2.61e-12 [2029 selected]
| >   graph_59    : 3.9234612950116482e-11 +/- 2.60e-12 [2144 selected]
| >   graph_60    : -7.1396886374483500e-11 +/- 2.64e-12 [2134 selected]
| >   graph_61    : 1.2567809164780996e-08 +/- 9.35e-11 [27815 selected]
| >   graph_62    : -3.7303921570271382e-24 +/- 3.78e-24 [2132 selected]
| >   graph_63    : -1.1537640431088448e-09 +/- 1.14e-11 [2084 selected]
| >   graph_64    : 8.2539144731013896e-10 +/- 4.49e-12 [2016 selected]
| >   sum         : 3.0431657915800340e-08
| >   total       : 3.0431657915800333e-08
| >   difference  : 6.6174449004242214e-24
[92mINFO[0m [94msymbolica_integrator l.7237[0m [96mt=2026-09-09,13:14:25.088[0m > Symbolica integration: starting iteration [92m44/100[0m using [94m1000000[0m points ...
[92mINFO[0m [94msymbolica_integrator l.7270[0m [96mt=2026-09-09,13:20:02.883[0m > ... result after this iteration:
| > Integration result after [92m44000000[0m evaluations in [92m549879.25 CPU-s[0m [94m(12497.3 µs / eval)[0m
| > Extremal weights:
| >   with jacobian    : 6.83462e+04 at xs = [6.4810213514078670e-06 1.2872623629604971e-01 5.0135758672765640e-01 1.1579855220704659e-01 5.8362165858137149e-01 6.8012190464210887e-01] | jacobian = 1.24143e+06
| >     momentum space  : k = [[1.7896885893320363e-03, 1.8755163712599345e-03, 1.0440121451461144e+02]; [-3.8255413064754848e+01, -2.2179274606260584e+01, -2.8086543799527060e+01]]
| >   without jacobian : 5.81662e+02 at xs = [4.6244409640217324e-07 7.5278966738298070e-01 5.0008056585407423e-01 1.6937886588083906e-01 4.4118097394652966e-01 2.7878525065510779e-01] | jacobian = 1.57997e+04
| >     momentum space  : k = [[3.2421228909030028e-06, -1.8494930348985909e-04, 1.6255859331628312e+02]; [-5.8419867978341316e+01, 2.2630076346839729e+01, 5.2232438578599712e+01]]
| >   before clipping   : -2.55117e+07 at xs = [2.0214007142192894e-01 6.7355269817953467e-01 7.7233159137948548e-01 5.1992145336682813e-06 3.3776341695909373e-01 4.9975058707764103e-01]
| >     momentum space  : k = [[-3.0709207392714490e+01, -5.8939013448895608e+01, -7.6505962958815175e+01]; [-1.0895715515227733e-03, 1.7714314087560576e-03, 1.6295540371570851e-06]]
| > Stability pipeline: float pairs accepted = 59758078, HP pairs attempted/accepted = 1706508/1706508
| > Stability triggers: float mismatch = 1580857, float non-finite/error = 714
| > HP precision escalations: attempted/accepted = 2264/2264
| > Higher-precision rejections: disagreement = 0, non-finite = 0, error = 0
| > Soft-mirror stability: pairs = 19022644, large-side triggers = 124289, HP orbits attempted/salvaged/failed = 1558058/1558058/0
| > Soft-mirror extrema: raw original = -2.22938e+09, post-average = -2.55117e+07
| > Strongest soft-mirror cancellation: residual/raw = 0.00000e+00
| > Unstable rotational-check points rejected = 0
| > Rotational-check high-precision retries = 1581571
| > Rotational-check high-precision salvaged = 1581571
| > Large-weight high-precision retries = 124937
| > Large-weight high-precision salvaged = 124937
| > Large-weight high-precision rejected = 0
| > Large-weight samples zeroed = 193 (4.386e-06 of samples; removed signed/absolute sums = 2.39573e+07/1.33527e+08)
| > Non-finite final outputs zeroed = 0
| > Non-finite float rotated evaluations seen = 38
| > Example higher-precision-retried xs = [2.6880750982012969e-01 1.7402049722655100e-01 6.0980772598890010e-02 9.9750773443479890e-01 3.0048234085139136e-01 8.2729716849149482e-01] | float rel = 1.44350e-07
| >     momentum space  : k = [[1.2864873913282938e+01, 2.4869169488989783e+01, 1.4436129598391815e+02]; [-2.5782389205217190e+04, 7.8539332094821817e+04, -1.3710486440690246e+05]]
| > Example large-weight higher-precision-retried xs = [1.9231173850990912e-01 6.5780162395444419e-01 8.8861886028403791e-01 7.0208850143205215e-04 5.4240755566925725e-01 5.0445441660376766e-01] | compiled = -1.10603e+04 | higher precision = -1.02451e-01
| >     momentum space  : k = [[-1.7873903535647262e+01, -2.7323121682648594e+01, -8.9469201105104602e+01]; [-2.7108866766462003e-01, -7.3992249469811575e-02, -3.9326328464896528e-03]]
| > Example NaN/non-finite rotated xs = [4.3974642111233074e-04 4.7267464511837748e-01 9.9995896344930690e-01 6.1497814457061539e-01 6.0079335026881553e-01 6.4637841020769249e-01]
| >     momentum space  : k = [[-2.2353286370510883e-05, 3.8760017987051835e-06, 1.2731159591423573e+03]; [-4.6150254078839635e+02, -3.3882885223629427e+02, -2.8355997629564860e+02]]
| > [92mCentral value[0m : +3.0460011929165196e-08   +/- 9.21e-10     ([91m3.025%[0m)
[92mINFO[0m [94msymbolica_integrator l.7274[0m [96mt=2026-09-09,13:20:02.884[0m > | > Graph-channel Symbolica observer estimates:
| >   graph_0     : -2.0620990572019415e-08 +/- 1.16e-10 [41439 selected]
| >   graph_1     : 3.5533949562349494e-10 +/- 7.59e-12 [2143 selected]
| >   graph_2     : -1.2833534548487382e-08 +/- 4.76e-11 [11011 selected]
| >   graph_3     : 1.1017171358031110e-10 +/- 1.38e-12 [2075 selected]
| >   graph_4     : -6.0210726484721097e-10 +/- 1.39e-11 [2128 selected]
| >   graph_5     : -3.8644127178387935e-11 +/- 1.56e-12 [2143 selected]
| >   graph_6     : -3.6798949403050835e-11 +/- 1.62e-12 [2065 selected]
| >   graph_7     : 6.2745703545560263e-11 +/- 2.35e-12 [2134 selected]
| >   graph_8     : -9.1263570593460952e-10 +/- 1.22e-11 [3619 selected]
| >   graph_9     : 1.0698927464500446e-09 +/- 1.31e-11 [3670 selected]
| >   graph_10    : -2.7144644489048264e-09 +/- 7.12e-11 [19975 selected]
| >   graph_11    : 1.9174835520144316e-27 +/- 2.85e-28 [2059 selected]
| >   graph_12    : -5.5420208794307428e-10 +/- 8.70e-12 [2745 selected]
| >   graph_13    : -1.1808624695805927e-08 +/- 9.02e-11 [29698 selected]
| >   graph_14    : 1.0942475959737307e-10 +/- 4.97e-13 [2008 selected]
| >   graph_15    : 7.3505107798431873e-24 +/- 5.27e-24 [2040 selected]
| >   graph_16    : 3.8856702588462152e-09 +/- 1.42e-11 [2087 selected]
| >   graph_17    : -3.6249386317467342e-10 +/- 1.59e-12 [2194 selected]
| >   graph_18    : 1.1999802506809356e-08 +/- 5.86e-11 [16163 selected]
| >   graph_19    : 1.0560961741590445e-09 +/- 5.73e-12 [1994 selected]
| >   graph_20    : -7.6494542071930034e-10 +/- 4.01e-12 [2092 selected]
| >   graph_21    : -8.6313300920517194e-10 +/- 1.31e-11 [3889 selected]
| >   graph_22    : -5.0108139509687484e-10 +/- 1.16e-11 [2011 selected]
| >   graph_23    : -2.9381685137210544e-10 +/- 1.20e-11 [2065 selected]
| >   graph_24    : 5.7784263484813087e-10 +/- 2.05e-11 [3288 selected]
| >   graph_25    : 4.3914172901600781e-10 +/- 1.22e-11 [2042 selected]
| >   graph_26    : -2.1392217868798155e-10 +/- 9.63e-13 [2060 selected]
| >   graph_27    : -2.7188990054247229e-11 +/- 1.18e-13 [2070 selected]
| >   graph_28    : -1.1711053665310683e-09 +/- 9.05e-12 [2092 selected]
| >   graph_29    : 6.8043076458607573e-08 +/- 1.49e-10 [57541 selected]
| >   graph_30    : -1.4571342472322212e-09 +/- 1.24e-10 [49276 selected]
| >   graph_31    : 4.0929916319586514e-11 +/- 4.66e-13 [2056 selected]
| >   graph_32    : -5.1702815061376119e-11 +/- 8.59e-12 [2119 selected]
| >   graph_33    : -1.8974199354347753e-09 +/- 2.81e-11 [4938 selected]
| >   graph_34    : 6.2505245730150148e-26 +/- 3.97e-26 [2078 selected]
| >   graph_35    : 2.5231670539108272e-08 +/- 1.43e-10 [64903 selected]
| >   graph_36    : -2.9380637885496205e-09 +/- 2.81e-11 [5918 selected]
| >   graph_37    : 1.6174309135055372e-08 +/- 7.54e-11 [22530 selected]
| >   graph_38    : 4.0001395915251811e-10 +/- 3.89e-12 [2036 selected]
| >   graph_39    : -7.6297899438485750e-09 +/- 4.76e-11 [11193 selected]
| >   graph_40    : -1.4637388018709246e-10 +/- 3.68e-10 [210057 selected]
| >   graph_41    : 1.7426712726274749e-09 +/- 2.08e-11 [5722 selected]
| >   graph_42    : 4.3186982622962924e-09 +/- 1.37e-10 [37514 selected]
| >   graph_43    : 3.1754944836779364e-09 +/- 2.97e-11 [6252 selected]
| >   graph_44    : 4.4388281247308968e-10 +/- 9.08e-12 [2483 selected]
| >   graph_45    : 2.3971732179136816e-10 +/- 1.04e-12 [2096 selected]
| >   graph_46    : -6.0482069598065237e-11 +/- 4.30e-13 [2128 selected]
| >   graph_47    : -5.8918072745159357e-09 +/- 7.44e-10 [189444 selected]
| >   graph_48    : -9.4259862178151366e-11 +/- 2.47e-12 [2022 selected]
| >   graph_49    : -3.4283105969701556e-08 +/- 8.57e-11 [24588 selected]
| >   graph_50    : 8.8937592839625204e-10 +/- 1.75e-11 [3245 selected]
| >   graph_51    : 5.7826364959809216e-09 +/- 2.16e-11 [3082 selected]
| >   graph_52    : 2.0893581160549861e-10 +/- 6.08e-12 [2147 selected]
| >   graph_53    : -8.0729050505892947e-10 +/- 1.75e-11 [4807 selected]
| >   graph_54    : -2.6351231820960029e-09 +/- 1.26e-10 [40426 selected]
| >   graph_55    : 1.1390092842021880e-09 +/- 1.55e-11 [4063 selected]
| >   graph_56    : -4.2074577515372204e-09 +/- 1.55e-11 [2189 selected]
| >   graph_57    : -1.2906431085248264e-08 +/- 6.45e-11 [17493 selected]
| >   graph_58    : 4.2795425102773688e-11 +/- 2.58e-12 [2193 selected]
| >   graph_59    : 3.9744715221232781e-11 +/- 2.57e-12 [2109 selected]
| >   graph_60    : -7.1190506332800736e-11 +/- 2.61e-12 [2080 selected]
| >   graph_61    : 1.2606058495543001e-08 +/- 9.36e-11 [27989 selected]
| >   graph_62    : -3.6802690188548992e-24 +/- 3.69e-24 [2096 selected]
| >   graph_63    : -1.1532850282470236e-09 +/- 1.13e-11 [2115 selected]
| >   graph_64    : 8.2547120972124236e-10 +/- 4.44e-12 [2073 selected]
| >   sum         : 3.0460011929165215e-08
| >   total       : 3.0460011929165196e-08
| >   difference  : 1.9852334701272664e-23
[92mINFO[0m [94msymbolica_integrator l.7237[0m [96mt=2026-09-09,13:20:02.884[0m > Symbolica integration: starting iteration [92m45/100[0m using [94m1000000[0m points ...
[92mINFO[0m [94msymbolica_integrator l.7270[0m [96mt=2026-09-09,13:24:59.448[0m > ... result after this iteration:
| > Integration result after [92m45000000[0m evaluations in [92m561440.14 CPU-s[0m [94m(12476.4 µs / eval)[0m
| > Extremal weights:
| >   with jacobian    : 6.83462e+04 at xs = [6.4810213514078670e-06 1.2872623629604971e-01 5.0135758672765640e-01 1.1579855220704659e-01 5.8362165858137149e-01 6.8012190464210887e-01] | jacobian = 1.24143e+06
| >     momentum space  : k = [[1.7896885893320363e-03, 1.8755163712599345e-03, 1.0440121451461144e+02]; [-3.8255413064754848e+01, -2.2179274606260584e+01, -2.8086543799527060e+01]]
| >   without jacobian : 5.81662e+02 at xs = [4.6244409640217324e-07 7.5278966738298070e-01 5.0008056585407423e-01 1.6937886588083906e-01 4.4118097394652966e-01 2.7878525065510779e-01] | jacobian = 1.57997e+04
| >     momentum space  : k = [[3.2421228909030028e-06, -1.8494930348985909e-04, 1.6255859331628312e+02]; [-5.8419867978341316e+01, 2.2630076346839729e+01, 5.2232438578599712e+01]]
| >   before clipping   : -2.55117e+07 at xs = [2.0214007142192894e-01 6.7355269817953467e-01 7.7233159137948548e-01 5.1992145336682813e-06 3.3776341695909373e-01 4.9975058707764103e-01]
| >     momentum space  : k = [[-3.0709207392714490e+01, -5.8939013448895608e+01, -7.6505962958815175e+01]; [-1.0895715515227733e-03, 1.7714314087560576e-03, 1.6295540371570851e-06]]
| > Stability pipeline: float pairs accepted = 61106319, HP pairs attempted/accepted = 1749540/1749540
| > Stability triggers: float mismatch = 1620817, float non-finite/error = 735
| > HP precision escalations: attempted/accepted = 2334/2334
| > Higher-precision rejections: disagreement = 0, non-finite = 0, error = 0
| > Soft-mirror stability: pairs = 19453549, large-side triggers = 127324, HP orbits attempted/salvaged/failed = 1597690/1597690/0
| > Soft-mirror extrema: raw original = -2.22938e+09, post-average = -2.55117e+07
| > Strongest soft-mirror cancellation: residual/raw = 0.00000e+00
| > Unstable rotational-check points rejected = 0
| > Rotational-check high-precision retries = 1621552
| > Rotational-check high-precision salvaged = 1621552
| > Large-weight high-precision retries = 127988
| > Large-weight high-precision salvaged = 127988
| > Large-weight high-precision rejected = 0
| > Large-weight samples zeroed = 197 (4.378e-06 of samples; removed signed/absolute sums = 2.61445e+07/1.35715e+08)
| > Non-finite final outputs zeroed = 0
| > Non-finite float rotated evaluations seen = 38
| > Example higher-precision-retried xs = [2.6880750982012969e-01 1.7402049722655100e-01 6.0980772598890010e-02 9.9750773443479890e-01 3.0048234085139136e-01 8.2729716849149482e-01] | float rel = 1.44350e-07
| >     momentum space  : k = [[1.2864873913282938e+01, 2.4869169488989783e+01, 1.4436129598391815e+02]; [-2.5782389205217190e+04, 7.8539332094821817e+04, -1.3710486440690246e+05]]
| > Example large-weight higher-precision-retried xs = [1.9231173850990912e-01 6.5780162395444419e-01 8.8861886028403791e-01 7.0208850143205215e-04 5.4240755566925725e-01 5.0445441660376766e-01] | compiled = -1.10603e+04 | higher precision = -1.02451e-01
| >     momentum space  : k = [[-1.7873903535647262e+01, -2.7323121682648594e+01, -8.9469201105104602e+01]; [-2.7108866766462003e-01, -7.3992249469811575e-02, -3.9326328464896528e-03]]
| > Example NaN/non-finite rotated xs = [4.3974642111233074e-04 4.7267464511837748e-01 9.9995896344930690e-01 6.1497814457061539e-01 6.0079335026881553e-01 6.4637841020769249e-01]
| >     momentum space  : k = [[-2.2353286370510883e-05, 3.8760017987051835e-06, 1.2731159591423573e+03]; [-4.6150254078839635e+02, -3.3882885223629427e+02, -2.8355997629564860e+02]]
| > [92mCentral value[0m : +3.0443915378715763e-08   +/- 9.02e-10     ([91m2.964%[0m)
[92mINFO[0m [94msymbolica_integrator l.7274[0m [96mt=2026-09-09,13:24:59.449[0m > | > Graph-channel Symbolica observer estimates:
| >   graph_0     : -2.0634417960650815e-08 +/- 1.14e-10 [41936 selected]
| >   graph_1     : 3.5348722593875728e-10 +/- 7.48e-12 [2098 selected]
| >   graph_2     : -1.2827094099856289e-08 +/- 4.70e-11 [10907 selected]
| >   graph_3     : 1.1030056721029089e-10 +/- 1.36e-12 [2149 selected]
| >   graph_4     : -6.0329625905102052e-10 +/- 1.38e-11 [2164 selected]
| >   graph_5     : -3.8634700019083275e-11 +/- 1.54e-12 [2051 selected]
| >   graph_6     : -3.6504525040713828e-11 +/- 1.60e-12 [2074 selected]
| >   graph_7     : 6.2789514925464779e-11 +/- 2.33e-12 [2089 selected]
| >   graph_8     : -9.1417841124295115e-10 +/- 1.21e-11 [3613 selected]
| >   graph_9     : 1.0719156578785794e-09 +/- 1.29e-11 [3584 selected]
| >   graph_10    : -2.7001411709359067e-09 +/- 7.07e-11 [20172 selected]
| >   graph_11    : 1.9536511291602030e-27 +/- 2.81e-28 [2114 selected]
| >   graph_12    : -5.5352750236550544e-10 +/- 8.58e-12 [2616 selected]
| >   graph_13    : -1.1797644017991143e-08 +/- 8.85e-11 [29913 selected]
| >   graph_14    : 1.0943732671519259e-10 +/- 4.89e-13 [2139 selected]
| >   graph_15    : 7.3110332068233821e-24 +/- 5.15e-24 [2014 selected]
| >   graph_16    : 3.8842179316980262e-09 +/- 1.40e-11 [2036 selected]
| >   graph_17    : -3.6220539258264541e-10 +/- 1.57e-12 [2062 selected]
| >   graph_18    : 1.2000503055703528e-08 +/- 5.77e-11 [16095 selected]
| >   graph_19    : 1.0553351363519472e-09 +/- 5.67e-12 [2046 selected]
| >   graph_20    : -7.6381052118862340e-10 +/- 3.96e-12 [2062 selected]
| >   graph_21    : -8.6255136330012209e-10 +/- 1.29e-11 [3819 selected]
| >   graph_22    : -5.0057436343601773e-10 +/- 1.14e-11 [2115 selected]
| >   graph_23    : -2.9326509031394731e-10 +/- 1.17e-11 [2180 selected]
| >   graph_24    : 5.8100025614131657e-10 +/- 2.02e-11 [3321 selected]
| >   graph_25    : 4.3831129924615713e-10 +/- 1.20e-11 [2095 selected]
| >   graph_26    : -2.1372552772276116e-10 +/- 9.48e-13 [2050 selected]
| >   graph_27    : -2.7201537302699506e-11 +/- 1.16e-13 [2120 selected]
| >   graph_28    : -1.1718399531431312e-09 +/- 8.95e-12 [2082 selected]
| >   graph_29    : 6.8053830814762859e-08 +/- 1.46e-10 [57703 selected]
| >   graph_30    : -1.4302783034828990e-09 +/- 1.22e-10 [48991 selected]
| >   graph_31    : 4.0865692949545910e-11 +/- 4.61e-13 [2117 selected]
| >   graph_32    : -5.1960089229809851e-11 +/- 8.50e-12 [2100 selected]
| >   graph_33    : -1.8969152273248513e-09 +/- 2.77e-11 [5021 selected]
| >   graph_34    : 5.7776646851266871e-26 +/- 3.91e-26 [2058 selected]
| >   graph_35    : 2.5203787122582665e-08 +/- 1.43e-10 [65193 selected]
| >   graph_36    : -2.9412448164611075e-09 +/- 2.77e-11 [5798 selected]
| >   graph_37    : 1.6166758038645955e-08 +/- 7.43e-11 [22622 selected]
| >   graph_38    : 4.0128029155356082e-10 +/- 3.85e-12 [2139 selected]
| >   graph_39    : -7.6280611470229631e-09 +/- 4.70e-11 [11208 selected]
| >   graph_40    : -1.6579492205785827e-10 +/- 3.60e-10 [208837 selected]
| >   graph_41    : 1.7403734866458162e-09 +/- 2.05e-11 [5650 selected]
| >   graph_42    : 4.3189127197626708e-09 +/- 1.34e-10 [37959 selected]
| >   graph_43    : 3.1730570214640714e-09 +/- 2.94e-11 [6369 selected]
| >   graph_44    : 4.4536525992613935e-10 +/- 8.96e-12 [2462 selected]
| >   graph_45    : 2.3958454303901403e-10 +/- 1.03e-12 [2011 selected]
| >   graph_46    : -6.0453651573236775e-11 +/- 4.24e-13 [2064 selected]
| >   graph_47    : -5.9136248922328324e-09 +/- 7.27e-10 [188725 selected]
| >   graph_48    : -9.4197581243767013e-11 +/- 2.44e-12 [2103 selected]
| >   graph_49    : -3.4275729923388155e-08 +/- 8.44e-11 [24612 selected]
| >   graph_50    : 8.8857063149662820e-10 +/- 1.73e-11 [3258 selected]
| >   graph_51    : 5.7821049176320881e-09 +/- 2.14e-11 [3012 selected]
| >   graph_52    : 2.0960263672220149e-10 +/- 6.00e-12 [2123 selected]
| >   graph_53    : -8.1039928679277494e-10 +/- 1.72e-11 [5147 selected]
| >   graph_54    : -2.6394570567796234e-09 +/- 1.24e-10 [40058 selected]
| >   graph_55    : 1.1398964105515333e-09 +/- 1.53e-11 [4215 selected]
| >   graph_56    : -4.2083632273252708e-09 +/- 1.53e-11 [2187 selected]
| >   graph_57    : -1.2908058186852403e-08 +/- 6.36e-11 [17352 selected]
| >   graph_58    : 4.3215344629794368e-11 +/- 2.55e-12 [2076 selected]
| >   graph_59    : 4.0287791755428280e-11 +/- 2.54e-12 [1987 selected]
| >   graph_60    : -7.0490934583842536e-11 +/- 2.58e-12 [2129 selected]
| >   graph_61    : 1.2610938588334323e-08 +/- 9.21e-11 [28773 selected]
| >   graph_62    : -3.6520322242827742e-24 +/- 3.61e-24 [2055 selected]
| >   graph_63    : -1.1511183642437397e-09 +/- 1.12e-11 [2082 selected]
| >   graph_64    : 8.2494610119072786e-10 +/- 4.39e-12 [2088 selected]
| >   sum         : 3.0443915378715777e-08
| >   total       : 3.0443915378715763e-08
| >   difference  : 1.3234889800848443e-23
[92mINFO[0m [94msymbolica_integrator l.7237[0m [96mt=2026-09-09,13:24:59.449[0m > Symbolica integration: starting iteration [92m46/100[0m using [94m1000000[0m points ...
[92mINFO[0m [94msymbolica_integrator l.7270[0m [96mt=2026-09-09,13:31:49.739[0m > ... result after this iteration:
| > Integration result after [92m46000000[0m evaluations in [92m577857.38 CPU-s[0m [94m(12562.1 µs / eval)[0m
| > Extremal weights:
| >   with jacobian    : 6.83462e+04 at xs = [6.4810213514078670e-06 1.2872623629604971e-01 5.0135758672765640e-01 1.1579855220704659e-01 5.8362165858137149e-01 6.8012190464210887e-01] | jacobian = 1.24143e+06
| >     momentum space  : k = [[1.7896885893320363e-03, 1.8755163712599345e-03, 1.0440121451461144e+02]; [-3.8255413064754848e+01, -2.2179274606260584e+01, -2.8086543799527060e+01]]
| >   without jacobian : 5.81662e+02 at xs = [4.6244409640217324e-07 7.5278966738298070e-01 5.0008056585407423e-01 1.6937886588083906e-01 4.4118097394652966e-01 2.7878525065510779e-01] | jacobian = 1.57997e+04
| >     momentum space  : k = [[3.2421228909030028e-06, -1.8494930348985909e-04, 1.6255859331628312e+02]; [-5.8419867978341316e+01, 2.2630076346839729e+01, 5.2232438578599712e+01]]
| >   before clipping   : -2.55117e+07 at xs = [2.0214007142192894e-01 6.7355269817953467e-01 7.7233159137948548e-01 5.1992145336682813e-06 3.3776341695909373e-01 4.9975058707764103e-01]
| >     momentum space  : k = [[-3.0709207392714490e+01, -5.8939013448895608e+01, -7.6505962958815175e+01]; [-1.0895715515227733e-03, 1.7714314087560576e-03, 1.6295540371570851e-06]]
| > Stability pipeline: float pairs accepted = 62449365, HP pairs attempted/accepted = 1795898/1795898
| > Stability triggers: float mismatch = 1663721, float non-finite/error = 763
| > HP precision escalations: attempted/accepted = 2417/2417
| > Higher-precision rejections: disagreement = 0, non-finite = 0, error = 0
| > Soft-mirror stability: pairs = 19885946, large-side triggers = 130738, HP orbits attempted/salvaged/failed = 1640683/1640683/0
| > Soft-mirror extrema: raw original = -2.22938e+09, post-average = -2.55117e+07
| > Strongest soft-mirror cancellation: residual/raw = 0.00000e+00
| > Unstable rotational-check points rejected = 0
| > Rotational-check high-precision retries = 1664484
| > Rotational-check high-precision salvaged = 1664484
| > Large-weight high-precision retries = 131414
| > Large-weight high-precision salvaged = 131414
| > Large-weight high-precision rejected = 0
| > Large-weight samples zeroed = 202 (4.391e-06 of samples; removed signed/absolute sums = 2.68448e+07/1.36904e+08)
| > Non-finite final outputs zeroed = 0
| > Non-finite float rotated evaluations seen = 38
| > Example higher-precision-retried xs = [2.6880750982012969e-01 1.7402049722655100e-01 6.0980772598890010e-02 9.9750773443479890e-01 3.0048234085139136e-01 8.2729716849149482e-01] | float rel = 1.44350e-07
| >     momentum space  : k = [[1.2864873913282938e+01, 2.4869169488989783e+01, 1.4436129598391815e+02]; [-2.5782389205217190e+04, 7.8539332094821817e+04, -1.3710486440690246e+05]]
| > Example large-weight higher-precision-retried xs = [1.9231173850990912e-01 6.5780162395444419e-01 8.8861886028403791e-01 7.0208850143205215e-04 5.4240755566925725e-01 5.0445441660376766e-01] | compiled = -1.10603e+04 | higher precision = -1.02451e-01
| >     momentum space  : k = [[-1.7873903535647262e+01, -2.7323121682648594e+01, -8.9469201105104602e+01]; [-2.7108866766462003e-01, -7.3992249469811575e-02, -3.9326328464896528e-03]]
| > Example NaN/non-finite rotated xs = [4.3974642111233074e-04 4.7267464511837748e-01 9.9995896344930690e-01 6.1497814457061539e-01 6.0079335026881553e-01 6.4637841020769249e-01]
| >     momentum space  : k = [[-2.2353286370510883e-05, 3.8760017987051835e-06, 1.2731159591423573e+03]; [-4.6150254078839635e+02, -3.3882885223629427e+02, -2.8355997629564860e+02]]
| > [92mCentral value[0m : +3.0447104579965829e-08   +/- 8.84e-10     ([91m2.903%[0m)
[92mINFO[0m [94msymbolica_integrator l.7274[0m [96mt=2026-09-09,13:31:49.740[0m > | > Graph-channel Symbolica observer estimates:
| >   graph_0     : -2.0638861562770820e-08 +/- 1.13e-10 [41869 selected]
| >   graph_1     : 3.5276487151986332e-10 +/- 7.38e-12 [2141 selected]
| >   graph_2     : -1.2822665372998589e-08 +/- 4.64e-11 [10891 selected]
| >   graph_3     : 1.1028125973821075e-10 +/- 1.35e-12 [2067 selected]
| >   graph_4     : -6.0547321824821236e-10 +/- 1.37e-11 [2132 selected]
| >   graph_5     : -3.8918428933622876e-11 +/- 1.53e-12 [2122 selected]
| >   graph_6     : -3.6870450232673704e-11 +/- 1.59e-12 [2120 selected]
| >   graph_7     : 6.3115288811678438e-11 +/- 2.30e-12 [2105 selected]
| >   graph_8     : -9.1441224787246876e-10 +/- 1.19e-11 [3542 selected]
| >   graph_9     : 1.0716448313286835e-09 +/- 1.27e-11 [3591 selected]
| >   graph_10    : -2.7121232241552101e-09 +/- 6.96e-11 [20441 selected]
| >   graph_11    : 1.9643186530904004e-27 +/- 2.77e-28 [2088 selected]
| >   graph_12    : -5.5402700939353508e-10 +/- 8.47e-12 [2602 selected]
| >   graph_13    : -1.1784313344974841e-08 +/- 8.69e-11 [29502 selected]
| >   graph_14    : 1.0946855186402795e-10 +/- 4.82e-13 [2113 selected]
| >   graph_15    : 7.0227204585794158e-24 +/- 5.04e-24 [2073 selected]
| >   graph_16    : 3.8790236525856876e-09 +/- 1.39e-11 [2015 selected]
| >   graph_17    : -3.6222126251745000e-10 +/- 1.55e-12 [2110 selected]
| >   graph_18    : 1.1996172312233431e-08 +/- 5.68e-11 [16079 selected]
| >   graph_19    : 1.0552661360032430e-09 +/- 5.60e-12 [2063 selected]
| >   graph_20    : -7.6435269864975233e-10 +/- 3.92e-12 [2104 selected]
| >   graph_21    : -8.6309574739440262e-10 +/- 1.28e-11 [3837 selected]
| >   graph_22    : -5.0122331334061865e-10 +/- 1.12e-11 [2176 selected]
| >   graph_23    : -2.9250410702032822e-10 +/- 1.15e-11 [2052 selected]
| >   graph_24    : 5.8314879255165055e-10 +/- 2.00e-11 [3355 selected]
| >   graph_25    : 4.3729161196485348e-10 +/- 1.19e-11 [2045 selected]
| >   graph_26    : -2.1386119779083738e-10 +/- 9.36e-13 [2153 selected]
| >   graph_27    : -2.7209853376751945e-11 +/- 1.15e-13 [2055 selected]
| >   graph_28    : -1.1731507966257089e-09 +/- 8.86e-12 [2063 selected]
| >   graph_29    : 6.8042940478680212e-08 +/- 1.44e-10 [58008 selected]
| >   graph_30    : -1.4407499772178100e-09 +/- 1.20e-10 [49157 selected]
| >   graph_31    : 4.0824274481932569e-11 +/- 4.55e-13 [2152 selected]
| >   graph_32    : -5.1849626098523723e-11 +/- 8.40e-12 [2070 selected]
| >   graph_33    : -1.8927131487230552e-09 +/- 2.74e-11 [4901 selected]
| >   graph_34    : 5.4113508834871048e-26 +/- 3.84e-26 [2028 selected]
| >   graph_35    : 2.5224965447115266e-08 +/- 1.41e-10 [67025 selected]
| >   graph_36    : -2.9431007439365053e-09 +/- 2.74e-11 [5767 selected]
| >   graph_37    : 1.6173380523766787e-08 +/- 7.33e-11 [22838 selected]
| >   graph_38    : 4.0178605251687904e-10 +/- 3.80e-12 [2061 selected]
| >   graph_39    : -7.6345854042730533e-09 +/- 4.64e-11 [11141 selected]
| >   graph_40    : -1.5451037091432669e-10 +/- 3.52e-10 [208123 selected]
| >   graph_41    : 1.7425996865404149e-09 +/- 2.02e-11 [5606 selected]
| >   graph_42    : 4.3246829876000305e-09 +/- 1.31e-10 [37891 selected]
| >   graph_43    : 3.1556738459962764e-09 +/- 2.90e-11 [6128 selected]
| >   graph_44    : 4.4791124701366017e-10 +/- 8.85e-12 [2549 selected]
| >   graph_45    : 2.3976158472603161e-10 +/- 1.02e-12 [2104 selected]
| >   graph_46    : -6.0435302974358587e-11 +/- 4.18e-13 [2033 selected]
| >   graph_47    : -5.9083662467752579e-09 +/- 7.12e-10 [187435 selected]
| >   graph_48    : -9.4215107272997660e-11 +/- 2.41e-12 [2123 selected]
| >   graph_49    : -3.4274337707040554e-08 +/- 8.31e-11 [24467 selected]
| >   graph_50    : 8.8995090013412288e-10 +/- 1.70e-11 [3236 selected]
| >   graph_51    : 5.7846221501477540e-09 +/- 2.12e-11 [3030 selected]
| >   graph_52    : 2.1100238876599621e-10 +/- 5.93e-12 [2009 selected]
| >   graph_53    : -8.0973626719977698e-10 +/- 1.70e-11 [4910 selected]
| >   graph_54    : -2.6452910623309977e-09 +/- 1.22e-10 [40428 selected]
| >   graph_55    : 1.1429988242920487e-09 +/- 1.51e-11 [4169 selected]
| >   graph_56    : -4.2085133990452063e-09 +/- 1.51e-11 [2143 selected]
| >   graph_57    : -1.2913085427955785e-08 +/- 6.26e-11 [17502 selected]
| >   graph_58    : 4.2981259049283259e-11 +/- 2.52e-12 [2061 selected]
| >   graph_59    : 4.0702075110565053e-11 +/- 2.51e-12 [2072 selected]
| >   graph_60    : -7.0440556614581045e-11 +/- 2.55e-12 [2089 selected]
| >   graph_61    : 1.2614585505292638e-08 +/- 9.06e-11 [28987 selected]
| >   graph_62    : -3.6125025131520685e-24 +/- 3.53e-24 [2047 selected]
| >   graph_63    : -1.1506622608273026e-09 +/- 1.10e-11 [2081 selected]
| >   graph_64    : 8.2543448563048889e-10 +/- 4.34e-12 [2123 selected]
| >   sum         : 3.0447104579965809e-08
| >   total       : 3.0447104579965829e-08
| >   difference  : -1.9852334701272664e-23
[92mINFO[0m [94msymbolica_integrator l.7237[0m [96mt=2026-09-09,13:31:49.740[0m > Symbolica integration: starting iteration [92m47/100[0m using [94m1000000[0m points ...
[92mINFO[0m [94msymbolica_integrator l.7270[0m [96mt=2026-09-09,13:38:52.620[0m > ... result after this iteration:
| > Integration result after [92m47000000[0m evaluations in [92m594353.92 CPU-s[0m [94m(12645.8 µs / eval)[0m
| > Extremal weights:
| >   with jacobian    : 6.83462e+04 at xs = [6.4810213514078670e-06 1.2872623629604971e-01 5.0135758672765640e-01 1.1579855220704659e-01 5.8362165858137149e-01 6.8012190464210887e-01] | jacobian = 1.24143e+06
| >     momentum space  : k = [[1.7896885893320363e-03, 1.8755163712599345e-03, 1.0440121451461144e+02]; [-3.8255413064754848e+01, -2.2179274606260584e+01, -2.8086543799527060e+01]]
| >   without jacobian : 5.81662e+02 at xs = [4.6244409640217324e-07 7.5278966738298070e-01 5.0008056585407423e-01 1.6937886588083906e-01 4.4118097394652966e-01 2.7878525065510779e-01] | jacobian = 1.57997e+04
| >     momentum space  : k = [[3.2421228909030028e-06, -1.8494930348985909e-04, 1.6255859331628312e+02]; [-5.8419867978341316e+01, 2.2630076346839729e+01, 5.2232438578599712e+01]]
| >   before clipping   : -2.55117e+07 at xs = [2.0214007142192894e-01 6.7355269817953467e-01 7.7233159137948548e-01 5.1992145336682813e-06 3.3776341695909373e-01 4.9975058707764103e-01]
| >     momentum space  : k = [[-3.0709207392714490e+01, -5.8939013448895608e+01, -7.6505962958815175e+01]; [-1.0895715515227733e-03, 1.7714314087560576e-03, 1.6295540371570851e-06]]
| > Stability pipeline: float pairs accepted = 63792811, HP pairs attempted/accepted = 1841738/1841738
| > Stability triggers: float mismatch = 1706255, float non-finite/error = 803
| > HP precision escalations: attempted/accepted = 2508/2508
| > Higher-precision rejections: disagreement = 0, non-finite = 0, error = 0
| > Soft-mirror stability: pairs = 20317715, large-side triggers = 133985, HP orbits attempted/salvaged/failed = 1683166/1683166/0
| > Soft-mirror extrema: raw original = -2.22938e+09, post-average = -2.55117e+07
| > Strongest soft-mirror cancellation: residual/raw = 0.00000e+00
| > Unstable rotational-check points rejected = 0
| > Rotational-check high-precision retries = 1707058
| > Rotational-check high-precision salvaged = 1707058
| > Large-weight high-precision retries = 134680
| > Large-weight high-precision salvaged = 134680
| > Large-weight high-precision rejected = 0
| > Large-weight samples zeroed = 207 (4.404e-06 of samples; removed signed/absolute sums = 2.68527e+07/1.37421e+08)
| > Non-finite final outputs zeroed = 0
| > Non-finite float rotated evaluations seen = 39
| > Example higher-precision-retried xs = [2.6880750982012969e-01 1.7402049722655100e-01 6.0980772598890010e-02 9.9750773443479890e-01 3.0048234085139136e-01 8.2729716849149482e-01] | float rel = 1.44350e-07
| >     momentum space  : k = [[1.2864873913282938e+01, 2.4869169488989783e+01, 1.4436129598391815e+02]; [-2.5782389205217190e+04, 7.8539332094821817e+04, -1.3710486440690246e+05]]
| > Example large-weight higher-precision-retried xs = [1.9231173850990912e-01 6.5780162395444419e-01 8.8861886028403791e-01 7.0208850143205215e-04 5.4240755566925725e-01 5.0445441660376766e-01] | compiled = -1.10603e+04 | higher precision = -1.02451e-01
| >     momentum space  : k = [[-1.7873903535647262e+01, -2.7323121682648594e+01, -8.9469201105104602e+01]; [-2.7108866766462003e-01, -7.3992249469811575e-02, -3.9326328464896528e-03]]
| > Example NaN/non-finite rotated xs = [4.3974642111233074e-04 4.7267464511837748e-01 9.9995896344930690e-01 6.1497814457061539e-01 6.0079335026881553e-01 6.4637841020769249e-01]
| >     momentum space  : k = [[-2.2353286370510883e-05, 3.8760017987051835e-06, 1.2731159591423573e+03]; [-4.6150254078839635e+02, -3.3882885223629427e+02, -2.8355997629564860e+02]]
| > [92mCentral value[0m : +3.0450221257769489e-08   +/- 8.66e-10     ([91m2.844%[0m)
[92mINFO[0m [94msymbolica_integrator l.7274[0m [96mt=2026-09-09,13:38:52.620[0m > | > Graph-channel Symbolica observer estimates:
| >   graph_0     : -2.0647640132998961e-08 +/- 1.11e-10 [41999 selected]
| >   graph_1     : 3.5214099825597916e-10 +/- 7.27e-12 [2125 selected]
| >   graph_2     : -1.2822500664063583e-08 +/- 4.59e-11 [11042 selected]
| >   graph_3     : 1.1036868091857199e-10 +/- 1.33e-12 [2146 selected]
| >   graph_4     : -6.0719416944839442e-10 +/- 1.35e-11 [2035 selected]
| >   graph_5     : -3.8919951568251403e-11 +/- 1.51e-12 [2074 selected]
| >   graph_6     : -3.7026581141050978e-11 +/- 1.57e-12 [2031 selected]
| >   graph_7     : 6.2997445687462344e-11 +/- 2.27e-12 [2107 selected]
| >   graph_8     : -9.1274862126646142e-10 +/- 1.18e-11 [3442 selected]
| >   graph_9     : 1.0715607397445618e-09 +/- 1.26e-11 [3667 selected]
| >   graph_10    : -2.7075286584197106e-09 +/- 6.84e-11 [20576 selected]
| >   graph_11    : 2.0127738916285464e-27 +/- 2.73e-28 [2112 selected]
| >   graph_12    : -5.5572631171446686e-10 +/- 8.37e-12 [2571 selected]
| >   graph_13    : -1.1780480332980758e-08 +/- 8.54e-11 [29604 selected]
| >   graph_14    : 1.0953433563311291e-10 +/- 4.76e-13 [2122 selected]
| >   graph_15    : 6.6397711219597121e-24 +/- 4.94e-24 [2058 selected]
| >   graph_16    : 3.8798520489533963e-09 +/- 1.37e-11 [2095 selected]
| >   graph_17    : -3.6231777338155037e-10 +/- 1.53e-12 [2076 selected]
| >   graph_18    : 1.1989159271499333e-08 +/- 5.59e-11 [16153 selected]
| >   graph_19    : 1.0549530358229956e-09 +/- 5.54e-12 [2048 selected]
| >   graph_20    : -7.6372168709707313e-10 +/- 3.88e-12 [2064 selected]
| >   graph_21    : -8.6320834358255864e-10 +/- 1.26e-11 [3754 selected]
| >   graph_22    : -5.0172571205019269e-10 +/- 1.11e-11 [2104 selected]
| >   graph_23    : -2.9148647891740093e-10 +/- 1.12e-11 [2033 selected]
| >   graph_24    : 5.7915797455413039e-10 +/- 1.98e-11 [3244 selected]
| >   graph_25    : 4.3713020920486475e-10 +/- 1.18e-11 [2089 selected]
| >   graph_26    : -2.1395054364636488e-10 +/- 9.23e-13 [2084 selected]
| >   graph_27    : -2.7221885633198927e-11 +/- 1.13e-13 [2126 selected]
| >   graph_28    : -1.1720966835786489e-09 +/- 8.77e-12 [2090 selected]
| >   graph_29    : 6.8054670789173970e-08 +/- 1.42e-10 [58654 selected]
| >   graph_30    : -1.4488439203196617e-09 +/- 1.17e-10 [49409 selected]
| >   graph_31    : 4.0748319986670968e-11 +/- 4.52e-13 [2047 selected]
| >   graph_32    : -5.1390576103931741e-11 +/- 8.31e-12 [2015 selected]
| >   graph_33    : -1.8938649810381822e-09 +/- 2.71e-11 [5014 selected]
| >   graph_34    : 5.3197991479948716e-26 +/- 3.79e-26 [2078 selected]
| >   graph_35    : 2.5231572807645587e-08 +/- 1.38e-10 [66984 selected]
| >   graph_36    : -2.9430260855798190e-09 +/- 2.71e-11 [5887 selected]
| >   graph_37    : 1.6176173223777500e-08 +/- 7.23e-11 [22796 selected]
| >   graph_38    : 4.0220337041786707e-10 +/- 3.76e-12 [2017 selected]
| >   graph_39    : -7.6301130439653898e-09 +/- 4.58e-11 [11121 selected]
| >   graph_40    : -1.5483745500018404e-10 +/- 3.45e-10 [207061 selected]
| >   graph_41    : 1.7388110234875995e-09 +/- 1.99e-11 [5789 selected]
| >   graph_42    : 4.3383141018802648e-09 +/- 1.29e-10 [37953 selected]
| >   graph_43    : 3.1512585595549586e-09 +/- 2.86e-11 [6068 selected]
| >   graph_44    : 4.4894539039992753e-10 +/- 8.74e-12 [2523 selected]
| >   graph_45    : 2.3979060786882337e-10 +/- 1.00e-12 [2070 selected]
| >   graph_46    : -6.0420175811827676e-11 +/- 4.12e-13 [2046 selected]
| >   graph_47    : -5.9241350291165465e-09 +/- 6.97e-10 [186661 selected]
| >   graph_48    : -9.4358244078497429e-11 +/- 2.38e-12 [2063 selected]
| >   graph_49    : -3.4283303613479968e-08 +/- 8.20e-11 [24981 selected]
| >   graph_50    : 8.9614753491182372e-10 +/- 1.71e-11 [3284 selected]
| >   graph_51    : 5.7850809585564186e-09 +/- 2.10e-11 [3088 selected]
| >   graph_52    : 2.1160989505988331e-10 +/- 5.86e-12 [2003 selected]
| >   graph_53    : -8.0994358093524723e-10 +/- 1.68e-11 [4858 selected]
| >   graph_54    : -2.6470198920363594e-09 +/- 1.19e-10 [40589 selected]
| >   graph_55    : 1.1405490694854814e-09 +/- 1.49e-11 [4037 selected]
| >   graph_56    : -4.2048294135889807e-09 +/- 1.50e-11 [2085 selected]
| >   graph_57    : -1.2912075479588739e-08 +/- 6.17e-11 [17611 selected]
| >   graph_58    : 4.2554627187760215e-11 +/- 2.49e-12 [2117 selected]
| >   graph_59    : 4.0231400783767247e-11 +/- 2.48e-12 [2097 selected]
| >   graph_60    : -7.0730801954471677e-11 +/- 2.52e-12 [2040 selected]
| >   graph_61    : 1.2624218549263121e-08 +/- 8.91e-11 [29002 selected]
| >   graph_62    : -3.5492063734853221e-24 +/- 3.46e-24 [2147 selected]
| >   graph_63    : -1.1510782591977521e-09 +/- 1.09e-11 [2049 selected]
| >   graph_64    : 8.2595137133783697e-10 +/- 4.30e-12 [2085 selected]
| >   sum         : 3.0450221257769489e-08
| >   total       : 3.0450221257769489e-08
| >   difference  : 0.0000000000000000e+00
[92mINFO[0m [94msymbolica_integrator l.7237[0m [96mt=2026-09-09,13:38:52.620[0m > Symbolica integration: starting iteration [92m48/100[0m using [94m1000000[0m points ...
[92mINFO[0m [94msymbolica_integrator l.7270[0m [96mt=2026-09-09,13:44:54.689[0m > ... result after this iteration:
| > Integration result after [92m48000000[0m evaluations in [92m609956.50 CPU-s[0m [94m(12707.4 µs / eval)[0m
| > Extremal weights:
| >   with jacobian    : 6.83462e+04 at xs = [6.4810213514078670e-06 1.2872623629604971e-01 5.0135758672765640e-01 1.1579855220704659e-01 5.8362165858137149e-01 6.8012190464210887e-01] | jacobian = 1.24143e+06
| >     momentum space  : k = [[1.7896885893320363e-03, 1.8755163712599345e-03, 1.0440121451461144e+02]; [-3.8255413064754848e+01, -2.2179274606260584e+01, -2.8086543799527060e+01]]
| >   without jacobian : 5.81662e+02 at xs = [4.6244409640217324e-07 7.5278966738298070e-01 5.0008056585407423e-01 1.6937886588083906e-01 4.4118097394652966e-01 2.7878525065510779e-01] | jacobian = 1.57997e+04
| >     momentum space  : k = [[3.2421228909030028e-06, -1.8494930348985909e-04, 1.6255859331628312e+02]; [-5.8419867978341316e+01, 2.2630076346839729e+01, 5.2232438578599712e+01]]
| >   before clipping   : -2.55117e+07 at xs = [2.0214007142192894e-01 6.7355269817953467e-01 7.7233159137948548e-01 5.1992145336682813e-06 3.3776341695909373e-01 4.9975058707764103e-01]
| >     momentum space  : k = [[-3.0709207392714490e+01, -5.8939013448895608e+01, -7.6505962958815175e+01]; [-1.0895715515227733e-03, 1.7714314087560576e-03, 1.6295540371570851e-06]]
| > Stability pipeline: float pairs accepted = 65144429, HP pairs attempted/accepted = 1883544/1883544
| > Stability triggers: float mismatch = 1745197, float non-finite/error = 821
| > HP precision escalations: attempted/accepted = 2571/2571
| > Higher-precision rejections: disagreement = 0, non-finite = 0, error = 0
| > Soft-mirror stability: pairs = 20749546, large-side triggers = 136821, HP orbits attempted/salvaged/failed = 1721573/1721573/0
| > Soft-mirror extrema: raw mirror = -9.09915e+09, post-average = -2.55117e+07
| > Strongest soft-mirror cancellation: residual/raw = 0.00000e+00
| > Unstable rotational-check points rejected = 0
| > Rotational-check high-precision retries = 1746018
| > Rotational-check high-precision salvaged = 1746018
| > Large-weight high-precision retries = 137526
| > Large-weight high-precision salvaged = 137526
| > Large-weight high-precision rejected = 0
| > Large-weight samples zeroed = 209 (4.354e-06 of samples; removed signed/absolute sums = 2.74827e+07/1.38051e+08)
| > Non-finite final outputs zeroed = 0
| > Non-finite float rotated evaluations seen = 40
| > Example higher-precision-retried xs = [2.6880750982012969e-01 1.7402049722655100e-01 6.0980772598890010e-02 9.9750773443479890e-01 3.0048234085139136e-01 8.2729716849149482e-01] | float rel = 1.44350e-07
| >     momentum space  : k = [[1.2864873913282938e+01, 2.4869169488989783e+01, 1.4436129598391815e+02]; [-2.5782389205217190e+04, 7.8539332094821817e+04, -1.3710486440690246e+05]]
| > Example large-weight higher-precision-retried xs = [1.9231173850990912e-01 6.5780162395444419e-01 8.8861886028403791e-01 7.0208850143205215e-04 5.4240755566925725e-01 5.0445441660376766e-01] | compiled = -1.10603e+04 | higher precision = -1.02451e-01
| >     momentum space  : k = [[-1.7873903535647262e+01, -2.7323121682648594e+01, -8.9469201105104602e+01]; [-2.7108866766462003e-01, -7.3992249469811575e-02, -3.9326328464896528e-03]]
| > Example NaN/non-finite rotated xs = [4.3974642111233074e-04 4.7267464511837748e-01 9.9995896344930690e-01 6.1497814457061539e-01 6.0079335026881553e-01 6.4637841020769249e-01]
| >     momentum space  : k = [[-2.2353286370510883e-05, 3.8760017987051835e-06, 1.2731159591423573e+03]; [-4.6150254078839635e+02, -3.3882885223629427e+02, -2.8355997629564860e+02]]
| > [92mCentral value[0m : +3.0479119440540876e-08   +/- 8.49e-10     ([91m2.786%[0m)
[92mINFO[0m [94msymbolica_integrator l.7274[0m [96mt=2026-09-09,13:44:54.689[0m > | > Graph-channel Symbolica observer estimates:
| >   graph_0     : -2.0635587622630240e-08 +/- 1.09e-10 [42309 selected]
| >   graph_1     : 3.5212241218728056e-10 +/- 7.20e-12 [2064 selected]
| >   graph_2     : -1.2819619737368731e-08 +/- 4.53e-11 [11111 selected]
| >   graph_3     : 1.1036365240952555e-10 +/- 1.31e-12 [2032 selected]
| >   graph_4     : -6.0693744463776455e-10 +/- 1.34e-11 [2073 selected]
| >   graph_5     : -3.9036797350996536e-11 +/- 1.49e-12 [2034 selected]
| >   graph_6     : -3.6830424617492637e-11 +/- 1.55e-12 [2093 selected]
| >   graph_7     : 6.2749609388634064e-11 +/- 2.25e-12 [2058 selected]
| >   graph_8     : -9.1456991327204380e-10 +/- 1.16e-11 [3657 selected]
| >   graph_9     : 1.0697880270081212e-09 +/- 1.24e-11 [3527 selected]
| >   graph_10    : -2.7107591415820426e-09 +/- 6.72e-11 [20372 selected]
| >   graph_11    : 2.0437681973815889e-27 +/- 2.69e-28 [2079 selected]
| >   graph_12    : -5.5662350508876505e-10 +/- 8.26e-12 [2701 selected]
| >   graph_13    : -1.1776603716649344e-08 +/- 8.39e-11 [29354 selected]
| >   graph_14    : 1.0953297212443091e-10 +/- 4.70e-13 [2089 selected]
| >   graph_15    : 6.4041294417467922e-24 +/- 4.84e-24 [2055 selected]
| >   graph_16    : 3.8784422305728796e-09 +/- 1.36e-11 [2029 selected]
| >   graph_17    : -3.6230130831428597e-10 +/- 1.51e-12 [2055 selected]
| >   graph_18    : 1.1985881091512165e-08 +/- 5.50e-11 [16405 selected]
| >   graph_19    : 1.0544281645016705e-09 +/- 5.48e-12 [2086 selected]
| >   graph_20    : -7.6412823807123323e-10 +/- 3.84e-12 [2127 selected]
| >   graph_21    : -8.6006665974486743e-10 +/- 1.24e-11 [3822 selected]
| >   graph_22    : -5.0021696107822844e-10 +/- 1.09e-11 [2116 selected]
| >   graph_23    : -2.9078525935793803e-10 +/- 1.10e-11 [2114 selected]
| >   graph_24    : 5.8370597568476844e-10 +/- 1.95e-11 [3328 selected]
| >   graph_25    : 4.3445468755550313e-10 +/- 1.17e-11 [2040 selected]
| >   graph_26    : -2.1412800870009181e-10 +/- 9.19e-13 [2125 selected]
| >   graph_27    : -2.7192002021525392e-11 +/- 1.12e-13 [1955 selected]
| >   graph_28    : -1.1721968025099714e-09 +/- 8.68e-12 [2084 selected]
| >   graph_29    : 6.8070052550485710e-08 +/- 1.39e-10 [58554 selected]
| >   graph_30    : -1.4239251551492700e-09 +/- 1.16e-10 [48935 selected]
| >   graph_31    : 4.0674889137584368e-11 +/- 4.48e-13 [2078 selected]
| >   graph_32    : -5.2297406265361090e-11 +/- 8.24e-12 [2077 selected]
| >   graph_33    : -1.8936059726276654e-09 +/- 2.67e-11 [5056 selected]
| >   graph_34    : 5.5615141954134364e-26 +/- 3.73e-26 [2056 selected]
| >   graph_35    : 2.5246182974149559e-08 +/- 1.37e-10 [67848 selected]
| >   graph_36    : -2.9436166410106908e-09 +/- 2.67e-11 [5909 selected]
| >   graph_37    : 1.6181353215910056e-08 +/- 7.13e-11 [23017 selected]
| >   graph_38    : 4.0290103677298242e-10 +/- 3.72e-12 [2082 selected]
| >   graph_39    : -7.6407129068802434e-09 +/- 4.53e-11 [11404 selected]
| >   graph_40    : -1.6167523513632190e-10 +/- 3.38e-10 [206920 selected]
| >   graph_41    : 1.7408035849855014e-09 +/- 1.97e-11 [5658 selected]
| >   graph_42    : 4.3603065136891484e-09 +/- 1.26e-10 [37941 selected]
| >   graph_43    : 3.1531954045887977e-09 +/- 2.83e-11 [6281 selected]
| >   graph_44    : 4.4940665052257820e-10 +/- 8.64e-12 [2442 selected]
| >   graph_45    : 2.3975659976419951e-10 +/- 9.90e-13 [2077 selected]
| >   graph_46    : -6.0476805895214568e-11 +/- 4.11e-13 [2031 selected]
| >   graph_47    : -5.9450920113696935e-09 +/- 6.82e-10 [185861 selected]
| >   graph_48    : -9.4243540559936875e-11 +/- 2.35e-12 [2023 selected]
| >   graph_49    : -3.4283821774478034e-08 +/- 8.09e-11 [24832 selected]
| >   graph_50    : 8.9846018839079305e-10 +/- 1.70e-11 [3270 selected]
| >   graph_51    : 5.7796311199035390e-09 +/- 2.07e-11 [2960 selected]
| >   graph_52    : 2.1318999844215208e-10 +/- 5.80e-12 [2062 selected]
| >   graph_53    : -8.1106929450383353e-10 +/- 1.65e-11 [4858 selected]
| >   graph_54    : -2.6514727780721461e-09 +/- 1.17e-10 [40324 selected]
| >   graph_55    : 1.1364744162918049e-09 +/- 1.47e-11 [4225 selected]
| >   graph_56    : -4.2067770450730130e-09 +/- 1.49e-11 [2165 selected]
| >   graph_57    : -1.2911497407577845e-08 +/- 6.08e-11 [17719 selected]
| >   graph_58    : 4.2626966742479436e-11 +/- 2.46e-12 [2040 selected]
| >   graph_59    : 4.0042828245268902e-11 +/- 2.45e-12 [2098 selected]
| >   graph_60    : -7.0620725764409646e-11 +/- 2.49e-12 [2057 selected]
| >   graph_61    : 1.2608765197752989e-08 +/- 8.82e-11 [29072 selected]
| >   graph_62    : -3.4912025104045557e-24 +/- 3.38e-24 [2046 selected]
| >   graph_63    : -1.1537095770964498e-09 +/- 1.08e-11 [2061 selected]
| >   graph_64    : 8.2602430227640284e-10 +/- 4.25e-12 [2067 selected]
| >   sum         : 3.0479119440540836e-08
| >   total       : 3.0479119440540876e-08
| >   difference  : -3.9704669402545328e-23
[92mINFO[0m [94msymbolica_integrator l.7237[0m [96mt=2026-09-09,13:44:54.689[0m > Symbolica integration: starting iteration [92m49/100[0m using [94m1000000[0m points ...
[92mINFO[0m [94msymbolica_integrator l.7270[0m [96mt=2026-09-09,13:50:41.503[0m > ... result after this iteration:
| > Integration result after [92m49000000[0m evaluations in [92m624633.88 CPU-s[0m [94m(12747.6 µs / eval)[0m
| > Extremal weights:
| >   with jacobian    : 6.83462e+04 at xs = [6.4810213514078670e-06 1.2872623629604971e-01 5.0135758672765640e-01 1.1579855220704659e-01 5.8362165858137149e-01 6.8012190464210887e-01] | jacobian = 1.24143e+06
| >     momentum space  : k = [[1.7896885893320363e-03, 1.8755163712599345e-03, 1.0440121451461144e+02]; [-3.8255413064754848e+01, -2.2179274606260584e+01, -2.8086543799527060e+01]]
| >   without jacobian : 5.81662e+02 at xs = [4.6244409640217324e-07 7.5278966738298070e-01 5.0008056585407423e-01 1.6937886588083906e-01 4.4118097394652966e-01 2.7878525065510779e-01] | jacobian = 1.57997e+04
| >     momentum space  : k = [[3.2421228909030028e-06, -1.8494930348985909e-04, 1.6255859331628312e+02]; [-5.8419867978341316e+01, 2.2630076346839729e+01, 5.2232438578599712e+01]]
| >   before clipping   : -2.55117e+07 at xs = [2.0214007142192894e-01 6.7355269817953467e-01 7.7233159137948548e-01 5.1992145336682813e-06 3.3776341695909373e-01 4.9975058707764103e-01]
| >     momentum space  : k = [[-3.0709207392714490e+01, -5.8939013448895608e+01, -7.6505962958815175e+01]; [-1.0895715515227733e-03, 1.7714314087560576e-03, 1.6295540371570851e-06]]
| > Stability pipeline: float pairs accepted = 66493139, HP pairs attempted/accepted = 1926826/1926826
| > Stability triggers: float mismatch = 1785540, float non-finite/error = 843
| > HP precision escalations: attempted/accepted = 2642/2642
| > Higher-precision rejections: disagreement = 0, non-finite = 0, error = 0
| > Soft-mirror stability: pairs = 21181578, large-side triggers = 139731, HP orbits attempted/salvaged/failed = 1761613/1761613/0
| > Soft-mirror extrema: raw mirror = -9.09915e+09, post-average = -2.55117e+07
| > Strongest soft-mirror cancellation: residual/raw = 0.00000e+00
| > Unstable rotational-check points rejected = 0
| > Rotational-check high-precision retries = 1786383
| > Rotational-check high-precision salvaged = 1786383
| > Large-weight high-precision retries = 140443
| > Large-weight high-precision salvaged = 140443
| > Large-weight high-precision rejected = 0
| > Large-weight samples zeroed = 213 (4.347e-06 of samples; removed signed/absolute sums = 3.09533e+07/1.41521e+08)
| > Non-finite final outputs zeroed = 0
| > Non-finite float rotated evaluations seen = 42
| > Example higher-precision-retried xs = [2.6880750982012969e-01 1.7402049722655100e-01 6.0980772598890010e-02 9.9750773443479890e-01 3.0048234085139136e-01 8.2729716849149482e-01] | float rel = 1.44350e-07
| >     momentum space  : k = [[1.2864873913282938e+01, 2.4869169488989783e+01, 1.4436129598391815e+02]; [-2.5782389205217190e+04, 7.8539332094821817e+04, -1.3710486440690246e+05]]
| > Example large-weight higher-precision-retried xs = [1.9231173850990912e-01 6.5780162395444419e-01 8.8861886028403791e-01 7.0208850143205215e-04 5.4240755566925725e-01 5.0445441660376766e-01] | compiled = -1.10603e+04 | higher precision = -1.02451e-01
| >     momentum space  : k = [[-1.7873903535647262e+01, -2.7323121682648594e+01, -8.9469201105104602e+01]; [-2.7108866766462003e-01, -7.3992249469811575e-02, -3.9326328464896528e-03]]
| > Example NaN/non-finite rotated xs = [4.3974642111233074e-04 4.7267464511837748e-01 9.9995896344930690e-01 6.1497814457061539e-01 6.0079335026881553e-01 6.4637841020769249e-01]
| >     momentum space  : k = [[-2.2353286370510883e-05, 3.8760017987051835e-06, 1.2731159591423573e+03]; [-4.6150254078839635e+02, -3.3882885223629427e+02, -2.8355997629564860e+02]]
| > [92mCentral value[0m : +3.0467715536435346e-08   +/- 8.33e-10     ([91m2.733%[0m)
[92mINFO[0m [94msymbolica_integrator l.7274[0m [96mt=2026-09-09,13:50:41.503[0m > | > Graph-channel Symbolica observer estimates:
| >   graph_0     : -2.0643258315977178e-08 +/- 1.07e-10 [42703 selected]
| >   graph_1     : 3.5156971341757219e-10 +/- 7.11e-12 [2013 selected]
| >   graph_2     : -1.2808175294453260e-08 +/- 4.48e-11 [10865 selected]
| >   graph_3     : 1.1082634542011143e-10 +/- 1.30e-12 [2071 selected]
| >   graph_4     : -6.0986614538111496e-10 +/- 1.33e-11 [2099 selected]
| >   graph_5     : -3.9334169373374094e-11 +/- 1.48e-12 [2046 selected]
| >   graph_6     : -3.6900206778170180e-11 +/- 1.53e-12 [2114 selected]
| >   graph_7     : 6.3066799754905993e-11 +/- 2.22e-12 [2108 selected]
| >   graph_8     : -9.1560782268472988e-10 +/- 1.15e-11 [3557 selected]
| >   graph_9     : 1.0697370571240551e-09 +/- 1.23e-11 [3607 selected]
| >   graph_10    : -2.7190715734592118e-09 +/- 6.61e-11 [20322 selected]
| >   graph_11    : 2.0591258189185951e-27 +/- 2.65e-28 [2050 selected]
| >   graph_12    : -5.5737348754277225e-10 +/- 8.17e-12 [2710 selected]
| >   graph_13    : -1.1791159995816217e-08 +/- 8.24e-11 [29410 selected]
| >   graph_14    : 1.0953034008283092e-10 +/- 4.64e-13 [2113 selected]
| >   graph_15    : 4.2999157844374748e-24 +/- 5.11e-24 [2091 selected]
| >   graph_16    : 3.8805147099073417e-09 +/- 1.35e-11 [2098 selected]
| >   graph_17    : -3.6219063161222359e-10 +/- 1.49e-12 [2068 selected]
| >   graph_18    : 1.1991626089899366e-08 +/- 5.44e-11 [16163 selected]
| >   graph_19    : 1.0547753536725873e-09 +/- 5.42e-12 [2065 selected]
| >   graph_20    : -7.6456978780093028e-10 +/- 3.80e-12 [2109 selected]
| >   graph_21    : -8.5922073619695332e-10 +/- 1.23e-11 [3787 selected]
| >   graph_22    : -5.0257591365388746e-10 +/- 1.07e-11 [2013 selected]
| >   graph_23    : -2.9008076130341602e-10 +/- 1.08e-11 [2002 selected]
| >   graph_24    : 5.8899377957450815e-10 +/- 1.93e-11 [3377 selected]
| >   graph_25    : 4.3447995323602591e-10 +/- 1.16e-11 [2082 selected]
| >   graph_26    : -2.1420861087974431e-10 +/- 9.08e-13 [2116 selected]
| >   graph_27    : -2.7196095369778406e-11 +/- 1.11e-13 [2085 selected]
| >   graph_28    : -1.1713008063440341e-09 +/- 8.60e-12 [2120 selected]
| >   graph_29    : 6.8072749290183356e-08 +/- 1.37e-10 [58604 selected]
| >   graph_30    : -1.4194085730631650e-09 +/- 1.13e-10 [49991 selected]
| >   graph_31    : 4.0504081511918112e-11 +/- 4.43e-13 [1949 selected]
| >   graph_32    : -5.2068809632174326e-11 +/- 8.17e-12 [2094 selected]
| >   graph_33    : -1.9011342057100051e-09 +/- 2.66e-11 [4994 selected]
| >   graph_34    : 5.3777821310852229e-26 +/- 3.72e-26 [2053 selected]
| >   graph_35    : 2.5254548564371834e-08 +/- 1.35e-10 [68962 selected]
| >   graph_36    : -2.9415124066955143e-09 +/- 2.64e-11 [5817 selected]
| >   graph_37    : 1.6172302128522702e-08 +/- 7.04e-11 [22965 selected]
| >   graph_38    : 4.0226288095681881e-10 +/- 3.68e-12 [2043 selected]
| >   graph_39    : -7.6389315758734819e-09 +/- 4.47e-11 [11190 selected]
| >   graph_40    : -1.6891313094446017e-10 +/- 3.31e-10 [205859 selected]
| >   graph_41    : 1.7409128768714864e-09 +/- 1.94e-11 [5674 selected]
| >   graph_42    : 4.3848803338709251e-09 +/- 1.25e-10 [38072 selected]
| >   graph_43    : 3.1491142536562998e-09 +/- 2.80e-11 [6201 selected]
| >   graph_44    : 4.4886668544802143e-10 +/- 8.54e-12 [2484 selected]
| >   graph_45    : 2.3981247359364147e-10 +/- 9.78e-13 [2077 selected]
| >   graph_46    : -6.0458050294351797e-11 +/- 4.06e-13 [2040 selected]
| >   graph_47    : -5.9519032230706900e-09 +/- 6.68e-10 [185119 selected]
| >   graph_48    : -9.4184815951932747e-11 +/- 2.32e-12 [2024 selected]
| >   graph_49    : -3.4298830578748549e-08 +/- 7.98e-11 [25016 selected]
| >   graph_50    : 8.9587892783518686e-10 +/- 1.68e-11 [3225 selected]
| >   graph_51    : 5.7781051353081880e-09 +/- 2.05e-11 [2954 selected]
| >   graph_52    : 2.1504269032060699e-10 +/- 5.74e-12 [2065 selected]
| >   graph_53    : -8.1140884638604567e-10 +/- 1.63e-11 [4917 selected]
| >   graph_54    : -2.6467670082677131e-09 +/- 1.15e-10 [40104 selected]
| >   graph_55    : 1.1386291272973074e-09 +/- 1.45e-11 [4034 selected]
| >   graph_56    : -4.2038272310037851e-09 +/- 1.47e-11 [2065 selected]
| >   graph_57    : -1.2914582338663240e-08 +/- 5.99e-11 [17630 selected]
| >   graph_58    : 4.2722860053641130e-11 +/- 2.44e-12 [2097 selected]
| >   graph_59    : 4.0107257508303925e-11 +/- 2.43e-12 [2125 selected]
| >   graph_60    : -7.0989689825526742e-11 +/- 2.47e-12 [2015 selected]
| >   graph_61    : 1.2613359954552655e-08 +/- 8.68e-11 [29303 selected]
| >   graph_62    : -3.4169150256503485e-24 +/- 3.32e-24 [2050 selected]
| >   graph_63    : -1.1561125082378789e-09 +/- 1.07e-11 [2168 selected]
| >   graph_64    : 8.2591921947862342e-10 +/- 4.20e-12 [2056 selected]
| >   sum         : 3.0467715536435313e-08
| >   total       : 3.0467715536435346e-08
| >   difference  : -3.3087224502121107e-23
[92mINFO[0m [94msymbolica_integrator l.7237[0m [96mt=2026-09-09,13:50:41.503[0m > Symbolica integration: starting iteration [92m50/100[0m using [94m1000000[0m points ...
[92mINFO[0m [94msymbolica_integrator l.7270[0m [96mt=2026-09-09,13:56:16.783[0m > ... result after this iteration:
| > Integration result after [92m50000000[0m evaluations in [92m638433.30 CPU-s[0m [94m(12768.7 µs / eval)[0m
| > Extremal weights:
| >   with jacobian    : 6.83462e+04 at xs = [6.4810213514078670e-06 1.2872623629604971e-01 5.0135758672765640e-01 1.1579855220704659e-01 5.8362165858137149e-01 6.8012190464210887e-01] | jacobian = 1.24143e+06
| >     momentum space  : k = [[1.7896885893320363e-03, 1.8755163712599345e-03, 1.0440121451461144e+02]; [-3.8255413064754848e+01, -2.2179274606260584e+01, -2.8086543799527060e+01]]
| >   without jacobian : 5.81662e+02 at xs = [4.6244409640217324e-07 7.5278966738298070e-01 5.0008056585407423e-01 1.6937886588083906e-01 4.4118097394652966e-01 2.7878525065510779e-01] | jacobian = 1.57997e+04
| >     momentum space  : k = [[3.2421228909030028e-06, -1.8494930348985909e-04, 1.6255859331628312e+02]; [-5.8419867978341316e+01, 2.2630076346839729e+01, 5.2232438578599712e+01]]
| >   before clipping   : -2.55117e+07 at xs = [2.0214007142192894e-01 6.7355269817953467e-01 7.7233159137948548e-01 5.1992145336682813e-06 3.3776341695909373e-01 4.9975058707764103e-01]
| >     momentum space  : k = [[-3.0709207392714490e+01, -5.8939013448895608e+01, -7.6505962958815175e+01]; [-1.0895715515227733e-03, 1.7714314087560576e-03, 1.6295540371570851e-06]]
| > Stability pipeline: float pairs accepted = 67845938, HP pairs attempted/accepted = 1968550/1968550
| > Stability triggers: float mismatch = 1824444, float non-finite/error = 873
| > HP precision escalations: attempted/accepted = 2715/2715
| > Higher-precision rejections: disagreement = 0, non-finite = 0, error = 0
| > Soft-mirror stability: pairs = 21614265, large-side triggers = 142510, HP orbits attempted/salvaged/failed = 1799777/1799777/0
| > Soft-mirror extrema: raw mirror = -9.09915e+09, post-average = -2.55117e+07
| > Strongest soft-mirror cancellation: residual/raw = 0.00000e+00
| > Unstable rotational-check points rejected = 0
| > Rotational-check high-precision retries = 1825317
| > Rotational-check high-precision salvaged = 1825317
| > Large-weight high-precision retries = 143233
| > Large-weight high-precision salvaged = 143233
| > Large-weight high-precision rejected = 0
| > Large-weight samples zeroed = 216 (4.320e-06 of samples; removed signed/absolute sums = 4.77132e+07/1.58578e+08)
| > Non-finite final outputs zeroed = 0
| > Non-finite float rotated evaluations seen = 43
| > Example higher-precision-retried xs = [2.6880750982012969e-01 1.7402049722655100e-01 6.0980772598890010e-02 9.9750773443479890e-01 3.0048234085139136e-01 8.2729716849149482e-01] | float rel = 1.44350e-07
| >     momentum space  : k = [[1.2864873913282938e+01, 2.4869169488989783e+01, 1.4436129598391815e+02]; [-2.5782389205217190e+04, 7.8539332094821817e+04, -1.3710486440690246e+05]]
| > Example large-weight higher-precision-retried xs = [1.9231173850990912e-01 6.5780162395444419e-01 8.8861886028403791e-01 7.0208850143205215e-04 5.4240755566925725e-01 5.0445441660376766e-01] | compiled = -1.10603e+04 | higher precision = -1.02451e-01
| >     momentum space  : k = [[-1.7873903535647262e+01, -2.7323121682648594e+01, -8.9469201105104602e+01]; [-2.7108866766462003e-01, -7.3992249469811575e-02, -3.9326328464896528e-03]]
| > Example NaN/non-finite rotated xs = [4.3974642111233074e-04 4.7267464511837748e-01 9.9995896344930690e-01 6.1497814457061539e-01 6.0079335026881553e-01 6.4637841020769249e-01]
| >     momentum space  : k = [[-2.2353286370510883e-05, 3.8760017987051835e-06, 1.2731159591423573e+03]; [-4.6150254078839635e+02, -3.3882885223629427e+02, -2.8355997629564860e+02]]
| > [92mCentral value[0m : +3.0492278891853651e-08   +/- 8.17e-10     ([91m2.679%[0m)
[92mINFO[0m [94msymbolica_integrator l.7274[0m [96mt=2026-09-09,13:56:16.784[0m > | > Graph-channel Symbolica observer estimates:
| >   graph_0     : -2.0636604632117098e-08 +/- 1.06e-10 [42829 selected]
| >   graph_1     : 3.5150934124335101e-10 +/- 7.02e-12 [2010 selected]
| >   graph_2     : -1.2806023145007167e-08 +/- 4.42e-11 [11232 selected]
| >   graph_3     : 1.1077316131915958e-10 +/- 1.29e-12 [1957 selected]
| >   graph_4     : -6.1048517926821054e-10 +/- 1.31e-11 [2067 selected]
| >   graph_5     : -3.9462585660497707e-11 +/- 1.46e-12 [2127 selected]
| >   graph_6     : -3.6953085210613784e-11 +/- 1.52e-12 [2080 selected]
| >   graph_7     : 6.2831649685806379e-11 +/- 2.20e-12 [2070 selected]
| >   graph_8     : -9.1604835817022922e-10 +/- 1.13e-11 [3551 selected]
| >   graph_9     : 1.0686787482482406e-09 +/- 1.21e-11 [3654 selected]
| >   graph_10    : -2.7096327042371342e-09 +/- 6.53e-11 [20564 selected]
| >   graph_11    : 2.0922586025759776e-27 +/- 2.62e-28 [1992 selected]
| >   graph_12    : -5.5781337874961540e-10 +/- 8.07e-12 [2683 selected]
| >   graph_13    : -1.1786502796471866e-08 +/- 8.10e-11 [29452 selected]
| >   graph_14    : 1.0955475223654937e-10 +/- 4.58e-13 [2093 selected]
| >   graph_15    : 4.1639228076616100e-24 +/- 5.01e-24 [2073 selected]
| >   graph_16    : 3.8812678680593425e-09 +/- 1.34e-11 [2035 selected]
| >   graph_17    : -3.6216871462431376e-10 +/- 1.47e-12 [2058 selected]
| >   graph_18    : 1.1991453113110093e-08 +/- 5.37e-11 [16256 selected]
| >   graph_19    : 1.0555887719847435e-09 +/- 5.37e-12 [2042 selected]
| >   graph_20    : -7.6472627118357979e-10 +/- 3.76e-12 [2042 selected]
| >   graph_21    : -8.5940438752916587e-10 +/- 1.21e-11 [3783 selected]
| >   graph_22    : -5.0365780423127773e-10 +/- 1.06e-11 [1976 selected]
| >   graph_23    : -2.8957699798065941e-10 +/- 1.06e-11 [2099 selected]
| >   graph_24    : 5.8802622328628952e-10 +/- 1.91e-11 [3218 selected]
| >   graph_25    : 4.3358323200242283e-10 +/- 1.15e-11 [2022 selected]
| >   graph_26    : -2.1425669454198237e-10 +/- 8.97e-13 [2072 selected]
| >   graph_27    : -2.7203980389757902e-11 +/- 1.09e-13 [2046 selected]
| >   graph_28    : -1.1692812717638065e-09 +/- 8.51e-12 [1989 selected]
| >   graph_29    : 6.8068923705831176e-08 +/- 1.35e-10 [57890 selected]
| >   graph_30    : -1.4192845722784930e-09 +/- 1.11e-10 [49611 selected]
| >   graph_31    : 4.0488499020104780e-11 +/- 4.39e-13 [2155 selected]
| >   graph_32    : -5.1984811855454851e-11 +/- 8.11e-12 [2164 selected]
| >   graph_33    : -1.9033940827613745e-09 +/- 2.63e-11 [5090 selected]
| >   graph_34    : 5.8206322691320465e-26 +/- 3.67e-26 [1987 selected]
| >   graph_35    : 2.5263014782665531e-08 +/- 1.33e-10 [68624 selected]
| >   graph_36    : -2.9424615857782183e-09 +/- 2.61e-11 [5995 selected]
| >   graph_37    : 1.6166786945370822e-08 +/- 6.95e-11 [23213 selected]
| >   graph_38    : 4.0233079159079291e-10 +/- 3.64e-12 [2144 selected]
| >   graph_39    : -7.6392998117674774e-09 +/- 4.42e-11 [11122 selected]
| >   graph_40    : -1.6529912544951734e-10 +/- 3.25e-10 [205824 selected]
| >   graph_41    : 1.7439939242896949e-09 +/- 1.92e-11 [5714 selected]
| >   graph_42    : 4.3858002537159447e-09 +/- 1.22e-10 [38397 selected]
| >   graph_43    : 3.1544316767849196e-09 +/- 2.77e-11 [6428 selected]
| >   graph_44    : 4.4802911827421639e-10 +/- 8.44e-12 [2445 selected]
| >   graph_45    : 2.3974860471653525e-10 +/- 9.66e-13 [2023 selected]
| >   graph_46    : -6.0433341015924016e-11 +/- 4.03e-13 [1994 selected]
| >   graph_47    : -5.9567207043286389e-09 +/- 6.55e-10 [184513 selected]
| >   graph_48    : -9.4192108967631475e-11 +/- 2.29e-12 [2045 selected]
| >   graph_49    : -3.4298276979068843e-08 +/- 7.87e-11 [25261 selected]
| >   graph_50    : 8.9638196844919698e-10 +/- 1.66e-11 [3280 selected]
| >   graph_51    : 5.7761475974288487e-09 +/- 2.03e-11 [2998 selected]
| >   graph_52    : 2.1534409930615927e-10 +/- 5.68e-12 [2006 selected]
| >   graph_53    : -8.0960213262775858e-10 +/- 1.61e-11 [4912 selected]
| >   graph_54    : -2.6427185608158660e-09 +/- 1.13e-10 [40162 selected]
| >   graph_55    : 1.1389248511118816e-09 +/- 1.43e-11 [4131 selected]
| >   graph_56    : -4.2005835822611716e-09 +/- 1.46e-11 [2049 selected]
| >   graph_57    : -1.2922408061019326e-08 +/- 5.90e-11 [17621 selected]
| >   graph_58    : 4.2928144754418221e-11 +/- 2.41e-12 [2000 selected]
| >   graph_59    : 4.0256687920063068e-11 +/- 2.40e-12 [2126 selected]
| >   graph_60    : -7.0816314384437359e-11 +/- 2.44e-12 [2030 selected]
| >   graph_61    : 1.2616062789144109e-08 +/- 8.55e-11 [29664 selected]
| >   graph_62    : -3.2789590635297469e-24 +/- 3.25e-24 [2083 selected]
| >   graph_63    : -1.1590396243490877e-09 +/- 1.07e-11 [2122 selected]
| >   graph_64    : 8.2573497616938589e-10 +/- 4.16e-12 [2105 selected]
| >   sum         : 3.0492278891853605e-08
| >   total       : 3.0492278891853651e-08
| >   difference  : -4.6322114302969550e-23
[92mINFO[0m [94msymbolica_integrator l.7237[0m [96mt=2026-09-09,13:56:16.784[0m > Symbolica integration: starting iteration [92m51/100[0m using [94m1000000[0m points ...
[92mINFO[0m [94msymbolica_integrator l.7270[0m [96mt=2026-09-09,14:01:35.372[0m > ... result after this iteration:
| > Integration result after [92m51000000[0m evaluations in [92m651748.05 CPU-s[0m [94m(12779.4 µs / eval)[0m
| > Extremal weights:
| >   with jacobian    : 6.83462e+04 at xs = [6.4810213514078670e-06 1.2872623629604971e-01 5.0135758672765640e-01 1.1579855220704659e-01 5.8362165858137149e-01 6.8012190464210887e-01] | jacobian = 1.24143e+06
| >     momentum space  : k = [[1.7896885893320363e-03, 1.8755163712599345e-03, 1.0440121451461144e+02]; [-3.8255413064754848e+01, -2.2179274606260584e+01, -2.8086543799527060e+01]]
| >   without jacobian : 5.81662e+02 at xs = [4.6244409640217324e-07 7.5278966738298070e-01 5.0008056585407423e-01 1.6937886588083906e-01 4.4118097394652966e-01 2.7878525065510779e-01] | jacobian = 1.57997e+04
| >     momentum space  : k = [[3.2421228909030028e-06, -1.8494930348985909e-04, 1.6255859331628312e+02]; [-5.8419867978341316e+01, 2.2630076346839729e+01, 5.2232438578599712e+01]]
| >   before clipping   : -2.55117e+07 at xs = [2.0214007142192894e-01 6.7355269817953467e-01 7.7233159137948548e-01 5.1992145336682813e-06 3.3776341695909373e-01 4.9975058707764103e-01]
| >     momentum space  : k = [[-3.0709207392714490e+01, -5.8939013448895608e+01, -7.6505962958815175e+01]; [-1.0895715515227733e-03, 1.7714314087560576e-03, 1.6295540371570851e-06]]
| > Stability pipeline: float pairs accepted = 69204599, HP pairs attempted/accepted = 2007031/2007031
| > Stability triggers: float mismatch = 1860411, float non-finite/error = 886
| > HP precision escalations: attempted/accepted = 2775/2775
| > Higher-precision rejections: disagreement = 0, non-finite = 0, error = 0
| > Soft-mirror stability: pairs = 22046588, large-side triggers = 144999, HP orbits attempted/salvaged/failed = 1834958/1834958/0
| > Soft-mirror extrema: raw mirror = -9.09915e+09, post-average = -2.55117e+07
| > Strongest soft-mirror cancellation: residual/raw = 0.00000e+00
| > Unstable rotational-check points rejected = 0
| > Rotational-check high-precision retries = 1861297
| > Rotational-check high-precision salvaged = 1861297
| > Large-weight high-precision retries = 145734
| > Large-weight high-precision salvaged = 145734
| > Large-weight high-precision rejected = 0
| > Large-weight samples zeroed = 222 (4.353e-06 of samples; removed signed/absolute sums = 4.61174e+07/1.60676e+08)
| > Non-finite final outputs zeroed = 0
| > Non-finite float rotated evaluations seen = 44
| > Example higher-precision-retried xs = [2.6880750982012969e-01 1.7402049722655100e-01 6.0980772598890010e-02 9.9750773443479890e-01 3.0048234085139136e-01 8.2729716849149482e-01] | float rel = 1.44350e-07
| >     momentum space  : k = [[1.2864873913282938e+01, 2.4869169488989783e+01, 1.4436129598391815e+02]; [-2.5782389205217190e+04, 7.8539332094821817e+04, -1.3710486440690246e+05]]
| > Example large-weight higher-precision-retried xs = [1.9231173850990912e-01 6.5780162395444419e-01 8.8861886028403791e-01 7.0208850143205215e-04 5.4240755566925725e-01 5.0445441660376766e-01] | compiled = -1.10603e+04 | higher precision = -1.02451e-01
| >     momentum space  : k = [[-1.7873903535647262e+01, -2.7323121682648594e+01, -8.9469201105104602e+01]; [-2.7108866766462003e-01, -7.3992249469811575e-02, -3.9326328464896528e-03]]
| > Example NaN/non-finite rotated xs = [4.3974642111233074e-04 4.7267464511837748e-01 9.9995896344930690e-01 6.1497814457061539e-01 6.0079335026881553e-01 6.4637841020769249e-01]
| >     momentum space  : k = [[-2.2353286370510883e-05, 3.8760017987051835e-06, 1.2731159591423573e+03]; [-4.6150254078839635e+02, -3.3882885223629427e+02, -2.8355997629564860e+02]]
| > [92mCentral value[0m : +3.0484007316570579e-08   +/- 8.02e-10     ([91m2.629%[0m)
[92mINFO[0m [94msymbolica_integrator l.7274[0m [96mt=2026-09-09,14:01:35.373[0m > | > Graph-channel Symbolica observer estimates:
| >   graph_0     : -2.0647726156791737e-08 +/- 1.04e-10 [42820 selected]
| >   graph_1     : 3.5083508179194649e-10 +/- 6.95e-12 [2061 selected]
| >   graph_2     : -1.2815971371532274e-08 +/- 4.37e-11 [11149 selected]
| >   graph_3     : 1.1062906430171200e-10 +/- 1.27e-12 [2042 selected]
| >   graph_4     : -6.1002569504194526e-10 +/- 1.30e-11 [2070 selected]
| >   graph_5     : -3.9774297200429586e-11 +/- 1.45e-12 [2030 selected]
| >   graph_6     : -3.6589702501443081e-11 +/- 1.51e-12 [2045 selected]
| >   graph_7     : 6.3197965686476486e-11 +/- 2.18e-12 [2004 selected]
| >   graph_8     : -9.1708978275048290e-10 +/- 1.12e-11 [3571 selected]
| >   graph_9     : 1.0669999217592945e-09 +/- 1.20e-11 [3472 selected]
| >   graph_10    : -2.7113616051416965e-09 +/- 6.43e-11 [20599 selected]
| >   graph_11    : 2.0801926737301469e-27 +/- 2.59e-28 [2017 selected]
| >   graph_12    : -5.5911195792180900e-10 +/- 7.98e-12 [2736 selected]
| >   graph_13    : -1.1781434815086354e-08 +/- 7.97e-11 [29360 selected]
| >   graph_14    : 1.0960144080640204e-10 +/- 4.52e-13 [2023 selected]
| >   graph_15    : 4.0824622137155214e-24 +/- 4.91e-24 [2108 selected]
| >   graph_16    : 3.8845049028726228e-09 +/- 1.33e-11 [2151 selected]
| >   graph_17    : -3.6211564936945764e-10 +/- 1.45e-12 [2037 selected]
| >   graph_18    : 1.2004007668006932e-08 +/- 5.29e-11 [16250 selected]
| >   graph_19    : 1.0559417413089389e-09 +/- 5.31e-12 [2017 selected]
| >   graph_20    : -7.6386709000201866e-10 +/- 3.72e-12 [2041 selected]
| >   graph_21    : -8.6068388271454723e-10 +/- 1.20e-11 [3847 selected]
| >   graph_22    : -5.0206899574975379e-10 +/- 1.04e-11 [1972 selected]
| >   graph_23    : -2.8862030254669940e-10 +/- 1.04e-11 [2016 selected]
| >   graph_24    : 5.8806448942345282e-10 +/- 1.89e-11 [3292 selected]
| >   graph_25    : 4.3312760208924460e-10 +/- 1.14e-11 [2103 selected]
| >   graph_26    : -2.1422544079849409e-10 +/- 8.86e-13 [2050 selected]
| >   graph_27    : -2.7215859796643174e-11 +/- 1.08e-13 [2109 selected]
| >   graph_28    : -1.1688292561636203e-09 +/- 8.44e-12 [2081 selected]
| >   graph_29    : 6.8074572969990369e-08 +/- 1.33e-10 [58781 selected]
| >   graph_30    : -1.4175431920444162e-09 +/- 1.09e-10 [49363 selected]
| >   graph_31    : 4.0455206542171662e-11 +/- 4.34e-13 [2057 selected]
| >   graph_32    : -5.0722288836904207e-11 +/- 8.03e-12 [2096 selected]
| >   graph_33    : -1.9009700273350658e-09 +/- 2.59e-11 [5064 selected]
| >   graph_34    : 5.6121782223387727e-26 +/- 3.61e-26 [2037 selected]
| >   graph_35    : 2.5268136293481510e-08 +/- 1.31e-10 [68188 selected]
| >   graph_36    : -2.9359653406449751e-09 +/- 2.59e-11 [5932 selected]
| >   graph_37    : 1.6158228708571404e-08 +/- 6.86e-11 [23227 selected]
| >   graph_38    : 4.0306416860796258e-10 +/- 3.61e-12 [2068 selected]
| >   graph_39    : -7.6336954503502734e-09 +/- 4.37e-11 [11286 selected]
| >   graph_40    : -1.7466871832253667e-10 +/- 3.19e-10 [205372 selected]
| >   graph_41    : 1.7460766915285398e-09 +/- 1.89e-11 [5801 selected]
| >   graph_42    : 4.3934153502010571e-09 +/- 1.20e-10 [38319 selected]
| >   graph_43    : 3.1548839442125802e-09 +/- 2.74e-11 [6468 selected]
| >   graph_44    : 4.4915970935318749e-10 +/- 8.34e-12 [2373 selected]
| >   graph_45    : 2.3991288430321509e-10 +/- 9.55e-13 [2149 selected]
| >   graph_46    : -6.0472353697615210e-11 +/- 3.98e-13 [2113 selected]
| >   graph_47    : -5.9608913510204312e-09 +/- 6.42e-10 [183792 selected]
| >   graph_48    : -9.4084850355043440e-11 +/- 2.26e-12 [2074 selected]
| >   graph_49    : -3.4304333086603869e-08 +/- 7.76e-11 [25444 selected]
| >   graph_50    : 8.9532737955072374e-10 +/- 1.65e-11 [3213 selected]
| >   graph_51    : 5.7739704447058023e-09 +/- 2.01e-11 [3018 selected]
| >   graph_52    : 2.1579591278369153e-10 +/- 5.62e-12 [2048 selected]
| >   graph_53    : -8.0646581174581830e-10 +/- 1.59e-11 [4926 selected]
| >   graph_54    : -2.6589869336783038e-09 +/- 1.11e-10 [40821 selected]
| >   graph_55    : 1.1382216276258269e-09 +/- 1.42e-11 [4102 selected]
| >   graph_56    : -4.2026927751218592e-09 +/- 1.44e-11 [2121 selected]
| >   graph_57    : -1.2914393826944780e-08 +/- 5.82e-11 [17766 selected]
| >   graph_58    : 4.2441431158012464e-11 +/- 2.38e-12 [2040 selected]
| >   graph_59    : 4.0389453074481116e-11 +/- 2.38e-12 [2067 selected]
| >   graph_60    : -7.0828640888861344e-11 +/- 2.42e-12 [2041 selected]
| >   graph_61    : 1.2610597213655536e-08 +/- 8.42e-11 [29664 selected]
| >   graph_62    : -3.2130954813876258e-24 +/- 3.19e-24 [2054 selected]
| >   graph_63    : -1.1593798905088771e-09 +/- 1.06e-11 [2031 selected]
| >   graph_64    : 8.2525444838646716e-10 +/- 4.12e-12 [2011 selected]
| >   sum         : 3.0484007316570526e-08
| >   total       : 3.0484007316570579e-08
| >   difference  : -5.2939559203393771e-23
[92mINFO[0m [94msymbolica_integrator l.7237[0m [96mt=2026-09-09,14:01:35.373[0m > Symbolica integration: starting iteration [92m52/100[0m using [94m1000000[0m points ...
[92mINFO[0m [94msymbolica_integrator l.7270[0m [96mt=2026-09-09,14:07:30.069[0m > ... result after this iteration:
| > Integration result after [92m52000000[0m evaluations in [92m665658.07 CPU-s[0m [94m(12801.1 µs / eval)[0m
| > Extremal weights:
| >   with jacobian    : 6.83462e+04 at xs = [6.4810213514078670e-06 1.2872623629604971e-01 5.0135758672765640e-01 1.1579855220704659e-01 5.8362165858137149e-01 6.8012190464210887e-01] | jacobian = 1.24143e+06
| >     momentum space  : k = [[1.7896885893320363e-03, 1.8755163712599345e-03, 1.0440121451461144e+02]; [-3.8255413064754848e+01, -2.2179274606260584e+01, -2.8086543799527060e+01]]
| >   without jacobian : 2.04772e+03 at xs = [1.5543674534802407e-01 1.4833185022130992e-02 8.4084048294750802e-01 3.2838737726290548e-07 3.5617832391560444e-01 4.9995505422264680e-01] | jacobian = 3.91836e+03
| >     momentum space  : k = [[3.5141894886692072e+01, 3.2847283973768100e+00, -6.4604992276098741e+01]; [-8.1274616551980621e-05, 1.0319191256922431e-04, 1.8547499003389817e-08]]
| >   before clipping   : -2.55117e+07 at xs = [2.0214007142192894e-01 6.7355269817953467e-01 7.7233159137948548e-01 5.1992145336682813e-06 3.3776341695909373e-01 4.9975058707764103e-01]
| >     momentum space  : k = [[-3.0709207392714490e+01, -5.8939013448895608e+01, -7.6505962958815175e+01]; [-1.0895715515227733e-03, 1.7714314087560576e-03, 1.6295540371570851e-06]]
| > Stability pipeline: float pairs accepted = 70560566, HP pairs attempted/accepted = 2047275/2047275
| > Stability triggers: float mismatch = 1897898, float non-finite/error = 904
| > HP precision escalations: attempted/accepted = 2835/2835
| > Higher-precision rejections: disagreement = 0, non-finite = 0, error = 0
| > Soft-mirror stability: pairs = 22480032, large-side triggers = 147729, HP orbits attempted/salvaged/failed = 1872191/1872191/0
| > Soft-mirror extrema: raw mirror = -9.09915e+09, post-average = -2.55117e+07
| > Strongest soft-mirror cancellation: residual/raw = 0.00000e+00
| > Unstable rotational-check points rejected = 0
| > Rotational-check high-precision retries = 1898802
| > Rotational-check high-precision salvaged = 1898802
| > Large-weight high-precision retries = 148473
| > Large-weight high-precision salvaged = 148473
| > Large-weight high-precision rejected = 0
| > Large-weight samples zeroed = 231 (4.442e-06 of samples; removed signed/absolute sums = 3.94159e+07/1.70906e+08)
| > Non-finite final outputs zeroed = 0
| > Non-finite float rotated evaluations seen = 44
| > Example higher-precision-retried xs = [2.6880750982012969e-01 1.7402049722655100e-01 6.0980772598890010e-02 9.9750773443479890e-01 3.0048234085139136e-01 8.2729716849149482e-01] | float rel = 1.44350e-07
| >     momentum space  : k = [[1.2864873913282938e+01, 2.4869169488989783e+01, 1.4436129598391815e+02]; [-2.5782389205217190e+04, 7.8539332094821817e+04, -1.3710486440690246e+05]]
| > Example large-weight higher-precision-retried xs = [1.9231173850990912e-01 6.5780162395444419e-01 8.8861886028403791e-01 7.0208850143205215e-04 5.4240755566925725e-01 5.0445441660376766e-01] | compiled = -1.10603e+04 | higher precision = -1.02451e-01
| >     momentum space  : k = [[-1.7873903535647262e+01, -2.7323121682648594e+01, -8.9469201105104602e+01]; [-2.7108866766462003e-01, -7.3992249469811575e-02, -3.9326328464896528e-03]]
| > Example NaN/non-finite rotated xs = [4.3974642111233074e-04 4.7267464511837748e-01 9.9995896344930690e-01 6.1497814457061539e-01 6.0079335026881553e-01 6.4637841020769249e-01]
| >     momentum space  : k = [[-2.2353286370510883e-05, 3.8760017987051835e-06, 1.2731159591423573e+03]; [-4.6150254078839635e+02, -3.3882885223629427e+02, -2.8355997629564860e+02]]
| > [92mCentral value[0m : +3.0426966489085037e-08   +/- 7.87e-10     ([91m2.587%[0m)
[92mINFO[0m [94msymbolica_integrator l.7274[0m [96mt=2026-09-09,14:07:30.069[0m > | > Graph-channel Symbolica observer estimates:
| >   graph_0     : -2.0640016058151432e-08 +/- 1.03e-10 [42970 selected]
| >   graph_1     : 3.5002677539763972e-10 +/- 6.86e-12 [2095 selected]
| >   graph_2     : -1.2812040823046832e-08 +/- 4.34e-11 [11074 selected]
| >   graph_3     : 1.1028602772169006e-10 +/- 1.26e-12 [2027 selected]
| >   graph_4     : -6.1334017065783948e-10 +/- 1.29e-11 [2031 selected]
| >   graph_5     : -3.9607168061315305e-11 +/- 1.44e-12 [2034 selected]
| >   graph_6     : -3.7009207022188943e-11 +/- 1.50e-12 [2048 selected]
| >   graph_7     : 6.3433472270604559e-11 +/- 2.15e-12 [2077 selected]
| >   graph_8     : -9.1622893771340859e-10 +/- 1.11e-11 [3538 selected]
| >   graph_9     : 1.0692416871434877e-09 +/- 1.18e-11 [3575 selected]
| >   graph_10    : -2.7155896632341826e-09 +/- 6.33e-11 [20762 selected]
| >   graph_11    : 2.0811952348676034e-27 +/- 2.55e-28 [2069 selected]
| >   graph_12    : -5.5986387750296174e-10 +/- 7.90e-12 [2559 selected]
| >   graph_13    : -1.1771071127909978e-08 +/- 7.84e-11 [29348 selected]
| >   graph_14    : 1.0964216123169519e-10 +/- 4.47e-13 [2078 selected]
| >   graph_15    : 4.0002810978151723e-24 +/- 4.82e-24 [2080 selected]
| >   graph_16    : 3.8852338533939558e-09 +/- 1.32e-11 [2094 selected]
| >   graph_17    : -3.6214726517279033e-10 +/- 1.44e-12 [2073 selected]
| >   graph_18    : 1.1996834527905338e-08 +/- 5.21e-11 [16258 selected]
| >   graph_19    : 1.0562279755981326e-09 +/- 5.26e-12 [2088 selected]
| >   graph_20    : -7.6406279257399257e-10 +/- 3.68e-12 [2055 selected]
| >   graph_21    : -8.6102650583520697e-10 +/- 1.19e-11 [3811 selected]
| >   graph_22    : -4.9857110411450783e-10 +/- 1.03e-11 [2020 selected]
| >   graph_23    : -2.9010324207147663e-10 +/- 1.03e-11 [2058 selected]
| >   graph_24    : 5.8799615308696313e-10 +/- 1.87e-11 [3501 selected]
| >   graph_25    : 4.3257821709238637e-10 +/- 1.13e-11 [1987 selected]
| >   graph_26    : -2.1447994016157098e-10 +/- 8.76e-13 [2161 selected]
| >   graph_27    : -2.7195168963800195e-11 +/- 1.07e-13 [1974 selected]
| >   graph_28    : -1.1675619757397853e-09 +/- 8.37e-12 [2066 selected]
| >   graph_29    : 6.8044406643644694e-08 +/- 1.31e-10 [58145 selected]
| >   graph_30    : -1.4266181173316794e-09 +/- 1.08e-10 [49213 selected]
| >   graph_31    : 4.0475205077265497e-11 +/- 4.30e-13 [2088 selected]
| >   graph_32    : -4.9452176297715412e-11 +/- 7.98e-12 [2083 selected]
| >   graph_33    : -1.9023426591123009e-09 +/- 2.56e-11 [5083 selected]
| >   graph_34    : 6.2258208140686306e-26 +/- 3.58e-26 [2030 selected]
| >   graph_35    : 2.5262386690566628e-08 +/- 1.29e-10 [69210 selected]
| >   graph_36    : -2.9274308964224289e-09 +/- 2.56e-11 [5847 selected]
| >   graph_37    : 1.6151853063631898e-08 +/- 6.78e-11 [23459 selected]
| >   graph_38    : 4.0373051109801181e-10 +/- 3.57e-12 [2044 selected]
| >   graph_39    : -7.6331080338710849e-09 +/- 4.32e-11 [11446 selected]
| >   graph_40    : -1.8469618343003563e-10 +/- 3.13e-10 [205473 selected]
| >   graph_41    : 1.7480376322320030e-09 +/- 1.87e-11 [5688 selected]
| >   graph_42    : 4.3912972109919017e-09 +/- 1.18e-10 [38580 selected]
| >   graph_43    : 3.1560918500816566e-09 +/- 2.71e-11 [6368 selected]
| >   graph_44    : 4.4897959613953424e-10 +/- 8.25e-12 [2491 selected]
| >   graph_45    : 2.3997359376909072e-10 +/- 9.44e-13 [2118 selected]
| >   graph_46    : -6.0523038367740251e-11 +/- 3.94e-13 [2055 selected]
| >   graph_47    : -5.9758951253915485e-09 +/- 6.30e-10 [183002 selected]
| >   graph_48    : -9.4012630006380716e-11 +/- 2.24e-12 [2093 selected]
| >   graph_49    : -3.4303851780399886e-08 +/- 7.66e-11 [25356 selected]
| >   graph_50    : 8.9677840491335770e-10 +/- 1.63e-11 [3283 selected]
| >   graph_51    : 5.7780731194606761e-09 +/- 1.99e-11 [3145 selected]
| >   graph_52    : 2.1535531763570657e-10 +/- 5.56e-12 [2015 selected]
| >   graph_53    : -8.0866042335599643e-10 +/- 1.57e-11 [4929 selected]
| >   graph_54    : -2.6605093604467578e-09 +/- 1.09e-10 [40522 selected]
| >   graph_55    : 1.1383104636784175e-09 +/- 1.40e-11 [4007 selected]
| >   graph_56    : -4.2008735164241956e-09 +/- 1.43e-11 [2119 selected]
| >   graph_57    : -1.2924601479108179e-08 +/- 5.74e-11 [17918 selected]
| >   graph_58    : 4.2116377221838190e-11 +/- 2.36e-12 [2046 selected]
| >   graph_59    : 4.0657665612598744e-11 +/- 2.36e-12 [2068 selected]
| >   graph_60    : -7.0146078478962037e-11 +/- 2.40e-12 [2080 selected]
| >   graph_61    : 1.2613308538382604e-08 +/- 8.31e-11 [29549 selected]
| >   graph_62    : -3.1721135699491569e-24 +/- 3.13e-24 [1918 selected]
| >   graph_63    : -1.1585719404088320e-09 +/- 1.05e-11 [2029 selected]
| >   graph_64    : 8.2484222089218737e-10 +/- 4.08e-12 [1989 selected]
| >   sum         : 3.0426966489084971e-08
| >   total       : 3.0426966489085037e-08
| >   difference  : -6.6174449004242214e-23
[92mINFO[0m [94msymbolica_integrator l.7237[0m [96mt=2026-09-09,14:07:30.069[0m > Symbolica integration: starting iteration [92m53/100[0m using [94m1000000[0m points ...
[92mINFO[0m [94msymbolica_integrator l.7270[0m [96mt=2026-09-09,14:13:53.471[0m > ... result after this iteration:
| > Integration result after [92m53000000[0m evaluations in [92m682760.20 CPU-s[0m [94m(12882.3 µs / eval)[0m
| > Extremal weights:
| >   with jacobian    : 6.83462e+04 at xs = [6.4810213514078670e-06 1.2872623629604971e-01 5.0135758672765640e-01 1.1579855220704659e-01 5.8362165858137149e-01 6.8012190464210887e-01] | jacobian = 1.24143e+06
| >     momentum space  : k = [[1.7896885893320363e-03, 1.8755163712599345e-03, 1.0440121451461144e+02]; [-3.8255413064754848e+01, -2.2179274606260584e+01, -2.8086543799527060e+01]]
| >   without jacobian : 2.04772e+03 at xs = [1.5543674534802407e-01 1.4833185022130992e-02 8.4084048294750802e-01 3.2838737726290548e-07 3.5617832391560444e-01 4.9995505422264680e-01] | jacobian = 3.91836e+03
| >     momentum space  : k = [[3.5141894886692072e+01, 3.2847283973768100e+00, -6.4604992276098741e+01]; [-8.1274616551980621e-05, 1.0319191256922431e-04, 1.8547499003389817e-08]]
| >   before clipping   : -2.55117e+07 at xs = [2.0214007142192894e-01 6.7355269817953467e-01 7.7233159137948548e-01 5.1992145336682813e-06 3.3776341695909373e-01 4.9975058707764103e-01]
| >     momentum space  : k = [[-3.0709207392714490e+01, -5.8939013448895608e+01, -7.6505962958815175e+01]; [-1.0895715515227733e-03, 1.7714314087560576e-03, 1.6295540371570851e-06]]
| > Stability pipeline: float pairs accepted = 71916805, HP pairs attempted/accepted = 2087012/2087012
| > Stability triggers: float mismatch = 1934971, float non-finite/error = 917
| > HP precision escalations: attempted/accepted = 2890/2890
| > Higher-precision rejections: disagreement = 0, non-finite = 0, error = 0
| > Soft-mirror stability: pairs = 22912702, large-side triggers = 150369, HP orbits attempted/salvaged/failed = 1908885/1908885/0
| > Soft-mirror extrema: raw mirror = -9.09915e+09, post-average = -2.55117e+07
| > Strongest soft-mirror cancellation: residual/raw = 0.00000e+00
| > Unstable rotational-check points rejected = 0
| > Rotational-check high-precision retries = 1935888
| > Rotational-check high-precision salvaged = 1935888
| > Large-weight high-precision retries = 151124
| > Large-weight high-precision salvaged = 151124
| > Large-weight high-precision rejected = 0
| > Large-weight samples zeroed = 233 (4.396e-06 of samples; removed signed/absolute sums = 3.96765e+07/1.71166e+08)
| > Non-finite final outputs zeroed = 0
| > Non-finite float rotated evaluations seen = 44
| > Example higher-precision-retried xs = [2.6880750982012969e-01 1.7402049722655100e-01 6.0980772598890010e-02 9.9750773443479890e-01 3.0048234085139136e-01 8.2729716849149482e-01] | float rel = 1.44350e-07
| >     momentum space  : k = [[1.2864873913282938e+01, 2.4869169488989783e+01, 1.4436129598391815e+02]; [-2.5782389205217190e+04, 7.8539332094821817e+04, -1.3710486440690246e+05]]
| > Example large-weight higher-precision-retried xs = [1.9231173850990912e-01 6.5780162395444419e-01 8.8861886028403791e-01 7.0208850143205215e-04 5.4240755566925725e-01 5.0445441660376766e-01] | compiled = -1.10603e+04 | higher precision = -1.02451e-01
| >     momentum space  : k = [[-1.7873903535647262e+01, -2.7323121682648594e+01, -8.9469201105104602e+01]; [-2.7108866766462003e-01, -7.3992249469811575e-02, -3.9326328464896528e-03]]
| > Example NaN/non-finite rotated xs = [4.3974642111233074e-04 4.7267464511837748e-01 9.9995896344930690e-01 6.1497814457061539e-01 6.0079335026881553e-01 6.4637841020769249e-01]
| >     momentum space  : k = [[-2.2353286370510883e-05, 3.8760017987051835e-06, 1.2731159591423573e+03]; [-4.6150254078839635e+02, -3.3882885223629427e+02, -2.8355997629564860e+02]]
| > [92mCentral value[0m : +3.0381359683000489e-08   +/- 7.73e-10     ([91m2.545%[0m)
[92mINFO[0m [94msymbolica_integrator l.7274[0m [96mt=2026-09-09,14:13:53.471[0m > | > Graph-channel Symbolica observer estimates:
| >   graph_0     : -2.0654001536371614e-08 +/- 1.01e-10 [43174 selected]
| >   graph_1     : 3.5055946284316256e-10 +/- 6.78e-12 [2062 selected]
| >   graph_2     : -1.2813229283806158e-08 +/- 4.30e-11 [11325 selected]
| >   graph_3     : 1.1028649244544192e-10 +/- 1.24e-12 [2047 selected]
| >   graph_4     : -6.1251232983038830e-10 +/- 1.28e-11 [2039 selected]
| >   graph_5     : -3.9434229560127967e-11 +/- 1.42e-12 [1951 selected]
| >   graph_6     : -3.6890874313891134e-11 +/- 1.48e-12 [2059 selected]
| >   graph_7     : 6.3783095322905534e-11 +/- 2.13e-12 [2009 selected]
| >   graph_8     : -9.1738031079167908e-10 +/- 1.10e-11 [3512 selected]
| >   graph_9     : 1.0690238593202016e-09 +/- 1.17e-11 [3515 selected]
| >   graph_10    : -2.7200645642235717e-09 +/- 6.24e-11 [20589 selected]
| >   graph_11    : 2.1151330003486330e-27 +/- 2.52e-28 [1986 selected]
| >   graph_12    : -5.6051951671547969e-10 +/- 7.81e-12 [2610 selected]
| >   graph_13    : -1.1773452600236047e-08 +/- 7.72e-11 [29511 selected]
| >   graph_14    : 1.0960772442888041e-10 +/- 4.42e-13 [2037 selected]
| >   graph_15    : 3.9385860579655724e-24 +/- 4.73e-24 [2087 selected]
| >   graph_16    : 3.8857278526433550e-09 +/- 1.30e-11 [2041 selected]
| >   graph_17    : -3.6240883129393077e-10 +/- 1.42e-12 [2082 selected]
| >   graph_18    : 1.2005390351112550e-08 +/- 5.14e-11 [16091 selected]
| >   graph_19    : 1.0562295769605426e-09 +/- 5.21e-12 [2095 selected]
| >   graph_20    : -7.6395513821277928e-10 +/- 3.64e-12 [2045 selected]
| >   graph_21    : -8.6049068205429387e-10 +/- 1.17e-11 [3678 selected]
| >   graph_22    : -4.9990442237233708e-10 +/- 1.01e-11 [2024 selected]
| >   graph_23    : -2.9241673597760676e-10 +/- 1.02e-11 [2079 selected]
| >   graph_24    : 5.8696506514343273e-10 +/- 1.86e-11 [3312 selected]
| >   graph_25    : 4.3290289607557979e-10 +/- 1.12e-11 [2027 selected]
| >   graph_26    : -2.1454988348179353e-10 +/- 8.66e-13 [2079 selected]
| >   graph_27    : -2.7206200847892536e-11 +/- 1.06e-13 [2097 selected]
| >   graph_28    : -1.1660250127362873e-09 +/- 8.29e-12 [1996 selected]
| >   graph_29    : 6.8070833934463401e-08 +/- 1.29e-10 [59205 selected]
| >   graph_30    : -1.4484663238367532e-09 +/- 1.08e-10 [49549 selected]
| >   graph_31    : 4.0368439816186195e-11 +/- 4.25e-13 [2030 selected]
| >   graph_32    : -4.8954988506998559e-11 +/- 7.94e-12 [2042 selected]
| >   graph_33    : -1.8950674481092816e-09 +/- 2.53e-11 [5083 selected]
| >   graph_34    : 5.5676280860749834e-26 +/- 3.58e-26 [2005 selected]
| >   graph_35    : 2.5262594425906168e-08 +/- 1.26e-10 [68721 selected]
| >   graph_36    : -2.9312171196982815e-09 +/- 2.53e-11 [5873 selected]
| >   graph_37    : 1.6153480999067625e-08 +/- 6.70e-11 [23419 selected]
| >   graph_38    : 4.0362501706745388e-10 +/- 3.54e-12 [2049 selected]
| >   graph_39    : -7.6323166640079969e-09 +/- 4.27e-11 [11621 selected]
| >   graph_40    : -2.0504031300470505e-10 +/- 3.07e-10 [204957 selected]
| >   graph_41    : 1.7448682630212264e-09 +/- 1.85e-11 [5643 selected]
| >   graph_42    : 4.3805888334121709e-09 +/- 1.16e-10 [38492 selected]
| >   graph_43    : 3.1530331716461251e-09 +/- 2.68e-11 [6175 selected]
| >   graph_44    : 4.4876209952005115e-10 +/- 8.17e-12 [2450 selected]
| >   graph_45    : 2.4004296252773903e-10 +/- 9.35e-13 [2020 selected]
| >   graph_46    : -6.0616839714680415e-11 +/- 3.89e-13 [2120 selected]
| >   graph_47    : -5.9941781642095496e-09 +/- 6.18e-10 [182789 selected]
| >   graph_48    : -9.3956282849400174e-11 +/- 2.24e-12 [2028 selected]
| >   graph_49    : -3.4313155298701587e-08 +/- 7.57e-11 [25541 selected]
| >   graph_50    : 8.9430135054839926e-10 +/- 1.61e-11 [3242 selected]
| >   graph_51    : 5.7832267360860064e-09 +/- 1.97e-11 [3188 selected]
| >   graph_52    : 2.1543807939340949e-10 +/- 5.51e-12 [2029 selected]
| >   graph_53    : -8.0838929018346616e-10 +/- 1.55e-11 [4886 selected]
| >   graph_54    : -2.6492698170979228e-09 +/- 1.08e-10 [40585 selected]
| >   graph_55    : 1.1395817844677201e-09 +/- 1.38e-11 [4100 selected]
| >   graph_56    : -4.1996687514165946e-09 +/- 1.42e-11 [2095 selected]
| >   graph_57    : -1.2924811745827438e-08 +/- 5.66e-11 [17931 selected]
| >   graph_58    : 4.2441766641753172e-11 +/- 2.34e-12 [2007 selected]
| >   graph_59    : 4.0467413823167032e-11 +/- 2.33e-12 [2009 selected]
| >   graph_60    : -7.0482995851721551e-11 +/- 2.37e-12 [2045 selected]
| >   graph_61    : 1.2621381088994683e-08 +/- 8.19e-11 [29815 selected]
| >   graph_62    : -3.1212396599627424e-24 +/- 3.07e-24 [2023 selected]
| >   graph_63    : -1.1595556530520141e-09 +/- 1.04e-11 [1991 selected]
| >   graph_64    : 8.2543678919536013e-10 +/- 4.04e-12 [2083 selected]
| >   sum         : 3.0381359683000429e-08
| >   total       : 3.0381359683000489e-08
| >   difference  : -5.9557004103817993e-23
[92mINFO[0m [94msymbolica_integrator l.7237[0m [96mt=2026-09-09,14:13:53.471[0m > Symbolica integration: starting iteration [92m54/100[0m using [94m1000000[0m points ...
[92mINFO[0m [94msymbolica_integrator l.7270[0m [96mt=2026-09-09,14:19:53.220[0m > ... result after this iteration:
| > Integration result after [92m54000000[0m evaluations in [92m698033.09 CPU-s[0m [94m(12926.5 µs / eval)[0m
| > Extremal weights:
| >   with jacobian    : 6.83462e+04 at xs = [6.4810213514078670e-06 1.2872623629604971e-01 5.0135758672765640e-01 1.1579855220704659e-01 5.8362165858137149e-01 6.8012190464210887e-01] | jacobian = 1.24143e+06
| >     momentum space  : k = [[1.7896885893320363e-03, 1.8755163712599345e-03, 1.0440121451461144e+02]; [-3.8255413064754848e+01, -2.2179274606260584e+01, -2.8086543799527060e+01]]
| >   without jacobian : 2.04772e+03 at xs = [1.5543674534802407e-01 1.4833185022130992e-02 8.4084048294750802e-01 3.2838737726290548e-07 3.5617832391560444e-01 4.9995505422264680e-01] | jacobian = 3.91836e+03
| >     momentum space  : k = [[3.5141894886692072e+01, 3.2847283973768100e+00, -6.4604992276098741e+01]; [-8.1274616551980621e-05, 1.0319191256922431e-04, 1.8547499003389817e-08]]
| >   before clipping   : -2.55117e+07 at xs = [2.0214007142192894e-01 6.7355269817953467e-01 7.7233159137948548e-01 5.1992145336682813e-06 3.3776341695909373e-01 4.9975058707764103e-01]
| >     momentum space  : k = [[-3.0709207392714490e+01, -5.8939013448895608e+01, -7.6505962958815175e+01]; [-1.0895715515227733e-03, 1.7714314087560576e-03, 1.6295540371570851e-06]]
| > Stability pipeline: float pairs accepted = 73276583, HP pairs attempted/accepted = 2124620/2124620
| > Stability triggers: float mismatch = 1970085, float non-finite/error = 935
| > HP precision escalations: attempted/accepted = 2937/2937
| > Higher-precision rejections: disagreement = 0, non-finite = 0, error = 0
| > Soft-mirror stability: pairs = 23344667, large-side triggers = 152838, HP orbits attempted/salvaged/failed = 1943464/1943464/0
| > Soft-mirror extrema: raw mirror = -9.09915e+09, post-average = -2.55117e+07
| > Strongest soft-mirror cancellation: residual/raw = 0.00000e+00
| > Unstable rotational-check points rejected = 0
| > Rotational-check high-precision retries = 1971020
| > Rotational-check high-precision salvaged = 1971020
| > Large-weight high-precision retries = 153600
| > Large-weight high-precision salvaged = 153600
| > Large-weight high-precision rejected = 0
| > Large-weight samples zeroed = 238 (4.407e-06 of samples; removed signed/absolute sums = 3.94694e+07/1.73207e+08)
| > Non-finite final outputs zeroed = 0
| > Non-finite float rotated evaluations seen = 44
| > Example higher-precision-retried xs = [2.6880750982012969e-01 1.7402049722655100e-01 6.0980772598890010e-02 9.9750773443479890e-01 3.0048234085139136e-01 8.2729716849149482e-01] | float rel = 1.44350e-07
| >     momentum space  : k = [[1.2864873913282938e+01, 2.4869169488989783e+01, 1.4436129598391815e+02]; [-2.5782389205217190e+04, 7.8539332094821817e+04, -1.3710486440690246e+05]]
| > Example large-weight higher-precision-retried xs = [1.9231173850990912e-01 6.5780162395444419e-01 8.8861886028403791e-01 7.0208850143205215e-04 5.4240755566925725e-01 5.0445441660376766e-01] | compiled = -1.10603e+04 | higher precision = -1.02451e-01
| >     momentum space  : k = [[-1.7873903535647262e+01, -2.7323121682648594e+01, -8.9469201105104602e+01]; [-2.7108866766462003e-01, -7.3992249469811575e-02, -3.9326328464896528e-03]]
| > Example NaN/non-finite rotated xs = [4.3974642111233074e-04 4.7267464511837748e-01 9.9995896344930690e-01 6.1497814457061539e-01 6.0079335026881553e-01 6.4637841020769249e-01]
| >     momentum space  : k = [[-2.2353286370510883e-05, 3.8760017987051835e-06, 1.2731159591423573e+03]; [-4.6150254078839635e+02, -3.3882885223629427e+02, -2.8355997629564860e+02]]
| > [92mCentral value[0m : +3.0304068341411796e-08   +/- 7.62e-10     ([91m2.514%[0m)
[92mINFO[0m [94msymbolica_integrator l.7274[0m [96mt=2026-09-09,14:19:53.220[0m > | > Graph-channel Symbolica observer estimates:
| >   graph_0     : -2.0656357663495550e-08 +/- 1.00e-10 [43328 selected]
| >   graph_1     : 3.5052748256038225e-10 +/- 6.69e-12 [2091 selected]
| >   graph_2     : -1.2804620166148223e-08 +/- 4.25e-11 [11063 selected]
| >   graph_3     : 1.1034238456584490e-10 +/- 1.23e-12 [2024 selected]
| >   graph_4     : -6.1274149129732434e-10 +/- 1.27e-11 [2073 selected]
| >   graph_5     : -3.9646198708964046e-11 +/- 1.41e-12 [2154 selected]
| >   graph_6     : -3.6567959454085496e-11 +/- 1.47e-12 [2058 selected]
| >   graph_7     : 6.3908853580692816e-11 +/- 2.11e-12 [1965 selected]
| >   graph_8     : -9.1596885693478130e-10 +/- 1.08e-11 [3555 selected]
| >   graph_9     : 1.0684319055149604e-09 +/- 1.16e-11 [3542 selected]
| >   graph_10    : -2.7222338671772566e-09 +/- 6.14e-11 [20763 selected]
| >   graph_11    : 2.1636864774434741e-27 +/- 2.49e-28 [2046 selected]
| >   graph_12    : -5.6043289977707337e-10 +/- 7.73e-12 [2679 selected]
| >   graph_13    : -1.1762890814519585e-08 +/- 7.60e-11 [29246 selected]
| >   graph_14    : 1.0959535145310116e-10 +/- 4.37e-13 [2073 selected]
| >   graph_15    : 3.8659371863657078e-24 +/- 4.64e-24 [2117 selected]
| >   graph_16    : 3.8866928425404439e-09 +/- 1.29e-11 [2026 selected]
| >   graph_17    : -3.6246642782326182e-10 +/- 1.41e-12 [2052 selected]
| >   graph_18    : 1.2000797852519837e-08 +/- 5.07e-11 [16647 selected]
| >   graph_19    : 1.0553974974438776e-09 +/- 5.16e-12 [1952 selected]
| >   graph_20    : -7.6431156089289002e-10 +/- 3.61e-12 [1992 selected]
| >   graph_21    : -8.6151099961668664e-10 +/- 1.16e-11 [3763 selected]
| >   graph_22    : -5.0277025175579817e-10 +/- 1.03e-11 [2051 selected]
| >   graph_23    : -2.9335756292204394e-10 +/- 1.00e-11 [2004 selected]
| >   graph_24    : 5.8848064080677063e-10 +/- 1.84e-11 [3390 selected]
| >   graph_25    : 4.3458836601159190e-10 +/- 1.11e-11 [2025 selected]
| >   graph_26    : -2.1454422643178227e-10 +/- 8.57e-13 [2025 selected]
| >   graph_27    : -2.7190002578942172e-11 +/- 1.05e-13 [1962 selected]
| >   graph_28    : -1.1665552747158770e-09 +/- 8.22e-12 [2093 selected]
| >   graph_29    : 6.8059323886986930e-08 +/- 1.27e-10 [58817 selected]
| >   graph_30    : -1.4366933694061925e-09 +/- 1.06e-10 [50764 selected]
| >   graph_31    : 4.0343059971435355e-11 +/- 4.21e-13 [2037 selected]
| >   graph_32    : -4.9682572587101484e-11 +/- 7.86e-12 [2013 selected]
| >   graph_33    : -1.8920213723476076e-09 +/- 2.50e-11 [4985 selected]
| >   graph_34    : 5.6941141497023525e-26 +/- 3.57e-26 [2131 selected]
| >   graph_35    : 2.5259644494390974e-08 +/- 1.25e-10 [69021 selected]
| >   graph_36    : -2.9327998456538272e-09 +/- 2.51e-11 [5932 selected]
| >   graph_37    : 1.6145212917588851e-08 +/- 6.62e-11 [23553 selected]
| >   graph_38    : 4.0311688395163623e-10 +/- 3.51e-12 [1976 selected]
| >   graph_39    : -7.6292439096527031e-09 +/- 4.22e-11 [11618 selected]
| >   graph_40    : -1.8994421216291598e-10 +/- 3.01e-10 [204541 selected]
| >   graph_41    : 1.7486823492084452e-09 +/- 1.83e-11 [5736 selected]
| >   graph_42    : 4.3892326936452778e-09 +/- 1.15e-10 [38915 selected]
| >   graph_43    : 3.1521689745953999e-09 +/- 2.65e-11 [6331 selected]
| >   graph_44    : 4.4652692336357723e-10 +/- 8.09e-12 [2370 selected]
| >   graph_45    : 2.4004843100053011e-10 +/- 9.25e-13 [2029 selected]
| >   graph_46    : -6.0666574317230145e-11 +/- 3.84e-13 [2036 selected]
| >   graph_47    : -6.0642314104456970e-09 +/- 6.09e-10 [182046 selected]
| >   graph_48    : -9.4141290033226519e-11 +/- 2.22e-12 [2065 selected]
| >   graph_49    : -3.4323686293396896e-08 +/- 7.48e-11 [25383 selected]
| >   graph_50    : 8.9407126488160517e-10 +/- 1.59e-11 [3238 selected]
| >   graph_51    : 5.7821470418276911e-09 +/- 1.95e-11 [2998 selected]
| >   graph_52    : 2.1559737515564895e-10 +/- 5.45e-12 [2016 selected]
| >   graph_53    : -8.1230864321198616e-10 +/- 1.54e-11 [4946 selected]
| >   graph_54    : -2.6555761487878951e-09 +/- 1.06e-10 [40289 selected]
| >   graph_55    : 1.1366439726411559e-09 +/- 1.37e-11 [4083 selected]
| >   graph_56    : -4.1976854972621401e-09 +/- 1.41e-11 [2090 selected]
| >   graph_57    : -1.2922692738883529e-08 +/- 5.59e-11 [17908 selected]
| >   graph_58    : 4.2126306309253170e-11 +/- 2.32e-12 [1992 selected]
| >   graph_59    : 3.9569273770210686e-11 +/- 2.31e-12 [2018 selected]
| >   graph_60    : -7.0209279510470514e-11 +/- 2.35e-12 [2056 selected]
| >   graph_61    : 1.2611402952914351e-08 +/- 8.06e-11 [29190 selected]
| >   graph_62    : -3.0304996057620772e-24 +/- 3.01e-24 [2099 selected]
| >   graph_63    : -1.1598042716501311e-09 +/- 1.03e-11 [2002 selected]
| >   graph_64    : 8.2500001577095695e-10 +/- 4.00e-12 [2017 selected]
| >   sum         : 3.0304068341411757e-08
| >   total       : 3.0304068341411796e-08
| >   difference  : -3.9704669402545328e-23
[92mINFO[0m [94msymbolica_integrator l.7237[0m [96mt=2026-09-09,14:19:53.221[0m > Symbolica integration: starting iteration [92m55/100[0m using [94m1000000[0m points ...
[92mINFO[0m [94msymbolica_integrator l.7270[0m [96mt=2026-09-09,14:25:38.945[0m > ... result after this iteration:
| > Integration result after [92m55000000[0m evaluations in [92m711770.75 CPU-s[0m [94m(12941.3 µs / eval)[0m
| > Extremal weights:
| >   with jacobian    : 6.83462e+04 at xs = [6.4810213514078670e-06 1.2872623629604971e-01 5.0135758672765640e-01 1.1579855220704659e-01 5.8362165858137149e-01 6.8012190464210887e-01] | jacobian = 1.24143e+06
| >     momentum space  : k = [[1.7896885893320363e-03, 1.8755163712599345e-03, 1.0440121451461144e+02]; [-3.8255413064754848e+01, -2.2179274606260584e+01, -2.8086543799527060e+01]]
| >   without jacobian : 2.89572e+04 at xs = [2.1519853155965309e-09 6.1022698243055162e-01 4.9556651347242614e-01 1.2432194654053241e-01 1.3987624366199497e-01 4.7705407525389948e-01] | jacobian = 1.93751e-01
| >     momentum space  : k = [[-6.6240581597981968e-07, -5.4958287037222049e-07, 1.1317669957427778e+02]; [3.6138509311041503e+01, 4.3614857625224332e+01, 4.0901813541623522e+00]]
| >   before clipping   : -2.55117e+07 at xs = [2.0214007142192894e-01 6.7355269817953467e-01 7.7233159137948548e-01 5.1992145336682813e-06 3.3776341695909373e-01 4.9975058707764103e-01]
| >     momentum space  : k = [[-3.0709207392714490e+01, -5.8939013448895608e+01, -7.6505962958815175e+01]; [-1.0895715515227733e-03, 1.7714314087560576e-03, 1.6295540371570851e-06]]
| > Stability pipeline: float pairs accepted = 74628197, HP pairs attempted/accepted = 2164386/2164386
| > Stability triggers: float mismatch = 2007148, float non-finite/error = 957
| > HP precision escalations: attempted/accepted = 2982/2982
| > Higher-precision rejections: disagreement = 0, non-finite = 0, error = 0
| > Soft-mirror stability: pairs = 23772690, large-side triggers = 155502, HP orbits attempted/salvaged/failed = 1980107/1980107/0
| > Soft-mirror extrema: raw mirror = -9.09915e+09, post-average = -2.55117e+07
| > Strongest soft-mirror cancellation: residual/raw = 0.00000e+00
| > Unstable rotational-check points rejected = 0
| > Rotational-check high-precision retries = 2008105
| > Rotational-check high-precision salvaged = 2008105
| > Large-weight high-precision retries = 156281
| > Large-weight high-precision salvaged = 156281
| > Large-weight high-precision rejected = 0
| > Large-weight samples zeroed = 245 (4.455e-06 of samples; removed signed/absolute sums = 4.70633e+07/1.81068e+08)
| > Non-finite final outputs zeroed = 0
| > Non-finite float rotated evaluations seen = 45
| > Example higher-precision-retried xs = [2.6880750982012969e-01 1.7402049722655100e-01 6.0980772598890010e-02 9.9750773443479890e-01 3.0048234085139136e-01 8.2729716849149482e-01] | float rel = 1.44350e-07
| >     momentum space  : k = [[1.2864873913282938e+01, 2.4869169488989783e+01, 1.4436129598391815e+02]; [-2.5782389205217190e+04, 7.8539332094821817e+04, -1.3710486440690246e+05]]
| > Example large-weight higher-precision-retried xs = [1.9231173850990912e-01 6.5780162395444419e-01 8.8861886028403791e-01 7.0208850143205215e-04 5.4240755566925725e-01 5.0445441660376766e-01] | compiled = -1.10603e+04 | higher precision = -1.02451e-01
| >     momentum space  : k = [[-1.7873903535647262e+01, -2.7323121682648594e+01, -8.9469201105104602e+01]; [-2.7108866766462003e-01, -7.3992249469811575e-02, -3.9326328464896528e-03]]
| > Example NaN/non-finite rotated xs = [4.3974642111233074e-04 4.7267464511837748e-01 9.9995896344930690e-01 6.1497814457061539e-01 6.0079335026881553e-01 6.4637841020769249e-01]
| >     momentum space  : k = [[-2.2353286370510883e-05, 3.8760017987051835e-06, 1.2731159591423573e+03]; [-4.6150254078839635e+02, -3.3882885223629427e+02, -2.8355997629564860e+02]]
| > [92mCentral value[0m : +3.0289597828056785e-08   +/- 7.49e-10     ([91m2.472%[0m)
[92mINFO[0m [94msymbolica_integrator l.7274[0m [96mt=2026-09-09,14:25:38.946[0m > | > Graph-channel Symbolica observer estimates:
| >   graph_0     : -2.0642666415388681e-08 +/- 9.88e-11 [43285 selected]
| >   graph_1     : 3.5007478521133852e-10 +/- 6.69e-12 [1969 selected]
| >   graph_2     : -1.2806122779126286e-08 +/- 4.20e-11 [11201 selected]
| >   graph_3     : 1.1064785872743953e-10 +/- 1.22e-12 [1991 selected]
| >   graph_4     : -6.1316611599233935e-10 +/- 1.26e-11 [2039 selected]
| >   graph_5     : -3.9457835502880126e-11 +/- 1.39e-12 [1909 selected]
| >   graph_6     : -3.6712710039781742e-11 +/- 1.45e-12 [1945 selected]
| >   graph_7     : 6.4154396632410375e-11 +/- 2.09e-12 [2024 selected]
| >   graph_8     : -9.1496162490700041e-10 +/- 1.07e-11 [3505 selected]
| >   graph_9     : 1.0701352591819965e-09 +/- 1.15e-11 [3636 selected]
| >   graph_10    : -2.7346268959577147e-09 +/- 6.05e-11 [20548 selected]
| >   graph_11    : 2.1113757607474953e-27 +/- 2.46e-28 [2024 selected]
| >   graph_12    : -5.5953972719676767e-10 +/- 7.65e-12 [2477 selected]
| >   graph_13    : -1.1764675203049817e-08 +/- 7.49e-11 [29229 selected]
| >   graph_14    : 1.0954074123500562e-10 +/- 4.32e-13 [1990 selected]
| >   graph_15    : 3.8042592446983620e-24 +/- 4.55e-24 [2012 selected]
| >   graph_16    : 3.8847402152671729e-09 +/- 1.28e-11 [1989 selected]
| >   graph_17    : -3.6225390698678220e-10 +/- 1.39e-12 [2004 selected]
| >   graph_18    : 1.1992333489131596e-08 +/- 5.00e-11 [15998 selected]
| >   graph_19    : 1.0558148407625281e-09 +/- 5.11e-12 [1961 selected]
| >   graph_20    : -7.6430914745086464e-10 +/- 3.57e-12 [2046 selected]
| >   graph_21    : -8.6090581020404367e-10 +/- 1.15e-11 [3715 selected]
| >   graph_22    : -4.9962639394506806e-10 +/- 1.04e-11 [1995 selected]
| >   graph_23    : -2.9379590338334830e-10 +/- 9.85e-12 [2042 selected]
| >   graph_24    : 5.8934505249095155e-10 +/- 1.82e-11 [3302 selected]
| >   graph_25    : 4.3447997201928845e-10 +/- 1.10e-11 [2060 selected]
| >   graph_26    : -2.1456682926631671e-10 +/- 8.49e-13 [1986 selected]
| >   graph_27    : -2.7192998880037218e-11 +/- 1.04e-13 [2069 selected]
| >   graph_28    : -1.1672030873664176e-09 +/- 8.15e-12 [2058 selected]
| >   graph_29    : 6.8053556925086741e-08 +/- 1.26e-10 [58053 selected]
| >   graph_30    : -1.4233642050662935e-09 +/- 1.05e-10 [50375 selected]
| >   graph_31    : 4.0298485806070476e-11 +/- 4.17e-13 [1914 selected]
| >   graph_32    : -5.0051969403018515e-11 +/- 7.80e-12 [2099 selected]
| >   graph_33    : -1.8971646483022709e-09 +/- 2.49e-11 [5007 selected]
| >   graph_34    : 5.5484522277868464e-26 +/- 3.52e-26 [2017 selected]
| >   graph_35    : 2.5261875581071264e-08 +/- 1.23e-10 [68800 selected]
| >   graph_36    : -2.9370319413287669e-09 +/- 2.48e-11 [5793 selected]
| >   graph_37    : 1.6154247370232555e-08 +/- 6.55e-11 [23469 selected]
| >   graph_38    : 4.0191455332073013e-10 +/- 3.47e-12 [1998 selected]
| >   graph_39    : -7.6287989672982107e-09 +/- 4.18e-11 [11278 selected]
| >   graph_40    : -1.8684429999527757e-10 +/- 2.96e-10 [201490 selected]
| >   graph_41    : 1.7469053108576539e-09 +/- 1.81e-11 [5570 selected]
| >   graph_42    : 4.3964473003103478e-09 +/- 1.13e-10 [38102 selected]
| >   graph_43    : 3.1527526255814280e-09 +/- 2.63e-11 [6180 selected]
| >   graph_44    : 4.4530154042268990e-10 +/- 8.01e-12 [2374 selected]
| >   graph_45    : 2.4018939751600794e-10 +/- 9.16e-13 [2020 selected]
| >   graph_46    : -6.0664109892663643e-11 +/- 3.80e-13 [1999 selected]
| >   graph_47    : -6.0827121430611266e-09 +/- 5.98e-10 [190188 selected]
| >   graph_48    : -9.4196107553307448e-11 +/- 2.19e-12 [2030 selected]
| >   graph_49    : -3.4331803022204743e-08 +/- 7.38e-11 [25406 selected]
| >   graph_50    : 8.9332726854054982e-10 +/- 1.58e-11 [3374 selected]
| >   graph_51    : 5.7812503764248159e-09 +/- 1.94e-11 [3015 selected]
| >   graph_52    : 2.1575177868285343e-10 +/- 5.40e-12 [1949 selected]
| >   graph_53    : -8.1136733565634412e-10 +/- 1.52e-11 [4867 selected]
| >   graph_54    : -2.6625416642974570e-09 +/- 1.04e-10 [39965 selected]
| >   graph_55    : 1.1340049366573858e-09 +/- 1.36e-11 [4069 selected]
| >   graph_56    : -4.1954166358104256e-09 +/- 1.39e-11 [2072 selected]
| >   graph_57    : -1.2914505162596732e-08 +/- 5.52e-11 [17502 selected]
| >   graph_58    : 4.2238911535271301e-11 +/- 2.30e-12 [2063 selected]
| >   graph_59    : 3.9901371903843527e-11 +/- 2.29e-12 [2069 selected]
| >   graph_60    : -7.0070830175920544e-11 +/- 2.33e-12 [1989 selected]
| >   graph_61    : 1.2609934064876554e-08 +/- 7.95e-11 [29889 selected]
| >   graph_62    : -2.9902883909107228e-24 +/- 2.96e-24 [2030 selected]
| >   graph_63    : -1.1579724177833631e-09 +/- 1.02e-11 [1967 selected]
| >   graph_64    : 8.2472226364030220e-10 +/- 3.96e-12 [2009 selected]
| >   sum         : 3.0289597828056725e-08
| >   total       : 3.0289597828056785e-08
| >   difference  : -5.9557004103817993e-23
[92mINFO[0m [94msymbolica_integrator l.7237[0m [96mt=2026-09-09,14:25:38.946[0m > Symbolica integration: starting iteration [92m56/100[0m using [94m1000000[0m points ...
[92mINFO[0m [94msymbolica_integrator l.7270[0m [96mt=2026-09-09,14:32:35.093[0m > ... result after this iteration:
| > Integration result after [92m56000000[0m evaluations in [92m726775.16 CPU-s[0m [94m(12978.1 µs / eval)[0m
| > Extremal weights:
| >   with jacobian    : 6.83462e+04 at xs = [6.4810213514078670e-06 1.2872623629604971e-01 5.0135758672765640e-01 1.1579855220704659e-01 5.8362165858137149e-01 6.8012190464210887e-01] | jacobian = 1.24143e+06
| >     momentum space  : k = [[1.7896885893320363e-03, 1.8755163712599345e-03, 1.0440121451461144e+02]; [-3.8255413064754848e+01, -2.2179274606260584e+01, -2.8086543799527060e+01]]
| >   without jacobian : 2.89572e+04 at xs = [2.1519853155965309e-09 6.1022698243055162e-01 4.9556651347242614e-01 1.2432194654053241e-01 1.3987624366199497e-01 4.7705407525389948e-01] | jacobian = 1.93751e-01
| >     momentum space  : k = [[-6.6240581597981968e-07, -5.4958287037222049e-07, 1.1317669957427778e+02]; [3.6138509311041503e+01, 4.3614857625224332e+01, 4.0901813541623522e+00]]
| >   before clipping   : -2.55117e+07 at xs = [2.0214007142192894e-01 6.7355269817953467e-01 7.7233159137948548e-01 5.1992145336682813e-06 3.3776341695909373e-01 4.9975058707764103e-01]
| >     momentum space  : k = [[-3.0709207392714490e+01, -5.8939013448895608e+01, -7.6505962958815175e+01]; [-1.0895715515227733e-03, 1.7714314087560576e-03, 1.6295540371570851e-06]]
| > Stability pipeline: float pairs accepted = 75977382, HP pairs attempted/accepted = 2204731/2204731
| > Stability triggers: float mismatch = 2044661, float non-finite/error = 979
| > HP precision escalations: attempted/accepted = 3034/3034
| > Higher-precision rejections: disagreement = 0, non-finite = 0, error = 0
| > Soft-mirror stability: pairs = 24199405, large-side triggers = 158301, HP orbits attempted/salvaged/failed = 2017292/2017292/0
| > Soft-mirror extrema: raw mirror = -9.09915e+09, post-average = -2.55117e+07
| > Strongest soft-mirror cancellation: residual/raw = 0.00000e+00
| > Unstable rotational-check points rejected = 0
| > Rotational-check high-precision retries = 2045640
| > Rotational-check high-precision salvaged = 2045640
| > Large-weight high-precision retries = 159091
| > Large-weight high-precision salvaged = 159091
| > Large-weight high-precision rejected = 0
| > Large-weight samples zeroed = 254 (4.536e-06 of samples; removed signed/absolute sums = 5.10804e+07/1.86064e+08)
| > Non-finite final outputs zeroed = 0
| > Non-finite float rotated evaluations seen = 46
| > Example higher-precision-retried xs = [2.6880750982012969e-01 1.7402049722655100e-01 6.0980772598890010e-02 9.9750773443479890e-01 3.0048234085139136e-01 8.2729716849149482e-01] | float rel = 1.44350e-07
| >     momentum space  : k = [[1.2864873913282938e+01, 2.4869169488989783e+01, 1.4436129598391815e+02]; [-2.5782389205217190e+04, 7.8539332094821817e+04, -1.3710486440690246e+05]]
| > Example large-weight higher-precision-retried xs = [1.9231173850990912e-01 6.5780162395444419e-01 8.8861886028403791e-01 7.0208850143205215e-04 5.4240755566925725e-01 5.0445441660376766e-01] | compiled = -1.10603e+04 | higher precision = -1.02451e-01
| >     momentum space  : k = [[-1.7873903535647262e+01, -2.7323121682648594e+01, -8.9469201105104602e+01]; [-2.7108866766462003e-01, -7.3992249469811575e-02, -3.9326328464896528e-03]]
| > Example NaN/non-finite rotated xs = [4.3974642111233074e-04 4.7267464511837748e-01 9.9995896344930690e-01 6.1497814457061539e-01 6.0079335026881553e-01 6.4637841020769249e-01]
| >     momentum space  : k = [[-2.2353286370510883e-05, 3.8760017987051835e-06, 1.2731159591423573e+03]; [-4.6150254078839635e+02, -3.3882885223629427e+02, -2.8355997629564860e+02]]
| > [92mCentral value[0m : +3.0257096451868422e-08   +/- 7.36e-10     ([91m2.434%[0m)
[92mINFO[0m [94msymbolica_integrator l.7274[0m [96mt=2026-09-09,14:32:35.093[0m > | > Graph-channel Symbolica observer estimates:
| >   graph_0     : -2.0638998546655572e-08 +/- 9.75e-11 [43147 selected]
| >   graph_1     : 3.5042800265330499e-10 +/- 6.61e-12 [2013 selected]
| >   graph_2     : -1.2812213166496938e-08 +/- 4.16e-11 [11244 selected]
| >   graph_3     : 1.1057962197791171e-10 +/- 1.21e-12 [1943 selected]
| >   graph_4     : -6.1350562735550209e-10 +/- 1.25e-11 [2029 selected]
| >   graph_5     : -3.9395755041824009e-11 +/- 1.38e-12 [1996 selected]
| >   graph_6     : -3.6505931656454459e-11 +/- 1.44e-12 [2058 selected]
| >   graph_7     : 6.3892513413702165e-11 +/- 2.08e-12 [2004 selected]
| >   graph_8     : -9.1483225782919018e-10 +/- 1.06e-11 [3435 selected]
| >   graph_9     : 1.0717463925753499e-09 +/- 1.14e-11 [3534 selected]
| >   graph_10    : -2.7409812579345817e-09 +/- 5.97e-11 [20623 selected]
| >   graph_11    : 2.1399532503935726e-27 +/- 2.44e-28 [2018 selected]
| >   graph_12    : -5.6071017958038327e-10 +/- 7.58e-12 [2561 selected]
| >   graph_13    : -1.1766640354650028e-08 +/- 7.38e-11 [29182 selected]
| >   graph_14    : 1.0956260316888102e-10 +/- 4.27e-13 [2037 selected]
| >   graph_15    : 3.7458675436618401e-24 +/- 4.47e-24 [2109 selected]
| >   graph_16    : 3.8831374380836029e-09 +/- 1.27e-11 [1952 selected]
| >   graph_17    : -3.6236982950730013e-10 +/- 1.38e-12 [2064 selected]
| >   graph_18    : 1.1991684469318167e-08 +/- 4.93e-11 [16217 selected]
| >   graph_19    : 1.0558052205707512e-09 +/- 5.07e-12 [2005 selected]
| >   graph_20    : -7.6454117676190224e-10 +/- 3.55e-12 [2036 selected]
| >   graph_21    : -8.6125504237562830e-10 +/- 1.13e-11 [3807 selected]
| >   graph_22    : -4.9830996785662509e-10 +/- 1.03e-11 [1928 selected]
| >   graph_23    : -2.9353949916581839e-10 +/- 9.68e-12 [2089 selected]
| >   graph_24    : 5.8971849928384413e-10 +/- 1.80e-11 [3341 selected]
| >   graph_25    : 4.3381342693157688e-10 +/- 1.09e-11 [1939 selected]
| >   graph_26    : -2.1458764619828368e-10 +/- 8.40e-13 [2029 selected]
| >   graph_27    : -2.7181731461240512e-11 +/- 1.03e-13 [1962 selected]
| >   graph_28    : -1.1686256255359284e-09 +/- 8.08e-12 [2065 selected]
| >   graph_29    : 6.8061189715354728e-08 +/- 1.24e-10 [58821 selected]
| >   graph_30    : -1.4191660866651373e-09 +/- 1.03e-10 [50231 selected]
| >   graph_31    : 4.0274496927487614e-11 +/- 4.13e-13 [2028 selected]
| >   graph_32    : -4.9889728241203417e-11 +/- 7.74e-12 [2027 selected]
| >   graph_33    : -1.8939233765543694e-09 +/- 2.46e-11 [5094 selected]
| >   graph_34    : 5.7420497378580566e-26 +/- 3.47e-26 [2033 selected]
| >   graph_35    : 2.5258198042264982e-08 +/- 1.21e-10 [68248 selected]
| >   graph_36    : -2.9332939818753924e-09 +/- 2.46e-11 [5983 selected]
| >   graph_37    : 1.6144476630693223e-08 +/- 6.47e-11 [23493 selected]
| >   graph_38    : 4.0163739567668414e-10 +/- 3.44e-12 [2015 selected]
| >   graph_39    : -7.6298748014701275e-09 +/- 4.14e-11 [11528 selected]
| >   graph_40    : -1.9436193173135432e-10 +/- 2.91e-10 [200887 selected]
| >   graph_41    : 1.7457257200660941e-09 +/- 1.79e-11 [5619 selected]
| >   graph_42    : 4.4083030672561691e-09 +/- 1.11e-10 [38443 selected]
| >   graph_43    : 3.1521769178224583e-09 +/- 2.60e-11 [6332 selected]
| >   graph_44    : 4.4518635754015708e-10 +/- 7.93e-12 [2385 selected]
| >   graph_45    : 2.4011671167547596e-10 +/- 9.06e-13 [2027 selected]
| >   graph_46    : -6.0698997294336289e-11 +/- 3.76e-13 [1979 selected]
| >   graph_47    : -6.1117339722602384e-09 +/- 5.88e-10 [190289 selected]
| >   graph_48    : -9.4063503388633785e-11 +/- 2.17e-12 [2056 selected]
| >   graph_49    : -3.4317121904799149e-08 +/- 7.29e-11 [25070 selected]
| >   graph_50    : 8.8956936501705235e-10 +/- 1.56e-11 [3113 selected]
| >   graph_51    : 5.7786067530775928e-09 +/- 1.92e-11 [3003 selected]
| >   graph_52    : 2.1573821564459200e-10 +/- 5.36e-12 [2072 selected]
| >   graph_53    : -8.1299614148457285e-10 +/- 1.50e-11 [4815 selected]
| >   graph_54    : -2.6542635322572106e-09 +/- 1.02e-10 [40091 selected]
| >   graph_55    : 1.1302170108520376e-09 +/- 1.34e-11 [4043 selected]
| >   graph_56    : -4.1940030690657070e-09 +/- 1.38e-11 [2088 selected]
| >   graph_57    : -1.2922798610223090e-08 +/- 5.46e-11 [17740 selected]
| >   graph_58    : 4.2279463200895509e-11 +/- 2.28e-12 [1955 selected]
| >   graph_59    : 3.9120981122072213e-11 +/- 2.27e-12 [2003 selected]
| >   graph_60    : -6.9886644642839773e-11 +/- 2.31e-12 [1922 selected]
| >   graph_61    : 1.2610131526430847e-08 +/- 7.84e-11 [29241 selected]
| >   graph_62    : -2.9157984708199977e-24 +/- 2.90e-24 [1974 selected]
| >   graph_63    : -1.1587228882231476e-09 +/- 1.01e-11 [1958 selected]
| >   graph_64    : 8.2477265950841173e-10 +/- 3.93e-12 [2027 selected]
| >   sum         : 3.0257096451868342e-08
| >   total       : 3.0257096451868422e-08
| >   difference  : -7.9409338805090657e-23
[92mINFO[0m [94msymbolica_integrator l.7237[0m [96mt=2026-09-09,14:32:35.093[0m > Symbolica integration: starting iteration [92m57/100[0m using [94m1000000[0m points ...
[92mINFO[0m [94msymbolica_integrator l.7270[0m [96mt=2026-09-09,14:39:12.286[0m > ... result after this iteration:
| > Integration result after [92m57000000[0m evaluations in [92m743576.43 CPU-s[0m [94m(13045.2 µs / eval)[0m
| > Extremal weights:
| >   with jacobian    : 6.83462e+04 at xs = [6.4810213514078670e-06 1.2872623629604971e-01 5.0135758672765640e-01 1.1579855220704659e-01 5.8362165858137149e-01 6.8012190464210887e-01] | jacobian = 1.24143e+06
| >     momentum space  : k = [[1.7896885893320363e-03, 1.8755163712599345e-03, 1.0440121451461144e+02]; [-3.8255413064754848e+01, -2.2179274606260584e+01, -2.8086543799527060e+01]]
| >   without jacobian : 3.91447e+04 at xs = [6.9227500098056595e-11 8.4609202719086396e-01 4.1932247795077110e-01 9.8421181277806566e-02 3.6083494962649804e-01 4.2896348320695171e-01] | jacobian = 1.05860e-04
| >     momentum space  : k = [[1.5219153965627792e-08, -2.2067080113806765e-08, 8.7023903973540399e+01]; [-2.7315361155387055e+01, 3.2668131218968895e+01, 9.6641901762219966e+00]]
| >   before clipping   : -2.55117e+07 at xs = [2.0214007142192894e-01 6.7355269817953467e-01 7.7233159137948548e-01 5.1992145336682813e-06 3.3776341695909373e-01 4.9975058707764103e-01]
| >     momentum space  : k = [[-3.0709207392714490e+01, -5.8939013448895608e+01, -7.6505962958815175e+01]; [-1.0895715515227733e-03, 1.7714314087560576e-03, 1.6295540371570851e-06]]
| > Stability pipeline: float pairs accepted = 77329611, HP pairs attempted/accepted = 2244240/2244240
| > Stability triggers: float mismatch = 2081469, float non-finite/error = 1003
| > HP precision escalations: attempted/accepted = 3089/3089
| > Higher-precision rejections: disagreement = 0, non-finite = 0, error = 0
| > Soft-mirror stability: pairs = 24627480, large-side triggers = 160960, HP orbits attempted/salvaged/failed = 2053629/2053629/0
| > Soft-mirror extrema: raw mirror = -9.09915e+09, post-average = -2.55117e+07
| > Strongest soft-mirror cancellation: residual/raw = 0.00000e+00
| > Unstable rotational-check points rejected = 0
| > Rotational-check high-precision retries = 2082472
| > Rotational-check high-precision salvaged = 2082472
| > Large-weight high-precision retries = 161768
| > Large-weight high-precision salvaged = 161768
| > Large-weight high-precision rejected = 0
| > Large-weight samples zeroed = 257 (4.509e-06 of samples; removed signed/absolute sums = 5.10080e+07/1.86369e+08)
| > Non-finite final outputs zeroed = 0
| > Non-finite float rotated evaluations seen = 46
| > Example higher-precision-retried xs = [2.6880750982012969e-01 1.7402049722655100e-01 6.0980772598890010e-02 9.9750773443479890e-01 3.0048234085139136e-01 8.2729716849149482e-01] | float rel = 1.44350e-07
| >     momentum space  : k = [[1.2864873913282938e+01, 2.4869169488989783e+01, 1.4436129598391815e+02]; [-2.5782389205217190e+04, 7.8539332094821817e+04, -1.3710486440690246e+05]]
| > Example large-weight higher-precision-retried xs = [1.9231173850990912e-01 6.5780162395444419e-01 8.8861886028403791e-01 7.0208850143205215e-04 5.4240755566925725e-01 5.0445441660376766e-01] | compiled = -1.10603e+04 | higher precision = -1.02451e-01
| >     momentum space  : k = [[-1.7873903535647262e+01, -2.7323121682648594e+01, -8.9469201105104602e+01]; [-2.7108866766462003e-01, -7.3992249469811575e-02, -3.9326328464896528e-03]]
| > Example NaN/non-finite rotated xs = [4.3974642111233074e-04 4.7267464511837748e-01 9.9995896344930690e-01 6.1497814457061539e-01 6.0079335026881553e-01 6.4637841020769249e-01]
| >     momentum space  : k = [[-2.2353286370510883e-05, 3.8760017987051835e-06, 1.2731159591423573e+03]; [-4.6150254078839635e+02, -3.3882885223629427e+02, -2.8355997629564860e+02]]
| > [92mCentral value[0m : +3.0269873090948662e-08   +/- 7.24e-10     ([91m2.393%[0m)
[92mINFO[0m [94msymbolica_integrator l.7274[0m [96mt=2026-09-09,14:39:12.286[0m > | > Graph-channel Symbolica observer estimates:
| >   graph_0     : -2.0634858610026872e-08 +/- 9.63e-11 [43519 selected]
| >   graph_1     : 3.5023528533920455e-10 +/- 6.54e-12 [2066 selected]
| >   graph_2     : -1.2812059027675020e-08 +/- 4.11e-11 [11147 selected]
| >   graph_3     : 1.1082959970151722e-10 +/- 1.19e-12 [2053 selected]
| >   graph_4     : -6.1442419144450332e-10 +/- 1.24e-11 [2021 selected]
| >   graph_5     : -3.9315292675410046e-11 +/- 1.37e-12 [1951 selected]
| >   graph_6     : -3.6520765614985452e-11 +/- 1.43e-12 [2018 selected]
| >   graph_7     : 6.3940986646737057e-11 +/- 2.06e-12 [1990 selected]
| >   graph_8     : -9.1454089839550640e-10 +/- 1.05e-11 [3401 selected]
| >   graph_9     : 1.0702185444415837e-09 +/- 1.12e-11 [3488 selected]
| >   graph_10    : -2.7468714500976045e-09 +/- 5.89e-11 [20522 selected]
| >   graph_11    : 2.1409447741418678e-27 +/- 2.44e-28 [1947 selected]
| >   graph_12    : -5.5972885363721349e-10 +/- 7.50e-12 [2527 selected]
| >   graph_13    : -1.1771546055933108e-08 +/- 7.28e-11 [29385 selected]
| >   graph_14    : 1.0950916742505811e-10 +/- 4.22e-13 [1953 selected]
| >   graph_15    : 3.6676824018089008e-24 +/- 4.39e-24 [2058 selected]
| >   graph_16    : 3.8829899365702935e-09 +/- 1.27e-11 [1974 selected]
| >   graph_17    : -3.6219119652854045e-10 +/- 1.36e-12 [1955 selected]
| >   graph_18    : 1.1983841406575557e-08 +/- 4.87e-11 [16213 selected]
| >   graph_19    : 1.0552387469534305e-09 +/- 5.03e-12 [1949 selected]
| >   graph_20    : -7.6397590712815202e-10 +/- 3.52e-12 [1998 selected]
| >   graph_21    : -8.6136661599804481e-10 +/- 1.12e-11 [3803 selected]
| >   graph_22    : -4.9852615385238303e-10 +/- 1.02e-11 [2008 selected]
| >   graph_23    : -2.9311115060681612e-10 +/- 9.53e-12 [1994 selected]
| >   graph_24    : 5.8993737148819367e-10 +/- 1.79e-11 [3355 selected]
| >   graph_25    : 4.3404627106300753e-10 +/- 1.08e-11 [2008 selected]
| >   graph_26    : -2.1455116026900828e-10 +/- 8.31e-13 [1993 selected]
| >   graph_27    : -2.7192007162834546e-11 +/- 1.02e-13 [2029 selected]
| >   graph_28    : -1.1682127570969072e-09 +/- 8.01e-12 [1934 selected]
| >   graph_29    : 6.8063518393805448e-08 +/- 1.22e-10 [58886 selected]
| >   graph_30    : -1.4219795795548677e-09 +/- 1.01e-10 [49886 selected]
| >   graph_31    : 4.0288744415937595e-11 +/- 4.10e-13 [2020 selected]
| >   graph_32    : -4.9861442659906238e-11 +/- 7.69e-12 [1916 selected]
| >   graph_33    : -1.8987756661016759e-09 +/- 2.44e-11 [5094 selected]
| >   graph_34    : 6.4082558234762281e-26 +/- 3.43e-26 [1991 selected]
| >   graph_35    : 2.5256595453344718e-08 +/- 1.20e-10 [68803 selected]
| >   graph_36    : -2.9302707247869409e-09 +/- 2.43e-11 [5876 selected]
| >   graph_37    : 1.6149423684269204e-08 +/- 6.40e-11 [23370 selected]
| >   graph_38    : 4.0177258748124730e-10 +/- 3.41e-12 [2055 selected]
| >   graph_39    : -7.6271501753640775e-09 +/- 4.09e-11 [11378 selected]
| >   graph_40    : -2.0017369287561799e-10 +/- 2.86e-10 [201159 selected]
| >   graph_41    : 1.7456835680961029e-09 +/- 1.77e-11 [5533 selected]
| >   graph_42    : 4.4095507715243647e-09 +/- 1.09e-10 [38269 selected]
| >   graph_43    : 3.1497851455897470e-09 +/- 2.57e-11 [6225 selected]
| >   graph_44    : 4.4471052371662925e-10 +/- 7.86e-12 [2453 selected]
| >   graph_45    : 2.4011552176548435e-10 +/- 8.97e-13 [1967 selected]
| >   graph_46    : -6.0624395203197244e-11 +/- 3.72e-13 [1876 selected]
| >   graph_47    : -6.0947498277107298e-09 +/- 5.78e-10 [189741 selected]
| >   graph_48    : -9.4186903343288577e-11 +/- 2.15e-12 [2059 selected]
| >   graph_49    : -3.4324599637772563e-08 +/- 7.21e-11 [25283 selected]
| >   graph_50    : 8.9143443769749512e-10 +/- 1.55e-11 [3266 selected]
| >   graph_51    : 5.7768586771428306e-09 +/- 1.90e-11 [2962 selected]
| >   graph_52    : 2.1453317379738967e-10 +/- 5.31e-12 [2003 selected]
| >   graph_53    : -8.1252794374207535e-10 +/- 1.49e-11 [4648 selected]
| >   graph_54    : -2.6432918389621880e-09 +/- 1.01e-10 [40293 selected]
| >   graph_55    : 1.1306981735433482e-09 +/- 1.33e-11 [4097 selected]
| >   graph_56    : -4.1900799113014606e-09 +/- 1.37e-11 [2081 selected]
| >   graph_57    : -1.2925249636291148e-08 +/- 5.40e-11 [17818 selected]
| >   graph_58    : 4.2447099066253760e-11 +/- 2.26e-12 [1978 selected]
| >   graph_59    : 3.9564700542432278e-11 +/- 2.25e-12 [2034 selected]
| >   graph_60    : -6.9699491115378873e-11 +/- 2.29e-12 [2009 selected]
| >   graph_61    : 1.2619346037907202e-08 +/- 7.83e-11 [29644 selected]
| >   graph_62    : -2.8914259079949574e-24 +/- 2.85e-24 [2001 selected]
| >   graph_63    : -1.1600122245887569e-09 +/- 1.01e-11 [2084 selected]
| >   graph_64    : 8.2498426655495144e-10 +/- 3.90e-12 [1983 selected]
| >   sum         : 3.0269873090948589e-08
| >   total       : 3.0269873090948662e-08
| >   difference  : -7.2791893904666435e-23
[92mINFO[0m [94msymbolica_integrator l.7237[0m [96mt=2026-09-09,14:39:12.286[0m > Symbolica integration: starting iteration [92m58/100[0m using [94m1000000[0m points ...
[92mINFO[0m [94msymbolica_integrator l.7270[0m [96mt=2026-09-09,14:45:07.049[0m > ... result after this iteration:
| > Integration result after [92m58000000[0m evaluations in [92m758756.90 CPU-s[0m [94m(13082.0 µs / eval)[0m
| > Extremal weights:
| >   with jacobian    : 6.83462e+04 at xs = [6.4810213514078670e-06 1.2872623629604971e-01 5.0135758672765640e-01 1.1579855220704659e-01 5.8362165858137149e-01 6.8012190464210887e-01] | jacobian = 1.24143e+06
| >     momentum space  : k = [[1.7896885893320363e-03, 1.8755163712599345e-03, 1.0440121451461144e+02]; [-3.8255413064754848e+01, -2.2179274606260584e+01, -2.8086543799527060e+01]]
| >   without jacobian : 3.91447e+04 at xs = [6.9227500098056595e-11 8.4609202719086396e-01 4.1932247795077110e-01 9.8421181277806566e-02 3.6083494962649804e-01 4.2896348320695171e-01] | jacobian = 1.05860e-04
| >     momentum space  : k = [[1.5219153965627792e-08, -2.2067080113806765e-08, 8.7023903973540399e+01]; [-2.7315361155387055e+01, 3.2668131218968895e+01, 9.6641901762219966e+00]]
| >   before clipping   : -2.55117e+07 at xs = [2.0214007142192894e-01 6.7355269817953467e-01 7.7233159137948548e-01 5.1992145336682813e-06 3.3776341695909373e-01 4.9975058707764103e-01]
| >     momentum space  : k = [[-3.0709207392714490e+01, -5.8939013448895608e+01, -7.6505962958815175e+01]; [-1.0895715515227733e-03, 1.7714314087560576e-03, 1.6295540371570851e-06]]
| > Stability pipeline: float pairs accepted = 78683213, HP pairs attempted/accepted = 2282479/2282479
| > Stability triggers: float mismatch = 2117219, float non-finite/error = 1017
| > HP precision escalations: attempted/accepted = 3131/3131
| > Higher-precision rejections: disagreement = 0, non-finite = 0, error = 0
| > Soft-mirror stability: pairs = 25054400, large-side triggers = 163423, HP orbits attempted/salvaged/failed = 2088708/2088708/0
| > Soft-mirror extrema: raw mirror = -9.09915e+09, post-average = -2.55117e+07
| > Strongest soft-mirror cancellation: residual/raw = 0.00000e+00
| > Unstable rotational-check points rejected = 0
| > Rotational-check high-precision retries = 2118236
| > Rotational-check high-precision salvaged = 2118236
| > Large-weight high-precision retries = 164243
| > Large-weight high-precision salvaged = 164243
| > Large-weight high-precision rejected = 0
| > Large-weight samples zeroed = 259 (4.466e-06 of samples; removed signed/absolute sums = 5.19452e+07/1.87307e+08)
| > Non-finite final outputs zeroed = 0
| > Non-finite float rotated evaluations seen = 46
| > Example higher-precision-retried xs = [2.6880750982012969e-01 1.7402049722655100e-01 6.0980772598890010e-02 9.9750773443479890e-01 3.0048234085139136e-01 8.2729716849149482e-01] | float rel = 1.44350e-07
| >     momentum space  : k = [[1.2864873913282938e+01, 2.4869169488989783e+01, 1.4436129598391815e+02]; [-2.5782389205217190e+04, 7.8539332094821817e+04, -1.3710486440690246e+05]]
| > Example large-weight higher-precision-retried xs = [1.9231173850990912e-01 6.5780162395444419e-01 8.8861886028403791e-01 7.0208850143205215e-04 5.4240755566925725e-01 5.0445441660376766e-01] | compiled = -1.10603e+04 | higher precision = -1.02451e-01
| >     momentum space  : k = [[-1.7873903535647262e+01, -2.7323121682648594e+01, -8.9469201105104602e+01]; [-2.7108866766462003e-01, -7.3992249469811575e-02, -3.9326328464896528e-03]]
| > Example NaN/non-finite rotated xs = [4.3974642111233074e-04 4.7267464511837748e-01 9.9995896344930690e-01 6.1497814457061539e-01 6.0079335026881553e-01 6.4637841020769249e-01]
| >     momentum space  : k = [[-2.2353286370510883e-05, 3.8760017987051835e-06, 1.2731159591423573e+03]; [-4.6150254078839635e+02, -3.3882885223629427e+02, -2.8355997629564860e+02]]
| > [92mCentral value[0m : +3.0308098518799025e-08   +/- 7.13e-10     ([91m2.351%[0m)
[92mINFO[0m [94msymbolica_integrator l.7274[0m [96mt=2026-09-09,14:45:07.050[0m > | > Graph-channel Symbolica observer estimates:
| >   graph_0     : -2.0631371709262602e-08 +/- 9.51e-11 [43441 selected]
| >   graph_1     : 3.5101757947674180e-10 +/- 6.47e-12 [2043 selected]
| >   graph_2     : -1.2812115863749891e-08 +/- 4.07e-11 [11243 selected]
| >   graph_3     : 1.1081781273058816e-10 +/- 1.18e-12 [1969 selected]
| >   graph_4     : -6.1720510872410608e-10 +/- 1.23e-11 [1960 selected]
| >   graph_5     : -3.9170083915026310e-11 +/- 1.36e-12 [2024 selected]
| >   graph_6     : -3.6447722956592002e-11 +/- 1.41e-12 [2012 selected]
| >   graph_7     : 6.4045843057708371e-11 +/- 2.04e-12 [1934 selected]
| >   graph_8     : -9.1470416436339332e-10 +/- 1.04e-11 [3576 selected]
| >   graph_9     : 1.0696475904450976e-09 +/- 1.11e-11 [3521 selected]
| >   graph_10    : -2.7421550720106078e-09 +/- 5.81e-11 [20559 selected]
| >   graph_11    : 2.1329115536042917e-27 +/- 2.41e-28 [1985 selected]
| >   graph_12    : -5.5830151255624786e-10 +/- 7.43e-12 [2516 selected]
| >   graph_13    : -1.1758807729631942e-08 +/- 7.18e-11 [29210 selected]
| >   graph_14    : 1.0959569123161969e-10 +/- 4.18e-13 [2029 selected]
| >   graph_15    : 3.5702891146850427e-24 +/- 4.32e-24 [2003 selected]
| >   graph_16    : 3.8824905873471414e-09 +/- 1.26e-11 [1991 selected]
| >   graph_17    : -3.6207621254762470e-10 +/- 1.35e-12 [1978 selected]
| >   graph_18    : 1.1976681115583210e-08 +/- 4.81e-11 [15882 selected]
| >   graph_19    : 1.0542980602884323e-09 +/- 4.99e-12 [1910 selected]
| >   graph_20    : -7.6318847921178495e-10 +/- 3.49e-12 [1988 selected]
| >   graph_21    : -8.6421587081041071e-10 +/- 1.11e-11 [3655 selected]
| >   graph_22    : -4.9865698933212811e-10 +/- 1.02e-11 [1954 selected]
| >   graph_23    : -2.9222198754532305e-10 +/- 9.37e-12 [2025 selected]
| >   graph_24    : 5.9109907953030678e-10 +/- 1.77e-11 [3335 selected]
| >   graph_25    : 4.3151735836353421e-10 +/- 1.07e-11 [1971 selected]
| >   graph_26    : -2.1449275835085218e-10 +/- 8.22e-13 [1991 selected]
| >   graph_27    : -2.7193512665883191e-11 +/- 1.01e-13 [2032 selected]
| >   graph_28    : -1.1683395038050107e-09 +/- 7.94e-12 [1976 selected]
| >   graph_29    : 6.8063153580976422e-08 +/- 1.21e-10 [59271 selected]
| >   graph_30    : -1.4240358534302710e-09 +/- 9.98e-11 [50274 selected]
| >   graph_31    : 4.0224386118806242e-11 +/- 4.06e-13 [1956 selected]
| >   graph_32    : -4.9941471841786018e-11 +/- 7.63e-12 [2003 selected]
| >   graph_33    : -1.8954863422879657e-09 +/- 2.41e-11 [5043 selected]
| >   graph_34    : 6.0151631342752680e-26 +/- 3.40e-26 [1997 selected]
| >   graph_35    : 2.5269284275198735e-08 +/- 1.18e-10 [68440 selected]
| >   graph_36    : -2.9297558915294103e-09 +/- 2.41e-11 [5825 selected]
| >   graph_37    : 1.6148518060904878e-08 +/- 6.33e-11 [23699 selected]
| >   graph_38    : 4.0209363984993355e-10 +/- 3.39e-12 [1959 selected]
| >   graph_39    : -7.6213964263179951e-09 +/- 4.05e-11 [11656 selected]
| >   graph_40    : -2.1305345336457282e-10 +/- 2.81e-10 [200120 selected]
| >   graph_41    : 1.7472089102532725e-09 +/- 1.75e-11 [5699 selected]
| >   graph_42    : 4.4132076886438429e-09 +/- 1.08e-10 [38323 selected]
| >   graph_43    : 3.1523417942680003e-09 +/- 2.55e-11 [6114 selected]
| >   graph_44    : 4.4513496966104300e-10 +/- 7.78e-12 [2444 selected]
| >   graph_45    : 2.4009634682878004e-10 +/- 8.88e-13 [1980 selected]
| >   graph_46    : -6.0656066411209956e-11 +/- 3.69e-13 [2034 selected]
| >   graph_47    : -6.0956363257799204e-09 +/- 5.68e-10 [190500 selected]
| >   graph_48    : -9.4182626612763270e-11 +/- 2.13e-12 [2053 selected]
| >   graph_49    : -3.4313948802031108e-08 +/- 7.13e-11 [25169 selected]
| >   graph_50    : 8.8989639116421633e-10 +/- 1.54e-11 [3236 selected]
| >   graph_51    : 5.7765652693728981e-09 +/- 1.88e-11 [3059 selected]
| >   graph_52    : 2.1437145356165578e-10 +/- 5.26e-12 [1981 selected]
| >   graph_53    : -8.1333075606993949e-10 +/- 1.47e-11 [4732 selected]
| >   graph_54    : -2.6391995172950041e-09 +/- 9.94e-11 [40436 selected]
| >   graph_55    : 1.1293790882270123e-09 +/- 1.32e-11 [4050 selected]
| >   graph_56    : -4.1897429305367261e-09 +/- 1.36e-11 [2066 selected]
| >   graph_57    : -1.2922369861122459e-08 +/- 5.33e-11 [17576 selected]
| >   graph_58    : 4.2217259151338139e-11 +/- 2.24e-12 [2019 selected]
| >   graph_59    : 3.9409635809530341e-11 +/- 2.23e-12 [1945 selected]
| >   graph_60    : -6.9310657077115724e-11 +/- 2.27e-12 [1939 selected]
| >   graph_61    : 1.2618763482081630e-08 +/- 7.73e-11 [29832 selected]
| >   graph_62    : -2.8323884911639661e-24 +/- 2.80e-24 [2003 selected]
| >   graph_63    : -1.1567614096351614e-09 +/- 9.97e-12 [1889 selected]
| >   graph_64    : 8.2449424145542551e-10 +/- 3.87e-12 [1965 selected]
| >   sum         : 3.0308098518798966e-08
| >   total       : 3.0308098518799025e-08
| >   difference  : -5.9557004103817993e-23
[92mINFO[0m [94msymbolica_integrator l.7237[0m [96mt=2026-09-09,14:45:07.050[0m > Symbolica integration: starting iteration [92m59/100[0m using [94m1000000[0m points ...
[92mINFO[0m [94msymbolica_integrator l.7270[0m [96mt=2026-09-09,14:50:59.838[0m > ... result after this iteration:
| > Integration result after [92m59000000[0m evaluations in [92m773098.65 CPU-s[0m [94m(13103.4 µs / eval)[0m
| > Extremal weights:
| >   with jacobian    : 6.83462e+04 at xs = [6.4810213514078670e-06 1.2872623629604971e-01 5.0135758672765640e-01 1.1579855220704659e-01 5.8362165858137149e-01 6.8012190464210887e-01] | jacobian = 1.24143e+06
| >     momentum space  : k = [[1.7896885893320363e-03, 1.8755163712599345e-03, 1.0440121451461144e+02]; [-3.8255413064754848e+01, -2.2179274606260584e+01, -2.8086543799527060e+01]]
| >   without jacobian : 3.91447e+04 at xs = [6.9227500098056595e-11 8.4609202719086396e-01 4.1932247795077110e-01 9.8421181277806566e-02 3.6083494962649804e-01 4.2896348320695171e-01] | jacobian = 1.05860e-04
| >     momentum space  : k = [[1.5219153965627792e-08, -2.2067080113806765e-08, 8.7023903973540399e+01]; [-2.7315361155387055e+01, 3.2668131218968895e+01, 9.6641901762219966e+00]]
| >   before clipping   : -2.55117e+07 at xs = [2.0214007142192894e-01 6.7355269817953467e-01 7.7233159137948548e-01 5.1992145336682813e-06 3.3776341695909373e-01 4.9975058707764103e-01]
| >     momentum space  : k = [[-3.0709207392714490e+01, -5.8939013448895608e+01, -7.6505962958815175e+01]; [-1.0895715515227733e-03, 1.7714314087560576e-03, 1.6295540371570851e-06]]
| > Stability pipeline: float pairs accepted = 80035320, HP pairs attempted/accepted = 2320766/2320766
| > Stability triggers: float mismatch = 2153150, float non-finite/error = 1032
| > HP precision escalations: attempted/accepted = 3168/3168
| > Higher-precision rejections: disagreement = 0, non-finite = 0, error = 0
| > Soft-mirror stability: pairs = 25479972, large-side triggers = 165745, HP orbits attempted/salvaged/failed = 2123886/2123886/0
| > Soft-mirror extrema: raw mirror = -9.09915e+09, post-average = -2.55117e+07
| > Strongest soft-mirror cancellation: residual/raw = 0.00000e+00
| > Unstable rotational-check points rejected = 0
| > Rotational-check high-precision retries = 2154182
| > Rotational-check high-precision salvaged = 2154182
| > Large-weight high-precision retries = 166584
| > Large-weight high-precision salvaged = 166584
| > Large-weight high-precision rejected = 0
| > Large-weight samples zeroed = 261 (4.424e-06 of samples; removed signed/absolute sums = 5.22129e+07/1.87574e+08)
| > Non-finite final outputs zeroed = 0
| > Non-finite float rotated evaluations seen = 46
| > Example higher-precision-retried xs = [2.6880750982012969e-01 1.7402049722655100e-01 6.0980772598890010e-02 9.9750773443479890e-01 3.0048234085139136e-01 8.2729716849149482e-01] | float rel = 1.44350e-07
| >     momentum space  : k = [[1.2864873913282938e+01, 2.4869169488989783e+01, 1.4436129598391815e+02]; [-2.5782389205217190e+04, 7.8539332094821817e+04, -1.3710486440690246e+05]]
| > Example large-weight higher-precision-retried xs = [1.9231173850990912e-01 6.5780162395444419e-01 8.8861886028403791e-01 7.0208850143205215e-04 5.4240755566925725e-01 5.0445441660376766e-01] | compiled = -1.10603e+04 | higher precision = -1.02451e-01
| >     momentum space  : k = [[-1.7873903535647262e+01, -2.7323121682648594e+01, -8.9469201105104602e+01]; [-2.7108866766462003e-01, -7.3992249469811575e-02, -3.9326328464896528e-03]]
| > Example NaN/non-finite rotated xs = [4.3974642111233074e-04 4.7267464511837748e-01 9.9995896344930690e-01 6.1497814457061539e-01 6.0079335026881553e-01 6.4637841020769249e-01]
| >     momentum space  : k = [[-2.2353286370510883e-05, 3.8760017987051835e-06, 1.2731159591423573e+03]; [-4.6150254078839635e+02, -3.3882885223629427e+02, -2.8355997629564860e+02]]
| > [92mCentral value[0m : +3.0298146722778347e-08   +/- 7.01e-10     ([91m2.315%[0m)
[92mINFO[0m [94msymbolica_integrator l.7274[0m [96mt=2026-09-09,14:50:59.838[0m > | > Graph-channel Symbolica observer estimates:
| >   graph_0     : -2.0644898678797362e-08 +/- 9.39e-11 [44026 selected]
| >   graph_1     : 3.5109684201226598e-10 +/- 6.39e-12 [1947 selected]
| >   graph_2     : -1.2810000248219907e-08 +/- 4.03e-11 [11257 selected]
| >   graph_3     : 1.1086998606831485e-10 +/- 1.17e-12 [1926 selected]
| >   graph_4     : -6.2029241936886146e-10 +/- 1.22e-11 [1923 selected]
| >   graph_5     : -3.9369593029409754e-11 +/- 1.35e-12 [2027 selected]
| >   graph_6     : -3.6352348778790328e-11 +/- 1.40e-12 [2001 selected]
| >   graph_7     : 6.4502256383221269e-11 +/- 2.02e-12 [2059 selected]
| >   graph_8     : -9.1595811162963852e-10 +/- 1.03e-11 [3483 selected]
| >   graph_9     : 1.0695416721120041e-09 +/- 1.10e-11 [3497 selected]
| >   graph_10    : -2.7490598598509861e-09 +/- 5.73e-11 [20460 selected]
| >   graph_11    : 2.1180989534051067e-27 +/- 2.38e-28 [2012 selected]
| >   graph_12    : -5.5878893849635090e-10 +/- 7.36e-12 [2660 selected]
| >   graph_13    : -1.1745734888989240e-08 +/- 7.08e-11 [28810 selected]
| >   graph_14    : 1.0963622482058900e-10 +/- 4.14e-13 [2038 selected]
| >   graph_15    : 3.4594015231979096e-24 +/- 4.25e-24 [1966 selected]
| >   graph_16    : 3.8809100833913007e-09 +/- 1.25e-11 [1988 selected]
| >   graph_17    : -3.6227291621319436e-10 +/- 1.33e-12 [2080 selected]
| >   graph_18    : 1.1977582027775804e-08 +/- 4.75e-11 [16082 selected]
| >   graph_19    : 1.0544937054099913e-09 +/- 4.95e-12 [2003 selected]
| >   graph_20    : -7.6307328677362907e-10 +/- 3.46e-12 [1985 selected]
| >   graph_21    : -8.6535247358237629e-10 +/- 1.10e-11 [3651 selected]
| >   graph_22    : -4.9843396087027565e-10 +/- 1.01e-11 [2001 selected]
| >   graph_23    : -2.9154396603547430e-10 +/- 9.22e-12 [1950 selected]
| >   graph_24    : 5.9052633851362898e-10 +/- 1.75e-11 [3420 selected]
| >   graph_25    : 4.3004334266390940e-10 +/- 1.07e-11 [1971 selected]
| >   graph_26    : -2.1455840449147085e-10 +/- 8.14e-13 [2029 selected]
| >   graph_27    : -2.7177146790647322e-11 +/- 9.96e-14 [1946 selected]
| >   graph_28    : -1.1678768849579654e-09 +/- 7.88e-12 [1909 selected]
| >   graph_29    : 6.8062746240964089e-08 +/- 1.19e-10 [59237 selected]
| >   graph_30    : -1.4189768694006943e-09 +/- 9.84e-11 [50228 selected]
| >   graph_31    : 4.0230318234353014e-11 +/- 4.02e-13 [2077 selected]
| >   graph_32    : -5.0036504823387564e-11 +/- 7.58e-12 [2048 selected]
| >   graph_33    : -1.8947452273880907e-09 +/- 2.38e-11 [4914 selected]
| >   graph_34    : 6.0436471095767718e-26 +/- 3.36e-26 [2035 selected]
| >   graph_35    : 2.5281904432135391e-08 +/- 1.16e-10 [68664 selected]
| >   graph_36    : -2.9253803239818889e-09 +/- 2.39e-11 [5942 selected]
| >   graph_37    : 1.6137020150239158e-08 +/- 6.26e-11 [23741 selected]
| >   graph_38    : 4.0187817114286001e-10 +/- 3.36e-12 [1974 selected]
| >   graph_39    : -7.6181103382789074e-09 +/- 4.01e-11 [11615 selected]
| >   graph_40    : -2.1333349179297065e-10 +/- 2.77e-10 [199196 selected]
| >   graph_41    : 1.7424734689681907e-09 +/- 1.73e-11 [5655 selected]
| >   graph_42    : 4.4051412646449638e-09 +/- 1.06e-10 [38364 selected]
| >   graph_43    : 3.1541515684293946e-09 +/- 2.52e-11 [6324 selected]
| >   graph_44    : 4.4437669464742122e-10 +/- 7.72e-12 [2419 selected]
| >   graph_45    : 2.4006728922054337e-10 +/- 8.79e-13 [1992 selected]
| >   graph_46    : -6.0717588612195016e-11 +/- 3.65e-13 [2016 selected]
| >   graph_47    : -6.0958640282122597e-09 +/- 5.58e-10 [189788 selected]
| >   graph_48    : -9.3915185687517412e-11 +/- 2.10e-12 [2016 selected]
| >   graph_49    : -3.4319247466361875e-08 +/- 7.05e-11 [25442 selected]
| >   graph_50    : 8.8941608815321244e-10 +/- 1.52e-11 [3224 selected]
| >   graph_51    : 5.7790512901065433e-09 +/- 1.87e-11 [3010 selected]
| >   graph_52    : 2.1538402531568973e-10 +/- 5.22e-12 [1970 selected]
| >   graph_53    : -8.1014492326760025e-10 +/- 1.46e-11 [4924 selected]
| >   graph_54    : -2.6347654455533299e-09 +/- 9.80e-11 [39906 selected]
| >   graph_55    : 1.1315906050487717e-09 +/- 1.30e-11 [4111 selected]
| >   graph_56    : -4.1869844434709788e-09 +/- 1.35e-11 [2044 selected]
| >   graph_57    : -1.2925961467010691e-08 +/- 5.28e-11 [17837 selected]
| >   graph_58    : 4.1983365392095246e-11 +/- 2.22e-12 [1970 selected]
| >   graph_59    : 3.9539282447458537e-11 +/- 2.21e-12 [2054 selected]
| >   graph_60    : -6.9050160177060219e-11 +/- 2.25e-12 [2005 selected]
| >   graph_61    : 1.2614828609100165e-08 +/- 7.67e-11 [30172 selected]
| >   graph_62    : -2.8349173530690621e-24 +/- 2.76e-24 [1976 selected]
| >   graph_63    : -1.1588908833159722e-09 +/- 9.89e-12 [2009 selected]
| >   graph_64    : 8.2402985364797243e-10 +/- 3.83e-12 [1994 selected]
| >   sum         : 3.0298146722778307e-08
| >   total       : 3.0298146722778347e-08
| >   difference  : -3.9704669402545328e-23
[92mINFO[0m [94msymbolica_integrator l.7237[0m [96mt=2026-09-09,14:50:59.838[0m > Symbolica integration: starting iteration [92m60/100[0m using [94m1000000[0m points ...
[92mINFO[0m [94msymbolica_integrator l.7270[0m [96mt=2026-09-09,14:56:53.034[0m > ... result after this iteration:
| > Integration result after [92m60000000[0m evaluations in [92m787756.65 CPU-s[0m [94m(13129.3 µs / eval)[0m
| > Extremal weights:
| >   with jacobian    : 6.83462e+04 at xs = [6.4810213514078670e-06 1.2872623629604971e-01 5.0135758672765640e-01 1.1579855220704659e-01 5.8362165858137149e-01 6.8012190464210887e-01] | jacobian = 1.24143e+06
| >     momentum space  : k = [[1.7896885893320363e-03, 1.8755163712599345e-03, 1.0440121451461144e+02]; [-3.8255413064754848e+01, -2.2179274606260584e+01, -2.8086543799527060e+01]]
| >   without jacobian : 3.91447e+04 at xs = [6.9227500098056595e-11 8.4609202719086396e-01 4.1932247795077110e-01 9.8421181277806566e-02 3.6083494962649804e-01 4.2896348320695171e-01] | jacobian = 1.05860e-04
| >     momentum space  : k = [[1.5219153965627792e-08, -2.2067080113806765e-08, 8.7023903973540399e+01]; [-2.7315361155387055e+01, 3.2668131218968895e+01, 9.6641901762219966e+00]]
| >   before clipping   : -2.55117e+07 at xs = [2.0214007142192894e-01 6.7355269817953467e-01 7.7233159137948548e-01 5.1992145336682813e-06 3.3776341695909373e-01 4.9975058707764103e-01]
| >     momentum space  : k = [[-3.0709207392714490e+01, -5.8939013448895608e+01, -7.6505962958815175e+01]; [-1.0895715515227733e-03, 1.7714314087560576e-03, 1.6295540371570851e-06]]
| > Stability pipeline: float pairs accepted = 81383711, HP pairs attempted/accepted = 2361835/2361835
| > Stability triggers: float mismatch = 2191225, float non-finite/error = 1043
| > HP precision escalations: attempted/accepted = 3217/3217
| > Higher-precision rejections: disagreement = 0, non-finite = 0, error = 0
| > Soft-mirror stability: pairs = 25907274, large-side triggers = 168723, HP orbits attempted/salvaged/failed = 2161728/2161728/0
| > Soft-mirror extrema: raw mirror = -9.09915e+09, post-average = -2.55117e+07
| > Strongest soft-mirror cancellation: residual/raw = 0.00000e+00
| > Unstable rotational-check points rejected = 0
| > Rotational-check high-precision retries = 2192268
| > Rotational-check high-precision salvaged = 2192268
| > Large-weight high-precision retries = 169567
| > Large-weight high-precision salvaged = 169567
| > Large-weight high-precision rejected = 0
| > Large-weight samples zeroed = 271 (4.517e-06 of samples; removed signed/absolute sums = 5.48341e+07/1.90629e+08)
| > Non-finite final outputs zeroed = 0
| > Non-finite float rotated evaluations seen = 46
| > Example higher-precision-retried xs = [2.6880750982012969e-01 1.7402049722655100e-01 6.0980772598890010e-02 9.9750773443479890e-01 3.0048234085139136e-01 8.2729716849149482e-01] | float rel = 1.44350e-07
| >     momentum space  : k = [[1.2864873913282938e+01, 2.4869169488989783e+01, 1.4436129598391815e+02]; [-2.5782389205217190e+04, 7.8539332094821817e+04, -1.3710486440690246e+05]]
| > Example large-weight higher-precision-retried xs = [1.9231173850990912e-01 6.5780162395444419e-01 8.8861886028403791e-01 7.0208850143205215e-04 5.4240755566925725e-01 5.0445441660376766e-01] | compiled = -1.10603e+04 | higher precision = -1.02451e-01
| >     momentum space  : k = [[-1.7873903535647262e+01, -2.7323121682648594e+01, -8.9469201105104602e+01]; [-2.7108866766462003e-01, -7.3992249469811575e-02, -3.9326328464896528e-03]]
| > Example NaN/non-finite rotated xs = [4.3974642111233074e-04 4.7267464511837748e-01 9.9995896344930690e-01 6.1497814457061539e-01 6.0079335026881553e-01 6.4637841020769249e-01]
| >     momentum space  : k = [[-2.2353286370510883e-05, 3.8760017987051835e-06, 1.2731159591423573e+03]; [-4.6150254078839635e+02, -3.3882885223629427e+02, -2.8355997629564860e+02]]
| > [92mCentral value[0m : +3.0325498747436698e-08   +/- 6.90e-10     ([91m2.277%[0m)
[92mINFO[0m [94msymbolica_integrator l.7274[0m [96mt=2026-09-09,14:56:53.035[0m > | > Graph-channel Symbolica observer estimates:
| >   graph_0     : -2.0636011282515767e-08 +/- 9.28e-11 [43816 selected]
| >   graph_1     : 3.5061577658869329e-10 +/- 6.33e-12 [1969 selected]
| >   graph_2     : -1.2815821906670634e-08 +/- 3.99e-11 [11396 selected]
| >   graph_3     : 1.1106553191775121e-10 +/- 1.16e-12 [2090 selected]
| >   graph_4     : -6.1718239193994567e-10 +/- 1.21e-11 [2037 selected]
| >   graph_5     : -3.9314534628080247e-11 +/- 1.33e-12 [1914 selected]
| >   graph_6     : -3.6501792642548947e-11 +/- 1.39e-12 [2000 selected]
| >   graph_7     : 6.4300573745359617e-11 +/- 2.00e-12 [1985 selected]
| >   graph_8     : -9.1774284392645877e-10 +/- 1.02e-11 [3428 selected]
| >   graph_9     : 1.0688718165869559e-09 +/- 1.09e-11 [3411 selected]
| >   graph_10    : -2.7505349604164269e-09 +/- 5.65e-11 [20475 selected]
| >   graph_11    : 2.1593309970394589e-27 +/- 2.36e-28 [2001 selected]
| >   graph_12    : -5.5896761767388181e-10 +/- 7.29e-12 [2583 selected]
| >   graph_13    : -1.1749286706996008e-08 +/- 6.99e-11 [28887 selected]
| >   graph_14    : 1.0960980812779695e-10 +/- 4.10e-13 [1942 selected]
| >   graph_15    : 3.3926933774380507e-24 +/- 4.18e-24 [1974 selected]
| >   graph_16    : 3.8794511299411980e-09 +/- 1.24e-11 [1927 selected]
| >   graph_17    : -3.6222645514696216e-10 +/- 1.32e-12 [2016 selected]
| >   graph_18    : 1.1977753250040988e-08 +/- 4.69e-11 [15962 selected]
| >   graph_19    : 1.0549643876954189e-09 +/- 4.91e-12 [1991 selected]
| >   graph_20    : -7.6330532557479869e-10 +/- 3.43e-12 [1990 selected]
| >   graph_21    : -8.6580113578896232e-10 +/- 1.09e-11 [3801 selected]
| >   graph_22    : -4.9871613516283253e-10 +/- 9.95e-12 [1999 selected]
| >   graph_23    : -2.9131338943137796e-10 +/- 9.08e-12 [2045 selected]
| >   graph_24    : 5.9391184178795317e-10 +/- 1.74e-11 [3306 selected]
| >   graph_25    : 4.3074478978763284e-10 +/- 1.06e-11 [2017 selected]
| >   graph_26    : -2.1457850455449847e-10 +/- 8.06e-13 [2023 selected]
| >   graph_27    : -2.7166706757423841e-11 +/- 9.86e-14 [1936 selected]
| >   graph_28    : -1.1673740796685395e-09 +/- 7.82e-12 [1965 selected]
| >   graph_29    : 6.8061298023548759e-08 +/- 1.18e-10 [59322 selected]
| >   graph_30    : -1.4253599143226738e-09 +/- 9.71e-11 [50105 selected]
| >   graph_31    : 4.0244078947873414e-11 +/- 4.01e-13 [2021 selected]
| >   graph_32    : -4.9405115289199142e-11 +/- 7.58e-12 [1937 selected]
| >   graph_33    : -1.8952207365626791e-09 +/- 2.36e-11 [5039 selected]
| >   graph_34    : 5.5807141294166526e-26 +/- 3.33e-26 [1931 selected]
| >   graph_35    : 2.5298647189887297e-08 +/- 1.15e-10 [69002 selected]
| >   graph_36    : -2.9238778823519662e-09 +/- 2.36e-11 [5777 selected]
| >   graph_37    : 1.6142667601087634e-08 +/- 6.20e-11 [23791 selected]
| >   graph_38    : 4.0230229158165977e-10 +/- 3.33e-12 [1985 selected]
| >   graph_39    : -7.6202958451896690e-09 +/- 3.97e-11 [11583 selected]
| >   graph_40    : -2.1533656032380622e-10 +/- 2.72e-10 [199403 selected]
| >   graph_41    : 1.7466969282317759e-09 +/- 1.72e-11 [5604 selected]
| >   graph_42    : 4.4097038431030725e-09 +/- 1.04e-10 [39013 selected]
| >   graph_43    : 3.1556393091125271e-09 +/- 2.50e-11 [6209 selected]
| >   graph_44    : 4.4523510523375733e-10 +/- 7.65e-12 [2425 selected]
| >   graph_45    : 2.4006204232476168e-10 +/- 8.71e-13 [1969 selected]
| >   graph_46    : -6.0746419116477969e-11 +/- 3.61e-13 [1950 selected]
| >   graph_47    : -6.1037964828136313e-09 +/- 5.49e-10 [189041 selected]
| >   graph_48    : -9.4064529045473511e-11 +/- 2.08e-12 [1941 selected]
| >   graph_49    : -3.4309046951873551e-08 +/- 6.98e-11 [25626 selected]
| >   graph_50    : 8.8884502375337900e-10 +/- 1.51e-11 [3191 selected]
| >   graph_51    : 5.7842708214842051e-09 +/- 1.86e-11 [3065 selected]
| >   graph_52    : 2.1420269759517294e-10 +/- 5.18e-12 [1980 selected]
| >   graph_53    : -8.1030121976179984e-10 +/- 1.44e-11 [4884 selected]
| >   graph_54    : -2.6377364819916806e-09 +/- 9.66e-11 [40205 selected]
| >   graph_55    : 1.1324163639549706e-09 +/- 1.29e-11 [4052 selected]
| >   graph_56    : -4.1892874832088028e-09 +/- 1.34e-11 [2123 selected]
| >   graph_57    : -1.2916992883998006e-08 +/- 5.22e-11 [17884 selected]
| >   graph_58    : 4.1833586940895504e-11 +/- 2.20e-12 [1951 selected]
| >   graph_59    : 3.9475029648280370e-11 +/- 2.19e-12 [1966 selected]
| >   graph_60    : -6.9209767867899651e-11 +/- 2.23e-12 [1950 selected]
| >   graph_61    : 1.2608539586189461e-08 +/- 7.58e-11 [30317 selected]
| >   graph_62    : -2.2892873258185406e-24 +/- 2.74e-24 [2002 selected]
| >   graph_63    : -1.1590300551442016e-09 +/- 9.81e-12 [1932 selected]
| >   graph_64    : 8.2368441694804634e-10 +/- 3.80e-12 [1938 selected]
| >   sum         : 3.0325498747436612e-08
| >   total       : 3.0325498747436698e-08
| >   difference  : -8.6026783705514878e-23
[92mINFO[0m [94msymbolica_integrator l.7237[0m [96mt=2026-09-09,14:56:53.035[0m > Symbolica integration: starting iteration [92m61/100[0m using [94m1000000[0m points ...
[92mINFO[0m [94msymbolica_integrator l.7270[0m [96mt=2026-09-09,15:06:28.354[0m > ... result after this iteration:
| > Integration result after [92m61000000[0m evaluations in [92m815380.10 CPU-s[0m [94m(13366.9 µs / eval)[0m
| > Extremal weights:
| >   with jacobian    : 6.86453e+04 at xs = [1.2022270797178483e-05 5.1347871165060355e-01 4.9844193335264181e-01 1.4516739088301420e-01 6.1668961407828471e-01 8.5908706354626785e-01] | jacobian = 3.89981e+06
| >     momentum space  : k = [[-4.7916734390976243e-03, -4.0677616413366393e-04, 1.3537602410258231e+02]; [-2.1621547971222004e+01, -1.9473774833694030e+01, -6.1379768355896978e+01]]
| >   without jacobian : 3.91447e+04 at xs = [6.9227500098056595e-11 8.4609202719086396e-01 4.1932247795077110e-01 9.8421181277806566e-02 3.6083494962649804e-01 4.2896348320695171e-01] | jacobian = 1.05860e-04
| >     momentum space  : k = [[1.5219153965627792e-08, -2.2067080113806765e-08, 8.7023903973540399e+01]; [-2.7315361155387055e+01, 3.2668131218968895e+01, 9.6641901762219966e+00]]
| >   before clipping   : -2.55117e+07 at xs = [2.0214007142192894e-01 6.7355269817953467e-01 7.7233159137948548e-01 5.1992145336682813e-06 3.3776341695909373e-01 4.9975058707764103e-01]
| >     momentum space  : k = [[-3.0709207392714490e+01, -5.8939013448895608e+01, -7.6505962958815175e+01]; [-1.0895715515227733e-03, 1.7714314087560576e-03, 1.6295540371570851e-06]]
| > Stability pipeline: float pairs accepted = 82736480, HP pairs attempted/accepted = 2400490/2400490
| > Stability triggers: float mismatch = 2227415, float non-finite/error = 1058
| > HP precision escalations: attempted/accepted = 3264/3264
| > Higher-precision rejections: disagreement = 0, non-finite = 0, error = 0
| > Soft-mirror stability: pairs = 26334315, large-side triggers = 171155, HP orbits attempted/salvaged/failed = 2197345/2197345/0
| > Soft-mirror extrema: raw mirror = -9.09915e+09, post-average = -2.55117e+07
| > Strongest soft-mirror cancellation: residual/raw = 0.00000e+00
| > Unstable rotational-check points rejected = 0
| > Rotational-check high-precision retries = 2228473
| > Rotational-check high-precision salvaged = 2228473
| > Large-weight high-precision retries = 172017
| > Large-weight high-precision salvaged = 172017
| > Large-weight high-precision rejected = 0
| > Large-weight samples zeroed = 280 (4.590e-06 of samples; removed signed/absolute sums = 6.69669e+07/2.02969e+08)
| > Non-finite final outputs zeroed = 0
| > Non-finite float rotated evaluations seen = 46
| > Example higher-precision-retried xs = [2.6880750982012969e-01 1.7402049722655100e-01 6.0980772598890010e-02 9.9750773443479890e-01 3.0048234085139136e-01 8.2729716849149482e-01] | float rel = 1.44350e-07
| >     momentum space  : k = [[1.2864873913282938e+01, 2.4869169488989783e+01, 1.4436129598391815e+02]; [-2.5782389205217190e+04, 7.8539332094821817e+04, -1.3710486440690246e+05]]
| > Example large-weight higher-precision-retried xs = [1.9231173850990912e-01 6.5780162395444419e-01 8.8861886028403791e-01 7.0208850143205215e-04 5.4240755566925725e-01 5.0445441660376766e-01] | compiled = -1.10603e+04 | higher precision = -1.02451e-01
| >     momentum space  : k = [[-1.7873903535647262e+01, -2.7323121682648594e+01, -8.9469201105104602e+01]; [-2.7108866766462003e-01, -7.3992249469811575e-02, -3.9326328464896528e-03]]
| > Example NaN/non-finite rotated xs = [4.3974642111233074e-04 4.7267464511837748e-01 9.9995896344930690e-01 6.1497814457061539e-01 6.0079335026881553e-01 6.4637841020769249e-01]
| >     momentum space  : k = [[-2.2353286370510883e-05, 3.8760017987051835e-06, 1.2731159591423573e+03]; [-4.6150254078839635e+02, -3.3882885223629427e+02, -2.8355997629564860e+02]]
| > [92mCentral value[0m : +3.0332501724318110e-08   +/- 6.80e-10     ([91m2.241%[0m)
[92mINFO[0m [94msymbolica_integrator l.7274[0m [96mt=2026-09-09,15:06:28.355[0m > | > Graph-channel Symbolica observer estimates:
| >   graph_0     : -2.0636096213906995e-08 +/- 9.17e-11 [43919 selected]
| >   graph_1     : 3.5053271360342897e-10 +/- 6.26e-12 [1956 selected]
| >   graph_2     : -1.2816258052620294e-08 +/- 3.95e-11 [11253 selected]
| >   graph_3     : 1.1116200581923888e-10 +/- 1.15e-12 [1963 selected]
| >   graph_4     : -6.1715152367821021e-10 +/- 1.20e-11 [2003 selected]
| >   graph_5     : -3.9367032404312443e-11 +/- 1.32e-12 [1949 selected]
| >   graph_6     : -3.6505141730679245e-11 +/- 1.38e-12 [2027 selected]
| >   graph_7     : 6.4412346411794469e-11 +/- 1.99e-12 [2012 selected]
| >   graph_8     : -9.1585363597486477e-10 +/- 1.01e-11 [3457 selected]
| >   graph_9     : 1.0690614747196862e-09 +/- 1.08e-11 [3403 selected]
| >   graph_10    : -2.7536038633440136e-09 +/- 5.58e-11 [20452 selected]
| >   graph_11    : 2.1406426592965496e-27 +/- 2.34e-28 [2092 selected]
| >   graph_12    : -5.5758889795105221e-10 +/- 7.23e-12 [2562 selected]
| >   graph_13    : -1.1746293628130585e-08 +/- 6.90e-11 [28985 selected]
| >   graph_14    : 1.0961109927605878e-10 +/- 4.06e-13 [2069 selected]
| >   graph_15    : 2.5335399192881134e-24 +/- 4.19e-24 [2019 selected]
| >   graph_16    : 3.8819344906883197e-09 +/- 1.23e-11 [2039 selected]
| >   graph_17    : -3.6212060497072328e-10 +/- 1.31e-12 [1951 selected]
| >   graph_18    : 1.1985674886644824e-08 +/- 4.63e-11 [16190 selected]
| >   graph_19    : 1.0552435772162322e-09 +/- 4.87e-12 [2048 selected]
| >   graph_20    : -7.6297895766201205e-10 +/- 3.40e-12 [1927 selected]
| >   graph_21    : -8.6998101084664188e-10 +/- 1.08e-11 [3691 selected]
| >   graph_22    : -4.9855082342586677e-10 +/- 9.95e-12 [2056 selected]
| >   graph_23    : -2.9130626971349109e-10 +/- 8.95e-12 [1936 selected]
| >   graph_24    : 5.9475885224861229e-10 +/- 1.72e-11 [3479 selected]
| >   graph_25    : 4.3037999730818685e-10 +/- 1.05e-11 [2002 selected]
| >   graph_26    : -2.1457911548503269e-10 +/- 7.98e-13 [2016 selected]
| >   graph_27    : -2.7183481410393822e-11 +/- 9.77e-14 [2021 selected]
| >   graph_28    : -1.1680090509663822e-09 +/- 7.76e-12 [2023 selected]
| >   graph_29    : 6.8063786633055879e-08 +/- 1.16e-10 [59233 selected]
| >   graph_30    : -1.4174647605596957e-09 +/- 9.64e-11 [49951 selected]
| >   graph_31    : 4.0204563015549320e-11 +/- 3.98e-13 [2020 selected]
| >   graph_32    : -4.9656451670064595e-11 +/- 7.53e-12 [2029 selected]
| >   graph_33    : -1.8946251747180871e-09 +/- 2.34e-11 [5115 selected]
| >   graph_34    : 4.9856930309098915e-26 +/- 3.28e-26 [1999 selected]
| >   graph_35    : 2.5290511806349694e-08 +/- 1.14e-10 [69235 selected]
| >   graph_36    : -2.9240916571281091e-09 +/- 2.34e-11 [5896 selected]
| >   graph_37    : 1.6148082140624572e-08 +/- 6.14e-11 [23898 selected]
| >   graph_38    : 4.0189447882841105e-10 +/- 3.30e-12 [2007 selected]
| >   graph_39    : -7.6188478209370908e-09 +/- 3.93e-11 [11787 selected]
| >   graph_40    : -2.1596258573866480e-10 +/- 2.68e-10 [199049 selected]
| >   graph_41    : 1.7431420306251802e-09 +/- 1.70e-11 [5497 selected]
| >   graph_42    : 4.4061485873194628e-09 +/- 1.03e-10 [38283 selected]
| >   graph_43    : 3.1541962811478216e-09 +/- 2.48e-11 [6379 selected]
| >   graph_44    : 4.4485641510127561e-10 +/- 7.58e-12 [2497 selected]
| >   graph_45    : 2.3977591453161448e-10 +/- 8.62e-13 [1884 selected]
| >   graph_46    : -6.0754232299160942e-11 +/- 3.58e-13 [2027 selected]
| >   graph_47    : -6.1076359641783180e-09 +/- 5.40e-10 [187798 selected]
| >   graph_48    : -9.3987316128617336e-11 +/- 2.06e-12 [2048 selected]
| >   graph_49    : -3.4310133174875802e-08 +/- 6.90e-11 [25935 selected]
| >   graph_50    : 8.8874737256158937e-10 +/- 1.49e-11 [3200 selected]
| >   graph_51    : 5.7855917696955288e-09 +/- 1.84e-11 [3046 selected]
| >   graph_52    : 2.1419077751681176e-10 +/- 5.13e-12 [1997 selected]
| >   graph_53    : -8.1072223798148576e-10 +/- 1.43e-11 [4873 selected]
| >   graph_54    : -2.6304078888225768e-09 +/- 9.53e-11 [40137 selected]
| >   graph_55    : 1.1289822436407526e-09 +/- 1.28e-11 [3982 selected]
| >   graph_56    : -4.1945745343507930e-09 +/- 1.33e-11 [2202 selected]
| >   graph_57    : -1.2916399210799638e-08 +/- 5.16e-11 [17841 selected]
| >   graph_58    : 4.1880787977206467e-11 +/- 2.18e-12 [2022 selected]
| >   graph_59    : 3.9437890017403665e-11 +/- 2.17e-12 [1916 selected]
| >   graph_60    : -6.9207188491126241e-11 +/- 2.21e-12 [1957 selected]
| >   graph_61    : 1.2611438462837138e-08 +/- 7.48e-11 [30900 selected]
| >   graph_62    : -2.2691850969162487e-24 +/- 2.69e-24 [1874 selected]
| >   graph_63    : -1.1591433714338230e-09 +/- 9.73e-12 [1979 selected]
| >   graph_64    : 8.2390299987036492e-10 +/- 3.77e-12 [2007 selected]
| >   sum         : 3.0332501724318037e-08
| >   total       : 3.0332501724318110e-08
| >   difference  : -7.2791893904666435e-23
[92mINFO[0m [94msymbolica_integrator l.7237[0m [96mt=2026-09-09,15:06:28.355[0m > Symbolica integration: starting iteration [92m62/100[0m using [94m1000000[0m points ...
[92mINFO[0m [94msymbolica_integrator l.7270[0m [96mt=2026-09-09,15:11:52.366[0m > ... result after this iteration:
| > Integration result after [92m62000000[0m evaluations in [92m827127.87 CPU-s[0m [94m(13340.8 µs / eval)[0m
| > Extremal weights:
| >   with jacobian    : 6.86453e+04 at xs = [1.2022270797178483e-05 5.1347871165060355e-01 4.9844193335264181e-01 1.4516739088301420e-01 6.1668961407828471e-01 8.5908706354626785e-01] | jacobian = 3.89981e+06
| >     momentum space  : k = [[-4.7916734390976243e-03, -4.0677616413366393e-04, 1.3537602410258231e+02]; [-2.1621547971222004e+01, -1.9473774833694030e+01, -6.1379768355896978e+01]]
| >   without jacobian : 3.91447e+04 at xs = [6.9227500098056595e-11 8.4609202719086396e-01 4.1932247795077110e-01 9.8421181277806566e-02 3.6083494962649804e-01 4.2896348320695171e-01] | jacobian = 1.05860e-04
| >     momentum space  : k = [[1.5219153965627792e-08, -2.2067080113806765e-08, 8.7023903973540399e+01]; [-2.7315361155387055e+01, 3.2668131218968895e+01, 9.6641901762219966e+00]]
| >   before clipping   : -2.55117e+07 at xs = [2.0214007142192894e-01 6.7355269817953467e-01 7.7233159137948548e-01 5.1992145336682813e-06 3.3776341695909373e-01 4.9975058707764103e-01]
| >     momentum space  : k = [[-3.0709207392714490e+01, -5.8939013448895608e+01, -7.6505962958815175e+01]; [-1.0895715515227733e-03, 1.7714314087560576e-03, 1.6295540371570851e-06]]
| > Stability pipeline: float pairs accepted = 84090171, HP pairs attempted/accepted = 2439075/2439075
| > Stability triggers: float mismatch = 2263437, float non-finite/error = 1078
| > HP precision escalations: attempted/accepted = 3316/3316
| > Higher-precision rejections: disagreement = 0, non-finite = 0, error = 0
| > Soft-mirror stability: pairs = 26762021, large-side triggers = 173688, HP orbits attempted/salvaged/failed = 2232775/2232775/0
| > Soft-mirror extrema: raw mirror = -9.09915e+09, post-average = -2.55117e+07
| > Strongest soft-mirror cancellation: residual/raw = 0.00000e+00
| > Unstable rotational-check points rejected = 0
| > Rotational-check high-precision retries = 2264515
| > Rotational-check high-precision salvaged = 2264515
| > Large-weight high-precision retries = 174560
| > Large-weight high-precision salvaged = 174560
| > Large-weight high-precision rejected = 0
| > Large-weight samples zeroed = 285 (4.597e-06 of samples; removed signed/absolute sums = 6.65401e+07/2.04168e+08)
| > Non-finite final outputs zeroed = 0
| > Non-finite float rotated evaluations seen = 49
| > Example higher-precision-retried xs = [2.6880750982012969e-01 1.7402049722655100e-01 6.0980772598890010e-02 9.9750773443479890e-01 3.0048234085139136e-01 8.2729716849149482e-01] | float rel = 1.44350e-07
| >     momentum space  : k = [[1.2864873913282938e+01, 2.4869169488989783e+01, 1.4436129598391815e+02]; [-2.5782389205217190e+04, 7.8539332094821817e+04, -1.3710486440690246e+05]]
| > Example large-weight higher-precision-retried xs = [1.9231173850990912e-01 6.5780162395444419e-01 8.8861886028403791e-01 7.0208850143205215e-04 5.4240755566925725e-01 5.0445441660376766e-01] | compiled = -1.10603e+04 | higher precision = -1.02451e-01
| >     momentum space  : k = [[-1.7873903535647262e+01, -2.7323121682648594e+01, -8.9469201105104602e+01]; [-2.7108866766462003e-01, -7.3992249469811575e-02, -3.9326328464896528e-03]]
| > Example NaN/non-finite rotated xs = [4.3974642111233074e-04 4.7267464511837748e-01 9.9995896344930690e-01 6.1497814457061539e-01 6.0079335026881553e-01 6.4637841020769249e-01]
| >     momentum space  : k = [[-2.2353286370510883e-05, 3.8760017987051835e-06, 1.2731159591423573e+03]; [-4.6150254078839635e+02, -3.3882885223629427e+02, -2.8355997629564860e+02]]
| > [92mCentral value[0m : +3.0301429646677000e-08   +/- 6.70e-10     ([91m2.210%[0m)
[92mINFO[0m [94msymbolica_integrator l.7274[0m [96mt=2026-09-09,15:11:52.367[0m > | > Graph-channel Symbolica observer estimates:
| >   graph_0     : -2.0646857688302322e-08 +/- 9.07e-11 [44177 selected]
| >   graph_1     : 3.4944375023290184e-10 +/- 6.20e-12 [1948 selected]
| >   graph_2     : -1.2822269523939572e-08 +/- 3.92e-11 [11364 selected]
| >   graph_3     : 1.1115409928104128e-10 +/- 1.14e-12 [2043 selected]
| >   graph_4     : -6.1743137484289258e-10 +/- 1.19e-11 [2031 selected]
| >   graph_5     : -3.9351747363689652e-11 +/- 1.31e-12 [1972 selected]
| >   graph_6     : -3.6477204664591375e-11 +/- 1.37e-12 [2041 selected]
| >   graph_7     : 6.4670444189647756e-11 +/- 1.97e-12 [1993 selected]
| >   graph_8     : -9.1463870130974357e-10 +/- 1.00e-11 [3373 selected]
| >   graph_9     : 1.0685924200307870e-09 +/- 1.07e-11 [3522 selected]
| >   graph_10    : -2.7543034397184620e-09 +/- 5.51e-11 [20645 selected]
| >   graph_11    : 2.1025459268746453e-27 +/- 2.32e-28 [2076 selected]
| >   graph_12    : -5.5702468495475931e-10 +/- 7.16e-12 [2471 selected]
| >   graph_13    : -1.1757620028043674e-08 +/- 6.84e-11 [28718 selected]
| >   graph_14    : 1.0961888096008747e-10 +/- 4.02e-13 [1972 selected]
| >   graph_15    : 2.4489073446399513e-24 +/- 4.12e-24 [1995 selected]
| >   graph_16    : 3.8809216214718625e-09 +/- 1.22e-11 [1949 selected]
| >   graph_17    : -3.6206405844302836e-10 +/- 1.30e-12 [1986 selected]
| >   graph_18    : 1.1994633088612499e-08 +/- 4.58e-11 [16202 selected]
| >   graph_19    : 1.0551446120954485e-09 +/- 4.84e-12 [1985 selected]
| >   graph_20    : -7.6262815105526069e-10 +/- 3.37e-12 [1964 selected]
| >   graph_21    : -8.6981559583134301e-10 +/- 1.07e-11 [3686 selected]
| >   graph_22    : -4.9777423371374611e-10 +/- 9.88e-12 [1975 selected]
| >   graph_23    : -2.9086704315830001e-10 +/- 8.82e-12 [1956 selected]
| >   graph_24    : 5.9291721025208426e-10 +/- 1.71e-11 [3437 selected]
| >   graph_25    : 4.2918965181425848e-10 +/- 1.04e-11 [1979 selected]
| >   graph_26    : -2.1454709594065354e-10 +/- 7.90e-13 [1995 selected]
| >   graph_27    : -2.7192760962495285e-11 +/- 9.68e-14 [1982 selected]
| >   graph_28    : -1.1680905477291690e-09 +/- 7.70e-12 [1979 selected]
| >   graph_29    : 6.8058748313931930e-08 +/- 1.15e-10 [59284 selected]
| >   graph_30    : -1.4064850250126532e-09 +/- 9.53e-11 [50555 selected]
| >   graph_31    : 4.0167586516188307e-11 +/- 3.94e-13 [1936 selected]
| >   graph_32    : -4.8765910536256675e-11 +/- 7.47e-12 [1984 selected]
| >   graph_33    : -1.9000547964099064e-09 +/- 2.32e-11 [5190 selected]
| >   graph_34    : 5.0295290461845143e-26 +/- 3.25e-26 [1934 selected]
| >   graph_35    : 2.5283275892764223e-08 +/- 1.13e-10 [69757 selected]
| >   graph_36    : -2.9212423799875054e-09 +/- 2.32e-11 [5954 selected]
| >   graph_37    : 1.6141124188562152e-08 +/- 6.07e-11 [24019 selected]
| >   graph_38    : 4.0212262034524905e-10 +/- 3.28e-12 [2007 selected]
| >   graph_39    : -7.6193765818247107e-09 +/- 3.90e-11 [11611 selected]
| >   graph_40    : -2.3244785439978802e-10 +/- 2.64e-10 [199387 selected]
| >   graph_41    : 1.7468041012106988e-09 +/- 1.68e-11 [5588 selected]
| >   graph_42    : 4.4102716401223377e-09 +/- 1.02e-10 [38388 selected]
| >   graph_43    : 3.1561244264875803e-09 +/- 2.46e-11 [6296 selected]
| >   graph_44    : 4.4503971272863655e-10 +/- 7.52e-12 [2472 selected]
| >   graph_45    : 2.3966791511849407e-10 +/- 8.54e-13 [1935 selected]
| >   graph_46    : -6.0869391870117047e-11 +/- 3.54e-13 [2078 selected]
| >   graph_47    : -6.1118269438004838e-09 +/- 5.31e-10 [186875 selected]
| >   graph_48    : -9.3990760265552186e-11 +/- 2.05e-12 [1992 selected]
| >   graph_49    : -3.4311773833676025e-08 +/- 6.82e-11 [25733 selected]
| >   graph_50    : 8.9517542356310042e-10 +/- 1.51e-11 [3299 selected]
| >   graph_51    : 5.7854066825220889e-09 +/- 1.83e-11 [3018 selected]
| >   graph_52    : 2.1515622122787005e-10 +/- 5.09e-12 [1945 selected]
| >   graph_53    : -8.0873460428375227e-10 +/- 1.42e-11 [4843 selected]
| >   graph_54    : -2.6326442889457984e-09 +/- 9.40e-11 [40227 selected]
| >   graph_55    : 1.1295335078188991e-09 +/- 1.27e-11 [3879 selected]
| >   graph_56    : -4.1953981343277365e-09 +/- 1.32e-11 [2084 selected]
| >   graph_57    : -1.2906889735941354e-08 +/- 5.10e-11 [17824 selected]
| >   graph_58    : 4.1645363688573070e-11 +/- 2.16e-12 [2004 selected]
| >   graph_59    : 3.9969813937956492e-11 +/- 2.16e-12 [1978 selected]
| >   graph_60    : -6.9064641270134869e-11 +/- 2.19e-12 [1990 selected]
| >   graph_61    : 1.2608445393340459e-08 +/- 7.39e-11 [30584 selected]
| >   graph_62    : -2.2400909028610331e-24 +/- 2.65e-24 [2008 selected]
| >   graph_63    : -1.1586777817311840e-09 +/- 9.68e-12 [1961 selected]
| >   graph_64    : 8.2366160810653680e-10 +/- 3.74e-12 [1965 selected]
| >   sum         : 3.0301429646676934e-08
| >   total       : 3.0301429646677000e-08
| >   difference  : -6.6174449004242214e-23
[92mINFO[0m [94msymbolica_integrator l.7237[0m [96mt=2026-09-09,15:11:52.367[0m > Symbolica integration: starting iteration [92m63/100[0m using [94m1000000[0m points ...
[92mINFO[0m [94msymbolica_integrator l.7270[0m [96mt=2026-09-09,15:16:55.135[0m > ... result after this iteration:
| > Integration result after [92m63000000[0m evaluations in [92m839824.41 CPU-s[0m [94m(13330.5 µs / eval)[0m
| > Extremal weights:
| >   with jacobian    : 6.86453e+04 at xs = [1.2022270797178483e-05 5.1347871165060355e-01 4.9844193335264181e-01 1.4516739088301420e-01 6.1668961407828471e-01 8.5908706354626785e-01] | jacobian = 3.89981e+06
| >     momentum space  : k = [[-4.7916734390976243e-03, -4.0677616413366393e-04, 1.3537602410258231e+02]; [-2.1621547971222004e+01, -1.9473774833694030e+01, -6.1379768355896978e+01]]
| >   without jacobian : 3.91447e+04 at xs = [6.9227500098056595e-11 8.4609202719086396e-01 4.1932247795077110e-01 9.8421181277806566e-02 3.6083494962649804e-01 4.2896348320695171e-01] | jacobian = 1.05860e-04
| >     momentum space  : k = [[1.5219153965627792e-08, -2.2067080113806765e-08, 8.7023903973540399e+01]; [-2.7315361155387055e+01, 3.2668131218968895e+01, 9.6641901762219966e+00]]
| >   before clipping   : -2.55117e+07 at xs = [2.0214007142192894e-01 6.7355269817953467e-01 7.7233159137948548e-01 5.1992145336682813e-06 3.3776341695909373e-01 4.9975058707764103e-01]
| >     momentum space  : k = [[-3.0709207392714490e+01, -5.8939013448895608e+01, -7.6505962958815175e+01]; [-1.0895715515227733e-03, 1.7714314087560576e-03, 1.6295540371570851e-06]]
| > Stability pipeline: float pairs accepted = 85431081, HP pairs attempted/accepted = 2484264/2484264
| > Stability triggers: float mismatch = 2305194, float non-finite/error = 1104
| > HP precision escalations: attempted/accepted = 3373/3373
| > Higher-precision rejections: disagreement = 0, non-finite = 0, error = 0
| > Soft-mirror stability: pairs = 27190174, large-side triggers = 177082, HP orbits attempted/salvaged/failed = 2274829/2274829/0
| > Soft-mirror extrema: raw mirror = -9.09915e+09, post-average = -2.55117e+07
| > Strongest soft-mirror cancellation: residual/raw = 0.00000e+00
| > Unstable rotational-check points rejected = 0
| > Rotational-check high-precision retries = 2306298
| > Rotational-check high-precision salvaged = 2306298
| > Large-weight high-precision retries = 177966
| > Large-weight high-precision salvaged = 177966
| > Large-weight high-precision rejected = 0
| > Large-weight samples zeroed = 288 (4.571e-06 of samples; removed signed/absolute sums = 6.62247e+07/2.04484e+08)
| > Non-finite final outputs zeroed = 0
| > Non-finite float rotated evaluations seen = 49
| > Example higher-precision-retried xs = [2.6880750982012969e-01 1.7402049722655100e-01 6.0980772598890010e-02 9.9750773443479890e-01 3.0048234085139136e-01 8.2729716849149482e-01] | float rel = 1.44350e-07
| >     momentum space  : k = [[1.2864873913282938e+01, 2.4869169488989783e+01, 1.4436129598391815e+02]; [-2.5782389205217190e+04, 7.8539332094821817e+04, -1.3710486440690246e+05]]
| > Example large-weight higher-precision-retried xs = [1.9231173850990912e-01 6.5780162395444419e-01 8.8861886028403791e-01 7.0208850143205215e-04 5.4240755566925725e-01 5.0445441660376766e-01] | compiled = -1.10603e+04 | higher precision = -1.02451e-01
| >     momentum space  : k = [[-1.7873903535647262e+01, -2.7323121682648594e+01, -8.9469201105104602e+01]; [-2.7108866766462003e-01, -7.3992249469811575e-02, -3.9326328464896528e-03]]
| > Example NaN/non-finite rotated xs = [4.3974642111233074e-04 4.7267464511837748e-01 9.9995896344930690e-01 6.1497814457061539e-01 6.0079335026881553e-01 6.4637841020769249e-01]
| >     momentum space  : k = [[-2.2353286370510883e-05, 3.8760017987051835e-06, 1.2731159591423573e+03]; [-4.6150254078839635e+02, -3.3882885223629427e+02, -2.8355997629564860e+02]]
| > [92mCentral value[0m : +3.0260831678918200e-08   +/- 6.60e-10     ([91m2.180%[0m)
[92mINFO[0m [94msymbolica_integrator l.7274[0m [96mt=2026-09-09,15:16:55.136[0m > | > Graph-channel Symbolica observer estimates:
| >   graph_0     : -2.0647878806940222e-08 +/- 8.96e-11 [43680 selected]
| >   graph_1     : 3.4893139367211550e-10 +/- 6.16e-12 [1956 selected]
| >   graph_2     : -1.2830113730506818e-08 +/- 3.88e-11 [11365 selected]
| >   graph_3     : 1.1123579511043671e-10 +/- 1.13e-12 [2000 selected]
| >   graph_4     : -6.1857139370319212e-10 +/- 1.18e-11 [2036 selected]
| >   graph_5     : -3.9224676905898279e-11 +/- 1.30e-12 [1945 selected]
| >   graph_6     : -3.6293025053526321e-11 +/- 1.36e-12 [1999 selected]
| >   graph_7     : 6.4941060660161398e-11 +/- 1.96e-12 [1989 selected]
| >   graph_8     : -9.1511064214672230e-10 +/- 9.94e-12 [3417 selected]
| >   graph_9     : 1.0677321067414238e-09 +/- 1.06e-11 [3453 selected]
| >   graph_10    : -2.7558157530821949e-09 +/- 5.44e-11 [20570 selected]
| >   graph_11    : 2.1279687887755010e-27 +/- 2.30e-28 [1945 selected]
| >   graph_12    : -5.5732046109509653e-10 +/- 7.10e-12 [2501 selected]
| >   graph_13    : -1.1760685499859205e-08 +/- 6.77e-11 [29340 selected]
| >   graph_14    : 1.0968114070513399e-10 +/- 3.98e-13 [2019 selected]
| >   graph_15    : 2.4109029834306186e-24 +/- 4.05e-24 [2019 selected]
| >   graph_16    : 3.8811979066845933e-09 +/- 1.21e-11 [1987 selected]
| >   graph_17    : -3.6208355517729037e-10 +/- 1.28e-12 [2039 selected]
| >   graph_18    : 1.1999623519335278e-08 +/- 4.52e-11 [16079 selected]
| >   graph_19    : 1.0549336077244062e-09 +/- 4.80e-12 [1932 selected]
| >   graph_20    : -7.6213984294547945e-10 +/- 3.35e-12 [1995 selected]
| >   graph_21    : -8.6922866426024282e-10 +/- 1.06e-11 [3689 selected]
| >   graph_22    : -4.9625375450451943e-10 +/- 9.79e-12 [1947 selected]
| >   graph_23    : -2.9064937925218830e-10 +/- 8.69e-12 [1981 selected]
| >   graph_24    : 5.9155706752104460e-10 +/- 1.69e-11 [3505 selected]
| >   graph_25    : 4.2762529805792065e-10 +/- 1.04e-11 [2029 selected]
| >   graph_26    : -2.1451357931170977e-10 +/- 7.83e-13 [1972 selected]
| >   graph_27    : -2.7204860746062982e-11 +/- 9.61e-14 [2028 selected]
| >   graph_28    : -1.1678891926667555e-09 +/- 7.65e-12 [1941 selected]
| >   graph_29    : 6.8053344869215070e-08 +/- 1.13e-10 [59387 selected]
| >   graph_30    : -1.4224288207244269e-09 +/- 9.44e-11 [50186 selected]
| >   graph_31    : 4.0218100555869591e-11 +/- 3.91e-13 [2026 selected]
| >   graph_32    : -4.8880325708801325e-11 +/- 7.41e-12 [2064 selected]
| >   graph_33    : -1.8983068331763537e-09 +/- 2.30e-11 [5057 selected]
| >   graph_34    : 5.2303261755798002e-26 +/- 3.21e-26 [1955 selected]
| >   graph_35    : 2.5277934117289210e-08 +/- 1.11e-10 [69770 selected]
| >   graph_36    : -2.9235444639093276e-09 +/- 2.30e-11 [6062 selected]
| >   graph_37    : 1.6136302214386587e-08 +/- 6.01e-11 [23734 selected]
| >   graph_38    : 4.0153863678818319e-10 +/- 3.25e-12 [1923 selected]
| >   graph_39    : -7.6163383889876673e-09 +/- 3.86e-11 [11494 selected]
| >   graph_40    : -2.3660000173062830e-10 +/- 2.60e-10 [198634 selected]
| >   graph_41    : 1.7476503608592566e-09 +/- 1.67e-11 [5670 selected]
| >   graph_42    : 4.4118291892651124e-09 +/- 1.00e-10 [38855 selected]
| >   graph_43    : 3.1569267605677609e-09 +/- 2.44e-11 [6456 selected]
| >   graph_44    : 4.4460606331037335e-10 +/- 7.45e-12 [2421 selected]
| >   graph_45    : 2.3961732837878829e-10 +/- 8.46e-13 [1970 selected]
| >   graph_46    : -6.0844440412658045e-11 +/- 3.51e-13 [1952 selected]
| >   graph_47    : -6.1122096427800585e-09 +/- 5.23e-10 [186774 selected]
| >   graph_48    : -9.4232297272392665e-11 +/- 2.03e-12 [1996 selected]
| >   graph_49    : -3.4316509778553154e-08 +/- 6.75e-11 [25811 selected]
| >   graph_50    : 8.9644671974090853e-10 +/- 1.49e-11 [3323 selected]
| >   graph_51    : 5.7875312238813881e-09 +/- 1.81e-11 [3007 selected]
| >   graph_52    : 2.1515331025903922e-10 +/- 5.05e-12 [1918 selected]
| >   graph_53    : -8.1006341267292753e-10 +/- 1.41e-11 [4818 selected]
| >   graph_54    : -2.6338078943226465e-09 +/- 9.27e-11 [40670 selected]
| >   graph_55    : 1.1290769741817464e-09 +/- 1.26e-11 [4130 selected]
| >   graph_56    : -4.1968512717488390e-09 +/- 1.31e-11 [2134 selected]
| >   graph_57    : -1.2899427898683141e-08 +/- 5.04e-11 [18035 selected]
| >   graph_58    : 4.1936883558688710e-11 +/- 2.14e-12 [1989 selected]
| >   graph_59    : 4.0147666925112944e-11 +/- 2.14e-12 [2011 selected]
| >   graph_60    : -6.9180306801584241e-11 +/- 2.18e-12 [2095 selected]
| >   graph_61    : 1.2608248781245133e-08 +/- 7.30e-11 [30314 selected]
| >   graph_62    : -2.2425261439294849e-24 +/- 2.61e-24 [2003 selected]
| >   graph_63    : -1.1588500645686809e-09 +/- 9.62e-12 [1996 selected]
| >   graph_64    : 8.2391624250778930e-10 +/- 3.71e-12 [2002 selected]
| >   sum         : 3.0260831678918121e-08
| >   total       : 3.0260831678918200e-08
| >   difference  : -7.9409338805090657e-23
[92mINFO[0m [94msymbolica_integrator l.7237[0m [96mt=2026-09-09,15:16:55.136[0m > Symbolica integration: starting iteration [92m64/100[0m using [94m1000000[0m points ...
[92mINFO[0m [94msymbolica_integrator l.7270[0m [96mt=2026-09-09,15:22:31.589[0m > ... result after this iteration:
| > Integration result after [92m64000000[0m evaluations in [92m852433.81 CPU-s[0m [94m(13319.3 µs / eval)[0m
| > Extremal weights:
| >   with jacobian    : 6.86453e+04 at xs = [1.2022270797178483e-05 5.1347871165060355e-01 4.9844193335264181e-01 1.4516739088301420e-01 6.1668961407828471e-01 8.5908706354626785e-01] | jacobian = 3.89981e+06
| >     momentum space  : k = [[-4.7916734390976243e-03, -4.0677616413366393e-04, 1.3537602410258231e+02]; [-2.1621547971222004e+01, -1.9473774833694030e+01, -6.1379768355896978e+01]]
| >   without jacobian : 3.91447e+04 at xs = [6.9227500098056595e-11 8.4609202719086396e-01 4.1932247795077110e-01 9.8421181277806566e-02 3.6083494962649804e-01 4.2896348320695171e-01] | jacobian = 1.05860e-04
| >     momentum space  : k = [[1.5219153965627792e-08, -2.2067080113806765e-08, 8.7023903973540399e+01]; [-2.7315361155387055e+01, 3.2668131218968895e+01, 9.6641901762219966e+00]]
| >   before clipping   : -2.55117e+07 at xs = [2.0214007142192894e-01 6.7355269817953467e-01 7.7233159137948548e-01 5.1992145336682813e-06 3.3776341695909373e-01 4.9975058707764103e-01]
| >     momentum space  : k = [[-3.0709207392714490e+01, -5.8939013448895608e+01, -7.6505962958815175e+01]; [-1.0895715515227733e-03, 1.7714314087560576e-03, 1.6295540371570851e-06]]
| > Stability pipeline: float pairs accepted = 86776539, HP pairs attempted/accepted = 2526937/2526937
| > Stability triggers: float mismatch = 2344755, float non-finite/error = 1118
| > HP precision escalations: attempted/accepted = 3421/3421
| > Higher-precision rejections: disagreement = 0, non-finite = 0, error = 0
| > Soft-mirror stability: pairs = 27617834, large-side triggers = 180167, HP orbits attempted/salvaged/failed = 2314358/2314358/0
| > Soft-mirror extrema: raw mirror = -9.09915e+09, post-average = -2.55117e+07
| > Strongest soft-mirror cancellation: residual/raw = 0.00000e+00
| > Unstable rotational-check points rejected = 0
| > Rotational-check high-precision retries = 2345873
| > Rotational-check high-precision salvaged = 2345873
| > Large-weight high-precision retries = 181064
| > Large-weight high-precision salvaged = 181064
| > Large-weight high-precision rejected = 0
| > Large-weight samples zeroed = 290 (4.531e-06 of samples; removed signed/absolute sums = 6.69595e+07/2.05219e+08)
| > Non-finite final outputs zeroed = 0
| > Non-finite float rotated evaluations seen = 49
| > Example higher-precision-retried xs = [2.6880750982012969e-01 1.7402049722655100e-01 6.0980772598890010e-02 9.9750773443479890e-01 3.0048234085139136e-01 8.2729716849149482e-01] | float rel = 1.44350e-07
| >     momentum space  : k = [[1.2864873913282938e+01, 2.4869169488989783e+01, 1.4436129598391815e+02]; [-2.5782389205217190e+04, 7.8539332094821817e+04, -1.3710486440690246e+05]]
| > Example large-weight higher-precision-retried xs = [1.9231173850990912e-01 6.5780162395444419e-01 8.8861886028403791e-01 7.0208850143205215e-04 5.4240755566925725e-01 5.0445441660376766e-01] | compiled = -1.10603e+04 | higher precision = -1.02451e-01
| >     momentum space  : k = [[-1.7873903535647262e+01, -2.7323121682648594e+01, -8.9469201105104602e+01]; [-2.7108866766462003e-01, -7.3992249469811575e-02, -3.9326328464896528e-03]]
| > Example NaN/non-finite rotated xs = [4.3974642111233074e-04 4.7267464511837748e-01 9.9995896344930690e-01 6.1497814457061539e-01 6.0079335026881553e-01 6.4637841020769249e-01]
| >     momentum space  : k = [[-2.2353286370510883e-05, 3.8760017987051835e-06, 1.2731159591423573e+03]; [-4.6150254078839635e+02, -3.3882885223629427e+02, -2.8355997629564860e+02]]
| > [92mCentral value[0m : +3.0251231444014805e-08   +/- 6.50e-10     ([91m2.149%[0m)
[92mINFO[0m [94msymbolica_integrator l.7274[0m [96mt=2026-09-09,15:22:31.590[0m > | > Graph-channel Symbolica observer estimates:
| >   graph_0     : -2.0659359791546478e-08 +/- 8.87e-11 [44096 selected]
| >   graph_1     : 3.4833035571721523e-10 +/- 6.10e-12 [1996 selected]
| >   graph_2     : -1.2834703543529095e-08 +/- 3.84e-11 [11372 selected]
| >   graph_3     : 1.1114770519104799e-10 +/- 1.12e-12 [2022 selected]
| >   graph_4     : -6.1936286550606410e-10 +/- 1.18e-11 [2076 selected]
| >   graph_5     : -3.9244260194319727e-11 +/- 1.29e-12 [1967 selected]
| >   graph_6     : -3.6140124342700027e-11 +/- 1.35e-12 [1958 selected]
| >   graph_7     : 6.4777237213281900e-11 +/- 1.94e-12 [2020 selected]
| >   graph_8     : -9.1575434798016568e-10 +/- 9.84e-12 [3311 selected]
| >   graph_9     : 1.0679221864579549e-09 +/- 1.05e-11 [3406 selected]
| >   graph_10    : -2.7607521470226886e-09 +/- 5.37e-11 [20636 selected]
| >   graph_11    : 2.1489445651478585e-27 +/- 2.28e-28 [2057 selected]
| >   graph_12    : -5.5736812481379857e-10 +/- 7.04e-12 [2527 selected]
| >   graph_13    : -1.1761025422010264e-08 +/- 6.69e-11 [29316 selected]
| >   graph_14    : 1.0970777135218126e-10 +/- 3.95e-13 [1998 selected]
| >   graph_15    : 2.3453077240645903e-24 +/- 3.99e-24 [1989 selected]
| >   graph_16    : 3.8799187076358833e-09 +/- 1.20e-11 [1936 selected]
| >   graph_17    : -3.6238787970345037e-10 +/- 1.29e-12 [2031 selected]
| >   graph_18    : 1.1991545870424390e-08 +/- 4.47e-11 [16010 selected]
| >   graph_19    : 1.0551930500227676e-09 +/- 4.77e-12 [2007 selected]
| >   graph_20    : -7.6262971020651984e-10 +/- 3.32e-12 [2019 selected]
| >   graph_21    : -8.7027212975438269e-10 +/- 1.05e-11 [3586 selected]
| >   graph_22    : -4.9662027382378605e-10 +/- 9.67e-12 [1950 selected]
| >   graph_23    : -2.9027166404987537e-10 +/- 8.56e-12 [2018 selected]
| >   graph_24    : 5.8977926895050639e-10 +/- 1.68e-11 [3362 selected]
| >   graph_25    : 4.2689607359153624e-10 +/- 1.03e-11 [2013 selected]
| >   graph_26    : -2.1458093380319595e-10 +/- 7.76e-13 [2003 selected]
| >   graph_27    : -2.7186412242472763e-11 +/- 9.52e-14 [1944 selected]
| >   graph_28    : -1.1664726193411061e-09 +/- 7.59e-12 [1897 selected]
| >   graph_29    : 6.8065812693392515e-08 +/- 1.12e-10 [59716 selected]
| >   graph_30    : -1.4145799923239485e-09 +/- 9.32e-11 [50852 selected]
| >   graph_31    : 4.0152044394845892e-11 +/- 3.88e-13 [1965 selected]
| >   graph_32    : -5.0067738842200165e-11 +/- 7.63e-12 [2029 selected]
| >   graph_33    : -1.9009438991169837e-09 +/- 2.27e-11 [5156 selected]
| >   graph_34    : 5.4584763053842207e-26 +/- 3.17e-26 [1911 selected]
| >   graph_35    : 2.5277875900013114e-08 +/- 1.10e-10 [69795 selected]
| >   graph_36    : -2.9258756141387295e-09 +/- 2.28e-11 [5857 selected]
| >   graph_37    : 1.6133286460282691e-08 +/- 5.95e-11 [24046 selected]
| >   graph_38    : 4.0179864866180750e-10 +/- 3.23e-12 [1916 selected]
| >   graph_39    : -7.6183988950172184e-09 +/- 3.83e-11 [11764 selected]
| >   graph_40    : -2.1937089119822992e-10 +/- 2.56e-10 [198178 selected]
| >   graph_41    : 1.7461012618207143e-09 +/- 1.65e-11 [5592 selected]
| >   graph_42    : 4.4157943900184044e-09 +/- 9.89e-11 [38931 selected]
| >   graph_43    : 3.1520783136617125e-09 +/- 2.41e-11 [6447 selected]
| >   graph_44    : 4.4426248183455653e-10 +/- 7.39e-12 [2402 selected]
| >   graph_45    : 2.3968258777943618e-10 +/- 8.39e-13 [1980 selected]
| >   graph_46    : -6.0814484796166624e-11 +/- 3.47e-13 [1963 selected]
| >   graph_47    : -6.1150811251061681e-09 +/- 5.15e-10 [186269 selected]
| >   graph_48    : -9.4239675034424054e-11 +/- 2.01e-12 [1990 selected]
| >   graph_49    : -3.4314241512008831e-08 +/- 6.68e-11 [25690 selected]
| >   graph_50    : 8.9490822336558222e-10 +/- 1.48e-11 [3294 selected]
| >   graph_51    : 5.7903292878470078e-09 +/- 1.80e-11 [3095 selected]
| >   graph_52    : 2.1562283626377002e-10 +/- 5.01e-12 [1975 selected]
| >   graph_53    : -8.1303263237354138e-10 +/- 1.39e-11 [4803 selected]
| >   graph_54    : -2.6271994167266409e-09 +/- 9.15e-11 [40218 selected]
| >   graph_55    : 1.1276879875631698e-09 +/- 1.24e-11 [3936 selected]
| >   graph_56    : -4.1950946297847548e-09 +/- 1.30e-11 [2038 selected]
| >   graph_57    : -1.2898453851284387e-08 +/- 4.99e-11 [17937 selected]
| >   graph_58    : 4.1575771829957880e-11 +/- 2.13e-12 [2047 selected]
| >   graph_59    : 4.0389055341921671e-11 +/- 2.12e-12 [2027 selected]
| >   graph_60    : -6.9302055995412140e-11 +/- 2.16e-12 [2052 selected]
| >   graph_61    : 1.2604140661718768e-08 +/- 7.21e-11 [30586 selected]
| >   graph_62    : -2.2342253313733004e-24 +/- 2.57e-24 [2075 selected]
| >   graph_63    : -1.1589124842027479e-09 +/- 9.55e-12 [1963 selected]
| >   graph_64    : 8.2425575948873728e-10 +/- 3.68e-12 [1982 selected]
| >   sum         : 3.0251231444014732e-08
| >   total       : 3.0251231444014805e-08
| >   difference  : -7.2791893904666435e-23
[92mINFO[0m [94msymbolica_integrator l.7237[0m [96mt=2026-09-09,15:22:31.590[0m > Symbolica integration: starting iteration [92m65/100[0m using [94m1000000[0m points ...
[92mINFO[0m [94msymbolica_integrator l.7270[0m [96mt=2026-09-09,15:27:51.751[0m > ... result after this iteration:
| > Integration result after [92m65000000[0m evaluations in [92m866370.65 CPU-s[0m [94m(13328.8 µs / eval)[0m
| > Extremal weights:
| >   with jacobian    : 6.86453e+04 at xs = [1.2022270797178483e-05 5.1347871165060355e-01 4.9844193335264181e-01 1.4516739088301420e-01 6.1668961407828471e-01 8.5908706354626785e-01] | jacobian = 3.89981e+06
| >     momentum space  : k = [[-4.7916734390976243e-03, -4.0677616413366393e-04, 1.3537602410258231e+02]; [-2.1621547971222004e+01, -1.9473774833694030e+01, -6.1379768355896978e+01]]
| >   without jacobian : 3.91447e+04 at xs = [6.9227500098056595e-11 8.4609202719086396e-01 4.1932247795077110e-01 9.8421181277806566e-02 3.6083494962649804e-01 4.2896348320695171e-01] | jacobian = 1.05860e-04
| >     momentum space  : k = [[1.5219153965627792e-08, -2.2067080113806765e-08, 8.7023903973540399e+01]; [-2.7315361155387055e+01, 3.2668131218968895e+01, 9.6641901762219966e+00]]
| >   before clipping   : -2.55117e+07 at xs = [2.0214007142192894e-01 6.7355269817953467e-01 7.7233159137948548e-01 5.1992145336682813e-06 3.3776341695909373e-01 4.9975058707764103e-01]
| >     momentum space  : k = [[-3.0709207392714490e+01, -5.8939013448895608e+01, -7.6505962958815175e+01]; [-1.0895715515227733e-03, 1.7714314087560576e-03, 1.6295540371570851e-06]]
| > Stability pipeline: float pairs accepted = 88127880, HP pairs attempted/accepted = 2566633/2566633
| > Stability triggers: float mismatch = 2381751, float non-finite/error = 1134
| > HP precision escalations: attempted/accepted = 3475/3475
| > Higher-precision rejections: disagreement = 0, non-finite = 0, error = 0
| > Soft-mirror stability: pairs = 28045556, large-side triggers = 182834, HP orbits attempted/salvaged/failed = 2351043/2351043/0
| > Soft-mirror extrema: raw mirror = -9.09915e+09, post-average = -2.55117e+07
| > Strongest soft-mirror cancellation: residual/raw = 0.00000e+00
| > Unstable rotational-check points rejected = 0
| > Rotational-check high-precision retries = 2382885
| > Rotational-check high-precision salvaged = 2382885
| > Large-weight high-precision retries = 183748
| > Large-weight high-precision salvaged = 183748
| > Large-weight high-precision rejected = 0
| > Large-weight samples zeroed = 299 (4.600e-06 of samples; removed signed/absolute sums = 7.25623e+07/2.12326e+08)
| > Non-finite final outputs zeroed = 0
| > Non-finite float rotated evaluations seen = 50
| > Example higher-precision-retried xs = [2.6880750982012969e-01 1.7402049722655100e-01 6.0980772598890010e-02 9.9750773443479890e-01 3.0048234085139136e-01 8.2729716849149482e-01] | float rel = 1.44350e-07
| >     momentum space  : k = [[1.2864873913282938e+01, 2.4869169488989783e+01, 1.4436129598391815e+02]; [-2.5782389205217190e+04, 7.8539332094821817e+04, -1.3710486440690246e+05]]
| > Example large-weight higher-precision-retried xs = [1.9231173850990912e-01 6.5780162395444419e-01 8.8861886028403791e-01 7.0208850143205215e-04 5.4240755566925725e-01 5.0445441660376766e-01] | compiled = -1.10603e+04 | higher precision = -1.02451e-01
| >     momentum space  : k = [[-1.7873903535647262e+01, -2.7323121682648594e+01, -8.9469201105104602e+01]; [-2.7108866766462003e-01, -7.3992249469811575e-02, -3.9326328464896528e-03]]
| > Example NaN/non-finite rotated xs = [4.3974642111233074e-04 4.7267464511837748e-01 9.9995896344930690e-01 6.1497814457061539e-01 6.0079335026881553e-01 6.4637841020769249e-01]
| >     momentum space  : k = [[-2.2353286370510883e-05, 3.8760017987051835e-06, 1.2731159591423573e+03]; [-4.6150254078839635e+02, -3.3882885223629427e+02, -2.8355997629564860e+02]]
| > [92mCentral value[0m : +3.0283421725418279e-08   +/- 6.41e-10     ([91m2.116%[0m)
[92mINFO[0m [94msymbolica_integrator l.7274[0m [96mt=2026-09-09,15:27:51.752[0m > | > Graph-channel Symbolica observer estimates:
| >   graph_0     : -2.0666632245605535e-08 +/- 8.77e-11 [44507 selected]
| >   graph_1     : 3.4764687833418180e-10 +/- 6.05e-12 [1979 selected]
| >   graph_2     : -1.2828540145584477e-08 +/- 3.81e-11 [11488 selected]
| >   graph_3     : 1.1116316169908869e-10 +/- 1.11e-12 [1960 selected]
| >   graph_4     : -6.2069909532072578e-10 +/- 1.17e-11 [1982 selected]
| >   graph_5     : -3.9288405884964152e-11 +/- 1.28e-12 [1970 selected]
| >   graph_6     : -3.6126416106767344e-11 +/- 1.33e-12 [2026 selected]
| >   graph_7     : 6.4523019255539994e-11 +/- 1.93e-12 [1956 selected]
| >   graph_8     : -9.1813763679709797e-10 +/- 9.76e-12 [3429 selected]
| >   graph_9     : 1.0679705337609860e-09 +/- 1.04e-11 [3510 selected]
| >   graph_10    : -2.7632867752841358e-09 +/- 5.31e-11 [20634 selected]
| >   graph_11    : 2.1338289555765912e-27 +/- 2.26e-28 [1941 selected]
| >   graph_12    : -5.5832730661201078e-10 +/- 6.98e-12 [2604 selected]
| >   graph_13    : -1.1760734901572389e-08 +/- 6.61e-11 [29368 selected]
| >   graph_14    : 1.0966275635282960e-10 +/- 3.91e-13 [1962 selected]
| >   graph_15    : 2.3259143460131498e-24 +/- 3.93e-24 [1878 selected]
| >   graph_16    : 3.8780724103670538e-09 +/- 1.19e-11 [1927 selected]
| >   graph_17    : -3.6233199640735767e-10 +/- 1.28e-12 [1932 selected]
| >   graph_18    : 1.1992096148016585e-08 +/- 4.46e-11 [16048 selected]
| >   graph_19    : 1.0563425708381374e-09 +/- 4.73e-12 [2007 selected]
| >   graph_20    : -7.6200416116745540e-10 +/- 3.30e-12 [1925 selected]
| >   graph_21    : -8.7018232481295782e-10 +/- 1.04e-11 [3661 selected]
| >   graph_22    : -4.9713257477418953e-10 +/- 9.58e-12 [2009 selected]
| >   graph_23    : -2.8986819259827941e-10 +/- 8.44e-12 [2006 selected]
| >   graph_24    : 5.9013350089663379e-10 +/- 1.67e-11 [3485 selected]
| >   graph_25    : 4.2720885873828735e-10 +/- 1.02e-11 [1982 selected]
| >   graph_26    : -2.1447111468056194e-10 +/- 7.69e-13 [1933 selected]
| >   graph_27    : -2.7195757656289932e-11 +/- 9.44e-14 [1991 selected]
| >   graph_28    : -1.1656260665298600e-09 +/- 7.53e-12 [1956 selected]
| >   graph_29    : 6.8066794280059153e-08 +/- 1.11e-10 [59681 selected]
| >   graph_30    : -1.3922233904960991e-09 +/- 9.26e-11 [51133 selected]
| >   graph_31    : 4.0110430536484091e-11 +/- 3.85e-13 [1842 selected]
| >   graph_32    : -5.1546063498437906e-11 +/- 7.60e-12 [1996 selected]
| >   graph_33    : -1.9012048247233928e-09 +/- 2.25e-11 [5121 selected]
| >   graph_34    : 5.4663911991413965e-26 +/- 3.14e-26 [2006 selected]
| >   graph_35    : 2.5273560056699288e-08 +/- 1.08e-10 [69428 selected]
| >   graph_36    : -2.9294160730225135e-09 +/- 2.26e-11 [6027 selected]
| >   graph_37    : 1.6134729697259412e-08 +/- 5.90e-11 [24109 selected]
| >   graph_38    : 4.0205762380406943e-10 +/- 3.20e-12 [2082 selected]
| >   graph_39    : -7.6124697593200464e-09 +/- 3.79e-11 [11727 selected]
| >   graph_40    : -2.3303486018435634e-10 +/- 2.52e-10 [198926 selected]
| >   graph_41    : 1.7473306008775205e-09 +/- 1.64e-11 [5517 selected]
| >   graph_42    : 4.4271322068601303e-09 +/- 9.77e-11 [38486 selected]
| >   graph_43    : 3.1551117440621282e-09 +/- 2.39e-11 [6429 selected]
| >   graph_44    : 4.4558133638418902e-10 +/- 7.33e-12 [2467 selected]
| >   graph_45    : 2.3974494984706895e-10 +/- 8.32e-13 [1994 selected]
| >   graph_46    : -6.0782313798508897e-11 +/- 3.44e-13 [1942 selected]
| >   graph_47    : -6.1175768252155733e-09 +/- 5.07e-10 [185345 selected]
| >   graph_48    : -9.4345582595958840e-11 +/- 1.99e-12 [2073 selected]
| >   graph_49    : -3.4318222922084931e-08 +/- 6.62e-11 [25586 selected]
| >   graph_50    : 8.9529169354311121e-10 +/- 1.47e-11 [3346 selected]
| >   graph_51    : 5.7911108647178990e-09 +/- 1.79e-11 [3050 selected]
| >   graph_52    : 2.1588999471979352e-10 +/- 4.97e-12 [1982 selected]
| >   graph_53    : -8.1556521091771922e-10 +/- 1.38e-11 [4746 selected]
| >   graph_54    : -2.6170942747062258e-09 +/- 9.03e-11 [40261 selected]
| >   graph_55    : 1.1275668463263531e-09 +/- 1.23e-11 [4048 selected]
| >   graph_56    : -4.1970778342470155e-09 +/- 1.29e-11 [2162 selected]
| >   graph_57    : -1.2892954326637079e-08 +/- 4.94e-11 [17983 selected]
| >   graph_58    : 4.1302710446042478e-11 +/- 2.13e-12 [1965 selected]
| >   graph_59    : 4.0418412953002476e-11 +/- 2.11e-12 [2005 selected]
| >   graph_60    : -6.9209785415815226e-11 +/- 2.14e-12 [1985 selected]
| >   graph_61    : 1.2610501099087512e-08 +/- 7.12e-11 [30619 selected]
| >   graph_62    : -2.2096128648641145e-24 +/- 2.53e-24 [1902 selected]
| >   graph_63    : -1.1568708429300859e-09 +/- 9.48e-12 [1943 selected]
| >   graph_64    : 8.2454734616453265e-10 +/- 3.66e-12 [2030 selected]
| >   sum         : 3.0283421725418199e-08
| >   total       : 3.0283421725418279e-08
| >   difference  : -7.9409338805090657e-23
[92mINFO[0m [94msymbolica_integrator l.7237[0m [96mt=2026-09-09,15:27:51.752[0m > Symbolica integration: starting iteration [92m66/100[0m using [94m1000000[0m points ...
[92mINFO[0m [94msymbolica_integrator l.7270[0m [96mt=2026-09-09,15:34:04.574[0m > ... result after this iteration:
| > Integration result after [92m66000000[0m evaluations in [92m882419.35 CPU-s[0m [94m(13370.0 µs / eval)[0m
| > Extremal weights:
| >   with jacobian    : 6.86453e+04 at xs = [1.2022270797178483e-05 5.1347871165060355e-01 4.9844193335264181e-01 1.4516739088301420e-01 6.1668961407828471e-01 8.5908706354626785e-01] | jacobian = 3.89981e+06
| >     momentum space  : k = [[-4.7916734390976243e-03, -4.0677616413366393e-04, 1.3537602410258231e+02]; [-2.1621547971222004e+01, -1.9473774833694030e+01, -6.1379768355896978e+01]]
| >   without jacobian : 3.91447e+04 at xs = [6.9227500098056595e-11 8.4609202719086396e-01 4.1932247795077110e-01 9.8421181277806566e-02 3.6083494962649804e-01 4.2896348320695171e-01] | jacobian = 1.05860e-04
| >     momentum space  : k = [[1.5219153965627792e-08, -2.2067080113806765e-08, 8.7023903973540399e+01]; [-2.7315361155387055e+01, 3.2668131218968895e+01, 9.6641901762219966e+00]]
| >   before clipping   : -2.55117e+07 at xs = [2.0214007142192894e-01 6.7355269817953467e-01 7.7233159137948548e-01 5.1992145336682813e-06 3.3776341695909373e-01 4.9975058707764103e-01]
| >     momentum space  : k = [[-3.0709207392714490e+01, -5.8939013448895608e+01, -7.6505962958815175e+01]; [-1.0895715515227733e-03, 1.7714314087560576e-03, 1.6295540371570851e-06]]
| > Stability pipeline: float pairs accepted = 89472330, HP pairs attempted/accepted = 2609335/2609335
| > Stability triggers: float mismatch = 2421395, float non-finite/error = 1152
| > HP precision escalations: attempted/accepted = 3536/3536
| > Higher-precision rejections: disagreement = 0, non-finite = 0, error = 0
| > Soft-mirror stability: pairs = 28471960, large-side triggers = 185855, HP orbits attempted/salvaged/failed = 2390295/2390295/0
| > Soft-mirror extrema: raw mirror = -9.09915e+09, post-average = -2.55117e+07
| > Strongest soft-mirror cancellation: residual/raw = 0.00000e+00
| > Unstable rotational-check points rejected = 0
| > Rotational-check high-precision retries = 2422547
| > Rotational-check high-precision salvaged = 2422547
| > Large-weight high-precision retries = 186788
| > Large-weight high-precision salvaged = 186788
| > Large-weight high-precision rejected = 0
| > Large-weight samples zeroed = 306 (4.636e-06 of samples; removed signed/absolute sums = 7.26564e+07/2.13874e+08)
| > Non-finite final outputs zeroed = 0
| > Non-finite float rotated evaluations seen = 50
| > Example higher-precision-retried xs = [2.6880750982012969e-01 1.7402049722655100e-01 6.0980772598890010e-02 9.9750773443479890e-01 3.0048234085139136e-01 8.2729716849149482e-01] | float rel = 1.44350e-07
| >     momentum space  : k = [[1.2864873913282938e+01, 2.4869169488989783e+01, 1.4436129598391815e+02]; [-2.5782389205217190e+04, 7.8539332094821817e+04, -1.3710486440690246e+05]]
| > Example large-weight higher-precision-retried xs = [1.9231173850990912e-01 6.5780162395444419e-01 8.8861886028403791e-01 7.0208850143205215e-04 5.4240755566925725e-01 5.0445441660376766e-01] | compiled = -1.10603e+04 | higher precision = -1.02451e-01
| >     momentum space  : k = [[-1.7873903535647262e+01, -2.7323121682648594e+01, -8.9469201105104602e+01]; [-2.7108866766462003e-01, -7.3992249469811575e-02, -3.9326328464896528e-03]]
| > Example NaN/non-finite rotated xs = [4.3974642111233074e-04 4.7267464511837748e-01 9.9995896344930690e-01 6.1497814457061539e-01 6.0079335026881553e-01 6.4637841020769249e-01]
| >     momentum space  : k = [[-2.2353286370510883e-05, 3.8760017987051835e-06, 1.2731159591423573e+03]; [-4.6150254078839635e+02, -3.3882885223629427e+02, -2.8355997629564860e+02]]
| > [92mCentral value[0m : +3.0337900281018551e-08   +/- 6.32e-10     ([91m2.084%[0m)
[92mINFO[0m [94msymbolica_integrator l.7274[0m [96mt=2026-09-09,15:34:04.575[0m > | > Graph-channel Symbolica observer estimates:
| >   graph_0     : -2.0669165393097784e-08 +/- 8.67e-11 [44411 selected]
| >   graph_1     : 3.4631924847121086e-10 +/- 5.99e-12 [1979 selected]
| >   graph_2     : -1.2828964017367054e-08 +/- 3.78e-11 [11431 selected]
| >   graph_3     : 1.1117856744056816e-10 +/- 1.10e-12 [2072 selected]
| >   graph_4     : -6.2029254983642433e-10 +/- 1.16e-11 [1912 selected]
| >   graph_5     : -3.9071870960616136e-11 +/- 1.27e-12 [1998 selected]
| >   graph_6     : -3.6184126371079816e-11 +/- 1.32e-12 [1936 selected]
| >   graph_7     : 6.4294536855613989e-11 +/- 1.91e-12 [1946 selected]
| >   graph_8     : -9.1638129330789212e-10 +/- 9.67e-12 [3404 selected]
| >   graph_9     : 1.0689680554742456e-09 +/- 1.04e-11 [3377 selected]
| >   graph_10    : -2.7630118955944250e-09 +/- 5.25e-11 [20543 selected]
| >   graph_11    : 2.1105474924717883e-27 +/- 2.24e-28 [1915 selected]
| >   graph_12    : -5.5869428077261130e-10 +/- 6.93e-12 [2544 selected]
| >   graph_13    : -1.1753989299763423e-08 +/- 6.53e-11 [29293 selected]
| >   graph_14    : 1.0962677354409465e-10 +/- 3.87e-13 [1947 selected]
| >   graph_15    : 2.2809799253921161e-24 +/- 3.87e-24 [2051 selected]
| >   graph_16    : 3.8777802777895284e-09 +/- 1.18e-11 [1980 selected]
| >   graph_17    : -3.6224329682827324e-10 +/- 1.27e-12 [1959 selected]
| >   graph_18    : 1.1993412935782878e-08 +/- 4.41e-11 [16726 selected]
| >   graph_19    : 1.0566009350291784e-09 +/- 4.70e-12 [2005 selected]
| >   graph_20    : -7.6200427158517620e-10 +/- 3.27e-12 [2027 selected]
| >   graph_21    : -8.7135659295054858e-10 +/- 1.03e-11 [3606 selected]
| >   graph_22    : -4.9634932392032844e-10 +/- 9.48e-12 [2041 selected]
| >   graph_23    : -2.8948020804516756e-10 +/- 8.32e-12 [1989 selected]
| >   graph_24    : 5.9157431794132464e-10 +/- 1.65e-11 [3450 selected]
| >   graph_25    : 4.2859976231009787e-10 +/- 1.02e-11 [2004 selected]
| >   graph_26    : -2.1451880453275369e-10 +/- 7.62e-13 [1974 selected]
| >   graph_27    : -2.7183248693627289e-11 +/- 9.36e-14 [1898 selected]
| >   graph_28    : -1.1663473867881005e-09 +/- 7.48e-12 [1933 selected]
| >   graph_29    : 6.8063648937098781e-08 +/- 1.09e-10 [59861 selected]
| >   graph_30    : -1.3855600470224206e-09 +/- 9.14e-11 [51662 selected]
| >   graph_31    : 4.0118562828435759e-11 +/- 3.81e-13 [1965 selected]
| >   graph_32    : -5.1100121271220705e-11 +/- 7.54e-12 [1987 selected]
| >   graph_33    : -1.9006831270160164e-09 +/- 2.23e-11 [5225 selected]
| >   graph_34    : 5.6604217704419901e-26 +/- 3.13e-26 [1946 selected]
| >   graph_35    : 2.5273098739397637e-08 +/- 1.07e-10 [69521 selected]
| >   graph_36    : -2.9274225194378463e-09 +/- 2.24e-11 [6004 selected]
| >   graph_37    : 1.6148867535858574e-08 +/- 5.84e-11 [24353 selected]
| >   graph_38    : 4.0209453085508242e-10 +/- 3.18e-12 [1937 selected]
| >   graph_39    : -7.6160894612149972e-09 +/- 3.76e-11 [11603 selected]
| >   graph_40    : -2.3442627473106925e-10 +/- 2.49e-10 [197459 selected]
| >   graph_41    : 1.7485331376405462e-09 +/- 1.62e-11 [5554 selected]
| >   graph_42    : 4.4242749648287481e-09 +/- 9.64e-11 [38610 selected]
| >   graph_43    : 3.1567585268224573e-09 +/- 2.37e-11 [6296 selected]
| >   graph_44    : 4.4541440366590480e-10 +/- 7.27e-12 [2382 selected]
| >   graph_45    : 2.3978380271095531e-10 +/- 8.26e-13 [1975 selected]
| >   graph_46    : -6.0812884885688847e-11 +/- 3.41e-13 [1962 selected]
| >   graph_47    : -6.0963263788941842e-09 +/- 5.00e-10 [185222 selected]
| >   graph_48    : -9.4330771566809344e-11 +/- 1.98e-12 [1983 selected]
| >   graph_49    : -3.4317964823392991e-08 +/- 6.56e-11 [25877 selected]
| >   graph_50    : 8.9630201312013040e-10 +/- 1.45e-11 [3374 selected]
| >   graph_51    : 5.7942763013552519e-09 +/- 1.77e-11 [3104 selected]
| >   graph_52    : 2.1624005492401269e-10 +/- 4.93e-12 [1968 selected]
| >   graph_53    : -8.1402094858500876e-10 +/- 1.37e-11 [4805 selected]
| >   graph_54    : -2.6142162394450688e-09 +/- 8.92e-11 [40184 selected]
| >   graph_55    : 1.1295264142010215e-09 +/- 1.22e-11 [4073 selected]
| >   graph_56    : -4.1959579710822313e-09 +/- 1.29e-11 [2005 selected]
| >   graph_57    : -1.2893812450597569e-08 +/- 4.89e-11 [18125 selected]
| >   graph_58    : 4.0889576850214906e-11 +/- 2.11e-12 [1984 selected]
| >   graph_59    : 4.0478406565774578e-11 +/- 2.09e-12 [2011 selected]
| >   graph_60    : -6.9617748060086574e-11 +/- 2.13e-12 [1922 selected]
| >   graph_61    : 1.2611092503139993e-08 +/- 7.05e-11 [30794 selected]
| >   graph_62    : -2.1582978290065158e-24 +/- 2.49e-24 [2023 selected]
| >   graph_63    : -1.1579145924449841e-09 +/- 9.41e-12 [1998 selected]
| >   graph_64    : 8.2364067857972871e-10 +/- 3.63e-12 [1895 selected]
| >   sum         : 3.0337900281018511e-08
| >   total       : 3.0337900281018551e-08
| >   difference  : -3.9704669402545328e-23
[92mINFO[0m [94msymbolica_integrator l.7237[0m [96mt=2026-09-09,15:34:04.575[0m > Symbolica integration: starting iteration [92m67/100[0m using [94m1000000[0m points ...
[92mINFO[0m [94msymbolica_integrator l.7270[0m [96mt=2026-09-09,15:40:15.334[0m > ... result after this iteration:
| > Integration result after [92m67000000[0m evaluations in [92m897988.99 CPU-s[0m [94m(13402.8 µs / eval)[0m
| > Extremal weights:
| >   with jacobian    : 6.86453e+04 at xs = [1.2022270797178483e-05 5.1347871165060355e-01 4.9844193335264181e-01 1.4516739088301420e-01 6.1668961407828471e-01 8.5908706354626785e-01] | jacobian = 3.89981e+06
| >     momentum space  : k = [[-4.7916734390976243e-03, -4.0677616413366393e-04, 1.3537602410258231e+02]; [-2.1621547971222004e+01, -1.9473774833694030e+01, -6.1379768355896978e+01]]
| >   without jacobian : 3.91447e+04 at xs = [6.9227500098056595e-11 8.4609202719086396e-01 4.1932247795077110e-01 9.8421181277806566e-02 3.6083494962649804e-01 4.2896348320695171e-01] | jacobian = 1.05860e-04
| >     momentum space  : k = [[1.5219153965627792e-08, -2.2067080113806765e-08, 8.7023903973540399e+01]; [-2.7315361155387055e+01, 3.2668131218968895e+01, 9.6641901762219966e+00]]
| >   before clipping   : -2.55117e+07 at xs = [2.0214007142192894e-01 6.7355269817953467e-01 7.7233159137948548e-01 5.1992145336682813e-06 3.3776341695909373e-01 4.9975058707764103e-01]
| >     momentum space  : k = [[-3.0709207392714490e+01, -5.8939013448895608e+01, -7.6505962958815175e+01]; [-1.0895715515227733e-03, 1.7714314087560576e-03, 1.6295540371570851e-06]]
| > Stability pipeline: float pairs accepted = 90814794, HP pairs attempted/accepted = 2652704/2652704
| > Stability triggers: float mismatch = 2461270, float non-finite/error = 1179
| > HP precision escalations: attempted/accepted = 3608/3608
| > Higher-precision rejections: disagreement = 0, non-finite = 0, error = 0
| > Soft-mirror stability: pairs = 28897943, large-side triggers = 189297, HP orbits attempted/salvaged/failed = 2430445/2430445/0
| > Soft-mirror extrema: raw mirror = -9.09915e+09, post-average = -2.55117e+07
| > Strongest soft-mirror cancellation: residual/raw = 0.00000e+00
| > Unstable rotational-check points rejected = 0
| > Rotational-check high-precision retries = 2462449
| > Rotational-check high-precision salvaged = 2462449
| > Large-weight high-precision retries = 190255
| > Large-weight high-precision salvaged = 190255
| > Large-weight high-precision rejected = 0
| > Large-weight samples zeroed = 308 (4.597e-06 of samples; removed signed/absolute sums = 7.30954e+07/2.14313e+08)
| > Non-finite final outputs zeroed = 0
| > Non-finite float rotated evaluations seen = 53
| > Example higher-precision-retried xs = [2.6880750982012969e-01 1.7402049722655100e-01 6.0980772598890010e-02 9.9750773443479890e-01 3.0048234085139136e-01 8.2729716849149482e-01] | float rel = 1.44350e-07
| >     momentum space  : k = [[1.2864873913282938e+01, 2.4869169488989783e+01, 1.4436129598391815e+02]; [-2.5782389205217190e+04, 7.8539332094821817e+04, -1.3710486440690246e+05]]
| > Example large-weight higher-precision-retried xs = [1.9231173850990912e-01 6.5780162395444419e-01 8.8861886028403791e-01 7.0208850143205215e-04 5.4240755566925725e-01 5.0445441660376766e-01] | compiled = -1.10603e+04 | higher precision = -1.02451e-01
| >     momentum space  : k = [[-1.7873903535647262e+01, -2.7323121682648594e+01, -8.9469201105104602e+01]; [-2.7108866766462003e-01, -7.3992249469811575e-02, -3.9326328464896528e-03]]
| > Example NaN/non-finite rotated xs = [4.3974642111233074e-04 4.7267464511837748e-01 9.9995896344930690e-01 6.1497814457061539e-01 6.0079335026881553e-01 6.4637841020769249e-01]
| >     momentum space  : k = [[-2.2353286370510883e-05, 3.8760017987051835e-06, 1.2731159591423573e+03]; [-4.6150254078839635e+02, -3.3882885223629427e+02, -2.8355997629564860e+02]]
| > [92mCentral value[0m : +3.0331514191464029e-08   +/- 6.24e-10     ([91m2.056%[0m)
[92mINFO[0m [94msymbolica_integrator l.7274[0m [96mt=2026-09-09,15:40:15.335[0m > | > Graph-channel Symbolica observer estimates:
| >   graph_0     : -2.0662605639922365e-08 +/- 8.59e-11 [44445 selected]
| >   graph_1     : 3.4547576710033858e-10 +/- 5.93e-12 [1891 selected]
| >   graph_2     : -1.2831663970005550e-08 +/- 3.75e-11 [11473 selected]
| >   graph_3     : 1.1109990700941606e-10 +/- 1.10e-12 [2012 selected]
| >   graph_4     : -6.1830665476439642e-10 +/- 1.15e-11 [1993 selected]
| >   graph_5     : -3.8931427922976656e-11 +/- 1.26e-12 [1971 selected]
| >   graph_6     : -3.6492667366745346e-11 +/- 1.31e-12 [2054 selected]
| >   graph_7     : 6.4581994502645358e-11 +/- 1.90e-12 [1943 selected]
| >   graph_8     : -9.1592474876528626e-10 +/- 9.59e-12 [3319 selected]
| >   graph_9     : 1.0673397822255203e-09 +/- 1.03e-11 [3471 selected]
| >   graph_10    : -2.7541279918451999e-09 +/- 5.19e-11 [20516 selected]
| >   graph_11    : 2.1149641803717350e-27 +/- 2.22e-28 [1980 selected]
| >   graph_12    : -5.5950243690334080e-10 +/- 6.87e-12 [2514 selected]
| >   graph_13    : -1.1751227283065414e-08 +/- 6.46e-11 [29229 selected]
| >   graph_14    : 1.0966247768055400e-10 +/- 3.84e-13 [1957 selected]
| >   graph_15    : 2.2569554863937315e-24 +/- 3.81e-24 [1970 selected]
| >   graph_16    : 3.8766592898534704e-09 +/- 1.18e-11 [1934 selected]
| >   graph_17    : -3.6197761872769750e-10 +/- 1.26e-12 [1893 selected]
| >   graph_18    : 1.1989501394819507e-08 +/- 4.36e-11 [16363 selected]
| >   graph_19    : 1.0565872554854994e-09 +/- 4.66e-12 [1985 selected]
| >   graph_20    : -7.6183647430414211e-10 +/- 3.25e-12 [2030 selected]
| >   graph_21    : -8.7086621586564979e-10 +/- 1.02e-11 [3645 selected]
| >   graph_22    : -4.9580778713185746e-10 +/- 9.38e-12 [1917 selected]
| >   graph_23    : -2.8868839095014021e-10 +/- 8.21e-12 [1907 selected]
| >   graph_24    : 5.9151702379654539e-10 +/- 1.64e-11 [3365 selected]
| >   graph_25    : 4.2719333029657599e-10 +/- 1.01e-11 [2026 selected]
| >   graph_26    : -2.1436698443046947e-10 +/- 7.55e-13 [1883 selected]
| >   graph_27    : -2.7176801644497601e-11 +/- 9.29e-14 [1917 selected]
| >   graph_28    : -1.1660519735488888e-09 +/- 7.43e-12 [2025 selected]
| >   graph_29    : 6.8059179904778811e-08 +/- 1.08e-10 [59640 selected]
| >   graph_30    : -1.3758795580119007e-09 +/- 9.09e-11 [51065 selected]
| >   graph_31    : 4.0187622471622154e-11 +/- 3.79e-13 [2008 selected]
| >   graph_32    : -5.2275148941510004e-11 +/- 7.49e-12 [2042 selected]
| >   graph_33    : -1.8997817136851337e-09 +/- 2.20e-11 [5129 selected]
| >   graph_34    : 5.5774864384027093e-26 +/- 3.11e-26 [2000 selected]
| >   graph_35    : 2.5277820484881720e-08 +/- 1.06e-10 [69691 selected]
| >   graph_36    : -2.9287807461337455e-09 +/- 2.23e-11 [6003 selected]
| >   graph_37    : 1.6145617585380878e-08 +/- 5.79e-11 [24163 selected]
| >   graph_38    : 4.0105894001402727e-10 +/- 3.15e-12 [1885 selected]
| >   graph_39    : -7.6202615110144793e-09 +/- 3.73e-11 [11667 selected]
| >   graph_40    : -2.5874879902134224e-10 +/- 2.45e-10 [196962 selected]
| >   graph_41    : 1.7483400829835010e-09 +/- 1.61e-11 [5492 selected]
| >   graph_42    : 4.4175420171482365e-09 +/- 9.54e-11 [38507 selected]
| >   graph_43    : 3.1566631302316406e-09 +/- 2.35e-11 [6395 selected]
| >   graph_44    : 4.4495461598306971e-10 +/- 7.21e-12 [2378 selected]
| >   graph_45    : 2.3982719830970757e-10 +/- 8.19e-13 [2014 selected]
| >   graph_46    : -6.0815573858793556e-11 +/- 3.38e-13 [1940 selected]
| >   graph_47    : -6.0818570020362161e-09 +/- 4.93e-10 [187637 selected]
| >   graph_48    : -9.4532507668450729e-11 +/- 1.96e-12 [1860 selected]
| >   graph_49    : -3.4312081488682880e-08 +/- 6.50e-11 [26021 selected]
| >   graph_50    : 8.9341799236743304e-10 +/- 1.44e-11 [3234 selected]
| >   graph_51    : 5.7945393978757286e-09 +/- 1.76e-11 [2973 selected]
| >   graph_52    : 2.1591818801096141e-10 +/- 4.90e-12 [2014 selected]
| >   graph_53    : -8.1195192334100746e-10 +/- 1.36e-11 [4743 selected]
| >   graph_54    : -2.6139639906703047e-09 +/- 8.81e-11 [40591 selected]
| >   graph_55    : 1.1312530365296250e-09 +/- 1.21e-11 [3986 selected]
| >   graph_56    : -4.1950354840185838e-09 +/- 1.28e-11 [2031 selected]
| >   graph_57    : -1.2897762230730413e-08 +/- 4.84e-11 [17931 selected]
| >   graph_58    : 4.0950258878425309e-11 +/- 2.10e-12 [1868 selected]
| >   graph_59    : 4.0686972089020151e-11 +/- 2.08e-12 [1910 selected]
| >   graph_60    : -6.9754973864005737e-11 +/- 2.11e-12 [1991 selected]
| >   graph_61    : 1.2607672017704255e-08 +/- 6.96e-11 [30487 selected]
| >   graph_62    : -2.1769879110365176e-24 +/- 2.45e-24 [2084 selected]
| >   graph_63    : -1.1585728626955442e-09 +/- 9.35e-12 [2061 selected]
| >   graph_64    : 8.2387710459415260e-10 +/- 3.60e-12 [1969 selected]
| >   sum         : 3.0331514191463963e-08
| >   total       : 3.0331514191464029e-08
| >   difference  : -6.6174449004242214e-23
[92mINFO[0m [94msymbolica_integrator l.7237[0m [96mt=2026-09-09,15:40:15.335[0m > Symbolica integration: starting iteration [92m68/100[0m using [94m1000000[0m points ...
[92mINFO[0m [94msymbolica_integrator l.7270[0m [96mt=2026-09-09,15:45:19.376[0m > ... result after this iteration:
| > Integration result after [92m68000000[0m evaluations in [92m911120.74 CPU-s[0m [94m(13398.8 µs / eval)[0m
| > Extremal weights:
| >   with jacobian    : 6.86453e+04 at xs = [1.2022270797178483e-05 5.1347871165060355e-01 4.9844193335264181e-01 1.4516739088301420e-01 6.1668961407828471e-01 8.5908706354626785e-01] | jacobian = 3.89981e+06
| >     momentum space  : k = [[-4.7916734390976243e-03, -4.0677616413366393e-04, 1.3537602410258231e+02]; [-2.1621547971222004e+01, -1.9473774833694030e+01, -6.1379768355896978e+01]]
| >   without jacobian : 3.91447e+04 at xs = [6.9227500098056595e-11 8.4609202719086396e-01 4.1932247795077110e-01 9.8421181277806566e-02 3.6083494962649804e-01 4.2896348320695171e-01] | jacobian = 1.05860e-04
| >     momentum space  : k = [[1.5219153965627792e-08, -2.2067080113806765e-08, 8.7023903973540399e+01]; [-2.7315361155387055e+01, 3.2668131218968895e+01, 9.6641901762219966e+00]]
| >   before clipping   : -2.55117e+07 at xs = [2.0214007142192894e-01 6.7355269817953467e-01 7.7233159137948548e-01 5.1992145336682813e-06 3.3776341695909373e-01 4.9975058707764103e-01]
| >     momentum space  : k = [[-3.0709207392714490e+01, -5.8939013448895608e+01, -7.6505962958815175e+01]; [-1.0895715515227733e-03, 1.7714314087560576e-03, 1.6295540371570851e-06]]
| > Stability pipeline: float pairs accepted = 92158932, HP pairs attempted/accepted = 2694731/2694731
| > Stability triggers: float mismatch = 2500394, float non-finite/error = 1202
| > HP precision escalations: attempted/accepted = 3654/3654
| > Higher-precision rejections: disagreement = 0, non-finite = 0, error = 0
| > Soft-mirror stability: pairs = 29322861, large-side triggers = 192160, HP orbits attempted/salvaged/failed = 2469198/2469198/0
| > Soft-mirror extrema: raw mirror = -9.09915e+09, post-average = -2.55117e+07
| > Strongest soft-mirror cancellation: residual/raw = 0.00000e+00
| > Unstable rotational-check points rejected = 0
| > Rotational-check high-precision retries = 2501596
| > Rotational-check high-precision salvaged = 2501596
| > Large-weight high-precision retries = 193135
| > Large-weight high-precision salvaged = 193135
| > Large-weight high-precision rejected = 0
| > Large-weight samples zeroed = 312 (4.588e-06 of samples; removed signed/absolute sums = 6.94414e+07/2.18638e+08)
| > Non-finite final outputs zeroed = 0
| > Non-finite float rotated evaluations seen = 55
| > Example higher-precision-retried xs = [2.6880750982012969e-01 1.7402049722655100e-01 6.0980772598890010e-02 9.9750773443479890e-01 3.0048234085139136e-01 8.2729716849149482e-01] | float rel = 1.44350e-07
| >     momentum space  : k = [[1.2864873913282938e+01, 2.4869169488989783e+01, 1.4436129598391815e+02]; [-2.5782389205217190e+04, 7.8539332094821817e+04, -1.3710486440690246e+05]]
| > Example large-weight higher-precision-retried xs = [1.9231173850990912e-01 6.5780162395444419e-01 8.8861886028403791e-01 7.0208850143205215e-04 5.4240755566925725e-01 5.0445441660376766e-01] | compiled = -1.10603e+04 | higher precision = -1.02451e-01
| >     momentum space  : k = [[-1.7873903535647262e+01, -2.7323121682648594e+01, -8.9469201105104602e+01]; [-2.7108866766462003e-01, -7.3992249469811575e-02, -3.9326328464896528e-03]]
| > Example NaN/non-finite rotated xs = [4.3974642111233074e-04 4.7267464511837748e-01 9.9995896344930690e-01 6.1497814457061539e-01 6.0079335026881553e-01 6.4637841020769249e-01]
| >     momentum space  : k = [[-2.2353286370510883e-05, 3.8760017987051835e-06, 1.2731159591423573e+03]; [-4.6150254078839635e+02, -3.3882885223629427e+02, -2.8355997629564860e+02]]
| > [92mCentral value[0m : +3.0321661166618415e-08   +/- 6.15e-10     ([91m2.029%[0m)
[92mINFO[0m [94msymbolica_integrator l.7274[0m [96mt=2026-09-09,15:45:19.377[0m > | > Graph-channel Symbolica observer estimates:
| >   graph_0     : -2.0660979127370487e-08 +/- 8.50e-11 [44673 selected]
| >   graph_1     : 3.4543000422662861e-10 +/- 5.89e-12 [1975 selected]
| >   graph_2     : -1.2838312184880299e-08 +/- 3.71e-11 [11589 selected]
| >   graph_3     : 1.1105956647987994e-10 +/- 1.09e-12 [1993 selected]
| >   graph_4     : -6.1840908864536479e-10 +/- 1.14e-11 [2033 selected]
| >   graph_5     : -3.8854186353191775e-11 +/- 1.25e-12 [1948 selected]
| >   graph_6     : -3.6459975837326003e-11 +/- 1.31e-12 [1947 selected]
| >   graph_7     : 6.4688225310319135e-11 +/- 1.89e-12 [1988 selected]
| >   graph_8     : -9.1537826176059707e-10 +/- 9.50e-12 [3370 selected]
| >   graph_9     : 1.0660696357409658e-09 +/- 1.03e-11 [3404 selected]
| >   graph_10    : -2.7563680390394622e-09 +/- 5.13e-11 [20349 selected]
| >   graph_11    : 2.1647322954146806e-27 +/- 2.19e-28 [1917 selected]
| >   graph_12    : -5.6077580718636133e-10 +/- 6.81e-12 [2570 selected]
| >   graph_13    : -1.1745054708012483e-08 +/- 6.38e-11 [29285 selected]
| >   graph_14    : 1.0966316388127279e-10 +/- 3.81e-13 [1942 selected]
| >   graph_15    : 2.2174395499838137e-24 +/- 3.76e-24 [1954 selected]
| >   graph_16    : 3.8769979569958799e-09 +/- 1.17e-11 [1976 selected]
| >   graph_17    : -3.6185008994398212e-10 +/- 1.25e-12 [1935 selected]
| >   graph_18    : 1.1986526450177095e-08 +/- 4.32e-11 [16311 selected]
| >   graph_19    : 1.0575145266432203e-09 +/- 4.63e-12 [2006 selected]
| >   graph_20    : -7.6145086606994894e-10 +/- 3.23e-12 [1960 selected]
| >   graph_21    : -8.7180739737694236e-10 +/- 1.02e-11 [3530 selected]
| >   graph_22    : -4.9570584670743141e-10 +/- 9.29e-12 [1978 selected]
| >   graph_23    : -2.8788457213185794e-10 +/- 8.09e-12 [1955 selected]
| >   graph_24    : 5.9022505066652819e-10 +/- 1.63e-11 [3329 selected]
| >   graph_25    : 4.2849647220049534e-10 +/- 1.00e-11 [1988 selected]
| >   graph_26    : -2.1435199363115690e-10 +/- 7.49e-13 [1961 selected]
| >   graph_27    : -2.7179832095716032e-11 +/- 9.21e-14 [1948 selected]
| >   graph_28    : -1.1661470449098329e-09 +/- 7.38e-12 [1949 selected]
| >   graph_29    : 6.8064450367248774e-08 +/- 1.07e-10 [59680 selected]
| >   graph_30    : -1.3605772159166360e-09 +/- 8.99e-11 [51892 selected]
| >   graph_31    : 4.0165179292966659e-11 +/- 3.76e-13 [1970 selected]
| >   graph_32    : -5.1906231310493365e-11 +/- 7.43e-12 [1948 selected]
| >   graph_33    : -1.8981581205831283e-09 +/- 2.18e-11 [5270 selected]
| >   graph_34    : 5.7441052642394085e-26 +/- 3.09e-26 [2052 selected]
| >   graph_35    : 2.5285218419121300e-08 +/- 1.05e-10 [69824 selected]
| >   graph_36    : -2.9289263865671330e-09 +/- 2.21e-11 [5997 selected]
| >   graph_37    : 1.6147654491691187e-08 +/- 5.74e-11 [24276 selected]
| >   graph_38    : 4.0145991204675259e-10 +/- 3.13e-12 [1934 selected]
| >   graph_39    : -7.6233439123015474e-09 +/- 3.69e-11 [11739 selected]
| >   graph_40    : -2.7451445475459010e-10 +/- 2.41e-10 [196005 selected]
| >   graph_41    : 1.7516064731296762e-09 +/- 1.59e-11 [5570 selected]
| >   graph_42    : 4.4200034610214532e-09 +/- 9.42e-11 [38891 selected]
| >   graph_43    : 3.1510812390280371e-09 +/- 2.33e-11 [6296 selected]
| >   graph_44    : 4.4591206343752956e-10 +/- 7.15e-12 [2396 selected]
| >   graph_45    : 2.3984983611987862e-10 +/- 8.12e-13 [1956 selected]
| >   graph_46    : -6.0870588816654955e-11 +/- 3.35e-13 [1983 selected]
| >   graph_47    : -6.0963576482658451e-09 +/- 4.86e-10 [187145 selected]
| >   graph_48    : -9.4653116667573819e-11 +/- 1.94e-12 [1891 selected]
| >   graph_49    : -3.4309274703492475e-08 +/- 6.44e-11 [25981 selected]
| >   graph_50    : 8.9663385968890530e-10 +/- 1.43e-11 [3358 selected]
| >   graph_51    : 5.7925572499553054e-09 +/- 1.75e-11 [2964 selected]
| >   graph_52    : 2.1496095957651099e-10 +/- 4.86e-12 [1998 selected]
| >   graph_53    : -8.1305208935731851e-10 +/- 1.34e-11 [4890 selected]
| >   graph_54    : -2.6262560144998954e-09 +/- 8.73e-11 [40026 selected]
| >   graph_55    : 1.1328129455131427e-09 +/- 1.20e-11 [3942 selected]
| >   graph_56    : -4.1958459238615572e-09 +/- 1.27e-11 [2114 selected]
| >   graph_57    : -1.2893831397814492e-08 +/- 4.80e-11 [18039 selected]
| >   graph_58    : 4.1042775254036608e-11 +/- 2.08e-12 [1930 selected]
| >   graph_59    : 4.0508308076289301e-11 +/- 2.06e-12 [1942 selected]
| >   graph_60    : -6.9519629967993877e-11 +/- 2.09e-12 [1915 selected]
| >   graph_61    : 1.2609282663585246e-08 +/- 6.89e-11 [30538 selected]
| >   graph_62    : -2.1876793533455465e-24 +/- 2.42e-24 [1979 selected]
| >   graph_63    : -1.1601202293360580e-09 +/- 9.28e-12 [1946 selected]
| >   graph_64    : 8.2396659597490125e-10 +/- 3.58e-12 [1960 selected]
| >   sum         : 3.0321661166618342e-08
| >   total       : 3.0321661166618415e-08
| >   difference  : -7.2791893904666435e-23
[92mINFO[0m [94msymbolica_integrator l.7237[0m [96mt=2026-09-09,15:45:19.377[0m > Symbolica integration: starting iteration [92m69/100[0m using [94m1000000[0m points ...
[92mINFO[0m [94msymbolica_integrator l.7270[0m [96mt=2026-09-09,15:52:50.132[0m > ... result after this iteration:
| > Integration result after [92m69000000[0m evaluations in [92m925685.88 CPU-s[0m [94m(13415.7 µs / eval)[0m
| > Extremal weights:
| >   with jacobian    : 6.86453e+04 at xs = [1.2022270797178483e-05 5.1347871165060355e-01 4.9844193335264181e-01 1.4516739088301420e-01 6.1668961407828471e-01 8.5908706354626785e-01] | jacobian = 3.89981e+06
| >     momentum space  : k = [[-4.7916734390976243e-03, -4.0677616413366393e-04, 1.3537602410258231e+02]; [-2.1621547971222004e+01, -1.9473774833694030e+01, -6.1379768355896978e+01]]
| >   without jacobian : 3.91447e+04 at xs = [6.9227500098056595e-11 8.4609202719086396e-01 4.1932247795077110e-01 9.8421181277806566e-02 3.6083494962649804e-01 4.2896348320695171e-01] | jacobian = 1.05860e-04
| >     momentum space  : k = [[1.5219153965627792e-08, -2.2067080113806765e-08, 8.7023903973540399e+01]; [-2.7315361155387055e+01, 3.2668131218968895e+01, 9.6641901762219966e+00]]
| >   before clipping   : -2.55117e+07 at xs = [2.0214007142192894e-01 6.7355269817953467e-01 7.7233159137948548e-01 5.1992145336682813e-06 3.3776341695909373e-01 4.9975058707764103e-01]
| >     momentum space  : k = [[-3.0709207392714490e+01, -5.8939013448895608e+01, -7.6505962958815175e+01]; [-1.0895715515227733e-03, 1.7714314087560576e-03, 1.6295540371570851e-06]]
| > Stability pipeline: float pairs accepted = 93505327, HP pairs attempted/accepted = 2735696/2735696
| > Stability triggers: float mismatch = 2538653, float non-finite/error = 1218
| > HP precision escalations: attempted/accepted = 3696/3696
| > Higher-precision rejections: disagreement = 0, non-finite = 0, error = 0
| > Soft-mirror stability: pairs = 29747995, large-side triggers = 194833, HP orbits attempted/salvaged/failed = 2506972/2506972/0
| > Soft-mirror extrema: raw mirror = -9.09915e+09, post-average = -2.55117e+07
| > Strongest soft-mirror cancellation: residual/raw = 0.00000e+00
| > Unstable rotational-check points rejected = 0
| > Rotational-check high-precision retries = 2539871
| > Rotational-check high-precision salvaged = 2539871
| > Large-weight high-precision retries = 195825
| > Large-weight high-precision salvaged = 195825
| > Large-weight high-precision rejected = 0
| > Large-weight samples zeroed = 314 (4.551e-06 of samples; removed signed/absolute sums = 6.94216e+07/2.18831e+08)
| > Non-finite final outputs zeroed = 0
| > Non-finite float rotated evaluations seen = 56
| > Example higher-precision-retried xs = [2.6880750982012969e-01 1.7402049722655100e-01 6.0980772598890010e-02 9.9750773443479890e-01 3.0048234085139136e-01 8.2729716849149482e-01] | float rel = 1.44350e-07
| >     momentum space  : k = [[1.2864873913282938e+01, 2.4869169488989783e+01, 1.4436129598391815e+02]; [-2.5782389205217190e+04, 7.8539332094821817e+04, -1.3710486440690246e+05]]
| > Example large-weight higher-precision-retried xs = [1.9231173850990912e-01 6.5780162395444419e-01 8.8861886028403791e-01 7.0208850143205215e-04 5.4240755566925725e-01 5.0445441660376766e-01] | compiled = -1.10603e+04 | higher precision = -1.02451e-01
| >     momentum space  : k = [[-1.7873903535647262e+01, -2.7323121682648594e+01, -8.9469201105104602e+01]; [-2.7108866766462003e-01, -7.3992249469811575e-02, -3.9326328464896528e-03]]
| > Example NaN/non-finite rotated xs = [4.3974642111233074e-04 4.7267464511837748e-01 9.9995896344930690e-01 6.1497814457061539e-01 6.0079335026881553e-01 6.4637841020769249e-01]
| >     momentum space  : k = [[-2.2353286370510883e-05, 3.8760017987051835e-06, 1.2731159591423573e+03]; [-4.6150254078839635e+02, -3.3882885223629427e+02, -2.8355997629564860e+02]]
| > [92mCentral value[0m : +3.0294076602785641e-08   +/- 6.07e-10     ([91m2.004%[0m)
[92mINFO[0m [94msymbolica_integrator l.7274[0m [96mt=2026-09-09,15:52:50.133[0m > | > Graph-channel Symbolica observer estimates:
| >   graph_0     : -2.0664733247814399e-08 +/- 8.41e-11 [44625 selected]
| >   graph_1     : 3.4359743615374302e-10 +/- 5.89e-12 [1968 selected]
| >   graph_2     : -1.2842548018315815e-08 +/- 3.68e-11 [11479 selected]
| >   graph_3     : 1.1111378340658174e-10 +/- 1.08e-12 [2002 selected]
| >   graph_4     : -6.1913290744252458e-10 +/- 1.13e-11 [1993 selected]
| >   graph_5     : -3.8669153069692884e-11 +/- 1.25e-12 [2010 selected]
| >   graph_6     : -3.6450883384105641e-11 +/- 1.30e-12 [1996 selected]
| >   graph_7     : 6.4598902143997476e-11 +/- 1.87e-12 [1970 selected]
| >   graph_8     : -9.1674088513395403e-10 +/- 9.43e-12 [3413 selected]
| >   graph_9     : 1.0657364000961229e-09 +/- 1.02e-11 [3383 selected]
| >   graph_10    : -2.7653296131979970e-09 +/- 5.11e-11 [20612 selected]
| >   graph_11    : 2.1614593664533373e-27 +/- 2.18e-28 [2000 selected]
| >   graph_12    : -5.6092513243328822e-10 +/- 6.76e-12 [2535 selected]
| >   graph_13    : -1.1750316844956346e-08 +/- 6.31e-11 [29257 selected]
| >   graph_14    : 1.0970436972761277e-10 +/- 3.78e-13 [2017 selected]
| >   graph_15    : 2.1591078247776879e-24 +/- 3.70e-24 [1896 selected]
| >   graph_16    : 3.8761656309041883e-09 +/- 1.16e-11 [1944 selected]
| >   graph_17    : -3.6176298709369195e-10 +/- 1.24e-12 [1949 selected]
| >   graph_18    : 1.1984692758621841e-08 +/- 4.27e-11 [16235 selected]
| >   graph_19    : 1.0578802077457537e-09 +/- 4.60e-12 [1937 selected]
| >   graph_20    : -7.6103288221286015e-10 +/- 3.20e-12 [1941 selected]
| >   graph_21    : -8.7094855503383629e-10 +/- 1.01e-11 [3583 selected]
| >   graph_22    : -4.9418988944990634e-10 +/- 9.24e-12 [1974 selected]
| >   graph_23    : -2.8802674644165479e-10 +/- 7.99e-12 [2006 selected]
| >   graph_24    : 5.9166561403300404e-10 +/- 1.61e-11 [3459 selected]
| >   graph_25    : 4.2977865934292636e-10 +/- 9.97e-12 [1959 selected]
| >   graph_26    : -2.1429196803625410e-10 +/- 7.42e-13 [1914 selected]
| >   graph_27    : -2.7201463858891026e-11 +/- 9.16e-14 [2026 selected]
| >   graph_28    : -1.1676881909120948e-09 +/- 7.33e-12 [2046 selected]
| >   graph_29    : 6.8071428508780020e-08 +/- 1.06e-10 [59885 selected]
| >   graph_30    : -1.3571212722763678e-09 +/- 8.88e-11 [51955 selected]
| >   graph_31    : 4.0200606986698460e-11 +/- 3.73e-13 [1925 selected]
| >   graph_32    : -5.1417800317901625e-11 +/- 7.37e-12 [1957 selected]
| >   graph_33    : -1.8938818753456154e-09 +/- 2.17e-11 [5087 selected]
| >   graph_34    : 5.9857593157073118e-26 +/- 3.06e-26 [1859 selected]
| >   graph_35    : 2.5279289752769444e-08 +/- 1.04e-10 [69281 selected]
| >   graph_36    : -2.9285377013987459e-09 +/- 2.19e-11 [5971 selected]
| >   graph_37    : 1.6134751525792984e-08 +/- 5.68e-11 [24114 selected]
| >   graph_38    : 4.0124012434896366e-10 +/- 3.11e-12 [1949 selected]
| >   graph_39    : -7.6210317214497009e-09 +/- 3.66e-11 [11814 selected]
| >   graph_40    : -2.6691772909247308e-10 +/- 2.38e-10 [195735 selected]
| >   graph_41    : 1.7519508184244913e-09 +/- 1.58e-11 [5460 selected]
| >   graph_42    : 4.4165668509956459e-09 +/- 9.31e-11 [39048 selected]
| >   graph_43    : 3.1546158729129199e-09 +/- 2.32e-11 [6329 selected]
| >   graph_44    : 4.4520261801760108e-10 +/- 7.10e-12 [2449 selected]
| >   graph_45    : 2.3978154680248123e-10 +/- 8.05e-13 [1916 selected]
| >   graph_46    : -6.0857233713074223e-11 +/- 3.32e-13 [2026 selected]
| >   graph_47    : -6.1137375834488398e-09 +/- 4.79e-10 [186726 selected]
| >   graph_48    : -9.4343537413386290e-11 +/- 1.93e-12 [2012 selected]
| >   graph_49    : -3.4304059050218780e-08 +/- 6.38e-11 [25865 selected]
| >   graph_50    : 8.9707434077053816e-10 +/- 1.41e-11 [3338 selected]
| >   graph_51    : 5.7960549389687677e-09 +/- 1.73e-11 [3083 selected]
| >   graph_52    : 2.1441070179708408e-10 +/- 4.83e-12 [1934 selected]
| >   graph_53    : -8.1446504978580588e-10 +/- 1.33e-11 [4761 selected]
| >   graph_54    : -2.6227691102488378e-09 +/- 8.62e-11 [40273 selected]
| >   graph_55    : 1.1336464000909983e-09 +/- 1.19e-11 [4034 selected]
| >   graph_56    : -4.1962663383652842e-09 +/- 1.26e-11 [2140 selected]
| >   graph_57    : -1.2898818797320008e-08 +/- 4.75e-11 [18303 selected]
| >   graph_58    : 4.1210945167889704e-11 +/- 2.06e-12 [1909 selected]
| >   graph_59    : 4.0538917925636313e-11 +/- 2.05e-12 [1991 selected]
| >   graph_60    : -6.8775423253512939e-11 +/- 2.08e-12 [1982 selected]
| >   graph_61    : 1.2611760233463336e-08 +/- 6.84e-11 [30928 selected]
| >   graph_62    : -2.0804369147159557e-24 +/- 2.38e-24 [1898 selected]
| >   graph_63    : -1.1617360127265475e-09 +/- 9.23e-12 [2007 selected]
| >   graph_64    : 8.2414374175648693e-10 +/- 3.55e-12 [1927 selected]
| >   sum         : 3.0294076602785562e-08
| >   total       : 3.0294076602785641e-08
| >   difference  : -7.9409338805090657e-23
[92mINFO[0m [94msymbolica_integrator l.7237[0m [96mt=2026-09-09,15:52:50.133[0m > Symbolica integration: starting iteration [92m70/100[0m using [94m1000000[0m points ...
[92mINFO[0m [94msymbolica_integrator l.7270[0m [96mt=2026-09-09,15:59:21.689[0m > ... result after this iteration:
| > Integration result after [92m70000000[0m evaluations in [92m941696.28 CPU-s[0m [94m(13452.8 µs / eval)[0m
| > Extremal weights:
| >   with jacobian    : 6.86453e+04 at xs = [1.2022270797178483e-05 5.1347871165060355e-01 4.9844193335264181e-01 1.4516739088301420e-01 6.1668961407828471e-01 8.5908706354626785e-01] | jacobian = 3.89981e+06
| >     momentum space  : k = [[-4.7916734390976243e-03, -4.0677616413366393e-04, 1.3537602410258231e+02]; [-2.1621547971222004e+01, -1.9473774833694030e+01, -6.1379768355896978e+01]]
| >   without jacobian : 3.91447e+04 at xs = [6.9227500098056595e-11 8.4609202719086396e-01 4.1932247795077110e-01 9.8421181277806566e-02 3.6083494962649804e-01 4.2896348320695171e-01] | jacobian = 1.05860e-04
| >     momentum space  : k = [[1.5219153965627792e-08, -2.2067080113806765e-08, 8.7023903973540399e+01]; [-2.7315361155387055e+01, 3.2668131218968895e+01, 9.6641901762219966e+00]]
| >   before clipping   : 2.77627e+07 at xs = [1.2621573356944467e-07 4.0622681547034613e-02 4.9991243587330625e-01 1.5142333099317212e-01 9.4166306236820463e-01 6.0510737373729140e-01]
| >     momentum space  : k = [[4.8850681703792525e-05, 1.2746653352121141e-05, 1.4225102275936715e+02]; [6.3036167153096578e+01, -2.4198955389115497e+01, -2.3143213026048883e+01]]
| > Stability pipeline: float pairs accepted = 94853784, HP pairs attempted/accepted = 2776100/2776100
| > Stability triggers: float mismatch = 2576169, float non-finite/error = 1239
| > HP precision escalations: attempted/accepted = 3738/3738
| > Higher-precision rejections: disagreement = 0, non-finite = 0, error = 0
| > Soft-mirror stability: pairs = 30173949, large-side triggers = 197679, HP orbits attempted/salvaged/failed = 2544065/2544065/0
| > Soft-mirror extrema: raw mirror = -9.09915e+09, post-average = 2.77627e+07
| > Strongest soft-mirror cancellation: residual/raw = 0.00000e+00
| > Unstable rotational-check points rejected = 0
| > Rotational-check high-precision retries = 2577408
| > Rotational-check high-precision salvaged = 2577408
| > Large-weight high-precision retries = 198692
| > Large-weight high-precision salvaged = 198692
| > Large-weight high-precision rejected = 0
| > Large-weight samples zeroed = 318 (4.543e-06 of samples; removed signed/absolute sums = 9.77066e+07/2.47116e+08)
| > Non-finite final outputs zeroed = 0
| > Non-finite float rotated evaluations seen = 56
| > Example higher-precision-retried xs = [2.6880750982012969e-01 1.7402049722655100e-01 6.0980772598890010e-02 9.9750773443479890e-01 3.0048234085139136e-01 8.2729716849149482e-01] | float rel = 1.44350e-07
| >     momentum space  : k = [[1.2864873913282938e+01, 2.4869169488989783e+01, 1.4436129598391815e+02]; [-2.5782389205217190e+04, 7.8539332094821817e+04, -1.3710486440690246e+05]]
| > Example large-weight higher-precision-retried xs = [1.9231173850990912e-01 6.5780162395444419e-01 8.8861886028403791e-01 7.0208850143205215e-04 5.4240755566925725e-01 5.0445441660376766e-01] | compiled = -1.10603e+04 | higher precision = -1.02451e-01
| >     momentum space  : k = [[-1.7873903535647262e+01, -2.7323121682648594e+01, -8.9469201105104602e+01]; [-2.7108866766462003e-01, -7.3992249469811575e-02, -3.9326328464896528e-03]]
| > Example NaN/non-finite rotated xs = [4.3974642111233074e-04 4.7267464511837748e-01 9.9995896344930690e-01 6.1497814457061539e-01 6.0079335026881553e-01 6.4637841020769249e-01]
| >     momentum space  : k = [[-2.2353286370510883e-05, 3.8760017987051835e-06, 1.2731159591423573e+03]; [-4.6150254078839635e+02, -3.3882885223629427e+02, -2.8355997629564860e+02]]
| > [92mCentral value[0m : +3.0323119867941321e-08   +/- 5.99e-10     ([91m1.976%[0m)
[92mINFO[0m [94msymbolica_integrator l.7274[0m [96mt=2026-09-09,15:59:21.690[0m > | > Graph-channel Symbolica observer estimates:
| >   graph_0     : -2.0664045096850872e-08 +/- 8.33e-11 [44924 selected]
| >   graph_1     : 3.4400039453951600e-10 +/- 5.84e-12 [1992 selected]
| >   graph_2     : -1.2840124599887460e-08 +/- 3.65e-11 [11638 selected]
| >   graph_3     : 1.1120812436664180e-10 +/- 1.08e-12 [1978 selected]
| >   graph_4     : -6.1750524940299171e-10 +/- 1.13e-11 [2000 selected]
| >   graph_5     : -3.8563001634326420e-11 +/- 1.24e-12 [1947 selected]
| >   graph_6     : -3.6597929319208128e-11 +/- 1.29e-12 [1952 selected]
| >   graph_7     : 6.4926995305931566e-11 +/- 1.86e-12 [1909 selected]
| >   graph_8     : -9.1825077629945850e-10 +/- 9.35e-12 [3430 selected]
| >   graph_9     : 1.0660369115969028e-09 +/- 1.02e-11 [3296 selected]
| >   graph_10    : -2.7715835683680612e-09 +/- 5.05e-11 [20770 selected]
| >   graph_11    : 2.1361040631852990e-27 +/- 2.16e-28 [1933 selected]
| >   graph_12    : -5.6150085876629287e-10 +/- 6.71e-12 [2528 selected]
| >   graph_13    : -1.1745588193582980e-08 +/- 6.24e-11 [29362 selected]
| >   graph_14    : 1.0970095193554341e-10 +/- 3.75e-13 [1973 selected]
| >   graph_15    : 2.1321228863778527e-24 +/- 3.65e-24 [1905 selected]
| >   graph_16    : 3.8771309576032979e-09 +/- 1.15e-11 [1975 selected]
| >   graph_17    : -3.6174540665825055e-10 +/- 1.23e-12 [1937 selected]
| >   graph_18    : 1.1984197002153702e-08 +/- 4.23e-11 [16283 selected]
| >   graph_19    : 1.0586542493915586e-09 +/- 4.57e-12 [2039 selected]
| >   graph_20    : -7.6107802983196646e-10 +/- 3.18e-12 [1933 selected]
| >   graph_21    : -8.7228893164166916e-10 +/- 9.99e-12 [3585 selected]
| >   graph_22    : -4.9252816899845578e-10 +/- 9.17e-12 [1943 selected]
| >   graph_23    : -2.8885175114418148e-10 +/- 7.94e-12 [2059 selected]
| >   graph_24    : 5.9032006466466270e-10 +/- 1.60e-11 [3411 selected]
| >   graph_25    : 4.2930611077706968e-10 +/- 9.90e-12 [1952 selected]
| >   graph_26    : -2.1421714549716314e-10 +/- 7.36e-13 [1932 selected]
| >   graph_27    : -2.7199755330851518e-11 +/- 9.09e-14 [1916 selected]
| >   graph_28    : -1.1670694662324838e-09 +/- 7.28e-12 [1966 selected]
| >   graph_29    : 6.8074881384988251e-08 +/- 1.05e-10 [59794 selected]
| >   graph_30    : -1.3496913469591512e-09 +/- 8.78e-11 [52020 selected]
| >   graph_31    : 4.0161730084934715e-11 +/- 3.70e-13 [1924 selected]
| >   graph_32    : -5.1136867386379539e-11 +/- 7.31e-12 [1913 selected]
| >   graph_33    : -1.8954542916022683e-09 +/- 2.15e-11 [5052 selected]
| >   graph_34    : 6.5546980575935188e-26 +/- 3.04e-26 [1896 selected]
| >   graph_35    : 2.5267002969106536e-08 +/- 1.03e-10 [69573 selected]
| >   graph_36    : -2.9281473552803948e-09 +/- 2.17e-11 [6017 selected]
| >   graph_37    : 1.6137495169832488e-08 +/- 5.63e-11 [24416 selected]
| >   graph_38    : 4.0110993806619738e-10 +/- 3.08e-12 [1948 selected]
| >   graph_39    : -7.6195311591197209e-09 +/- 3.63e-11 [11833 selected]
| >   graph_40    : -2.7835741537227064e-10 +/- 2.35e-10 [195445 selected]
| >   graph_41    : 1.7497964092342980e-09 +/- 1.57e-11 [5495 selected]
| >   graph_42    : 4.4245935557329062e-09 +/- 9.19e-11 [39167 selected]
| >   graph_43    : 3.1572442331026670e-09 +/- 2.30e-11 [6365 selected]
| >   graph_44    : 4.4508428007546676e-10 +/- 7.05e-12 [2291 selected]
| >   graph_45    : 2.3962734061703173e-10 +/- 7.99e-13 [1885 selected]
| >   graph_46    : -6.0934857182011551e-11 +/- 3.29e-13 [1982 selected]
| >   graph_47    : -6.1122474011852347e-09 +/- 4.72e-10 [186361 selected]
| >   graph_48    : -9.4439606592241626e-11 +/- 1.91e-12 [1911 selected]
| >   graph_49    : -3.4315511113348732e-08 +/- 6.32e-11 [25946 selected]
| >   graph_50    : 8.9580081558059472e-10 +/- 1.40e-11 [3260 selected]
| >   graph_51    : 5.7946342042978724e-09 +/- 1.72e-11 [2943 selected]
| >   graph_52    : 2.1555210319206428e-10 +/- 4.79e-12 [1943 selected]
| >   graph_53    : -8.1426916642948124e-10 +/- 1.32e-11 [4786 selected]
| >   graph_54    : -2.6060111950506626e-09 +/- 8.52e-11 [40445 selected]
| >   graph_55    : 1.1361288734197986e-09 +/- 1.18e-11 [4028 selected]
| >   graph_56    : -4.1956960193040883e-09 +/- 1.25e-11 [2060 selected]
| >   graph_57    : -1.2900021073047555e-08 +/- 4.70e-11 [17956 selected]
| >   graph_58    : 4.1049386998699354e-11 +/- 2.05e-12 [1992 selected]
| >   graph_59    : 4.0585357736333809e-11 +/- 2.03e-12 [1920 selected]
| >   graph_60    : -6.8798057537378603e-11 +/- 2.06e-12 [2021 selected]
| >   graph_61    : 1.2631966837412469e-08 +/- 6.90e-11 [31192 selected]
| >   graph_62    : -2.0390866282111591e-24 +/- 2.35e-24 [1853 selected]
| >   graph_63    : -1.1603483838823208e-09 +/- 9.17e-12 [1939 selected]
| >   graph_64    : 8.2425675485435875e-10 +/- 3.52e-12 [1960 selected]
| >   sum         : 3.0323119867941229e-08
| >   total       : 3.0323119867941321e-08
| >   difference  : -9.2644228605939100e-23
[92mINFO[0m [94msymbolica_integrator l.7237[0m [96mt=2026-09-09,15:59:21.690[0m > Symbolica integration: starting iteration [92m71/100[0m using [94m1000000[0m points ...
[92mINFO[0m [94msymbolica_integrator l.7270[0m [96mt=2026-09-09,16:05:24.732[0m > ... result after this iteration:
| > Integration result after [92m71000000[0m evaluations in [92m957276.51 CPU-s[0m [94m(13482.8 µs / eval)[0m
| > Extremal weights:
| >   with jacobian    : 6.86453e+04 at xs = [1.2022270797178483e-05 5.1347871165060355e-01 4.9844193335264181e-01 1.4516739088301420e-01 6.1668961407828471e-01 8.5908706354626785e-01] | jacobian = 3.89981e+06
| >     momentum space  : k = [[-4.7916734390976243e-03, -4.0677616413366393e-04, 1.3537602410258231e+02]; [-2.1621547971222004e+01, -1.9473774833694030e+01, -6.1379768355896978e+01]]
| >   without jacobian : 3.91447e+04 at xs = [6.9227500098056595e-11 8.4609202719086396e-01 4.1932247795077110e-01 9.8421181277806566e-02 3.6083494962649804e-01 4.2896348320695171e-01] | jacobian = 1.05860e-04
| >     momentum space  : k = [[1.5219153965627792e-08, -2.2067080113806765e-08, 8.7023903973540399e+01]; [-2.7315361155387055e+01, 3.2668131218968895e+01, 9.6641901762219966e+00]]
| >   before clipping   : 2.77627e+07 at xs = [1.2621573356944467e-07 4.0622681547034613e-02 4.9991243587330625e-01 1.5142333099317212e-01 9.4166306236820463e-01 6.0510737373729140e-01]
| >     momentum space  : k = [[4.8850681703792525e-05, 1.2746653352121141e-05, 1.4225102275936715e+02]; [6.3036167153096578e+01, -2.4198955389115497e+01, -2.3143213026048883e+01]]
| > Stability pipeline: float pairs accepted = 96185599, HP pairs attempted/accepted = 2825348/2825348
| > Stability triggers: float mismatch = 2621610, float non-finite/error = 1269
| > HP precision escalations: attempted/accepted = 3819/3819
| > Higher-precision rejections: disagreement = 0, non-finite = 0, error = 0
| > Soft-mirror stability: pairs = 30601160, large-side triggers = 201447, HP orbits attempted/salvaged/failed = 2590213/2590213/0
| > Soft-mirror extrema: raw mirror = -9.09915e+09, post-average = 2.77627e+07
| > Strongest soft-mirror cancellation: residual/raw = 0.00000e+00
| > Unstable rotational-check points rejected = 0
| > Rotational-check high-precision retries = 2622879
| > Rotational-check high-precision salvaged = 2622879
| > Large-weight high-precision retries = 202469
| > Large-weight high-precision salvaged = 202469
| > Large-weight high-precision rejected = 0
| > Large-weight samples zeroed = 332 (4.676e-06 of samples; removed signed/absolute sums = 9.77016e+07/2.49474e+08)
| > Non-finite final outputs zeroed = 0
| > Non-finite float rotated evaluations seen = 58
| > Example higher-precision-retried xs = [2.6880750982012969e-01 1.7402049722655100e-01 6.0980772598890010e-02 9.9750773443479890e-01 3.0048234085139136e-01 8.2729716849149482e-01] | float rel = 1.44350e-07
| >     momentum space  : k = [[1.2864873913282938e+01, 2.4869169488989783e+01, 1.4436129598391815e+02]; [-2.5782389205217190e+04, 7.8539332094821817e+04, -1.3710486440690246e+05]]
| > Example large-weight higher-precision-retried xs = [1.9231173850990912e-01 6.5780162395444419e-01 8.8861886028403791e-01 7.0208850143205215e-04 5.4240755566925725e-01 5.0445441660376766e-01] | compiled = -1.10603e+04 | higher precision = -1.02451e-01
| >     momentum space  : k = [[-1.7873903535647262e+01, -2.7323121682648594e+01, -8.9469201105104602e+01]; [-2.7108866766462003e-01, -7.3992249469811575e-02, -3.9326328464896528e-03]]
| > Example NaN/non-finite rotated xs = [4.3974642111233074e-04 4.7267464511837748e-01 9.9995896344930690e-01 6.1497814457061539e-01 6.0079335026881553e-01 6.4637841020769249e-01]
| >     momentum space  : k = [[-2.2353286370510883e-05, 3.8760017987051835e-06, 1.2731159591423573e+03]; [-4.6150254078839635e+02, -3.3882885223629427e+02, -2.8355997629564860e+02]]
| > [92mCentral value[0m : +3.0304658784067253e-08   +/- 5.91e-10     ([91m1.951%[0m)
[92mINFO[0m [94msymbolica_integrator l.7274[0m [96mt=2026-09-09,16:05:24.733[0m > | > Graph-channel Symbolica observer estimates:
| >   graph_0     : -2.0669904268906155e-08 +/- 8.25e-11 [45016 selected]
| >   graph_1     : 3.4389410351373741e-10 +/- 5.79e-12 [1917 selected]
| >   graph_2     : -1.2842252142863508e-08 +/- 3.62e-11 [11487 selected]
| >   graph_3     : 1.1118592870306672e-10 +/- 1.07e-12 [1994 selected]
| >   graph_4     : -6.1717714922582373e-10 +/- 1.12e-11 [1987 selected]
| >   graph_5     : -3.8464188287703023e-11 +/- 1.23e-12 [1886 selected]
| >   graph_6     : -3.6722999341686335e-11 +/- 1.28e-12 [1945 selected]
| >   graph_7     : 6.5519766003840048e-11 +/- 1.85e-12 [2027 selected]
| >   graph_8     : -9.2080016075107085e-10 +/- 9.28e-12 [3414 selected]
| >   graph_9     : 1.0653106758518258e-09 +/- 1.01e-11 [3488 selected]
| >   graph_10    : -2.7735808312145071e-09 +/- 5.00e-11 [20477 selected]
| >   graph_11    : 2.1533333780151280e-27 +/- 2.15e-28 [1971 selected]
| >   graph_12    : -5.6218723497924272e-10 +/- 6.66e-12 [2529 selected]
| >   graph_13    : -1.1750038964476588e-08 +/- 6.19e-11 [29111 selected]
| >   graph_14    : 1.0962386287777688e-10 +/- 3.72e-13 [1854 selected]
| >   graph_15    : 2.0978025635062443e-24 +/- 3.60e-24 [1958 selected]
| >   graph_16    : 3.8755430909191726e-09 +/- 1.15e-11 [1881 selected]
| >   graph_17    : -3.6185555503724182e-10 +/- 1.22e-12 [2020 selected]
| >   graph_18    : 1.1985736364483292e-08 +/- 4.18e-11 [16234 selected]
| >   graph_19    : 1.0586513454889472e-09 +/- 4.54e-12 [1989 selected]
| >   graph_20    : -7.6109053371118479e-10 +/- 3.16e-12 [1916 selected]
| >   graph_21    : -8.7323959314382452e-10 +/- 9.91e-12 [3665 selected]
| >   graph_22    : -4.9248642447305898e-10 +/- 9.08e-12 [1912 selected]
| >   graph_23    : -2.8919101400630249e-10 +/- 7.84e-12 [1890 selected]
| >   graph_24    : 5.9147186386215688e-10 +/- 1.59e-11 [3375 selected]
| >   graph_25    : 4.2919663023669598e-10 +/- 9.84e-12 [1914 selected]
| >   graph_26    : -2.1414267730229174e-10 +/- 7.30e-13 [1962 selected]
| >   graph_27    : -2.7188928838805573e-11 +/- 9.02e-14 [1881 selected]
| >   graph_28    : -1.1657498732288963e-09 +/- 7.23e-12 [1913 selected]
| >   graph_29    : 6.8073367673251100e-08 +/- 1.04e-10 [59902 selected]
| >   graph_30    : -1.3521098944649470e-09 +/- 8.66e-11 [51834 selected]
| >   graph_31    : 4.0088103148119004e-11 +/- 3.68e-13 [2042 selected]
| >   graph_32    : -5.0712097632551859e-11 +/- 7.27e-12 [1881 selected]
| >   graph_33    : -1.8933787923633527e-09 +/- 2.13e-11 [5298 selected]
| >   graph_34    : 6.3412063052990821e-26 +/- 3.01e-26 [1896 selected]
| >   graph_35    : 2.5267508671080352e-08 +/- 1.02e-10 [71023 selected]
| >   graph_36    : -2.9302651519631339e-09 +/- 2.16e-11 [5880 selected]
| >   graph_37    : 1.6142308724724783e-08 +/- 5.58e-11 [24536 selected]
| >   graph_38    : 4.0060132479957388e-10 +/- 3.06e-12 [1905 selected]
| >   graph_39    : -7.6216761009792326e-09 +/- 3.60e-11 [11792 selected]
| >   graph_40    : -2.8135354356863316e-10 +/- 2.32e-10 [195118 selected]
| >   graph_41    : 1.7484855840797863e-09 +/- 1.56e-11 [5619 selected]
| >   graph_42    : 4.4275235589789797e-09 +/- 9.09e-11 [38915 selected]
| >   graph_43    : 3.1544362349788916e-09 +/- 2.28e-11 [6438 selected]
| >   graph_44    : 4.4507469767361687e-10 +/- 6.99e-12 [2450 selected]
| >   graph_45    : 2.3959765366077838e-10 +/- 7.93e-13 [1927 selected]
| >   graph_46    : -6.0944531577418063e-11 +/- 3.26e-13 [1935 selected]
| >   graph_47    : -6.1273413676258884e-09 +/- 4.65e-10 [184947 selected]
| >   graph_48    : -9.4264633760108619e-11 +/- 1.90e-12 [1950 selected]
| >   graph_49    : -3.4305867243949814e-08 +/- 6.27e-11 [25931 selected]
| >   graph_50    : 8.9512899537841462e-10 +/- 1.39e-11 [3244 selected]
| >   graph_51    : 5.7936257871829600e-09 +/- 1.71e-11 [3011 selected]
| >   graph_52    : 2.1596212279060038e-10 +/- 4.76e-12 [1974 selected]
| >   graph_53    : -8.1429242380192508e-10 +/- 1.31e-11 [4691 selected]
| >   graph_54    : -2.5998482927185000e-09 +/- 8.42e-11 [40689 selected]
| >   graph_55    : 1.1344899935145050e-09 +/- 1.18e-11 [3929 selected]
| >   graph_56    : -4.1941554486652094e-09 +/- 1.24e-11 [2010 selected]
| >   graph_57    : -1.2902987052754786e-08 +/- 4.66e-11 [18038 selected]
| >   graph_58    : 4.1058782708912021e-11 +/- 2.04e-12 [1913 selected]
| >   graph_59    : 4.0611623508388677e-11 +/- 2.02e-12 [1931 selected]
| >   graph_60    : -6.8506083139652397e-11 +/- 2.05e-12 [1924 selected]
| >   graph_61    : 1.2638336679569559e-08 +/- 6.84e-11 [31878 selected]
| >   graph_62    : -2.0418511188203065e-24 +/- 2.32e-24 [1952 selected]
| >   graph_63    : -1.1611393390637893e-09 +/- 9.11e-12 [2012 selected]
| >   graph_64    : 8.2523347891417464e-10 +/- 3.50e-12 [1972 selected]
| >   sum         : 3.0304658784067174e-08
| >   total       : 3.0304658784067253e-08
| >   difference  : -7.9409338805090657e-23
[92mINFO[0m [94msymbolica_integrator l.7237[0m [96mt=2026-09-09,16:05:24.733[0m > Symbolica integration: starting iteration [92m72/100[0m using [94m1000000[0m points ...
[92mINFO[0m [94msymbolica_integrator l.7270[0m [96mt=2026-09-09,16:11:48.051[0m > ... result after this iteration:
| > Integration result after [92m72000000[0m evaluations in [92m972689.45 CPU-s[0m [94m(13509.6 µs / eval)[0m
| > Extremal weights:
| >   with jacobian    : 6.86453e+04 at xs = [1.2022270797178483e-05 5.1347871165060355e-01 4.9844193335264181e-01 1.4516739088301420e-01 6.1668961407828471e-01 8.5908706354626785e-01] | jacobian = 3.89981e+06
| >     momentum space  : k = [[-4.7916734390976243e-03, -4.0677616413366393e-04, 1.3537602410258231e+02]; [-2.1621547971222004e+01, -1.9473774833694030e+01, -6.1379768355896978e+01]]
| >   without jacobian : 3.91447e+04 at xs = [6.9227500098056595e-11 8.4609202719086396e-01 4.1932247795077110e-01 9.8421181277806566e-02 3.6083494962649804e-01 4.2896348320695171e-01] | jacobian = 1.05860e-04
| >     momentum space  : k = [[1.5219153965627792e-08, -2.2067080113806765e-08, 8.7023903973540399e+01]; [-2.7315361155387055e+01, 3.2668131218968895e+01, 9.6641901762219966e+00]]
| >   before clipping   : 2.77627e+07 at xs = [1.2621573356944467e-07 4.0622681547034613e-02 4.9991243587330625e-01 1.5142333099317212e-01 9.4166306236820463e-01 6.0510737373729140e-01]
| >     momentum space  : k = [[4.8850681703792525e-05, 1.2746653352121141e-05, 1.4225102275936715e+02]; [6.3036167153096578e+01, -2.4198955389115497e+01, -2.3143213026048883e+01]]
| > Stability pipeline: float pairs accepted = 97527242, HP pairs attempted/accepted = 2869623/2869623
| > Stability triggers: float mismatch = 2662925, float non-finite/error = 1292
| > HP precision escalations: attempted/accepted = 3893/3893
| > Higher-precision rejections: disagreement = 0, non-finite = 0, error = 0
| > Soft-mirror stability: pairs = 31028324, large-side triggers = 204370, HP orbits attempted/salvaged/failed = 2631459/2631459/0
| > Soft-mirror extrema: raw mirror = -9.09915e+09, post-average = 2.77627e+07
| > Strongest soft-mirror cancellation: residual/raw = 0.00000e+00
| > Unstable rotational-check points rejected = 0
| > Rotational-check high-precision retries = 2664217
| > Rotational-check high-precision salvaged = 2664217
| > Large-weight high-precision retries = 205406
| > Large-weight high-precision salvaged = 205406
| > Large-weight high-precision rejected = 0
| > Large-weight samples zeroed = 336 (4.667e-06 of samples; removed signed/absolute sums = 9.91980e+07/2.52611e+08)
| > Non-finite final outputs zeroed = 0
| > Non-finite float rotated evaluations seen = 59
| > Example higher-precision-retried xs = [2.6880750982012969e-01 1.7402049722655100e-01 6.0980772598890010e-02 9.9750773443479890e-01 3.0048234085139136e-01 8.2729716849149482e-01] | float rel = 1.44350e-07
| >     momentum space  : k = [[1.2864873913282938e+01, 2.4869169488989783e+01, 1.4436129598391815e+02]; [-2.5782389205217190e+04, 7.8539332094821817e+04, -1.3710486440690246e+05]]
| > Example large-weight higher-precision-retried xs = [1.9231173850990912e-01 6.5780162395444419e-01 8.8861886028403791e-01 7.0208850143205215e-04 5.4240755566925725e-01 5.0445441660376766e-01] | compiled = -1.10603e+04 | higher precision = -1.02451e-01
| >     momentum space  : k = [[-1.7873903535647262e+01, -2.7323121682648594e+01, -8.9469201105104602e+01]; [-2.7108866766462003e-01, -7.3992249469811575e-02, -3.9326328464896528e-03]]
| > Example NaN/non-finite rotated xs = [4.3974642111233074e-04 4.7267464511837748e-01 9.9995896344930690e-01 6.1497814457061539e-01 6.0079335026881553e-01 6.4637841020769249e-01]
| >     momentum space  : k = [[-2.2353286370510883e-05, 3.8760017987051835e-06, 1.2731159591423573e+03]; [-4.6150254078839635e+02, -3.3882885223629427e+02, -2.8355997629564860e+02]]
| > [92mCentral value[0m : +3.0350875456856618e-08   +/- 5.84e-10     ([91m1.926%[0m)
[92mINFO[0m [94msymbolica_integrator l.7274[0m [96mt=2026-09-09,16:11:48.052[0m > | > Graph-channel Symbolica observer estimates:
| >   graph_0     : -2.0679365053322034e-08 +/- 8.17e-11 [45121 selected]
| >   graph_1     : 3.4396943105186758e-10 +/- 5.75e-12 [1992 selected]
| >   graph_2     : -1.2841170368222522e-08 +/- 3.59e-11 [11382 selected]
| >   graph_3     : 1.1111397715824721e-10 +/- 1.06e-12 [1941 selected]
| >   graph_4     : -6.1891768273825421e-10 +/- 1.11e-11 [2056 selected]
| >   graph_5     : -3.8297078581759898e-11 +/- 1.22e-12 [1910 selected]
| >   graph_6     : -3.6682630559804764e-11 +/- 1.27e-12 [1920 selected]
| >   graph_7     : 6.5758821299640489e-11 +/- 1.84e-12 [1985 selected]
| >   graph_8     : -9.2258409507435907e-10 +/- 9.21e-12 [3494 selected]
| >   graph_9     : 1.0655588472775483e-09 +/- 1.00e-11 [3480 selected]
| >   graph_10    : -2.7703901452676964e-09 +/- 4.95e-11 [20628 selected]
| >   graph_11    : 2.1700136511476307e-27 +/- 2.14e-28 [1965 selected]
| >   graph_12    : -5.6270828822688898e-10 +/- 6.61e-12 [2476 selected]
| >   graph_13    : -1.1739124583683163e-08 +/- 6.12e-11 [29367 selected]
| >   graph_14    : 1.0958654717100918e-10 +/- 3.68e-13 [1904 selected]
| >   graph_15    : 2.0635928534472951e-24 +/- 3.55e-24 [2005 selected]
| >   graph_16    : 3.8752683421975042e-09 +/- 1.14e-11 [1935 selected]
| >   graph_17    : -3.6192467796380677e-10 +/- 1.21e-12 [2015 selected]
| >   graph_18    : 1.1986148783502094e-08 +/- 4.14e-11 [16302 selected]
| >   graph_19    : 1.0585745005247865e-09 +/- 4.51e-12 [1938 selected]
| >   graph_20    : -7.6127318988557325e-10 +/- 3.14e-12 [1993 selected]
| >   graph_21    : -8.7318965384356446e-10 +/- 9.84e-12 [3609 selected]
| >   graph_22    : -4.9475192638839791e-10 +/- 9.05e-12 [1971 selected]
| >   graph_23    : -2.8899129370469211e-10 +/- 7.74e-12 [1934 selected]
| >   graph_24    : 5.9302294029445236e-10 +/- 1.58e-11 [3432 selected]
| >   graph_25    : 4.2976809462562224e-10 +/- 9.78e-12 [1974 selected]
| >   graph_26    : -2.1423223625374617e-10 +/- 7.24e-13 [2061 selected]
| >   graph_27    : -2.7192165724773324e-11 +/- 8.96e-14 [1966 selected]
| >   graph_28    : -1.1661321441968880e-09 +/- 7.18e-12 [1970 selected]
| >   graph_29    : 6.8108384426300611e-08 +/- 1.06e-10 [60007 selected]
| >   graph_30    : -1.3570948658834799e-09 +/- 8.56e-11 [51823 selected]
| >   graph_31    : 4.0109502364433781e-11 +/- 3.65e-13 [1886 selected]
| >   graph_32    : -5.0612572494790923e-11 +/- 7.22e-12 [1917 selected]
| >   graph_33    : -1.8852224248157172e-09 +/- 2.17e-11 [5095 selected]
| >   graph_34    : 5.8733224226917116e-26 +/- 2.98e-26 [1927 selected]
| >   graph_35    : 2.5275475720770668e-08 +/- 1.01e-10 [70636 selected]
| >   graph_36    : -2.9291871946194261e-09 +/- 2.14e-11 [5888 selected]
| >   graph_37    : 1.6140043040977900e-08 +/- 5.54e-11 [24496 selected]
| >   graph_38    : 3.9997729026226782e-10 +/- 3.04e-12 [1800 selected]
| >   graph_39    : -7.6167280175956245e-09 +/- 3.57e-11 [11870 selected]
| >   graph_40    : -2.8580233966068577e-10 +/- 2.29e-10 [195069 selected]
| >   graph_41    : 1.7494405048434991e-09 +/- 1.54e-11 [5479 selected]
| >   graph_42    : 4.4285680701204867e-09 +/- 8.98e-11 [39372 selected]
| >   graph_43    : 3.1546065483754664e-09 +/- 2.26e-11 [6501 selected]
| >   graph_44    : 4.4413464842364824e-10 +/- 6.94e-12 [2324 selected]
| >   graph_45    : 2.3962538079140141e-10 +/- 7.86e-13 [1968 selected]
| >   graph_46    : -6.0945878160743661e-11 +/- 3.24e-13 [1956 selected]
| >   graph_47    : -6.1263030742137309e-09 +/- 4.59e-10 [184184 selected]
| >   graph_48    : -9.4483146483864495e-11 +/- 1.88e-12 [1917 selected]
| >   graph_49    : -3.4301279502093752e-08 +/- 6.21e-11 [26169 selected]
| >   graph_50    : 8.9325709760264538e-10 +/- 1.38e-11 [3380 selected]
| >   graph_51    : 5.7932125111497892e-09 +/- 1.70e-11 [3008 selected]
| >   graph_52    : 2.1713643844456066e-10 +/- 4.73e-12 [1918 selected]
| >   graph_53    : -8.1631362553082689e-10 +/- 1.30e-11 [4749 selected]
| >   graph_54    : -2.6009265889068750e-09 +/- 8.33e-11 [40233 selected]
| >   graph_55    : 1.1328617800937283e-09 +/- 1.17e-11 [3979 selected]
| >   graph_56    : -4.1956323982833135e-09 +/- 1.24e-11 [2105 selected]
| >   graph_57    : -1.2902877052705805e-08 +/- 4.61e-11 [18088 selected]
| >   graph_58    : 4.0626139757226556e-11 +/- 2.02e-12 [2026 selected]
| >   graph_59    : 4.0064659495552547e-11 +/- 2.01e-12 [1909 selected]
| >   graph_60    : -6.8320039550831493e-11 +/- 2.05e-12 [1943 selected]
| >   graph_61    : 1.2639320686080303e-08 +/- 6.77e-11 [31859 selected]
| >   graph_62    : -2.0236694460202519e-24 +/- 2.29e-24 [1925 selected]
| >   graph_63    : -1.1611543839919514e-09 +/- 9.06e-12 [1976 selected]
| >   graph_64    : 8.2507104452893060e-10 +/- 3.48e-12 [1892 selected]
| >   sum         : 3.0350875456856552e-08
| >   total       : 3.0350875456856618e-08
| >   difference  : -6.6174449004242214e-23
[92mINFO[0m [94msymbolica_integrator l.7237[0m [96mt=2026-09-09,16:11:48.052[0m > Symbolica integration: starting iteration [92m73/100[0m using [94m1000000[0m points ...
[92mINFO[0m [94msymbolica_integrator l.7270[0m [96mt=2026-09-09,16:17:30.128[0m > ... result after this iteration:
| > Integration result after [92m73000000[0m evaluations in [92m987142.33 CPU-s[0m [94m(13522.5 µs / eval)[0m
| > Extremal weights:
| >   with jacobian    : 6.86453e+04 at xs = [1.2022270797178483e-05 5.1347871165060355e-01 4.9844193335264181e-01 1.4516739088301420e-01 6.1668961407828471e-01 8.5908706354626785e-01] | jacobian = 3.89981e+06
| >     momentum space  : k = [[-4.7916734390976243e-03, -4.0677616413366393e-04, 1.3537602410258231e+02]; [-2.1621547971222004e+01, -1.9473774833694030e+01, -6.1379768355896978e+01]]
| >   without jacobian : 3.91447e+04 at xs = [6.9227500098056595e-11 8.4609202719086396e-01 4.1932247795077110e-01 9.8421181277806566e-02 3.6083494962649804e-01 4.2896348320695171e-01] | jacobian = 1.05860e-04
| >     momentum space  : k = [[1.5219153965627792e-08, -2.2067080113806765e-08, 8.7023903973540399e+01]; [-2.7315361155387055e+01, 3.2668131218968895e+01, 9.6641901762219966e+00]]
| >   before clipping   : 2.77627e+07 at xs = [1.2621573356944467e-07 4.0622681547034613e-02 4.9991243587330625e-01 1.5142333099317212e-01 9.4166306236820463e-01 6.0510737373729140e-01]
| >     momentum space  : k = [[4.8850681703792525e-05, 1.2746653352121141e-05, 1.4225102275936715e+02]; [6.3036167153096578e+01, -2.4198955389115497e+01, -2.3143213026048883e+01]]
| > Stability pipeline: float pairs accepted = 98870896, HP pairs attempted/accepted = 2912421/2912421
| > Stability triggers: float mismatch = 2702701, float non-finite/error = 1316
| > HP precision escalations: attempted/accepted = 3953/3953
| > Higher-precision rejections: disagreement = 0, non-finite = 0, error = 0
| > Soft-mirror stability: pairs = 31454352, large-side triggers = 207356, HP orbits attempted/salvaged/failed = 2671035/2671035/0
| > Soft-mirror extrema: raw mirror = -9.09915e+09, post-average = 2.77627e+07
| > Strongest soft-mirror cancellation: residual/raw = 0.00000e+00
| > Unstable rotational-check points rejected = 0
| > Rotational-check high-precision retries = 2704017
| > Rotational-check high-precision salvaged = 2704017
| > Large-weight high-precision retries = 208404
| > Large-weight high-precision salvaged = 208404
| > Large-weight high-precision rejected = 0
| > Large-weight samples zeroed = 342 (4.685e-06 of samples; removed signed/absolute sums = 1.01430e+08/2.55222e+08)
| > Non-finite final outputs zeroed = 0
| > Non-finite float rotated evaluations seen = 60
| > Example higher-precision-retried xs = [2.6880750982012969e-01 1.7402049722655100e-01 6.0980772598890010e-02 9.9750773443479890e-01 3.0048234085139136e-01 8.2729716849149482e-01] | float rel = 1.44350e-07
| >     momentum space  : k = [[1.2864873913282938e+01, 2.4869169488989783e+01, 1.4436129598391815e+02]; [-2.5782389205217190e+04, 7.8539332094821817e+04, -1.3710486440690246e+05]]
| > Example large-weight higher-precision-retried xs = [1.9231173850990912e-01 6.5780162395444419e-01 8.8861886028403791e-01 7.0208850143205215e-04 5.4240755566925725e-01 5.0445441660376766e-01] | compiled = -1.10603e+04 | higher precision = -1.02451e-01
| >     momentum space  : k = [[-1.7873903535647262e+01, -2.7323121682648594e+01, -8.9469201105104602e+01]; [-2.7108866766462003e-01, -7.3992249469811575e-02, -3.9326328464896528e-03]]
| > Example NaN/non-finite rotated xs = [4.3974642111233074e-04 4.7267464511837748e-01 9.9995896344930690e-01 6.1497814457061539e-01 6.0079335026881553e-01 6.4637841020769249e-01]
| >     momentum space  : k = [[-2.2353286370510883e-05, 3.8760017987051835e-06, 1.2731159591423573e+03]; [-4.6150254078839635e+02, -3.3882885223629427e+02, -2.8355997629564860e+02]]
| > [92mCentral value[0m : +3.0276006159885497e-08   +/- 5.79e-10     ([91m1.914%[0m)
[92mINFO[0m [94msymbolica_integrator l.7274[0m [96mt=2026-09-09,16:17:30.129[0m > | > Graph-channel Symbolica observer estimates:
| >   graph_0     : -2.0677764699521176e-08 +/- 8.09e-11 [44742 selected]
| >   graph_1     : 3.4435335688621820e-10 +/- 5.72e-12 [1953 selected]
| >   graph_2     : -1.2842223549533297e-08 +/- 3.57e-11 [11455 selected]
| >   graph_3     : 1.1114454939733494e-10 +/- 1.06e-12 [1939 selected]
| >   graph_4     : -6.1704457537970587e-10 +/- 1.10e-11 [1934 selected]
| >   graph_5     : -3.8228141855265695e-11 +/- 1.21e-12 [1911 selected]
| >   graph_6     : -3.6850283365053573e-11 +/- 1.26e-12 [1931 selected]
| >   graph_7     : 6.5629539750444033e-11 +/- 1.82e-12 [1849 selected]
| >   graph_8     : -9.2201294055330211e-10 +/- 9.14e-12 [3278 selected]
| >   graph_9     : 1.0657692567374486e-09 +/- 9.93e-12 [3496 selected]
| >   graph_10    : -2.7691850351058547e-09 +/- 4.89e-11 [20506 selected]
| >   graph_11    : 2.1785675919674627e-27 +/- 2.12e-28 [1974 selected]
| >   graph_12    : -5.6270036713028404e-10 +/- 6.57e-12 [2529 selected]
| >   graph_13    : -1.1742085391451501e-08 +/- 6.06e-11 [29343 selected]
| >   graph_14    : 1.0956645097594559e-10 +/- 3.65e-13 [1923 selected]
| >   graph_15    : 2.0279197729123673e-24 +/- 3.50e-24 [1894 selected]
| >   graph_16    : 3.8749560717089879e-09 +/- 1.13e-11 [1938 selected]
| >   graph_17    : -3.6210231994899249e-10 +/- 1.20e-12 [1989 selected]
| >   graph_18    : 1.1985512570004344e-08 +/- 4.10e-11 [16420 selected]
| >   graph_19    : 1.0577731673748869e-09 +/- 4.48e-12 [1905 selected]
| >   graph_20    : -7.6163598069712347e-10 +/- 3.12e-12 [1945 selected]
| >   graph_21    : -8.7315044334658708e-10 +/- 9.77e-12 [3632 selected]
| >   graph_22    : -4.9317655167497103e-10 +/- 9.00e-12 [1879 selected]
| >   graph_23    : -2.8902870203091740e-10 +/- 7.65e-12 [1918 selected]
| >   graph_24    : 5.9384194305643872e-10 +/- 1.57e-11 [3513 selected]
| >   graph_25    : 4.2877580420700451e-10 +/- 9.71e-12 [1930 selected]
| >   graph_26    : -2.1423771956383144e-10 +/- 7.19e-13 [1916 selected]
| >   graph_27    : -2.7182456430090481e-11 +/- 8.89e-14 [1881 selected]
| >   graph_28    : -1.1671509937257943e-09 +/- 7.14e-12 [2014 selected]
| >   graph_29    : 6.8090840217332666e-08 +/- 1.05e-10 [63418 selected]
| >   graph_30    : -1.4141542084795300e-09 +/- 9.97e-11 [51579 selected]
| >   graph_31    : 4.0129976196123141e-11 +/- 3.63e-13 [1984 selected]
| >   graph_32    : -5.1905509400333261e-11 +/- 7.16e-12 [1960 selected]
| >   graph_33    : -1.8834349492018728e-09 +/- 2.15e-11 [5209 selected]
| >   graph_34    : 6.9674181974192963e-26 +/- 2.98e-26 [1970 selected]
| >   graph_35    : 2.5273405535588204e-08 +/- 1.00e-10 [70384 selected]
| >   graph_36    : -2.9282077579510419e-09 +/- 2.12e-11 [5966 selected]
| >   graph_37    : 1.6150790955730511e-08 +/- 5.49e-11 [24752 selected]
| >   graph_38    : 4.0000675091726781e-10 +/- 3.02e-12 [1955 selected]
| >   graph_39    : -7.6192428678150872e-09 +/- 3.54e-11 [11919 selected]
| >   graph_40    : -3.0257329458172471e-10 +/- 2.26e-10 [194044 selected]
| >   graph_41    : 1.7520559676364694e-09 +/- 1.53e-11 [5372 selected]
| >   graph_42    : 4.4311109002195526e-09 +/- 8.88e-11 [38978 selected]
| >   graph_43    : 3.1565030875780424e-09 +/- 2.25e-11 [6350 selected]
| >   graph_44    : 4.4460481112423453e-10 +/- 6.89e-12 [2318 selected]
| >   graph_45    : 2.3966253935085313e-10 +/- 7.81e-13 [1964 selected]
| >   graph_46    : -6.0993273643796063e-11 +/- 3.21e-13 [1907 selected]
| >   graph_47    : -6.1320890918041665e-09 +/- 4.53e-10 [183697 selected]
| >   graph_48    : -9.4266103205969117e-11 +/- 1.87e-12 [1897 selected]
| >   graph_49    : -3.4298481653370787e-08 +/- 6.15e-11 [25805 selected]
| >   graph_50    : 8.9400503664503032e-10 +/- 1.36e-11 [3320 selected]
| >   graph_51    : 5.7924183044125222e-09 +/- 1.69e-11 [2972 selected]
| >   graph_52    : 2.1658872973814621e-10 +/- 4.69e-12 [1931 selected]
| >   graph_53    : -8.1671395779269524e-10 +/- 1.29e-11 [4710 selected]
| >   graph_54    : -2.5968287795731007e-09 +/- 8.23e-11 [40566 selected]
| >   graph_55    : 1.1322145120912083e-09 +/- 1.16e-11 [3957 selected]
| >   graph_56    : -4.1955642402587531e-09 +/- 1.23e-11 [2016 selected]
| >   graph_57    : -1.2902500468526606e-08 +/- 4.57e-11 [17946 selected]
| >   graph_58    : 4.0739342260518228e-11 +/- 2.01e-12 [1896 selected]
| >   graph_59    : 3.9876293798918747e-11 +/- 1.99e-12 [1890 selected]
| >   graph_60    : -6.8182165702800055e-11 +/- 2.03e-12 [1924 selected]
| >   graph_61    : 1.2641499470775639e-08 +/- 6.70e-11 [32207 selected]
| >   graph_62    : -1.9643089626359475e-24 +/- 2.26e-24 [1938 selected]
| >   graph_63    : -1.1614192490097944e-09 +/- 8.99e-12 [1897 selected]
| >   graph_64    : 8.2454874002227316e-10 +/- 3.45e-12 [1865 selected]
| >   sum         : 3.0276006159885431e-08
| >   total       : 3.0276006159885497e-08
| >   difference  : -6.6174449004242214e-23
[92mINFO[0m [94msymbolica_integrator l.7237[0m [96mt=2026-09-09,16:17:30.129[0m > Symbolica integration: starting iteration [92m74/100[0m using [94m1000000[0m points ...
[92mINFO[0m [94msymbolica_integrator l.7270[0m [96mt=2026-09-09,16:23:18.958[0m > ... result after this iteration:
| > Integration result after [92m74000000[0m evaluations in [92m999729.82 CPU-s[0m [94m(13509.9 µs / eval)[0m
| > Extremal weights:
| >   with jacobian    : 6.86453e+04 at xs = [1.2022270797178483e-05 5.1347871165060355e-01 4.9844193335264181e-01 1.4516739088301420e-01 6.1668961407828471e-01 8.5908706354626785e-01] | jacobian = 3.89981e+06
| >     momentum space  : k = [[-4.7916734390976243e-03, -4.0677616413366393e-04, 1.3537602410258231e+02]; [-2.1621547971222004e+01, -1.9473774833694030e+01, -6.1379768355896978e+01]]
| >   without jacobian : 3.91447e+04 at xs = [6.9227500098056595e-11 8.4609202719086396e-01 4.1932247795077110e-01 9.8421181277806566e-02 3.6083494962649804e-01 4.2896348320695171e-01] | jacobian = 1.05860e-04
| >     momentum space  : k = [[1.5219153965627792e-08, -2.2067080113806765e-08, 8.7023903973540399e+01]; [-2.7315361155387055e+01, 3.2668131218968895e+01, 9.6641901762219966e+00]]
| >   before clipping   : 2.77627e+07 at xs = [1.2621573356944467e-07 4.0622681547034613e-02 4.9991243587330625e-01 1.5142333099317212e-01 9.4166306236820463e-01 6.0510737373729140e-01]
| >     momentum space  : k = [[4.8850681703792525e-05, 1.2746653352121141e-05, 1.4225102275936715e+02]; [6.3036167153096578e+01, -2.4198955389115497e+01, -2.3143213026048883e+01]]
| > Stability pipeline: float pairs accepted = 100203509, HP pairs attempted/accepted = 2957137/2957137
| > Stability triggers: float mismatch = 2744217, float non-finite/error = 1343
| > HP precision escalations: attempted/accepted = 4034/4034
| > Higher-precision rejections: disagreement = 0, non-finite = 0, error = 0
| > Soft-mirror stability: pairs = 31873370, large-side triggers = 210516, HP orbits attempted/salvaged/failed = 2712724/2712724/0
| > Soft-mirror extrema: raw mirror = -9.09915e+09, post-average = 2.77627e+07
| > Strongest soft-mirror cancellation: residual/raw = 0.00000e+00
| > Unstable rotational-check points rejected = 0
| > Rotational-check high-precision retries = 2745560
| > Rotational-check high-precision salvaged = 2745560
| > Large-weight high-precision retries = 211577
| > Large-weight high-precision salvaged = 211577
| > Large-weight high-precision rejected = 0
| > Large-weight samples zeroed = 351 (4.743e-06 of samples; removed signed/absolute sums = 1.12101e+08/2.66334e+08)
| > Non-finite final outputs zeroed = 0
| > Non-finite float rotated evaluations seen = 61
| > Example higher-precision-retried xs = [2.6880750982012969e-01 1.7402049722655100e-01 6.0980772598890010e-02 9.9750773443479890e-01 3.0048234085139136e-01 8.2729716849149482e-01] | float rel = 1.44350e-07
| >     momentum space  : k = [[1.2864873913282938e+01, 2.4869169488989783e+01, 1.4436129598391815e+02]; [-2.5782389205217190e+04, 7.8539332094821817e+04, -1.3710486440690246e+05]]
| > Example large-weight higher-precision-retried xs = [1.9231173850990912e-01 6.5780162395444419e-01 8.8861886028403791e-01 7.0208850143205215e-04 5.4240755566925725e-01 5.0445441660376766e-01] | compiled = -1.10603e+04 | higher precision = -1.02451e-01
| >     momentum space  : k = [[-1.7873903535647262e+01, -2.7323121682648594e+01, -8.9469201105104602e+01]; [-2.7108866766462003e-01, -7.3992249469811575e-02, -3.9326328464896528e-03]]
| > Example NaN/non-finite rotated xs = [4.3974642111233074e-04 4.7267464511837748e-01 9.9995896344930690e-01 6.1497814457061539e-01 6.0079335026881553e-01 6.4637841020769249e-01]
| >     momentum space  : k = [[-2.2353286370510883e-05, 3.8760017987051835e-06, 1.2731159591423573e+03]; [-4.6150254078839635e+02, -3.3882885223629427e+02, -2.8355997629564860e+02]]
| > [92mCentral value[0m : +3.0279386124088123e-08   +/- 5.72e-10     ([91m1.889%[0m)
[92mINFO[0m [94msymbolica_integrator l.7274[0m [96mt=2026-09-09,16:23:18.959[0m > | > Graph-channel Symbolica observer estimates:
| >   graph_0     : -2.0670439148868416e-08 +/- 8.02e-11 [44296 selected]
| >   graph_1     : 3.4377227827623213e-10 +/- 5.68e-12 [1892 selected]
| >   graph_2     : -1.2839886188180290e-08 +/- 3.54e-11 [11330 selected]
| >   graph_3     : 1.1115987640535195e-10 +/- 1.05e-12 [1894 selected]
| >   graph_4     : -6.1782186714179930e-10 +/- 1.10e-11 [2061 selected]
| >   graph_5     : -3.8429443068220039e-11 +/- 1.20e-12 [1979 selected]
| >   graph_6     : -3.6853745895687321e-11 +/- 1.25e-12 [1920 selected]
| >   graph_7     : 6.5700369308609548e-11 +/- 1.81e-12 [1955 selected]
| >   graph_8     : -9.2261167825952909e-10 +/- 9.07e-12 [3258 selected]
| >   graph_9     : 1.0663892064651965e-09 +/- 9.86e-12 [3512 selected]
| >   graph_10    : -2.7664727027220428e-09 +/- 4.84e-11 [20152 selected]
| >   graph_11    : 2.1607876411403958e-27 +/- 2.11e-28 [1922 selected]
| >   graph_12    : -5.6152126173634637e-10 +/- 6.54e-12 [2454 selected]
| >   graph_13    : -1.1737276822167903e-08 +/- 6.00e-11 [28770 selected]
| >   graph_14    : 1.0958347605101943e-10 +/- 3.63e-13 [1986 selected]
| >   graph_15    : 1.9942118768500505e-24 +/- 3.45e-24 [1949 selected]
| >   graph_16    : 3.8735630575660574e-09 +/- 1.13e-11 [1900 selected]
| >   graph_17    : -3.6178267015983597e-10 +/- 1.19e-12 [1811 selected]
| >   graph_18    : 1.1982673814031327e-08 +/- 4.06e-11 [15918 selected]
| >   graph_19    : 1.0577177744094359e-09 +/- 4.45e-12 [1871 selected]
| >   graph_20    : -7.6092649849805104e-10 +/- 3.09e-12 [1870 selected]
| >   graph_21    : -8.7346145151969503e-10 +/- 9.70e-12 [3639 selected]
| >   graph_22    : -4.9402418670359020e-10 +/- 9.02e-12 [1884 selected]
| >   graph_23    : -2.8859001917426661e-10 +/- 7.55e-12 [1875 selected]
| >   graph_24    : 5.9301294345522500e-10 +/- 1.56e-11 [3269 selected]
| >   graph_25    : 4.2755347109363052e-10 +/- 9.66e-12 [1930 selected]
| >   graph_26    : -2.1419258338969242e-10 +/- 7.14e-13 [1894 selected]
| >   graph_27    : -2.7187349045200742e-11 +/- 8.83e-14 [1935 selected]
| >   graph_28    : -1.1667277906570040e-09 +/- 7.12e-12 [1965 selected]
| >   graph_29    : 6.8096052059705056e-08 +/- 1.04e-10 [63518 selected]
| >   graph_30    : -1.4061849135166020e-09 +/- 9.86e-11 [63951 selected]
| >   graph_31    : 4.0072226923482791e-11 +/- 3.60e-13 [1886 selected]
| >   graph_32    : -5.2503326111229756e-11 +/- 7.11e-12 [1880 selected]
| >   graph_33    : -1.8844573320265050e-09 +/- 2.13e-11 [5230 selected]
| >   graph_34    : 6.5966671650658133e-26 +/- 2.99e-26 [1903 selected]
| >   graph_35    : 2.5264526496440219e-08 +/- 9.91e-11 [69340 selected]
| >   graph_36    : -2.9268926092797327e-09 +/- 2.11e-11 [5916 selected]
| >   graph_37    : 1.6150242203647092e-08 +/- 5.44e-11 [24437 selected]
| >   graph_38    : 3.9989101202890163e-10 +/- 3.00e-12 [1828 selected]
| >   graph_39    : -7.6169394298284507e-09 +/- 3.52e-11 [11697 selected]
| >   graph_40    : -3.1230510854643786e-10 +/- 2.23e-10 [190801 selected]
| >   graph_41    : 1.7492687758127971e-09 +/- 1.52e-11 [5443 selected]
| >   graph_42    : 4.4360234213002664e-09 +/- 8.78e-11 [38505 selected]
| >   graph_43    : 3.1547322908830438e-09 +/- 2.23e-11 [6308 selected]
| >   graph_44    : 4.4503228539237825e-10 +/- 6.85e-12 [2402 selected]
| >   graph_45    : 2.3966232848985282e-10 +/- 7.75e-13 [1910 selected]
| >   graph_46    : -6.1046287470887538e-11 +/- 3.19e-13 [2019 selected]
| >   graph_47    : -6.1431854867467157e-09 +/- 4.46e-10 [181046 selected]
| >   graph_48    : -9.4405714061580438e-11 +/- 1.86e-12 [1931 selected]
| >   graph_49    : -3.4296521957295715e-08 +/- 6.10e-11 [25938 selected]
| >   graph_50    : 8.9521008000964348e-10 +/- 1.35e-11 [3207 selected]
| >   graph_51    : 5.7943744789246034e-09 +/- 1.68e-11 [3028 selected]
| >   graph_52    : 2.1576652162408058e-10 +/- 4.67e-12 [1935 selected]
| >   graph_53    : -8.1483633404718984e-10 +/- 1.28e-11 [4520 selected]
| >   graph_54    : -2.5884643550119855e-09 +/- 8.15e-11 [39870 selected]
| >   graph_55    : 1.1329589462303050e-09 +/- 1.15e-11 [3886 selected]
| >   graph_56    : -4.1945305183760710e-09 +/- 1.22e-11 [1993 selected]
| >   graph_57    : -1.2908500439123985e-08 +/- 4.53e-11 [17594 selected]
| >   graph_58    : 4.1263256073159770e-11 +/- 1.99e-12 [1917 selected]
| >   graph_59    : 3.9907285016336446e-11 +/- 1.98e-12 [1818 selected]
| >   graph_60    : -6.8422528758673611e-11 +/- 2.02e-12 [1921 selected]
| >   graph_61    : 1.2636687556751936e-08 +/- 6.63e-11 [31580 selected]
| >   graph_62    : -1.9712499012425548e-24 +/- 2.23e-24 [1877 selected]
| >   graph_63    : -1.1609994663693390e-09 +/- 8.94e-12 [1889 selected]
| >   graph_64    : 8.2498984553149869e-10 +/- 3.43e-12 [1985 selected]
| >   sum         : 3.0279386124088070e-08
| >   total       : 3.0279386124088123e-08
| >   difference  : -5.2939559203393771e-23
[92mINFO[0m [94msymbolica_integrator l.7237[0m [96mt=2026-09-09,16:23:18.959[0m > Symbolica integration: starting iteration [92m75/100[0m using [94m1000000[0m points ...
[92mINFO[0m [94msymbolica_integrator l.7270[0m [96mt=2026-09-09,16:28:49.801[0m > ... result after this iteration:
| > Integration result after [92m75000000[0m evaluations in [92m1013226.74 CPU-s[0m [94m(13509.7 µs / eval)[0m
| > Extremal weights:
| >   with jacobian    : 6.86453e+04 at xs = [1.2022270797178483e-05 5.1347871165060355e-01 4.9844193335264181e-01 1.4516739088301420e-01 6.1668961407828471e-01 8.5908706354626785e-01] | jacobian = 3.89981e+06
| >     momentum space  : k = [[-4.7916734390976243e-03, -4.0677616413366393e-04, 1.3537602410258231e+02]; [-2.1621547971222004e+01, -1.9473774833694030e+01, -6.1379768355896978e+01]]
| >   without jacobian : 3.91447e+04 at xs = [6.9227500098056595e-11 8.4609202719086396e-01 4.1932247795077110e-01 9.8421181277806566e-02 3.6083494962649804e-01 4.2896348320695171e-01] | jacobian = 1.05860e-04
| >     momentum space  : k = [[1.5219153965627792e-08, -2.2067080113806765e-08, 8.7023903973540399e+01]; [-2.7315361155387055e+01, 3.2668131218968895e+01, 9.6641901762219966e+00]]
| >   before clipping   : 2.77627e+07 at xs = [1.2621573356944467e-07 4.0622681547034613e-02 4.9991243587330625e-01 1.5142333099317212e-01 9.4166306236820463e-01 6.0510737373729140e-01]
| >     momentum space  : k = [[4.8850681703792525e-05, 1.2746653352121141e-05, 1.4225102275936715e+02]; [6.3036167153096578e+01, -2.4198955389115497e+01, -2.3143213026048883e+01]]
| > Stability pipeline: float pairs accepted = 101549947, HP pairs attempted/accepted = 2995646/2995646
| > Stability triggers: float mismatch = 2780140, float non-finite/error = 1354
| > HP precision escalations: attempted/accepted = 4092/4092
| > Higher-precision rejections: disagreement = 0, non-finite = 0, error = 0
| > Soft-mirror stability: pairs = 32293867, large-side triggers = 213073, HP orbits attempted/salvaged/failed = 2748274/2748274/0
| > Soft-mirror extrema: raw mirror = -9.09915e+09, post-average = 2.77627e+07
| > Strongest soft-mirror cancellation: residual/raw = 0.00000e+00
| > Unstable rotational-check points rejected = 0
| > Rotational-check high-precision retries = 2781494
| > Rotational-check high-precision salvaged = 2781494
| > Large-weight high-precision retries = 214152
| > Large-weight high-precision salvaged = 214152
| > Large-weight high-precision rejected = 0
| > Large-weight samples zeroed = 361 (4.813e-06 of samples; removed signed/absolute sums = 1.12459e+08/2.67426e+08)
| > Non-finite final outputs zeroed = 0
| > Non-finite float rotated evaluations seen = 62
| > Example higher-precision-retried xs = [2.6880750982012969e-01 1.7402049722655100e-01 6.0980772598890010e-02 9.9750773443479890e-01 3.0048234085139136e-01 8.2729716849149482e-01] | float rel = 1.44350e-07
| >     momentum space  : k = [[1.2864873913282938e+01, 2.4869169488989783e+01, 1.4436129598391815e+02]; [-2.5782389205217190e+04, 7.8539332094821817e+04, -1.3710486440690246e+05]]
| > Example large-weight higher-precision-retried xs = [1.9231173850990912e-01 6.5780162395444419e-01 8.8861886028403791e-01 7.0208850143205215e-04 5.4240755566925725e-01 5.0445441660376766e-01] | compiled = -1.10603e+04 | higher precision = -1.02451e-01
| >     momentum space  : k = [[-1.7873903535647262e+01, -2.7323121682648594e+01, -8.9469201105104602e+01]; [-2.7108866766462003e-01, -7.3992249469811575e-02, -3.9326328464896528e-03]]
| > Example NaN/non-finite rotated xs = [4.3974642111233074e-04 4.7267464511837748e-01 9.9995896344930690e-01 6.1497814457061539e-01 6.0079335026881553e-01 6.4637841020769249e-01]
| >     momentum space  : k = [[-2.2353286370510883e-05, 3.8760017987051835e-06, 1.2731159591423573e+03]; [-4.6150254078839635e+02, -3.3882885223629427e+02, -2.8355997629564860e+02]]
| > [92mCentral value[0m : +3.0259442173786427e-08   +/- 5.65e-10     ([91m1.867%[0m)
[92mINFO[0m [94msymbolica_integrator l.7274[0m [96mt=2026-09-09,16:28:49.802[0m > | > Graph-channel Symbolica observer estimates:
| >   graph_0     : -2.0670228533895897e-08 +/- 7.94e-11 [44489 selected]
| >   graph_1     : 3.4378671916037981e-10 +/- 5.63e-12 [1866 selected]
| >   graph_2     : -1.2852470808926542e-08 +/- 3.51e-11 [11605 selected]
| >   graph_3     : 1.1113983733626808e-10 +/- 1.04e-12 [1819 selected]
| >   graph_4     : -6.1560885513553486e-10 +/- 1.09e-11 [2037 selected]
| >   graph_5     : -3.8637519596904501e-11 +/- 1.19e-12 [1882 selected]
| >   graph_6     : -3.7014031201837676e-11 +/- 1.25e-12 [1921 selected]
| >   graph_7     : 6.5517503142083686e-11 +/- 1.80e-12 [1891 selected]
| >   graph_8     : -9.2250517896019901e-10 +/- 9.01e-12 [3313 selected]
| >   graph_9     : 1.0673868452283172e-09 +/- 9.79e-12 [3357 selected]
| >   graph_10    : -2.7669591315741481e-09 +/- 4.79e-11 [20349 selected]
| >   graph_11    : 2.1140653246099029e-27 +/- 2.09e-28 [1898 selected]
| >   graph_12    : -5.6176046979346319e-10 +/- 6.50e-12 [2442 selected]
| >   graph_13    : -1.1731589525258177e-08 +/- 5.94e-11 [28853 selected]
| >   graph_14    : 1.0955709696987573e-10 +/- 3.62e-13 [1821 selected]
| >   graph_15    : 1.9789495604100882e-24 +/- 3.41e-24 [1882 selected]
| >   graph_16    : 3.8749639114200729e-09 +/- 1.12e-11 [1962 selected]
| >   graph_17    : -3.6174187802425350e-10 +/- 1.18e-12 [1885 selected]
| >   graph_18    : 1.1979865084045869e-08 +/- 4.02e-11 [15918 selected]
| >   graph_19    : 1.0578858497297943e-09 +/- 4.43e-12 [1928 selected]
| >   graph_20    : -7.6068327400815607e-10 +/- 3.07e-12 [1900 selected]
| >   graph_21    : -8.7151640731728819e-10 +/- 9.63e-12 [3529 selected]
| >   graph_22    : -4.9280366539910439e-10 +/- 8.94e-12 [1917 selected]
| >   graph_23    : -2.8937758472561249e-10 +/- 7.46e-12 [1999 selected]
| >   graph_24    : 5.9087741205793869e-10 +/- 1.55e-11 [3346 selected]
| >   graph_25    : 4.2596378385125236e-10 +/- 9.60e-12 [1898 selected]
| >   graph_26    : -2.1421772419529397e-10 +/- 7.10e-13 [1940 selected]
| >   graph_27    : -2.7185868558433287e-11 +/- 8.76e-14 [1906 selected]
| >   graph_28    : -1.1670428863261530e-09 +/- 7.09e-12 [1961 selected]
| >   graph_29    : 6.8090000238677946e-08 +/- 1.03e-10 [63491 selected]
| >   graph_30    : -1.4059580707531011e-09 +/- 9.74e-11 [63504 selected]
| >   graph_31    : 4.0030730506736877e-11 +/- 3.58e-13 [1961 selected]
| >   graph_32    : -5.2547793579943896e-11 +/- 7.05e-12 [1927 selected]
| >   graph_33    : -1.8831763009070686e-09 +/- 2.12e-11 [5213 selected]
| >   graph_34    : 6.5914416460966775e-26 +/- 2.96e-26 [1892 selected]
| >   graph_35    : 2.5260688614602087e-08 +/- 9.80e-11 [69201 selected]
| >   graph_36    : -2.9279169202014936e-09 +/- 2.09e-11 [5924 selected]
| >   graph_37    : 1.6157085777535920e-08 +/- 5.40e-11 [24412 selected]
| >   graph_38    : 3.9968751380579504e-10 +/- 2.98e-12 [1902 selected]
| >   graph_39    : -7.6212942233735155e-09 +/- 3.49e-11 [11579 selected]
| >   graph_40    : -3.1582398387060530e-10 +/- 2.20e-10 [191585 selected]
| >   graph_41    : 1.7506559904577005e-09 +/- 1.51e-11 [5509 selected]
| >   graph_42    : 4.4312500282946992e-09 +/- 8.68e-11 [38850 selected]
| >   graph_43    : 3.1498868318022734e-09 +/- 2.21e-11 [6283 selected]
| >   graph_44    : 4.4359617227831307e-10 +/- 6.80e-12 [2341 selected]
| >   graph_45    : 2.3974396377330146e-10 +/- 7.69e-13 [1904 selected]
| >   graph_46    : -6.1071916457462295e-11 +/- 3.17e-13 [1866 selected]
| >   graph_47    : -6.1443187169885975e-09 +/- 4.40e-10 [179819 selected]
| >   graph_48    : -9.4675246479283167e-11 +/- 1.84e-12 [1876 selected]
| >   graph_49    : -3.4296058770305186e-08 +/- 6.04e-11 [26027 selected]
| >   graph_50    : 8.9576570351594833e-10 +/- 1.34e-11 [3143 selected]
| >   graph_51    : 5.7950520147005082e-09 +/- 1.66e-11 [2982 selected]
| >   graph_52    : 2.1559627790153908e-10 +/- 4.64e-12 [1915 selected]
| >   graph_53    : -8.1552443681898030e-10 +/- 1.27e-11 [4550 selected]
| >   graph_54    : -2.5919614010110242e-09 +/- 8.06e-11 [39987 selected]
| >   graph_55    : 1.1312053743376587e-09 +/- 1.14e-11 [3828 selected]
| >   graph_56    : -4.1924436977018412e-09 +/- 1.21e-11 [1970 selected]
| >   graph_57    : -1.2907232215782135e-08 +/- 4.49e-11 [17809 selected]
| >   graph_58    : 4.0912663910042077e-11 +/- 1.98e-12 [1887 selected]
| >   graph_59    : 4.0028632180862816e-11 +/- 1.97e-12 [1984 selected]
| >   graph_60    : -6.8268880007084221e-11 +/- 2.01e-12 [1874 selected]
| >   graph_61    : 1.2646785629273945e-08 +/- 6.56e-11 [31672 selected]
| >   graph_62    : -1.9165638629068186e-24 +/- 2.20e-24 [1949 selected]
| >   graph_63    : -1.1609151922604228e-09 +/- 8.89e-12 [1895 selected]
| >   graph_64    : 8.2505708268398743e-10 +/- 3.41e-12 [1975 selected]
| >   sum         : 3.0259442173786374e-08
| >   total       : 3.0259442173786427e-08
| >   difference  : -5.2939559203393771e-23
[92mINFO[0m [94msymbolica_integrator l.7237[0m [96mt=2026-09-09,16:28:49.802[0m > Symbolica integration: starting iteration [92m76/100[0m using [94m1000000[0m points ...
[92mINFO[0m [94msymbolica_integrator l.7270[0m [96mt=2026-09-09,16:33:57.428[0m > ... result after this iteration:
| > Integration result after [92m76000000[0m evaluations in [92m1026458.90 CPU-s[0m [94m(13506.0 µs / eval)[0m
| > Extremal weights:
| >   with jacobian    : 6.86453e+04 at xs = [1.2022270797178483e-05 5.1347871165060355e-01 4.9844193335264181e-01 1.4516739088301420e-01 6.1668961407828471e-01 8.5908706354626785e-01] | jacobian = 3.89981e+06
| >     momentum space  : k = [[-4.7916734390976243e-03, -4.0677616413366393e-04, 1.3537602410258231e+02]; [-2.1621547971222004e+01, -1.9473774833694030e+01, -6.1379768355896978e+01]]
| >   without jacobian : 3.91447e+04 at xs = [6.9227500098056595e-11 8.4609202719086396e-01 4.1932247795077110e-01 9.8421181277806566e-02 3.6083494962649804e-01 4.2896348320695171e-01] | jacobian = 1.05860e-04
| >     momentum space  : k = [[1.5219153965627792e-08, -2.2067080113806765e-08, 8.7023903973540399e+01]; [-2.7315361155387055e+01, 3.2668131218968895e+01, 9.6641901762219966e+00]]
| >   before clipping   : 2.77627e+07 at xs = [1.2621573356944467e-07 4.0622681547034613e-02 4.9991243587330625e-01 1.5142333099317212e-01 9.4166306236820463e-01 6.0510737373729140e-01]
| >     momentum space  : k = [[4.8850681703792525e-05, 1.2746653352121141e-05, 1.4225102275936715e+02]; [6.3036167153096578e+01, -2.4198955389115497e+01, -2.3143213026048883e+01]]
| > Stability pipeline: float pairs accepted = 102897052, HP pairs attempted/accepted = 3033043/3033043
| > Stability triggers: float mismatch = 2815049, float non-finite/error = 1373
| > HP precision escalations: attempted/accepted = 4156/4156
| > Higher-precision rejections: disagreement = 0, non-finite = 0, error = 0
| > Soft-mirror stability: pairs = 32712827, large-side triggers = 215519, HP orbits attempted/salvaged/failed = 2782732/2782732/0
| > Soft-mirror extrema: raw mirror = -9.09915e+09, post-average = 2.77627e+07
| > Strongest soft-mirror cancellation: residual/raw = 0.00000e+00
| > Unstable rotational-check points rejected = 0
| > Rotational-check high-precision retries = 2816422
| > Rotational-check high-precision salvaged = 2816422
| > Large-weight high-precision retries = 216621
| > Large-weight high-precision salvaged = 216621
| > Large-weight high-precision rejected = 0
| > Large-weight samples zeroed = 365 (4.803e-06 of samples; removed signed/absolute sums = 1.12948e+08/2.68133e+08)
| > Non-finite final outputs zeroed = 0
| > Non-finite float rotated evaluations seen = 62
| > Example higher-precision-retried xs = [2.6880750982012969e-01 1.7402049722655100e-01 6.0980772598890010e-02 9.9750773443479890e-01 3.0048234085139136e-01 8.2729716849149482e-01] | float rel = 1.44350e-07
| >     momentum space  : k = [[1.2864873913282938e+01, 2.4869169488989783e+01, 1.4436129598391815e+02]; [-2.5782389205217190e+04, 7.8539332094821817e+04, -1.3710486440690246e+05]]
| > Example large-weight higher-precision-retried xs = [1.9231173850990912e-01 6.5780162395444419e-01 8.8861886028403791e-01 7.0208850143205215e-04 5.4240755566925725e-01 5.0445441660376766e-01] | compiled = -1.10603e+04 | higher precision = -1.02451e-01
| >     momentum space  : k = [[-1.7873903535647262e+01, -2.7323121682648594e+01, -8.9469201105104602e+01]; [-2.7108866766462003e-01, -7.3992249469811575e-02, -3.9326328464896528e-03]]
| > Example NaN/non-finite rotated xs = [4.3974642111233074e-04 4.7267464511837748e-01 9.9995896344930690e-01 6.1497814457061539e-01 6.0079335026881553e-01 6.4637841020769249e-01]
| >     momentum space  : k = [[-2.2353286370510883e-05, 3.8760017987051835e-06, 1.2731159591423573e+03]; [-4.6150254078839635e+02, -3.3882885223629427e+02, -2.8355997629564860e+02]]
| > [92mCentral value[0m : +3.0237360511354343e-08   +/- 5.58e-10     ([91m1.846%[0m)
[92mINFO[0m [94msymbolica_integrator l.7274[0m [96mt=2026-09-09,16:33:57.428[0m > | > Graph-channel Symbolica observer estimates:
| >   graph_0     : -2.0671861813074993e-08 +/- 7.87e-11 [44794 selected]
| >   graph_1     : 3.4381837928704422e-10 +/- 5.60e-12 [1894 selected]
| >   graph_2     : -1.2849199567439374e-08 +/- 3.49e-11 [11408 selected]
| >   graph_3     : 1.1113355872085277e-10 +/- 1.04e-12 [1886 selected]
| >   graph_4     : -6.1649059137460817e-10 +/- 1.08e-11 [2056 selected]
| >   graph_5     : -3.8801315054699161e-11 +/- 1.19e-12 [2047 selected]
| >   graph_6     : -3.6936541385610648e-11 +/- 1.24e-12 [1883 selected]
| >   graph_7     : 6.5632227823319291e-11 +/- 1.79e-12 [1922 selected]
| >   graph_8     : -9.2211545131049264e-10 +/- 8.95e-12 [3381 selected]
| >   graph_9     : 1.0673747659170635e-09 +/- 9.72e-12 [3411 selected]
| >   graph_10    : -2.7704909760453808e-09 +/- 4.75e-11 [20576 selected]
| >   graph_11    : 2.1207579868711771e-27 +/- 2.07e-28 [1866 selected]
| >   graph_12    : -5.6232719814485443e-10 +/- 6.45e-12 [2415 selected]
| >   graph_13    : -1.1727193195823456e-08 +/- 5.88e-11 [28481 selected]
| >   graph_14    : 1.0945125853248605e-10 +/- 3.60e-13 [1835 selected]
| >   graph_15    : 1.9546261686055529e-24 +/- 3.36e-24 [1925 selected]
| >   graph_16    : 3.8738908927741386e-09 +/- 1.11e-11 [1830 selected]
| >   graph_17    : -3.6166209766167908e-10 +/- 1.17e-12 [1853 selected]
| >   graph_18    : 1.1974809598517578e-08 +/- 4.02e-11 [16131 selected]
| >   graph_19    : 1.0575558096671925e-09 +/- 4.40e-12 [1922 selected]
| >   graph_20    : -7.6114784825038173e-10 +/- 3.06e-12 [1926 selected]
| >   graph_21    : -8.7243218207748856e-10 +/- 9.56e-12 [3613 selected]
| >   graph_22    : -4.9243155194989611e-10 +/- 8.86e-12 [1944 selected]
| >   graph_23    : -2.8900092271800935e-10 +/- 7.37e-12 [1934 selected]
| >   graph_24    : 5.9130785886295068e-10 +/- 1.54e-11 [3416 selected]
| >   graph_25    : 4.2621988670500490e-10 +/- 9.55e-12 [1868 selected]
| >   graph_26    : -2.1420776798224209e-10 +/- 7.04e-13 [1914 selected]
| >   graph_27    : -2.7180893978128639e-11 +/- 8.70e-14 [1869 selected]
| >   graph_28    : -1.1674699251275904e-09 +/- 7.05e-12 [1878 selected]
| >   graph_29    : 6.8093110620667894e-08 +/- 1.02e-10 [63294 selected]
| >   graph_30    : -1.4055352997842180e-09 +/- 9.64e-11 [63912 selected]
| >   graph_31    : 4.0098492756196326e-11 +/- 3.56e-13 [1910 selected]
| >   graph_32    : -5.3798926493339472e-11 +/- 7.01e-12 [1851 selected]
| >   graph_33    : -1.8853952516217449e-09 +/- 2.10e-11 [5242 selected]
| >   graph_34    : 7.1467961968349896e-26 +/- 2.94e-26 [1885 selected]
| >   graph_35    : 2.5261614159733229e-08 +/- 9.71e-11 [69712 selected]
| >   graph_36    : -2.9296351602931728e-09 +/- 2.08e-11 [5931 selected]
| >   graph_37    : 1.6155035921304862e-08 +/- 5.36e-11 [24515 selected]
| >   graph_38    : 4.0023931782982888e-10 +/- 2.96e-12 [1895 selected]
| >   graph_39    : -7.6229759724862991e-09 +/- 3.46e-11 [11666 selected]
| >   graph_40    : -3.3260758086178988e-10 +/- 2.17e-10 [190274 selected]
| >   graph_41    : 1.7519460334251258e-09 +/- 1.50e-11 [5495 selected]
| >   graph_42    : 4.4371351441238309e-09 +/- 8.59e-11 [38436 selected]
| >   graph_43    : 3.1532235520754957e-09 +/- 2.20e-11 [6275 selected]
| >   graph_44    : 4.4402558966436244e-10 +/- 6.76e-12 [2274 selected]
| >   graph_45    : 2.3969867756398579e-10 +/- 7.64e-13 [1888 selected]
| >   graph_46    : -6.1039666437753626e-11 +/- 3.14e-13 [1959 selected]
| >   graph_47    : -6.1505235706648497e-09 +/- 4.35e-10 [179868 selected]
| >   graph_48    : -9.4924511712176742e-11 +/- 1.83e-12 [1892 selected]
| >   graph_49    : -3.4308413900201147e-08 +/- 6.00e-11 [26169 selected]
| >   graph_50    : 8.9778168564816646e-10 +/- 1.33e-11 [3279 selected]
| >   graph_51    : 5.7912353816554089e-09 +/- 1.65e-11 [2857 selected]
| >   graph_52    : 2.1578464394128728e-10 +/- 4.61e-12 [1906 selected]
| >   graph_53    : -8.1476682162616064e-10 +/- 1.26e-11 [4650 selected]
| >   graph_54    : -2.5891850594719152e-09 +/- 7.97e-11 [39871 selected]
| >   graph_55    : 1.1325329224263486e-09 +/- 1.13e-11 [3995 selected]
| >   graph_56    : -4.1932997643598781e-09 +/- 1.21e-11 [2047 selected]
| >   graph_57    : -1.2902669263771379e-08 +/- 4.45e-11 [17933 selected]
| >   graph_58    : 4.1254147890381550e-11 +/- 1.97e-12 [1964 selected]
| >   graph_59    : 4.0071361129288143e-11 +/- 1.95e-12 [1818 selected]
| >   graph_60    : -6.8397871620548617e-11 +/- 1.99e-12 [1893 selected]
| >   graph_61    : 1.2652055288418222e-08 +/- 6.51e-11 [31610 selected]
| >   graph_62    : -1.7742212186045410e-24 +/- 2.17e-24 [1987 selected]
| >   graph_63    : -1.1622043755364510e-09 +/- 8.84e-12 [1959 selected]
| >   graph_64    : 8.2564617063444819e-10 +/- 3.39e-12 [2010 selected]
| >   sum         : 3.0237360511354284e-08
| >   total       : 3.0237360511354343e-08
| >   difference  : -5.9557004103817993e-23
[92mINFO[0m [94msymbolica_integrator l.7237[0m [96mt=2026-09-09,16:33:57.428[0m > Symbolica integration: starting iteration [92m77/100[0m using [94m1000000[0m points ...
[92mINFO[0m [94msymbolica_integrator l.7270[0m [96mt=2026-09-09,16:38:47.642[0m > ... result after this iteration:
| > Integration result after [92m77000000[0m evaluations in [92m1038798.06 CPU-s[0m [94m(13490.9 µs / eval)[0m
| > Extremal weights:
| >   with jacobian    : 6.86453e+04 at xs = [1.2022270797178483e-05 5.1347871165060355e-01 4.9844193335264181e-01 1.4516739088301420e-01 6.1668961407828471e-01 8.5908706354626785e-01] | jacobian = 3.89981e+06
| >     momentum space  : k = [[-4.7916734390976243e-03, -4.0677616413366393e-04, 1.3537602410258231e+02]; [-2.1621547971222004e+01, -1.9473774833694030e+01, -6.1379768355896978e+01]]
| >   without jacobian : 3.91447e+04 at xs = [6.9227500098056595e-11 8.4609202719086396e-01 4.1932247795077110e-01 9.8421181277806566e-02 3.6083494962649804e-01 4.2896348320695171e-01] | jacobian = 1.05860e-04
| >     momentum space  : k = [[1.5219153965627792e-08, -2.2067080113806765e-08, 8.7023903973540399e+01]; [-2.7315361155387055e+01, 3.2668131218968895e+01, 9.6641901762219966e+00]]
| >   before clipping   : 2.77627e+07 at xs = [1.2621573356944467e-07 4.0622681547034613e-02 4.9991243587330625e-01 1.5142333099317212e-01 9.4166306236820463e-01 6.0510737373729140e-01]
| >     momentum space  : k = [[4.8850681703792525e-05, 1.2746653352121141e-05, 1.4225102275936715e+02]; [6.3036167153096578e+01, -2.4198955389115497e+01, -2.3143213026048883e+01]]
| > Stability pipeline: float pairs accepted = 104240215, HP pairs attempted/accepted = 3072850/3072850
| > Stability triggers: float mismatch = 2852251, float non-finite/error = 1390
| > HP precision escalations: attempted/accepted = 4220/4220
| > Higher-precision rejections: disagreement = 0, non-finite = 0, error = 0
| > Soft-mirror stability: pairs = 33132316, large-side triggers = 218094, HP orbits attempted/salvaged/failed = 2819251/2819251/0
| > Soft-mirror extrema: raw mirror = -9.09915e+09, post-average = 2.77627e+07
| > Strongest soft-mirror cancellation: residual/raw = 0.00000e+00
| > Unstable rotational-check points rejected = 0
| > Rotational-check high-precision retries = 2853641
| > Rotational-check high-precision salvaged = 2853641
| > Large-weight high-precision retries = 219209
| > Large-weight high-precision salvaged = 219209
| > Large-weight high-precision rejected = 0
| > Large-weight samples zeroed = 371 (4.818e-06 of samples; removed signed/absolute sums = 1.23357e+08/2.79468e+08)
| > Non-finite final outputs zeroed = 0
| > Non-finite float rotated evaluations seen = 63
| > Example higher-precision-retried xs = [2.6880750982012969e-01 1.7402049722655100e-01 6.0980772598890010e-02 9.9750773443479890e-01 3.0048234085139136e-01 8.2729716849149482e-01] | float rel = 1.44350e-07
| >     momentum space  : k = [[1.2864873913282938e+01, 2.4869169488989783e+01, 1.4436129598391815e+02]; [-2.5782389205217190e+04, 7.8539332094821817e+04, -1.3710486440690246e+05]]
| > Example large-weight higher-precision-retried xs = [1.9231173850990912e-01 6.5780162395444419e-01 8.8861886028403791e-01 7.0208850143205215e-04 5.4240755566925725e-01 5.0445441660376766e-01] | compiled = -1.10603e+04 | higher precision = -1.02451e-01
| >     momentum space  : k = [[-1.7873903535647262e+01, -2.7323121682648594e+01, -8.9469201105104602e+01]; [-2.7108866766462003e-01, -7.3992249469811575e-02, -3.9326328464896528e-03]]
| > Example NaN/non-finite rotated xs = [4.3974642111233074e-04 4.7267464511837748e-01 9.9995896344930690e-01 6.1497814457061539e-01 6.0079335026881553e-01 6.4637841020769249e-01]
| >     momentum space  : k = [[-2.2353286370510883e-05, 3.8760017987051835e-06, 1.2731159591423573e+03]; [-4.6150254078839635e+02, -3.3882885223629427e+02, -2.8355997629564860e+02]]
| > [92mCentral value[0m : +3.0229126135018130e-08   +/- 5.52e-10     ([91m1.825%[0m)
[92mINFO[0m [94msymbolica_integrator l.7274[0m [96mt=2026-09-09,16:38:47.642[0m > | > Graph-channel Symbolica observer estimates:
| >   graph_0     : -2.0671638765670610e-08 +/- 7.80e-11 [44929 selected]
| >   graph_1     : 3.4129855995443899e-10 +/- 5.83e-12 [1874 selected]
| >   graph_2     : -1.2849879876494262e-08 +/- 3.46e-11 [11251 selected]
| >   graph_3     : 1.1122467864338531e-10 +/- 1.03e-12 [1860 selected]
| >   graph_4     : -6.1682724381680174e-10 +/- 1.08e-11 [1962 selected]
| >   graph_5     : -3.9035681702553397e-11 +/- 1.18e-12 [1921 selected]
| >   graph_6     : -3.7048172876676705e-11 +/- 1.23e-12 [1921 selected]
| >   graph_7     : 6.5709220078679611e-11 +/- 1.78e-12 [1970 selected]
| >   graph_8     : -9.2104270374584696e-10 +/- 8.88e-12 [3288 selected]
| >   graph_9     : 1.0682239978522616e-09 +/- 9.65e-12 [3327 selected]
| >   graph_10    : -2.7693778977172751e-09 +/- 4.70e-11 [20113 selected]
| >   graph_11    : 2.1495735121225663e-27 +/- 2.06e-28 [1938 selected]
| >   graph_12    : -5.6090769731646797e-10 +/- 6.40e-12 [2345 selected]
| >   graph_13    : -1.1724581156293439e-08 +/- 5.82e-11 [28794 selected]
| >   graph_14    : 1.0943455181589850e-10 +/- 3.57e-13 [1883 selected]
| >   graph_15    : 1.8884965840167574e-24 +/- 3.32e-24 [1885 selected]
| >   graph_16    : 3.8732868136557855e-09 +/- 1.11e-11 [1924 selected]
| >   graph_17    : -3.6186677741255360e-10 +/- 1.17e-12 [1982 selected]
| >   graph_18    : 1.1972171432068902e-08 +/- 3.99e-11 [16214 selected]
| >   graph_19    : 1.0570201232164009e-09 +/- 4.37e-12 [1910 selected]
| >   graph_20    : -7.6122999989542055e-10 +/- 3.04e-12 [1965 selected]
| >   graph_21    : -8.7215240783299330e-10 +/- 9.50e-12 [3544 selected]
| >   graph_22    : -4.9226406356209201e-10 +/- 8.77e-12 [1933 selected]
| >   graph_23    : -2.8919301200713161e-10 +/- 7.29e-12 [1963 selected]
| >   graph_24    : 5.9072684956489578e-10 +/- 1.53e-11 [3367 selected]
| >   graph_25    : 4.2821064086000812e-10 +/- 9.50e-12 [1918 selected]
| >   graph_26    : -2.1409543700742109e-10 +/- 6.99e-13 [1875 selected]
| >   graph_27    : -2.7186693030741779e-11 +/- 8.64e-14 [1936 selected]
| >   graph_28    : -1.1693928852085380e-09 +/- 7.00e-12 [1969 selected]
| >   graph_29    : 6.8093187266956465e-08 +/- 1.01e-10 [63107 selected]
| >   graph_30    : -1.4227369834934625e-09 +/- 9.54e-11 [63752 selected]
| >   graph_31    : 4.0093150999414011e-11 +/- 3.53e-13 [1930 selected]
| >   graph_32    : -5.4004096913242351e-11 +/- 6.96e-12 [1927 selected]
| >   graph_33    : -1.8845576836286188e-09 +/- 2.08e-11 [5089 selected]
| >   graph_34    : 7.3230502456609845e-26 +/- 2.91e-26 [1932 selected]
| >   graph_35    : 2.5262983071720649e-08 +/- 9.61e-11 [69873 selected]
| >   graph_36    : -2.9292094490635284e-09 +/- 2.06e-11 [5745 selected]
| >   graph_37    : 1.6158645235579207e-08 +/- 5.31e-11 [24706 selected]
| >   graph_38    : 4.0055214338551226e-10 +/- 2.94e-12 [1881 selected]
| >   graph_39    : -7.6189566111789618e-09 +/- 3.44e-11 [11796 selected]
| >   graph_40    : -3.3249340726307969e-10 +/- 2.15e-10 [190277 selected]
| >   graph_41    : 1.7496828306802401e-09 +/- 1.48e-11 [5486 selected]
| >   graph_42    : 4.4386896737394322e-09 +/- 8.50e-11 [38541 selected]
| >   graph_43    : 3.1536122687518322e-09 +/- 2.18e-11 [6386 selected]
| >   graph_44    : 4.4464143591586938e-10 +/- 6.71e-12 [2327 selected]
| >   graph_45    : 2.3989403781524135e-10 +/- 7.60e-13 [2016 selected]
| >   graph_46    : -6.1069890097713776e-11 +/- 3.12e-13 [1968 selected]
| >   graph_47    : -6.1605269570960031e-09 +/- 4.29e-10 [179727 selected]
| >   graph_48    : -9.4619435537070273e-11 +/- 1.82e-12 [1919 selected]
| >   graph_49    : -3.4306798016643025e-08 +/- 5.99e-11 [25870 selected]
| >   graph_50    : 8.9728644401951345e-10 +/- 1.32e-11 [3272 selected]
| >   graph_51    : 5.7916848303073437e-09 +/- 1.64e-11 [2975 selected]
| >   graph_52    : 2.1560699606559301e-10 +/- 4.58e-12 [1855 selected]
| >   graph_53    : -8.1320567023068710e-10 +/- 1.25e-11 [4678 selected]
| >   graph_54    : -2.5918540413086209e-09 +/- 7.88e-11 [40171 selected]
| >   graph_55    : 1.1338895789633962e-09 +/- 1.13e-11 [3893 selected]
| >   graph_56    : -4.1912544387040540e-09 +/- 1.20e-11 [1944 selected]
| >   graph_57    : -1.2906120615900751e-08 +/- 4.41e-11 [18186 selected]
| >   graph_58    : 4.1211969773201014e-11 +/- 1.96e-12 [1806 selected]
| >   graph_59    : 3.9782785817808620e-11 +/- 1.94e-12 [1871 selected]
| >   graph_60    : -6.8529507927385170e-11 +/- 1.98e-12 [1919 selected]
| >   graph_61    : 1.2661313805758336e-08 +/- 6.46e-11 [31720 selected]
| >   graph_62    : 4.1462428309290511e-24 +/- 6.47e-24 [1912 selected]
| >   graph_63    : -1.1624312397180288e-09 +/- 8.78e-12 [1913 selected]
| >   graph_64    : 8.2515025735341238e-10 +/- 3.37e-12 [1869 selected]
| >   sum         : 3.0229126135018070e-08
| >   total       : 3.0229126135018130e-08
| >   difference  : -5.9557004103817993e-23
[92mINFO[0m [94msymbolica_integrator l.7237[0m [96mt=2026-09-09,16:38:47.642[0m > Symbolica integration: starting iteration [92m78/100[0m using [94m1000000[0m points ...
[92mINFO[0m [94msymbolica_integrator l.7270[0m [96mt=2026-09-09,16:44:09.797[0m > ... result after this iteration:
| > Integration result after [92m78000000[0m evaluations in [92m1052699.46 CPU-s[0m [94m(13496.1 µs / eval)[0m
| > Extremal weights:
| >   with jacobian    : 6.86453e+04 at xs = [1.2022270797178483e-05 5.1347871165060355e-01 4.9844193335264181e-01 1.4516739088301420e-01 6.1668961407828471e-01 8.5908706354626785e-01] | jacobian = 3.89981e+06
| >     momentum space  : k = [[-4.7916734390976243e-03, -4.0677616413366393e-04, 1.3537602410258231e+02]; [-2.1621547971222004e+01, -1.9473774833694030e+01, -6.1379768355896978e+01]]
| >   without jacobian : 3.91447e+04 at xs = [6.9227500098056595e-11 8.4609202719086396e-01 4.1932247795077110e-01 9.8421181277806566e-02 3.6083494962649804e-01 4.2896348320695171e-01] | jacobian = 1.05860e-04
| >     momentum space  : k = [[1.5219153965627792e-08, -2.2067080113806765e-08, 8.7023903973540399e+01]; [-2.7315361155387055e+01, 3.2668131218968895e+01, 9.6641901762219966e+00]]
| >   before clipping   : 2.77627e+07 at xs = [1.2621573356944467e-07 4.0622681547034613e-02 4.9991243587330625e-01 1.5142333099317212e-01 9.4166306236820463e-01 6.0510737373729140e-01]
| >     momentum space  : k = [[4.8850681703792525e-05, 1.2746653352121141e-05, 1.4225102275936715e+02]; [6.3036167153096578e+01, -2.4198955389115497e+01, -2.3143213026048883e+01]]
| > Stability pipeline: float pairs accepted = 105585078, HP pairs attempted/accepted = 3112494/3112494
| > Stability triggers: float mismatch = 2889258, float non-finite/error = 1398
| > HP precision escalations: attempted/accepted = 4262/4262
| > Higher-precision rejections: disagreement = 0, non-finite = 0, error = 0
| > Soft-mirror stability: pairs = 33553143, large-side triggers = 220710, HP orbits attempted/salvaged/failed = 2855571/2855571/0
| > Soft-mirror extrema: raw mirror = -9.09915e+09, post-average = 2.77627e+07
| > Strongest soft-mirror cancellation: residual/raw = 0.00000e+00
| > Unstable rotational-check points rejected = 0
| > Rotational-check high-precision retries = 2890656
| > Rotational-check high-precision salvaged = 2890656
| > Large-weight high-precision retries = 221838
| > Large-weight high-precision salvaged = 221838
| > Large-weight high-precision rejected = 0
| > Large-weight samples zeroed = 372 (4.769e-06 of samples; removed signed/absolute sums = 1.23618e+08/2.79729e+08)
| > Non-finite final outputs zeroed = 0
| > Non-finite float rotated evaluations seen = 64
| > Example higher-precision-retried xs = [2.6880750982012969e-01 1.7402049722655100e-01 6.0980772598890010e-02 9.9750773443479890e-01 3.0048234085139136e-01 8.2729716849149482e-01] | float rel = 1.44350e-07
| >     momentum space  : k = [[1.2864873913282938e+01, 2.4869169488989783e+01, 1.4436129598391815e+02]; [-2.5782389205217190e+04, 7.8539332094821817e+04, -1.3710486440690246e+05]]
| > Example large-weight higher-precision-retried xs = [1.9231173850990912e-01 6.5780162395444419e-01 8.8861886028403791e-01 7.0208850143205215e-04 5.4240755566925725e-01 5.0445441660376766e-01] | compiled = -1.10603e+04 | higher precision = -1.02451e-01
| >     momentum space  : k = [[-1.7873903535647262e+01, -2.7323121682648594e+01, -8.9469201105104602e+01]; [-2.7108866766462003e-01, -7.3992249469811575e-02, -3.9326328464896528e-03]]
| > Example NaN/non-finite rotated xs = [4.3974642111233074e-04 4.7267464511837748e-01 9.9995896344930690e-01 6.1497814457061539e-01 6.0079335026881553e-01 6.4637841020769249e-01]
| >     momentum space  : k = [[-2.2353286370510883e-05, 3.8760017987051835e-06, 1.2731159591423573e+03]; [-4.6150254078839635e+02, -3.3882885223629427e+02, -2.8355997629564860e+02]]
| > [92mCentral value[0m : +3.0213757496347093e-08   +/- 5.45e-10     ([91m1.804%[0m)
[92mINFO[0m [94msymbolica_integrator l.7274[0m [96mt=2026-09-09,16:44:09.798[0m > | > Graph-channel Symbolica observer estimates:
| >   graph_0     : -2.0667417472296988e-08 +/- 7.73e-11 [44784 selected]
| >   graph_1     : 3.4099090829825818e-10 +/- 5.79e-12 [1903 selected]
| >   graph_2     : -1.2851181500395702e-08 +/- 3.43e-11 [11478 selected]
| >   graph_3     : 1.1134575296284392e-10 +/- 1.02e-12 [1925 selected]
| >   graph_4     : -6.1811247131915113e-10 +/- 1.07e-11 [2056 selected]
| >   graph_5     : -3.9053037989658316e-11 +/- 1.17e-12 [1946 selected]
| >   graph_6     : -3.7302426892395869e-11 +/- 1.22e-12 [1914 selected]
| >   graph_7     : 6.5843607145027170e-11 +/- 1.77e-12 [1900 selected]
| >   graph_8     : -9.2012293468856223e-10 +/- 8.82e-12 [3299 selected]
| >   graph_9     : 1.0669323055216846e-09 +/- 9.58e-12 [3390 selected]
| >   graph_10    : -2.7668853738028036e-09 +/- 4.65e-11 [20478 selected]
| >   graph_11    : 2.1629566092428455e-27 +/- 2.05e-28 [1970 selected]
| >   graph_12    : -5.6026506911615610e-10 +/- 6.36e-12 [2392 selected]
| >   graph_13    : -1.1724845498298932e-08 +/- 5.76e-11 [28923 selected]
| >   graph_14    : 1.0936877298450624e-10 +/- 3.54e-13 [1801 selected]
| >   graph_15    : 1.8763929261455245e-24 +/- 3.28e-24 [1902 selected]
| >   graph_16    : 3.8748886888872297e-09 +/- 1.10e-11 [1944 selected]
| >   graph_17    : -3.6178014866289006e-10 +/- 1.16e-12 [1872 selected]
| >   graph_18    : 1.1970096387298819e-08 +/- 3.95e-11 [16383 selected]
| >   graph_19    : 1.0580004661412896e-09 +/- 4.35e-12 [1946 selected]
| >   graph_20    : -7.6127504732945272e-10 +/- 3.02e-12 [1923 selected]
| >   graph_21    : -8.7215741037016721e-10 +/- 9.44e-12 [3543 selected]
| >   graph_22    : -4.9509200452384902e-10 +/- 8.70e-12 [1952 selected]
| >   graph_23    : -2.8967851083364307e-10 +/- 7.20e-12 [1917 selected]
| >   graph_24    : 5.9289094103228900e-10 +/- 1.52e-11 [3505 selected]
| >   graph_25    : 4.2855776274688490e-10 +/- 9.45e-12 [1892 selected]
| >   graph_26    : -2.1406188947060467e-10 +/- 6.94e-13 [1914 selected]
| >   graph_27    : -2.7180234623302359e-11 +/- 8.58e-14 [1839 selected]
| >   graph_28    : -1.1700375785520245e-09 +/- 6.96e-12 [1903 selected]
| >   graph_29    : 6.8089127993204966e-08 +/- 9.96e-11 [63293 selected]
| >   graph_30    : -1.4236643014338350e-09 +/- 9.43e-11 [63955 selected]
| >   graph_31    : 4.0105145922794510e-11 +/- 3.51e-13 [1854 selected]
| >   graph_32    : -5.3376158112674904e-11 +/- 6.91e-12 [1874 selected]
| >   graph_33    : -1.8840943213672903e-09 +/- 2.07e-11 [5407 selected]
| >   graph_34    : 7.5036269859914347e-26 +/- 2.89e-26 [1902 selected]
| >   graph_35    : 2.5257370973539738e-08 +/- 9.51e-11 [70173 selected]
| >   graph_36    : -2.9288283089829031e-09 +/- 2.05e-11 [5818 selected]
| >   graph_37    : 1.6166925348317207e-08 +/- 5.27e-11 [24463 selected]
| >   graph_38    : 4.0061529526207469e-10 +/- 2.92e-12 [1879 selected]
| >   graph_39    : -7.6217802460237649e-09 +/- 3.41e-11 [11776 selected]
| >   graph_40    : -3.3744436662179366e-10 +/- 2.12e-10 [190533 selected]
| >   graph_41    : 1.7472821455823965e-09 +/- 1.47e-11 [5429 selected]
| >   graph_42    : 4.4281434755971878e-09 +/- 8.43e-11 [38708 selected]
| >   graph_43    : 3.1517570521214413e-09 +/- 2.17e-11 [6366 selected]
| >   graph_44    : 4.4387937722712236e-10 +/- 6.66e-12 [2232 selected]
| >   graph_45    : 2.3998738734077632e-10 +/- 7.55e-13 [1922 selected]
| >   graph_46    : -6.1069056727663276e-11 +/- 3.10e-13 [1845 selected]
| >   graph_47    : -6.1668569453434213e-09 +/- 4.24e-10 [178272 selected]
| >   graph_48    : -9.4852831931005402e-11 +/- 1.81e-12 [1934 selected]
| >   graph_49    : -3.4304380199860537e-08 +/- 5.95e-11 [26177 selected]
| >   graph_50    : 8.9672689442588298e-10 +/- 1.31e-11 [3223 selected]
| >   graph_51    : 5.7915729734653581e-09 +/- 1.63e-11 [2905 selected]
| >   graph_52    : 2.1614044138421020e-10 +/- 4.55e-12 [1889 selected]
| >   graph_53    : -8.1472558373072756e-10 +/- 1.24e-11 [4643 selected]
| >   graph_54    : -2.5840969709601707e-09 +/- 7.80e-11 [40054 selected]
| >   graph_55    : 1.1322729492084739e-09 +/- 1.12e-11 [3810 selected]
| >   graph_56    : -4.1911714262501567e-09 +/- 1.19e-11 [2017 selected]
| >   graph_57    : -1.2901114057702360e-08 +/- 4.38e-11 [17710 selected]
| >   graph_58    : 4.1230522030227778e-11 +/- 1.94e-12 [1814 selected]
| >   graph_59    : 3.9610863336958323e-11 +/- 1.93e-12 [1952 selected]
| >   graph_60    : -6.8247359643640418e-11 +/- 1.97e-12 [1884 selected]
| >   graph_61    : 1.2662091336418321e-08 +/- 6.40e-11 [31958 selected]
| >   graph_62    : 3.1194172619547833e-19 +/- 3.12e-19 [1965 selected]
| >   graph_63    : -1.1629882471275243e-09 +/- 8.73e-12 [1876 selected]
| >   graph_64    : 8.2514071961688448e-10 +/- 3.35e-12 [1894 selected]
| >   sum         : 3.0213757496347047e-08
| >   total       : 3.0213757496347093e-08
| >   difference  : -4.6322114302969550e-23
[92mINFO[0m [94msymbolica_integrator l.7237[0m [96mt=2026-09-09,16:44:09.798[0m > Symbolica integration: starting iteration [92m79/100[0m using [94m1000000[0m points ...
[92mINFO[0m [94msymbolica_integrator l.7270[0m [96mt=2026-09-09,16:49:41.446[0m > ... result after this iteration:
| > Integration result after [92m79000000[0m evaluations in [92m1066370.95 CPU-s[0m [94m(13498.4 µs / eval)[0m
| > Extremal weights:
| >   with jacobian    : 6.86453e+04 at xs = [1.2022270797178483e-05 5.1347871165060355e-01 4.9844193335264181e-01 1.4516739088301420e-01 6.1668961407828471e-01 8.5908706354626785e-01] | jacobian = 3.89981e+06
| >     momentum space  : k = [[-4.7916734390976243e-03, -4.0677616413366393e-04, 1.3537602410258231e+02]; [-2.1621547971222004e+01, -1.9473774833694030e+01, -6.1379768355896978e+01]]
| >   without jacobian : 3.91447e+04 at xs = [6.9227500098056595e-11 8.4609202719086396e-01 4.1932247795077110e-01 9.8421181277806566e-02 3.6083494962649804e-01 4.2896348320695171e-01] | jacobian = 1.05860e-04
| >     momentum space  : k = [[1.5219153965627792e-08, -2.2067080113806765e-08, 8.7023903973540399e+01]; [-2.7315361155387055e+01, 3.2668131218968895e+01, 9.6641901762219966e+00]]
| >   before clipping   : 2.77627e+07 at xs = [1.2621573356944467e-07 4.0622681547034613e-02 4.9991243587330625e-01 1.5142333099317212e-01 9.4166306236820463e-01 6.0510737373729140e-01]
| >     momentum space  : k = [[4.8850681703792525e-05, 1.2746653352121141e-05, 1.4225102275936715e+02]; [6.3036167153096578e+01, -2.4198955389115497e+01, -2.3143213026048883e+01]]
| > Stability pipeline: float pairs accepted = 106929517, HP pairs attempted/accepted = 3152071/3152071
| > Stability triggers: float mismatch = 2926349, float non-finite/error = 1411
| > HP precision escalations: attempted/accepted = 4304/4304
| > Higher-precision rejections: disagreement = 0, non-finite = 0, error = 0
| > Soft-mirror stability: pairs = 33973413, large-side triggers = 223173, HP orbits attempted/salvaged/failed = 2891825/2891825/0
| > Soft-mirror extrema: raw mirror = -9.09915e+09, post-average = 2.77627e+07
| > Strongest soft-mirror cancellation: residual/raw = 0.00000e+00
| > Unstable rotational-check points rejected = 0
| > Rotational-check high-precision retries = 2927760
| > Rotational-check high-precision salvaged = 2927760
| > Large-weight high-precision retries = 224311
| > Large-weight high-precision salvaged = 224311
| > Large-weight high-precision rejected = 0
| > Large-weight samples zeroed = 373 (4.722e-06 of samples; removed signed/absolute sums = 1.23504e+08/2.79843e+08)
| > Non-finite final outputs zeroed = 0
| > Non-finite float rotated evaluations seen = 64
| > Example higher-precision-retried xs = [2.6880750982012969e-01 1.7402049722655100e-01 6.0980772598890010e-02 9.9750773443479890e-01 3.0048234085139136e-01 8.2729716849149482e-01] | float rel = 1.44350e-07
| >     momentum space  : k = [[1.2864873913282938e+01, 2.4869169488989783e+01, 1.4436129598391815e+02]; [-2.5782389205217190e+04, 7.8539332094821817e+04, -1.3710486440690246e+05]]
| > Example large-weight higher-precision-retried xs = [1.9231173850990912e-01 6.5780162395444419e-01 8.8861886028403791e-01 7.0208850143205215e-04 5.4240755566925725e-01 5.0445441660376766e-01] | compiled = -1.10603e+04 | higher precision = -1.02451e-01
| >     momentum space  : k = [[-1.7873903535647262e+01, -2.7323121682648594e+01, -8.9469201105104602e+01]; [-2.7108866766462003e-01, -7.3992249469811575e-02, -3.9326328464896528e-03]]
| > Example NaN/non-finite rotated xs = [4.3974642111233074e-04 4.7267464511837748e-01 9.9995896344930690e-01 6.1497814457061539e-01 6.0079335026881553e-01 6.4637841020769249e-01]
| >     momentum space  : k = [[-2.2353286370510883e-05, 3.8760017987051835e-06, 1.2731159591423573e+03]; [-4.6150254078839635e+02, -3.3882885223629427e+02, -2.8355997629564860e+02]]
| > [92mCentral value[0m : +3.0181900718770023e-08   +/- 5.39e-10     ([91m1.785%[0m)
[92mINFO[0m [94msymbolica_integrator l.7274[0m [96mt=2026-09-09,16:49:41.446[0m > | > Graph-channel Symbolica observer estimates:
| >   graph_0     : -2.0668994635368572e-08 +/- 7.66e-11 [44736 selected]
| >   graph_1     : 3.3959878720781243e-10 +/- 5.76e-12 [1864 selected]
| >   graph_2     : -1.2849702322729636e-08 +/- 3.41e-11 [11284 selected]
| >   graph_3     : 1.1143019896926388e-10 +/- 1.02e-12 [1892 selected]
| >   graph_4     : -6.1946778236960845e-10 +/- 1.06e-11 [2007 selected]
| >   graph_5     : -3.9187019869525824e-11 +/- 1.17e-12 [1854 selected]
| >   graph_6     : -3.7374857349799128e-11 +/- 1.22e-12 [1868 selected]
| >   graph_7     : 6.5748378833754604e-11 +/- 1.76e-12 [1853 selected]
| >   graph_8     : -9.1975953336180492e-10 +/- 8.79e-12 [3318 selected]
| >   graph_9     : 1.0665198570567005e-09 +/- 9.52e-12 [3263 selected]
| >   graph_10    : -2.7659548745123624e-09 +/- 4.61e-11 [20465 selected]
| >   graph_11    : 2.1849978626771264e-27 +/- 2.03e-28 [1906 selected]
| >   graph_12    : -5.6024675962696248e-10 +/- 6.32e-12 [2503 selected]
| >   graph_13    : -1.1724155911221969e-08 +/- 5.70e-11 [28862 selected]
| >   graph_14    : 1.0937322933279208e-10 +/- 3.52e-13 [1899 selected]
| >   graph_15    : 1.8447486042203328e-24 +/- 3.23e-24 [1814 selected]
| >   graph_16    : 3.8749942793996614e-09 +/- 1.10e-11 [1940 selected]
| >   graph_17    : -3.6201714964819505e-10 +/- 1.15e-12 [2005 selected]
| >   graph_18    : 1.1969983724714671e-08 +/- 3.92e-11 [16303 selected]
| >   graph_19    : 1.0574080498254533e-09 +/- 4.32e-12 [1891 selected]
| >   graph_20    : -7.6137501803290459e-10 +/- 3.00e-12 [1887 selected]
| >   graph_21    : -8.7147454631459366e-10 +/- 9.39e-12 [3527 selected]
| >   graph_22    : -4.9459627610529402e-10 +/- 8.63e-12 [1932 selected]
| >   graph_23    : -2.8895102975059156e-10 +/- 7.12e-12 [1894 selected]
| >   graph_24    : 5.9188525812490944e-10 +/- 1.51e-11 [3377 selected]
| >   graph_25    : 4.2876916407642194e-10 +/- 9.39e-12 [1841 selected]
| >   graph_26    : -2.1404907862762282e-10 +/- 6.89e-13 [1904 selected]
| >   graph_27    : -2.7165823169987639e-11 +/- 8.52e-14 [1860 selected]
| >   graph_28    : -1.1688126358032626e-09 +/- 6.92e-12 [1869 selected]
| >   graph_29    : 6.8088049648442605e-08 +/- 9.86e-11 [63267 selected]
| >   graph_30    : -1.4282320816341984e-09 +/- 9.32e-11 [63568 selected]
| >   graph_31    : 4.0109241281802042e-11 +/- 3.49e-13 [1843 selected]
| >   graph_32    : -5.1464095118282505e-11 +/- 6.86e-12 [1873 selected]
| >   graph_33    : -1.8846042173669576e-09 +/- 2.06e-11 [5278 selected]
| >   graph_34    : 7.3822986214054541e-26 +/- 2.89e-26 [1848 selected]
| >   graph_35    : 2.5257653876777620e-08 +/- 9.42e-11 [69308 selected]
| >   graph_36    : -2.9258552320303265e-09 +/- 2.04e-11 [5935 selected]
| >   graph_37    : 1.6161815428056107e-08 +/- 5.23e-11 [24489 selected]
| >   graph_38    : 4.0062996526903557e-10 +/- 2.90e-12 [1896 selected]
| >   graph_39    : -7.6260932723515673e-09 +/- 3.39e-11 [11929 selected]
| >   graph_40    : -3.3312272593990106e-10 +/- 2.10e-10 [190530 selected]
| >   graph_41    : 1.7450643622597838e-09 +/- 1.46e-11 [5317 selected]
| >   graph_42    : 4.4257859030602025e-09 +/- 8.34e-11 [38937 selected]
| >   graph_43    : 3.1528174081993396e-09 +/- 2.15e-11 [6330 selected]
| >   graph_44    : 4.4272649904968652e-10 +/- 6.62e-12 [2343 selected]
| >   graph_45    : 2.3988848355056327e-10 +/- 7.50e-13 [1830 selected]
| >   graph_46    : -6.1077792012582621e-11 +/- 3.07e-13 [1837 selected]
| >   graph_47    : -6.1668265535380732e-09 +/- 4.18e-10 [179303 selected]
| >   graph_48    : -9.4858487417045926e-11 +/- 1.79e-12 [1931 selected]
| >   graph_49    : -3.4315344637485523e-08 +/- 5.91e-11 [26588 selected]
| >   graph_50    : 8.9587759091516815e-10 +/- 1.30e-11 [3134 selected]
| >   graph_51    : 5.7940593588958936e-09 +/- 1.62e-11 [3031 selected]
| >   graph_52    : 2.1561184959932949e-10 +/- 4.53e-12 [1929 selected]
| >   graph_53    : -8.1379518444128900e-10 +/- 1.23e-11 [4759 selected]
| >   graph_54    : -2.5868456205438675e-09 +/- 7.72e-11 [40122 selected]
| >   graph_55    : 1.1311870926500488e-09 +/- 1.11e-11 [3805 selected]
| >   graph_56    : -4.1891766837623035e-09 +/- 1.19e-11 [1980 selected]
| >   graph_57    : -1.2905456070533258e-08 +/- 4.34e-11 [17962 selected]
| >   graph_58    : 4.1440239418654006e-11 +/- 1.93e-12 [1924 selected]
| >   graph_59    : 3.9831739193840615e-11 +/- 1.92e-12 [1966 selected]
| >   graph_60    : -6.8270251257674758e-11 +/- 1.96e-12 [1872 selected]
| >   graph_61    : 1.2656297141983732e-08 +/- 6.35e-11 [32046 selected]
| >   graph_62    : 3.0799300653857585e-19 +/- 3.08e-19 [1875 selected]
| >   graph_63    : -1.1634184021139066e-09 +/- 8.68e-12 [1956 selected]
| >   graph_64    : 8.2507052372658790e-10 +/- 3.33e-12 [1841 selected]
| >   sum         : 3.0181900718769984e-08
| >   total       : 3.0181900718770023e-08
| >   difference  : -3.9704669402545328e-23
[92mINFO[0m [94msymbolica_integrator l.7237[0m [96mt=2026-09-09,16:49:41.446[0m > Symbolica integration: starting iteration [92m80/100[0m using [94m1000000[0m points ...
[92mINFO[0m [94msymbolica_integrator l.7270[0m [96mt=2026-09-09,16:55:05.269[0m > ... result after this iteration:
| > Integration result after [92m80000000[0m evaluations in [92m1079831.75 CPU-s[0m [94m(13497.9 µs / eval)[0m
| > Extremal weights:
| >   with jacobian    : 6.86453e+04 at xs = [1.2022270797178483e-05 5.1347871165060355e-01 4.9844193335264181e-01 1.4516739088301420e-01 6.1668961407828471e-01 8.5908706354626785e-01] | jacobian = 3.89981e+06
| >     momentum space  : k = [[-4.7916734390976243e-03, -4.0677616413366393e-04, 1.3537602410258231e+02]; [-2.1621547971222004e+01, -1.9473774833694030e+01, -6.1379768355896978e+01]]
| >   without jacobian : 3.91447e+04 at xs = [6.9227500098056595e-11 8.4609202719086396e-01 4.1932247795077110e-01 9.8421181277806566e-02 3.6083494962649804e-01 4.2896348320695171e-01] | jacobian = 1.05860e-04
| >     momentum space  : k = [[1.5219153965627792e-08, -2.2067080113806765e-08, 8.7023903973540399e+01]; [-2.7315361155387055e+01, 3.2668131218968895e+01, 9.6641901762219966e+00]]
| >   before clipping   : 2.77627e+07 at xs = [1.2621573356944467e-07 4.0622681547034613e-02 4.9991243587330625e-01 1.5142333099317212e-01 9.4166306236820463e-01 6.0510737373729140e-01]
| >     momentum space  : k = [[4.8850681703792525e-05, 1.2746653352121141e-05, 1.4225102275936715e+02]; [6.3036167153096578e+01, -2.4198955389115497e+01, -2.3143213026048883e+01]]
| > Stability pipeline: float pairs accepted = 108278917, HP pairs attempted/accepted = 3189351/3189351
| > Stability triggers: float mismatch = 2961288, float non-finite/error = 1428
| > HP precision escalations: attempted/accepted = 4356/4356
| > Higher-precision rejections: disagreement = 0, non-finite = 0, error = 0
| > Soft-mirror stability: pairs = 34394415, large-side triggers = 225489, HP orbits attempted/salvaged/failed = 2926147/2926147/0
| > Soft-mirror extrema: raw mirror = -9.09915e+09, post-average = 2.77627e+07
| > Strongest soft-mirror cancellation: residual/raw = 0.00000e+00
| > Unstable rotational-check points rejected = 0
| > Rotational-check high-precision retries = 2962716
| > Rotational-check high-precision salvaged = 2962716
| > Large-weight high-precision retries = 226635
| > Large-weight high-precision salvaged = 226635
| > Large-weight high-precision rejected = 0
| > Large-weight samples zeroed = 375 (4.687e-06 of samples; removed signed/absolute sums = 1.24747e+08/2.81793e+08)
| > Non-finite final outputs zeroed = 0
| > Non-finite float rotated evaluations seen = 64
| > Example higher-precision-retried xs = [2.6880750982012969e-01 1.7402049722655100e-01 6.0980772598890010e-02 9.9750773443479890e-01 3.0048234085139136e-01 8.2729716849149482e-01] | float rel = 1.44350e-07
| >     momentum space  : k = [[1.2864873913282938e+01, 2.4869169488989783e+01, 1.4436129598391815e+02]; [-2.5782389205217190e+04, 7.8539332094821817e+04, -1.3710486440690246e+05]]
| > Example large-weight higher-precision-retried xs = [1.9231173850990912e-01 6.5780162395444419e-01 8.8861886028403791e-01 7.0208850143205215e-04 5.4240755566925725e-01 5.0445441660376766e-01] | compiled = -1.10603e+04 | higher precision = -1.02451e-01
| >     momentum space  : k = [[-1.7873903535647262e+01, -2.7323121682648594e+01, -8.9469201105104602e+01]; [-2.7108866766462003e-01, -7.3992249469811575e-02, -3.9326328464896528e-03]]
| > Example NaN/non-finite rotated xs = [4.3974642111233074e-04 4.7267464511837748e-01 9.9995896344930690e-01 6.1497814457061539e-01 6.0079335026881553e-01 6.4637841020769249e-01]
| >     momentum space  : k = [[-2.2353286370510883e-05, 3.8760017987051835e-06, 1.2731159591423573e+03]; [-4.6150254078839635e+02, -3.3882885223629427e+02, -2.8355997629564860e+02]]
| > [92mCentral value[0m : +3.0180945799967545e-08   +/- 5.33e-10     ([91m1.765%[0m)
[92mINFO[0m [94msymbolica_integrator l.7274[0m [96mt=2026-09-09,16:55:05.270[0m > | > Graph-channel Symbolica observer estimates:
| >   graph_0     : -2.0662510450832622e-08 +/- 7.60e-11 [45011 selected]
| >   graph_1     : 3.3895421373234619e-10 +/- 5.71e-12 [1921 selected]
| >   graph_2     : -1.2851635605658122e-08 +/- 3.39e-11 [11460 selected]
| >   graph_3     : 1.1143781406418929e-10 +/- 1.01e-12 [1821 selected]
| >   graph_4     : -6.1869667426157692e-10 +/- 1.06e-11 [2073 selected]
| >   graph_5     : -3.9112989909445464e-11 +/- 1.16e-12 [1874 selected]
| >   graph_6     : -3.7193353646349217e-11 +/- 1.21e-12 [1873 selected]
| >   graph_7     : 6.5544391749623017e-11 +/- 1.74e-12 [1934 selected]
| >   graph_8     : -9.1954996221366676e-10 +/- 8.73e-12 [3151 selected]
| >   graph_9     : 1.0670240995405049e-09 +/- 9.45e-12 [3359 selected]
| >   graph_10    : -2.7646399238456025e-09 +/- 4.56e-11 [20445 selected]
| >   graph_11    : 2.2025398424386525e-27 +/- 2.02e-28 [1878 selected]
| >   graph_12    : -5.5952733165406336e-10 +/- 6.28e-12 [2409 selected]
| >   graph_13    : -1.1723086104137171e-08 +/- 5.64e-11 [28998 selected]
| >   graph_14    : 1.0935429691641520e-10 +/- 3.49e-13 [1903 selected]
| >   graph_15    : 1.8369788230338368e-24 +/- 3.19e-24 [1888 selected]
| >   graph_16    : 3.8745851109775413e-09 +/- 1.09e-11 [1887 selected]
| >   graph_17    : -3.6183069534798255e-10 +/- 1.14e-12 [1877 selected]
| >   graph_18    : 1.1965712133650111e-08 +/- 3.89e-11 [16034 selected]
| >   graph_19    : 1.0582917128783144e-09 +/- 4.30e-12 [1996 selected]
| >   graph_20    : -7.6142692711632379e-10 +/- 2.98e-12 [1911 selected]
| >   graph_21    : -8.7222558564739402e-10 +/- 9.32e-12 [3479 selected]
| >   graph_22    : -4.9498957283564040e-10 +/- 8.55e-12 [1869 selected]
| >   graph_23    : -2.8927845710417682e-10 +/- 7.04e-12 [1950 selected]
| >   graph_24    : 5.8974023453642016e-10 +/- 1.50e-11 [3481 selected]
| >   graph_25    : 4.3071730023130064e-10 +/- 9.34e-12 [1920 selected]
| >   graph_26    : -2.1409571006104490e-10 +/- 6.84e-13 [1959 selected]
| >   graph_27    : -2.7186592479954573e-11 +/- 8.47e-14 [1948 selected]
| >   graph_28    : -1.1682108795815724e-09 +/- 6.88e-12 [1879 selected]
| >   graph_29    : 6.8090774591641646e-08 +/- 9.77e-11 [63264 selected]
| >   graph_30    : -1.4259961610056414e-09 +/- 9.22e-11 [64172 selected]
| >   graph_31    : 4.0084250658063830e-11 +/- 3.46e-13 [1898 selected]
| >   graph_32    : -5.0656785234225892e-11 +/- 6.81e-12 [1902 selected]
| >   graph_33    : -1.8794797794398669e-09 +/- 2.06e-11 [5165 selected]
| >   graph_34    : 7.2735409288603543e-26 +/- 2.88e-26 [1902 selected]
| >   graph_35    : 2.5281361683212284e-08 +/- 9.46e-11 [69649 selected]
| >   graph_36    : -2.9286260349483883e-09 +/- 2.02e-11 [5843 selected]
| >   graph_37    : 1.6162965764176376e-08 +/- 5.19e-11 [24741 selected]
| >   graph_38    : 4.0076326688056972e-10 +/- 2.89e-12 [1912 selected]
| >   graph_39    : -7.6278670167845711e-09 +/- 3.36e-11 [11921 selected]
| >   graph_40    : -3.4540236254961362e-10 +/- 2.07e-10 [190453 selected]
| >   graph_41    : 1.7491347996519447e-09 +/- 1.45e-11 [5445 selected]
| >   graph_42    : 4.4295286153074893e-09 +/- 8.25e-11 [38859 selected]
| >   graph_43    : 3.1542155004766315e-09 +/- 2.14e-11 [6329 selected]
| >   graph_44    : 4.4238355138203007e-10 +/- 6.57e-12 [2287 selected]
| >   graph_45    : 2.3990490295306759e-10 +/- 7.45e-13 [1895 selected]
| >   graph_46    : -6.0997186920450707e-11 +/- 3.05e-13 [1822 selected]
| >   graph_47    : -6.1723412377713748e-09 +/- 4.13e-10 [177330 selected]
| >   graph_48    : -9.4903791688134047e-11 +/- 1.78e-12 [1911 selected]
| >   graph_49    : -3.4322443504330028e-08 +/- 5.87e-11 [26488 selected]
| >   graph_50    : 8.9293811009614442e-10 +/- 1.29e-11 [3201 selected]
| >   graph_51    : 5.7967830803650029e-09 +/- 1.61e-11 [2951 selected]
| >   graph_52    : 2.1476220058973544e-10 +/- 4.50e-12 [1942 selected]
| >   graph_53    : -8.1567851143935186e-10 +/- 1.22e-11 [4744 selected]
| >   graph_54    : -2.5996967369759919e-09 +/- 7.65e-11 [40469 selected]
| >   graph_55    : 1.1309872956330933e-09 +/- 1.11e-11 [3967 selected]
| >   graph_56    : -4.1910655419755187e-09 +/- 1.18e-11 [2053 selected]
| >   graph_57    : -1.2912477590759867e-08 +/- 4.30e-11 [17947 selected]
| >   graph_58    : 4.1176108579460300e-11 +/- 1.92e-12 [1870 selected]
| >   graph_59    : 3.9698084115804460e-11 +/- 1.91e-12 [1881 selected]
| >   graph_60    : -6.8223842989279067e-11 +/- 1.95e-12 [1857 selected]
| >   graph_61    : 1.2660622612006726e-08 +/- 6.30e-11 [32129 selected]
| >   graph_62    : 3.9817121374305883e-19 +/- 3.18e-19 [1833 selected]
| >   graph_63    : -1.1620332121548758e-09 +/- 8.63e-12 [1865 selected]
| >   graph_64    : 8.2458618686640557e-10 +/- 3.31e-12 [1915 selected]
| >   sum         : 3.0180945799967525e-08
| >   total       : 3.0180945799967545e-08
| >   difference  : -1.9852334701272664e-23
[92mINFO[0m [94msymbolica_integrator l.7237[0m [96mt=2026-09-09,16:55:05.270[0m > Symbolica integration: starting iteration [92m81/100[0m using [94m1000000[0m points ...
[92mINFO[0m [94msymbolica_integrator l.7270[0m [96mt=2026-09-09,17:00:46.812[0m > ... result after this iteration:
| > Integration result after [92m81000000[0m evaluations in [92m1094997.06 CPU-s[0m [94m(13518.5 µs / eval)[0m
| > Extremal weights:
| >   with jacobian    : 6.86453e+04 at xs = [1.2022270797178483e-05 5.1347871165060355e-01 4.9844193335264181e-01 1.4516739088301420e-01 6.1668961407828471e-01 8.5908706354626785e-01] | jacobian = 3.89981e+06
| >     momentum space  : k = [[-4.7916734390976243e-03, -4.0677616413366393e-04, 1.3537602410258231e+02]; [-2.1621547971222004e+01, -1.9473774833694030e+01, -6.1379768355896978e+01]]
| >   without jacobian : 3.91447e+04 at xs = [6.9227500098056595e-11 8.4609202719086396e-01 4.1932247795077110e-01 9.8421181277806566e-02 3.6083494962649804e-01 4.2896348320695171e-01] | jacobian = 1.05860e-04
| >     momentum space  : k = [[1.5219153965627792e-08, -2.2067080113806765e-08, 8.7023903973540399e+01]; [-2.7315361155387055e+01, 3.2668131218968895e+01, 9.6641901762219966e+00]]
| >   before clipping   : 2.77627e+07 at xs = [1.2621573356944467e-07 4.0622681547034613e-02 4.9991243587330625e-01 1.5142333099317212e-01 9.4166306236820463e-01 6.0510737373729140e-01]
| >     momentum space  : k = [[4.8850681703792525e-05, 1.2746653352121141e-05, 1.4225102275936715e+02]; [6.3036167153096578e+01, -2.4198955389115497e+01, -2.3143213026048883e+01]]
| > Stability pipeline: float pairs accepted = 109624642, HP pairs attempted/accepted = 3228536/3228536
| > Stability triggers: float mismatch = 2997902, float non-finite/error = 1446
| > HP precision escalations: attempted/accepted = 4409/4409
| > Higher-precision rejections: disagreement = 0, non-finite = 0, error = 0
| > Soft-mirror stability: pairs = 34814961, large-side triggers = 228035, HP orbits attempted/salvaged/failed = 2961783/2961783/0
| > Soft-mirror extrema: raw mirror = -9.09915e+09, post-average = 2.77627e+07
| > Strongest soft-mirror cancellation: residual/raw = 0.00000e+00
| > Unstable rotational-check points rejected = 0
| > Rotational-check high-precision retries = 2999348
| > Rotational-check high-precision salvaged = 2999348
| > Large-weight high-precision retries = 229188
| > Large-weight high-precision salvaged = 229188
| > Large-weight high-precision rejected = 0
| > Large-weight samples zeroed = 378 (4.667e-06 of samples; removed signed/absolute sums = 1.25147e+08/2.82193e+08)
| > Non-finite final outputs zeroed = 0
| > Non-finite float rotated evaluations seen = 64
| > Example higher-precision-retried xs = [2.6880750982012969e-01 1.7402049722655100e-01 6.0980772598890010e-02 9.9750773443479890e-01 3.0048234085139136e-01 8.2729716849149482e-01] | float rel = 1.44350e-07
| >     momentum space  : k = [[1.2864873913282938e+01, 2.4869169488989783e+01, 1.4436129598391815e+02]; [-2.5782389205217190e+04, 7.8539332094821817e+04, -1.3710486440690246e+05]]
| > Example large-weight higher-precision-retried xs = [1.9231173850990912e-01 6.5780162395444419e-01 8.8861886028403791e-01 7.0208850143205215e-04 5.4240755566925725e-01 5.0445441660376766e-01] | compiled = -1.10603e+04 | higher precision = -1.02451e-01
| >     momentum space  : k = [[-1.7873903535647262e+01, -2.7323121682648594e+01, -8.9469201105104602e+01]; [-2.7108866766462003e-01, -7.3992249469811575e-02, -3.9326328464896528e-03]]
| > Example NaN/non-finite rotated xs = [4.3974642111233074e-04 4.7267464511837748e-01 9.9995896344930690e-01 6.1497814457061539e-01 6.0079335026881553e-01 6.4637841020769249e-01]
| >     momentum space  : k = [[-2.2353286370510883e-05, 3.8760017987051835e-06, 1.2731159591423573e+03]; [-4.6150254078839635e+02, -3.3882885223629427e+02, -2.8355997629564860e+02]]
| > [92mCentral value[0m : +3.0176928619834871e-08   +/- 5.26e-10     ([91m1.745%[0m)
[92mINFO[0m [94msymbolica_integrator l.7274[0m [96mt=2026-09-09,17:00:46.813[0m > | > Graph-channel Symbolica observer estimates:
| >   graph_0     : -2.0659135356608931e-08 +/- 7.53e-11 [44963 selected]
| >   graph_1     : 3.3879314689625833e-10 +/- 5.67e-12 [1849 selected]
| >   graph_2     : -1.2858096372505323e-08 +/- 3.36e-11 [11523 selected]
| >   graph_3     : 1.1134114697088076e-10 +/- 1.00e-12 [1873 selected]
| >   graph_4     : -6.1981518718444937e-10 +/- 1.05e-11 [2131 selected]
| >   graph_5     : -3.9126613185070638e-11 +/- 1.15e-12 [1927 selected]
| >   graph_6     : -3.7060590915032277e-11 +/- 1.20e-12 [1874 selected]
| >   graph_7     : 6.5652508126075910e-11 +/- 1.73e-12 [1930 selected]
| >   graph_8     : -9.1878631267209446e-10 +/- 8.67e-12 [3337 selected]
| >   graph_9     : 1.0659484947025525e-09 +/- 9.39e-12 [3392 selected]
| >   graph_10    : -2.7647483592212460e-09 +/- 4.52e-11 [20281 selected]
| >   graph_11    : 2.1846691698899518e-27 +/- 2.00e-28 [1804 selected]
| >   graph_12    : -5.6021985937880789e-10 +/- 6.24e-12 [2433 selected]
| >   graph_13    : -1.1721130022399797e-08 +/- 5.59e-11 [28741 selected]
| >   graph_14    : 1.0929569748344679e-10 +/- 3.47e-13 [1843 selected]
| >   graph_15    : 1.8127546763212426e-24 +/- 3.15e-24 [1868 selected]
| >   graph_16    : 3.8759152300050525e-09 +/- 1.08e-11 [1908 selected]
| >   graph_17    : -3.6192029227353908e-10 +/- 1.13e-12 [1906 selected]
| >   graph_18    : 1.1966436311977527e-08 +/- 3.86e-11 [16403 selected]
| >   graph_19    : 1.0579176089974986e-09 +/- 4.27e-12 [1926 selected]
| >   graph_20    : -7.6147432898210629e-10 +/- 2.97e-12 [1915 selected]
| >   graph_21    : -8.7233610040145733e-10 +/- 9.26e-12 [3588 selected]
| >   graph_22    : -4.9498643591215616e-10 +/- 8.48e-12 [1934 selected]
| >   graph_23    : -2.8946638046812000e-10 +/- 6.96e-12 [2000 selected]
| >   graph_24    : 5.8939624182377966e-10 +/- 1.49e-11 [3376 selected]
| >   graph_25    : 4.3111200037337681e-10 +/- 9.29e-12 [1893 selected]
| >   graph_26    : -2.1406939703566648e-10 +/- 6.79e-13 [1920 selected]
| >   graph_27    : -2.7208277322077954e-11 +/- 8.42e-14 [1937 selected]
| >   graph_28    : -1.1686178222718988e-09 +/- 6.84e-12 [1809 selected]
| >   graph_29    : 6.8096250611770297e-08 +/- 9.68e-11 [63653 selected]
| >   graph_30    : -1.4182019977944939e-09 +/- 9.12e-11 [63372 selected]
| >   graph_31    : 4.0113781041657800e-11 +/- 3.44e-13 [1966 selected]
| >   graph_32    : -4.9789651714099655e-11 +/- 6.77e-12 [1872 selected]
| >   graph_33    : -1.8808475580024561e-09 +/- 2.05e-11 [5259 selected]
| >   graph_34    : 6.5611467623311623e-26 +/- 2.89e-26 [1840 selected]
| >   graph_35    : 2.5279135069479897e-08 +/- 9.37e-11 [71678 selected]
| >   graph_36    : -2.9262736514668551e-09 +/- 2.01e-11 [5784 selected]
| >   graph_37    : 1.6163255724302667e-08 +/- 5.15e-11 [24624 selected]
| >   graph_38    : 4.0110988339674326e-10 +/- 2.87e-12 [1878 selected]
| >   graph_39    : -7.6236659472568767e-09 +/- 3.34e-11 [11803 selected]
| >   graph_40    : -3.5109721242065296e-10 +/- 2.05e-10 [189117 selected]
| >   graph_41    : 1.7475797445758456e-09 +/- 1.44e-11 [5376 selected]
| >   graph_42    : 4.4276362527994222e-09 +/- 8.17e-11 [39027 selected]
| >   graph_43    : 3.1504605795151679e-09 +/- 2.12e-11 [6390 selected]
| >   graph_44    : 4.4239159268444455e-10 +/- 6.53e-12 [2232 selected]
| >   graph_45    : 2.3991841628486291e-10 +/- 7.40e-13 [1884 selected]
| >   graph_46    : -6.1011699159853425e-11 +/- 3.03e-13 [1914 selected]
| >   graph_47    : -6.1764087119930714e-09 +/- 4.08e-10 [177269 selected]
| >   graph_48    : -9.4938374951011776e-11 +/- 1.77e-12 [1958 selected]
| >   graph_49    : -3.4327693937498567e-08 +/- 5.82e-11 [26934 selected]
| >   graph_50    : 8.9268338316190319e-10 +/- 1.28e-11 [3185 selected]
| >   graph_51    : 5.8002661211830386e-09 +/- 1.61e-11 [3002 selected]
| >   graph_52    : 2.1446964695075204e-10 +/- 4.48e-12 [1937 selected]
| >   graph_53    : -8.1516706672997189e-10 +/- 1.21e-11 [4637 selected]
| >   graph_54    : -2.6011270163096764e-09 +/- 7.57e-11 [39962 selected]
| >   graph_55    : 1.1320315115495469e-09 +/- 1.10e-11 [3928 selected]
| >   graph_56    : -4.1894951934674100e-09 +/- 1.17e-11 [1964 selected]
| >   graph_57    : -1.2913445646997265e-08 +/- 4.27e-11 [18157 selected]
| >   graph_58    : 4.1583320259699542e-11 +/- 1.91e-12 [1902 selected]
| >   graph_59    : 3.9817572858434015e-11 +/- 1.90e-12 [1839 selected]
| >   graph_60    : -6.8084988110903048e-11 +/- 1.94e-12 [1878 selected]
| >   graph_61    : 1.2658993170113267e-08 +/- 6.24e-11 [31740 selected]
| >   graph_62    : 3.9363129648775676e-19 +/- 3.14e-19 [1937 selected]
| >   graph_63    : -1.1617383755468570e-09 +/- 8.58e-12 [1850 selected]
| >   graph_64    : 8.2460858831494958e-10 +/- 3.30e-12 [1968 selected]
| >   sum         : 3.0176928619834884e-08
| >   total       : 3.0176928619834871e-08
| >   difference  : 1.3234889800848443e-23
[92mINFO[0m [94msymbolica_integrator l.7237[0m [96mt=2026-09-09,17:00:46.813[0m > Symbolica integration: starting iteration [92m82/100[0m using [94m1000000[0m points ...
[92mINFO[0m [94msymbolica_integrator l.7270[0m [96mt=2026-09-09,17:05:58.897[0m > ... result after this iteration:
| > Integration result after [92m82000000[0m evaluations in [92m1108398.63 CPU-s[0m [94m(13517.1 µs / eval)[0m
| > Extremal weights:
| >   with jacobian    : 6.86453e+04 at xs = [1.2022270797178483e-05 5.1347871165060355e-01 4.9844193335264181e-01 1.4516739088301420e-01 6.1668961407828471e-01 8.5908706354626785e-01] | jacobian = 3.89981e+06
| >     momentum space  : k = [[-4.7916734390976243e-03, -4.0677616413366393e-04, 1.3537602410258231e+02]; [-2.1621547971222004e+01, -1.9473774833694030e+01, -6.1379768355896978e+01]]
| >   without jacobian : 3.91447e+04 at xs = [6.9227500098056595e-11 8.4609202719086396e-01 4.1932247795077110e-01 9.8421181277806566e-02 3.6083494962649804e-01 4.2896348320695171e-01] | jacobian = 1.05860e-04
| >     momentum space  : k = [[1.5219153965627792e-08, -2.2067080113806765e-08, 8.7023903973540399e+01]; [-2.7315361155387055e+01, 3.2668131218968895e+01, 9.6641901762219966e+00]]
| >   before clipping   : 2.77627e+07 at xs = [1.2621573356944467e-07 4.0622681547034613e-02 4.9991243587330625e-01 1.5142333099317212e-01 9.4166306236820463e-01 6.0510737373729140e-01]
| >     momentum space  : k = [[4.8850681703792525e-05, 1.2746653352121141e-05, 1.4225102275936715e+02]; [6.3036167153096578e+01, -2.4198955389115497e+01, -2.3143213026048883e+01]]
| > Stability pipeline: float pairs accepted = 110977657, HP pairs attempted/accepted = 3264601/3264601
| > Stability triggers: float mismatch = 3031689, float non-finite/error = 1463
| > HP precision escalations: attempted/accepted = 4467/4467
| > Higher-precision rejections: disagreement = 0, non-finite = 0, error = 0
| > Soft-mirror stability: pairs = 35236723, large-side triggers = 230285, HP orbits attempted/salvaged/failed = 2994465/2994465/0
| > Soft-mirror extrema: raw mirror = -9.09915e+09, post-average = 2.77627e+07
| > Strongest soft-mirror cancellation: residual/raw = 0.00000e+00
| > Unstable rotational-check points rejected = 0
| > Rotational-check high-precision retries = 3033152
| > Rotational-check high-precision salvaged = 3033152
| > Large-weight high-precision retries = 231449
| > Large-weight high-precision salvaged = 231449
| > Large-weight high-precision rejected = 0
| > Large-weight samples zeroed = 382 (4.659e-06 of samples; removed signed/absolute sums = 1.25599e+08/2.82645e+08)
| > Non-finite final outputs zeroed = 0
| > Non-finite float rotated evaluations seen = 65
| > Example higher-precision-retried xs = [2.6880750982012969e-01 1.7402049722655100e-01 6.0980772598890010e-02 9.9750773443479890e-01 3.0048234085139136e-01 8.2729716849149482e-01] | float rel = 1.44350e-07
| >     momentum space  : k = [[1.2864873913282938e+01, 2.4869169488989783e+01, 1.4436129598391815e+02]; [-2.5782389205217190e+04, 7.8539332094821817e+04, -1.3710486440690246e+05]]
| > Example large-weight higher-precision-retried xs = [1.9231173850990912e-01 6.5780162395444419e-01 8.8861886028403791e-01 7.0208850143205215e-04 5.4240755566925725e-01 5.0445441660376766e-01] | compiled = -1.10603e+04 | higher precision = -1.02451e-01
| >     momentum space  : k = [[-1.7873903535647262e+01, -2.7323121682648594e+01, -8.9469201105104602e+01]; [-2.7108866766462003e-01, -7.3992249469811575e-02, -3.9326328464896528e-03]]
| > Example NaN/non-finite rotated xs = [4.3974642111233074e-04 4.7267464511837748e-01 9.9995896344930690e-01 6.1497814457061539e-01 6.0079335026881553e-01 6.4637841020769249e-01]
| >     momentum space  : k = [[-2.2353286370510883e-05, 3.8760017987051835e-06, 1.2731159591423573e+03]; [-4.6150254078839635e+02, -3.3882885223629427e+02, -2.8355997629564860e+02]]
| > [92mCentral value[0m : +3.0181969746547290e-08   +/- 5.21e-10     ([91m1.725%[0m)
[92mINFO[0m [94msymbolica_integrator l.7274[0m [96mt=2026-09-09,17:05:58.898[0m > | > Graph-channel Symbolica observer estimates:
| >   graph_0     : -2.0658047387367080e-08 +/- 7.47e-11 [45082 selected]
| >   graph_1     : 3.3917958594355068e-10 +/- 5.66e-12 [1890 selected]
| >   graph_2     : -1.2853173542948572e-08 +/- 3.34e-11 [11439 selected]
| >   graph_3     : 1.1134465647553066e-10 +/- 1.00e-12 [1906 selected]
| >   graph_4     : -6.1812582975510754e-10 +/- 1.05e-11 [1996 selected]
| >   graph_5     : -3.9190156310259320e-11 +/- 1.15e-12 [1933 selected]
| >   graph_6     : -3.7165830903982358e-11 +/- 1.19e-12 [1898 selected]
| >   graph_7     : 6.5450110504765659e-11 +/- 1.72e-12 [1879 selected]
| >   graph_8     : -9.1721156580809561e-10 +/- 8.61e-12 [3334 selected]
| >   graph_9     : 1.0653440347127384e-09 +/- 9.33e-12 [3359 selected]
| >   graph_10    : -2.7705215531233800e-09 +/- 4.48e-11 [20481 selected]
| >   graph_11    : 2.1911475410113559e-27 +/- 1.99e-28 [1865 selected]
| >   graph_12    : -5.6082866790408334e-10 +/- 6.20e-12 [2481 selected]
| >   graph_13    : -1.1722863987728787e-08 +/- 5.55e-11 [28881 selected]
| >   graph_14    : 1.0927959113938203e-10 +/- 3.45e-13 [1875 selected]
| >   graph_15    : 1.7580887353757033e-24 +/- 3.12e-24 [1802 selected]
| >   graph_16    : 3.8739573886041611e-09 +/- 1.08e-11 [1807 selected]
| >   graph_17    : -3.6181976275142597e-10 +/- 1.13e-12 [1881 selected]
| >   graph_18    : 1.1959617560964830e-08 +/- 3.83e-11 [16315 selected]
| >   graph_19    : 1.0577047274214305e-09 +/- 4.25e-12 [1906 selected]
| >   graph_20    : -7.6160527833012850e-10 +/- 2.95e-12 [1895 selected]
| >   graph_21    : -8.7153030937047753e-10 +/- 9.20e-12 [3427 selected]
| >   graph_22    : -4.9593127867011989e-10 +/- 8.40e-12 [1887 selected]
| >   graph_23    : -2.8945418159898921e-10 +/- 6.88e-12 [1837 selected]
| >   graph_24    : 5.9005135926315031e-10 +/- 1.48e-11 [3444 selected]
| >   graph_25    : 4.3180393282591380e-10 +/- 9.24e-12 [1826 selected]
| >   graph_26    : -2.1410162264331026e-10 +/- 6.75e-13 [1890 selected]
| >   graph_27    : -2.7225889968255595e-11 +/- 8.37e-14 [1925 selected]
| >   graph_28    : -1.1678234760847695e-09 +/- 6.80e-12 [1849 selected]
| >   graph_29    : 6.8103432510612163e-08 +/- 9.58e-11 [63598 selected]
| >   graph_30    : -1.4158850900522404e-09 +/- 9.03e-11 [63193 selected]
| >   graph_31    : 4.0111661523914958e-11 +/- 3.42e-13 [1931 selected]
| >   graph_32    : -5.0354796560996343e-11 +/- 6.73e-12 [1889 selected]
| >   graph_33    : -1.8811639678115186e-09 +/- 2.03e-11 [5324 selected]
| >   graph_34    : 6.6138503963237254e-26 +/- 2.89e-26 [1948 selected]
| >   graph_35    : 2.5287212828485630e-08 +/- 9.28e-11 [71503 selected]
| >   graph_36    : -2.9277210730765836e-09 +/- 1.99e-11 [5998 selected]
| >   graph_37    : 1.6163636854932884e-08 +/- 5.11e-11 [24902 selected]
| >   graph_38    : 4.0053184402040186e-10 +/- 2.85e-12 [1825 selected]
| >   graph_39    : -7.6292828375512461e-09 +/- 3.31e-11 [11790 selected]
| >   graph_40    : -3.5456579438729587e-10 +/- 2.02e-10 [189338 selected]
| >   graph_41    : 1.7492454300804640e-09 +/- 1.43e-11 [5398 selected]
| >   graph_42    : 4.4328359300614513e-09 +/- 8.09e-11 [39257 selected]
| >   graph_43    : 3.1511034363456373e-09 +/- 2.11e-11 [6367 selected]
| >   graph_44    : 4.4093447473317565e-10 +/- 6.58e-12 [2267 selected]
| >   graph_45    : 2.3985218372876719e-10 +/- 7.35e-13 [1830 selected]
| >   graph_46    : -6.0990555530418664e-11 +/- 3.01e-13 [1841 selected]
| >   graph_47    : -6.1802024112691660e-09 +/- 4.03e-10 [176410 selected]
| >   graph_48    : -9.4977063621847897e-11 +/- 1.76e-12 [1831 selected]
| >   graph_49    : -3.4329298660288551e-08 +/- 5.77e-11 [26771 selected]
| >   graph_50    : 8.9080072580344465e-10 +/- 1.27e-11 [3220 selected]
| >   graph_51    : 5.8028139377451349e-09 +/- 1.60e-11 [3080 selected]
| >   graph_52    : 2.1435371728441939e-10 +/- 4.45e-12 [1883 selected]
| >   graph_53    : -8.1553829135520638e-10 +/- 1.20e-11 [4669 selected]
| >   graph_54    : -2.5972889114749889e-09 +/- 7.50e-11 [40428 selected]
| >   graph_55    : 1.1324154877936468e-09 +/- 1.09e-11 [3905 selected]
| >   graph_56    : -4.1883805861926852e-09 +/- 1.17e-11 [2015 selected]
| >   graph_57    : -1.2915395392861835e-08 +/- 4.23e-11 [18265 selected]
| >   graph_58    : 4.1449497250453827e-11 +/- 1.89e-12 [1861 selected]
| >   graph_59    : 3.9710209067303540e-11 +/- 1.89e-12 [1972 selected]
| >   graph_60    : -6.7922018367813393e-11 +/- 1.93e-12 [1918 selected]
| >   graph_61    : 1.2660127370462290e-08 +/- 6.18e-11 [31874 selected]
| >   graph_62    : 3.9264216659047470e-19 +/- 3.11e-19 [1835 selected]
| >   graph_63    : -1.1616275487783422e-09 +/- 8.54e-12 [1984 selected]
| >   graph_64    : 8.2488401881555633e-10 +/- 3.28e-12 [1890 selected]
| >   sum         : 3.0181969746547277e-08
| >   total       : 3.0181969746547290e-08
| >   difference  : -1.3234889800848443e-23
[92mINFO[0m [94msymbolica_integrator l.7237[0m [96mt=2026-09-09,17:05:58.898[0m > Symbolica integration: starting iteration [92m83/100[0m using [94m1000000[0m points ...
[92mINFO[0m [94msymbolica_integrator l.7270[0m [96mt=2026-09-09,17:11:15.758[0m > ... result after this iteration:
| > Integration result after [92m83000000[0m evaluations in [92m1122157.00 CPU-s[0m [94m(13520.0 µs / eval)[0m
| > Extremal weights:
| >   with jacobian    : 6.86453e+04 at xs = [1.2022270797178483e-05 5.1347871165060355e-01 4.9844193335264181e-01 1.4516739088301420e-01 6.1668961407828471e-01 8.5908706354626785e-01] | jacobian = 3.89981e+06
| >     momentum space  : k = [[-4.7916734390976243e-03, -4.0677616413366393e-04, 1.3537602410258231e+02]; [-2.1621547971222004e+01, -1.9473774833694030e+01, -6.1379768355896978e+01]]
| >   without jacobian : 3.91447e+04 at xs = [6.9227500098056595e-11 8.4609202719086396e-01 4.1932247795077110e-01 9.8421181277806566e-02 3.6083494962649804e-01 4.2896348320695171e-01] | jacobian = 1.05860e-04
| >     momentum space  : k = [[1.5219153965627792e-08, -2.2067080113806765e-08, 8.7023903973540399e+01]; [-2.7315361155387055e+01, 3.2668131218968895e+01, 9.6641901762219966e+00]]
| >   before clipping   : 2.77627e+07 at xs = [1.2621573356944467e-07 4.0622681547034613e-02 4.9991243587330625e-01 1.5142333099317212e-01 9.4166306236820463e-01 6.0510737373729140e-01]
| >     momentum space  : k = [[4.8850681703792525e-05, 1.2746653352121141e-05, 1.4225102275936715e+02]; [6.3036167153096578e+01, -2.4198955389115497e+01, -2.3143213026048883e+01]]
| > Stability pipeline: float pairs accepted = 112326241, HP pairs attempted/accepted = 3303025/3303025
| > Stability triggers: float mismatch = 3067491, float non-finite/error = 1482
| > HP precision escalations: attempted/accepted = 4535/4535
| > Higher-precision rejections: disagreement = 0, non-finite = 0, error = 0
| > Soft-mirror stability: pairs = 35658683, large-side triggers = 232874, HP orbits attempted/salvaged/failed = 3029417/3029417/0
| > Soft-mirror extrema: raw mirror = -9.09915e+09, post-average = 2.77627e+07
| > Strongest soft-mirror cancellation: residual/raw = 0.00000e+00
| > Unstable rotational-check points rejected = 0
| > Rotational-check high-precision retries = 3068973
| > Rotational-check high-precision salvaged = 3068973
| > Large-weight high-precision retries = 234052
| > Large-weight high-precision salvaged = 234052
| > Large-weight high-precision rejected = 0
| > Large-weight samples zeroed = 386 (4.651e-06 of samples; removed signed/absolute sums = 1.26587e+08/2.83633e+08)
| > Non-finite final outputs zeroed = 0
| > Non-finite float rotated evaluations seen = 66
| > Example higher-precision-retried xs = [2.6880750982012969e-01 1.7402049722655100e-01 6.0980772598890010e-02 9.9750773443479890e-01 3.0048234085139136e-01 8.2729716849149482e-01] | float rel = 1.44350e-07
| >     momentum space  : k = [[1.2864873913282938e+01, 2.4869169488989783e+01, 1.4436129598391815e+02]; [-2.5782389205217190e+04, 7.8539332094821817e+04, -1.3710486440690246e+05]]
| > Example large-weight higher-precision-retried xs = [1.9231173850990912e-01 6.5780162395444419e-01 8.8861886028403791e-01 7.0208850143205215e-04 5.4240755566925725e-01 5.0445441660376766e-01] | compiled = -1.10603e+04 | higher precision = -1.02451e-01
| >     momentum space  : k = [[-1.7873903535647262e+01, -2.7323121682648594e+01, -8.9469201105104602e+01]; [-2.7108866766462003e-01, -7.3992249469811575e-02, -3.9326328464896528e-03]]
| > Example NaN/non-finite rotated xs = [4.3974642111233074e-04 4.7267464511837748e-01 9.9995896344930690e-01 6.1497814457061539e-01 6.0079335026881553e-01 6.4637841020769249e-01]
| >     momentum space  : k = [[-2.2353286370510883e-05, 3.8760017987051835e-06, 1.2731159591423573e+03]; [-4.6150254078839635e+02, -3.3882885223629427e+02, -2.8355997629564860e+02]]
| > [92mCentral value[0m : +3.0213602596350735e-08   +/- 5.15e-10     ([91m1.704%[0m)
[92mINFO[0m [94msymbolica_integrator l.7274[0m [96mt=2026-09-09,17:11:15.759[0m > | > Graph-channel Symbolica observer estimates:
| >   graph_0     : -2.0662177633134427e-08 +/- 7.41e-11 [45310 selected]
| >   graph_1     : 3.3862758955499463e-10 +/- 5.63e-12 [1940 selected]
| >   graph_2     : -1.2858415610546106e-08 +/- 3.32e-11 [11528 selected]
| >   graph_3     : 1.1145618884757357e-10 +/- 9.94e-13 [1892 selected]
| >   graph_4     : -6.2089116793662232e-10 +/- 1.04e-11 [2124 selected]
| >   graph_5     : -3.9173176219769433e-11 +/- 1.14e-12 [1865 selected]
| >   graph_6     : -3.7092238726872333e-11 +/- 1.19e-12 [1747 selected]
| >   graph_7     : 6.5249979718415708e-11 +/- 1.71e-12 [1883 selected]
| >   graph_8     : -9.1614592366661549e-10 +/- 8.56e-12 [3268 selected]
| >   graph_9     : 1.0668466666005099e-09 +/- 9.26e-12 [3312 selected]
| >   graph_10    : -2.7738143600557089e-09 +/- 4.43e-11 [20313 selected]
| >   graph_11    : 2.2157433345594712e-27 +/- 1.97e-28 [1929 selected]
| >   graph_12    : -5.6137225177629694e-10 +/- 6.16e-12 [2313 selected]
| >   graph_13    : -1.1721279518979098e-08 +/- 5.50e-11 [29070 selected]
| >   graph_14    : 1.0932990324397233e-10 +/- 3.45e-13 [1943 selected]
| >   graph_15    : 1.7213125513980809e-24 +/- 3.08e-24 [1952 selected]
| >   graph_16    : 3.8752910400670763e-09 +/- 1.07e-11 [1947 selected]
| >   graph_17    : -3.6165015131750690e-10 +/- 1.12e-12 [1867 selected]
| >   graph_18    : 1.1956941970327857e-08 +/- 3.80e-11 [16505 selected]
| >   graph_19    : 1.0576038333723263e-09 +/- 4.23e-12 [1883 selected]
| >   graph_20    : -7.6185795320131218e-10 +/- 2.93e-12 [1940 selected]
| >   graph_21    : -8.7145436663947904e-10 +/- 9.14e-12 [3560 selected]
| >   graph_22    : -4.9556116509378751e-10 +/- 8.32e-12 [1808 selected]
| >   graph_23    : -2.8896892116360322e-10 +/- 6.81e-12 [1960 selected]
| >   graph_24    : 5.8898080025480349e-10 +/- 1.47e-11 [3390 selected]
| >   graph_25    : 4.3368027426506826e-10 +/- 9.19e-12 [1979 selected]
| >   graph_26    : -2.1407051367117623e-10 +/- 6.70e-13 [1876 selected]
| >   graph_27    : -2.7233460354786573e-11 +/- 8.32e-14 [1930 selected]
| >   graph_28    : -1.1661772900023197e-09 +/- 6.76e-12 [1813 selected]
| >   graph_29    : 6.8107496608740240e-08 +/- 9.49e-11 [63712 selected]
| >   graph_30    : -1.4087854906734783e-09 +/- 8.93e-11 [63225 selected]
| >   graph_31    : 4.0112873390047281e-11 +/- 3.41e-13 [1877 selected]
| >   graph_32    : -5.1791464878989372e-11 +/- 6.69e-12 [1834 selected]
| >   graph_33    : -1.8823935482784159e-09 +/- 2.02e-11 [5323 selected]
| >   graph_34    : 6.4427538527154233e-26 +/- 2.87e-26 [1853 selected]
| >   graph_35    : 2.5300498705783501e-08 +/- 9.21e-11 [71735 selected]
| >   graph_36    : -2.9275551144727080e-09 +/- 1.98e-11 [5821 selected]
| >   graph_37    : 1.6164948557775070e-08 +/- 5.08e-11 [25021 selected]
| >   graph_38    : 4.0057832917564822e-10 +/- 2.84e-12 [1889 selected]
| >   graph_39    : -7.6266325869845841e-09 +/- 3.29e-11 [11943 selected]
| >   graph_40    : -3.4312674924415480e-10 +/- 2.00e-10 [188726 selected]
| >   graph_41    : 1.7495878364513613e-09 +/- 1.42e-11 [5468 selected]
| >   graph_42    : 4.4330998826437898e-09 +/- 8.00e-11 [39306 selected]
| >   graph_43    : 3.1484456628366802e-09 +/- 2.09e-11 [6368 selected]
| >   graph_44    : 4.4061336483913032e-10 +/- 6.54e-12 [2303 selected]
| >   graph_45    : 2.3996772357136328e-10 +/- 7.30e-13 [1959 selected]
| >   graph_46    : -6.0985308778049025e-11 +/- 2.99e-13 [1845 selected]
| >   graph_47    : -6.1781380327599126e-09 +/- 3.98e-10 [175730 selected]
| >   graph_48    : -9.5088450472157409e-11 +/- 1.75e-12 [1906 selected]
| >   graph_49    : -3.4324342241195874e-08 +/- 5.72e-11 [26450 selected]
| >   graph_50    : 8.9192746772991069e-10 +/- 1.25e-11 [3224 selected]
| >   graph_51    : 5.8024949895730081e-09 +/- 1.59e-11 [2880 selected]
| >   graph_52    : 2.1440571720316690e-10 +/- 4.42e-12 [1850 selected]
| >   graph_53    : -8.1533439159202379e-10 +/- 1.20e-11 [4699 selected]
| >   graph_54    : -2.5889112401782662e-09 +/- 7.43e-11 [40643 selected]
| >   graph_55    : 1.1300545844703925e-09 +/- 1.08e-11 [3827 selected]
| >   graph_56    : -4.1873718391843231e-09 +/- 1.16e-11 [2011 selected]
| >   graph_57    : -1.2922092252136793e-08 +/- 4.22e-11 [18116 selected]
| >   graph_58    : 4.1250244091399643e-11 +/- 1.88e-12 [1863 selected]
| >   graph_59    : 3.9497275819666837e-11 +/- 1.88e-12 [1912 selected]
| >   graph_60    : -6.8319325405408386e-11 +/- 1.92e-12 [1910 selected]
| >   graph_61    : 1.2660682758989439e-08 +/- 6.13e-11 [32167 selected]
| >   graph_62    : 4.7563888525521997e-19 +/- 3.22e-19 [1876 selected]
| >   graph_63    : -1.1623350080446975e-09 +/- 8.50e-12 [1959 selected]
| >   graph_64    : 8.2447051330398017e-10 +/- 3.26e-12 [1922 selected]
| >   sum         : 3.0213602596350708e-08
| >   total       : 3.0213602596350735e-08
| >   difference  : -2.6469779601696886e-23
[92mINFO[0m [94msymbolica_integrator l.7237[0m [96mt=2026-09-09,17:11:15.759[0m > Symbolica integration: starting iteration [92m84/100[0m using [94m1000000[0m points ...
[92mINFO[0m [94msymbolica_integrator l.7270[0m [96mt=2026-09-09,17:16:40.272[0m > ... result after this iteration:
| > Integration result after [92m84000000[0m evaluations in [92m1136406.04 CPU-s[0m [94m(13528.6 µs / eval)[0m
| > Extremal weights:
| >   with jacobian    : 6.86453e+04 at xs = [1.2022270797178483e-05 5.1347871165060355e-01 4.9844193335264181e-01 1.4516739088301420e-01 6.1668961407828471e-01 8.5908706354626785e-01] | jacobian = 3.89981e+06
| >     momentum space  : k = [[-4.7916734390976243e-03, -4.0677616413366393e-04, 1.3537602410258231e+02]; [-2.1621547971222004e+01, -1.9473774833694030e+01, -6.1379768355896978e+01]]
| >   without jacobian : 3.91447e+04 at xs = [6.9227500098056595e-11 8.4609202719086396e-01 4.1932247795077110e-01 9.8421181277806566e-02 3.6083494962649804e-01 4.2896348320695171e-01] | jacobian = 1.05860e-04
| >     momentum space  : k = [[1.5219153965627792e-08, -2.2067080113806765e-08, 8.7023903973540399e+01]; [-2.7315361155387055e+01, 3.2668131218968895e+01, 9.6641901762219966e+00]]
| >   before clipping   : 2.77627e+07 at xs = [1.2621573356944467e-07 4.0622681547034613e-02 4.9991243587330625e-01 1.5142333099317212e-01 9.4166306236820463e-01 6.0510737373729140e-01]
| >     momentum space  : k = [[4.8850681703792525e-05, 1.2746653352121141e-05, 1.4225102275936715e+02]; [6.3036167153096578e+01, -2.4198955389115497e+01, -2.3143213026048883e+01]]
| > Stability pipeline: float pairs accepted = 113673093, HP pairs attempted/accepted = 3342579/3342579
| > Stability triggers: float mismatch = 3104317, float non-finite/error = 1504
| > HP precision escalations: attempted/accepted = 4704/4704
| > Higher-precision rejections: disagreement = 0, non-finite = 0, error = 0
| > Soft-mirror stability: pairs = 36080850, large-side triggers = 235560, HP orbits attempted/salvaged/failed = 3065178/3065178/0
| > Soft-mirror extrema: raw mirror = -9.09915e+09, post-average = 2.77627e+07
| > Strongest soft-mirror cancellation: residual/raw = 0.00000e+00
| > Unstable rotational-check points rejected = 0
| > Rotational-check high-precision retries = 3105821
| > Rotational-check high-precision salvaged = 3105821
| > Large-weight high-precision retries = 236758
| > Large-weight high-precision salvaged = 236758
| > Large-weight high-precision rejected = 0
| > Large-weight samples zeroed = 389 (4.631e-06 of samples; removed signed/absolute sums = 1.27424e+08/2.84471e+08)
| > Non-finite final outputs zeroed = 0
| > Non-finite float rotated evaluations seen = 66
| > Example higher-precision-retried xs = [2.6880750982012969e-01 1.7402049722655100e-01 6.0980772598890010e-02 9.9750773443479890e-01 3.0048234085139136e-01 8.2729716849149482e-01] | float rel = 1.44350e-07
| >     momentum space  : k = [[1.2864873913282938e+01, 2.4869169488989783e+01, 1.4436129598391815e+02]; [-2.5782389205217190e+04, 7.8539332094821817e+04, -1.3710486440690246e+05]]
| > Example large-weight higher-precision-retried xs = [1.9231173850990912e-01 6.5780162395444419e-01 8.8861886028403791e-01 7.0208850143205215e-04 5.4240755566925725e-01 5.0445441660376766e-01] | compiled = -1.10603e+04 | higher precision = -1.02451e-01
| >     momentum space  : k = [[-1.7873903535647262e+01, -2.7323121682648594e+01, -8.9469201105104602e+01]; [-2.7108866766462003e-01, -7.3992249469811575e-02, -3.9326328464896528e-03]]
| > Example NaN/non-finite rotated xs = [4.3974642111233074e-04 4.7267464511837748e-01 9.9995896344930690e-01 6.1497814457061539e-01 6.0079335026881553e-01 6.4637841020769249e-01]
| >     momentum space  : k = [[-2.2353286370510883e-05, 3.8760017987051835e-06, 1.2731159591423573e+03]; [-4.6150254078839635e+02, -3.3882885223629427e+02, -2.8355997629564860e+02]]
| > [92mCentral value[0m : +3.0237807750320761e-08   +/- 5.09e-10     ([91m1.684%[0m)
[92mINFO[0m [94msymbolica_integrator l.7274[0m [96mt=2026-09-09,17:16:40.273[0m > | > Graph-channel Symbolica observer estimates:
| >   graph_0     : -2.0664876300962351e-08 +/- 7.34e-11 [45600 selected]
| >   graph_1     : 3.3934703852590756e-10 +/- 5.58e-12 [1910 selected]
| >   graph_2     : -1.2862614047943498e-08 +/- 3.30e-11 [11718 selected]
| >   graph_3     : 1.1147338905497935e-10 +/- 9.88e-13 [1992 selected]
| >   graph_4     : -6.1989403782275415e-10 +/- 1.03e-11 [2047 selected]
| >   graph_5     : -3.9243764483087191e-11 +/- 1.13e-12 [1878 selected]
| >   graph_6     : -3.6920669654604479e-11 +/- 1.18e-12 [1827 selected]
| >   graph_7     : 6.5331711723731862e-11 +/- 1.70e-12 [1845 selected]
| >   graph_8     : -9.1635081689741062e-10 +/- 8.50e-12 [3247 selected]
| >   graph_9     : 1.0666833947591829e-09 +/- 9.21e-12 [3351 selected]
| >   graph_10    : -2.7791817713203992e-09 +/- 4.40e-11 [20355 selected]
| >   graph_11    : 2.2287387210011261e-27 +/- 1.96e-28 [1878 selected]
| >   graph_12    : -5.6210589569371714e-10 +/- 6.12e-12 [2372 selected]
| >   graph_13    : -1.1715761411963878e-08 +/- 5.45e-11 [28678 selected]
| >   graph_14    : 1.0930943907058181e-10 +/- 3.43e-13 [1883 selected]
| >   graph_15    : 1.6901787624244427e-24 +/- 3.04e-24 [1836 selected]
| >   graph_16    : 3.8766028824037819e-09 +/- 1.07e-11 [1951 selected]
| >   graph_17    : -3.6151131347477541e-10 +/- 1.11e-12 [1855 selected]
| >   graph_18    : 1.1958063723849325e-08 +/- 3.77e-11 [16416 selected]
| >   graph_19    : 1.0574502509010307e-09 +/- 4.20e-12 [1850 selected]
| >   graph_20    : -7.6202623931705405e-10 +/- 2.92e-12 [1887 selected]
| >   graph_21    : -8.7122419511076051e-10 +/- 9.08e-12 [3442 selected]
| >   graph_22    : -4.9586530093310638e-10 +/- 8.25e-12 [1867 selected]
| >   graph_23    : -2.8874969668885651e-10 +/- 6.73e-12 [1858 selected]
| >   graph_24    : 5.8915290551099464e-10 +/- 1.46e-11 [3383 selected]
| >   graph_25    : 4.3507979063230136e-10 +/- 9.14e-12 [1880 selected]
| >   graph_26    : -2.1413390796340653e-10 +/- 6.66e-13 [1942 selected]
| >   graph_27    : -2.7231673988064972e-11 +/- 8.26e-14 [1854 selected]
| >   graph_28    : -1.1663143368141279e-09 +/- 6.72e-12 [1864 selected]
| >   graph_29    : 6.8098985788203933e-08 +/- 9.41e-11 [63415 selected]
| >   graph_30    : -1.4026328872902798e-09 +/- 8.83e-11 [62855 selected]
| >   graph_31    : 4.0112552201361362e-11 +/- 3.39e-13 [1853 selected]
| >   graph_32    : -5.2387268920251788e-11 +/- 6.65e-12 [1941 selected]
| >   graph_33    : -1.8827298631749388e-09 +/- 2.00e-11 [5379 selected]
| >   graph_34    : 6.2678962221483580e-26 +/- 2.85e-26 [1891 selected]
| >   graph_35    : 2.5306172331261636e-08 +/- 9.13e-11 [72049 selected]
| >   graph_36    : -2.9280513122632798e-09 +/- 1.97e-11 [6109 selected]
| >   graph_37    : 1.6172273477156101e-08 +/- 5.04e-11 [25035 selected]
| >   graph_38    : 4.0091112860104706e-10 +/- 2.82e-12 [1959 selected]
| >   graph_39    : -7.6316953239478537e-09 +/- 3.27e-11 [12142 selected]
| >   graph_40    : -3.3380634581776178e-10 +/- 1.98e-10 [188905 selected]
| >   graph_41    : 1.7479836643682930e-09 +/- 1.41e-11 [5331 selected]
| >   graph_42    : 4.4282165219180218e-09 +/- 7.93e-11 [39420 selected]
| >   graph_43    : 3.1497674109145733e-09 +/- 2.08e-11 [6361 selected]
| >   graph_44    : 4.4090615743833314e-10 +/- 6.51e-12 [2334 selected]
| >   graph_45    : 2.3996708316017722e-10 +/- 7.26e-13 [1903 selected]
| >   graph_46    : -6.0991339825246656e-11 +/- 2.97e-13 [1910 selected]
| >   graph_47    : -6.1748033123496378e-09 +/- 3.94e-10 [175941 selected]
| >   graph_48    : -9.5016488532976923e-11 +/- 1.73e-12 [1862 selected]
| >   graph_49    : -3.4321122151445732e-08 +/- 5.68e-11 [26476 selected]
| >   graph_50    : 8.9031107379549426e-10 +/- 1.24e-11 [3188 selected]
| >   graph_51    : 5.8017486819887730e-09 +/- 1.58e-11 [2968 selected]
| >   graph_52    : 2.1488252379039023e-10 +/- 4.40e-12 [1922 selected]
| >   graph_53    : -8.1393778382977150e-10 +/- 1.19e-11 [4480 selected]
| >   graph_54    : -2.5853071135238463e-09 +/- 7.36e-11 [40507 selected]
| >   graph_55    : 1.1287775099563503e-09 +/- 1.08e-11 [3858 selected]
| >   graph_56    : -4.1860938509971980e-09 +/- 1.15e-11 [1991 selected]
| >   graph_57    : -1.2917218924510347e-08 +/- 4.19e-11 [18014 selected]
| >   graph_58    : 4.1364524906241715e-11 +/- 1.87e-12 [1979 selected]
| >   graph_59    : 3.9790430130958021e-11 +/- 1.86e-12 [1822 selected]
| >   graph_60    : -6.7974273503974319e-11 +/- 1.91e-12 [1879 selected]
| >   graph_61    : 1.2664779847343398e-08 +/- 6.07e-11 [32253 selected]
| >   graph_62    : 3.6925654537005411e-19 +/- 3.39e-19 [1884 selected]
| >   graph_63    : -1.1641987621361886e-09 +/- 8.45e-12 [1850 selected]
| >   graph_64    : 8.2433489948573457e-10 +/- 3.24e-12 [1868 selected]
| >   sum         : 3.0237807750320754e-08
| >   total       : 3.0237807750320761e-08
| >   difference  : -6.6174449004242214e-24
[92mINFO[0m [94msymbolica_integrator l.7237[0m [96mt=2026-09-09,17:16:40.273[0m > Symbolica integration: starting iteration [92m85/100[0m using [94m1000000[0m points ...
[92mINFO[0m [94msymbolica_integrator l.7270[0m [96mt=2026-09-09,17:21:57.397[0m > ... result after this iteration:
| > Integration result after [92m85000000[0m evaluations in [92m1150307.68 CPU-s[0m [94m(13533.0 µs / eval)[0m
| > Extremal weights:
| >   with jacobian    : 6.86453e+04 at xs = [1.2022270797178483e-05 5.1347871165060355e-01 4.9844193335264181e-01 1.4516739088301420e-01 6.1668961407828471e-01 8.5908706354626785e-01] | jacobian = 3.89981e+06
| >     momentum space  : k = [[-4.7916734390976243e-03, -4.0677616413366393e-04, 1.3537602410258231e+02]; [-2.1621547971222004e+01, -1.9473774833694030e+01, -6.1379768355896978e+01]]
| >   without jacobian : 3.91447e+04 at xs = [6.9227500098056595e-11 8.4609202719086396e-01 4.1932247795077110e-01 9.8421181277806566e-02 3.6083494962649804e-01 4.2896348320695171e-01] | jacobian = 1.05860e-04
| >     momentum space  : k = [[1.5219153965627792e-08, -2.2067080113806765e-08, 8.7023903973540399e+01]; [-2.7315361155387055e+01, 3.2668131218968895e+01, 9.6641901762219966e+00]]
| >   before clipping   : 2.77627e+07 at xs = [1.2621573356944467e-07 4.0622681547034613e-02 4.9991243587330625e-01 1.5142333099317212e-01 9.4166306236820463e-01 6.0510737373729140e-01]
| >     momentum space  : k = [[4.8850681703792525e-05, 1.2746653352121141e-05, 1.4225102275936715e+02]; [6.3036167153096578e+01, -2.4198955389115497e+01, -2.3143213026048883e+01]]
| > Stability pipeline: float pairs accepted = 115018175, HP pairs attempted/accepted = 3382809/3382809
| > Stability triggers: float mismatch = 3141790, float non-finite/error = 1524
| > HP precision escalations: attempted/accepted = 4979/4979
| > Higher-precision rejections: disagreement = 0, non-finite = 0, error = 0
| > Soft-mirror stability: pairs = 36502486, large-side triggers = 238281, HP orbits attempted/salvaged/failed = 3101502/3101502/0
| > Soft-mirror extrema: raw mirror = -9.09915e+09, post-average = 2.77627e+07
| > Strongest soft-mirror cancellation: residual/raw = 0.00000e+00
| > Unstable rotational-check points rejected = 0
| > Rotational-check high-precision retries = 3143314
| > Rotational-check high-precision salvaged = 3143314
| > Large-weight high-precision retries = 239495
| > Large-weight high-precision salvaged = 239495
| > Large-weight high-precision rejected = 0
| > Large-weight samples zeroed = 391 (4.600e-06 of samples; removed signed/absolute sums = 1.27732e+08/2.84779e+08)
| > Non-finite final outputs zeroed = 0
| > Non-finite float rotated evaluations seen = 66
| > Example higher-precision-retried xs = [2.6880750982012969e-01 1.7402049722655100e-01 6.0980772598890010e-02 9.9750773443479890e-01 3.0048234085139136e-01 8.2729716849149482e-01] | float rel = 1.44350e-07
| >     momentum space  : k = [[1.2864873913282938e+01, 2.4869169488989783e+01, 1.4436129598391815e+02]; [-2.5782389205217190e+04, 7.8539332094821817e+04, -1.3710486440690246e+05]]
| > Example large-weight higher-precision-retried xs = [1.9231173850990912e-01 6.5780162395444419e-01 8.8861886028403791e-01 7.0208850143205215e-04 5.4240755566925725e-01 5.0445441660376766e-01] | compiled = -1.10603e+04 | higher precision = -1.02451e-01
| >     momentum space  : k = [[-1.7873903535647262e+01, -2.7323121682648594e+01, -8.9469201105104602e+01]; [-2.7108866766462003e-01, -7.3992249469811575e-02, -3.9326328464896528e-03]]
| > Example NaN/non-finite rotated xs = [4.3974642111233074e-04 4.7267464511837748e-01 9.9995896344930690e-01 6.1497814457061539e-01 6.0079335026881553e-01 6.4637841020769249e-01]
| >     momentum space  : k = [[-2.2353286370510883e-05, 3.8760017987051835e-06, 1.2731159591423573e+03]; [-4.6150254078839635e+02, -3.3882885223629427e+02, -2.8355997629564860e+02]]
| > [92mCentral value[0m : +3.0216662753736500e-08   +/- 5.04e-10     ([91m1.667%[0m)
[92mINFO[0m [94msymbolica_integrator l.7274[0m [96mt=2026-09-09,17:21:57.398[0m > | > Graph-channel Symbolica observer estimates:
| >   graph_0     : -2.0662981932837787e-08 +/- 7.29e-11 [45651 selected]
| >   graph_1     : 3.4056326825448166e-10 +/- 5.55e-12 [1861 selected]
| >   graph_2     : -1.2858978363256871e-08 +/- 3.27e-11 [11671 selected]
| >   graph_3     : 1.1140683845210333e-10 +/- 9.83e-13 [1830 selected]
| >   graph_4     : -6.2107040045352755e-10 +/- 1.03e-11 [2091 selected]
| >   graph_5     : -3.9259348598491062e-11 +/- 1.13e-12 [1941 selected]
| >   graph_6     : -3.6814845466216117e-11 +/- 1.17e-12 [1907 selected]
| >   graph_7     : 6.5320010584671607e-11 +/- 1.69e-12 [1822 selected]
| >   graph_8     : -9.1676894065310300e-10 +/- 8.45e-12 [3225 selected]
| >   graph_9     : 1.0656169025806031e-09 +/- 9.15e-12 [3346 selected]
| >   graph_10    : -2.7793690164218465e-09 +/- 4.36e-11 [20376 selected]
| >   graph_11    : 2.2678599550578482e-27 +/- 1.95e-28 [1861 selected]
| >   graph_12    : -5.6265850740797421e-10 +/- 6.08e-12 [2471 selected]
| >   graph_13    : -1.1724884546544989e-08 +/- 5.44e-11 [28851 selected]
| >   graph_14    : 1.0937205823974464e-10 +/- 3.41e-13 [1927 selected]
| >   graph_15    : 1.6627540513296723e-24 +/- 3.01e-24 [1852 selected]
| >   graph_16    : 3.8777937192480458e-09 +/- 1.06e-11 [1901 selected]
| >   graph_17    : -3.6162544902199998e-10 +/- 1.11e-12 [1880 selected]
| >   graph_18    : 1.1966814855594873e-08 +/- 3.74e-11 [16421 selected]
| >   graph_19    : 1.0578531197698137e-09 +/- 4.18e-12 [1904 selected]
| >   graph_20    : -7.6203258773543029e-10 +/- 2.90e-12 [1922 selected]
| >   graph_21    : -8.7190769841272946e-10 +/- 9.03e-12 [3414 selected]
| >   graph_22    : -4.9398724359579194e-10 +/- 8.17e-12 [1852 selected]
| >   graph_23    : -2.8848711337643985e-10 +/- 6.66e-12 [1891 selected]
| >   graph_24    : 5.8989119996651964e-10 +/- 1.45e-11 [3471 selected]
| >   graph_25    : 4.3552853082007070e-10 +/- 9.09e-12 [1870 selected]
| >   graph_26    : -2.1405979763449423e-10 +/- 6.61e-13 [1847 selected]
| >   graph_27    : -2.7235161635758249e-11 +/- 8.21e-14 [1940 selected]
| >   graph_28    : -1.1669850185802761e-09 +/- 6.69e-12 [1928 selected]
| >   graph_29    : 6.8096817779713709e-08 +/- 9.33e-11 [63333 selected]
| >   graph_30    : -1.4020409552822047e-09 +/- 8.73e-11 [63024 selected]
| >   graph_31    : 4.0050366534214525e-11 +/- 3.37e-13 [1840 selected]
| >   graph_32    : -5.1469064806263619e-11 +/- 6.61e-12 [1842 selected]
| >   graph_33    : -1.8823415838515241e-09 +/- 1.99e-11 [5359 selected]
| >   graph_34    : 6.8538558079130816e-26 +/- 2.83e-26 [1840 selected]
| >   graph_35    : 2.5313083563216509e-08 +/- 9.05e-11 [71774 selected]
| >   graph_36    : -2.9279338509852340e-09 +/- 1.96e-11 [6087 selected]
| >   graph_37    : 1.6172345729992077e-08 +/- 5.00e-11 [24751 selected]
| >   graph_38    : 4.0064455318140744e-10 +/- 2.81e-12 [1893 selected]
| >   graph_39    : -7.6350426929445536e-09 +/- 3.25e-11 [12090 selected]
| >   graph_40    : -3.4206614731051918e-10 +/- 1.96e-10 [188377 selected]
| >   graph_41    : 1.7489441903705256e-09 +/- 1.40e-11 [5515 selected]
| >   graph_42    : 4.4194460701857436e-09 +/- 7.85e-11 [39327 selected]
| >   graph_43    : 3.1527683572150477e-09 +/- 2.07e-11 [6333 selected]
| >   graph_44    : 4.4145265831306716e-10 +/- 6.47e-12 [2283 selected]
| >   graph_45    : 2.3991798863192022e-10 +/- 7.21e-13 [1850 selected]
| >   graph_46    : -6.1025844758531459e-11 +/- 2.95e-13 [1906 selected]
| >   graph_47    : -6.1828850429728166e-09 +/- 3.89e-10 [175732 selected]
| >   graph_48    : -9.5523291529548456e-11 +/- 1.72e-12 [1907 selected]
| >   graph_49    : -3.4323530925135221e-08 +/- 5.64e-11 [26802 selected]
| >   graph_50    : 8.9180074118115803e-10 +/- 1.24e-11 [3111 selected]
| >   graph_51    : 5.8035918703386160e-09 +/- 1.57e-11 [2942 selected]
| >   graph_52    : 2.1513235855102338e-10 +/- 4.37e-12 [1872 selected]
| >   graph_53    : -8.1344872542595182e-10 +/- 1.18e-11 [4742 selected]
| >   graph_54    : -2.5913482243914697e-09 +/- 7.29e-11 [40639 selected]
| >   graph_55    : 1.1281261085567894e-09 +/- 1.07e-11 [3795 selected]
| >   graph_56    : -4.1884539616292156e-09 +/- 1.15e-11 [2085 selected]
| >   graph_57    : -1.2920862100133376e-08 +/- 4.16e-11 [18287 selected]
| >   graph_58    : 4.1510312480509315e-11 +/- 1.86e-12 [1899 selected]
| >   graph_59    : 3.9643189441322406e-11 +/- 1.85e-12 [1812 selected]
| >   graph_60    : -6.8127962446688208e-11 +/- 1.90e-12 [1987 selected]
| >   graph_61    : 1.2667392798975555e-08 +/- 6.02e-11 [32292 selected]
| >   graph_62    : 3.8875980018522701e-19 +/- 3.36e-19 [1847 selected]
| >   graph_63    : -1.1654616183482088e-09 +/- 8.41e-12 [1982 selected]
| >   graph_64    : 8.2450157654268634e-10 +/- 3.22e-12 [1919 selected]
| >   sum         : 3.0216662753736520e-08
| >   total       : 3.0216662753736500e-08
| >   difference  : 1.9852334701272664e-23
[92mINFO[0m [94msymbolica_integrator l.7237[0m [96mt=2026-09-09,17:21:57.398[0m > Symbolica integration: starting iteration [92m86/100[0m using [94m1000000[0m points ...
[92mINFO[0m [94msymbolica_integrator l.7270[0m [96mt=2026-09-09,17:28:11.116[0m > ... result after this iteration:
| > Integration result after [92m86000000[0m evaluations in [92m1167290.78 CPU-s[0m [94m(13573.1 µs / eval)[0m
| > Extremal weights:
| >   with jacobian    : 6.86453e+04 at xs = [1.2022270797178483e-05 5.1347871165060355e-01 4.9844193335264181e-01 1.4516739088301420e-01 6.1668961407828471e-01 8.5908706354626785e-01] | jacobian = 3.89981e+06
| >     momentum space  : k = [[-4.7916734390976243e-03, -4.0677616413366393e-04, 1.3537602410258231e+02]; [-2.1621547971222004e+01, -1.9473774833694030e+01, -6.1379768355896978e+01]]
| >   without jacobian : 3.91447e+04 at xs = [6.9227500098056595e-11 8.4609202719086396e-01 4.1932247795077110e-01 9.8421181277806566e-02 3.6083494962649804e-01 4.2896348320695171e-01] | jacobian = 1.05860e-04
| >     momentum space  : k = [[1.5219153965627792e-08, -2.2067080113806765e-08, 8.7023903973540399e+01]; [-2.7315361155387055e+01, 3.2668131218968895e+01, 9.6641901762219966e+00]]
| >   before clipping   : 2.77627e+07 at xs = [1.2621573356944467e-07 4.0622681547034613e-02 4.9991243587330625e-01 1.5142333099317212e-01 9.4166306236820463e-01 6.0510737373729140e-01]
| >     momentum space  : k = [[4.8850681703792525e-05, 1.2746653352121141e-05, 1.4225102275936715e+02]; [6.3036167153096578e+01, -2.4198955389115497e+01, -2.3143213026048883e+01]]
| > Stability pipeline: float pairs accepted = 116366755, HP pairs attempted/accepted = 3421153/3421153
| > Stability triggers: float mismatch = 3177664, float non-finite/error = 1538
| > HP precision escalations: attempted/accepted = 5323/5323
| > Higher-precision rejections: disagreement = 0, non-finite = 0, error = 0
| > Soft-mirror stability: pairs = 36923800, large-side triggers = 240722, HP orbits attempted/salvaged/failed = 3135892/3135892/0
| > Soft-mirror extrema: raw mirror = -9.09915e+09, post-average = 2.77627e+07
| > Strongest soft-mirror cancellation: residual/raw = 0.00000e+00
| > Unstable rotational-check points rejected = 0
| > Rotational-check high-precision retries = 3179202
| > Rotational-check high-precision salvaged = 3179202
| > Large-weight high-precision retries = 241951
| > Large-weight high-precision salvaged = 241951
| > Large-weight high-precision rejected = 0
| > Large-weight samples zeroed = 394 (4.581e-06 of samples; removed signed/absolute sums = 1.27863e+08/2.85690e+08)
| > Non-finite final outputs zeroed = 0
| > Non-finite float rotated evaluations seen = 66
| > Example higher-precision-retried xs = [2.6880750982012969e-01 1.7402049722655100e-01 6.0980772598890010e-02 9.9750773443479890e-01 3.0048234085139136e-01 8.2729716849149482e-01] | float rel = 1.44350e-07
| >     momentum space  : k = [[1.2864873913282938e+01, 2.4869169488989783e+01, 1.4436129598391815e+02]; [-2.5782389205217190e+04, 7.8539332094821817e+04, -1.3710486440690246e+05]]
| > Example large-weight higher-precision-retried xs = [1.9231173850990912e-01 6.5780162395444419e-01 8.8861886028403791e-01 7.0208850143205215e-04 5.4240755566925725e-01 5.0445441660376766e-01] | compiled = -1.10603e+04 | higher precision = -1.02451e-01
| >     momentum space  : k = [[-1.7873903535647262e+01, -2.7323121682648594e+01, -8.9469201105104602e+01]; [-2.7108866766462003e-01, -7.3992249469811575e-02, -3.9326328464896528e-03]]
| > Example NaN/non-finite rotated xs = [4.3974642111233074e-04 4.7267464511837748e-01 9.9995896344930690e-01 6.1497814457061539e-01 6.0079335026881553e-01 6.4637841020769249e-01]
| >     momentum space  : k = [[-2.2353286370510883e-05, 3.8760017987051835e-06, 1.2731159591423573e+03]; [-4.6150254078839635e+02, -3.3882885223629427e+02, -2.8355997629564860e+02]]
| > [92mCentral value[0m : +3.0240140330218008e-08   +/- 4.99e-10     ([91m1.649%[0m)
[92mINFO[0m [94msymbolica_integrator l.7274[0m [96mt=2026-09-09,17:28:11.117[0m > | > Graph-channel Symbolica observer estimates:
| >   graph_0     : -2.0657664035716823e-08 +/- 7.23e-11 [45887 selected]
| >   graph_1     : 3.4044427811490874e-10 +/- 5.51e-12 [1832 selected]
| >   graph_2     : -1.2860194879645838e-08 +/- 3.25e-11 [11671 selected]
| >   graph_3     : 1.1130459574983385e-10 +/- 9.77e-13 [1945 selected]
| >   graph_4     : -6.2224358511261739e-10 +/- 1.02e-11 [2079 selected]
| >   graph_5     : -3.9165467421369397e-11 +/- 1.12e-12 [1817 selected]
| >   graph_6     : -3.6884197301523656e-11 +/- 1.17e-12 [1868 selected]
| >   graph_7     : 6.5412806000578058e-11 +/- 1.68e-12 [2023 selected]
| >   graph_8     : -9.1663515630304508e-10 +/- 8.41e-12 [3232 selected]
| >   graph_9     : 1.0650393313188896e-09 +/- 9.09e-12 [3261 selected]
| >   graph_10    : -2.7777809667712753e-09 +/- 4.32e-11 [20399 selected]
| >   graph_11    : 2.2400508920690449e-27 +/- 1.94e-28 [1882 selected]
| >   graph_12    : -5.6287806237506132e-10 +/- 6.07e-12 [2429 selected]
| >   graph_13    : -1.1725695073076867e-08 +/- 5.39e-11 [29042 selected]
| >   graph_14    : 1.0940411672301415e-10 +/- 3.39e-13 [1935 selected]
| >   graph_15    : 1.6415825090205722e-24 +/- 2.97e-24 [1909 selected]
| >   graph_16    : 3.8773116202903068e-09 +/- 1.06e-11 [1867 selected]
| >   graph_17    : -3.6163246350685244e-10 +/- 1.10e-12 [1904 selected]
| >   graph_18    : 1.1964788576257647e-08 +/- 3.71e-11 [16263 selected]
| >   graph_19    : 1.0589624205087670e-09 +/- 4.16e-12 [2021 selected]
| >   graph_20    : -7.6199276457508971e-10 +/- 2.88e-12 [1832 selected]
| >   graph_21    : -8.7116990967300601e-10 +/- 8.97e-12 [3565 selected]
| >   graph_22    : -4.9456321385240172e-10 +/- 8.10e-12 [1833 selected]
| >   graph_23    : -2.8832828383377944e-10 +/- 6.59e-12 [1903 selected]
| >   graph_24    : 5.9007902593001756e-10 +/- 1.44e-11 [3426 selected]
| >   graph_25    : 4.3542804436256851e-10 +/- 9.05e-12 [1910 selected]
| >   graph_26    : -2.1410567811972405e-10 +/- 6.57e-13 [1953 selected]
| >   graph_27    : -2.7230684927979934e-11 +/- 8.16e-14 [1875 selected]
| >   graph_28    : -1.1664544546496709e-09 +/- 6.65e-12 [1857 selected]
| >   graph_29    : 6.8099105978642310e-08 +/- 9.25e-11 [63441 selected]
| >   graph_30    : -1.3741840773113097e-09 +/- 8.84e-11 [63009 selected]
| >   graph_31    : 4.0016053033200759e-11 +/- 3.35e-13 [1956 selected]
| >   graph_32    : -5.1158164260953732e-11 +/- 6.57e-12 [1835 selected]
| >   graph_33    : -1.8832412854843126e-09 +/- 1.97e-11 [5308 selected]
| >   graph_34    : 6.7092264369937205e-26 +/- 2.80e-26 [1890 selected]
| >   graph_35    : 2.5300263645968686e-08 +/- 8.96e-11 [71629 selected]
| >   graph_36    : -2.9307181061592760e-09 +/- 1.94e-11 [5898 selected]
| >   graph_37    : 1.6172074359814836e-08 +/- 4.97e-11 [25177 selected]
| >   graph_38    : 4.0063621683760600e-10 +/- 2.79e-12 [1844 selected]
| >   graph_39    : -7.6365273912494737e-09 +/- 3.23e-11 [11966 selected]
| >   graph_40    : -3.5341421435860326e-10 +/- 1.93e-10 [188126 selected]
| >   graph_41    : 1.7485523601306547e-09 +/- 1.39e-11 [5469 selected]
| >   graph_42    : 4.4226398428419358e-09 +/- 7.77e-11 [39272 selected]
| >   graph_43    : 3.1498631761899054e-09 +/- 2.06e-11 [6379 selected]
| >   graph_44    : 4.4163973144048445e-10 +/- 6.43e-12 [2313 selected]
| >   graph_45    : 2.3986565465354352e-10 +/- 7.17e-13 [1884 selected]
| >   graph_46    : -6.0993060137541534e-11 +/- 2.93e-13 [1825 selected]
| >   graph_47    : -6.1809840403799101e-09 +/- 3.85e-10 [175533 selected]
| >   graph_48    : -9.5473881831287608e-11 +/- 1.71e-12 [1894 selected]
| >   graph_49    : -3.4312526204340000e-08 +/- 5.59e-11 [26607 selected]
| >   graph_50    : 8.9133705740845460e-10 +/- 1.23e-11 [3362 selected]
| >   graph_51    : 5.8054306247049497e-09 +/- 1.56e-11 [3005 selected]
| >   graph_52    : 2.1497375381819306e-10 +/- 4.35e-12 [1869 selected]
| >   graph_53    : -8.1289695330549925e-10 +/- 1.17e-11 [4630 selected]
| >   graph_54    : -2.5885415021281904e-09 +/- 7.22e-11 [40347 selected]
| >   graph_55    : 1.1279339706026693e-09 +/- 1.06e-11 [4007 selected]
| >   graph_56    : -4.1883489164300052e-09 +/- 1.14e-11 [1978 selected]
| >   graph_57    : -1.2920645030949316e-08 +/- 4.12e-11 [18238 selected]
| >   graph_58    : 4.1415121353269871e-11 +/- 1.85e-12 [1924 selected]
| >   graph_59    : 3.9609816862099955e-11 +/- 1.84e-12 [1867 selected]
| >   graph_60    : -6.8197776463091318e-11 +/- 1.88e-12 [1884 selected]
| >   graph_61    : 1.2669880177737643e-08 +/- 5.97e-11 [32499 selected]
| >   graph_62    : 4.7475936280699218e-19 +/- 3.42e-19 [1882 selected]
| >   graph_63    : -1.1651673116201776e-09 +/- 8.37e-12 [1918 selected]
| >   graph_64    : 8.2436476571818143e-10 +/- 3.20e-12 [1915 selected]
| >   sum         : 3.0240140330218041e-08
| >   total       : 3.0240140330218008e-08
| >   difference  : 3.3087224502121107e-23
[92mINFO[0m [94msymbolica_integrator l.7237[0m [96mt=2026-09-09,17:28:11.117[0m > Symbolica integration: starting iteration [92m87/100[0m using [94m1000000[0m points ...
[92mINFO[0m [94msymbolica_integrator l.7270[0m [96mt=2026-09-09,17:36:46.496[0m > ... result after this iteration:
| > Integration result after [92m87000000[0m evaluations in [92m1191948.47 CPU-s[0m [94m(13700.6 µs / eval)[0m
| > Extremal weights:
| >   with jacobian    : 6.86453e+04 at xs = [1.2022270797178483e-05 5.1347871165060355e-01 4.9844193335264181e-01 1.4516739088301420e-01 6.1668961407828471e-01 8.5908706354626785e-01] | jacobian = 3.89981e+06
| >     momentum space  : k = [[-4.7916734390976243e-03, -4.0677616413366393e-04, 1.3537602410258231e+02]; [-2.1621547971222004e+01, -1.9473774833694030e+01, -6.1379768355896978e+01]]
| >   without jacobian : 3.91447e+04 at xs = [6.9227500098056595e-11 8.4609202719086396e-01 4.1932247795077110e-01 9.8421181277806566e-02 3.6083494962649804e-01 4.2896348320695171e-01] | jacobian = 1.05860e-04
| >     momentum space  : k = [[1.5219153965627792e-08, -2.2067080113806765e-08, 8.7023903973540399e+01]; [-2.7315361155387055e+01, 3.2668131218968895e+01, 9.6641901762219966e+00]]
| >   before clipping   : 2.77627e+07 at xs = [1.2621573356944467e-07 4.0622681547034613e-02 4.9991243587330625e-01 1.5142333099317212e-01 9.4166306236820463e-01 6.0510737373729140e-01]
| >     momentum space  : k = [[4.8850681703792525e-05, 1.2746653352121141e-05, 1.4225102275936715e+02]; [6.3036167153096578e+01, -2.4198955389115497e+01, -2.3143213026048883e+01]]
| > Stability pipeline: float pairs accepted = 117712384, HP pairs attempted/accepted = 3460581/3460581
| > Stability triggers: float mismatch = 3214429, float non-finite/error = 1564
| > HP precision escalations: attempted/accepted = 5779/5779
| > Higher-precision rejections: disagreement = 0, non-finite = 0, error = 0
| > Soft-mirror stability: pairs = 37344497, large-side triggers = 243339, HP orbits attempted/salvaged/failed = 3171532/3171532/0
| > Soft-mirror extrema: raw mirror = -9.09915e+09, post-average = 2.77627e+07
| > Strongest soft-mirror cancellation: residual/raw = 0.00000e+00
| > Unstable rotational-check points rejected = 0
| > Rotational-check high-precision retries = 3215993
| > Rotational-check high-precision salvaged = 3215993
| > Large-weight high-precision retries = 244588
| > Large-weight high-precision salvaged = 244588
| > Large-weight high-precision rejected = 0
| > Large-weight samples zeroed = 396 (4.552e-06 of samples; removed signed/absolute sums = 1.28152e+08/2.86131e+08)
| > Non-finite final outputs zeroed = 0
| > Non-finite float rotated evaluations seen = 66
| > Example higher-precision-retried xs = [2.6880750982012969e-01 1.7402049722655100e-01 6.0980772598890010e-02 9.9750773443479890e-01 3.0048234085139136e-01 8.2729716849149482e-01] | float rel = 1.44350e-07
| >     momentum space  : k = [[1.2864873913282938e+01, 2.4869169488989783e+01, 1.4436129598391815e+02]; [-2.5782389205217190e+04, 7.8539332094821817e+04, -1.3710486440690246e+05]]
| > Example large-weight higher-precision-retried xs = [1.9231173850990912e-01 6.5780162395444419e-01 8.8861886028403791e-01 7.0208850143205215e-04 5.4240755566925725e-01 5.0445441660376766e-01] | compiled = -1.10603e+04 | higher precision = -1.02451e-01
| >     momentum space  : k = [[-1.7873903535647262e+01, -2.7323121682648594e+01, -8.9469201105104602e+01]; [-2.7108866766462003e-01, -7.3992249469811575e-02, -3.9326328464896528e-03]]
| > Example NaN/non-finite rotated xs = [4.3974642111233074e-04 4.7267464511837748e-01 9.9995896344930690e-01 6.1497814457061539e-01 6.0079335026881553e-01 6.4637841020769249e-01]
| >     momentum space  : k = [[-2.2353286370510883e-05, 3.8760017987051835e-06, 1.2731159591423573e+03]; [-4.6150254078839635e+02, -3.3882885223629427e+02, -2.8355997629564860e+02]]
| > [92mCentral value[0m : +3.0182963053417131e-08   +/- 4.94e-10     ([91m1.636%[0m)
[92mINFO[0m [94msymbolica_integrator l.7274[0m [96mt=2026-09-09,17:36:46.497[0m > | > Graph-channel Symbolica observer estimates:
| >   graph_0     : -2.0658329557081891e-08 +/- 7.17e-11 [45516 selected]
| >   graph_1     : 3.4038191482514712e-10 +/- 5.47e-12 [1868 selected]
| >   graph_2     : -1.2860698674296830e-08 +/- 3.23e-11 [11451 selected]
| >   graph_3     : 1.1111233546577902e-10 +/- 9.73e-13 [1854 selected]
| >   graph_4     : -6.2295242316749876e-10 +/- 1.02e-11 [1993 selected]
| >   graph_5     : -3.9236963154730748e-11 +/- 1.11e-12 [1911 selected]
| >   graph_6     : -3.7072881098384710e-11 +/- 1.16e-12 [1915 selected]
| >   graph_7     : 6.5582588269409484e-11 +/- 1.68e-12 [1903 selected]
| >   graph_8     : -9.1667037274017288e-10 +/- 8.36e-12 [3339 selected]
| >   graph_9     : 1.0638099762006643e-09 +/- 9.04e-12 [3299 selected]
| >   graph_10    : -2.7800236277257049e-09 +/- 4.28e-11 [20504 selected]
| >   graph_11    : 2.2108841001175149e-27 +/- 1.92e-28 [1898 selected]
| >   graph_12    : -5.6331875427268181e-10 +/- 6.04e-12 [2347 selected]
| >   graph_13    : -1.1718164390030229e-08 +/- 5.35e-11 [29123 selected]
| >   graph_14    : 1.0936265834467681e-10 +/- 3.37e-13 [1828 selected]
| >   graph_15    : 1.5613649473381886e-24 +/- 2.94e-24 [1980 selected]
| >   graph_16    : 3.8767846078756550e-09 +/- 1.05e-11 [1866 selected]
| >   graph_17    : -3.6173957004087351e-10 +/- 1.09e-12 [1885 selected]
| >   graph_18    : 1.1966531403489177e-08 +/- 3.68e-11 [16454 selected]
| >   graph_19    : 1.0595222573059542e-09 +/- 4.14e-12 [1927 selected]
| >   graph_20    : -7.6187048274421443e-10 +/- 2.87e-12 [1790 selected]
| >   graph_21    : -8.7269066195845149e-10 +/- 8.91e-12 [3542 selected]
| >   graph_22    : -4.9419186993418742e-10 +/- 8.03e-12 [1836 selected]
| >   graph_23    : -2.9027937862334443e-10 +/- 6.75e-12 [1883 selected]
| >   graph_24    : 5.9008826361081582e-10 +/- 1.43e-11 [3415 selected]
| >   graph_25    : 4.3418575519018220e-10 +/- 9.00e-12 [1892 selected]
| >   graph_26    : -2.1406184271508153e-10 +/- 6.53e-13 [1865 selected]
| >   graph_27    : -2.7242148086155834e-11 +/- 8.38e-14 [1822 selected]
| >   graph_28    : -1.1671784068209611e-09 +/- 6.62e-12 [1857 selected]
| >   graph_29    : 6.8104136027707999e-08 +/- 9.17e-11 [63190 selected]
| >   graph_30    : -1.3805286619536387e-09 +/- 8.75e-11 [64909 selected]
| >   graph_31    : 4.0043971428016701e-11 +/- 3.33e-13 [1921 selected]
| >   graph_32    : -5.0905075092278249e-11 +/- 6.55e-12 [1913 selected]
| >   graph_33    : -1.8837256762779022e-09 +/- 1.96e-11 [5362 selected]
| >   graph_34    : 6.4551843369361549e-26 +/- 2.78e-26 [1853 selected]
| >   graph_35    : 2.5293290657969625e-08 +/- 8.89e-11 [71515 selected]
| >   graph_36    : -2.9302073975576996e-09 +/- 1.93e-11 [6116 selected]
| >   graph_37    : 1.6161572262133707e-08 +/- 4.93e-11 [24814 selected]
| >   graph_38    : 4.0027006933509481e-10 +/- 2.77e-12 [1866 selected]
| >   graph_39    : -7.6380137407752410e-09 +/- 3.20e-11 [12187 selected]
| >   graph_40    : -3.6139654817988202e-10 +/- 1.91e-10 [187230 selected]
| >   graph_41    : 1.7480404170413637e-09 +/- 1.39e-11 [5463 selected]
| >   graph_42    : 4.4161785769483891e-09 +/- 7.70e-11 [39403 selected]
| >   graph_43    : 3.1533933794549353e-09 +/- 2.04e-11 [6391 selected]
| >   graph_44    : 4.4193039725011634e-10 +/- 6.39e-12 [2315 selected]
| >   graph_45    : 2.4000684160442223e-10 +/- 7.14e-13 [1940 selected]
| >   graph_46    : -6.0986012631370366e-11 +/- 2.91e-13 [1836 selected]
| >   graph_47    : -6.1956244461856997e-09 +/- 3.80e-10 [175273 selected]
| >   graph_48    : -9.5512089390661130e-11 +/- 1.70e-12 [1949 selected]
| >   graph_49    : -3.4310218049887412e-08 +/- 5.55e-11 [27050 selected]
| >   graph_50    : 8.9133088720099100e-10 +/- 1.23e-11 [3200 selected]
| >   graph_51    : 5.8027845256681604e-09 +/- 1.55e-11 [2933 selected]
| >   graph_52    : 2.1541322202846708e-10 +/- 4.32e-12 [1842 selected]
| >   graph_53    : -8.1283741584431971e-10 +/- 1.16e-11 [4582 selected]
| >   graph_54    : -2.5924867219024810e-09 +/- 7.15e-11 [40471 selected]
| >   graph_55    : 1.1267053277271958e-09 +/- 1.06e-11 [3741 selected]
| >   graph_56    : -4.1899912296770586e-09 +/- 1.14e-11 [2053 selected]
| >   graph_57    : -1.2921344346931731e-08 +/- 4.09e-11 [18109 selected]
| >   graph_58    : 4.1416738311957689e-11 +/- 1.85e-12 [1885 selected]
| >   graph_59    : 3.9370309574582782e-11 +/- 1.83e-12 [1878 selected]
| >   graph_60    : -6.8691620300529181e-11 +/- 1.87e-12 [1915 selected]
| >   graph_61    : 1.2667878702049681e-08 +/- 5.92e-11 [32451 selected]
| >   graph_62    : 6.0180419652987212e-19 +/- 3.58e-19 [1875 selected]
| >   graph_63    : -1.1644614325214943e-09 +/- 8.32e-12 [1855 selected]
| >   graph_64    : 8.2449144840398330e-10 +/- 3.19e-12 [1951 selected]
| >   sum         : 3.0182963053417164e-08
| >   total       : 3.0182963053417131e-08
| >   difference  : 3.3087224502121107e-23
[92mINFO[0m [94msymbolica_integrator l.7237[0m [96mt=2026-09-09,17:36:46.497[0m > Symbolica integration: starting iteration [92m88/100[0m using [94m1000000[0m points ...
[92mINFO[0m [94msymbolica_integrator l.7270[0m [96mt=2026-09-09,17:45:20.184[0m > ... result after this iteration:
| > Integration result after [92m88000000[0m evaluations in [92m1217911.94 CPU-s[0m [94m(13839.9 µs / eval)[0m
| > Extremal weights:
| >   with jacobian    : 6.86453e+04 at xs = [1.2022270797178483e-05 5.1347871165060355e-01 4.9844193335264181e-01 1.4516739088301420e-01 6.1668961407828471e-01 8.5908706354626785e-01] | jacobian = 3.89981e+06
| >     momentum space  : k = [[-4.7916734390976243e-03, -4.0677616413366393e-04, 1.3537602410258231e+02]; [-2.1621547971222004e+01, -1.9473774833694030e+01, -6.1379768355896978e+01]]
| >   without jacobian : 3.91447e+04 at xs = [6.9227500098056595e-11 8.4609202719086396e-01 4.1932247795077110e-01 9.8421181277806566e-02 3.6083494962649804e-01 4.2896348320695171e-01] | jacobian = 1.05860e-04
| >     momentum space  : k = [[1.5219153965627792e-08, -2.2067080113806765e-08, 8.7023903973540399e+01]; [-2.7315361155387055e+01, 3.2668131218968895e+01, 9.6641901762219966e+00]]
| >   before clipping   : 2.77627e+07 at xs = [1.2621573356944467e-07 4.0622681547034613e-02 4.9991243587330625e-01 1.5142333099317212e-01 9.4166306236820463e-01 6.0510737373729140e-01]
| >     momentum space  : k = [[4.8850681703792525e-05, 1.2746653352121141e-05, 1.4225102275936715e+02]; [6.3036167153096578e+01, -2.4198955389115497e+01, -2.3143213026048883e+01]]
| > Stability pipeline: float pairs accepted = 119057966, HP pairs attempted/accepted = 3499893/3499893
| > Stability triggers: float mismatch = 3251404, float non-finite/error = 1594
| > HP precision escalations: attempted/accepted = 6401/6401
| > Higher-precision rejections: disagreement = 0, non-finite = 0, error = 0
| > Soft-mirror stability: pairs = 37764978, large-side triggers = 245605, HP orbits attempted/salvaged/failed = 3207119/3207119/0
| > Soft-mirror extrema: raw mirror = -9.09915e+09, post-average = 2.77627e+07
| > Strongest soft-mirror cancellation: residual/raw = 0.00000e+00
| > Unstable rotational-check points rejected = 0
| > Rotational-check high-precision retries = 3252998
| > Rotational-check high-precision salvaged = 3252998
| > Large-weight high-precision retries = 246895
| > Large-weight high-precision salvaged = 246895
| > Large-weight high-precision rejected = 0
| > Large-weight samples zeroed = 396 (4.500e-06 of samples; removed signed/absolute sums = 1.28152e+08/2.86131e+08)
| > Non-finite final outputs zeroed = 0
| > Non-finite float rotated evaluations seen = 66
| > Example higher-precision-retried xs = [2.6880750982012969e-01 1.7402049722655100e-01 6.0980772598890010e-02 9.9750773443479890e-01 3.0048234085139136e-01 8.2729716849149482e-01] | float rel = 1.44350e-07
| >     momentum space  : k = [[1.2864873913282938e+01, 2.4869169488989783e+01, 1.4436129598391815e+02]; [-2.5782389205217190e+04, 7.8539332094821817e+04, -1.3710486440690246e+05]]
| > Example large-weight higher-precision-retried xs = [1.9231173850990912e-01 6.5780162395444419e-01 8.8861886028403791e-01 7.0208850143205215e-04 5.4240755566925725e-01 5.0445441660376766e-01] | compiled = -1.10603e+04 | higher precision = -1.02451e-01
| >     momentum space  : k = [[-1.7873903535647262e+01, -2.7323121682648594e+01, -8.9469201105104602e+01]; [-2.7108866766462003e-01, -7.3992249469811575e-02, -3.9326328464896528e-03]]
| > Example NaN/non-finite rotated xs = [4.3974642111233074e-04 4.7267464511837748e-01 9.9995896344930690e-01 6.1497814457061539e-01 6.0079335026881553e-01 6.4637841020769249e-01]
| >     momentum space  : k = [[-2.2353286370510883e-05, 3.8760017987051835e-06, 1.2731159591423573e+03]; [-4.6150254078839635e+02, -3.3882885223629427e+02, -2.8355997629564860e+02]]
| > [92mCentral value[0m : +3.0185122578867863e-08   +/- 4.89e-10     ([91m1.618%[0m)
[92mINFO[0m [94msymbolica_integrator l.7274[0m [96mt=2026-09-09,17:45:20.185[0m > | > Graph-channel Symbolica observer estimates:
| >   graph_0     : -2.0656057116506174e-08 +/- 7.12e-11 [45607 selected]
| >   graph_1     : 3.3983928383335445e-10 +/- 5.44e-12 [1814 selected]
| >   graph_2     : -1.2866039630767595e-08 +/- 3.21e-11 [11622 selected]
| >   graph_3     : 1.1099643132451751e-10 +/- 9.69e-13 [1824 selected]
| >   graph_4     : -6.2227625724703563e-10 +/- 1.01e-11 [2004 selected]
| >   graph_5     : -3.9146456317086903e-11 +/- 1.11e-12 [1956 selected]
| >   graph_6     : -3.7155387103446080e-11 +/- 1.15e-12 [1843 selected]
| >   graph_7     : 6.5549693835107917e-11 +/- 1.67e-12 [1817 selected]
| >   graph_8     : -9.1736987518341145e-10 +/- 8.31e-12 [3245 selected]
| >   graph_9     : 1.0622239738154117e-09 +/- 8.98e-12 [3345 selected]
| >   graph_10    : -2.7812717175877371e-09 +/- 4.24e-11 [20202 selected]
| >   graph_11    : 2.1912190772870897e-27 +/- 1.91e-28 [1917 selected]
| >   graph_12    : -5.6379397024239368e-10 +/- 6.00e-12 [2339 selected]
| >   graph_13    : -1.1717339631642235e-08 +/- 5.30e-11 [29411 selected]
| >   graph_14    : 1.0932872456784778e-10 +/- 3.34e-13 [1804 selected]
| >   graph_15    : 1.4659690106807153e-24 +/- 2.91e-24 [1928 selected]
| >   graph_16    : 3.8763536121104499e-09 +/- 1.05e-11 [1827 selected]
| >   graph_17    : -3.6148080714125281e-10 +/- 1.09e-12 [1747 selected]
| >   graph_18    : 1.1966482824264309e-08 +/- 3.65e-11 [16434 selected]
| >   graph_19    : 1.0590649110683249e-09 +/- 4.12e-12 [1851 selected]
| >   graph_20    : -7.6177368688763766e-10 +/- 2.85e-12 [1886 selected]
| >   graph_21    : -8.7207952793655549e-10 +/- 8.86e-12 [3441 selected]
| >   graph_22    : -4.9462167371545097e-10 +/- 7.97e-12 [1858 selected]
| >   graph_23    : -2.9031694859244698e-10 +/- 6.69e-12 [1877 selected]
| >   graph_24    : 5.8984290042313824e-10 +/- 1.42e-11 [3472 selected]
| >   graph_25    : 4.3319967432817989e-10 +/- 8.96e-12 [1913 selected]
| >   graph_26    : -2.1402222860222923e-10 +/- 6.49e-13 [1857 selected]
| >   graph_27    : -2.7256140377587027e-11 +/- 8.35e-14 [1923 selected]
| >   graph_28    : -1.1666393806917889e-09 +/- 6.59e-12 [1871 selected]
| >   graph_29    : 6.8111865174205251e-08 +/- 9.09e-11 [63376 selected]
| >   graph_30    : -1.3745374275450403e-09 +/- 8.66e-11 [64748 selected]
| >   graph_31    : 3.9998907120824301e-11 +/- 3.31e-13 [1821 selected]
| >   graph_32    : -5.0644874258951503e-11 +/- 6.51e-12 [1876 selected]
| >   graph_33    : -1.8824441591538586e-09 +/- 1.94e-11 [5333 selected]
| >   graph_34    : 6.8720133521901721e-26 +/- 2.77e-26 [1827 selected]
| >   graph_35    : 2.5295605258369097e-08 +/- 8.81e-11 [71785 selected]
| >   graph_36    : -2.9262865276845245e-09 +/- 1.92e-11 [5950 selected]
| >   graph_37    : 1.6163652786088295e-08 +/- 4.90e-11 [25076 selected]
| >   graph_38    : 4.0045255977677924e-10 +/- 2.76e-12 [1861 selected]
| >   graph_39    : -7.6360191325405764e-09 +/- 3.18e-11 [12114 selected]
| >   graph_40    : -3.5755849964199240e-10 +/- 1.89e-10 [186993 selected]
| >   graph_41    : 1.7485142533244750e-09 +/- 1.38e-11 [5395 selected]
| >   graph_42    : 4.4135870600671600e-09 +/- 7.63e-11 [39150 selected]
| >   graph_43    : 3.1538798750651912e-09 +/- 2.03e-11 [6469 selected]
| >   graph_44    : 4.4227715998455329e-10 +/- 6.35e-12 [2376 selected]
| >   graph_45    : 2.3994504115859985e-10 +/- 7.10e-13 [1833 selected]
| >   graph_46    : -6.1024692831256268e-11 +/- 2.89e-13 [1926 selected]
| >   graph_47    : -6.2093632104568140e-09 +/- 3.76e-10 [175736 selected]
| >   graph_48    : -9.5375767320709572e-11 +/- 1.69e-12 [1897 selected]
| >   graph_49    : -3.4311573617386390e-08 +/- 5.51e-11 [26752 selected]
| >   graph_50    : 8.9351099622397588e-10 +/- 1.22e-11 [3194 selected]
| >   graph_51    : 5.8018357078674407e-09 +/- 1.54e-11 [2905 selected]
| >   graph_52    : 2.1632475015758434e-10 +/- 4.30e-12 [1916 selected]
| >   graph_53    : -8.1440132007069591e-10 +/- 1.16e-11 [4606 selected]
| >   graph_54    : -2.6010928140681475e-09 +/- 7.09e-11 [40660 selected]
| >   graph_55    : 1.1281243589090745e-09 +/- 1.05e-11 [3845 selected]
| >   graph_56    : -4.1901306709472175e-09 +/- 1.13e-11 [1992 selected]
| >   graph_57    : -1.2919497204181862e-08 +/- 4.06e-11 [18384 selected]
| >   graph_58    : 4.1584419424047328e-11 +/- 1.84e-12 [1855 selected]
| >   graph_59    : 3.9526217467823135e-11 +/- 1.82e-12 [1910 selected]
| >   graph_60    : -6.8924932119981187e-11 +/- 1.86e-12 [1845 selected]
| >   graph_61    : 1.2667934966081312e-08 +/- 5.89e-11 [32280 selected]
| >   graph_62    : -3.5164677723265204e-17 +/- 3.57e-17 [1815 selected]
| >   graph_63    : -1.1635952997351857e-09 +/- 8.28e-12 [1933 selected]
| >   graph_64    : 8.2473167965572272e-10 +/- 3.17e-12 [1931 selected]
| >   sum         : 3.0185122578867902e-08
| >   total       : 3.0185122578867863e-08
| >   difference  : 3.9704669402545328e-23
[92mINFO[0m [94msymbolica_integrator l.7237[0m [96mt=2026-09-09,17:45:20.185[0m > Symbolica integration: starting iteration [92m89/100[0m using [94m1000000[0m points ...
[92mINFO[0m [94msymbolica_integrator l.7270[0m [96mt=2026-09-09,17:53:00.244[0m > ... result after this iteration:
| > Integration result after [92m89000000[0m evaluations in [92m1236890.65 CPU-s[0m [94m(13897.6 µs / eval)[0m
| > Extremal weights:
| >   with jacobian    : 6.86453e+04 at xs = [1.2022270797178483e-05 5.1347871165060355e-01 4.9844193335264181e-01 1.4516739088301420e-01 6.1668961407828471e-01 8.5908706354626785e-01] | jacobian = 3.89981e+06
| >     momentum space  : k = [[-4.7916734390976243e-03, -4.0677616413366393e-04, 1.3537602410258231e+02]; [-2.1621547971222004e+01, -1.9473774833694030e+01, -6.1379768355896978e+01]]
| >   without jacobian : 3.91447e+04 at xs = [6.9227500098056595e-11 8.4609202719086396e-01 4.1932247795077110e-01 9.8421181277806566e-02 3.6083494962649804e-01 4.2896348320695171e-01] | jacobian = 1.05860e-04
| >     momentum space  : k = [[1.5219153965627792e-08, -2.2067080113806765e-08, 8.7023903973540399e+01]; [-2.7315361155387055e+01, 3.2668131218968895e+01, 9.6641901762219966e+00]]
| >   before clipping   : 2.77627e+07 at xs = [1.2621573356944467e-07 4.0622681547034613e-02 4.9991243587330625e-01 1.5142333099317212e-01 9.4166306236820463e-01 6.0510737373729140e-01]
| >     momentum space  : k = [[4.8850681703792525e-05, 1.2746653352121141e-05, 1.4225102275936715e+02]; [6.3036167153096578e+01, -2.4198955389115497e+01, -2.3143213026048883e+01]]
| > Stability pipeline: float pairs accepted = 120401902, HP pairs attempted/accepted = 3540527/3540527
| > Stability triggers: float mismatch = 3289355, float non-finite/error = 1621
| > HP precision escalations: attempted/accepted = 7213/7213
| > Higher-precision rejections: disagreement = 0, non-finite = 0, error = 0
| > Soft-mirror stability: pairs = 38186438, large-side triggers = 248048, HP orbits attempted/salvaged/failed = 3244009/3244009/0
| > Soft-mirror extrema: raw mirror = -9.09915e+09, post-average = 2.77627e+07
| > Strongest soft-mirror cancellation: residual/raw = 0.00000e+00
| > Unstable rotational-check points rejected = 0
| > Rotational-check high-precision retries = 3290976
| > Rotational-check high-precision salvaged = 3290976
| > Large-weight high-precision retries = 249551
| > Large-weight high-precision salvaged = 249551
| > Large-weight high-precision rejected = 0
| > Large-weight samples zeroed = 399 (4.483e-06 of samples; removed signed/absolute sums = 1.28329e+08/2.86464e+08)
| > Non-finite final outputs zeroed = 0
| > Non-finite float rotated evaluations seen = 66
| > Example higher-precision-retried xs = [2.6880750982012969e-01 1.7402049722655100e-01 6.0980772598890010e-02 9.9750773443479890e-01 3.0048234085139136e-01 8.2729716849149482e-01] | float rel = 1.44350e-07
| >     momentum space  : k = [[1.2864873913282938e+01, 2.4869169488989783e+01, 1.4436129598391815e+02]; [-2.5782389205217190e+04, 7.8539332094821817e+04, -1.3710486440690246e+05]]
| > Example large-weight higher-precision-retried xs = [1.9231173850990912e-01 6.5780162395444419e-01 8.8861886028403791e-01 7.0208850143205215e-04 5.4240755566925725e-01 5.0445441660376766e-01] | compiled = -1.10603e+04 | higher precision = -1.02451e-01
| >     momentum space  : k = [[-1.7873903535647262e+01, -2.7323121682648594e+01, -8.9469201105104602e+01]; [-2.7108866766462003e-01, -7.3992249469811575e-02, -3.9326328464896528e-03]]
| > Example NaN/non-finite rotated xs = [4.3974642111233074e-04 4.7267464511837748e-01 9.9995896344930690e-01 6.1497814457061539e-01 6.0079335026881553e-01 6.4637841020769249e-01]
| >     momentum space  : k = [[-2.2353286370510883e-05, 3.8760017987051835e-06, 1.2731159591423573e+03]; [-4.6150254078839635e+02, -3.3882885223629427e+02, -2.8355997629564860e+02]]
| > [92mCentral value[0m : +3.0151876941484583e-08   +/- 4.84e-10     ([91m1.604%[0m)
[92mINFO[0m [94msymbolica_integrator l.7274[0m [96mt=2026-09-09,17:53:00.245[0m > | > Graph-channel Symbolica observer estimates:
| >   graph_0     : -2.0655579010010144e-08 +/- 7.08e-11 [45699 selected]
| >   graph_1     : 3.4067459110001104e-10 +/- 5.40e-12 [1871 selected]
| >   graph_2     : -1.2866044881637006e-08 +/- 3.19e-11 [11474 selected]
| >   graph_3     : 1.1096407387311472e-10 +/- 9.64e-13 [1824 selected]
| >   graph_4     : -6.2381289949367647e-10 +/- 1.01e-11 [2093 selected]
| >   graph_5     : -3.9301097852021321e-11 +/- 1.10e-12 [1964 selected]
| >   graph_6     : -3.7273258866973801e-11 +/- 1.15e-12 [1863 selected]
| >   graph_7     : 6.5877254124809678e-11 +/- 1.66e-12 [1822 selected]
| >   graph_8     : -9.1915244516807980e-10 +/- 8.26e-12 [3226 selected]
| >   graph_9     : 1.0627560196827552e-09 +/- 8.92e-12 [3296 selected]
| >   graph_10    : -2.7815229506854261e-09 +/- 4.21e-11 [20025 selected]
| >   graph_11    : 2.2197725647830492e-27 +/- 1.90e-28 [1844 selected]
| >   graph_12    : -5.6400356290238140e-10 +/- 5.97e-12 [2408 selected]
| >   graph_13    : -1.1716647693326934e-08 +/- 5.26e-11 [29329 selected]
| >   graph_14    : 1.0934821751749882e-10 +/- 3.32e-13 [1871 selected]
| >   graph_15    : 1.4524639924839486e-24 +/- 2.87e-24 [1838 selected]
| >   graph_16    : 3.8731131774467443e-09 +/- 1.04e-11 [1759 selected]
| >   graph_17    : -3.6148575010142103e-10 +/- 1.08e-12 [1893 selected]
| >   graph_18    : 1.1964371947100036e-08 +/- 3.62e-11 [16146 selected]
| >   graph_19    : 1.0590508628822210e-09 +/- 4.09e-12 [1777 selected]
| >   graph_20    : -7.6198825819883590e-10 +/- 2.84e-12 [1871 selected]
| >   graph_21    : -8.7061986435477995e-10 +/- 8.86e-12 [3418 selected]
| >   graph_22    : -4.9466241703863483e-10 +/- 7.90e-12 [1884 selected]
| >   graph_23    : -2.8980891993902867e-10 +/- 6.62e-12 [1863 selected]
| >   graph_24    : 5.9105947206505334e-10 +/- 1.41e-11 [3432 selected]
| >   graph_25    : 4.3587010949265166e-10 +/- 8.91e-12 [1842 selected]
| >   graph_26    : -2.1388330793747358e-10 +/- 6.44e-13 [1811 selected]
| >   graph_27    : -2.7256384467759710e-11 +/- 8.30e-14 [1875 selected]
| >   graph_28    : -1.1661736658696743e-09 +/- 6.56e-12 [1784 selected]
| >   graph_29    : 6.8097959535414452e-08 +/- 9.01e-11 [63430 selected]
| >   graph_30    : -1.3728700276886435e-09 +/- 8.57e-11 [64577 selected]
| >   graph_31    : 4.0000530839405528e-11 +/- 3.29e-13 [1842 selected]
| >   graph_32    : -5.2090779558274640e-11 +/- 6.47e-12 [1820 selected]
| >   graph_33    : -1.8845661541474508e-09 +/- 1.93e-11 [5350 selected]
| >   graph_34    : 8.8460451757505335e-26 +/- 3.46e-26 [1780 selected]
| >   graph_35    : 2.5294125183075684e-08 +/- 8.73e-11 [71628 selected]
| >   graph_36    : -2.9258370772803105e-09 +/- 1.91e-11 [5957 selected]
| >   graph_37    : 1.6161598047782141e-08 +/- 4.86e-11 [25329 selected]
| >   graph_38    : 4.0102132390877221e-10 +/- 2.75e-12 [1910 selected]
| >   graph_39    : -7.6400791877984520e-09 +/- 3.16e-11 [12111 selected]
| >   graph_40    : -3.4876529318330753e-10 +/- 1.87e-10 [188084 selected]
| >   graph_41    : 1.7492371742347134e-09 +/- 1.37e-11 [5338 selected]
| >   graph_42    : 4.4113572977196727e-09 +/- 7.56e-11 [39258 selected]
| >   graph_43    : 3.1545573310267340e-09 +/- 2.02e-11 [6406 selected]
| >   graph_44    : 4.4248705053619681e-10 +/- 6.31e-12 [2307 selected]
| >   graph_45    : 2.3991738769249721e-10 +/- 7.06e-13 [1850 selected]
| >   graph_46    : -6.1010528141534117e-11 +/- 2.87e-13 [1830 selected]
| >   graph_47    : -6.1993928410302206e-09 +/- 3.72e-10 [175259 selected]
| >   graph_48    : -9.5411712775716410e-11 +/- 1.68e-12 [1885 selected]
| >   graph_49    : -3.4311440614547480e-08 +/- 5.47e-11 [27144 selected]
| >   graph_50    : 8.9312200332759254e-10 +/- 1.21e-11 [3268 selected]
| >   graph_51    : 5.7996626847410768e-09 +/- 1.53e-11 [2935 selected]
| >   graph_52    : 2.1557037037479239e-10 +/- 4.28e-12 [1865 selected]
| >   graph_53    : -8.1621883636560734e-10 +/- 1.15e-11 [4613 selected]
| >   graph_54    : -2.6088319566067360e-09 +/- 7.03e-11 [40720 selected]
| >   graph_55    : 1.1296398339117722e-09 +/- 1.04e-11 [3822 selected]
| >   graph_56    : -4.1915400762977511e-09 +/- 1.12e-11 [2065 selected]
| >   graph_57    : -1.2926750325317602e-08 +/- 4.03e-11 [18372 selected]
| >   graph_58    : 4.1507908151741180e-11 +/- 1.83e-12 [1832 selected]
| >   graph_59    : 3.9633243245957878e-11 +/- 1.81e-12 [1856 selected]
| >   graph_60    : -6.8926731620227773e-11 +/- 1.85e-12 [1912 selected]
| >   graph_61    : 1.2657296386927448e-08 +/- 5.84e-11 [32416 selected]
| >   graph_62    : -3.3104874705983025e-17 +/- 3.54e-17 [1831 selected]
| >   graph_63    : -1.1616174217471277e-09 +/- 8.23e-12 [1778 selected]
| >   graph_64    : 8.2466388835064268e-10 +/- 3.17e-12 [1818 selected]
| >   sum         : 3.0151876941484623e-08
| >   total       : 3.0151876941484583e-08
| >   difference  : 3.9704669402545328e-23
[92mINFO[0m [94msymbolica_integrator l.7237[0m [96mt=2026-09-09,17:53:00.245[0m > Symbolica integration: starting iteration [92m90/100[0m using [94m1000000[0m points ...
[92mINFO[0m [94msymbolica_integrator l.7270[0m [96mt=2026-09-09,17:57:30.687[0m > ... result after this iteration:
| > Integration result after [92m90000000[0m evaluations in [92m1248523.59 CPU-s[0m [94m(13872.5 µs / eval)[0m
| > Extremal weights:
| >   with jacobian    : 6.86453e+04 at xs = [1.2022270797178483e-05 5.1347871165060355e-01 4.9844193335264181e-01 1.4516739088301420e-01 6.1668961407828471e-01 8.5908706354626785e-01] | jacobian = 3.89981e+06
| >     momentum space  : k = [[-4.7916734390976243e-03, -4.0677616413366393e-04, 1.3537602410258231e+02]; [-2.1621547971222004e+01, -1.9473774833694030e+01, -6.1379768355896978e+01]]
| >   without jacobian : 3.91447e+04 at xs = [6.9227500098056595e-11 8.4609202719086396e-01 4.1932247795077110e-01 9.8421181277806566e-02 3.6083494962649804e-01 4.2896348320695171e-01] | jacobian = 1.05860e-04
| >     momentum space  : k = [[1.5219153965627792e-08, -2.2067080113806765e-08, 8.7023903973540399e+01]; [-2.7315361155387055e+01, 3.2668131218968895e+01, 9.6641901762219966e+00]]
| >   before clipping   : -5.27407e+07 at xs = [6.9422011383704387e-06 2.1098190160867630e-01 5.0037218128350880e-01 1.8673912685761032e-01 3.4936958976710281e-01 4.0689863530059067e-01]
| >     momentum space  : k = [[6.7397961753911349e-04, 2.6938658208855346e-03, 1.8304552953596124e+02]; [-5.1411332424196978e+01, 7.1354282253196061e+01, 2.6482647705425165e+01]]
| > Stability pipeline: float pairs accepted = 121740730, HP pairs attempted/accepted = 3582990/3582990
| > Stability triggers: float mismatch = 3329031, float non-finite/error = 1654
| > HP precision escalations: attempted/accepted = 7918/7918
| > Higher-precision rejections: disagreement = 0, non-finite = 0, error = 0
| > Soft-mirror stability: pairs = 38606442, large-side triggers = 250663, HP orbits attempted/salvaged/failed = 3282722/3282722/0
| > Soft-mirror extrema: raw mirror = -9.09915e+09, post-average = -5.27407e+07
| > Strongest soft-mirror cancellation: residual/raw = 0.00000e+00
| > Unstable rotational-check points rejected = 0
| > Rotational-check high-precision retries = 3330685
| > Rotational-check high-precision salvaged = 3330685
| > Large-weight high-precision retries = 252305
| > Large-weight high-precision salvaged = 252305
| > Large-weight high-precision rejected = 0
| > Large-weight samples zeroed = 404 (4.489e-06 of samples; removed signed/absolute sums = 7.53638e+07/3.39672e+08)
| > Non-finite final outputs zeroed = 0
| > Non-finite float rotated evaluations seen = 67
| > Example higher-precision-retried xs = [2.6880750982012969e-01 1.7402049722655100e-01 6.0980772598890010e-02 9.9750773443479890e-01 3.0048234085139136e-01 8.2729716849149482e-01] | float rel = 1.44350e-07
| >     momentum space  : k = [[1.2864873913282938e+01, 2.4869169488989783e+01, 1.4436129598391815e+02]; [-2.5782389205217190e+04, 7.8539332094821817e+04, -1.3710486440690246e+05]]
| > Example large-weight higher-precision-retried xs = [1.9231173850990912e-01 6.5780162395444419e-01 8.8861886028403791e-01 7.0208850143205215e-04 5.4240755566925725e-01 5.0445441660376766e-01] | compiled = -1.10603e+04 | higher precision = -1.02451e-01
| >     momentum space  : k = [[-1.7873903535647262e+01, -2.7323121682648594e+01, -8.9469201105104602e+01]; [-2.7108866766462003e-01, -7.3992249469811575e-02, -3.9326328464896528e-03]]
| > Example NaN/non-finite rotated xs = [4.3974642111233074e-04 4.7267464511837748e-01 9.9995896344930690e-01 6.1497814457061539e-01 6.0079335026881553e-01 6.4637841020769249e-01]
| >     momentum space  : k = [[-2.2353286370510883e-05, 3.8760017987051835e-06, 1.2731159591423573e+03]; [-4.6150254078839635e+02, -3.3882885223629427e+02, -2.8355997629564860e+02]]
| > [92mCentral value[0m : +3.0121681185535934e-08   +/- 4.79e-10     ([91m1.589%[0m)
[92mINFO[0m [94msymbolica_integrator l.7274[0m [96mt=2026-09-09,17:57:30.688[0m > | > Graph-channel Symbolica observer estimates:
| >   graph_0     : -2.0659877963560711e-08 +/- 7.03e-11 [46380 selected]
| >   graph_1     : 3.4084936383520022e-10 +/- 5.37e-12 [1890 selected]
| >   graph_2     : -1.2866851624116075e-08 +/- 3.17e-11 [11734 selected]
| >   graph_3     : 1.1109825294012425e-10 +/- 9.59e-13 [1914 selected]
| >   graph_4     : -6.2472510682267892e-10 +/- 1.00e-11 [2023 selected]
| >   graph_5     : -3.9044390118615983e-11 +/- 1.10e-12 [1844 selected]
| >   graph_6     : -3.7317964864200545e-11 +/- 1.14e-12 [1844 selected]
| >   graph_7     : 6.6251244408772637e-11 +/- 1.65e-12 [1886 selected]
| >   graph_8     : -9.1985811863414321e-10 +/- 8.22e-12 [3286 selected]
| >   graph_9     : 1.0620373731384631e-09 +/- 8.87e-12 [3274 selected]
| >   graph_10    : -2.7801442960058732e-09 +/- 4.17e-11 [20485 selected]
| >   graph_11    : 2.2140186487205665e-27 +/- 1.88e-28 [1876 selected]
| >   graph_12    : -5.6485572224708102e-10 +/- 5.93e-12 [2363 selected]
| >   graph_13    : -1.1707272536577038e-08 +/- 5.21e-11 [28885 selected]
| >   graph_14    : 1.0937188151195128e-10 +/- 3.30e-13 [1891 selected]
| >   graph_15    : 1.4483921288003803e-24 +/- 2.84e-24 [1879 selected]
| >   graph_16    : 3.8732061584457512e-09 +/- 1.04e-11 [1862 selected]
| >   graph_17    : -3.6141322271024453e-10 +/- 1.08e-12 [1815 selected]
| >   graph_18    : 1.1960879509289938e-08 +/- 3.60e-11 [16240 selected]
| >   graph_19    : 1.0586788680832276e-09 +/- 4.07e-12 [1896 selected]
| >   graph_20    : -7.6173029912133216e-10 +/- 2.82e-12 [1872 selected]
| >   graph_21    : -8.7167158266852432e-10 +/- 8.82e-12 [3502 selected]
| >   graph_22    : -4.9444377548552696e-10 +/- 7.84e-12 [1902 selected]
| >   graph_23    : -2.8970410496427891e-10 +/- 6.55e-12 [1900 selected]
| >   graph_24    : 5.8994347696405207e-10 +/- 1.40e-11 [3440 selected]
| >   graph_25    : 4.3647426699164310e-10 +/- 8.87e-12 [1869 selected]
| >   graph_26    : -2.1388982832302954e-10 +/- 6.40e-13 [1863 selected]
| >   graph_27    : -2.7277603183941831e-11 +/- 8.25e-14 [1963 selected]
| >   graph_28    : -1.1658606595210603e-09 +/- 6.52e-12 [1850 selected]
| >   graph_29    : 6.8095674341020505e-08 +/- 8.93e-11 [63033 selected]
| >   graph_30    : -1.3697951931809665e-09 +/- 8.47e-11 [64726 selected]
| >   graph_31    : 4.0037828303702152e-11 +/- 3.28e-13 [1872 selected]
| >   graph_32    : -5.2405144018700878e-11 +/- 6.43e-12 [1864 selected]
| >   graph_33    : -1.8860777332761053e-09 +/- 1.92e-11 [5345 selected]
| >   graph_34    : 8.2690722590723190e-26 +/- 3.44e-26 [1850 selected]
| >   graph_35    : 2.5289543713602574e-08 +/- 8.65e-11 [71852 selected]
| >   graph_36    : -2.9246335783940093e-09 +/- 1.90e-11 [5904 selected]
| >   graph_37    : 1.6164964997389178e-08 +/- 4.83e-11 [25140 selected]
| >   graph_38    : 4.0157934052358669e-10 +/- 2.74e-12 [1871 selected]
| >   graph_39    : -7.6445782225182860e-09 +/- 3.14e-11 [12333 selected]
| >   graph_40    : -3.5263848159394823e-10 +/- 1.85e-10 [186968 selected]
| >   graph_41    : 1.7474964293490523e-09 +/- 1.36e-11 [5426 selected]
| >   graph_42    : 4.4115686627964848e-09 +/- 7.49e-11 [39012 selected]
| >   graph_43    : 3.1513861934065419e-09 +/- 2.01e-11 [6427 selected]
| >   graph_44    : 4.4167371163537926e-10 +/- 6.27e-12 [2286 selected]
| >   graph_45    : 2.3985711412591319e-10 +/- 7.01e-13 [1862 selected]
| >   graph_46    : -6.0982278702152886e-11 +/- 2.86e-13 [1805 selected]
| >   graph_47    : -6.2090525138807414e-09 +/- 3.68e-10 [175605 selected]
| >   graph_48    : -9.5322062548398116e-11 +/- 1.67e-12 [1938 selected]
| >   graph_49    : -3.4316064978163575e-08 +/- 5.43e-11 [26807 selected]
| >   graph_50    : 8.9359885157093380e-10 +/- 1.20e-11 [3213 selected]
| >   graph_51    : 5.7985374558704695e-09 +/- 1.53e-11 [2930 selected]
| >   graph_52    : 2.1516714074023772e-10 +/- 4.26e-12 [1851 selected]
| >   graph_53    : -8.1446409704484542e-10 +/- 1.14e-11 [4743 selected]
| >   graph_54    : -2.6078378357540069e-09 +/- 6.97e-11 [40623 selected]
| >   graph_55    : 1.1293370686551730e-09 +/- 1.04e-11 [3843 selected]
| >   graph_56    : -4.1910379234050686e-09 +/- 1.12e-11 [1971 selected]
| >   graph_57    : -1.2926772469184487e-08 +/- 4.00e-11 [18326 selected]
| >   graph_58    : 4.1130694125937981e-11 +/- 1.82e-12 [1818 selected]
| >   graph_59    : 3.9502109587626136e-11 +/- 1.80e-12 [1819 selected]
| >   graph_60    : -6.8832858040103272e-11 +/- 1.84e-12 [1822 selected]
| >   graph_61    : 1.2654181962586233e-08 +/- 5.79e-11 [32179 selected]
| >   graph_62    : -3.2440447587507412e-17 +/- 3.50e-17 [1846 selected]
| >   graph_63    : -1.1605820743907209e-09 +/- 8.19e-12 [1815 selected]
| >   graph_64    : 8.2466945009823828e-10 +/- 3.16e-12 [1847 selected]
| >   sum         : 3.0121681185535974e-08
| >   total       : 3.0121681185535934e-08
| >   difference  : 3.9704669402545328e-23
[92mINFO[0m [94msymbolica_integrator l.7237[0m [96mt=2026-09-09,17:57:30.688[0m > Symbolica integration: starting iteration [92m91/100[0m using [94m1000000[0m points ...
[92mINFO[0m [94msymbolica_integrator l.7270[0m [96mt=2026-09-09,18:02:39.083[0m > ... result after this iteration:
| > Integration result after [92m91000000[0m evaluations in [92m1261181.85 CPU-s[0m [94m(13859.1 µs / eval)[0m
| > Extremal weights:
| >   with jacobian    : 6.86453e+04 at xs = [1.2022270797178483e-05 5.1347871165060355e-01 4.9844193335264181e-01 1.4516739088301420e-01 6.1668961407828471e-01 8.5908706354626785e-01] | jacobian = 3.89981e+06
| >     momentum space  : k = [[-4.7916734390976243e-03, -4.0677616413366393e-04, 1.3537602410258231e+02]; [-2.1621547971222004e+01, -1.9473774833694030e+01, -6.1379768355896978e+01]]
| >   without jacobian : 3.91447e+04 at xs = [6.9227500098056595e-11 8.4609202719086396e-01 4.1932247795077110e-01 9.8421181277806566e-02 3.6083494962649804e-01 4.2896348320695171e-01] | jacobian = 1.05860e-04
| >     momentum space  : k = [[1.5219153965627792e-08, -2.2067080113806765e-08, 8.7023903973540399e+01]; [-2.7315361155387055e+01, 3.2668131218968895e+01, 9.6641901762219966e+00]]
| >   before clipping   : -5.27407e+07 at xs = [6.9422011383704387e-06 2.1098190160867630e-01 5.0037218128350880e-01 1.8673912685761032e-01 3.4936958976710281e-01 4.0689863530059067e-01]
| >     momentum space  : k = [[6.7397961753911349e-04, 2.6938658208855346e-03, 1.8304552953596124e+02]; [-5.1411332424196978e+01, 7.1354282253196061e+01, 2.6482647705425165e+01]]
| > Stability pipeline: float pairs accepted = 123081630, HP pairs attempted/accepted = 3624756/3624756
| > Stability triggers: float mismatch = 3368070, float non-finite/error = 1672
| > HP precision escalations: attempted/accepted = 8702/8702
| > Higher-precision rejections: disagreement = 0, non-finite = 0, error = 0
| > Soft-mirror stability: pairs = 39027033, large-side triggers = 253291, HP orbits attempted/salvaged/failed = 3320647/3320647/0
| > Soft-mirror extrema: raw mirror = -9.09915e+09, post-average = -5.27407e+07
| > Strongest soft-mirror cancellation: residual/raw = 0.00000e+00
| > Unstable rotational-check points rejected = 0
| > Rotational-check high-precision retries = 3369742
| > Rotational-check high-precision salvaged = 3369742
| > Large-weight high-precision retries = 255014
| > Large-weight high-precision salvaged = 255014
| > Large-weight high-precision rejected = 0
| > Large-weight samples zeroed = 406 (4.462e-06 of samples; removed signed/absolute sums = 7.55126e+07/3.39820e+08)
| > Non-finite final outputs zeroed = 0
| > Non-finite float rotated evaluations seen = 68
| > Example higher-precision-retried xs = [2.6880750982012969e-01 1.7402049722655100e-01 6.0980772598890010e-02 9.9750773443479890e-01 3.0048234085139136e-01 8.2729716849149482e-01] | float rel = 1.44350e-07
| >     momentum space  : k = [[1.2864873913282938e+01, 2.4869169488989783e+01, 1.4436129598391815e+02]; [-2.5782389205217190e+04, 7.8539332094821817e+04, -1.3710486440690246e+05]]
| > Example large-weight higher-precision-retried xs = [1.9231173850990912e-01 6.5780162395444419e-01 8.8861886028403791e-01 7.0208850143205215e-04 5.4240755566925725e-01 5.0445441660376766e-01] | compiled = -1.10603e+04 | higher precision = -1.02451e-01
| >     momentum space  : k = [[-1.7873903535647262e+01, -2.7323121682648594e+01, -8.9469201105104602e+01]; [-2.7108866766462003e-01, -7.3992249469811575e-02, -3.9326328464896528e-03]]
| > Example NaN/non-finite rotated xs = [4.3974642111233074e-04 4.7267464511837748e-01 9.9995896344930690e-01 6.1497814457061539e-01 6.0079335026881553e-01 6.4637841020769249e-01]
| >     momentum space  : k = [[-2.2353286370510883e-05, 3.8760017987051835e-06, 1.2731159591423573e+03]; [-4.6150254078839635e+02, -3.3882885223629427e+02, -2.8355997629564860e+02]]
| > [92mCentral value[0m : +3.0087110209461016e-08   +/- 4.74e-10     ([91m1.575%[0m)
[92mINFO[0m [94msymbolica_integrator l.7274[0m [96mt=2026-09-09,18:02:39.083[0m > | > Graph-channel Symbolica observer estimates:
| >   graph_0     : -2.0660489697661842e-08 +/- 6.98e-11 [45946 selected]
| >   graph_1     : 3.4122464924785229e-10 +/- 5.33e-12 [1915 selected]
| >   graph_2     : -1.2868271229203049e-08 +/- 3.15e-11 [11602 selected]
| >   graph_3     : 1.1120413755578298e-10 +/- 9.54e-13 [1852 selected]
| >   graph_4     : -6.2559705024137490e-10 +/- 9.96e-12 [2065 selected]
| >   graph_5     : -3.9002658780323685e-11 +/- 1.09e-12 [1930 selected]
| >   graph_6     : -3.7266381980074327e-11 +/- 1.14e-12 [1863 selected]
| >   graph_7     : 6.6296034002894426e-11 +/- 1.64e-12 [1775 selected]
| >   graph_8     : -9.2030765538791327e-10 +/- 8.17e-12 [3193 selected]
| >   graph_9     : 1.0623562687656352e-09 +/- 8.82e-12 [3291 selected]
| >   graph_10    : -2.7834232366256704e-09 +/- 4.14e-11 [20406 selected]
| >   graph_11    : 2.2163096926463222e-27 +/- 1.87e-28 [1976 selected]
| >   graph_12    : -5.6526887075310637e-10 +/- 5.90e-12 [2388 selected]
| >   graph_13    : -1.1710218632528479e-08 +/- 5.19e-11 [29084 selected]
| >   graph_14    : 1.0938655038893207e-10 +/- 3.29e-13 [1870 selected]
| >   graph_15    : 1.4553265452467433e-24 +/- 2.81e-24 [1888 selected]
| >   graph_16    : 3.8731308130769956e-09 +/- 1.03e-11 [1841 selected]
| >   graph_17    : -3.6169360622243139e-10 +/- 1.07e-12 [1952 selected]
| >   graph_18    : 1.1950457967029457e-08 +/- 3.57e-11 [16055 selected]
| >   graph_19    : 1.0584457448122703e-09 +/- 4.05e-12 [1819 selected]
| >   graph_20    : -7.6178615873973468e-10 +/- 2.81e-12 [1888 selected]
| >   graph_21    : -8.7118041771825154e-10 +/- 8.77e-12 [3453 selected]
| >   graph_22    : -4.9540297271468431e-10 +/- 7.78e-12 [1936 selected]
| >   graph_23    : -2.8956887794914804e-10 +/- 6.49e-12 [1912 selected]
| >   graph_24    : 5.9009864268529907e-10 +/- 1.40e-11 [3472 selected]
| >   graph_25    : 4.3589537722519850e-10 +/- 8.84e-12 [1813 selected]
| >   graph_26    : -2.1386577401064265e-10 +/- 6.36e-13 [1864 selected]
| >   graph_27    : -2.7296517818725794e-11 +/- 8.20e-14 [1931 selected]
| >   graph_28    : -1.1660754431655134e-09 +/- 6.49e-12 [1900 selected]
| >   graph_29    : 6.8092556743453104e-08 +/- 8.86e-11 [63681 selected]
| >   graph_30    : -1.3704693278288666e-09 +/- 8.39e-11 [64336 selected]
| >   graph_31    : 4.0012686920808804e-11 +/- 3.26e-13 [1877 selected]
| >   graph_32    : -5.2031026412947307e-11 +/- 6.40e-12 [1827 selected]
| >   graph_33    : -1.8864465911354122e-09 +/- 1.91e-11 [5453 selected]
| >   graph_34    : 8.5341540648897466e-26 +/- 3.43e-26 [1938 selected]
| >   graph_35    : 2.5276613161036833e-08 +/- 8.60e-11 [71982 selected]
| >   graph_36    : -2.9240712347490992e-09 +/- 1.89e-11 [6087 selected]
| >   graph_37    : 1.6168574477994831e-08 +/- 4.80e-11 [25424 selected]
| >   graph_38    : 4.0149209382888028e-10 +/- 2.72e-12 [1878 selected]
| >   graph_39    : -7.6409823680272390e-09 +/- 3.12e-11 [12083 selected]
| >   graph_40    : -3.5420996981146923e-10 +/- 1.83e-10 [186499 selected]
| >   graph_41    : 1.7482903583578417e-09 +/- 1.35e-11 [5369 selected]
| >   graph_42    : 4.4013382371991487e-09 +/- 7.42e-11 [39317 selected]
| >   graph_43    : 3.1500684302810308e-09 +/- 1.99e-11 [6419 selected]
| >   graph_44    : 4.4282887618018972e-10 +/- 6.24e-12 [2285 selected]
| >   graph_45    : 2.3995069014739284e-10 +/- 6.97e-13 [1939 selected]
| >   graph_46    : -6.0961077578953569e-11 +/- 2.84e-13 [1837 selected]
| >   graph_47    : -6.2104419521092213e-09 +/- 3.64e-10 [174613 selected]
| >   graph_48    : -9.5421621900869562e-11 +/- 1.66e-12 [1861 selected]
| >   graph_49    : -3.4313233974644948e-08 +/- 5.40e-11 [26948 selected]
| >   graph_50    : 8.9241422282221700e-10 +/- 1.19e-11 [3171 selected]
| >   graph_51    : 5.8006699696547924e-09 +/- 1.52e-11 [2985 selected]
| >   graph_52    : 2.1572957436069352e-10 +/- 4.23e-12 [1821 selected]
| >   graph_53    : -8.1374111352705326e-10 +/- 1.14e-11 [4585 selected]
| >   graph_54    : -2.6078619729100661e-09 +/- 6.91e-11 [40861 selected]
| >   graph_55    : 1.1315337657254571e-09 +/- 1.03e-11 [3927 selected]
| >   graph_56    : -4.1917881278588424e-09 +/- 1.11e-11 [2012 selected]
| >   graph_57    : -1.2926977122181649e-08 +/- 3.98e-11 [18294 selected]
| >   graph_58    : 4.1217341485461365e-11 +/- 1.81e-12 [1914 selected]
| >   graph_59    : 3.9454163649270693e-11 +/- 1.79e-12 [1899 selected]
| >   graph_60    : -6.8603529795465127e-11 +/- 1.83e-12 [1850 selected]
| >   graph_61    : 1.2655668021324874e-08 +/- 5.74e-11 [32442 selected]
| >   graph_62    : -4.9055942866205576e-17 +/- 3.86e-17 [1906 selected]
| >   graph_63    : -1.1607640032096817e-09 +/- 8.15e-12 [1832 selected]
| >   graph_64    : 8.2492145448660017e-10 +/- 3.15e-12 [1968 selected]
| >   sum         : 3.0087110209461056e-08
| >   total       : 3.0087110209461016e-08
| >   difference  : 3.9704669402545328e-23
[92mINFO[0m [94msymbolica_integrator l.7237[0m [96mt=2026-09-09,18:02:39.084[0m > Symbolica integration: starting iteration [92m92/100[0m using [94m1000000[0m points ...
[92mINFO[0m [94msymbolica_integrator l.7270[0m [96mt=2026-09-09,18:09:24.517[0m > ... result after this iteration:
| > Integration result after [92m92000000[0m evaluations in [92m1280785.81 CPU-s[0m [94m(13921.6 µs / eval)[0m
| > Extremal weights:
| >   with jacobian    : 6.86453e+04 at xs = [1.2022270797178483e-05 5.1347871165060355e-01 4.9844193335264181e-01 1.4516739088301420e-01 6.1668961407828471e-01 8.5908706354626785e-01] | jacobian = 3.89981e+06
| >     momentum space  : k = [[-4.7916734390976243e-03, -4.0677616413366393e-04, 1.3537602410258231e+02]; [-2.1621547971222004e+01, -1.9473774833694030e+01, -6.1379768355896978e+01]]
| >   without jacobian : 3.91447e+04 at xs = [6.9227500098056595e-11 8.4609202719086396e-01 4.1932247795077110e-01 9.8421181277806566e-02 3.6083494962649804e-01 4.2896348320695171e-01] | jacobian = 1.05860e-04
| >     momentum space  : k = [[1.5219153965627792e-08, -2.2067080113806765e-08, 8.7023903973540399e+01]; [-2.7315361155387055e+01, 3.2668131218968895e+01, 9.6641901762219966e+00]]
| >   before clipping   : -5.27407e+07 at xs = [6.9422011383704387e-06 2.1098190160867630e-01 5.0037218128350880e-01 1.8673912685761032e-01 3.4936958976710281e-01 4.0689863530059067e-01]
| >     momentum space  : k = [[6.7397961753911349e-04, 2.6938658208855346e-03, 1.8304552953596124e+02]; [-5.1411332424196978e+01, 7.1354282253196061e+01, 2.6482647705425165e+01]]
| > Stability pipeline: float pairs accepted = 124421953, HP pairs attempted/accepted = 3667255/3667255
| > Stability triggers: float mismatch = 3407783, float non-finite/error = 1691
| > HP precision escalations: attempted/accepted = 9451/9451
| > Higher-precision rejections: disagreement = 0, non-finite = 0, error = 0
| > Soft-mirror stability: pairs = 39448501, large-side triggers = 256002, HP orbits attempted/salvaged/failed = 3359293/3359293/0
| > Soft-mirror extrema: raw mirror = -9.09915e+09, post-average = -5.27407e+07
| > Strongest soft-mirror cancellation: residual/raw = 0.00000e+00
| > Unstable rotational-check points rejected = 0
| > Rotational-check high-precision retries = 3409474
| > Rotational-check high-precision salvaged = 3409474
| > Large-weight high-precision retries = 257781
| > Large-weight high-precision salvaged = 257781
| > Large-weight high-precision rejected = 0
| > Large-weight samples zeroed = 412 (4.478e-06 of samples; removed signed/absolute sums = 8.27556e+07/3.47299e+08)
| > Non-finite final outputs zeroed = 0
| > Non-finite float rotated evaluations seen = 70
| > Example higher-precision-retried xs = [2.6880750982012969e-01 1.7402049722655100e-01 6.0980772598890010e-02 9.9750773443479890e-01 3.0048234085139136e-01 8.2729716849149482e-01] | float rel = 1.44350e-07
| >     momentum space  : k = [[1.2864873913282938e+01, 2.4869169488989783e+01, 1.4436129598391815e+02]; [-2.5782389205217190e+04, 7.8539332094821817e+04, -1.3710486440690246e+05]]
| > Example large-weight higher-precision-retried xs = [1.9231173850990912e-01 6.5780162395444419e-01 8.8861886028403791e-01 7.0208850143205215e-04 5.4240755566925725e-01 5.0445441660376766e-01] | compiled = -1.10603e+04 | higher precision = -1.02451e-01
| >     momentum space  : k = [[-1.7873903535647262e+01, -2.7323121682648594e+01, -8.9469201105104602e+01]; [-2.7108866766462003e-01, -7.3992249469811575e-02, -3.9326328464896528e-03]]
| > Example NaN/non-finite rotated xs = [4.3974642111233074e-04 4.7267464511837748e-01 9.9995896344930690e-01 6.1497814457061539e-01 6.0079335026881553e-01 6.4637841020769249e-01]
| >     momentum space  : k = [[-2.2353286370510883e-05, 3.8760017987051835e-06, 1.2731159591423573e+03]; [-4.6150254078839635e+02, -3.3882885223629427e+02, -2.8355997629564860e+02]]
| > [92mCentral value[0m : +3.0066202562389363e-08   +/- 4.69e-10     ([91m1.560%[0m)
[92mINFO[0m [94msymbolica_integrator l.7274[0m [96mt=2026-09-09,18:09:24.518[0m > | > Graph-channel Symbolica observer estimates:
| >   graph_0     : -2.0663847974168374e-08 +/- 6.93e-11 [46425 selected]
| >   graph_1     : 3.4161394268911650e-10 +/- 5.30e-12 [1892 selected]
| >   graph_2     : -1.2871571578875888e-08 +/- 3.13e-11 [11822 selected]
| >   graph_3     : 1.1126053830265426e-10 +/- 9.48e-13 [1895 selected]
| >   graph_4     : -6.2442175370541908e-10 +/- 9.91e-12 [2054 selected]
| >   graph_5     : -3.8942631972066871e-11 +/- 1.09e-12 [1860 selected]
| >   graph_6     : -3.7467533333614128e-11 +/- 1.13e-12 [1872 selected]
| >   graph_7     : 6.6527186502425012e-11 +/- 1.63e-12 [1881 selected]
| >   graph_8     : -9.1998111346844569e-10 +/- 8.12e-12 [3167 selected]
| >   graph_9     : 1.0634270321838554e-09 +/- 8.77e-12 [3303 selected]
| >   graph_10    : -2.7819563778835568e-09 +/- 4.11e-11 [20343 selected]
| >   graph_11    : 2.1982778762854663e-27 +/- 1.86e-28 [1837 selected]
| >   graph_12    : -5.6633448781314321e-10 +/- 5.87e-12 [2360 selected]
| >   graph_13    : -1.1713120797830070e-08 +/- 5.15e-11 [29261 selected]
| >   graph_14    : 1.0935398105924807e-10 +/- 3.27e-13 [1832 selected]
| >   graph_15    : 1.3975778896436394e-24 +/- 2.78e-24 [1830 selected]
| >   graph_16    : 3.8725781418039211e-09 +/- 1.03e-11 [1849 selected]
| >   graph_17    : -3.6151849099701263e-10 +/- 1.06e-12 [1842 selected]
| >   graph_18    : 1.1949072078408599e-08 +/- 3.54e-11 [16248 selected]
| >   graph_19    : 1.0579604107271150e-09 +/- 4.03e-12 [1820 selected]
| >   graph_20    : -7.6173496733017172e-10 +/- 2.79e-12 [1882 selected]
| >   graph_21    : -8.7023411667724242e-10 +/- 8.72e-12 [3466 selected]
| >   graph_22    : -4.9968091243153866e-10 +/- 8.37e-12 [1893 selected]
| >   graph_23    : -2.8966699912687661e-10 +/- 6.43e-12 [1893 selected]
| >   graph_24    : 5.8889929715107953e-10 +/- 1.39e-11 [3459 selected]
| >   graph_25    : 4.3492018839615377e-10 +/- 8.79e-12 [1877 selected]
| >   graph_26    : -2.1385397134933589e-10 +/- 6.33e-13 [1880 selected]
| >   graph_27    : -2.7283945051912829e-11 +/- 8.15e-14 [1830 selected]
| >   graph_28    : -1.1653310278266512e-09 +/- 6.46e-12 [1842 selected]
| >   graph_29    : 6.8075462399461467e-08 +/- 8.79e-11 [62825 selected]
| >   graph_30    : -1.3642707051971393e-09 +/- 8.31e-11 [63886 selected]
| >   graph_31    : 4.0008671394557806e-11 +/- 3.24e-13 [1900 selected]
| >   graph_32    : -5.1974362168820481e-11 +/- 6.36e-12 [1821 selected]
| >   graph_33    : -1.8883813739499150e-09 +/- 1.90e-11 [5429 selected]
| >   graph_34    : 7.8384149363779204e-26 +/- 3.47e-26 [1844 selected]
| >   graph_35    : 2.5283855198863384e-08 +/- 8.52e-11 [72015 selected]
| >   graph_36    : -2.9254758733047935e-09 +/- 1.88e-11 [6016 selected]
| >   graph_37    : 1.6175309693454002e-08 +/- 4.77e-11 [25258 selected]
| >   graph_38    : 4.0145812873749591e-10 +/- 2.71e-12 [1843 selected]
| >   graph_39    : -7.6407858147451693e-09 +/- 3.10e-11 [12255 selected]
| >   graph_40    : -3.5935223006153780e-10 +/- 1.81e-10 [187286 selected]
| >   graph_41    : 1.7480408160617383e-09 +/- 1.35e-11 [5378 selected]
| >   graph_42    : 4.3947237014390265e-09 +/- 7.35e-11 [39501 selected]
| >   graph_43    : 3.1524082168825744e-09 +/- 1.98e-11 [6373 selected]
| >   graph_44    : 4.4242516628963905e-10 +/- 6.20e-12 [2314 selected]
| >   graph_45    : 2.4002863491757592e-10 +/- 6.94e-13 [1871 selected]
| >   graph_46    : -6.0944814437014703e-11 +/- 2.82e-13 [1799 selected]
| >   graph_47    : -6.2085907008266295e-09 +/- 3.60e-10 [174702 selected]
| >   graph_48    : -9.5482681155907731e-11 +/- 1.66e-12 [1949 selected]
| >   graph_49    : -3.4317509511238067e-08 +/- 5.36e-11 [27252 selected]
| >   graph_50    : 8.9089886804169739e-10 +/- 1.18e-11 [3107 selected]
| >   graph_51    : 5.8008095157442115e-09 +/- 1.51e-11 [2933 selected]
| >   graph_52    : 2.1484561020211967e-10 +/- 4.21e-12 [1826 selected]
| >   graph_53    : -8.1422548559650841e-10 +/- 1.13e-11 [4472 selected]
| >   graph_54    : -2.6107500073286286e-09 +/- 6.85e-11 [40728 selected]
| >   graph_55    : 1.1323343141476425e-09 +/- 1.03e-11 [3861 selected]
| >   graph_56    : -4.1926943651598905e-09 +/- 1.11e-11 [2015 selected]
| >   graph_57    : -1.2918613459030101e-08 +/- 3.95e-11 [18488 selected]
| >   graph_58    : 4.0989164955139115e-11 +/- 1.80e-12 [1884 selected]
| >   graph_59    : 3.9153849537545771e-11 +/- 1.78e-12 [1922 selected]
| >   graph_60    : -6.8565153903343968e-11 +/- 1.83e-12 [1872 selected]
| >   graph_61    : 1.2657533703678658e-08 +/- 5.69e-11 [32334 selected]
| >   graph_62    : -4.8296329872018090e-17 +/- 3.81e-17 [1870 selected]
| >   graph_63    : -1.1602368528840410e-09 +/- 8.10e-12 [1874 selected]
| >   graph_64    : 8.2510623048189910e-10 +/- 3.13e-12 [1882 selected]
| >   sum         : 3.0066202562389389e-08
| >   total       : 3.0066202562389363e-08
| >   difference  : 2.6469779601696886e-23
[92mINFO[0m [94msymbolica_integrator l.7237[0m [96mt=2026-09-09,18:09:24.518[0m > Symbolica integration: starting iteration [92m93/100[0m using [94m1000000[0m points ...
[92mINFO[0m [94msymbolica_integrator l.7270[0m [96mt=2026-09-09,18:14:57.576[0m > ... result after this iteration:
| > Integration result after [92m93000000[0m evaluations in [92m1291639.81 CPU-s[0m [94m(13888.6 µs / eval)[0m
| > Extremal weights:
| >   with jacobian    : 6.86453e+04 at xs = [1.2022270797178483e-05 5.1347871165060355e-01 4.9844193335264181e-01 1.4516739088301420e-01 6.1668961407828471e-01 8.5908706354626785e-01] | jacobian = 3.89981e+06
| >     momentum space  : k = [[-4.7916734390976243e-03, -4.0677616413366393e-04, 1.3537602410258231e+02]; [-2.1621547971222004e+01, -1.9473774833694030e+01, -6.1379768355896978e+01]]
| >   without jacobian : 3.91447e+04 at xs = [6.9227500098056595e-11 8.4609202719086396e-01 4.1932247795077110e-01 9.8421181277806566e-02 3.6083494962649804e-01 4.2896348320695171e-01] | jacobian = 1.05860e-04
| >     momentum space  : k = [[1.5219153965627792e-08, -2.2067080113806765e-08, 8.7023903973540399e+01]; [-2.7315361155387055e+01, 3.2668131218968895e+01, 9.6641901762219966e+00]]
| >   before clipping   : -5.27407e+07 at xs = [6.9422011383704387e-06 2.1098190160867630e-01 5.0037218128350880e-01 1.8673912685761032e-01 3.4936958976710281e-01 4.0689863530059067e-01]
| >     momentum space  : k = [[6.7397961753911349e-04, 2.6938658208855346e-03, 1.8304552953596124e+02]; [-5.1411332424196978e+01, 7.1354282253196061e+01, 2.6482647705425165e+01]]
| > Stability pipeline: float pairs accepted = 125768553, HP pairs attempted/accepted = 3706366/3706366
| > Stability triggers: float mismatch = 3444233, float non-finite/error = 1700
| > HP precision escalations: attempted/accepted = 10264/10264
| > Higher-precision rejections: disagreement = 0, non-finite = 0, error = 0
| > Soft-mirror stability: pairs = 39869417, large-side triggers = 258570, HP orbits attempted/salvaged/failed = 3394498/3394498/0
| > Soft-mirror extrema: raw mirror = -9.09915e+09, post-average = -5.27407e+07
| > Strongest soft-mirror cancellation: residual/raw = 0.00000e+00
| > Unstable rotational-check points rejected = 0
| > Rotational-check high-precision retries = 3445933
| > Rotational-check high-precision salvaged = 3445933
| > Large-weight high-precision retries = 260433
| > Large-weight high-precision salvaged = 260433
| > Large-weight high-precision rejected = 0
| > Large-weight samples zeroed = 415 (4.462e-06 of samples; removed signed/absolute sums = 8.27945e+07/3.48294e+08)
| > Non-finite final outputs zeroed = 0
| > Non-finite float rotated evaluations seen = 70
| > Example higher-precision-retried xs = [2.6880750982012969e-01 1.7402049722655100e-01 6.0980772598890010e-02 9.9750773443479890e-01 3.0048234085139136e-01 8.2729716849149482e-01] | float rel = 1.44350e-07
| >     momentum space  : k = [[1.2864873913282938e+01, 2.4869169488989783e+01, 1.4436129598391815e+02]; [-2.5782389205217190e+04, 7.8539332094821817e+04, -1.3710486440690246e+05]]
| > Example large-weight higher-precision-retried xs = [1.9231173850990912e-01 6.5780162395444419e-01 8.8861886028403791e-01 7.0208850143205215e-04 5.4240755566925725e-01 5.0445441660376766e-01] | compiled = -1.10603e+04 | higher precision = -1.02451e-01
| >     momentum space  : k = [[-1.7873903535647262e+01, -2.7323121682648594e+01, -8.9469201105104602e+01]; [-2.7108866766462003e-01, -7.3992249469811575e-02, -3.9326328464896528e-03]]
| > Example NaN/non-finite rotated xs = [4.3974642111233074e-04 4.7267464511837748e-01 9.9995896344930690e-01 6.1497814457061539e-01 6.0079335026881553e-01 6.4637841020769249e-01]
| >     momentum space  : k = [[-2.2353286370510883e-05, 3.8760017987051835e-06, 1.2731159591423573e+03]; [-4.6150254078839635e+02, -3.3882885223629427e+02, -2.8355997629564860e+02]]
| > [92mCentral value[0m : +3.0021941596482931e-08   +/- 4.64e-10     ([91m1.547%[0m)
[92mINFO[0m [94msymbolica_integrator l.7274[0m [96mt=2026-09-09,18:14:57.577[0m > | > Graph-channel Symbolica observer estimates:
| >   graph_0     : -2.0670194342857031e-08 +/- 6.88e-11 [46426 selected]
| >   graph_1     : 3.4145110975292376e-10 +/- 5.30e-12 [1839 selected]
| >   graph_2     : -1.2872099295983991e-08 +/- 3.11e-11 [11773 selected]
| >   graph_3     : 1.1112463202893774e-10 +/- 9.43e-13 [1853 selected]
| >   graph_4     : -6.2351562939171579e-10 +/- 9.86e-12 [2036 selected]
| >   graph_5     : -3.8947519897791807e-11 +/- 1.08e-12 [1930 selected]
| >   graph_6     : -3.7633083232693609e-11 +/- 1.12e-12 [1806 selected]
| >   graph_7     : 6.6562038783306682e-11 +/- 1.62e-12 [1781 selected]
| >   graph_8     : -9.1964710695372601e-10 +/- 8.07e-12 [3150 selected]
| >   graph_9     : 1.0634339148649444e-09 +/- 8.72e-12 [3183 selected]
| >   graph_10    : -2.7801339763674665e-09 +/- 4.08e-11 [20426 selected]
| >   graph_11    : 2.1971893105419876e-27 +/- 1.85e-28 [1891 selected]
| >   graph_12    : -5.6617219188455221e-10 +/- 5.84e-12 [2432 selected]
| >   graph_13    : -1.1720298435024491e-08 +/- 5.13e-11 [29467 selected]
| >   graph_14    : 1.0937558151666167e-10 +/- 3.25e-13 [1872 selected]
| >   graph_15    : 1.2179340082511596e-24 +/- 2.75e-24 [1851 selected]
| >   graph_16    : 3.8730108756730271e-09 +/- 1.02e-11 [1879 selected]
| >   graph_17    : -3.6139279967941477e-10 +/- 1.06e-12 [1838 selected]
| >   graph_18    : 1.1950228014754139e-08 +/- 3.51e-11 [16288 selected]
| >   graph_19    : 1.0575818838521777e-09 +/- 4.01e-12 [1815 selected]
| >   graph_20    : -7.6158097506964413e-10 +/- 2.78e-12 [1842 selected]
| >   graph_21    : -8.7001658820727604e-10 +/- 8.67e-12 [3445 selected]
| >   graph_22    : -5.0047111566291881e-10 +/- 8.33e-12 [1880 selected]
| >   graph_23    : -2.8947613155658552e-10 +/- 6.37e-12 [1922 selected]
| >   graph_24    : 5.8997906588806879e-10 +/- 1.38e-11 [3411 selected]
| >   graph_25    : 4.3480641930577853e-10 +/- 8.75e-12 [1846 selected]
| >   graph_26    : -2.1390960684800649e-10 +/- 6.29e-13 [1902 selected]
| >   graph_27    : -2.7275331672201017e-11 +/- 8.10e-14 [1812 selected]
| >   graph_28    : -1.1652163257995829e-09 +/- 6.43e-12 [1823 selected]
| >   graph_29    : 6.8076160470998221e-08 +/- 8.71e-11 [63722 selected]
| >   graph_30    : -1.3641101962497565e-09 +/- 8.23e-11 [64015 selected]
| >   graph_31    : 4.0021469478684460e-11 +/- 3.23e-13 [1903 selected]
| >   graph_32    : -5.1675772847800104e-11 +/- 6.33e-12 [1880 selected]
| >   graph_33    : -1.8876104057289905e-09 +/- 1.89e-11 [5444 selected]
| >   graph_34    : 7.9791997113834600e-26 +/- 3.45e-26 [1876 selected]
| >   graph_35    : 2.5265721945993967e-08 +/- 8.45e-11 [71618 selected]
| >   graph_36    : -2.9276393046376313e-09 +/- 1.87e-11 [6124 selected]
| >   graph_37    : 1.6173998979332644e-08 +/- 4.74e-11 [25405 selected]
| >   graph_38    : 4.0195036517258448e-10 +/- 2.70e-12 [1933 selected]
| >   graph_39    : -7.6372656289637418e-09 +/- 3.08e-11 [12102 selected]
| >   graph_40    : -3.6847273789920348e-10 +/- 1.80e-10 [187070 selected]
| >   graph_41    : 1.7479173329451358e-09 +/- 1.34e-11 [5373 selected]
| >   graph_42    : 4.3939271642491260e-09 +/- 7.29e-11 [39530 selected]
| >   graph_43    : 3.1522860038215157e-09 +/- 1.97e-11 [6285 selected]
| >   graph_44    : 4.4254160395857037e-10 +/- 6.17e-12 [2279 selected]
| >   graph_45    : 2.3995299814852769e-10 +/- 6.90e-13 [1782 selected]
| >   graph_46    : -6.0970389082703853e-11 +/- 2.80e-13 [1893 selected]
| >   graph_47    : -6.2138687002646959e-09 +/- 3.56e-10 [174429 selected]
| >   graph_48    : -9.5514885449205211e-11 +/- 1.65e-12 [1860 selected]
| >   graph_49    : -3.4318560434383340e-08 +/- 5.32e-11 [27383 selected]
| >   graph_50    : 8.9221491548723413e-10 +/- 1.18e-11 [3150 selected]
| >   graph_51    : 5.7998167226932759e-09 +/- 1.50e-11 [2977 selected]
| >   graph_52    : 2.1431440139086177e-10 +/- 4.19e-12 [1836 selected]
| >   graph_53    : -8.1419474922260121e-10 +/- 1.12e-11 [4636 selected]
| >   graph_54    : -2.6132273086196927e-09 +/- 6.79e-11 [40430 selected]
| >   graph_55    : 1.1309687079173283e-09 +/- 1.02e-11 [3927 selected]
| >   graph_56    : -4.1915610238450018e-09 +/- 1.10e-11 [1966 selected]
| >   graph_57    : -1.2918685549657120e-08 +/- 3.92e-11 [18192 selected]
| >   graph_58    : 4.1221633087952370e-11 +/- 1.79e-12 [1858 selected]
| >   graph_59    : 3.9256691752700441e-11 +/- 1.77e-12 [1810 selected]
| >   graph_60    : -6.8266138196333174e-11 +/- 1.82e-12 [1882 selected]
| >   graph_61    : 1.2656858922698855e-08 +/- 5.64e-11 [32375 selected]
| >   graph_62    : -4.7798282969533187e-17 +/- 3.77e-17 [1926 selected]
| >   graph_63    : -1.1602371403516452e-09 +/- 8.07e-12 [1863 selected]
| >   graph_64    : 8.2509860022263540e-10 +/- 3.11e-12 [1847 selected]
| >   sum         : 3.0021941596482951e-08
| >   total       : 3.0021941596482931e-08
| >   difference  : 1.9852334701272664e-23
[92mINFO[0m [94msymbolica_integrator l.7237[0m [96mt=2026-09-09,18:14:57.577[0m > Symbolica integration: starting iteration [92m94/100[0m using [94m1000000[0m points ...
[92mINFO[0m [94msymbolica_integrator l.7270[0m [96mt=2026-09-09,18:20:26.704[0m > ... result after this iteration:
| > Integration result after [92m94000000[0m evaluations in [92m1301578.70 CPU-s[0m [94m(13846.6 µs / eval)[0m
| > Extremal weights:
| >   with jacobian    : 6.86453e+04 at xs = [1.2022270797178483e-05 5.1347871165060355e-01 4.9844193335264181e-01 1.4516739088301420e-01 6.1668961407828471e-01 8.5908706354626785e-01] | jacobian = 3.89981e+06
| >     momentum space  : k = [[-4.7916734390976243e-03, -4.0677616413366393e-04, 1.3537602410258231e+02]; [-2.1621547971222004e+01, -1.9473774833694030e+01, -6.1379768355896978e+01]]
| >   without jacobian : 3.91447e+04 at xs = [6.9227500098056595e-11 8.4609202719086396e-01 4.1932247795077110e-01 9.8421181277806566e-02 3.6083494962649804e-01 4.2896348320695171e-01] | jacobian = 1.05860e-04
| >     momentum space  : k = [[1.5219153965627792e-08, -2.2067080113806765e-08, 8.7023903973540399e+01]; [-2.7315361155387055e+01, 3.2668131218968895e+01, 9.6641901762219966e+00]]
| >   before clipping   : -5.27407e+07 at xs = [6.9422011383704387e-06 2.1098190160867630e-01 5.0037218128350880e-01 1.8673912685761032e-01 3.4936958976710281e-01 4.0689863530059067e-01]
| >     momentum space  : k = [[6.7397961753911349e-04, 2.6938658208855346e-03, 1.8304552953596124e+02]; [-5.1411332424196978e+01, 7.1354282253196061e+01, 2.6482647705425165e+01]]
| > Stability pipeline: float pairs accepted = 127116659, HP pairs attempted/accepted = 3745118/3745118
| > Stability triggers: float mismatch = 3480484, float non-finite/error = 1713
| > HP precision escalations: attempted/accepted = 11242/11242
| > Higher-precision rejections: disagreement = 0, non-finite = 0, error = 0
| > Soft-mirror stability: pairs = 40291086, large-side triggers = 260968, HP orbits attempted/salvaged/failed = 3429309/3429309/0
| > Soft-mirror extrema: raw mirror = -9.09915e+09, post-average = -5.27407e+07
| > Strongest soft-mirror cancellation: residual/raw = 0.00000e+00
| > Unstable rotational-check points rejected = 0
| > Rotational-check high-precision retries = 3482197
| > Rotational-check high-precision salvaged = 3482197
| > Large-weight high-precision retries = 262921
| > Large-weight high-precision salvaged = 262921
| > Large-weight high-precision rejected = 0
| > Large-weight samples zeroed = 420 (4.468e-06 of samples; removed signed/absolute sums = 9.03105e+07/3.56193e+08)
| > Non-finite final outputs zeroed = 0
| > Non-finite float rotated evaluations seen = 71
| > Example higher-precision-retried xs = [2.6880750982012969e-01 1.7402049722655100e-01 6.0980772598890010e-02 9.9750773443479890e-01 3.0048234085139136e-01 8.2729716849149482e-01] | float rel = 1.44350e-07
| >     momentum space  : k = [[1.2864873913282938e+01, 2.4869169488989783e+01, 1.4436129598391815e+02]; [-2.5782389205217190e+04, 7.8539332094821817e+04, -1.3710486440690246e+05]]
| > Example large-weight higher-precision-retried xs = [1.9231173850990912e-01 6.5780162395444419e-01 8.8861886028403791e-01 7.0208850143205215e-04 5.4240755566925725e-01 5.0445441660376766e-01] | compiled = -1.10603e+04 | higher precision = -1.02451e-01
| >     momentum space  : k = [[-1.7873903535647262e+01, -2.7323121682648594e+01, -8.9469201105104602e+01]; [-2.7108866766462003e-01, -7.3992249469811575e-02, -3.9326328464896528e-03]]
| > Example NaN/non-finite rotated xs = [4.3974642111233074e-04 4.7267464511837748e-01 9.9995896344930690e-01 6.1497814457061539e-01 6.0079335026881553e-01 6.4637841020769249e-01]
| >     momentum space  : k = [[-2.2353286370510883e-05, 3.8760017987051835e-06, 1.2731159591423573e+03]; [-4.6150254078839635e+02, -3.3882885223629427e+02, -2.8355997629564860e+02]]
| > [92mCentral value[0m : +3.0038471697333759e-08   +/- 4.64e-10     ([91m1.544%[0m)
[92mINFO[0m [94msymbolica_integrator l.7274[0m [96mt=2026-09-09,18:20:26.705[0m > | > Graph-channel Symbolica observer estimates:
| >   graph_0     : -2.0671141622538100e-08 +/- 6.83e-11 [46314 selected]
| >   graph_1     : 3.4137066343103654e-10 +/- 5.27e-12 [1811 selected]
| >   graph_2     : -1.2877706444950778e-08 +/- 3.09e-11 [11857 selected]
| >   graph_3     : 1.1114770849357328e-10 +/- 9.38e-13 [1935 selected]
| >   graph_4     : -6.2368441693951652e-10 +/- 9.80e-12 [2010 selected]
| >   graph_5     : -3.9263105851000213e-11 +/- 1.07e-12 [1880 selected]
| >   graph_6     : -3.7892874164576594e-11 +/- 1.12e-12 [1885 selected]
| >   graph_7     : 6.6670852985000226e-11 +/- 1.61e-12 [1868 selected]
| >   graph_8     : -9.2048733746357673e-10 +/- 8.03e-12 [3269 selected]
| >   graph_9     : 1.0641062939888235e-09 +/- 8.67e-12 [3243 selected]
| >   graph_10    : -2.7832762102168593e-09 +/- 4.05e-11 [20402 selected]
| >   graph_11    : 2.2476026718002525e-27 +/- 1.84e-28 [1852 selected]
| >   graph_12    : -5.6658689522160120e-10 +/- 5.80e-12 [2389 selected]
| >   graph_13    : -1.1724834804990527e-08 +/- 5.09e-11 [29641 selected]
| >   graph_14    : 1.0941625816403416e-10 +/- 3.23e-13 [1934 selected]
| >   graph_15    : 1.1806121674714953e-24 +/- 2.73e-24 [1877 selected]
| >   graph_16    : 3.8713555365321724e-09 +/- 1.02e-11 [1805 selected]
| >   graph_17    : -3.6132786413265520e-10 +/- 1.05e-12 [1837 selected]
| >   graph_18    : 1.1953104751356205e-08 +/- 3.49e-11 [16337 selected]
| >   graph_19    : 1.0576960782854805e-09 +/- 3.99e-12 [1902 selected]
| >   graph_20    : -7.6117825227539510e-10 +/- 2.76e-12 [1814 selected]
| >   graph_21    : -8.6955354416628873e-10 +/- 8.62e-12 [3532 selected]
| >   graph_22    : -5.0226454440714255e-10 +/- 8.39e-12 [1854 selected]
| >   graph_23    : -2.8902584939779096e-10 +/- 6.31e-12 [1842 selected]
| >   graph_24    : 5.9050297612239072e-10 +/- 1.37e-11 [3365 selected]
| >   graph_25    : 4.3486955400134299e-10 +/- 8.71e-12 [1876 selected]
| >   graph_26    : -2.1389847725941919e-10 +/- 6.25e-13 [1890 selected]
| >   graph_27    : -2.7281106254379229e-11 +/- 8.06e-14 [1888 selected]
| >   graph_28    : -1.1644710725512939e-09 +/- 6.40e-12 [1945 selected]
| >   graph_29    : 6.8066779085130069e-08 +/- 8.65e-11 [62983 selected]
| >   graph_30    : -1.3640047393654148e-09 +/- 8.14e-11 [63655 selected]
| >   graph_31    : 4.0053944338012347e-11 +/- 3.21e-13 [1988 selected]
| >   graph_32    : -5.1128915453357754e-11 +/- 6.30e-12 [1814 selected]
| >   graph_33    : -1.8874636876933280e-09 +/- 1.87e-11 [5390 selected]
| >   graph_34    : 8.3006051669450088e-26 +/- 3.42e-26 [1904 selected]
| >   graph_35    : 2.5262340583299625e-08 +/- 8.38e-11 [72014 selected]
| >   graph_36    : -2.9259375949747334e-09 +/- 1.85e-11 [5978 selected]
| >   graph_37    : 1.6179796193238253e-08 +/- 4.71e-11 [25440 selected]
| >   graph_38    : 4.0139600077184161e-10 +/- 2.68e-12 [1803 selected]
| >   graph_39    : -7.6388560734343206e-09 +/- 3.07e-11 [12247 selected]
| >   graph_40    : -3.6235856841903019e-10 +/- 1.78e-10 [187152 selected]
| >   graph_41    : 1.7472411141500138e-09 +/- 1.33e-11 [5390 selected]
| >   graph_42    : 4.3918102128066348e-09 +/- 7.23e-11 [39316 selected]
| >   graph_43    : 3.1532473401359527e-09 +/- 1.96e-11 [6432 selected]
| >   graph_44    : 4.4226300675162239e-10 +/- 6.13e-12 [2202 selected]
| >   graph_45    : 2.3997802891489387e-10 +/- 6.86e-13 [1882 selected]
| >   graph_46    : -6.0958815924674533e-11 +/- 2.79e-13 [1876 selected]
| >   graph_47    : -6.1617032074221036e-09 +/- 3.57e-10 [174175 selected]
| >   graph_48    : -9.5822720646322656e-11 +/- 1.64e-12 [1968 selected]
| >   graph_49    : -3.4323364989481773e-08 +/- 5.29e-11 [27145 selected]
| >   graph_50    : 8.9298365218759191e-10 +/- 1.17e-11 [3237 selected]
| >   graph_51    : 5.8008472233615138e-09 +/- 1.49e-11 [2958 selected]
| >   graph_52    : 2.1372039445741769e-10 +/- 4.17e-12 [1821 selected]
| >   graph_53    : -8.1631611119391535e-10 +/- 1.12e-11 [4552 selected]
| >   graph_54    : -2.6225552889317057e-09 +/- 6.74e-11 [40731 selected]
| >   graph_55    : 1.1308037096113261e-09 +/- 1.02e-11 [3855 selected]
| >   graph_56    : -4.1899597163345401e-09 +/- 1.10e-11 [1924 selected]
| >   graph_57    : -1.2922223758668604e-08 +/- 3.90e-11 [18445 selected]
| >   graph_58    : 4.1261452808534804e-11 +/- 1.78e-12 [1841 selected]
| >   graph_59    : 3.9345379950956766e-11 +/- 1.77e-12 [1897 selected]
| >   graph_60    : -6.8240795461715521e-11 +/- 1.81e-12 [1853 selected]
| >   graph_61    : 1.2653605670760221e-08 +/- 5.60e-11 [32413 selected]
| >   graph_62    : -4.7368221319179077e-17 +/- 3.73e-17 [1908 selected]
| >   graph_63    : -1.1596922813601920e-09 +/- 8.03e-12 [1860 selected]
| >   graph_64    : 8.2521976621408169e-10 +/- 3.10e-12 [1897 selected]
| >   sum         : 3.0038471697333772e-08
| >   total       : 3.0038471697333759e-08
| >   difference  : 1.3234889800848443e-23
[92mINFO[0m [94msymbolica_integrator l.7237[0m [96mt=2026-09-09,18:20:26.705[0m > Symbolica integration: starting iteration [92m95/100[0m using [94m1000000[0m points ...
[92mINFO[0m [94msymbolica_integrator l.7270[0m [96mt=2026-09-09,18:26:28.868[0m > ... result after this iteration:
| > Integration result after [92m95000000[0m evaluations in [92m1313868.99 CPU-s[0m [94m(13830.2 µs / eval)[0m
| > Extremal weights:
| >   with jacobian    : 6.86453e+04 at xs = [1.2022270797178483e-05 5.1347871165060355e-01 4.9844193335264181e-01 1.4516739088301420e-01 6.1668961407828471e-01 8.5908706354626785e-01] | jacobian = 3.89981e+06
| >     momentum space  : k = [[-4.7916734390976243e-03, -4.0677616413366393e-04, 1.3537602410258231e+02]; [-2.1621547971222004e+01, -1.9473774833694030e+01, -6.1379768355896978e+01]]
| >   without jacobian : 3.91447e+04 at xs = [6.9227500098056595e-11 8.4609202719086396e-01 4.1932247795077110e-01 9.8421181277806566e-02 3.6083494962649804e-01 4.2896348320695171e-01] | jacobian = 1.05860e-04
| >     momentum space  : k = [[1.5219153965627792e-08, -2.2067080113806765e-08, 8.7023903973540399e+01]; [-2.7315361155387055e+01, 3.2668131218968895e+01, 9.6641901762219966e+00]]
| >   before clipping   : -5.27407e+07 at xs = [6.9422011383704387e-06 2.1098190160867630e-01 5.0037218128350880e-01 1.8673912685761032e-01 3.4936958976710281e-01 4.0689863530059067e-01]
| >     momentum space  : k = [[6.7397961753911349e-04, 2.6938658208855346e-03, 1.8304552953596124e+02]; [-5.1411332424196978e+01, 7.1354282253196061e+01, 2.6482647705425165e+01]]
| > Stability pipeline: float pairs accepted = 128453781, HP pairs attempted/accepted = 3783701/3783701
| > Stability triggers: float mismatch = 3516671, float non-finite/error = 1729
| > HP precision escalations: attempted/accepted = 12343/12343
| > Higher-precision rejections: disagreement = 0, non-finite = 0, error = 0
| > Soft-mirror stability: pairs = 40701286, large-side triggers = 263277, HP orbits attempted/salvaged/failed = 3463804/3463804/0
| > Soft-mirror extrema: raw mirror = -9.09915e+09, post-average = -5.27407e+07
| > Strongest soft-mirror cancellation: residual/raw = 0.00000e+00
| > Unstable rotational-check points rejected = 0
| > Rotational-check high-precision retries = 3518400
| > Rotational-check high-precision salvaged = 3518400
| > Large-weight high-precision retries = 265301
| > Large-weight high-precision salvaged = 265301
| > Large-weight high-precision rejected = 0
| > Large-weight samples zeroed = 422 (4.442e-06 of samples; removed signed/absolute sums = 9.62659e+07/3.62149e+08)
| > Non-finite final outputs zeroed = 0
| > Non-finite float rotated evaluations seen = 71
| > Example higher-precision-retried xs = [2.6880750982012969e-01 1.7402049722655100e-01 6.0980772598890010e-02 9.9750773443479890e-01 3.0048234085139136e-01 8.2729716849149482e-01] | float rel = 1.44350e-07
| >     momentum space  : k = [[1.2864873913282938e+01, 2.4869169488989783e+01, 1.4436129598391815e+02]; [-2.5782389205217190e+04, 7.8539332094821817e+04, -1.3710486440690246e+05]]
| > Example large-weight higher-precision-retried xs = [1.9231173850990912e-01 6.5780162395444419e-01 8.8861886028403791e-01 7.0208850143205215e-04 5.4240755566925725e-01 5.0445441660376766e-01] | compiled = -1.10603e+04 | higher precision = -1.02451e-01
| >     momentum space  : k = [[-1.7873903535647262e+01, -2.7323121682648594e+01, -8.9469201105104602e+01]; [-2.7108866766462003e-01, -7.3992249469811575e-02, -3.9326328464896528e-03]]
| > Example NaN/non-finite rotated xs = [4.3974642111233074e-04 4.7267464511837748e-01 9.9995896344930690e-01 6.1497814457061539e-01 6.0079335026881553e-01 6.4637841020769249e-01]
| >     momentum space  : k = [[-2.2353286370510883e-05, 3.8760017987051835e-06, 1.2731159591423573e+03]; [-4.6150254078839635e+02, -3.3882885223629427e+02, -2.8355997629564860e+02]]
| > [92mCentral value[0m : +3.0050989981347956e-08   +/- 4.59e-10     ([91m1.529%[0m)
[92mINFO[0m [94msymbolica_integrator l.7274[0m [96mt=2026-09-09,18:26:28.869[0m > | > Graph-channel Symbolica observer estimates:
| >   graph_0     : -2.0670352831159238e-08 +/- 6.78e-11 [45676 selected]
| >   graph_1     : 3.4077160175952286e-10 +/- 5.24e-12 [1890 selected]
| >   graph_2     : -1.2879749323206231e-08 +/- 3.07e-11 [11420 selected]
| >   graph_3     : 1.1117981261920231e-10 +/- 9.34e-13 [1901 selected]
| >   graph_4     : -6.2633884749733773e-10 +/- 9.76e-12 [1995 selected]
| >   graph_5     : -3.9280120907089107e-11 +/- 1.07e-12 [1925 selected]
| >   graph_6     : -3.7996936657685683e-11 +/- 1.12e-12 [1963 selected]
| >   graph_7     : 6.6765500587522885e-11 +/- 1.60e-12 [1952 selected]
| >   graph_8     : -9.2030360400198069e-10 +/- 7.99e-12 [3130 selected]
| >   graph_9     : 1.0644388010558707e-09 +/- 8.62e-12 [3237 selected]
| >   graph_10    : -2.7802275946843030e-09 +/- 4.01e-11 [19971 selected]
| >   graph_11    : 2.2329595559616239e-27 +/- 1.83e-28 [1883 selected]
| >   graph_12    : -5.6595182624776851e-10 +/- 5.77e-12 [2276 selected]
| >   graph_13    : -1.1723277377847611e-08 +/- 5.05e-11 [28819 selected]
| >   graph_14    : 1.0943357547328659e-10 +/- 3.22e-13 [1930 selected]
| >   graph_15    : 1.1801802620007950e-24 +/- 2.70e-24 [1918 selected]
| >   graph_16    : 3.8711727588486149e-09 +/- 1.01e-11 [1909 selected]
| >   graph_17    : -3.6129359759688348e-10 +/- 1.05e-12 [1947 selected]
| >   graph_18    : 1.1953345771263835e-08 +/- 3.46e-11 [15742 selected]
| >   graph_19    : 1.0578522811706033e-09 +/- 3.97e-12 [1915 selected]
| >   graph_20    : -7.6056909968707614e-10 +/- 2.75e-12 [1871 selected]
| >   graph_21    : -8.6894768049119152e-10 +/- 8.57e-12 [3311 selected]
| >   graph_22    : -5.0239894211109993e-10 +/- 8.33e-12 [1924 selected]
| >   graph_23    : -2.8874225114883995e-10 +/- 6.25e-12 [1993 selected]
| >   graph_24    : 5.9028247897941612e-10 +/- 1.37e-11 [3243 selected]
| >   graph_25    : 4.3517245213066119e-10 +/- 8.66e-12 [2009 selected]
| >   graph_26    : -2.1386109902734278e-10 +/- 6.22e-13 [1908 selected]
| >   graph_27    : -2.7283897619363797e-11 +/- 8.01e-14 [1920 selected]
| >   graph_28    : -1.1641412695049352e-09 +/- 6.36e-12 [1844 selected]
| >   graph_29    : 6.8070900148396158e-08 +/- 8.58e-11 [62237 selected]
| >   graph_30    : -1.3718745324116056e-09 +/- 8.10e-11 [62022 selected]
| >   graph_31    : 4.0053073282017074e-11 +/- 3.19e-13 [1931 selected]
| >   graph_32    : -5.1274239757835618e-11 +/- 6.30e-12 [1990 selected]
| >   graph_33    : -1.8870440390816950e-09 +/- 1.86e-11 [5155 selected]
| >   graph_34    : 7.8726241368483526e-26 +/- 3.39e-26 [1863 selected]
| >   graph_35    : 2.5260520566917742e-08 +/- 8.32e-11 [70164 selected]
| >   graph_36    : -2.9253182577165477e-09 +/- 1.84e-11 [5694 selected]
| >   graph_37    : 1.6177725221029925e-08 +/- 4.68e-11 [24745 selected]
| >   graph_38    : 4.0164634647660400e-10 +/- 2.67e-12 [1934 selected]
| >   graph_39    : -7.6376450412008684e-09 +/- 3.05e-11 [11788 selected]
| >   graph_40    : -3.5384782750351765e-10 +/- 1.76e-10 [181448 selected]
| >   graph_41    : 1.7488031960708211e-09 +/- 1.32e-11 [5217 selected]
| >   graph_42    : 4.3898583378420177e-09 +/- 7.17e-11 [38584 selected]
| >   graph_43    : 3.1542291465806648e-09 +/- 1.95e-11 [6245 selected]
| >   graph_44    : 4.4148015494185316e-10 +/- 6.10e-12 [2220 selected]
| >   graph_45    : 2.4006062866558837e-10 +/- 6.82e-13 [1946 selected]
| >   graph_46    : -6.0947815858347737e-11 +/- 2.77e-13 [1858 selected]
| >   graph_47    : -6.1665986173018368e-09 +/- 3.54e-10 [192397 selected]
| >   graph_48    : -9.5728980064591233e-11 +/- 1.63e-12 [1818 selected]
| >   graph_49    : -3.4319656811186726e-08 +/- 5.25e-11 [26491 selected]
| >   graph_50    : 8.9494229368132997e-10 +/- 1.16e-11 [3148 selected]
| >   graph_51    : 5.7989379476550567e-09 +/- 1.49e-11 [2846 selected]
| >   graph_52    : 2.1328914078553268e-10 +/- 4.15e-12 [1865 selected]
| >   graph_53    : -8.1489121118145171e-10 +/- 1.11e-11 [4530 selected]
| >   graph_54    : -2.6271696926451460e-09 +/- 6.68e-11 [39727 selected]
| >   graph_55    : 1.1313234148014934e-09 +/- 1.01e-11 [3745 selected]
| >   graph_56    : -4.1916479000348308e-09 +/- 1.09e-11 [2011 selected]
| >   graph_57    : -1.2915404505810505e-08 +/- 3.87e-11 [17893 selected]
| >   graph_58    : 4.1387167793025322e-11 +/- 1.77e-12 [1905 selected]
| >   graph_59    : 3.9163517136031220e-11 +/- 1.76e-12 [1913 selected]
| >   graph_60    : -6.8005270484912885e-11 +/- 1.80e-12 [1985 selected]
| >   graph_61    : 1.2657617174064493e-08 +/- 5.55e-11 [31487 selected]
| >   graph_62    : -4.7058152010335517e-17 +/- 3.69e-17 [1887 selected]
| >   graph_63    : -1.1583310770636070e-09 +/- 7.98e-12 [1960 selected]
| >   graph_64    : 8.2473963709722506e-10 +/- 3.08e-12 [1929 selected]
| >   sum         : 3.0050989981347963e-08
| >   total       : 3.0050989981347956e-08
| >   difference  : 6.6174449004242214e-24
[92mINFO[0m [94msymbolica_integrator l.7237[0m [96mt=2026-09-09,18:26:28.869[0m > Symbolica integration: starting iteration [92m96/100[0m using [94m1000000[0m points ...
[92mINFO[0m [94msymbolica_integrator l.7270[0m [96mt=2026-09-09,18:31:23.199[0m > ... result after this iteration:
| > Integration result after [92m96000000[0m evaluations in [92m1326075.73 CPU-s[0m [94m(13813.3 µs / eval)[0m
| > Extremal weights:
| >   with jacobian    : 6.86453e+04 at xs = [1.2022270797178483e-05 5.1347871165060355e-01 4.9844193335264181e-01 1.4516739088301420e-01 6.1668961407828471e-01 8.5908706354626785e-01] | jacobian = 3.89981e+06
| >     momentum space  : k = [[-4.7916734390976243e-03, -4.0677616413366393e-04, 1.3537602410258231e+02]; [-2.1621547971222004e+01, -1.9473774833694030e+01, -6.1379768355896978e+01]]
| >   without jacobian : 3.91447e+04 at xs = [6.9227500098056595e-11 8.4609202719086396e-01 4.1932247795077110e-01 9.8421181277806566e-02 3.6083494962649804e-01 4.2896348320695171e-01] | jacobian = 1.05860e-04
| >     momentum space  : k = [[1.5219153965627792e-08, -2.2067080113806765e-08, 8.7023903973540399e+01]; [-2.7315361155387055e+01, 3.2668131218968895e+01, 9.6641901762219966e+00]]
| >   before clipping   : -5.27407e+07 at xs = [6.9422011383704387e-06 2.1098190160867630e-01 5.0037218128350880e-01 1.8673912685761032e-01 3.4936958976710281e-01 4.0689863530059067e-01]
| >     momentum space  : k = [[6.7397961753911349e-04, 2.6938658208855346e-03, 1.8304552953596124e+02]; [-5.1411332424196978e+01, 7.1354282253196061e+01, 2.6482647705425165e+01]]
| > Stability pipeline: float pairs accepted = 129793211, HP pairs attempted/accepted = 3821139/3821139
| > Stability triggers: float mismatch = 3551659, float non-finite/error = 1742
| > HP precision escalations: attempted/accepted = 13531/13531
| > Higher-precision rejections: disagreement = 0, non-finite = 0, error = 0
| > Soft-mirror stability: pairs = 41111619, large-side triggers = 265653, HP orbits attempted/salvaged/failed = 3497269/3497269/0
| > Soft-mirror extrema: raw mirror = -9.09915e+09, post-average = -5.27407e+07
| > Strongest soft-mirror cancellation: residual/raw = 0.00000e+00
| > Unstable rotational-check points rejected = 0
| > Rotational-check high-precision retries = 3553401
| > Rotational-check high-precision salvaged = 3553401
| > Large-weight high-precision retries = 267738
| > Large-weight high-precision salvaged = 267738
| > Large-weight high-precision rejected = 0
| > Large-weight samples zeroed = 427 (4.448e-06 of samples; removed signed/absolute sums = 9.69637e+07/3.62985e+08)
| > Non-finite final outputs zeroed = 0
| > Non-finite float rotated evaluations seen = 71
| > Example higher-precision-retried xs = [2.6880750982012969e-01 1.7402049722655100e-01 6.0980772598890010e-02 9.9750773443479890e-01 3.0048234085139136e-01 8.2729716849149482e-01] | float rel = 1.44350e-07
| >     momentum space  : k = [[1.2864873913282938e+01, 2.4869169488989783e+01, 1.4436129598391815e+02]; [-2.5782389205217190e+04, 7.8539332094821817e+04, -1.3710486440690246e+05]]
| > Example large-weight higher-precision-retried xs = [1.9231173850990912e-01 6.5780162395444419e-01 8.8861886028403791e-01 7.0208850143205215e-04 5.4240755566925725e-01 5.0445441660376766e-01] | compiled = -1.10603e+04 | higher precision = -1.02451e-01
| >     momentum space  : k = [[-1.7873903535647262e+01, -2.7323121682648594e+01, -8.9469201105104602e+01]; [-2.7108866766462003e-01, -7.3992249469811575e-02, -3.9326328464896528e-03]]
| > Example NaN/non-finite rotated xs = [4.3974642111233074e-04 4.7267464511837748e-01 9.9995896344930690e-01 6.1497814457061539e-01 6.0079335026881553e-01 6.4637841020769249e-01]
| >     momentum space  : k = [[-2.2353286370510883e-05, 3.8760017987051835e-06, 1.2731159591423573e+03]; [-4.6150254078839635e+02, -3.3882885223629427e+02, -2.8355997629564860e+02]]
| > [92mCentral value[0m : +3.0005961013429127e-08   +/- 4.55e-10     ([91m1.516%[0m)
[92mINFO[0m [94msymbolica_integrator l.7274[0m [96mt=2026-09-09,18:31:23.199[0m > | > Graph-channel Symbolica observer estimates:
| >   graph_0     : -2.0680537597576066e-08 +/- 6.74e-11 [45725 selected]
| >   graph_1     : 3.4199037531750856e-10 +/- 5.25e-12 [1932 selected]
| >   graph_2     : -1.2882733615671228e-08 +/- 3.05e-11 [11429 selected]
| >   graph_3     : 1.1108804907310961e-10 +/- 9.28e-13 [1888 selected]
| >   graph_4     : -6.2746435152228185e-10 +/- 9.71e-12 [1980 selected]
| >   graph_5     : -3.9338826154258202e-11 +/- 1.06e-12 [1945 selected]
| >   graph_6     : -3.7868886878302188e-11 +/- 1.12e-12 [1880 selected]
| >   graph_7     : 6.6693907524262605e-11 +/- 1.60e-12 [1891 selected]
| >   graph_8     : -9.2007341554598090e-10 +/- 7.94e-12 [3149 selected]
| >   graph_9     : 1.0639690722719520e-09 +/- 8.57e-12 [3186 selected]
| >   graph_10    : -2.7782975594405659e-09 +/- 3.98e-11 [19729 selected]
| >   graph_11    : 2.2235493137057956e-27 +/- 1.82e-28 [1941 selected]
| >   graph_12    : -5.6637803535051850e-10 +/- 5.74e-12 [2218 selected]
| >   graph_13    : -1.1726671523548756e-08 +/- 5.02e-11 [29140 selected]
| >   graph_14    : 1.0945788911792959e-10 +/- 3.20e-13 [1911 selected]
| >   graph_15    : 6.1021864486589299e-23 +/- 5.58e-23 [1919 selected]
| >   graph_16    : 3.8726973318116579e-09 +/- 1.01e-11 [1948 selected]
| >   graph_17    : -3.6117891621576666e-10 +/- 1.04e-12 [1908 selected]
| >   graph_18    : 1.1953228643013884e-08 +/- 3.44e-11 [15868 selected]
| >   graph_19    : 1.0585672482435992e-09 +/- 3.95e-12 [2031 selected]
| >   graph_20    : -7.6088278626884984e-10 +/- 2.74e-12 [1946 selected]
| >   graph_21    : -8.6781182454267333e-10 +/- 8.52e-12 [3408 selected]
| >   graph_22    : -5.0178518357658371e-10 +/- 8.26e-12 [1923 selected]
| >   graph_23    : -2.8849505949542919e-10 +/- 6.19e-12 [1894 selected]
| >   graph_24    : 5.9008525006236157e-10 +/- 1.36e-11 [3339 selected]
| >   graph_25    : 4.3433265209339639e-10 +/- 8.62e-12 [1859 selected]
| >   graph_26    : -2.1370884154168463e-10 +/- 6.18e-13 [1818 selected]
| >   graph_27    : -2.7283091747816865e-11 +/- 7.96e-14 [1939 selected]
| >   graph_28    : -1.1655140918718027e-09 +/- 6.33e-12 [1942 selected]
| >   graph_29    : 6.8080094321806817e-08 +/- 8.51e-11 [61861 selected]
| >   graph_30    : -1.3767828271617577e-09 +/- 8.02e-11 [62238 selected]
| >   graph_31    : 3.9988768239502232e-11 +/- 3.18e-13 [1867 selected]
| >   graph_32    : -5.1566908372137476e-11 +/- 6.27e-12 [1965 selected]
| >   graph_33    : -1.8905581003012831e-09 +/- 1.85e-11 [5317 selected]
| >   graph_34    : 7.8688640299511235e-26 +/- 3.38e-26 [1946 selected]
| >   graph_35    : 2.5254583644020663e-08 +/- 8.25e-11 [70075 selected]
| >   graph_36    : -2.9255746946888934e-09 +/- 1.83e-11 [5837 selected]
| >   graph_37    : 1.6182165184391997e-08 +/- 4.65e-11 [24938 selected]
| >   graph_38    : 4.0183774661165685e-10 +/- 2.65e-12 [1898 selected]
| >   graph_39    : -7.6396373600640024e-09 +/- 3.03e-11 [11819 selected]
| >   graph_40    : -3.6227710555941934e-10 +/- 1.74e-10 [181458 selected]
| >   graph_41    : 1.7474570443706891e-09 +/- 1.31e-11 [5187 selected]
| >   graph_42    : 4.3904087458294111e-09 +/- 7.11e-11 [38561 selected]
| >   graph_43    : 3.1527587978256001e-09 +/- 1.94e-11 [6301 selected]
| >   graph_44    : 4.4083857760824467e-10 +/- 6.07e-12 [2151 selected]
| >   graph_45    : 2.4008349563611117e-10 +/- 6.78e-13 [1968 selected]
| >   graph_46    : -6.0961367774227802e-11 +/- 2.75e-13 [1864 selected]
| >   graph_47    : -6.1702774605830240e-09 +/- 3.50e-10 [191575 selected]
| >   graph_48    : -9.5641038280467927e-11 +/- 1.62e-12 [1873 selected]
| >   graph_49    : -3.4320987047343675e-08 +/- 5.22e-11 [26692 selected]
| >   graph_50    : 8.9472018697394647e-10 +/- 1.16e-11 [3075 selected]
| >   graph_51    : 5.7995783973511496e-09 +/- 1.48e-11 [2887 selected]
| >   graph_52    : 2.1226773176130511e-10 +/- 4.13e-12 [1956 selected]
| >   graph_53    : -8.1784597748524252e-10 +/- 1.10e-11 [4437 selected]
| >   graph_54    : -2.6289262518951878e-09 +/- 6.62e-11 [39626 selected]
| >   graph_55    : 1.1328434650952662e-09 +/- 1.01e-11 [3728 selected]
| >   graph_56    : -4.1903695995162046e-09 +/- 1.09e-11 [1928 selected]
| >   graph_57    : -1.2920630258931990e-08 +/- 3.85e-11 [17961 selected]
| >   graph_58    : 4.1415211764293533e-11 +/- 1.76e-12 [1892 selected]
| >   graph_59    : 3.9597085814436294e-11 +/- 1.75e-12 [1898 selected]
| >   graph_60    : -6.8065336399386723e-11 +/- 1.79e-12 [1894 selected]
| >   graph_61    : 1.2652145720879076e-08 +/- 5.51e-11 [31744 selected]
| >   graph_62    : -5.0084995649849019e-17 +/- 3.67e-17 [2024 selected]
| >   graph_63    : -1.1578092311469329e-09 +/- 7.94e-12 [1905 selected]
| >   graph_64    : 8.2500069145663106e-10 +/- 3.07e-12 [1968 selected]
| >   sum         : 3.0005961013429127e-08
| >   total       : 3.0005961013429127e-08
| >   difference  : 0.0000000000000000e+00
[92mINFO[0m [94msymbolica_integrator l.7237[0m [96mt=2026-09-09,18:31:23.199[0m > Symbolica integration: starting iteration [92m97/100[0m using [94m1000000[0m points ...
[92mINFO[0m [94msymbolica_integrator l.7270[0m [96mt=2026-09-09,18:35:56.118[0m > ... result after this iteration:
| > Integration result after [92m97000000[0m evaluations in [92m1337924.22 CPU-s[0m [94m(13793.0 µs / eval)[0m
| > Extremal weights:
| >   with jacobian    : 6.86453e+04 at xs = [1.2022270797178483e-05 5.1347871165060355e-01 4.9844193335264181e-01 1.4516739088301420e-01 6.1668961407828471e-01 8.5908706354626785e-01] | jacobian = 3.89981e+06
| >     momentum space  : k = [[-4.7916734390976243e-03, -4.0677616413366393e-04, 1.3537602410258231e+02]; [-2.1621547971222004e+01, -1.9473774833694030e+01, -6.1379768355896978e+01]]
| >   without jacobian : 3.91447e+04 at xs = [6.9227500098056595e-11 8.4609202719086396e-01 4.1932247795077110e-01 9.8421181277806566e-02 3.6083494962649804e-01 4.2896348320695171e-01] | jacobian = 1.05860e-04
| >     momentum space  : k = [[1.5219153965627792e-08, -2.2067080113806765e-08, 8.7023903973540399e+01]; [-2.7315361155387055e+01, 3.2668131218968895e+01, 9.6641901762219966e+00]]
| >   before clipping   : -5.27407e+07 at xs = [6.9422011383704387e-06 2.1098190160867630e-01 5.0037218128350880e-01 1.8673912685761032e-01 3.4936958976710281e-01 4.0689863530059067e-01]
| >     momentum space  : k = [[6.7397961753911349e-04, 2.6938658208855346e-03, 1.8304552953596124e+02]; [-5.1411332424196978e+01, 7.1354282253196061e+01, 2.6482647705425165e+01]]
| > Stability pipeline: float pairs accepted = 131135928, HP pairs attempted/accepted = 3857126/3857126
| > Stability triggers: float mismatch = 3585305, float non-finite/error = 1759
| > HP precision escalations: attempted/accepted = 14784/14784
| > Higher-precision rejections: disagreement = 0, non-finite = 0, error = 0
| > Soft-mirror stability: pairs = 41521960, large-side triggers = 267877, HP orbits attempted/salvaged/failed = 3528906/3528906/0
| > Soft-mirror extrema: raw mirror = -9.09915e+09, post-average = -5.27407e+07
| > Strongest soft-mirror cancellation: residual/raw = 0.00000e+00
| > Unstable rotational-check points rejected = 0
| > Rotational-check high-precision retries = 3587064
| > Rotational-check high-precision salvaged = 3587064
| > Large-weight high-precision retries = 270062
| > Large-weight high-precision salvaged = 270062
| > Large-weight high-precision rejected = 0
| > Large-weight samples zeroed = 435 (4.485e-06 of samples; removed signed/absolute sums = 9.73899e+07/3.64161e+08)
| > Non-finite final outputs zeroed = 0
| > Non-finite float rotated evaluations seen = 72
| > Example higher-precision-retried xs = [2.6880750982012969e-01 1.7402049722655100e-01 6.0980772598890010e-02 9.9750773443479890e-01 3.0048234085139136e-01 8.2729716849149482e-01] | float rel = 1.44350e-07
| >     momentum space  : k = [[1.2864873913282938e+01, 2.4869169488989783e+01, 1.4436129598391815e+02]; [-2.5782389205217190e+04, 7.8539332094821817e+04, -1.3710486440690246e+05]]
| > Example large-weight higher-precision-retried xs = [1.9231173850990912e-01 6.5780162395444419e-01 8.8861886028403791e-01 7.0208850143205215e-04 5.4240755566925725e-01 5.0445441660376766e-01] | compiled = -1.10603e+04 | higher precision = -1.02451e-01
| >     momentum space  : k = [[-1.7873903535647262e+01, -2.7323121682648594e+01, -8.9469201105104602e+01]; [-2.7108866766462003e-01, -7.3992249469811575e-02, -3.9326328464896528e-03]]
| > Example NaN/non-finite rotated xs = [4.3974642111233074e-04 4.7267464511837748e-01 9.9995896344930690e-01 6.1497814457061539e-01 6.0079335026881553e-01 6.4637841020769249e-01]
| >     momentum space  : k = [[-2.2353286370510883e-05, 3.8760017987051835e-06, 1.2731159591423573e+03]; [-4.6150254078839635e+02, -3.3882885223629427e+02, -2.8355997629564860e+02]]
| > [92mCentral value[0m : +2.9870890306407685e-08   +/- 4.69e-10     ([91m1.570%[0m)
[92mINFO[0m [94msymbolica_integrator l.7274[0m [96mt=2026-09-09,18:35:56.118[0m > | > Graph-channel Symbolica observer estimates:
| >   graph_0     : -2.0674794593630142e-08 +/- 6.69e-11 [45812 selected]
| >   graph_1     : 3.4238347768811844e-10 +/- 5.23e-12 [1890 selected]
| >   graph_2     : -1.2883595119667734e-08 +/- 3.03e-11 [11680 selected]
| >   graph_3     : 1.1119050447535579e-10 +/- 9.23e-13 [1945 selected]
| >   graph_4     : -6.2863702260665867e-10 +/- 9.66e-12 [1975 selected]
| >   graph_5     : -3.9338286984322106e-11 +/- 1.06e-12 [1829 selected]
| >   graph_6     : -3.7840042312828438e-11 +/- 1.11e-12 [1908 selected]
| >   graph_7     : 6.6737444692077014e-11 +/- 1.59e-12 [1927 selected]
| >   graph_8     : -9.1999465625868186e-10 +/- 7.90e-12 [3128 selected]
| >   graph_9     : 1.0656552692516708e-09 +/- 8.52e-12 [3196 selected]
| >   graph_10    : -2.7786144301674378e-09 +/- 3.95e-11 [19977 selected]
| >   graph_11    : 2.2111156957336691e-27 +/- 1.81e-28 [1901 selected]
| >   graph_12    : -5.6661993223426990e-10 +/- 5.71e-12 [2405 selected]
| >   graph_13    : -1.1728828592232639e-08 +/- 4.99e-11 [29283 selected]
| >   graph_14    : 1.0949684938980878e-10 +/- 3.18e-13 [1981 selected]
| >   graph_15    : 6.1920941688963075e-23 +/- 5.52e-23 [1910 selected]
| >   graph_16    : 3.8731980506729648e-09 +/- 1.00e-11 [1907 selected]
| >   graph_17    : -3.6113342474011296e-10 +/- 1.03e-12 [1906 selected]
| >   graph_18    : 1.1950820153150989e-08 +/- 3.42e-11 [15911 selected]
| >   graph_19    : 1.0583786393564586e-09 +/- 3.93e-12 [1878 selected]
| >   graph_20    : -7.6107299123333014e-10 +/- 2.72e-12 [1873 selected]
| >   graph_21    : -8.6748403913838550e-10 +/- 8.47e-12 [3364 selected]
| >   graph_22    : -5.0169730204993647e-10 +/- 8.20e-12 [1849 selected]
| >   graph_23    : -2.8812638610785653e-10 +/- 6.13e-12 [1936 selected]
| >   graph_24    : 5.9170368824984250e-10 +/- 1.35e-11 [3382 selected]
| >   graph_25    : 4.3250733967662799e-10 +/- 8.58e-12 [1929 selected]
| >   graph_26    : -2.1452519768453085e-10 +/- 9.30e-13 [2012 selected]
| >   graph_27    : -2.7273475357795558e-11 +/- 7.91e-14 [1854 selected]
| >   graph_28    : -1.1657321084922517e-09 +/- 6.30e-12 [1921 selected]
| >   graph_29    : 6.8083859194360465e-08 +/- 8.48e-11 [61761 selected]
| >   graph_30    : -1.5071247787190075e-09 +/- 1.52e-10 [62007 selected]
| >   graph_31    : 3.9953697097919861e-11 +/- 3.16e-13 [1879 selected]
| >   graph_32    : -5.1082293457549591e-11 +/- 6.24e-12 [1906 selected]
| >   graph_33    : -1.8895517722795565e-09 +/- 1.85e-11 [5167 selected]
| >   graph_34    : 7.4955388340877086e-26 +/- 3.35e-26 [1887 selected]
| >   graph_35    : 2.5270195742094783e-08 +/- 8.19e-11 [70112 selected]
| >   graph_36    : -2.9273480867279041e-09 +/- 1.82e-11 [5750 selected]
| >   graph_37    : 1.6185476672267172e-08 +/- 4.62e-11 [25022 selected]
| >   graph_38    : 4.0166269035079088e-10 +/- 2.64e-12 [1939 selected]
| >   graph_39    : -7.6440457952753844e-09 +/- 3.01e-11 [12110 selected]
| >   graph_40    : -3.6412940169591421e-10 +/- 1.73e-10 [180958 selected]
| >   graph_41    : 1.7480244886792509e-09 +/- 1.31e-11 [5082 selected]
| >   graph_42    : 4.3842955812698885e-09 +/- 7.05e-11 [38803 selected]
| >   graph_43    : 3.1518800732254185e-09 +/- 1.93e-11 [6331 selected]
| >   graph_44    : 4.4120959616880866e-10 +/- 6.04e-12 [2219 selected]
| >   graph_45    : 2.4003312238806788e-10 +/- 6.74e-13 [1853 selected]
| >   graph_46    : -6.0921313689827553e-11 +/- 2.74e-13 [1861 selected]
| >   graph_47    : -6.1766731790569719e-09 +/- 3.46e-10 [191246 selected]
| >   graph_48    : -9.5700899915012600e-11 +/- 1.61e-12 [1929 selected]
| >   graph_49    : -3.4326870173463002e-08 +/- 5.18e-11 [26879 selected]
| >   graph_50    : 8.9361348922774823e-10 +/- 1.15e-11 [3131 selected]
| >   graph_51    : 5.7994091888332306e-09 +/- 1.48e-11 [2825 selected]
| >   graph_52    : 2.1277546616701546e-10 +/- 4.10e-12 [1878 selected]
| >   graph_53    : -8.1799792590359331e-10 +/- 1.10e-11 [4515 selected]
| >   graph_54    : -2.6289078060156300e-09 +/- 6.57e-11 [39504 selected]
| >   graph_55    : 1.1325914522110360e-09 +/- 1.00e-11 [3752 selected]
| >   graph_56    : -4.1897656891618217e-09 +/- 1.08e-11 [1928 selected]
| >   graph_57    : -1.2922742487616100e-08 +/- 3.83e-11 [18016 selected]
| >   graph_58    : 4.1301443590129533e-11 +/- 1.75e-12 [1857 selected]
| >   graph_59    : 3.9497880093692574e-11 +/- 1.74e-12 [1910 selected]
| >   graph_60    : -6.7682283756594226e-11 +/- 1.78e-12 [1920 selected]
| >   graph_61    : 1.2651048658983459e-08 +/- 5.46e-11 [31704 selected]
| >   graph_62    : -4.9415082410193081e-17 +/- 3.63e-17 [1948 selected]
| >   graph_63    : -1.1576977039128029e-09 +/- 7.90e-12 [1936 selected]
| >   graph_64    : 8.2553969375551205e-10 +/- 3.05e-12 [2006 selected]
| >   sum         : 2.9870890306407698e-08
| >   total       : 2.9870890306407685e-08
| >   difference  : 1.3234889800848443e-23
[92mINFO[0m [94msymbolica_integrator l.7237[0m [96mt=2026-09-09,18:35:56.119[0m > Symbolica integration: starting iteration [92m98/100[0m using [94m1000000[0m points ...
[92mINFO[0m [94msymbolica_integrator l.7270[0m [96mt=2026-09-09,18:39:21.811[0m > ... result after this iteration:
| > Integration result after [92m98000000[0m evaluations in [92m1345411.02 CPU-s[0m [94m(13728.7 µs / eval)[0m
| > Extremal weights:
| >   with jacobian    : 6.87206e+04 at xs = [7.1549976680726463e-06 9.3786395780773024e-02 5.0141691683318956e-01 1.7774903561889940e-01 5.6892774036871552e-01 4.8012320572165024e-01] | jacobian = 5.63633e+06
| >     momentum space  : k = [[2.3792950309140040e-03, 1.5905812544747665e-03, 1.7232826617296533e+02]; [-7.8333218428132668e+01, -3.6218235621151734e+01, 5.3960602144410181e+00]]
| >   without jacobian : 3.91447e+04 at xs = [6.9227500098056595e-11 8.4609202719086396e-01 4.1932247795077110e-01 9.8421181277806566e-02 3.6083494962649804e-01 4.2896348320695171e-01] | jacobian = 1.05860e-04
| >     momentum space  : k = [[1.5219153965627792e-08, -2.2067080113806765e-08, 8.7023903973540399e+01]; [-2.7315361155387055e+01, 3.2668131218968895e+01, 9.6641901762219966e+00]]
| >   before clipping   : -5.27407e+07 at xs = [6.9422011383704387e-06 2.1098190160867630e-01 5.0037218128350880e-01 1.8673912685761032e-01 3.4936958976710281e-01 4.0689863530059067e-01]
| >     momentum space  : k = [[6.7397961753911349e-04, 2.6938658208855346e-03, 1.8304552953596124e+02]; [-5.1411332424196978e+01, 7.1354282253196061e+01, 2.6482647705425165e+01]]
| > Stability pipeline: float pairs accepted = 132450660, HP pairs attempted/accepted = 3890659/3890659
| > Stability triggers: float mismatch = 3616687, float non-finite/error = 1779
| > HP precision escalations: attempted/accepted = 15993/15993
| > Higher-precision rejections: disagreement = 0, non-finite = 0, error = 0
| > Soft-mirror stability: pairs = 41899889, large-side triggers = 269879, HP orbits attempted/salvaged/failed = 3558570/3558570/0
| > Soft-mirror extrema: raw mirror = -9.09915e+09, post-average = -5.27407e+07
| > Strongest soft-mirror cancellation: residual/raw = 0.00000e+00
| > Unstable rotational-check points rejected = 0
| > Rotational-check high-precision retries = 3618466
| > Rotational-check high-precision salvaged = 3618466
| > Large-weight high-precision retries = 272193
| > Large-weight high-precision salvaged = 272193
| > Large-weight high-precision rejected = 0
| > Large-weight samples zeroed = 439 (4.480e-06 of samples; removed signed/absolute sums = 1.05363e+08/3.79525e+08)
| > Non-finite final outputs zeroed = 0
| > Non-finite float rotated evaluations seen = 72
| > Example higher-precision-retried xs = [2.6880750982012969e-01 1.7402049722655100e-01 6.0980772598890010e-02 9.9750773443479890e-01 3.0048234085139136e-01 8.2729716849149482e-01] | float rel = 1.44350e-07
| >     momentum space  : k = [[1.2864873913282938e+01, 2.4869169488989783e+01, 1.4436129598391815e+02]; [-2.5782389205217190e+04, 7.8539332094821817e+04, -1.3710486440690246e+05]]
| > Example large-weight higher-precision-retried xs = [1.9231173850990912e-01 6.5780162395444419e-01 8.8861886028403791e-01 7.0208850143205215e-04 5.4240755566925725e-01 5.0445441660376766e-01] | compiled = -1.10603e+04 | higher precision = -1.02451e-01
| >     momentum space  : k = [[-1.7873903535647262e+01, -2.7323121682648594e+01, -8.9469201105104602e+01]; [-2.7108866766462003e-01, -7.3992249469811575e-02, -3.9326328464896528e-03]]
| > Example NaN/non-finite rotated xs = [4.3974642111233074e-04 4.7267464511837748e-01 9.9995896344930690e-01 6.1497814457061539e-01 6.0079335026881553e-01 6.4637841020769249e-01]
| >     momentum space  : k = [[-2.2353286370510883e-05, 3.8760017987051835e-06, 1.2731159591423573e+03]; [-4.6150254078839635e+02, -3.3882885223629427e+02, -2.8355997629564860e+02]]
| > [92mCentral value[0m : +2.9863589532105257e-08   +/- 4.65e-10     ([91m1.557%[0m)
[92mINFO[0m [94msymbolica_integrator l.7274[0m [96mt=2026-09-09,18:39:21.811[0m > | > Graph-channel Symbolica observer estimates:
| >   graph_0     : -2.0662915123376454e-08 +/- 6.65e-11 [41889 selected]
| >   graph_1     : 3.4169238956099688e-10 +/- 5.23e-12 [1801 selected]
| >   graph_2     : -1.2885433511607175e-08 +/- 3.02e-11 [10682 selected]
| >   graph_3     : 1.1112144265812703e-10 +/- 9.18e-13 [1707 selected]
| >   graph_4     : -6.2755304992048086e-10 +/- 9.62e-12 [1921 selected]
| >   graph_5     : -3.9280913202272869e-11 +/- 1.05e-12 [1758 selected]
| >   graph_6     : -3.7693117110038652e-11 +/- 1.11e-12 [1803 selected]
| >   graph_7     : 6.6642283407760707e-11 +/- 1.58e-12 [1718 selected]
| >   graph_8     : -9.1798629303329206e-10 +/- 7.86e-12 [2872 selected]
| >   graph_9     : 1.0664599555046984e-09 +/- 8.48e-12 [2973 selected]
| >   graph_10    : -2.7848527704867367e-09 +/- 3.93e-11 [18488 selected]
| >   graph_11    : 2.1672404616024141e-27 +/- 1.80e-28 [1762 selected]
| >   graph_12    : -5.6592757356340491e-10 +/- 5.69e-12 [2136 selected]
| >   graph_13    : -1.1725750696114147e-08 +/- 4.96e-11 [26630 selected]
| >   graph_14    : 1.0944672106429071e-10 +/- 3.16e-13 [1700 selected]
| >   graph_15    : -1.7931226743135021e-20 +/- 1.80e-20 [1734 selected]
| >   graph_16    : 3.8727842477037111e-09 +/- 9.97e-12 [1758 selected]
| >   graph_17    : -3.6100937362454307e-10 +/- 1.03e-12 [1701 selected]
| >   graph_18    : 1.1952377147899574e-08 +/- 3.40e-11 [14680 selected]
| >   graph_19    : 1.0582055625590512e-09 +/- 3.91e-12 [1774 selected]
| >   graph_20    : -7.6113351939906756e-10 +/- 2.71e-12 [1724 selected]
| >   graph_21    : -8.6517570617286301e-10 +/- 8.60e-12 [3084 selected]
| >   graph_22    : -5.0165440294996396e-10 +/- 8.14e-12 [1740 selected]
| >   graph_23    : -3.0094737207693068e-10 +/- 1.44e-11 [1751 selected]
| >   graph_24    : 5.9167433185313608e-10 +/- 1.35e-11 [3179 selected]
| >   graph_25    : 4.3326738750454907e-10 +/- 8.54e-12 [1791 selected]
| >   graph_26    : -2.1459129442399111e-10 +/- 9.24e-13 [1792 selected]
| >   graph_27    : -2.7268079374845447e-11 +/- 7.87e-14 [1737 selected]
| >   graph_28    : -1.1667767193235206e-09 +/- 6.28e-12 [1795 selected]
| >   graph_29    : 6.8072801330324304e-08 +/- 8.42e-11 [57273 selected]
| >   graph_30    : -1.5056850661854396e-09 +/- 1.50e-10 [135681 selected]
| >   graph_31    : 3.9934475544843762e-11 +/- 3.15e-13 [1759 selected]
| >   graph_32    : -5.1615617996665417e-11 +/- 6.21e-12 [1719 selected]
| >   graph_33    : -1.8857456570086073e-09 +/- 1.84e-11 [4842 selected]
| >   graph_34    : 7.1851487836990511e-26 +/- 3.34e-26 [1703 selected]
| >   graph_35    : 2.5259451655739804e-08 +/- 8.14e-11 [64684 selected]
| >   graph_36    : -2.9266452295701834e-09 +/- 1.81e-11 [5538 selected]
| >   graph_37    : 1.6193484407382233e-08 +/- 4.59e-11 [23004 selected]
| >   graph_38    : 4.0204644144110200e-10 +/- 2.63e-12 [1807 selected]
| >   graph_39    : -7.6454110059155477e-09 +/- 3.00e-11 [10985 selected]
| >   graph_40    : -3.7645871153843817e-10 +/- 1.71e-10 [166753 selected]
| >   graph_41    : 1.7507720899419362e-09 +/- 1.30e-11 [4900 selected]
| >   graph_42    : 4.3845664768796650e-09 +/- 6.99e-11 [35665 selected]
| >   graph_43    : 3.1531255586237356e-09 +/- 1.92e-11 [5846 selected]
| >   graph_44    : 4.4064972561575711e-10 +/- 6.02e-12 [2016 selected]
| >   graph_45    : 2.4005880795540181e-10 +/- 6.71e-13 [1745 selected]
| >   graph_46    : -6.0937899637357481e-11 +/- 2.72e-13 [1724 selected]
| >   graph_47    : -6.1809324395507154e-09 +/- 3.43e-10 [176548 selected]
| >   graph_48    : -9.5496088628945910e-11 +/- 1.60e-12 [1751 selected]
| >   graph_49    : -3.4328421823835315e-08 +/- 5.15e-11 [24357 selected]
| >   graph_50    : 8.9406140042979265e-10 +/- 1.15e-11 [2911 selected]
| >   graph_51    : 5.7978492218315603e-09 +/- 1.47e-11 [2642 selected]
| >   graph_52    : 2.1248724156139951e-10 +/- 4.09e-12 [1731 selected]
| >   graph_53    : -8.1857656809248046e-10 +/- 1.09e-11 [4136 selected]
| >   graph_54    : -2.6260347586771856e-09 +/- 6.52e-11 [36480 selected]
| >   graph_55    : 1.1330640725035185e-09 +/- 9.97e-12 [3413 selected]
| >   graph_56    : -4.1888120003725174e-09 +/- 1.08e-11 [1741 selected]
| >   graph_57    : -1.2911068876521404e-08 +/- 3.80e-11 [16800 selected]
| >   graph_58    : 4.1315671438347274e-11 +/- 1.74e-12 [1751 selected]
| >   graph_59    : 3.9769853480713203e-11 +/- 1.73e-12 [1759 selected]
| >   graph_60    : -6.7587491101878578e-11 +/- 1.77e-12 [1783 selected]
| >   graph_61    : 1.2651206749131463e-08 +/- 5.44e-11 [29229 selected]
| >   graph_62    : -4.6472263883016172e-17 +/- 3.60e-17 [1741 selected]
| >   graph_63    : -1.1566055276412088e-09 +/- 7.87e-12 [1752 selected]
| >   graph_64    : 8.2525720708760603e-10 +/- 3.04e-12 [1751 selected]
| >   sum         : 2.9863589532105264e-08
| >   total       : 2.9863589532105257e-08
| >   difference  : 6.6174449004242214e-24
[92mINFO[0m [94msymbolica_integrator l.7237[0m [96mt=2026-09-09,18:39:21.811[0m > Symbolica integration: starting iteration [92m99/100[0m using [94m1000000[0m points ...
[92mINFO[0m [94msymbolica_integrator l.7270[0m [96mt=2026-09-09,18:43:58.502[0m > ... result after this iteration:
| > Integration result after [92m99000000[0m evaluations in [92m1357934.74 CPU-s[0m [94m(13716.5 µs / eval)[0m
| > Extremal weights:
| >   with jacobian    : 6.87206e+04 at xs = [7.1549976680726463e-06 9.3786395780773024e-02 5.0141691683318956e-01 1.7774903561889940e-01 5.6892774036871552e-01 4.8012320572165024e-01] | jacobian = 5.63633e+06
| >     momentum space  : k = [[2.3792950309140040e-03, 1.5905812544747665e-03, 1.7232826617296533e+02]; [-7.8333218428132668e+01, -3.6218235621151734e+01, 5.3960602144410181e+00]]
| >   without jacobian : 3.91447e+04 at xs = [6.9227500098056595e-11 8.4609202719086396e-01 4.1932247795077110e-01 9.8421181277806566e-02 3.6083494962649804e-01 4.2896348320695171e-01] | jacobian = 1.05860e-04
| >     momentum space  : k = [[1.5219153965627792e-08, -2.2067080113806765e-08, 8.7023903973540399e+01]; [-2.7315361155387055e+01, 3.2668131218968895e+01, 9.6641901762219966e+00]]
| >   before clipping   : -5.27407e+07 at xs = [6.9422011383704387e-06 2.1098190160867630e-01 5.0037218128350880e-01 1.8673912685761032e-01 3.4936958976710281e-01 4.0689863530059067e-01]
| >     momentum space  : k = [[6.7397961753911349e-04, 2.6938658208855346e-03, 1.8304552953596124e+02]; [-5.1411332424196978e+01, 7.1354282253196061e+01, 2.6482647705425165e+01]]
| > Stability pipeline: float pairs accepted = 133762659, HP pairs attempted/accepted = 3925915/3925915
| > Stability triggers: float mismatch = 3649586, float non-finite/error = 1793
| > HP precision escalations: attempted/accepted = 17242/17242
| > Higher-precision rejections: disagreement = 0, non-finite = 0, error = 0
| > Soft-mirror stability: pairs = 42278414, large-side triggers = 272107, HP orbits attempted/salvaged/failed = 3589840/3589840/0
| > Soft-mirror extrema: raw mirror = -9.09915e+09, post-average = -5.27407e+07
| > Strongest soft-mirror cancellation: residual/raw = 0.00000e+00
| > Unstable rotational-check points rejected = 0
| > Rotational-check high-precision retries = 3651379
| > Rotational-check high-precision salvaged = 3651379
| > Large-weight high-precision retries = 274536
| > Large-weight high-precision salvaged = 274536
| > Large-weight high-precision rejected = 0
| > Large-weight samples zeroed = 444 (4.485e-06 of samples; removed signed/absolute sums = 1.05063e+08/3.80629e+08)
| > Non-finite final outputs zeroed = 0
| > Non-finite float rotated evaluations seen = 73
| > Example higher-precision-retried xs = [2.6880750982012969e-01 1.7402049722655100e-01 6.0980772598890010e-02 9.9750773443479890e-01 3.0048234085139136e-01 8.2729716849149482e-01] | float rel = 1.44350e-07
| >     momentum space  : k = [[1.2864873913282938e+01, 2.4869169488989783e+01, 1.4436129598391815e+02]; [-2.5782389205217190e+04, 7.8539332094821817e+04, -1.3710486440690246e+05]]
| > Example large-weight higher-precision-retried xs = [1.9231173850990912e-01 6.5780162395444419e-01 8.8861886028403791e-01 7.0208850143205215e-04 5.4240755566925725e-01 5.0445441660376766e-01] | compiled = -1.10603e+04 | higher precision = -1.02451e-01
| >     momentum space  : k = [[-1.7873903535647262e+01, -2.7323121682648594e+01, -8.9469201105104602e+01]; [-2.7108866766462003e-01, -7.3992249469811575e-02, -3.9326328464896528e-03]]
| > Example NaN/non-finite rotated xs = [4.3974642111233074e-04 4.7267464511837748e-01 9.9995896344930690e-01 6.1497814457061539e-01 6.0079335026881553e-01 6.4637841020769249e-01]
| >     momentum space  : k = [[-2.2353286370510883e-05, 3.8760017987051835e-06, 1.2731159591423573e+03]; [-4.6150254078839635e+02, -3.3882885223629427e+02, -2.8355997629564860e+02]]
| > [92mCentral value[0m : +2.9869777356191768e-08   +/- 4.61e-10     ([91m1.542%[0m)
[92mINFO[0m [94msymbolica_integrator l.7274[0m [96mt=2026-09-09,18:43:58.503[0m > | > Graph-channel Symbolica observer estimates:
| >   graph_0     : -2.0669921142890673e-08 +/- 6.61e-11 [42083 selected]
| >   graph_1     : 3.4319665037092064e-10 +/- 5.20e-12 [1759 selected]
| >   graph_2     : -1.2879958749264897e-08 +/- 3.00e-11 [10703 selected]
| >   graph_3     : 1.1107612463148378e-10 +/- 9.15e-13 [1772 selected]
| >   graph_4     : -6.2968756846900362e-10 +/- 9.58e-12 [1864 selected]
| >   graph_5     : -3.9295612260913254e-11 +/- 1.05e-12 [1794 selected]
| >   graph_6     : -3.7841258337938472e-11 +/- 1.10e-12 [1799 selected]
| >   graph_7     : 6.6679066700278750e-11 +/- 1.57e-12 [1824 selected]
| >   graph_8     : -9.1779645980058694e-10 +/- 7.82e-12 [2875 selected]
| >   graph_9     : 1.0664034960938631e-09 +/- 8.46e-12 [2932 selected]
| >   graph_10    : -2.7819968163882544e-09 +/- 3.90e-11 [18312 selected]
| >   graph_11    : 2.1815048228688999e-27 +/- 1.79e-28 [1791 selected]
| >   graph_12    : -5.6512529239998255e-10 +/- 5.66e-12 [2212 selected]
| >   graph_13    : -1.1731440399759609e-08 +/- 4.92e-11 [26940 selected]
| >   graph_14    : 1.0938616130514209e-10 +/- 3.14e-13 [1692 selected]
| >   graph_15    : 1.4408558730783523e-18 +/- 1.46e-18 [1802 selected]
| >   graph_16    : 3.8751562573681048e-09 +/- 9.93e-12 [1841 selected]
| >   graph_17    : -3.6102751459688763e-10 +/- 1.02e-12 [1773 selected]
| >   graph_18    : 1.1953108009261146e-08 +/- 3.37e-11 [14779 selected]
| >   graph_19    : 1.0580887161685384e-09 +/- 3.89e-12 [1746 selected]
| >   graph_20    : -7.6165882145963107e-10 +/- 2.70e-12 [1768 selected]
| >   graph_21    : -8.6676043305443014e-10 +/- 8.57e-12 [3107 selected]
| >   graph_22    : -5.0126250577959857e-10 +/- 8.08e-12 [1781 selected]
| >   graph_23    : -3.0050021088532376e-10 +/- 1.42e-11 [2012 selected]
| >   graph_24    : 5.9179020198532254e-10 +/- 1.34e-11 [3123 selected]
| >   graph_25    : 4.3239854431156390e-10 +/- 8.50e-12 [1717 selected]
| >   graph_26    : -2.1460333687772722e-10 +/- 9.17e-13 [1766 selected]
| >   graph_27    : -2.7257548155769297e-11 +/- 7.83e-14 [1723 selected]
| >   graph_28    : -1.1656605806427342e-09 +/- 6.25e-12 [1722 selected]
| >   graph_29    : 6.8059115374206551e-08 +/- 8.36e-11 [58027 selected]
| >   graph_30    : -1.4995140384984651e-09 +/- 1.49e-10 [133798 selected]
| >   graph_31    : 3.9929544069508749e-11 +/- 3.13e-13 [1714 selected]
| >   graph_32    : -5.1525440040434003e-11 +/- 6.18e-12 [1706 selected]
| >   graph_33    : -1.8817146866544053e-09 +/- 1.83e-11 [4920 selected]
| >   graph_34    : 6.7851614497527644e-26 +/- 3.31e-26 [1749 selected]
| >   graph_35    : 2.5266509763441909e-08 +/- 8.09e-11 [65330 selected]
| >   graph_36    : -2.9249050068043592e-09 +/- 1.81e-11 [5393 selected]
| >   graph_37    : 1.6194732755196855e-08 +/- 4.57e-11 [23051 selected]
| >   graph_38    : 4.0219117545801993e-10 +/- 2.62e-12 [1759 selected]
| >   graph_39    : -7.6432887328038775e-09 +/- 2.98e-11 [11003 selected]
| >   graph_40    : -3.7694072308604822e-10 +/- 1.69e-10 [166558 selected]
| >   graph_41    : 1.7512342082089942e-09 +/- 1.29e-11 [4848 selected]
| >   graph_42    : 4.3853692010280278e-09 +/- 6.94e-11 [35545 selected]
| >   graph_43    : 3.1524899161515656e-09 +/- 1.91e-11 [5890 selected]
| >   graph_44    : 4.3989588398574590e-10 +/- 5.99e-12 [2048 selected]
| >   graph_45    : 2.4009721954028946e-10 +/- 6.67e-13 [1796 selected]
| >   graph_46    : -6.0936908862973296e-11 +/- 2.71e-13 [1740 selected]
| >   graph_47    : -6.1828922559198027e-09 +/- 3.39e-10 [175904 selected]
| >   graph_48    : -9.5699204787857954e-11 +/- 1.59e-12 [1718 selected]
| >   graph_49    : -3.4335562094244840e-08 +/- 5.12e-11 [24711 selected]
| >   graph_50    : 8.9489822432626918e-10 +/- 1.14e-11 [2940 selected]
| >   graph_51    : 5.7976140421588707e-09 +/- 1.46e-11 [2657 selected]
| >   graph_52    : 2.1274061549677395e-10 +/- 4.07e-12 [1790 selected]
| >   graph_53    : -8.1750512043550106e-10 +/- 1.09e-11 [4191 selected]
| >   graph_54    : -2.6237367197192952e-09 +/- 6.47e-11 [36591 selected]
| >   graph_55    : 1.1334979926981701e-09 +/- 9.92e-12 [3396 selected]
| >   graph_56    : -4.1895047677671049e-09 +/- 1.07e-11 [1815 selected]
| >   graph_57    : -1.2906541138359482e-08 +/- 3.78e-11 [16502 selected]
| >   graph_58    : 4.1257140584361548e-11 +/- 1.74e-12 [1759 selected]
| >   graph_59    : 3.9746956619133391e-11 +/- 1.72e-12 [1752 selected]
| >   graph_60    : -6.7614258814729543e-11 +/- 1.76e-12 [1800 selected]
| >   graph_61    : 1.2652305172503177e-08 +/- 5.40e-11 [29249 selected]
| >   graph_62    : -4.6491339918741660e-17 +/- 3.56e-17 [1793 selected]
| >   graph_63    : -1.1564534052984317e-09 +/- 7.84e-12 [1765 selected]
| >   graph_64    : 8.2499774049326011e-10 +/- 3.02e-12 [1780 selected]
| >   sum         : 2.9869777356191794e-08
| >   total       : 2.9869777356191768e-08
| >   difference  : 2.6469779601696886e-23
[92mINFO[0m [94msymbolica_integrator l.7237[0m [96mt=2026-09-09,18:43:58.503[0m > Symbolica integration: starting iteration [92m100/100[0m using [94m1000000[0m points ...
[92mINFO[0m [94msymbolica_integrator l.7270[0m [96mt=2026-09-09,18:48:19.761[0m > ... result after this iteration:
| > Integration result after [92m100000000[0m evaluations in [92m1370139.01 CPU-s[0m [94m(13701.4 µs / eval)[0m
| > Extremal weights:
| >   with jacobian    : 6.87206e+04 at xs = [7.1549976680726463e-06 9.3786395780773024e-02 5.0141691683318956e-01 1.7774903561889940e-01 5.6892774036871552e-01 4.8012320572165024e-01] | jacobian = 5.63633e+06
| >     momentum space  : k = [[2.3792950309140040e-03, 1.5905812544747665e-03, 1.7232826617296533e+02]; [-7.8333218428132668e+01, -3.6218235621151734e+01, 5.3960602144410181e+00]]
| >   without jacobian : 3.91447e+04 at xs = [6.9227500098056595e-11 8.4609202719086396e-01 4.1932247795077110e-01 9.8421181277806566e-02 3.6083494962649804e-01 4.2896348320695171e-01] | jacobian = 1.05860e-04
| >     momentum space  : k = [[1.5219153965627792e-08, -2.2067080113806765e-08, 8.7023903973540399e+01]; [-2.7315361155387055e+01, 3.2668131218968895e+01, 9.6641901762219966e+00]]
| >   before clipping   : -5.27407e+07 at xs = [6.9422011383704387e-06 2.1098190160867630e-01 5.0037218128350880e-01 1.8673912685761032e-01 3.4936958976710281e-01 4.0689863530059067e-01]
| >     momentum space  : k = [[6.7397961753911349e-04, 2.6938658208855346e-03, 1.8304552953596124e+02]; [-5.1411332424196978e+01, 7.1354282253196061e+01, 2.6482647705425165e+01]]
| > Stability pipeline: float pairs accepted = 135075867, HP pairs attempted/accepted = 3960926/3960926
| > Stability triggers: float mismatch = 3682282, float non-finite/error = 1816
| > HP precision escalations: attempted/accepted = 18513/18513
| > Higher-precision rejections: disagreement = 0, non-finite = 0, error = 0
| > Soft-mirror stability: pairs = 42657423, large-side triggers = 274275, HP orbits attempted/salvaged/failed = 3620630/3620630/0
| > Soft-mirror extrema: raw mirror = -9.09915e+09, post-average = -5.27407e+07
| > Strongest soft-mirror cancellation: residual/raw = 0.00000e+00
| > Unstable rotational-check points rejected = 0
| > Rotational-check high-precision retries = 3684098
| > Rotational-check high-precision salvaged = 3684098
| > Large-weight high-precision retries = 276828
| > Large-weight high-precision salvaged = 276828
| > Large-weight high-precision rejected = 0
| > Large-weight samples zeroed = 446 (4.460e-06 of samples; removed signed/absolute sums = 1.06355e+08/3.82181e+08)
| > Non-finite final outputs zeroed = 0
| > Non-finite float rotated evaluations seen = 73
| > Example higher-precision-retried xs = [2.6880750982012969e-01 1.7402049722655100e-01 6.0980772598890010e-02 9.9750773443479890e-01 3.0048234085139136e-01 8.2729716849149482e-01] | float rel = 1.44350e-07
| >     momentum space  : k = [[1.2864873913282938e+01, 2.4869169488989783e+01, 1.4436129598391815e+02]; [-2.5782389205217190e+04, 7.8539332094821817e+04, -1.3710486440690246e+05]]
| > Example large-weight higher-precision-retried xs = [1.9231173850990912e-01 6.5780162395444419e-01 8.8861886028403791e-01 7.0208850143205215e-04 5.4240755566925725e-01 5.0445441660376766e-01] | compiled = -1.10603e+04 | higher precision = -1.02451e-01
| >     momentum space  : k = [[-1.7873903535647262e+01, -2.7323121682648594e+01, -8.9469201105104602e+01]; [-2.7108866766462003e-01, -7.3992249469811575e-02, -3.9326328464896528e-03]]
| > Example NaN/non-finite rotated xs = [4.3974642111233074e-04 4.7267464511837748e-01 9.9995896344930690e-01 6.1497814457061539e-01 6.0079335026881553e-01 6.4637841020769249e-01]
| >     momentum space  : k = [[-2.2353286370510883e-05, 3.8760017987051835e-06, 1.2731159591423573e+03]; [-4.6150254078839635e+02, -3.3882885223629427e+02, -2.8355997629564860e+02]]
| > [92mCentral value[0m : +2.9869316063720524e-08   +/- 4.56e-10     ([91m1.528%[0m)
[92mINFO[0m [94msymbolica_integrator l.7274[0m [96mt=2026-09-09,18:48:19.762[0m > | > Graph-channel Symbolica observer estimates:
| >   graph_0     : -2.0666797048596286e-08 +/- 6.56e-11 [42321 selected]
| >   graph_1     : 3.4353244434738865e-10 +/- 5.17e-12 [1739 selected]
| >   graph_2     : -1.2879262355241413e-08 +/- 2.99e-11 [10553 selected]
| >   graph_3     : 1.1111862970003002e-10 +/- 9.10e-13 [1747 selected]
| >   graph_4     : -6.2918824730447660e-10 +/- 9.53e-12 [1786 selected]
| >   graph_5     : -3.9423573050620086e-11 +/- 1.04e-12 [1732 selected]
| >   graph_6     : -3.7851009019693049e-11 +/- 1.10e-12 [1691 selected]
| >   graph_7     : 6.6739398702479951e-11 +/- 1.57e-12 [1766 selected]
| >   graph_8     : -9.1855771365129849e-10 +/- 7.79e-12 [2855 selected]
| >   graph_9     : 1.0663048488553330e-09 +/- 8.43e-12 [2926 selected]
| >   graph_10    : -2.7793086571602193e-09 +/- 3.87e-11 [18305 selected]
| >   graph_11    : 2.1651059089446896e-27 +/- 1.78e-28 [1763 selected]
| >   graph_12    : -5.6516265057205087e-10 +/- 5.64e-12 [2130 selected]
| >   graph_13    : -1.1728545788603586e-08 +/- 4.89e-11 [26986 selected]
| >   graph_14    : 1.0942104677804578e-10 +/- 3.13e-13 [1816 selected]
| >   graph_15    : 1.4283528984523112e-18 +/- 1.44e-18 [1768 selected]
| >   graph_16    : 3.8731837866914655e-09 +/- 9.88e-12 [1674 selected]
| >   graph_17    : -3.6112985809698370e-10 +/- 1.02e-12 [1808 selected]
| >   graph_18    : 1.1953433677804392e-08 +/- 3.35e-11 [14880 selected]
| >   graph_19    : 1.0582031250733150e-09 +/- 3.88e-12 [1752 selected]
| >   graph_20    : -7.6098454637342388e-10 +/- 2.69e-12 [1731 selected]
| >   graph_21    : -8.6784747122178222e-10 +/- 8.53e-12 [3104 selected]
| >   graph_22    : -5.0096458904658250e-10 +/- 8.02e-12 [1738 selected]
| >   graph_23    : -3.0054808426762831e-10 +/- 1.41e-11 [2085 selected]
| >   graph_24    : 5.9104694278087499e-10 +/- 1.33e-11 [3099 selected]
| >   graph_25    : 4.3312926577009291e-10 +/- 8.47e-12 [1869 selected]
| >   graph_26    : -2.1470506503363411e-10 +/- 9.10e-13 [1821 selected]
| >   graph_27    : -2.7266959121148012e-11 +/- 7.79e-14 [1777 selected]
| >   graph_28    : -1.1663716427631681e-09 +/- 6.22e-12 [1756 selected]
| >   graph_29    : 6.8068793106805841e-08 +/- 8.31e-11 [58174 selected]
| >   graph_30    : -1.4956410743058507e-09 +/- 1.47e-10 [133025 selected]
| >   graph_31    : 3.9857661837596483e-11 +/- 3.12e-13 [1632 selected]
| >   graph_32    : -5.1368900576499429e-11 +/- 6.15e-12 [1790 selected]
| >   graph_33    : -1.8783745908606363e-09 +/- 1.82e-11 [4809 selected]
| >   graph_34    : 6.7819204944462964e-26 +/- 3.28e-26 [1774 selected]
| >   graph_35    : 2.5267994045544763e-08 +/- 8.03e-11 [65363 selected]
| >   graph_36    : -2.9212879051672340e-09 +/- 1.80e-11 [5307 selected]
| >   graph_37    : 1.6186083425203515e-08 +/- 4.54e-11 [23041 selected]
| >   graph_38    : 4.0211678178025241e-10 +/- 2.61e-12 [1829 selected]
| >   graph_39    : -7.6457927490712552e-09 +/- 2.96e-11 [11314 selected]
| >   graph_40    : -3.7510067588135690e-10 +/- 1.68e-10 [166399 selected]
| >   graph_41    : 1.7502140956707759e-09 +/- 1.29e-11 [4862 selected]
| >   graph_42    : 4.3911372935479798e-09 +/- 6.88e-11 [35725 selected]
| >   graph_43    : 3.1514406509436516e-09 +/- 1.90e-11 [5850 selected]
| >   graph_44    : 4.3978099747320194e-10 +/- 5.96e-12 [2030 selected]
| >   graph_45    : 2.4007262617674377e-10 +/- 6.64e-13 [1713 selected]
| >   graph_46    : -6.0933046615492897e-11 +/- 2.69e-13 [1703 selected]
| >   graph_47    : -6.1865477808427634e-09 +/- 3.36e-10 [175748 selected]
| >   graph_48    : -9.5838397490403165e-11 +/- 1.59e-12 [1755 selected]
| >   graph_49    : -3.4340019302373429e-08 +/- 5.09e-11 [24688 selected]
| >   graph_50    : 8.9390362367878329e-10 +/- 1.13e-11 [2900 selected]
| >   graph_51    : 5.7973004557892224e-09 +/- 1.46e-11 [2635 selected]
| >   graph_52    : 2.1230720751707987e-10 +/- 4.05e-12 [1759 selected]
| >   graph_53    : -8.1582719414962719e-10 +/- 1.08e-11 [4180 selected]
| >   graph_54    : -2.6226924880511839e-09 +/- 6.42e-11 [36767 selected]
| >   graph_55    : 1.1331820664427519e-09 +/- 9.87e-12 [3422 selected]
| >   graph_56    : -4.1896403701538339e-09 +/- 1.07e-11 [1772 selected]
| >   graph_57    : -1.2916297077043247e-08 +/- 3.76e-11 [17005 selected]
| >   graph_58    : 4.1406225026742815e-11 +/- 1.73e-12 [1709 selected]
| >   graph_59    : 3.9655381911427760e-11 +/- 1.72e-12 [1815 selected]
| >   graph_60    : -6.7474222176032392e-11 +/- 1.76e-12 [1796 selected]
| >   graph_61    : 1.2645860606624204e-08 +/- 5.36e-11 [29464 selected]
| >   graph_62    : -4.3944276334570714e-17 +/- 3.53e-17 [1758 selected]
| >   graph_63    : -1.1563747119083329e-09 +/- 7.81e-12 [1746 selected]
| >   graph_64    : 8.2522243354967855e-10 +/- 3.01e-12 [1763 selected]
| >   sum         : 2.9869316063720537e-08
| >   total       : 2.9869316063720524e-08
| >   difference  : 1.3234889800848443e-23
[92mINFO[0m [94m_apply_ttbar_gg_scheme l.3323[0m [96mt=2026-09-09,18:49:09.417[0m > ttbar gg scheme/decoupling flags: scheme=True decoupling=False; coefficients hard=-5.0000000000000000e-01 scheme=+1.0000000000000000e+00 Born=+0.0000000000000000e+00; physical convention=-1/2*Hraw+(Dgg-LSZ)+top-LSZ+cdec*Born
[92mINFO[0m [94m_apply_ttbar_gg_scheme l.3333[0m [96mt=2026-09-09,18:49:09.417[0m > ttbar gg components: hard=-1.4934658031860262e-08 +/- 2.2816e-10; Dgg-LSZ=+2.3326459605357716e-08 +/- 3.2155e-13; top-LSZ=+5.2960843697088535e-10 +/- 2.8594e-16; Born=+0.0000000000000000e+00 +/- 0.0000e+00; auxiliary=+2.3856068042328593e-08 +/- 3.2154e-13; total=+8.9214100104683306e-09 +/- 2.2816e-10
[92mINFO[0m [94m_apply_ttbar_gg_scheme l.3351[0m [96mt=2026-09-09,18:49:09.417[0m > ttbar gg auxiliary diagnostics: samples=2097152 elapsed=49.50s fallback/nonfinite/clipped=0/0/0; fractions=0.000e+00/0.000e+00/0.000e+00
[92mINFO[0m [94mmain l.2222[0m [96mt=2026-09-09,18:49:09.417[0m > --------------------------------------------------------------------------------
[92mINFO[0m [94mmain l.2223[0m [96mt=2026-09-09,18:49:09.418[0m > Integration with settings below completed in [92m33987.78s[0m:
| [94mdy_card                       [0m: [92mPosixPath('/home/zeno/DY/pygloop_6c15087/cards/campaigns/ttbar_dy_msbar_scan_20260901/production/ttbar/partonic/s400/gg.toml')[0m
| [94mdy_card_check                 [0m: [92mFalse[0m
| [94mdy_dump_effective_card        [0m: [92mFalse[0m
| [94mdy_allow_unverified_bundle    [0m: [92mFalse[0m
| [94mprocess                       [0m: [92m'dy'[0m
| [94mgeneral_settings              [0m: [92m[][0m
| [94mdiagrams                      [0m: [92m[][0m
| [94moverwrite_process_basename    [0m: [92m'TTBAR_GG_MSBAR_CM_ESURFACE_V1_20260909'[0m
| [94mverbosity                     [0m: [92m'info'[0m
| [94mparameterisation              [0m: [92m'spherical'[0m
| [94mdy_skip_ps_validation         [0m: [92mTrue[0m
| [94mdy_rotation_check_digits      [0m: [92m7[0m
| [94mdy_rotation_check_count       [0m: [92m1[0m
| [94mdy_rotation_check_eps         [0m: [92m1e-15[0m
| [94mdy_rotation_check_arb_digits  [0m: [92m32[0m
| [94mdy_fallback_precision         [0m: [92m32[0m
| [94mdy_stability_backend          [0m: [92m'double-float'[0m
| [94mdy_stability_arb_digits       [0m: [92mNone[0m
| [94mdy_stability_rtol             [0m: [92mNone[0m
| [94mdy_stability_atol             [0m: [92mNone[0m
| [94mdy_theta_tol                  [0m: [92m0.0[0m
| [94mdy_large_weight_precision     [0m: [92m0.00027418591243443034[0m
| [94mdy_large_weight_clip          [0m: [92m0.027418591243443036[0m
| [94mdy_soft_mirror_edge           [0m: [92m['GL015:7', 'GL018:8', 'GL059:8', 'GL071:7', 'GL075:8', 'GL099:8', 'GL115:8'][0m
| [94mdy_grouped_soft_pair          [0m: [92mNone[0m
| [94mdy_grouped_soft_pair_transform[0m: [92mNone[0m
| [94mdy_large_weight_threshold     [0m: [92mNone[0m
| [94mdy_zero_large_weight_samples  [0m: [92mFalse[0m
| [94mdy_integrated_uv_ct_filter    [0m: [92m'all'[0m
| [94mdy_accept_all_arb_retries     [0m: [92mFalse[0m
| [94mdy_final_state                [0m: [92m['t', 't'][0m
| [94mdy_process_name               [0m: [92m'tt~'[0m
| [94mdy_channel                    [0m: [92m[0, 0][0m
| [94mexternal_gluon_polarisation   [0m: [92mTrue[0m
| [94mdy_symmetrise_p1_p2           [0m: [92mTrue[0m
| [94mdy_parallel_graphs            [0m: [92m1[0m
| [94mdy_integrate_beams            [0m: [92mFalse[0m
| [94mdy_beam_parameterisation      [0m: [92m'x1_x2'[0m
| [94mdy_z_bin                      [0m: [92mNone[0m
| [94mdy_q_min                      [0m: [92mNone[0m
| [94mdy_q_max                      [0m: [92mNone[0m
| [94mdy_physical_normalisation     [0m: [92mTrue[0m
| [94mdy_integrated_leptonic_phase_space[0m: [92mFalse[0m
| [94mdy_pdf_set                    [0m: [92mNone[0m
| [94mdy_pdf_member                 [0m: [92m0[0m
| [94mdy_muf_sq                     [0m: [92mNone[0m
| [94mdy_msbar_scheme_counterterm   [0m: [92mTrue[0m
| [94mdy_decoupling                 [0m: [92mFalse[0m
| [94mdy_scheme_counterterm_sobol_power[0m: [92m18[0m
| [94mdy_scheme_counterterm_replicas[0m: [92m8[0m
| [94mdy_scheme_counterterm_factor  [0m: [92mNone[0m
| [94mdy_scheme_born_bundle         [0m: [92m'TTBAR_GG_BORN_MSBAR_SCAN_20260901_1L_processed'[0m
| [94mdy_scheme_born_bundles        [0m: [92mNone[0m
| [94mdy_scheme_alpha_s             [0m: [92m0.118[0m
| [94mdy_scheme_counterterm_clip    [0m: [92m0.032988570301826226[0m
| [94mdy_ttbar_pt_min               [0m: [92mNone[0m
| [94mdy_muv                        [0m: [92m200.0[0m
| [94mdy_runtime_parameter_overrides[0m: [92mNone[0m
| [94mdy_lambda_sq                  [0m: [92m8302.489924[0m
| [94mdy_mur_sq                     [0m: [92m8302.489924[0m
| [94mgammaloop_configuration       [0m: [92m'/home/zeno/DY/pygloop_6c15087/configs/DY/generate.toml'[0m
| [94mruntime_configuration         [0m: [92m'/home/zeno/DY/pygloop_6c15087/configs/DY/runtime.toml'[0m
| [94mgammaloop_settings            [0m: [92m[][0m
| [94mm_top                         [0m: [92m173.0[0m
| [94mm_higgs                       [0m: [92m125.0[0m
| [94mpg1                           [0m: [92m[200.0, 0.0, 0.0, 200.0][0m
| [94mpg2                           [0m: [92m[200.0, 0.0, 0.0, -200.0][0m
| [94mph1                           [0m: [92m[438.5555662246945, 155.3322001835378, 348.0160396513587, -177.3773615718412][0m
| [94mph2                           [0m: [92m[356.3696374921922, -16.802389008511, -318.7291102436005, 97.48719163688098][0m
| [94mph3                           [0m: [92m[205.0747962831133, -138.5298111750267, -29.28692940775817, 79.8901699349603][0m
| [94mhelicities                    [0m: [92m[1, 1, 0, 0, 0][0m
| [94mn_loops                       [0m: [92m2[0m
| [94mclean                         [0m: [92mFalse[0m
| [94mintegrand_implementation      [0m: [92m'zenos'[0m
| [94mintegrand_evaluator_compiler  [0m: [92m'symbolica_only'[0m
| [94mmulti_channeling              [0m: [92mTrue[0m
| [94mcommand                       [0m: [92m'integrate'[0m
| [94mn_iterations                  [0m: [92m100[0m
| [94mpoints_per_iteration          [0m: [92m1000000[0m
| [94mintegrator                    [0m: [92m'symbolica'[0m
| [94mn_cores                       [0m: [92m62[0m
| [94mphysical_channel_multi_channeling[0m: [92mFalse[0m
| [94mdy_q_bins                     [0m: [92mNone[0m
| [94mdy_physical_channel_cards     [0m: [92mNone[0m
| [94mdy_physical_channel_backend   [0m: [92m'saved-jit'[0m
| [94mdy_physical_channel_batch_size[0m: [92m256[0m
| [94mdy_physical_channel_warmup_iterations[0m: [92m0[0m
| [94mdy_physical_channel_min_fraction[0m: [92m0.0[0m
| [94mdy_physical_channel_target_relative_precision[0m: [92mNone[0m
| [94mdy_physical_channel_live_diagnostics[0m: [92mFalse[0m
| [94mtarget                        [0m: [92mNone[0m
| [94mphase                         [0m: [92m'real'[0m
| [94mseed                          [0m: [92m909040301[0m
| [94mrestart                       [0m: [92mFalse[0m
| [94mrun_workspace_name            [0m: [92m'production_ttbar_partonic_s400_gg_20260901'[0m
| [94mdy_integration_graphs         [0m: [92mNone[0m
| [94mdy_graph_weights              [0m: [92mNone[0m
| [94mdy_runtime_parameters         [0m: [92m{'alpha_ew_inverse': '132.507',
 'alpha_s': '0.118',
 'lambda_sq': '8302.489924',
 'm_top': '173',
 'mur_sq': '8302.489924',
 'muv': '200',
 'zmax': '1',
 'zmin': '0'}[0m
| 
| > Integration result after [92m100000000[0m evaluations in [92m1370139.01 CPU-s[0m [94m(13701.4 µs / eval)[0m
| > Extremal weights:
| >   with jacobian    : 6.87206e+04 at xs = [7.1549976680726463e-06 9.3786395780773024e-02 5.0141691683318956e-01 1.7774903561889940e-01 5.6892774036871552e-01 4.8012320572165024e-01] | jacobian = 5.63633e+06
| >     momentum space  : k = [[2.3792950309140040e-03, 1.5905812544747665e-03, 1.7232826617296533e+02]; [-7.8333218428132668e+01, -3.6218235621151734e+01, 5.3960602144410181e+00]]
| >   without jacobian : 3.91447e+04 at xs = [6.9227500098056595e-11 8.4609202719086396e-01 4.1932247795077110e-01 9.8421181277806566e-02 3.6083494962649804e-01 4.2896348320695171e-01] | jacobian = 1.05860e-04
| >     momentum space  : k = [[1.5219153965627792e-08, -2.2067080113806765e-08, 8.7023903973540399e+01]; [-2.7315361155387055e+01, 3.2668131218968895e+01, 9.6641901762219966e+00]]
| >   before clipping   : -5.27407e+07 at xs = [6.9422011383704387e-06 2.1098190160867630e-01 5.0037218128350880e-01 1.8673912685761032e-01 3.4936958976710281e-01 4.0689863530059067e-01]
| >     momentum space  : k = [[6.7397961753911349e-04, 2.6938658208855346e-03, 1.8304552953596124e+02]; [-5.1411332424196978e+01, 7.1354282253196061e+01, 2.6482647705425165e+01]]
| > Stability pipeline: float pairs accepted = 135075867, HP pairs attempted/accepted = 3960926/3960926
| > Stability triggers: float mismatch = 3682282, float non-finite/error = 1816
| > HP precision escalations: attempted/accepted = 18513/18513
| > Higher-precision rejections: disagreement = 0, non-finite = 0, error = 0
| > Soft-mirror stability: pairs = 42657423, large-side triggers = 274275, HP orbits attempted/salvaged/failed = 3620630/3620630/0
| > Soft-mirror extrema: raw mirror = -9.09915e+09, post-average = -5.27407e+07
| > Strongest soft-mirror cancellation: residual/raw = 0.00000e+00
| > Unstable rotational-check points rejected = 0
| > Rotational-check high-precision retries = 3684098
| > Rotational-check high-precision salvaged = 3684098
| > Large-weight high-precision retries = 276828
| > Large-weight high-precision salvaged = 276828
| > Large-weight high-precision rejected = 0
| > Large-weight samples zeroed = 446 (4.460e-06 of samples; removed signed/absolute sums = 1.06355e+08/3.82181e+08)
| > Non-finite final outputs zeroed = 0
| > Non-finite float rotated evaluations seen = 73
| > Example higher-precision-retried xs = [2.6880750982012969e-01 1.7402049722655100e-01 6.0980772598890010e-02 9.9750773443479890e-01 3.0048234085139136e-01 8.2729716849149482e-01] | float rel = 1.44350e-07
| >     momentum space  : k = [[1.2864873913282938e+01, 2.4869169488989783e+01, 1.4436129598391815e+02]; [-2.5782389205217190e+04, 7.8539332094821817e+04, -1.3710486440690246e+05]]
| > Example large-weight higher-precision-retried xs = [1.9231173850990912e-01 6.5780162395444419e-01 8.8861886028403791e-01 7.0208850143205215e-04 5.4240755566925725e-01 5.0445441660376766e-01] | compiled = -1.10603e+04 | higher precision = -1.02451e-01
| >     momentum space  : k = [[-1.7873903535647262e+01, -2.7323121682648594e+01, -8.9469201105104602e+01]; [-2.7108866766462003e-01, -7.3992249469811575e-02, -3.9326328464896528e-03]]
| > Example NaN/non-finite rotated xs = [4.3974642111233074e-04 4.7267464511837748e-01 9.9995896344930690e-01 6.1497814457061539e-01 6.0079335026881553e-01 6.4637841020769249e-01]
| >     momentum space  : k = [[-2.2353286370510883e-05, 3.8760017987051835e-06, 1.2731159591423573e+03]; [-4.6150254078839635e+02, -3.3882885223629427e+02, -2.8355997629564860e+02]]
| > DY gg scheme Dgg-LSZ+top-LSZ: hard factor=-5.00000000e-01; scheme factor=+1.00000000e+00
| > DY gg applied hard/Dgg-LSZ/top-LSZ/auxiliary: -1.4934658031860262e-08 +/- 2.2816e-10; +2.3326459605357716e-08 +/- 3.2155e-13; +5.2960843697088535e-10 +/- 2.8594e-16; +2.3856068042328593e-08 +/- 3.2154e-13
| > DY gg auxiliary samples/fallback/nonfinite/clipped: 2097152/0/0/0 (fractions 0.000e+00/0.000e+00/0.000e+00)
| > [92mCentral value[0m : +8.9214100104683306e-09   +/- 2.28e-10     ([91m2.557%[0m)
[92mINFO[0m [94mmain l.2228[0m [96mt=2026-09-09,18:49:09.418[0m > --------------------------------------------------------------------------------
[92mINFO[0m [94mmain l.2282[0m [96mt=2026-09-09,18:49:09.418[0m > Command 'integrate' completed in [92m33987.78s[0m.
