[92mINFO[0m [94mmain l.1891[0m [96mt=2026-09-09,09:22:37.306[0m > Using DY card /home/zeno/DY/pygloop_6c15087/cards/campaigns/ttbar_dy_msbar_scan_20260901/production/ttbar/partonic/s400/gg.toml (source SHA256 17df64a69f591a7e9e33628829fe7b3915e755c064c166a301ea5b6a69be2116, generation fingerprint 0dd179c545a8d0a221a8ea5a39c2fc907f5727d3330f64a2f61122e04cd9eb3f).
[92mINFO[0m [94mmain l.1917[0m [96mt=2026-09-09,09:22:37.306[0m > Applied general settings to process TTBAR_GG_MSBAR_CM_ESURFACE_V1_20260909: {}
[92mINFO[0m [94m__init__ l.989[0m [96mt=2026-09-09,09:22:37.653[0m > Loaded compiled DY bundle from [92m/home/zeno/DY/pygloop_6c15087/outputs/evaluators/tt~/TTBAR_GG_MSBAR_CM_ESURFACE_V1_20260909_2L_processed[0m
[92mINFO[0m [94msymbolica_integrator l.7179[0m [96mt=2026-09-09,09:22:37.672[0m > Symbolica discrete graph channels: graph_0, graph_1, graph_2, graph_3, graph_4, graph_5, graph_6, graph_7, graph_8, graph_9, graph_10, graph_11, graph_12, graph_13, graph_14, graph_15, graph_16, graph_17, graph_18, graph_19, graph_20, graph_21, graph_22, graph_23, graph_24, graph_25, graph_26, graph_27, graph_28, graph_29, graph_30, graph_31, graph_32, graph_33, graph_34, graph_35, graph_36, graph_37, graph_38, graph_39, graph_40, graph_41, graph_42, graph_43, graph_44, graph_45, graph_46, graph_47, graph_48, graph_49, graph_50, graph_51, graph_52, graph_53, graph_54, graph_55, graph_56, graph_57, graph_58, graph_59, graph_60, graph_61, graph_62, graph_63, graph_64 (bundle indices: 0, 1, 2, 3, 4, 5, 6, 7, 8, 9, 10, 11, 12, 13, 14, 15, 16, 17, 18, 19, 20, 21, 22, 23, 24, 25, 26, 27, 28, 29, 30, 31, 32, 33, 34, 35, 36, 37, 38, 39, 40, 41, 42, 43, 44, 45, 46, 47, 48, 49, 50, 51, 52, 53, 54, 55, 56, 57, 58, 59, 60, 61, 62, 63, 64)
[92mINFO[0m [94msymbolica_integrator l.7210[0m [96mt=2026-09-09,09:22:37.672[0m > DY graph factor graph_0: closed_ghost_loops=0 automatic=+1 explicit=+1.0000000000000000e+00 combined=+1.0000000000000000e+00
[92mINFO[0m [94msymbolica_integrator l.7210[0m [96mt=2026-09-09,09:22:37.672[0m > DY graph factor graph_1: closed_ghost_loops=0 automatic=+1 explicit=+1.0000000000000000e+00 combined=+1.0000000000000000e+00
[92mINFO[0m [94msymbolica_integrator l.7210[0m [96mt=2026-09-09,09:22:37.672[0m > DY graph factor graph_2: closed_ghost_loops=0 automatic=+1 explicit=+1.0000000000000000e+00 combined=+1.0000000000000000e+00
[92mINFO[0m [94msymbolica_integrator l.7210[0m [96mt=2026-09-09,09:22:37.672[0m > DY graph factor graph_3: closed_ghost_loops=0 automatic=+1 explicit=+1.0000000000000000e+00 combined=+1.0000000000000000e+00
[92mINFO[0m [94msymbolica_integrator l.7210[0m [96mt=2026-09-09,09:22:37.672[0m > DY graph factor graph_4: closed_ghost_loops=0 automatic=+1 explicit=+1.0000000000000000e+00 combined=+1.0000000000000000e+00
[92mINFO[0m [94msymbolica_integrator l.7210[0m [96mt=2026-09-09,09:22:37.672[0m > DY graph factor graph_5: closed_ghost_loops=1 automatic=-1 explicit=+1.0000000000000000e+00 combined=-1.0000000000000000e+00
[92mINFO[0m [94msymbolica_integrator l.7210[0m [96mt=2026-09-09,09:22:37.672[0m > DY graph factor graph_6: closed_ghost_loops=1 automatic=-1 explicit=+1.0000000000000000e+00 combined=-1.0000000000000000e+00
[92mINFO[0m [94msymbolica_integrator l.7210[0m [96mt=2026-09-09,09:22:37.672[0m > DY graph factor graph_7: closed_ghost_loops=1 automatic=-1 explicit=+1.0000000000000000e+00 combined=-1.0000000000000000e+00
[92mINFO[0m [94msymbolica_integrator l.7210[0m [96mt=2026-09-09,09:22:37.673[0m > DY graph factor graph_8: closed_ghost_loops=0 automatic=+1 explicit=+1.0000000000000000e+00 combined=+1.0000000000000000e+00
[92mINFO[0m [94msymbolica_integrator l.7210[0m [96mt=2026-09-09,09:22:37.673[0m > DY graph factor graph_9: closed_ghost_loops=0 automatic=+1 explicit=+1.0000000000000000e+00 combined=+1.0000000000000000e+00
[92mINFO[0m [94msymbolica_integrator l.7210[0m [96mt=2026-09-09,09:22:37.673[0m > DY graph factor graph_10: closed_ghost_loops=0 automatic=+1 explicit=+1.0000000000000000e+00 combined=+1.0000000000000000e+00
[92mINFO[0m [94msymbolica_integrator l.7210[0m [96mt=2026-09-09,09:22:37.673[0m > DY graph factor graph_11: closed_ghost_loops=0 automatic=+1 explicit=+1.0000000000000000e+00 combined=+1.0000000000000000e+00
[92mINFO[0m [94msymbolica_integrator l.7210[0m [96mt=2026-09-09,09:22:37.673[0m > DY graph factor graph_12: closed_ghost_loops=0 automatic=+1 explicit=+1.0000000000000000e+00 combined=+1.0000000000000000e+00
[92mINFO[0m [94msymbolica_integrator l.7210[0m [96mt=2026-09-09,09:22:37.673[0m > DY graph factor graph_13: closed_ghost_loops=0 automatic=+1 explicit=+1.0000000000000000e+00 combined=+1.0000000000000000e+00
[92mINFO[0m [94msymbolica_integrator l.7210[0m [96mt=2026-09-09,09:22:37.673[0m > DY graph factor graph_14: closed_ghost_loops=0 automatic=+1 explicit=+1.0000000000000000e+00 combined=+1.0000000000000000e+00
[92mINFO[0m [94msymbolica_integrator l.7210[0m [96mt=2026-09-09,09:22:37.673[0m > DY graph factor graph_15: closed_ghost_loops=0 automatic=+1 explicit=+1.0000000000000000e+00 combined=+1.0000000000000000e+00
[92mINFO[0m [94msymbolica_integrator l.7210[0m [96mt=2026-09-09,09:22:37.673[0m > DY graph factor graph_16: closed_ghost_loops=0 automatic=+1 explicit=+1.0000000000000000e+00 combined=+1.0000000000000000e+00
[92mINFO[0m [94msymbolica_integrator l.7210[0m [96mt=2026-09-09,09:22:37.673[0m > DY graph factor graph_17: closed_ghost_loops=0 automatic=+1 explicit=+1.0000000000000000e+00 combined=+1.0000000000000000e+00
[92mINFO[0m [94msymbolica_integrator l.7210[0m [96mt=2026-09-09,09:22:37.673[0m > DY graph factor graph_18: closed_ghost_loops=0 automatic=+1 explicit=+1.0000000000000000e+00 combined=+1.0000000000000000e+00
[92mINFO[0m [94msymbolica_integrator l.7210[0m [96mt=2026-09-09,09:22:37.673[0m > DY graph factor graph_19: closed_ghost_loops=0 automatic=+1 explicit=+1.0000000000000000e+00 combined=+1.0000000000000000e+00
[92mINFO[0m [94msymbolica_integrator l.7210[0m [96mt=2026-09-09,09:22:37.673[0m > DY graph factor graph_20: closed_ghost_loops=0 automatic=+1 explicit=+1.0000000000000000e+00 combined=+1.0000000000000000e+00
[92mINFO[0m [94msymbolica_integrator l.7210[0m [96mt=2026-09-09,09:22:37.673[0m > DY graph factor graph_21: closed_ghost_loops=0 automatic=+1 explicit=+1.0000000000000000e+00 combined=+1.0000000000000000e+00
[92mINFO[0m [94msymbolica_integrator l.7210[0m [96mt=2026-09-09,09:22:37.673[0m > DY graph factor graph_22: closed_ghost_loops=0 automatic=+1 explicit=+1.0000000000000000e+00 combined=+1.0000000000000000e+00
[92mINFO[0m [94msymbolica_integrator l.7210[0m [96mt=2026-09-09,09:22:37.673[0m > DY graph factor graph_23: closed_ghost_loops=0 automatic=+1 explicit=+1.0000000000000000e+00 combined=+1.0000000000000000e+00
[92mINFO[0m [94msymbolica_integrator l.7210[0m [96mt=2026-09-09,09:22:37.673[0m > DY graph factor graph_24: closed_ghost_loops=0 automatic=+1 explicit=+1.0000000000000000e+00 combined=+1.0000000000000000e+00
[92mINFO[0m [94msymbolica_integrator l.7210[0m [96mt=2026-09-09,09:22:37.673[0m > DY graph factor graph_25: closed_ghost_loops=0 automatic=+1 explicit=+1.0000000000000000e+00 combined=+1.0000000000000000e+00
[92mINFO[0m [94msymbolica_integrator l.7210[0m [96mt=2026-09-09,09:22:37.673[0m > DY graph factor graph_26: closed_ghost_loops=0 automatic=+1 explicit=+1.0000000000000000e+00 combined=+1.0000000000000000e+00
[92mINFO[0m [94msymbolica_integrator l.7210[0m [96mt=2026-09-09,09:22:37.673[0m > DY graph factor graph_27: closed_ghost_loops=0 automatic=+1 explicit=+1.0000000000000000e+00 combined=+1.0000000000000000e+00
[92mINFO[0m [94msymbolica_integrator l.7210[0m [96mt=2026-09-09,09:22:37.673[0m > DY graph factor graph_28: closed_ghost_loops=0 automatic=+1 explicit=+1.0000000000000000e+00 combined=+1.0000000000000000e+00
[92mINFO[0m [94msymbolica_integrator l.7210[0m [96mt=2026-09-09,09:22:37.673[0m > DY graph factor graph_29: closed_ghost_loops=0 automatic=+1 explicit=+1.0000000000000000e+00 combined=+1.0000000000000000e+00
[92mINFO[0m [94msymbolica_integrator l.7210[0m [96mt=2026-09-09,09:22:37.673[0m > DY graph factor graph_30: closed_ghost_loops=0 automatic=+1 explicit=+1.0000000000000000e+00 combined=+1.0000000000000000e+00
[92mINFO[0m [94msymbolica_integrator l.7210[0m [96mt=2026-09-09,09:22:37.673[0m > DY graph factor graph_31: closed_ghost_loops=0 automatic=+1 explicit=+1.0000000000000000e+00 combined=+1.0000000000000000e+00
[92mINFO[0m [94msymbolica_integrator l.7210[0m [96mt=2026-09-09,09:22:37.673[0m > DY graph factor graph_32: closed_ghost_loops=0 automatic=+1 explicit=+1.0000000000000000e+00 combined=+1.0000000000000000e+00
[92mINFO[0m [94msymbolica_integrator l.7210[0m [96mt=2026-09-09,09:22:37.673[0m > DY graph factor graph_33: closed_ghost_loops=0 automatic=+1 explicit=+1.0000000000000000e+00 combined=+1.0000000000000000e+00
[92mINFO[0m [94msymbolica_integrator l.7210[0m [96mt=2026-09-09,09:22:37.673[0m > DY graph factor graph_34: closed_ghost_loops=0 automatic=+1 explicit=+1.0000000000000000e+00 combined=+1.0000000000000000e+00
[92mINFO[0m [94msymbolica_integrator l.7210[0m [96mt=2026-09-09,09:22:37.673[0m > DY graph factor graph_35: closed_ghost_loops=0 automatic=+1 explicit=+1.0000000000000000e+00 combined=+1.0000000000000000e+00
[92mINFO[0m [94msymbolica_integrator l.7210[0m [96mt=2026-09-09,09:22:37.673[0m > DY graph factor graph_36: closed_ghost_loops=0 automatic=+1 explicit=+1.0000000000000000e+00 combined=+1.0000000000000000e+00
[92mINFO[0m [94msymbolica_integrator l.7210[0m [96mt=2026-09-09,09:22:37.673[0m > DY graph factor graph_37: closed_ghost_loops=0 automatic=+1 explicit=+1.0000000000000000e+00 combined=+1.0000000000000000e+00
[92mINFO[0m [94msymbolica_integrator l.7210[0m [96mt=2026-09-09,09:22:37.673[0m > DY graph factor graph_38: closed_ghost_loops=0 automatic=+1 explicit=+1.0000000000000000e+00 combined=+1.0000000000000000e+00
[92mINFO[0m [94msymbolica_integrator l.7210[0m [96mt=2026-09-09,09:22:37.673[0m > DY graph factor graph_39: closed_ghost_loops=0 automatic=+1 explicit=+1.0000000000000000e+00 combined=+1.0000000000000000e+00
[92mINFO[0m [94msymbolica_integrator l.7210[0m [96mt=2026-09-09,09:22:37.673[0m > DY graph factor graph_40: closed_ghost_loops=0 automatic=+1 explicit=+1.0000000000000000e+00 combined=+1.0000000000000000e+00
[92mINFO[0m [94msymbolica_integrator l.7210[0m [96mt=2026-09-09,09:22:37.673[0m > DY graph factor graph_41: closed_ghost_loops=0 automatic=+1 explicit=+1.0000000000000000e+00 combined=+1.0000000000000000e+00
[92mINFO[0m [94msymbolica_integrator l.7210[0m [96mt=2026-09-09,09:22:37.673[0m > DY graph factor graph_42: closed_ghost_loops=0 automatic=+1 explicit=+1.0000000000000000e+00 combined=+1.0000000000000000e+00
[92mINFO[0m [94msymbolica_integrator l.7210[0m [96mt=2026-09-09,09:22:37.673[0m > DY graph factor graph_43: closed_ghost_loops=0 automatic=+1 explicit=+1.0000000000000000e+00 combined=+1.0000000000000000e+00
[92mINFO[0m [94msymbolica_integrator l.7210[0m [96mt=2026-09-09,09:22:37.673[0m > DY graph factor graph_44: closed_ghost_loops=0 automatic=+1 explicit=+1.0000000000000000e+00 combined=+1.0000000000000000e+00
[92mINFO[0m [94msymbolica_integrator l.7210[0m [96mt=2026-09-09,09:22:37.673[0m > DY graph factor graph_45: closed_ghost_loops=0 automatic=+1 explicit=+1.0000000000000000e+00 combined=+1.0000000000000000e+00
[92mINFO[0m [94msymbolica_integrator l.7210[0m [96mt=2026-09-09,09:22:37.673[0m > DY graph factor graph_46: closed_ghost_loops=0 automatic=+1 explicit=+1.0000000000000000e+00 combined=+1.0000000000000000e+00
[92mINFO[0m [94msymbolica_integrator l.7210[0m [96mt=2026-09-09,09:22:37.673[0m > DY graph factor graph_47: closed_ghost_loops=0 automatic=+1 explicit=+1.0000000000000000e+00 combined=+1.0000000000000000e+00
[92mINFO[0m [94msymbolica_integrator l.7210[0m [96mt=2026-09-09,09:22:37.673[0m > DY graph factor graph_48: closed_ghost_loops=0 automatic=+1 explicit=+1.0000000000000000e+00 combined=+1.0000000000000000e+00
[92mINFO[0m [94msymbolica_integrator l.7210[0m [96mt=2026-09-09,09:22:37.673[0m > DY graph factor graph_49: closed_ghost_loops=0 automatic=+1 explicit=+1.0000000000000000e+00 combined=+1.0000000000000000e+00
[92mINFO[0m [94msymbolica_integrator l.7210[0m [96mt=2026-09-09,09:22:37.673[0m > DY graph factor graph_50: closed_ghost_loops=0 automatic=+1 explicit=+1.0000000000000000e+00 combined=+1.0000000000000000e+00
[92mINFO[0m [94msymbolica_integrator l.7210[0m [96mt=2026-09-09,09:22:37.673[0m > DY graph factor graph_51: closed_ghost_loops=0 automatic=+1 explicit=+1.0000000000000000e+00 combined=+1.0000000000000000e+00
[92mINFO[0m [94msymbolica_integrator l.7210[0m [96mt=2026-09-09,09:22:37.673[0m > DY graph factor graph_52: closed_ghost_loops=0 automatic=+1 explicit=+1.0000000000000000e+00 combined=+1.0000000000000000e+00
[92mINFO[0m [94msymbolica_integrator l.7210[0m [96mt=2026-09-09,09:22:37.673[0m > DY graph factor graph_53: closed_ghost_loops=0 automatic=+1 explicit=+1.0000000000000000e+00 combined=+1.0000000000000000e+00
[92mINFO[0m [94msymbolica_integrator l.7210[0m [96mt=2026-09-09,09:22:37.673[0m > DY graph factor graph_54: closed_ghost_loops=0 automatic=+1 explicit=+1.0000000000000000e+00 combined=+1.0000000000000000e+00
[92mINFO[0m [94msymbolica_integrator l.7210[0m [96mt=2026-09-09,09:22:37.673[0m > DY graph factor graph_55: closed_ghost_loops=0 automatic=+1 explicit=+1.0000000000000000e+00 combined=+1.0000000000000000e+00
[92mINFO[0m [94msymbolica_integrator l.7210[0m [96mt=2026-09-09,09:22:37.674[0m > DY graph factor graph_56: closed_ghost_loops=0 automatic=+1 explicit=+1.0000000000000000e+00 combined=+1.0000000000000000e+00
[92mINFO[0m [94msymbolica_integrator l.7210[0m [96mt=2026-09-09,09:22:37.674[0m > DY graph factor graph_57: closed_ghost_loops=0 automatic=+1 explicit=+1.0000000000000000e+00 combined=+1.0000000000000000e+00
[92mINFO[0m [94msymbolica_integrator l.7210[0m [96mt=2026-09-09,09:22:37.674[0m > DY graph factor graph_58: closed_ghost_loops=1 automatic=-1 explicit=+1.0000000000000000e+00 combined=-1.0000000000000000e+00
[92mINFO[0m [94msymbolica_integrator l.7210[0m [96mt=2026-09-09,09:22:37.674[0m > DY graph factor graph_59: closed_ghost_loops=1 automatic=-1 explicit=+1.0000000000000000e+00 combined=-1.0000000000000000e+00
[92mINFO[0m [94msymbolica_integrator l.7210[0m [96mt=2026-09-09,09:22:37.674[0m > DY graph factor graph_60: closed_ghost_loops=1 automatic=-1 explicit=+1.0000000000000000e+00 combined=-1.0000000000000000e+00
[92mINFO[0m [94msymbolica_integrator l.7210[0m [96mt=2026-09-09,09:22:37.674[0m > DY graph factor graph_61: closed_ghost_loops=0 automatic=+1 explicit=+1.0000000000000000e+00 combined=+1.0000000000000000e+00
[92mINFO[0m [94msymbolica_integrator l.7210[0m [96mt=2026-09-09,09:22:37.674[0m > DY graph factor graph_62: closed_ghost_loops=0 automatic=+1 explicit=+1.0000000000000000e+00 combined=+1.0000000000000000e+00
[92mINFO[0m [94msymbolica_integrator l.7210[0m [96mt=2026-09-09,09:22:37.674[0m > DY graph factor graph_63: closed_ghost_loops=0 automatic=+1 explicit=+1.0000000000000000e+00 combined=+1.0000000000000000e+00
[92mINFO[0m [94msymbolica_integrator l.7210[0m [96mt=2026-09-09,09:22:37.674[0m > DY graph factor graph_64: closed_ghost_loops=0 automatic=+1 explicit=+1.0000000000000000e+00 combined=+1.0000000000000000e+00
[92mINFO[0m [94msymbolica_integrator l.7237[0m [96mt=2026-09-09,09:22:37.929[0m > Symbolica integration: starting iteration [92m1/100[0m using [94m1000000[0m points ...
[92mINFO[0m [94msymbolica_integrator l.7270[0m [96mt=2026-09-09,09:25:13.755[0m > ... result after this iteration:
| > Integration result after [92m1000000[0m evaluations in [92m2998.47 CPU-s[0m [94m(2998.5 µs / eval)[0m
| > Extremal weights:
| >   with jacobian    : 1.69071e+02 at xs = [3.4605824884853531e-02 7.4117892736121582e-01 3.6915112184737853e-01 1.5857850505716908e-01 8.1042778082650369e-01 8.1238938448954057e-01] | jacobian = 5.62499e+13
| >     momentum space  : k = [[-7.2812672515752641e-01, -1.3123832762239338e+01, 1.5596918438234377e+02]; [1.5530556057553696e+01, -3.8919749313195396e+01, -6.2666611156828026e+01]]
| >   without jacobian : 5.16135e-06 at xs = [1.5783252011341653e-01 2.0501289749341856e-01 8.3301015491331654e-01 2.6702297700742506e-06 4.7826631141356757e-01 5.3148730535075639e-01] | jacobian = 2.80883e+05
| >     momentum space  : k = [[1.0472733492796349e+01, 3.6058291628447051e+01, -6.4883425925348334e+01]; [-1.0529785363176756e-03, 1.4469188497283027e-04, -1.0548401303044114e-04]]
| >   before clipping   : 1.69071e+02 at xs = [3.4605824884853531e-02 7.4117892736121582e-01 3.6915112184737853e-01 1.5857850505716908e-01 8.1042778082650369e-01 8.1238938448954057e-01]
| >     momentum space  : k = [[-7.2812672515752641e-01, -1.3123832762239338e+01, 1.5596918438234377e+02]; [1.5530556057553696e+01, -3.8919749313195396e+01, -6.2666611156828026e+01]]
| > Stability pipeline: float pairs accepted = 1105936, HP pairs attempted/accepted = 1845/1845
| > Stability triggers: float mismatch = 1840, float non-finite/error = 1
| > Higher-precision rejections: disagreement = 0, non-finite = 0, error = 0
| > Soft-mirror stability: pairs = 108038, large-side triggers = 4, HP orbits attempted/salvaged/failed = 257/257/0
| > Soft-mirror extrema: raw original = -8.04369e+03, post-average = 1.69071e+02
| > Strongest soft-mirror cancellation: residual/raw = 0.00000e+00
| > Unstable rotational-check points rejected = 0
| > Rotational-check high-precision retries = 1841
| > Rotational-check high-precision salvaged = 1841
| > Large-weight high-precision retries = 4
| > Large-weight high-precision salvaged = 4
| > Large-weight high-precision rejected = 0
| > Large-weight samples zeroed = 0 (0.000e+00 of samples; removed signed/absolute sums = 0.00000e+00/0.00000e+00)
| > Non-finite final outputs zeroed = 0
| > Non-finite float rotated evaluations seen = 0
| > Example higher-precision-retried xs = [1.7265545145750016e-01 3.0987003362503329e-01 3.2061093419506459e-01 2.9773816827716681e-01 4.2264025488893087e-01 5.4552528647525544e-01] | float rel = 1.83306e+00
| >     momentum space  : k = [[-2.5923335064264300e+01, 6.5631404491694042e+01, 4.4592524277177773e+01]; [-1.4841504911254179e+02, 7.8414345192107874e+01, -2.4172211541858793e+01]]
| > Example large-weight higher-precision-retried xs = [6.2315394262952850e-03 8.7335248832704826e-02 4.3698273950411237e-01 1.7075337559625559e-01 2.3328011702598017e-02 8.1591186955703054e-01] | compiled = 1.29744e+03 | higher precision = -1.91195e+00
| >     momentum space  : k = [[2.0981863278860531e+00, 1.2827845393213939e+00, 1.6464272205621262e+02]; [4.4540392286650942e+01, 6.5756311498899862e+00, -6.8970990633645286e+01]]
| > [92mCentral value[0m : +1.6532671755463856e-08   +/- 1.39e-08     ([91m84.241%[0m)
[92mINFO[0m [94msymbolica_integrator l.7274[0m [96mt=2026-09-09,09:25:13.756[0m > | > Graph-channel Symbolica observer estimates:
| >   graph_0     : -2.0347352954964939e-08 +/- 2.78e-09 [15449 selected]
| >   graph_1     : 2.5162634865898659e-10 +/- 7.23e-11 [15347 selected]
| >   graph_2     : -1.2955401176019073e-08 +/- 7.51e-10 [15244 selected]
| >   graph_3     : 1.3000662270703263e-10 +/- 1.00e-11 [15463 selected]
| >   graph_4     : -6.5223163098419216e-10 +/- 9.43e-11 [15574 selected]
| >   graph_5     : -3.6927083246914833e-11 +/- 1.25e-11 [15322 selected]
| >   graph_6     : -6.7234297047212060e-11 +/- 1.30e-11 [15474 selected]
| >   graph_7     : 8.1874238693393998e-11 +/- 1.70e-11 [15212 selected]
| >   graph_8     : -1.0128995081284743e-09 +/- 2.62e-10 [15405 selected]
| >   graph_9     : 8.6648256724671027e-10 +/- 3.11e-10 [15193 selected]
| >   graph_10    : -8.5474950553156398e-10 +/- 2.13e-09 [15444 selected]
| >   graph_11    : -8.6307019031291590e-27 +/- 3.52e-27 [15309 selected]
| >   graph_12    : -5.7108354639246605e-10 +/- 1.66e-10 [15385 selected]
| >   graph_13    : -1.1802015428788319e-08 +/- 1.53e-09 [15331 selected]
| >   graph_14    : 9.9415219927500435e-11 +/- 8.56e-12 [15122 selected]
| >   graph_15    : 3.1824759567259646e-25 +/- 1.10e-24 [15381 selected]
| >   graph_16    : 3.7828261176788985e-09 +/- 1.18e-10 [15338 selected]
| >   graph_17    : -3.1626366998130775e-10 +/- 2.76e-11 [15299 selected]
| >   graph_18    : 1.0932263834963518e-08 +/- 1.46e-09 [15538 selected]
| >   graph_19    : 1.0250836654817496e-09 +/- 4.11e-11 [15308 selected]
| >   graph_20    : -7.6057619821522155e-10 +/- 2.91e-11 [15356 selected]
| >   graph_21    : -1.4511466658384688e-09 +/- 2.97e-10 [15335 selected]
| >   graph_22    : -5.7571486812531844e-10 +/- 1.00e-10 [15811 selected]
| >   graph_23    : -2.3874001197272261e-10 +/- 3.11e-11 [15500 selected]
| >   graph_24    : 5.2901866223087450e-10 +/- 1.74e-10 [15643 selected]
| >   graph_25    : 5.0265510099394321e-10 +/- 7.89e-11 [15325 selected]
| >   graph_26    : -2.1299429863390556e-10 +/- 1.65e-11 [15193 selected]
| >   graph_27    : -2.8650312377521246e-11 +/- 2.16e-12 [15618 selected]
| >   graph_28    : -1.1548345889802400e-09 +/- 6.94e-11 [15143 selected]
| >   graph_29    : 6.7407886030421731e-08 +/- 4.46e-09 [15145 selected]
| >   graph_30    : -2.9694413423471517e-09 +/- 2.12e-09 [15567 selected]
| >   graph_31    : 3.9650588148288898e-11 +/- 3.85e-12 [15378 selected]
| >   graph_32    : 1.0342557428218086e-10 +/- 7.78e-11 [15566 selected]
| >   graph_33    : -2.5071456668414877e-09 +/- 6.23e-10 [15210 selected]
| >   graph_34    : -6.7465580766521390e-26 +/- 2.13e-25 [15570 selected]
| >   graph_35    : 2.6292698088472862e-08 +/- 3.37e-09 [15316 selected]
| >   graph_36    : -3.1810772608266489e-09 +/- 3.68e-10 [15334 selected]
| >   graph_37    : 1.6378765713566676e-08 +/- 1.44e-09 [15319 selected]
| >   graph_38    : 3.9183457945064915e-10 +/- 2.61e-11 [15141 selected]
| >   graph_39    : -7.4552126857391825e-09 +/- 6.63e-10 [15319 selected]
| >   graph_40    : 5.4358976158292689e-10 +/- 7.92e-09 [15503 selected]
| >   graph_41    : 1.5615543121812437e-09 +/- 5.45e-10 [15508 selected]
| >   graph_42    : 3.8278858542145667e-09 +/- 4.37e-09 [15544 selected]
| >   graph_43    : 2.7341725121921652e-09 +/- 3.74e-10 [15324 selected]
| >   graph_44    : 5.0959575169370966e-10 +/- 1.64e-10 [15353 selected]
| >   graph_45    : 2.3682333601939840e-10 +/- 1.73e-11 [15477 selected]
| >   graph_46    : -5.6986482605402369e-11 +/- 6.00e-12 [15323 selected]
| >   graph_47    : -6.2494419562476824e-09 +/- 1.40e-09 [15297 selected]
| >   graph_48    : -7.4963382752177076e-11 +/- 4.06e-11 [15589 selected]
| >   graph_49    : -3.5365288224143042e-08 +/- 1.98e-09 [15626 selected]
| >   graph_50    : 7.3412039971366974e-10 +/- 1.39e-10 [15439 selected]
| >   graph_51    : 5.4922762714782773e-09 +/- 1.85e-10 [15287 selected]
| >   graph_52    : 2.4932016675557038e-10 +/- 4.41e-11 [15363 selected]
| >   graph_53    : -1.2477831370183745e-09 +/- 3.97e-10 [15053 selected]
| >   graph_54    : -1.1000076485758250e-08 +/- 6.37e-09 [15362 selected]
| >   graph_55    : 7.1548738804444860e-10 +/- 3.29e-10 [15569 selected]
| >   graph_56    : -4.2146210121738991e-09 +/- 1.35e-10 [15373 selected]
| >   graph_57    : -1.4615750512460594e-08 +/- 1.75e-09 [15174 selected]
| >   graph_58    : 4.5326180396076371e-11 +/- 2.02e-11 [15309 selected]
| >   graph_59    : 2.9300877626151723e-11 +/- 2.01e-11 [15322 selected]
| >   graph_60    : -9.8961776301788424e-11 +/- 1.91e-11 [15517 selected]
| >   graph_61    : 1.3604451801736122e-08 +/- 2.32e-09 [15538 selected]
| >   graph_62    : -5.5377578783472055e-24 +/- 2.95e-24 [15412 selected]
| >   graph_63    : -1.3026911110178292e-09 +/- 8.98e-11 [15343 selected]
| >   graph_64    : 8.1151097036536134e-10 +/- 3.07e-11 [15468 selected]
| >   sum         : 1.6532671755463310e-08
| >   total       : 1.6532671755463856e-08
| >   difference  : -5.4593920428499827e-22
[92mINFO[0m [94msymbolica_integrator l.7237[0m [96mt=2026-09-09,09:25:13.756[0m > Symbolica integration: starting iteration [92m2/100[0m using [94m1000000[0m points ...
[92mINFO[0m [94msymbolica_integrator l.7270[0m [96mt=2026-09-09,09:27:58.770[0m > ... result after this iteration:
| > Integration result after [92m2000000[0m evaluations in [92m8673.73 CPU-s[0m [94m(4336.9 µs / eval)[0m
| > Extremal weights:
| >   with jacobian    : -7.98155e+03 at xs = [1.4718266436964483e-01 5.8399998897414362e-01 7.8795074142212340e-01 1.4681195926736360e-01 5.8605242519329193e-01 7.8361680028109515e-01] | jacobian = 1.03281e+15
| >     momentum space  : k = [[-3.6856256176358862e+01, -2.1485310400171294e+01, -5.4273733639997189e+01]; [-3.7096437805173807e+01, -2.2271175488229275e+01, -5.3529374008078292e+01]]
| >   without jacobian : 3.66222e-04 at xs = [1.0870302729071941e-01 5.5987783670621305e-01 5.2584913992150262e-01 6.8096433174701923e-07 1.5419547984387746e-01 5.5547626382005677e-01] | jacobian = 1.36019e+04
| >     momentum space  : k = [[-4.5222649810971262e+01, -1.7864772745380915e+01, -3.9572886286230129e+00]; [1.5190384905088865e-04, 2.2110721475789187e-04, -4.7232495703910453e-05]]
| >   before clipping   : -7.98155e+03 at xs = [1.4718266436964483e-01 5.8399998897414362e-01 7.8795074142212340e-01 1.4681195926736360e-01 5.8605242519329193e-01 7.8361680028109515e-01]
| >     momentum space  : k = [[-3.6856256176358862e+01, -2.1485310400171294e+01, -5.4273733639997189e+01]; [-3.7096437805173807e+01, -2.2271175488229275e+01, -5.3529374008078292e+01]]
| > Stability pipeline: float pairs accepted = 2613071, HP pairs attempted/accepted = 8416/8416
| > Stability triggers: float mismatch = 8292, float non-finite/error = 1
| > Higher-precision rejections: disagreement = 0, non-finite = 0, error = 0
| > Soft-mirror stability: pairs = 627035, large-side triggers = 122, HP orbits attempted/salvaged/failed = 5548/5548/0
| > Soft-mirror extrema: raw original = 9.36709e+05, post-average = -1.54271e+03
| > Strongest soft-mirror cancellation: residual/raw = 0.00000e+00
| > Unstable rotational-check points rejected = 0
| > Rotational-check high-precision retries = 8293
| > Rotational-check high-precision salvaged = 8293
| > Large-weight high-precision retries = 123
| > Large-weight high-precision salvaged = 123
| > Large-weight high-precision rejected = 0
| > Large-weight samples zeroed = 0 (0.000e+00 of samples; removed signed/absolute sums = 0.00000e+00/0.00000e+00)
| > Non-finite final outputs zeroed = 0
| > Non-finite float rotated evaluations seen = 0
| > Example higher-precision-retried xs = [1.7265545145750016e-01 3.0987003362503329e-01 3.2061093419506459e-01 2.9773816827716681e-01 4.2264025488893087e-01 5.4552528647525544e-01] | float rel = 1.83306e+00
| >     momentum space  : k = [[-2.5923335064264300e+01, 6.5631404491694042e+01, 4.4592524277177773e+01]; [-1.4841504911254179e+02, 7.8414345192107874e+01, -2.4172211541858793e+01]]
| > Example large-weight higher-precision-retried xs = [6.2315394262952850e-03 8.7335248832704826e-02 4.3698273950411237e-01 1.7075337559625559e-01 2.3328011702598017e-02 8.1591186955703054e-01] | compiled = 1.29744e+03 | higher precision = -1.91195e+00
| >     momentum space  : k = [[2.0981863278860531e+00, 1.2827845393213939e+00, 1.6464272205621262e+02]; [4.4540392286650942e+01, 6.5756311498899862e+00, -6.8970990633645286e+01]]
| > [92mCentral value[0m : +2.3755354453543868e-08   +/- 7.22e-09     ([91m30.402%[0m)
[92mINFO[0m [94msymbolica_integrator l.7274[0m [96mt=2026-09-09,09:27:58.771[0m > | > Graph-channel Symbolica observer estimates:
| >   graph_0     : -2.1217578326921283e-08 +/- 1.43e-09 [51821 selected]
| >   graph_1     : 3.6189172674015801e-10 +/- 4.62e-11 [1496 selected]
| >   graph_2     : -1.2869821818673761e-08 +/- 4.12e-10 [13890 selected]
| >   graph_3     : 1.2808662801910225e-10 +/- 8.58e-12 [1440 selected]
| >   graph_4     : -5.2762882729515282e-10 +/- 8.95e-11 [1680 selected]
| >   graph_5     : -4.1877532302181937e-11 +/- 9.91e-12 [1373 selected]
| >   graph_6     : -4.6771425244192524e-11 +/- 1.05e-11 [1427 selected]
| >   graph_7     : 6.2769031748052628e-11 +/- 1.42e-11 [1393 selected]
| >   graph_8     : -9.8783090224858313e-10 +/- 1.40e-10 [4911 selected]
| >   graph_9     : 1.0323042581894139e-09 +/- 1.63e-10 [5734 selected]
| >   graph_10    : -1.9139819147812728e-09 +/- 1.08e-09 [39687 selected]
| >   graph_11    : -5.3998324150241102e-27 +/- 2.35e-27 [1468 selected]
| >   graph_12    : -5.7199156119793985e-10 +/- 9.22e-11 [3176 selected]
| >   graph_13    : -1.2190491126357235e-08 +/- 8.02e-10 [28741 selected]
| >   graph_14    : 1.0779427802528414e-10 +/- 5.17e-12 [1510 selected]
| >   graph_15    : 9.9084018234182179e-26 +/- 9.40e-25 [1494 selected]
| >   graph_16    : 3.9132068846164554e-09 +/- 8.93e-11 [2222 selected]
| >   graph_17    : -3.3123138324045968e-10 +/- 1.63e-11 [1491 selected]
| >   graph_18    : 1.1310805554829024e-08 +/- 7.51e-10 [26901 selected]
| >   graph_19    : 1.0102525021172958e-09 +/- 3.56e-11 [1423 selected]
| >   graph_20    : -8.0029718308038800e-10 +/- 2.57e-11 [1560 selected]
| >   graph_21    : -1.1928138830780464e-09 +/- 1.57e-10 [5612 selected]
| >   graph_22    : -3.9619577446544976e-10 +/- 1.21e-10 [1855 selected]
| >   graph_23    : -2.3136629488312570e-10 +/- 2.60e-11 [1497 selected]
| >   graph_24    : 5.9002094498475958e-10 +/- 1.23e-10 [3241 selected]
| >   graph_25    : 4.4784060329097561e-10 +/- 8.30e-11 [1478 selected]
| >   graph_26    : -2.1318332352331852e-10 +/- 9.84e-12 [1416 selected]
| >   graph_27    : -2.7606502537473375e-11 +/- 1.25e-12 [1494 selected]
| >   graph_28    : -1.0812329036564054e-09 +/- 5.88e-11 [1455 selected]
| >   graph_29    : 6.6709813527218998e-08 +/- 2.26e-09 [82693 selected]
| >   graph_30    : -5.7485286063384695e-10 +/- 1.58e-09 [39101 selected]
| >   graph_31    : 4.3130222945291409e-11 +/- 3.19e-12 [1415 selected]
| >   graph_32    : 1.9208751542544081e-11 +/- 6.65e-11 [1459 selected]
| >   graph_33    : -1.9239394006109416e-09 +/- 3.83e-10 [11583 selected]
| >   graph_34    : 2.0320362331155767e-25 +/- 2.10e-25 [1496 selected]
| >   graph_35    : 2.6338810087902344e-08 +/- 1.81e-09 [62678 selected]
| >   graph_36    : -3.0504187292393973e-09 +/- 2.16e-10 [6865 selected]
| >   graph_37    : 1.6404873884123782e-08 +/- 7.63e-10 [26584 selected]
| >   graph_38    : 3.8629795540023350e-10 +/- 2.40e-11 [1440 selected]
| >   graph_39    : -7.4638801472489748e-09 +/- 3.74e-10 [12302 selected]
| >   graph_40    : -9.5962171931218159e-10 +/- 4.04e-09 [145788 selected]
| >   graph_41    : 1.5892573016192980e-09 +/- 2.81e-10 [9968 selected]
| >   graph_42    : 3.6143780274038868e-09 +/- 2.20e-09 [80508 selected]
| >   graph_43    : 2.9999545125215701e-09 +/- 2.23e-10 [6865 selected]
| >   graph_44    : 4.1935388631448113e-10 +/- 9.06e-11 [3033 selected]
| >   graph_45    : 2.2817105759870442e-10 +/- 1.02e-11 [1446 selected]
| >   graph_46    : -5.8101663291478345e-11 +/- 3.81e-12 [1428 selected]
| >   graph_47    : -6.2543612140636680e-09 +/- 8.17e-10 [26195 selected]
| >   graph_48    : -1.0256033444306481e-10 +/- 2.47e-11 [1387 selected]
| >   graph_49    : -3.4584552255434926e-08 +/- 1.02e-09 [36071 selected]
| >   graph_50    : 8.1936590194121575e-10 +/- 9.93e-11 [2587 selected]
| >   graph_51    : 5.7634552108898481e-09 +/- 1.30e-10 [3340 selected]
| >   graph_52    : 2.4099621847463140e-10 +/- 4.30e-11 [1462 selected]
| >   graph_53    : -9.9163032192479262e-10 +/- 2.09e-10 [7519 selected]
| >   graph_54    : -6.6827342152553469e-09 +/- 3.19e-09 [118783 selected]
| >   graph_55    : 8.9728728264700328e-10 +/- 1.74e-10 [5950 selected]
| >   graph_56    : -4.3390786638858365e-09 +/- 9.81e-11 [2474 selected]
| >   graph_57    : -1.3533123397828461e-08 +/- 9.01e-10 [32778 selected]
| >   graph_58    : 6.4412709071295932e-11 +/- 1.68e-11 [1451 selected]
| >   graph_59    : 3.2545269439251145e-11 +/- 1.64e-11 [1486 selected]
| >   graph_60    : -8.5740355332114409e-11 +/- 1.67e-11 [1521 selected]
| >   graph_61    : 1.3805763913017466e-08 +/- 1.19e-09 [42812 selected]
| >   graph_62    : -5.0132367898194544e-24 +/- 1.89e-24 [1560 selected]
| >   graph_63    : -1.1848392905976173e-09 +/- 6.89e-11 [1656 selected]
| >   graph_64    : 8.4464157350011949e-10 +/- 2.70e-11 [1430 selected]
| >   sum         : 2.3755354453543564e-08
| >   total       : 2.3755354453543868e-08
| >   difference  : -3.0440246541951418e-22
[92mINFO[0m [94msymbolica_integrator l.7237[0m [96mt=2026-09-09,09:27:58.771[0m > Symbolica integration: starting iteration [92m3/100[0m using [94m1000000[0m points ...
[92mINFO[0m [94msymbolica_integrator l.7270[0m [96mt=2026-09-09,09:32:03.282[0m > ... result after this iteration:
| > Integration result after [92m3000000[0m evaluations in [92m15898.87 CPU-s[0m [94m(5299.6 µs / eval)[0m
| > Extremal weights:
| >   with jacobian    : 1.62987e+04 at xs = [3.1960086663797333e-05 1.7061475294721112e-02 5.0333526756661373e-01 1.7880772192861930e-01 6.2018992587299770e-01 5.8878347391282626e-01] | jacobian = 1.10190e+08
| >     momentum space  : k = [[1.2710356863652583e-02, 1.3677990463462216e-03, 1.7357803479879738e+02]; [-6.0968545393094658e+01, -5.7390344035428427e+01, -2.3979359909929439e+01]]
| >   without jacobian : 4.26298e-04 at xs = [9.1222237300433065e-08 4.6953089969346712e-01 8.3454185748577980e-01 2.1977510063247990e-01 3.6894839107752109e-01 2.5089451741121671e-01] | jacobian = 6.09680e+02
| >     momentum space  : k = [[-1.7793222074835172e-05, 3.4486223322754174e-06, 2.2454961225701243e+02]; [-5.4306014277369094e+01, 5.8601198316261268e+01, 7.9447416755734537e+01]]
| >   before clipping   : 1.62987e+04 at xs = [3.1960086663797333e-05 1.7061475294721112e-02 5.0333526756661373e-01 1.7880772192861930e-01 6.2018992587299770e-01 5.8878347391282626e-01]
| >     momentum space  : k = [[1.2710356863652583e-02, 1.3677990463462216e-03, 1.7357803479879738e+02]; [-6.0968545393094658e+01, -5.7390344035428427e+01, -2.3979359909929439e+01]]
| > Stability pipeline: float pairs accepted = 4047167, HP pairs attempted/accepted = 18505/18505
| > Stability triggers: float mismatch = 17653, float non-finite/error = 1
| > Higher-precision rejections: disagreement = 0, non-finite = 0, error = 0
| > Soft-mirror stability: pairs = 1079463, large-side triggers = 842, HP orbits attempted/salvaged/failed = 13791/13791/0
| > Soft-mirror extrema: raw original = 9.36709e+05, post-average = 1.62987e+04
| > Strongest soft-mirror cancellation: residual/raw = 0.00000e+00
| > Unstable rotational-check points rejected = 0
| > Rotational-check high-precision retries = 17654
| > Rotational-check high-precision salvaged = 17654
| > Large-weight high-precision retries = 851
| > Large-weight high-precision salvaged = 851
| > Large-weight high-precision rejected = 0
| > Large-weight samples zeroed = 0 (0.000e+00 of samples; removed signed/absolute sums = 0.00000e+00/0.00000e+00)
| > Non-finite final outputs zeroed = 0
| > Non-finite float rotated evaluations seen = 0
| > Example higher-precision-retried xs = [1.7265545145750016e-01 3.0987003362503329e-01 3.2061093419506459e-01 2.9773816827716681e-01 4.2264025488893087e-01 5.4552528647525544e-01] | float rel = 1.83306e+00
| >     momentum space  : k = [[-2.5923335064264300e+01, 6.5631404491694042e+01, 4.4592524277177773e+01]; [-1.4841504911254179e+02, 7.8414345192107874e+01, -2.4172211541858793e+01]]
| > Example large-weight higher-precision-retried xs = [6.2315394262952850e-03 8.7335248832704826e-02 4.3698273950411237e-01 1.7075337559625559e-01 2.3328011702598017e-02 8.1591186955703054e-01] | compiled = 1.29744e+03 | higher precision = -1.91195e+00
| >     momentum space  : k = [[2.0981863278860531e+00, 1.2827845393213939e+00, 1.6464272205621262e+02]; [4.4540392286650942e+01, 6.5756311498899862e+00, -6.8970990633645286e+01]]
| > [92mCentral value[0m : +2.7001049135913474e-08   +/- 4.94e-09     ([91m18.311%[0m)
[92mINFO[0m [94msymbolica_integrator l.7274[0m [96mt=2026-09-09,09:32:03.284[0m > | > Graph-channel Symbolica observer estimates:
| >   graph_0     : -2.0918868362894975e-08 +/- 9.76e-10 [47342 selected]
| >   graph_1     : 3.1732837556463067e-10 +/- 4.31e-11 [1953 selected]
| >   graph_2     : -1.2677083872458398e-08 +/- 2.89e-10 [15970 selected]
| >   graph_3     : 1.2487810244828574e-10 +/- 6.74e-12 [1538 selected]
| >   graph_4     : -5.8889471457326790e-10 +/- 6.97e-11 [2519 selected]
| >   graph_5     : -3.7737168410515298e-11 +/- 7.93e-12 [1490 selected]
| >   graph_6     : -4.1259661152429037e-11 +/- 8.45e-12 [1425 selected]
| >   graph_7     : 7.1882698135044869e-11 +/- 1.16e-11 [1506 selected]
| >   graph_8     : -9.8541813774745451e-10 +/- 9.57e-11 [6327 selected]
| >   graph_9     : 1.0225719646337080e-09 +/- 1.11e-10 [7432 selected]
| >   graph_10    : -2.1481352108297221e-09 +/- 7.27e-10 [33402 selected]
| >   graph_11    : -2.9671675593201457e-27 +/- 1.74e-27 [1459 selected]
| >   graph_12    : -5.7947038062341315e-10 +/- 6.37e-11 [4144 selected]
| >   graph_13    : -1.2092670081288338e-08 +/- 5.55e-10 [28532 selected]
| >   graph_14    : 1.0623693080918629e-10 +/- 3.69e-12 [1388 selected]
| >   graph_15    : 5.4488548098587098e-25 +/- 7.37e-25 [1416 selected]
| >   graph_16    : 3.9140354617716603e-09 +/- 6.70e-11 [2947 selected]
| >   graph_17    : -3.4241348804663386e-10 +/- 1.17e-11 [1477 selected]
| >   graph_18    : 1.1531022658920543e-08 +/- 5.08e-10 [26110 selected]
| >   graph_19    : 1.0414654131222333e-09 +/- 2.92e-11 [1541 selected]
| >   graph_20    : -7.8373122755396038e-10 +/- 2.05e-11 [1466 selected]
| >   graph_21    : -1.1067834406331137e-09 +/- 1.07e-10 [7072 selected]
| >   graph_22    : -3.5080296771519564e-10 +/- 1.03e-10 [2618 selected]
| >   graph_23    : -2.6531648846285301e-10 +/- 2.37e-11 [1538 selected]
| >   graph_24    : 5.6235676891645264e-10 +/- 9.22e-11 [4580 selected]
| >   graph_25    : 4.7243276880630344e-10 +/- 6.50e-11 [2114 selected]
| >   graph_26    : -2.0823312276572173e-10 +/- 7.02e-12 [1414 selected]
| >   graph_27    : -2.7469428485006643e-11 +/- 8.99e-13 [1479 selected]
| >   graph_28    : -1.0930177167302907e-09 +/- 4.61e-11 [1816 selected]
| >   graph_29    : 6.7148788741600242e-08 +/- 1.52e-09 [64784 selected]
| >   graph_30    : -8.8608930150635615e-10 +/- 1.06e-09 [92187 selected]
| >   graph_31    : 4.2620845223133121e-11 +/- 2.49e-12 [1475 selected]
| >   graph_32    : -5.5286593351388756e-12 +/- 4.97e-11 [2017 selected]
| >   graph_33    : -1.8454932650714427e-09 +/- 2.60e-10 [14670 selected]
| >   graph_34    : 1.9808690416295288e-25 +/- 1.70e-25 [1473 selected]
| >   graph_35    : 2.6567034253704000e-08 +/- 1.34e-09 [78488 selected]
| >   graph_36    : -2.9525021609971836e-09 +/- 1.53e-10 [8551 selected]
| >   graph_37    : 1.6234141711116019e-08 +/- 5.27e-10 [27721 selected]
| >   graph_38    : 3.9645988998705371e-10 +/- 1.95e-11 [1440 selected]
| >   graph_39    : -7.5006172286286838e-09 +/- 2.66e-10 [14610 selected]
| >   graph_40    : -6.5892138170196648e-10 +/- 2.80e-09 [148071 selected]
| >   graph_41    : 1.6132886687769005e-09 +/- 1.90e-10 [11799 selected]
| >   graph_42    : 3.9865056729698816e-09 +/- 1.48e-09 [58904 selected]
| >   graph_43    : 3.0258313543835685e-09 +/- 1.60e-10 [8833 selected]
| >   graph_44    : 4.4602153486480905e-10 +/- 6.29e-11 [4203 selected]
| >   graph_45    : 2.3009540694796613e-10 +/- 7.38e-12 [1487 selected]
| >   graph_46    : -5.9416524698321690e-11 +/- 2.83e-12 [1498 selected]
| >   graph_47    : -6.2879284503420683e-09 +/- 6.02e-10 [33533 selected]
| >   graph_48    : -1.0036061311258196e-10 +/- 1.78e-11 [1403 selected]
| >   graph_49    : -3.4566169552511589e-08 +/- 7.00e-10 [34127 selected]
| >   graph_50    : 8.3938814198289195e-10 +/- 7.68e-11 [3515 selected]
| >   graph_51    : 5.7908687276019796e-09 +/- 9.69e-11 [4565 selected]
| >   graph_52    : 2.4926748952697500e-10 +/- 3.44e-11 [1528 selected]
| >   graph_53    : -9.3556705255928068e-10 +/- 1.42e-10 [8905 selected]
| >   graph_54    : -5.2534907681362576e-09 +/- 2.13e-09 [66494 selected]
| >   graph_55    : 9.5694752872231495e-10 +/- 1.19e-10 [7552 selected]
| >   graph_56    : -4.3420026102388880e-09 +/- 7.28e-11 [3392 selected]
| >   graph_57    : -1.3300535578831166e-08 +/- 6.08e-10 [30463 selected]
| >   graph_58    : 5.5207190622746365e-11 +/- 1.34e-11 [1479 selected]
| >   graph_59    : 3.8753763561891812e-11 +/- 1.31e-11 [1502 selected]
| >   graph_60    : -7.7163137167481536e-11 +/- 1.32e-11 [1433 selected]
| >   graph_61    : 1.3544061532932309e-08 +/- 8.02e-10 [38537 selected]
| >   graph_62    : -3.4973419174599869e-24 +/- 1.30e-24 [1480 selected]
| >   graph_63    : -1.1659774347400676e-09 +/- 5.30e-11 [2383 selected]
| >   graph_64    : 8.5662472821066840e-10 +/- 2.19e-11 [1483 selected]
| >   sum         : 2.7001049135913633e-08
| >   total       : 2.7001049135913474e-08
| >   difference  : 1.5881867761018131e-22
[92mINFO[0m [94msymbolica_integrator l.7237[0m [96mt=2026-09-09,09:32:03.284[0m > Symbolica integration: starting iteration [92m4/100[0m using [94m1000000[0m points ...
[92mINFO[0m [94msymbolica_integrator l.7270[0m [96mt=2026-09-09,09:36:35.767[0m > ... result after this iteration:
| > Integration result after [92m4000000[0m evaluations in [92m27735.59 CPU-s[0m [94m(6933.9 µs / eval)[0m
| > Extremal weights:
| >   with jacobian    : 2.19518e+04 at xs = [2.1165733912611793e-05 7.3874885913501487e-01 5.0263882632952250e-01 1.3557310724527596e-01 9.9192052688875754e-01 5.1263039443852176e-01] | jacobian = 2.35180e+07
| >     momentum space  : k = [[-5.9800144143392416e-04, -8.4450357661909874e-03, 1.2502553613492491e+02]; [6.2604196672490104e+01, -3.1808240665583378e+00, -2.4886171412873486e+00]]
| >   without jacobian : 3.72699e-03 at xs = [2.2150680014705277e-07 6.3774702225579995e-03 3.5802213635471292e-01 1.6925208681014720e-01 2.3643785545538704e-01 7.7778870764174435e-01] | jacobian = 2.73099e+03
| >     momentum space  : k = [[7.9870033254397153e-05, 3.2021723630720603e-06, 1.6241216821764232e+02]; [4.4581739043605078e+00, 5.2191021575622223e+01, -6.2429699359812645e+01]]
| >   before clipping   : -2.76818e+05 at xs = [8.4075123163621443e-05 3.8692870116359696e-01 5.0293528613817728e-01 2.6022610679576530e-01 3.8073203498489072e-01 8.4796644995205228e-01]
| >     momentum space  : k = [[-2.5494985227163817e-02, 2.1933534905603461e-02, 2.8041747353344226e+02]; [-4.7351891014659188e+01, 4.4058289158566417e+01, -1.2495909134858086e+02]]
| > Stability pipeline: float pairs accepted = 5498428, HP pairs attempted/accepted = 41090/41090
| > Stability triggers: float mismatch = 37889, float non-finite/error = 1
| > HP precision escalations: attempted/accepted = 3/3
| > Higher-precision rejections: disagreement = 0, non-finite = 0, error = 0
| > Soft-mirror stability: pairs = 1573600, large-side triggers = 3186, HP orbits attempted/salvaged/failed = 34082/34082/0
| > Soft-mirror extrema: raw mirror = -3.54024e+07, post-average = -2.76818e+05
| > Strongest soft-mirror cancellation: residual/raw = 0.00000e+00
| > Unstable rotational-check points rejected = 0
| > Rotational-check high-precision retries = 37890
| > Rotational-check high-precision salvaged = 37890
| > Large-weight high-precision retries = 3200
| > Large-weight high-precision salvaged = 3200
| > Large-weight high-precision rejected = 0
| > Large-weight samples zeroed = 1 (2.500e-07 of samples; removed signed/absolute sums = -2.76818e+05/2.76818e+05)
| > Non-finite final outputs zeroed = 0
| > Non-finite float rotated evaluations seen = 0
| > Example higher-precision-retried xs = [1.7265545145750016e-01 3.0987003362503329e-01 3.2061093419506459e-01 2.9773816827716681e-01 4.2264025488893087e-01 5.4552528647525544e-01] | float rel = 1.83306e+00
| >     momentum space  : k = [[-2.5923335064264300e+01, 6.5631404491694042e+01, 4.4592524277177773e+01]; [-1.4841504911254179e+02, 7.8414345192107874e+01, -2.4172211541858793e+01]]
| > Example large-weight higher-precision-retried xs = [6.2315394262952850e-03 8.7335248832704826e-02 4.3698273950411237e-01 1.7075337559625559e-01 2.3328011702598017e-02 8.1591186955703054e-01] | compiled = 1.29744e+03 | higher precision = -1.91195e+00
| >     momentum space  : k = [[2.0981863278860531e+00, 1.2827845393213939e+00, 1.6464272205621262e+02]; [4.4540392286650942e+01, 6.5756311498899862e+00, -6.8970990633645286e+01]]
| > [92mCentral value[0m : +2.7770002075690024e-08   +/- 3.76e-09     ([91m13.543%[0m)
[92mINFO[0m [94msymbolica_integrator l.7274[0m [96mt=2026-09-09,09:36:35.768[0m > | > Graph-channel Symbolica observer estimates:
| >   graph_0     : -2.0840310648863531e-08 +/- 7.47e-10 [44034 selected]
| >   graph_1     : 2.9380121936366651e-10 +/- 4.54e-11 [1956 selected]
| >   graph_2     : -1.2646094192727630e-08 +/- 2.25e-10 [14665 selected]
| >   graph_3     : 1.2423620468602631e-10 +/- 5.53e-12 [1917 selected]
| >   graph_4     : -6.4500072201300063e-10 +/- 5.70e-11 [2631 selected]
| >   graph_5     : -3.5905791239530595e-11 +/- 6.59e-12 [1894 selected]
| >   graph_6     : -3.9636191987329503e-11 +/- 6.98e-12 [1872 selected]
| >   graph_7     : 7.0210973323837444e-11 +/- 9.58e-12 [1852 selected]
| >   graph_8     : -9.8410506195414838e-10 +/- 7.32e-11 [5973 selected]
| >   graph_9     : 1.0249133622655884e-09 +/- 8.45e-11 [6950 selected]
| >   graph_10    : -2.3110411363230585e-09 +/- 5.53e-10 [30418 selected]
| >   graph_11    : -2.2490288070138800e-27 +/- 1.39e-27 [1900 selected]
| >   graph_12    : -5.8235338306163597e-10 +/- 4.92e-11 [4225 selected]
| >   graph_13    : -1.1942794524491195e-08 +/- 4.27e-10 [26700 selected]
| >   graph_14    : 1.0756652940309248e-10 +/- 2.88e-12 [1871 selected]
| >   graph_15    : 7.3441696197692041e-25 +/- 7.03e-25 [1904 selected]
| >   graph_16    : 3.8967937313732853e-09 +/- 5.46e-11 [2940 selected]
| >   graph_17    : -3.4673247545442802e-10 +/- 9.16e-12 [1861 selected]
| >   graph_18    : 1.1591601188003233e-08 +/- 3.85e-10 [23162 selected]
| >   graph_19    : 1.0484241286996661e-09 +/- 2.43e-11 [1895 selected]
| >   graph_20    : -7.8473710637005372e-10 +/- 1.69e-11 [1857 selected]
| >   graph_21    : -1.0410286597241130e-09 +/- 8.18e-11 [6820 selected]
| >   graph_22    : -4.1608283128099027e-10 +/- 8.16e-11 [2781 selected]
| >   graph_23    : -2.7763436916450015e-10 +/- 1.99e-11 [1931 selected]
| >   graph_24    : 5.6426567262227070e-10 +/- 7.54e-11 [4561 selected]
| >   graph_25    : 4.0869648102353228e-10 +/- 5.34e-11 [2169 selected]
| >   graph_26    : -2.0902222571340720e-10 +/- 5.49e-12 [1839 selected]
| >   graph_27    : -2.7842070317913993e-11 +/- 7.04e-13 [1926 selected]
| >   graph_28    : -1.1099726299075448e-09 +/- 3.83e-11 [1958 selected]
| >   graph_29    : 6.7457559533664886e-08 +/- 1.16e-09 [59869 selected]
| >   graph_30    : -1.0344676532326007e-09 +/- 8.24e-10 [64452 selected]
| >   graph_31    : 4.2147243208643252e-11 +/- 2.04e-12 [1867 selected]
| >   graph_32    : 1.4245257410066063e-11 +/- 4.26e-11 [2125 selected]
| >   graph_33    : -1.8378421358449334e-09 +/- 1.97e-10 [13259 selected]
| >   graph_34    : 1.9997253052340828e-25 +/- 1.35e-25 [1801 selected]
| >   graph_35    : 2.6069219938771519e-08 +/- 1.02e-09 [101589 selected]
| >   graph_36    : -2.9762920585877433e-09 +/- 1.21e-10 [8392 selected]
| >   graph_37    : 1.6208105341445693e-08 +/- 4.09e-10 [25610 selected]
| >   graph_38    : 3.9524615974508383e-10 +/- 1.62e-11 [1857 selected]
| >   graph_39    : -7.4989989729082215e-09 +/- 2.10e-10 [13852 selected]
| >   graph_40    : -7.5879807967682564e-10 +/- 2.11e-09 [186641 selected]
| >   graph_41    : 1.5989653448092933e-09 +/- 1.44e-10 [10704 selected]
| >   graph_42    : 4.2833948418987754e-09 +/- 1.11e-09 [52738 selected]
| >   graph_43    : 2.9799538562004654e-09 +/- 1.27e-10 [8381 selected]
| >   graph_44    : 4.3899077156590126e-10 +/- 4.86e-11 [4196 selected]
| >   graph_45    : 2.3584517866913081e-10 +/- 5.83e-12 [1915 selected]
| >   graph_46    : -6.0329293702947015e-11 +/- 2.24e-12 [1919 selected]
| >   graph_47    : -5.9848648439633412e-09 +/- 5.77e-10 [35406 selected]
| >   graph_48    : -1.0203125538691861e-10 +/- 1.39e-11 [1892 selected]
| >   graph_49    : -3.4586352654612965e-08 +/- 5.35e-10 [31171 selected]
| >   graph_50    : 9.0112920341966756e-10 +/- 6.66e-11 [3612 selected]
| >   graph_51    : 5.7762037659062608e-09 +/- 7.88e-11 [4460 selected]
| >   graph_52    : 2.3691902209697572e-10 +/- 2.82e-11 [1865 selected]
| >   graph_53    : -8.8423146404052588e-10 +/- 1.09e-10 [8429 selected]
| >   graph_54    : -4.6496267902663271e-09 +/- 1.60e-09 [61516 selected]
| >   graph_55    : 9.9341818451935032e-10 +/- 9.07e-11 [7152 selected]
| >   graph_56    : -4.3008387734973448e-09 +/- 5.88e-11 [3371 selected]
| >   graph_57    : -1.3167524627481226e-08 +/- 4.61e-10 [27165 selected]
| >   graph_58    : 5.2446046176544637e-11 +/- 1.11e-11 [1918 selected]
| >   graph_59    : 4.3096900223734202e-11 +/- 1.08e-11 [1824 selected]
| >   graph_60    : -7.8426733838706640e-11 +/- 1.10e-11 [1857 selected]
| >   graph_61    : 1.3370692264357344e-08 +/- 6.08e-10 [34535 selected]
| >   graph_62    : -2.3533007257713553e-24 +/- 1.17e-24 [1853 selected]
| >   graph_63    : -1.1582915058936246e-09 +/- 4.39e-11 [2438 selected]
| >   graph_64    : 8.6112459436489767e-10 +/- 1.83e-11 [1907 selected]
| >   sum         : 2.7770002075690167e-08
| >   total       : 2.7770002075690024e-08
| >   difference  : 1.4227506535912076e-22
[92mINFO[0m [94msymbolica_integrator l.7237[0m [96mt=2026-09-09,09:36:35.768[0m > Symbolica integration: starting iteration [92m5/100[0m using [94m1000000[0m points ...
[92mINFO[0m [94msymbolica_integrator l.7270[0m [96mt=2026-09-09,09:40:16.277[0m > ... result after this iteration:
| > Integration result after [92m5000000[0m evaluations in [92m36265.37 CPU-s[0m [94m(7253.1 µs / eval)[0m
| > Extremal weights:
| >   with jacobian    : -3.36352e+04 at xs = [2.8107452440347428e-04 5.4462211541338998e-02 5.1033562623076778e-01 2.4870993215939222e-01 1.1310858801493279e-01 5.7478527175719718e-01] | jacobian = 2.38221e+10
| >     momentum space  : k = [[1.0588506356718873e-01, 3.7717294818672101e-02, 2.6389621553301578e+02]; [9.7604282272427170e+01, 8.4009527938455363e+01, -3.0825391509504023e+01]]
| >   without jacobian : 6.36770e-01 at xs = [2.8902588338407400e-07 1.6507352149203799e-01 5.0592227309821647e-01 1.8758368088496929e-01 9.4301471233974099e-01 7.1797519629361684e-01] | jacobian = 8.33959e+03
| >     momentum space  : k = [[5.8794322202711092e-05, 9.9520666447413622e-05, 1.8406452693715022e+02]; [6.6999740680943717e+01, -2.5069775815390191e+01, -5.8417594645282776e+01]]
| >   before clipping   : -2.76818e+05 at xs = [8.4075123163621443e-05 3.8692870116359696e-01 5.0293528613817728e-01 2.6022610679576530e-01 3.8073203498489072e-01 8.4796644995205228e-01]
| >     momentum space  : k = [[-2.5494985227163817e-02, 2.1933534905603461e-02, 2.8041747353344226e+02]; [-4.7351891014659188e+01, 4.4058289158566417e+01, -1.2495909134858086e+02]]
| > Stability pipeline: float pairs accepted = 6922320, HP pairs attempted/accepted = 66995/66995
| > Stability triggers: float mismatch = 61428, float non-finite/error = 4
| > HP precision escalations: attempted/accepted = 12/12
| > Higher-precision rejections: disagreement = 0, non-finite = 0, error = 0
| > Soft-mirror stability: pairs = 2046809, large-side triggers = 5544, HP orbits attempted/salvaged/failed = 57494/57494/0
| > Soft-mirror extrema: raw mirror = -3.54024e+07, post-average = -2.76818e+05
| > Strongest soft-mirror cancellation: residual/raw = 0.00000e+00
| > Unstable rotational-check points rejected = 0
| > Rotational-check high-precision retries = 61432
| > Rotational-check high-precision salvaged = 61432
| > Large-weight high-precision retries = 5563
| > Large-weight high-precision salvaged = 5563
| > Large-weight high-precision rejected = 0
| > Large-weight samples zeroed = 2 (4.000e-07 of samples; removed signed/absolute sums = -3.96379e+05/3.96379e+05)
| > Non-finite final outputs zeroed = 0
| > Non-finite float rotated evaluations seen = 0
| > Example higher-precision-retried xs = [1.7265545145750016e-01 3.0987003362503329e-01 3.2061093419506459e-01 2.9773816827716681e-01 4.2264025488893087e-01 5.4552528647525544e-01] | float rel = 1.83306e+00
| >     momentum space  : k = [[-2.5923335064264300e+01, 6.5631404491694042e+01, 4.4592524277177773e+01]; [-1.4841504911254179e+02, 7.8414345192107874e+01, -2.4172211541858793e+01]]
| > Example large-weight higher-precision-retried xs = [6.2315394262952850e-03 8.7335248832704826e-02 4.3698273950411237e-01 1.7075337559625559e-01 2.3328011702598017e-02 8.1591186955703054e-01] | compiled = 1.29744e+03 | higher precision = -1.91195e+00
| >     momentum space  : k = [[2.0981863278860531e+00, 1.2827845393213939e+00, 1.6464272205621262e+02]; [4.4540392286650942e+01, 6.5756311498899862e+00, -6.8970990633645286e+01]]
| > [92mCentral value[0m : +2.8516496277134878e-08   +/- 3.04e-09     ([91m10.653%[0m)
[92mINFO[0m [94msymbolica_integrator l.7274[0m [96mt=2026-09-09,09:40:16.278[0m > | > Graph-channel Symbolica observer estimates:
| >   graph_0     : -2.0760148387088683e-08 +/- 6.07e-10 [45569 selected]
| >   graph_1     : 3.1396676689455696e-10 +/- 3.80e-11 [2137 selected]
| >   graph_2     : -1.2791942076598673e-08 +/- 1.87e-10 [14755 selected]
| >   graph_3     : 1.2134980653944662e-10 +/- 4.89e-12 [1823 selected]
| >   graph_4     : -6.2661377123721044e-10 +/- 4.86e-11 [2711 selected]
| >   graph_5     : -3.7792175354159617e-11 +/- 5.74e-12 [1750 selected]
| >   graph_6     : -3.9596557648188939e-11 +/- 6.04e-12 [1732 selected]
| >   graph_7     : 7.1749753543792946e-11 +/- 8.35e-12 [1743 selected]
| >   graph_8     : -9.7179242640636830e-10 +/- 5.96e-11 [6056 selected]
| >   graph_9     : 1.0344297960804837e-09 +/- 6.85e-11 [7038 selected]
| >   graph_10    : -2.4024751981715767e-09 +/- 4.45e-10 [30244 selected]
| >   graph_11    : -1.8665551920614155e-27 +/- 1.17e-27 [1751 selected]
| >   graph_12    : -5.7101954724647903e-10 +/- 4.02e-11 [4131 selected]
| >   graph_13    : -1.1592369068779996e-08 +/- 3.50e-10 [26689 selected]
| >   graph_14    : 1.0825128903996315e-10 +/- 2.39e-12 [1771 selected]
| >   graph_15    : 5.5475848296587618e-25 +/- 5.99e-25 [1734 selected]
| >   graph_16    : 3.8936217829548634e-09 +/- 4.65e-11 [3170 selected]
| >   graph_17    : -3.4731783808584651e-10 +/- 7.60e-12 [1694 selected]
| >   graph_18    : 1.1682819349336147e-08 +/- 3.12e-10 [22936 selected]
| >   graph_19    : 1.0558512145471575e-09 +/- 2.11e-11 [1736 selected]
| >   graph_20    : -7.7294128100698583e-10 +/- 1.47e-11 [1696 selected]
| >   graph_21    : -9.9816557943001242e-10 +/- 6.65e-11 [6628 selected]
| >   graph_22    : -4.0793372849551809e-10 +/- 6.61e-11 [2971 selected]
| >   graph_23    : -2.7877964539240152e-10 +/- 1.69e-11 [1690 selected]
| >   graph_24    : 5.3103652817494035e-10 +/- 6.45e-11 [4571 selected]
| >   graph_25    : 3.8810294345317724e-10 +/- 4.60e-11 [2383 selected]
| >   graph_26    : -2.0870987605418915e-10 +/- 4.56e-12 [1706 selected]
| >   graph_27    : -2.8032746447404659e-11 +/- 5.86e-13 [1821 selected]
| >   graph_28    : -1.1150269455213849e-09 +/- 3.32e-11 [2042 selected]
| >   graph_29    : 6.7545122684200240e-08 +/- 9.34e-10 [61015 selected]
| >   graph_30    : -1.2009327275030758e-09 +/- 6.71e-10 [67621 selected]
| >   graph_31    : 4.2252533324779851e-11 +/- 1.75e-12 [1701 selected]
| >   graph_32    : 1.0155433185299856e-11 +/- 3.61e-11 [2289 selected]
| >   graph_33    : -1.8626396618193819e-09 +/- 1.59e-10 [12802 selected]
| >   graph_34    : 1.3344440704227975e-25 +/- 1.36e-25 [1706 selected]
| >   graph_35    : 2.5957348190011398e-08 +/- 8.35e-10 [94785 selected]
| >   graph_36    : -2.9275287468306175e-09 +/- 1.01e-10 [8220 selected]
| >   graph_37    : 1.6314517102439495e-08 +/- 3.37e-10 [26041 selected]
| >   graph_38    : 3.9264468353201449e-10 +/- 1.43e-11 [1821 selected]
| >   graph_39    : -7.5234528968425980e-09 +/- 1.76e-10 [14069 selected]
| >   graph_40    : -8.3192679444111070e-10 +/- 1.70e-09 [174364 selected]
| >   graph_41    : 1.6421447156602461e-09 +/- 1.17e-10 [10641 selected]
| >   graph_42    : 4.2445069707113040e-09 +/- 8.92e-10 [52540 selected]
| >   graph_43    : 2.9956274460514173e-09 +/- 1.06e-10 [8537 selected]
| >   graph_44    : 4.4204731451478652e-10 +/- 3.98e-11 [4076 selected]
| >   graph_45    : 2.3638232381912304e-10 +/- 4.86e-12 [1703 selected]
| >   graph_46    : -6.0498267254814150e-11 +/- 1.87e-12 [1830 selected]
| >   graph_47    : -5.9521599613496557e-09 +/- 4.78e-10 [52110 selected]
| >   graph_48    : -9.6879436364463781e-11 +/- 1.16e-11 [1834 selected]
| >   graph_49    : -3.4453100729567500e-08 +/- 4.35e-10 [31272 selected]
| >   graph_50    : 8.8845452259293902e-10 +/- 5.70e-11 [3844 selected]
| >   graph_51    : 5.7623613835006832e-09 +/- 6.72e-11 [4650 selected]
| >   graph_52    : 2.5362227696959981e-10 +/- 2.44e-11 [1763 selected]
| >   graph_53    : -8.5170973125121458e-10 +/- 8.82e-11 [8388 selected]
| >   graph_54    : -4.1959307793249327e-09 +/- 1.28e-09 [60435 selected]
| >   graph_55    : 1.0241474910247916e-09 +/- 7.39e-11 [7314 selected]
| >   graph_56    : -4.2751265648302648e-09 +/- 4.99e-11 [3487 selected]
| >   graph_57    : -1.3190748916139511e-08 +/- 3.73e-10 [26922 selected]
| >   graph_58    : 5.2476470182918811e-11 +/- 9.65e-12 [1760 selected]
| >   graph_59    : 5.0057531618020339e-11 +/- 9.46e-12 [1765 selected]
| >   graph_60    : -7.6620732568850116e-11 +/- 9.60e-12 [1812 selected]
| >   graph_61    : 1.3214289122598217e-08 +/- 4.91e-10 [34152 selected]
| >   graph_62    : -1.4854574666451193e-24 +/- 1.30e-24 [1808 selected]
| >   graph_63    : -1.1442563675156545e-09 +/- 3.77e-11 [2555 selected]
| >   graph_64    : 8.4132801320235163e-10 +/- 1.59e-11 [1690 selected]
| >   sum         : 2.8516496277135431e-08
| >   total       : 2.8516496277134878e-08
| >   difference  : 5.5255664918542249e-22
[92mINFO[0m [94msymbolica_integrator l.7237[0m [96mt=2026-09-09,09:40:16.278[0m > Symbolica integration: starting iteration [92m6/100[0m using [94m1000000[0m points ...
[92mINFO[0m [94msymbolica_integrator l.7270[0m [96mt=2026-09-09,09:43:29.201[0m > ... result after this iteration:
| > Integration result after [92m6000000[0m evaluations in [92m44001.28 CPU-s[0m [94m(7333.5 µs / eval)[0m
| > Extremal weights:
| >   with jacobian    : 4.01417e+04 at xs = [3.8279329554583105e-06 4.6866649781506664e-01 4.9896565943892446e-01 2.5289553838883366e-01 1.1514613851588359e-01 5.8000031497902760e-01] | jacobian = 4.64993e+06
| >     momentum space  : k = [[-1.5015930075987353e-03, 2.9950450207666667e-04, 2.6984447759139789e+02]; [9.8294748057129908e+01, 8.6819014572411191e+01, -3.3672830788830979e+01]]
| >   without jacobian : 1.82909e+01 at xs = [4.1760562766310838e-08 4.3833837053194241e-02 4.8936761372269133e-01 1.7250071173655629e-01 1.7399151325841544e-01 8.4778148922888719e-01] | jacobian = 8.12377e+01
| >     momentum space  : k = [[1.6065712201211285e-05, 4.5401367809515483e-06, 1.6617931056677020e+02]; [1.7637037368562513e+01, 3.4079059838480333e+01, -7.4030135665164480e+01]]
| >   before clipping   : -2.76818e+05 at xs = [8.4075123163621443e-05 3.8692870116359696e-01 5.0293528613817728e-01 2.6022610679576530e-01 3.8073203498489072e-01 8.4796644995205228e-01]
| >     momentum space  : k = [[-2.5494985227163817e-02, 2.1933534905603461e-02, 2.8041747353344226e+02]; [-4.7351891014659188e+01, 4.4058289158566417e+01, -1.2495909134858086e+02]]
| > Stability pipeline: float pairs accepted = 8336826, HP pairs attempted/accepted = 97163/97163
| > Stability triggers: float mismatch = 89215, float non-finite/error = 10
| > HP precision escalations: attempted/accepted = 28/28
| > Higher-precision rejections: disagreement = 0, non-finite = 0, error = 0
| > Soft-mirror stability: pairs = 2519087, large-side triggers = 7913, HP orbits attempted/salvaged/failed = 85098/85098/0
| > Soft-mirror extrema: raw original = -4.99472e+07, post-average = -2.76818e+05
| > Strongest soft-mirror cancellation: residual/raw = 0.00000e+00
| > Unstable rotational-check points rejected = 0
| > Rotational-check high-precision retries = 89225
| > Rotational-check high-precision salvaged = 89225
| > Large-weight high-precision retries = 7938
| > Large-weight high-precision salvaged = 7938
| > Large-weight high-precision rejected = 0
| > Large-weight samples zeroed = 4 (6.667e-07 of samples; removed signed/absolute sums = -3.61233e+05/7.52272e+05)
| > Non-finite final outputs zeroed = 0
| > Non-finite float rotated evaluations seen = 0
| > Example higher-precision-retried xs = [1.7265545145750016e-01 3.0987003362503329e-01 3.2061093419506459e-01 2.9773816827716681e-01 4.2264025488893087e-01 5.4552528647525544e-01] | float rel = 1.83306e+00
| >     momentum space  : k = [[-2.5923335064264300e+01, 6.5631404491694042e+01, 4.4592524277177773e+01]; [-1.4841504911254179e+02, 7.8414345192107874e+01, -2.4172211541858793e+01]]
| > Example large-weight higher-precision-retried xs = [6.2315394262952850e-03 8.7335248832704826e-02 4.3698273950411237e-01 1.7075337559625559e-01 2.3328011702598017e-02 8.1591186955703054e-01] | compiled = 1.29744e+03 | higher precision = -1.91195e+00
| >     momentum space  : k = [[2.0981863278860531e+00, 1.2827845393213939e+00, 1.6464272205621262e+02]; [4.4540392286650942e+01, 6.5756311498899862e+00, -6.8970990633645286e+01]]
| > [92mCentral value[0m : +2.8851862201421035e-08   +/- 2.55e-09     ([91m8.855%[0m)
[92mINFO[0m [94msymbolica_integrator l.7274[0m [96mt=2026-09-09,09:43:29.201[0m > | > Graph-channel Symbolica observer estimates:
| >   graph_0     : -2.0713314337839590e-08 +/- 5.14e-10 [46018 selected]
| >   graph_1     : 3.2752296814697209e-10 +/- 3.24e-11 [2282 selected]
| >   graph_2     : -1.2820383279869577e-08 +/- 1.61e-10 [14539 selected]
| >   graph_3     : 1.1950050279826095e-10 +/- 4.35e-12 [1706 selected]
| >   graph_4     : -6.3681760980976374e-10 +/- 4.28e-11 [2837 selected]
| >   graph_5     : -3.4687625368192415e-11 +/- 5.10e-12 [1650 selected]
| >   graph_6     : -3.9940674659416294e-11 +/- 5.40e-12 [1721 selected]
| >   graph_7     : 6.8344813035740122e-11 +/- 7.53e-12 [1760 selected]
| >   graph_8     : -9.7548215648277254e-10 +/- 5.05e-11 [6106 selected]
| >   graph_9     : 1.0348906272786569e-09 +/- 5.78e-11 [6777 selected]
| >   graph_10    : -2.4380134474533518e-09 +/- 3.73e-10 [29876 selected]
| >   graph_11    : -9.8580121762308273e-28 +/- 1.02e-27 [1755 selected]
| >   graph_12    : -5.6556913923690328e-10 +/- 3.42e-11 [4419 selected]
| >   graph_13    : -1.1670615814329444e-08 +/- 3.07e-10 [27198 selected]
| >   graph_14    : 1.0828331818722459e-10 +/- 2.06e-12 [1726 selected]
| >   graph_15    : 4.8162839967342355e-25 +/- 5.73e-25 [1721 selected]
| >   graph_16    : 3.8926096892968670e-09 +/- 4.10e-11 [3172 selected]
| >   graph_17    : -3.4728994118815948e-10 +/- 6.54e-12 [1727 selected]
| >   graph_18    : 1.1797840031377946e-08 +/- 2.63e-10 [22587 selected]
| >   graph_19    : 1.0500993827512847e-09 +/- 1.89e-11 [1665 selected]
| >   graph_20    : -7.7364383678706183e-10 +/- 1.32e-11 [1735 selected]
| >   graph_21    : -9.7644646647024400e-10 +/- 5.62e-11 [6598 selected]
| >   graph_22    : -4.3182386716862346e-10 +/- 5.78e-11 [3203 selected]
| >   graph_23    : -2.7188996160063047e-10 +/- 1.47e-11 [1698 selected]
| >   graph_24    : 5.3985232109088470e-10 +/- 5.70e-11 [4738 selected]
| >   graph_25    : 4.0513410110553014e-10 +/- 4.06e-11 [2467 selected]
| >   graph_26    : -2.0942108083470135e-10 +/- 3.93e-12 [1763 selected]
| >   graph_27    : -2.7725700224394926e-11 +/- 5.04e-13 [1679 selected]
| >   graph_28    : -1.1131578164881337e-09 +/- 2.94e-11 [2095 selected]
| >   graph_29    : 6.7695583168276484e-08 +/- 7.85e-10 [61513 selected]
| >   graph_30    : -1.2699174350206069e-09 +/- 5.69e-10 [68054 selected]
| >   graph_31    : 4.1182724734682674e-11 +/- 1.55e-12 [1642 selected]
| >   graph_32    : 6.3772365724575498e-12 +/- 3.25e-11 [2432 selected]
| >   graph_33    : -1.8560356147467938e-09 +/- 1.33e-10 [12547 selected]
| >   graph_34    : 4.5340087671719703e-26 +/- 1.27e-25 [1698 selected]
| >   graph_35    : 2.5883657455995603e-08 +/- 7.02e-10 [97924 selected]
| >   graph_36    : -2.9518490223939733e-09 +/- 8.79e-11 [8468 selected]
| >   graph_37    : 1.6206178868986043e-08 +/- 2.88e-10 [26231 selected]
| >   graph_38    : 4.0281124360343669e-10 +/- 1.28e-11 [1761 selected]
| >   graph_39    : -7.5129116725267800e-09 +/- 1.53e-10 [13909 selected]
| >   graph_40    : -6.7790814268772733e-10 +/- 1.42e-09 [171343 selected]
| >   graph_41    : 1.6630698498475195e-09 +/- 9.84e-11 [10500 selected]
| >   graph_42    : 4.2272824202006417e-09 +/- 7.46e-10 [51989 selected]
| >   graph_43    : 3.0130313327833182e-09 +/- 9.22e-11 [8629 selected]
| >   graph_44    : 4.5445833714308019e-10 +/- 3.39e-11 [4322 selected]
| >   graph_45    : 2.4039451508606058e-10 +/- 4.22e-12 [1804 selected]
| >   graph_46    : -6.0522293690755795e-11 +/- 1.62e-12 [1678 selected]
| >   graph_47    : -6.0785770983906442e-09 +/- 4.15e-10 [52409 selected]
| >   graph_48    : -1.0078454811746748e-10 +/- 1.00e-11 [1704 selected]
| >   graph_49    : -3.4449358714031948e-08 +/- 3.69e-10 [30873 selected]
| >   graph_50    : 8.6985601250291302e-10 +/- 5.18e-11 [3909 selected]
| >   graph_51    : 5.7556238067975689e-09 +/- 5.91e-11 [4666 selected]
| >   graph_52    : 2.3684512757027207e-10 +/- 2.15e-11 [1642 selected]
| >   graph_53    : -8.2741269484958222e-10 +/- 7.45e-11 [8285 selected]
| >   graph_54    : -3.8664173587477100e-09 +/- 1.07e-09 [60217 selected]
| >   graph_55    : 1.0541774769392565e-09 +/- 6.25e-11 [7128 selected]
| >   graph_56    : -4.2697398096154147e-09 +/- 4.39e-11 [3600 selected]
| >   graph_57    : -1.3122212811302672e-08 +/- 3.13e-10 [26688 selected]
| >   graph_58    : 4.4709743224845475e-11 +/- 8.65e-12 [1791 selected]
| >   graph_59    : 4.8353068286400062e-11 +/- 8.43e-12 [1694 selected]
| >   graph_60    : -7.4013991939758584e-11 +/- 8.58e-12 [1725 selected]
| >   graph_61    : 1.3136580929065295e-08 +/- 4.22e-10 [33731 selected]
| >   graph_62    : -1.7047138742896801e-24 +/- 1.11e-24 [1785 selected]
| >   graph_63    : -1.1502403286533028e-09 +/- 3.35e-11 [2688 selected]
| >   graph_64    : 8.4173542126235041e-10 +/- 1.43e-11 [1803 selected]
| >   sum         : 2.8851862201421498e-08
| >   total       : 2.8851862201421035e-08
| >   difference  : 4.6322114302969550e-22
[92mINFO[0m [94msymbolica_integrator l.7237[0m [96mt=2026-09-09,09:43:29.202[0m > Symbolica integration: starting iteration [92m7/100[0m using [94m1000000[0m points ...
[92mINFO[0m [94msymbolica_integrator l.7270[0m [96mt=2026-09-09,09:48:34.926[0m > ... result after this iteration:
| > Integration result after [92m7000000[0m evaluations in [92m55013.15 CPU-s[0m [94m(7859.0 µs / eval)[0m
| > Extremal weights:
| >   with jacobian    : 4.01417e+04 at xs = [3.8279329554583105e-06 4.6866649781506664e-01 4.9896565943892446e-01 2.5289553838883366e-01 1.1514613851588359e-01 5.8000031497902760e-01] | jacobian = 4.64993e+06
| >     momentum space  : k = [[-1.5015930075987353e-03, 2.9950450207666667e-04, 2.6984447759139789e+02]; [9.8294748057129908e+01, 8.6819014572411191e+01, -3.3672830788830979e+01]]
| >   without jacobian : 1.82909e+01 at xs = [4.1760562766310838e-08 4.3833837053194241e-02 4.8936761372269133e-01 1.7250071173655629e-01 1.7399151325841544e-01 8.4778148922888719e-01] | jacobian = 8.12377e+01
| >     momentum space  : k = [[1.6065712201211285e-05, 4.5401367809515483e-06, 1.6617931056677020e+02]; [1.7637037368562513e+01, 3.4079059838480333e+01, -7.4030135665164480e+01]]
| >   before clipping   : -2.76818e+05 at xs = [8.4075123163621443e-05 3.8692870116359696e-01 5.0293528613817728e-01 2.6022610679576530e-01 3.8073203498489072e-01 8.4796644995205228e-01]
| >     momentum space  : k = [[-2.5494985227163817e-02, 2.1933534905603461e-02, 2.8041747353344226e+02]; [-4.7351891014659188e+01, 4.4058289158566417e+01, -1.2495909134858086e+02]]
| > Stability pipeline: float pairs accepted = 9748985, HP pairs attempted/accepted = 127359/127359
| > Stability triggers: float mismatch = 117173, float non-finite/error = 14
| > HP precision escalations: attempted/accepted = 48/48
| > Higher-precision rejections: disagreement = 0, non-finite = 0, error = 0
| > Soft-mirror stability: pairs = 2989112, large-side triggers = 10142, HP orbits attempted/salvaged/failed = 112768/112768/0
| > Soft-mirror extrema: raw mirror = -6.37092e+07, post-average = -2.76818e+05
| > Strongest soft-mirror cancellation: residual/raw = 0.00000e+00
| > Unstable rotational-check points rejected = 0
| > Rotational-check high-precision retries = 117187
| > Rotational-check high-precision salvaged = 117187
| > Large-weight high-precision retries = 10172
| > Large-weight high-precision salvaged = 10172
| > Large-weight high-precision rejected = 0
| > Large-weight samples zeroed = 7 (1.000e-06 of samples; removed signed/absolute sums = -3.18761e+05/1.15236e+06)
| > Non-finite final outputs zeroed = 0
| > Non-finite float rotated evaluations seen = 0
| > Example higher-precision-retried xs = [1.7265545145750016e-01 3.0987003362503329e-01 3.2061093419506459e-01 2.9773816827716681e-01 4.2264025488893087e-01 5.4552528647525544e-01] | float rel = 1.83306e+00
| >     momentum space  : k = [[-2.5923335064264300e+01, 6.5631404491694042e+01, 4.4592524277177773e+01]; [-1.4841504911254179e+02, 7.8414345192107874e+01, -2.4172211541858793e+01]]
| > Example large-weight higher-precision-retried xs = [6.2315394262952850e-03 8.7335248832704826e-02 4.3698273950411237e-01 1.7075337559625559e-01 2.3328011702598017e-02 8.1591186955703054e-01] | compiled = 1.29744e+03 | higher precision = -1.91195e+00
| >     momentum space  : k = [[2.0981863278860531e+00, 1.2827845393213939e+00, 1.6464272205621262e+02]; [4.4540392286650942e+01, 6.5756311498899862e+00, -6.8970990633645286e+01]]
| > [92mCentral value[0m : +2.8665572596685053e-08   +/- 2.21e-09     ([91m7.694%[0m)
[92mINFO[0m [94msymbolica_integrator l.7274[0m [96mt=2026-09-09,09:48:34.927[0m > | > Graph-channel Symbolica observer estimates:
| >   graph_0     : -2.0785875364639427e-08 +/- 4.47e-10 [46633 selected]
| >   graph_1     : 3.2809657026699194e-10 +/- 2.84e-11 [2316 selected]
| >   graph_2     : -1.2847788631041823e-08 +/- 1.42e-10 [14664 selected]
| >   graph_3     : 1.2095285770746782e-10 +/- 3.94e-12 [1677 selected]
| >   graph_4     : -6.4001755758888103e-10 +/- 3.86e-11 [2881 selected]
| >   graph_5     : -3.5986850104605274e-11 +/- 4.66e-12 [1613 selected]
| >   graph_6     : -3.8924935692483813e-11 +/- 4.91e-12 [1645 selected]
| >   graph_7     : 6.7588355603372186e-11 +/- 6.85e-12 [1660 selected]
| >   graph_8     : -9.5642171426100096e-10 +/- 4.40e-11 [6029 selected]
| >   graph_9     : 1.0439636618466306e-09 +/- 5.02e-11 [6754 selected]
| >   graph_10    : -2.5313378275109516e-09 +/- 3.22e-10 [29265 selected]
| >   graph_11    : -1.1799322320569314e-29 +/- 9.19e-28 [1700 selected]
| >   graph_12    : -5.5549403033107198e-10 +/- 2.99e-11 [4232 selected]
| >   graph_13    : -1.1714130178347477e-08 +/- 2.68e-10 [29110 selected]
| >   graph_14    : 1.0812165082959356e-10 +/- 1.81e-12 [1657 selected]
| >   graph_15    : 7.0276947499480741e-25 +/- 5.08e-25 [1628 selected]
| >   graph_16    : 3.8791013846126808e-09 +/- 3.69e-11 [3143 selected]
| >   graph_17    : -3.4846378096514735e-10 +/- 5.78e-12 [1680 selected]
| >   graph_18    : 1.1874935266221869e-08 +/- 2.27e-10 [22404 selected]
| >   graph_19    : 1.0633656331674704e-09 +/- 1.74e-11 [1719 selected]
| >   graph_20    : -7.6943832463495492e-10 +/- 1.20e-11 [1682 selected]
| >   graph_21    : -9.6296091606598724e-10 +/- 4.90e-11 [6644 selected]
| >   graph_22    : -4.5497615576378994e-10 +/- 5.01e-11 [3232 selected]
| >   graph_23    : -2.6871461954938509e-10 +/- 1.31e-11 [1698 selected]
| >   graph_24    : 5.4555360283357962e-10 +/- 5.14e-11 [4698 selected]
| >   graph_25    : 4.0080497083390100e-10 +/- 3.66e-11 [2561 selected]
| >   graph_26    : -2.0939596414067193e-10 +/- 3.49e-12 [1667 selected]
| >   graph_27    : -2.7705194120180646e-11 +/- 4.46e-13 [1704 selected]
| >   graph_28    : -1.1167459920380171e-09 +/- 2.66e-11 [2219 selected]
| >   graph_29    : 6.7749794605231592e-08 +/- 6.79e-10 [61728 selected]
| >   graph_30    : -1.2851142630202602e-09 +/- 4.89e-10 [68619 selected]
| >   graph_31    : 4.1218507780229917e-11 +/- 1.41e-12 [1631 selected]
| >   graph_32    : 9.3976363917448549e-13 +/- 2.90e-11 [2373 selected]
| >   graph_33    : -1.8791256643410050e-09 +/- 1.15e-10 [12295 selected]
| >   graph_34    : 8.1051535972714673e-26 +/- 1.17e-25 [1730 selected]
| >   graph_35    : 2.5824210527677622e-08 +/- 6.06e-10 [95956 selected]
| >   graph_36    : -2.9960952969415739e-09 +/- 7.83e-11 [8475 selected]
| >   graph_37    : 1.6079834772061048e-08 +/- 2.53e-10 [26879 selected]
| >   graph_38    : 3.9970750305571027e-10 +/- 1.17e-11 [1678 selected]
| >   graph_39    : -7.4932364859014598e-09 +/- 1.36e-10 [13903 selected]
| >   graph_40    : -6.4309909434642514e-10 +/- 1.22e-09 [166555 selected]
| >   graph_41    : 1.6538836833230690e-09 +/- 8.52e-11 [10275 selected]
| >   graph_42    : 4.2929329245214848e-09 +/- 6.43e-10 [51926 selected]
| >   graph_43    : 3.0216417469499316e-09 +/- 8.21e-11 [8579 selected]
| >   graph_44    : 4.5343040219232220e-10 +/- 2.98e-11 [4381 selected]
| >   graph_45    : 2.4103912167205192e-10 +/- 3.75e-12 [1697 selected]
| >   graph_46    : -6.0324620861750451e-11 +/- 1.44e-12 [1587 selected]
| >   graph_47    : -6.1105233152367102e-09 +/- 3.68e-10 [54322 selected]
| >   graph_48    : -9.8378530263679412e-11 +/- 8.90e-12 [1629 selected]
| >   graph_49    : -3.4551636843483635e-08 +/- 3.23e-10 [31405 selected]
| >   graph_50    : 8.6190144462432033e-10 +/- 4.59e-11 [4085 selected]
| >   graph_51    : 5.7411515309736269e-09 +/- 5.31e-11 [4640 selected]
| >   graph_52    : 2.2995986830995321e-10 +/- 1.96e-11 [1693 selected]
| >   graph_53    : -8.2907899862101194e-10 +/- 6.48e-11 [8346 selected]
| >   graph_54    : -3.6432139788132223e-09 +/- 9.22e-10 [61082 selected]
| >   graph_55    : 1.0656045459018562e-09 +/- 5.45e-11 [7190 selected]
| >   graph_56    : -4.2356216035258640e-09 +/- 3.93e-11 [3476 selected]
| >   graph_57    : -1.3102761847843837e-08 +/- 2.73e-10 [26242 selected]
| >   graph_58    : 4.7361126665653102e-11 +/- 7.87e-12 [1692 selected]
| >   graph_59    : 4.4501329285231404e-11 +/- 7.67e-12 [1657 selected]
| >   graph_60    : -7.0532080139358982e-11 +/- 7.83e-12 [1651 selected]
| >   graph_61    : 1.3055355281023283e-08 +/- 3.65e-10 [36131 selected]
| >   graph_62    : -1.3863260953306789e-24 +/- 9.99e-25 [1679 selected]
| >   graph_63    : -1.1443790659965928e-09 +/- 3.03e-11 [2688 selected]
| >   graph_64    : 8.3611968400582883e-10 +/- 1.30e-11 [1610 selected]
| >   sum         : 2.8665572596685305e-08
| >   total       : 2.8665572596685053e-08
| >   difference  : 2.5146290621612041e-22
[92mINFO[0m [94msymbolica_integrator l.7237[0m [96mt=2026-09-09,09:48:34.927[0m > Symbolica integration: starting iteration [92m8/100[0m using [94m1000000[0m points ...
[92mINFO[0m [94msymbolica_integrator l.7270[0m [96mt=2026-09-09,09:51:53.253[0m > ... result after this iteration:
| > Integration result after [92m8000000[0m evaluations in [92m62504.62 CPU-s[0m [94m(7813.1 µs / eval)[0m
| > Extremal weights:
| >   with jacobian    : 4.47726e+04 at xs = [9.5462446728186552e-06 5.7771539479627276e-01 5.0185709999147321e-01 1.9802791252414972e-01 3.6032324499627266e-01 7.6868620079079231e-01] | jacobian = 9.16095e+06
| >     momentum space  : k = [[-3.3722107062881634e-03, -1.7913411184077642e-03, 1.9684337212353333e+02]; [-4.1932491424922937e+01, 5.0478581038089679e+01, -7.3818601961718102e+01]]
| >   without jacobian : 1.82909e+01 at xs = [4.1760562766310838e-08 4.3833837053194241e-02 4.8936761372269133e-01 1.7250071173655629e-01 1.7399151325841544e-01 8.4778148922888719e-01] | jacobian = 8.12377e+01
| >     momentum space  : k = [[1.6065712201211285e-05, 4.5401367809515483e-06, 1.6617931056677020e+02]; [1.7637037368562513e+01, 3.4079059838480333e+01, -7.4030135665164480e+01]]
| >   before clipping   : -2.76818e+05 at xs = [8.4075123163621443e-05 3.8692870116359696e-01 5.0293528613817728e-01 2.6022610679576530e-01 3.8073203498489072e-01 8.4796644995205228e-01]
| >     momentum space  : k = [[-2.5494985227163817e-02, 2.1933534905603461e-02, 2.8041747353344226e+02]; [-4.7351891014659188e+01, 4.4058289158566417e+01, -1.2495909134858086e+02]]
| > Stability pipeline: float pairs accepted = 11158837, HP pairs attempted/accepted = 157239/157239
| > Stability triggers: float mismatch = 145043, float non-finite/error = 20
| > HP precision escalations: attempted/accepted = 67/67
| > Higher-precision rejections: disagreement = 0, non-finite = 0, error = 0
| > Soft-mirror stability: pairs = 3455811, large-side triggers = 12137, HP orbits attempted/salvaged/failed = 139735/139735/0
| > Soft-mirror extrema: raw mirror = -2.14460e+08, post-average = -2.76818e+05
| > Strongest soft-mirror cancellation: residual/raw = 0.00000e+00
| > Unstable rotational-check points rejected = 0
| > Rotational-check high-precision retries = 145063
| > Rotational-check high-precision salvaged = 145063
| > Large-weight high-precision retries = 12176
| > Large-weight high-precision salvaged = 12176
| > Large-weight high-precision rejected = 0
| > Large-weight samples zeroed = 9 (1.125e-06 of samples; removed signed/absolute sums = -3.49422e+05/1.41542e+06)
| > Non-finite final outputs zeroed = 0
| > Non-finite float rotated evaluations seen = 0
| > Example higher-precision-retried xs = [1.7265545145750016e-01 3.0987003362503329e-01 3.2061093419506459e-01 2.9773816827716681e-01 4.2264025488893087e-01 5.4552528647525544e-01] | float rel = 1.83306e+00
| >     momentum space  : k = [[-2.5923335064264300e+01, 6.5631404491694042e+01, 4.4592524277177773e+01]; [-1.4841504911254179e+02, 7.8414345192107874e+01, -2.4172211541858793e+01]]
| > Example large-weight higher-precision-retried xs = [6.2315394262952850e-03 8.7335248832704826e-02 4.3698273950411237e-01 1.7075337559625559e-01 2.3328011702598017e-02 8.1591186955703054e-01] | compiled = 1.29744e+03 | higher precision = -1.91195e+00
| >     momentum space  : k = [[2.0981863278860531e+00, 1.2827845393213939e+00, 1.6464272205621262e+02]; [4.4540392286650942e+01, 6.5756311498899862e+00, -6.8970990633645286e+01]]
| > [92mCentral value[0m : +2.8775163255490578e-08   +/- 1.94e-09     ([91m6.756%[0m)
[92mINFO[0m [94msymbolica_integrator l.7274[0m [96mt=2026-09-09,09:51:53.254[0m > | > Graph-channel Symbolica observer estimates:
| >   graph_0     : -2.0838069364776459e-08 +/- 3.96e-10 [47537 selected]
| >   graph_1     : 3.3104572022039547e-10 +/- 2.53e-11 [2332 selected]
| >   graph_2     : -1.2847995210425495e-08 +/- 1.28e-10 [14749 selected]
| >   graph_3     : 1.1863660023254427e-10 +/- 3.67e-12 [1608 selected]
| >   graph_4     : -6.5160356177399226e-10 +/- 3.52e-11 [2920 selected]
| >   graph_5     : -3.8843742021922852e-11 +/- 4.31e-12 [1597 selected]
| >   graph_6     : -4.2287652808381297e-11 +/- 4.55e-12 [1652 selected]
| >   graph_7     : 6.6103954487143728e-11 +/- 6.34e-12 [1638 selected]
| >   graph_8     : -9.6080688936401610e-10 +/- 3.91e-11 [5927 selected]
| >   graph_9     : 1.0435377784821531e-09 +/- 4.45e-11 [6658 selected]
| >   graph_10    : -2.5978939681870919e-09 +/- 2.83e-10 [29331 selected]
| >   graph_11    : 2.3997645515722299e-28 +/- 8.32e-28 [1633 selected]
| >   graph_12    : -5.5967795168496571e-10 +/- 2.67e-11 [4214 selected]
| >   graph_13    : -1.1746269265439047e-08 +/- 2.38e-10 [29202 selected]
| >   graph_14    : 1.0795420472741114e-10 +/- 1.63e-12 [1614 selected]
| >   graph_15    : 1.7714223571799012e-25 +/- 4.80e-25 [1696 selected]
| >   graph_16    : 3.8813512593028723e-09 +/- 3.37e-11 [3244 selected]
| >   graph_17    : -3.5071316182633801e-10 +/- 5.22e-12 [1657 selected]
| >   graph_18    : 1.1925255268771164e-08 +/- 2.01e-10 [22297 selected]
| >   graph_19    : 1.0696517176335801e-09 +/- 1.62e-11 [1728 selected]
| >   graph_20    : -7.7496904142228849e-10 +/- 1.12e-11 [1669 selected]
| >   graph_21    : -9.4612396527867944e-10 +/- 4.35e-11 [6559 selected]
| >   graph_22    : -4.6933657977260331e-10 +/- 4.43e-11 [3192 selected]
| >   graph_23    : -2.6350030806738928e-10 +/- 1.20e-11 [1663 selected]
| >   graph_24    : 5.6333415356832692e-10 +/- 4.71e-11 [4762 selected]
| >   graph_25    : 4.0302591971184220e-10 +/- 3.34e-11 [2513 selected]
| >   graph_26    : -2.1081143935991789e-10 +/- 3.15e-12 [1652 selected]
| >   graph_27    : -2.7757184838598125e-11 +/- 4.03e-13 [1687 selected]
| >   graph_28    : -1.1266838627906815e-09 +/- 2.44e-11 [2146 selected]
| >   graph_29    : 6.7837202392621098e-08 +/- 5.99e-10 [63223 selected]
| >   graph_30    : -1.3336019269071768e-09 +/- 4.32e-10 [67483 selected]
| >   graph_31    : 4.1311939619761467e-11 +/- 1.32e-12 [1687 selected]
| >   graph_32    : -1.1283963554462682e-11 +/- 2.62e-11 [2421 selected]
| >   graph_33    : -1.8882885674428414e-09 +/- 1.02e-10 [12148 selected]
| >   graph_34    : 9.2243297788598314e-26 +/- 1.06e-25 [1689 selected]
| >   graph_35    : 2.5810740840187692e-08 +/- 5.33e-10 [94663 selected]
| >   graph_36    : -2.9870845143107877e-09 +/- 7.10e-11 [8415 selected]
| >   graph_37    : 1.6070247967535157e-08 +/- 2.27e-10 [27457 selected]
| >   graph_38    : 3.9886638681405993e-10 +/- 1.08e-11 [1595 selected]
| >   graph_39    : -7.4655061719561869e-09 +/- 1.23e-10 [14162 selected]
| >   graph_40    : -5.8602558593919004e-10 +/- 1.07e-09 [164568 selected]
| >   graph_41    : 1.6774277043802724e-09 +/- 7.54e-11 [10273 selected]
| >   graph_42    : 4.3208852490408544e-09 +/- 5.66e-10 [52173 selected]
| >   graph_43    : 3.0385883626866087e-09 +/- 7.45e-11 [8794 selected]
| >   graph_44    : 4.5881970972809319e-10 +/- 2.66e-11 [4207 selected]
| >   graph_45    : 2.4118164269826993e-10 +/- 3.39e-12 [1673 selected]
| >   graph_46    : -6.0349874990170822e-11 +/- 1.30e-12 [1678 selected]
| >   graph_47    : -6.1016675959894195e-09 +/- 3.27e-10 [55903 selected]
| >   graph_48    : -1.0116345668838089e-10 +/- 8.05e-12 [1712 selected]
| >   graph_49    : -3.4564375988555604e-08 +/- 2.87e-10 [31416 selected]
| >   graph_50    : 8.8502698834808601e-10 +/- 4.18e-11 [4149 selected]
| >   graph_51    : 5.7414800809333131e-09 +/- 4.88e-11 [4722 selected]
| >   graph_52    : 2.1679707209890834e-10 +/- 1.80e-11 [1714 selected]
| >   graph_53    : -8.3422406879229808e-10 +/- 5.75e-11 [8225 selected]
| >   graph_54    : -3.5134848545458435e-09 +/- 8.08e-10 [60846 selected]
| >   graph_55    : 1.0720820072341079e-09 +/- 4.84e-11 [7101 selected]
| >   graph_56    : -4.2307258832842368e-09 +/- 3.59e-11 [3580 selected]
| >   graph_57    : -1.3037849015237521e-08 +/- 2.41e-10 [26387 selected]
| >   graph_58    : 4.8279944516736672e-11 +/- 7.23e-12 [1590 selected]
| >   graph_59    : 4.1993184179578615e-11 +/- 7.09e-12 [1676 selected]
| >   graph_60    : -6.7647291606172274e-11 +/- 7.26e-12 [1594 selected]
| >   graph_61    : 1.2912125667661497e-08 +/- 3.23e-10 [35916 selected]
| >   graph_62    : -1.9453858770884393e-24 +/- 9.52e-25 [1690 selected]
| >   graph_63    : -1.1434452513668855e-09 +/- 2.78e-11 [2727 selected]
| >   graph_64    : 8.3227669907428959e-10 +/- 1.21e-11 [1666 selected]
| >   sum         : 2.8775163255490770e-08
| >   total       : 2.8775163255490578e-08
| >   difference  : 1.9190590211230242e-22
[92mINFO[0m [94msymbolica_integrator l.7237[0m [96mt=2026-09-09,09:51:53.254[0m > Symbolica integration: starting iteration [92m9/100[0m using [94m1000000[0m points ...
[92mINFO[0m [94msymbolica_integrator l.7270[0m [96mt=2026-09-09,09:55:42.935[0m > ... result after this iteration:
| > Integration result after [92m9000000[0m evaluations in [92m71273.85 CPU-s[0m [94m(7919.3 µs / eval)[0m
| > Extremal weights:
| >   with jacobian    : -6.08675e+04 at xs = [2.0831256385789315e-04 2.7632432658343870e-01 5.1009688509628914e-01 2.0073405250157383e-01 7.5460430122220568e-01 4.1922454650026675e-01] | jacobian = 6.62117e+09
| >     momentum space  : k = [[-1.3715212661474428e-02, 8.2163616417652074e-02, 2.0020628055303490e+02]; [2.8127856575023711e+00, -9.7201252504438372e+01, 2.5220159586430832e+01]]
| >   without jacobian : 1.82909e+01 at xs = [4.1760562766310838e-08 4.3833837053194241e-02 4.8936761372269133e-01 1.7250071173655629e-01 1.7399151325841544e-01 8.4778148922888719e-01] | jacobian = 8.12377e+01
| >     momentum space  : k = [[1.6065712201211285e-05, 4.5401367809515483e-06, 1.6617931056677020e+02]; [1.7637037368562513e+01, 3.4079059838480333e+01, -7.4030135665164480e+01]]
| >   before clipping   : -2.76818e+05 at xs = [8.4075123163621443e-05 3.8692870116359696e-01 5.0293528613817728e-01 2.6022610679576530e-01 3.8073203498489072e-01 8.4796644995205228e-01]
| >     momentum space  : k = [[-2.5494985227163817e-02, 2.1933534905603461e-02, 2.8041747353344226e+02]; [-4.7351891014659188e+01, 4.4058289158566417e+01, -1.2495909134858086e+02]]
| > Stability pipeline: float pairs accepted = 12567625, HP pairs attempted/accepted = 187546/187546
| > Stability triggers: float mismatch = 173542, float non-finite/error = 24
| > HP precision escalations: attempted/accepted = 83/83
| > Higher-precision rejections: disagreement = 0, non-finite = 0, error = 0
| > Soft-mirror stability: pairs = 3922283, large-side triggers = 13934, HP orbits attempted/salvaged/failed = 167112/167112/0
| > Soft-mirror extrema: raw mirror = -2.14460e+08, post-average = -2.76818e+05
| > Strongest soft-mirror cancellation: residual/raw = 0.00000e+00
| > Unstable rotational-check points rejected = 0
| > Rotational-check high-precision retries = 173566
| > Rotational-check high-precision salvaged = 173566
| > Large-weight high-precision retries = 13980
| > Large-weight high-precision salvaged = 13980
| > Large-weight high-precision rejected = 0
| > Large-weight samples zeroed = 9 (1.000e-06 of samples; removed signed/absolute sums = -3.49422e+05/1.41542e+06)
| > Non-finite final outputs zeroed = 0
| > Non-finite float rotated evaluations seen = 0
| > Example higher-precision-retried xs = [1.7265545145750016e-01 3.0987003362503329e-01 3.2061093419506459e-01 2.9773816827716681e-01 4.2264025488893087e-01 5.4552528647525544e-01] | float rel = 1.83306e+00
| >     momentum space  : k = [[-2.5923335064264300e+01, 6.5631404491694042e+01, 4.4592524277177773e+01]; [-1.4841504911254179e+02, 7.8414345192107874e+01, -2.4172211541858793e+01]]
| > Example large-weight higher-precision-retried xs = [6.2315394262952850e-03 8.7335248832704826e-02 4.3698273950411237e-01 1.7075337559625559e-01 2.3328011702598017e-02 8.1591186955703054e-01] | compiled = 1.29744e+03 | higher precision = -1.91195e+00
| >     momentum space  : k = [[2.0981863278860531e+00, 1.2827845393213939e+00, 1.6464272205621262e+02]; [4.4540392286650942e+01, 6.5756311498899862e+00, -6.8970990633645286e+01]]
| > [92mCentral value[0m : +2.9204243463309029e-08   +/- 1.74e-09     ([91m5.954%[0m)
[92mINFO[0m [94msymbolica_integrator l.7274[0m [96mt=2026-09-09,09:55:42.935[0m > | > Graph-channel Symbolica observer estimates:
| >   graph_0     : -2.0840776235454542e-08 +/- 3.57e-10 [48574 selected]
| >   graph_1     : 3.3419293335075510e-10 +/- 2.30e-11 [2392 selected]
| >   graph_2     : -1.2839660106856214e-08 +/- 1.17e-10 [14735 selected]
| >   graph_3     : 1.1571778328063724e-10 +/- 3.47e-12 [1641 selected]
| >   graph_4     : -6.5824857597952085e-10 +/- 3.25e-11 [2952 selected]
| >   graph_5     : -3.9640625962844395e-11 +/- 4.04e-12 [1662 selected]
| >   graph_6     : -4.3984855209091294e-11 +/- 4.27e-12 [1658 selected]
| >   graph_7     : 6.6269783387426059e-11 +/- 5.96e-12 [1590 selected]
| >   graph_8     : -9.5489957344206379e-10 +/- 3.54e-11 [5842 selected]
| >   graph_9     : 1.0555012535682089e-09 +/- 4.00e-11 [6648 selected]
| >   graph_10    : -2.6061050859822341e-09 +/- 2.53e-10 [29067 selected]
| >   graph_11    : 5.9352937468087193e-28 +/- 7.63e-28 [1724 selected]
| >   graph_12    : -5.6397947769680297e-10 +/- 2.42e-11 [4163 selected]
| >   graph_13    : -1.1723266558290859e-08 +/- 2.16e-10 [29167 selected]
| >   graph_14    : 1.0853917440089587e-10 +/- 1.50e-12 [1707 selected]
| >   graph_15    : 1.6740043739557385e-25 +/- 4.59e-25 [1600 selected]
| >   graph_16    : 3.8945973270737688e-09 +/- 3.13e-11 [3299 selected]
| >   graph_17    : -3.5052550623152378e-10 +/- 4.86e-12 [1606 selected]
| >   graph_18    : 1.1939443238126689e-08 +/- 1.81e-10 [22172 selected]
| >   graph_19    : 1.0584084157624553e-09 +/- 1.51e-11 [1599 selected]
| >   graph_20    : -7.7942271249449689e-10 +/- 1.05e-11 [1712 selected]
| >   graph_21    : -9.3972542236186544e-10 +/- 3.92e-11 [6525 selected]
| >   graph_22    : -4.6852066872330053e-10 +/- 3.97e-11 [3150 selected]
| >   graph_23    : -2.6422790681716557e-10 +/- 1.10e-11 [1654 selected]
| >   graph_24    : 5.7563872677352434e-10 +/- 4.36e-11 [4699 selected]
| >   graph_25    : 4.0638690934395532e-10 +/- 3.09e-11 [2638 selected]
| >   graph_26    : -2.1121524407652836e-10 +/- 2.89e-12 [1639 selected]
| >   graph_27    : -2.7652913246154127e-11 +/- 3.68e-13 [1677 selected]
| >   graph_28    : -1.1253904405004057e-09 +/- 2.27e-11 [2278 selected]
| >   graph_29    : 6.7879131041789714e-08 +/- 5.37e-10 [63408 selected]
| >   graph_30    : -1.3122070804154308e-09 +/- 3.85e-10 [67102 selected]
| >   graph_31    : 4.1272080931516408e-11 +/- 1.23e-12 [1655 selected]
| >   graph_32    : -1.0970246036356386e-11 +/- 2.40e-11 [2497 selected]
| >   graph_33    : -1.8826899021786157e-09 +/- 9.13e-11 [12397 selected]
| >   graph_34    : 7.7331313780540609e-26 +/- 9.64e-26 [1632 selected]
| >   graph_35    : 2.5760070418257222e-08 +/- 4.76e-10 [92533 selected]
| >   graph_36    : -2.9447419470414873e-09 +/- 6.52e-11 [8356 selected]
| >   graph_37    : 1.6116855375699199e-08 +/- 2.06e-10 [27476 selected]
| >   graph_38    : 3.9903660715515723e-10 +/- 1.01e-11 [1613 selected]
| >   graph_39    : -7.4742924866495549e-09 +/- 1.13e-10 [14332 selected]
| >   graph_40    : -5.6196769086886826e-10 +/- 9.55e-10 [166172 selected]
| >   graph_41    : 1.6935724975962249e-09 +/- 6.77e-11 [10032 selected]
| >   graph_42    : 4.4246862445432012e-09 +/- 5.05e-10 [52842 selected]
| >   graph_43    : 3.0308061470179616e-09 +/- 6.84e-11 [8510 selected]
| >   graph_44    : 4.5741524440715808e-10 +/- 2.41e-11 [4134 selected]
| >   graph_45    : 2.4111652551530278e-10 +/- 3.12e-12 [1654 selected]
| >   graph_46    : -6.0308673623998623e-11 +/- 1.19e-12 [1582 selected]
| >   graph_47    : -6.0770108121375823e-09 +/- 2.98e-10 [55338 selected]
| >   graph_48    : -9.9730944311771730e-11 +/- 7.40e-12 [1731 selected]
| >   graph_49    : -3.4644337087751224e-08 +/- 2.61e-10 [32066 selected]
| >   graph_50    : 8.9136135115911819e-10 +/- 3.84e-11 [4094 selected]
| >   graph_51    : 5.7503266917891961e-09 +/- 4.53e-11 [4674 selected]
| >   graph_52    : 2.2648446413520137e-10 +/- 1.68e-11 [1695 selected]
| >   graph_53    : -8.2926656307583425e-10 +/- 5.18e-11 [8158 selected]
| >   graph_54    : -3.3823958964651121e-09 +/- 7.19e-10 [60800 selected]
| >   graph_55    : 1.0683146573195972e-09 +/- 4.37e-11 [6993 selected]
| >   graph_56    : -4.2075865757874384e-09 +/- 3.32e-11 [3486 selected]
| >   graph_57    : -1.3004448131595111e-08 +/- 2.17e-10 [26356 selected]
| >   graph_58    : 4.4899955401594024e-11 +/- 6.99e-12 [1651 selected]
| >   graph_59    : 4.3433885360367825e-11 +/- 6.61e-12 [1553 selected]
| >   graph_60    : -6.7535083885568325e-11 +/- 6.78e-12 [1700 selected]
| >   graph_61    : 1.2889543745707506e-08 +/- 2.89e-10 [35891 selected]
| >   graph_62    : -2.0176038334196020e-24 +/- 8.60e-25 [1623 selected]
| >   graph_63    : -1.1514063670308156e-09 +/- 2.58e-11 [2753 selected]
| >   graph_64    : 8.3935838263596954e-10 +/- 1.14e-11 [1741 selected]
| >   sum         : 2.9204243463309141e-08
| >   total       : 2.9204243463309029e-08
| >   difference  : 1.1249656330721176e-22
[92mINFO[0m [94msymbolica_integrator l.7237[0m [96mt=2026-09-09,09:55:42.935[0m > Symbolica integration: starting iteration [92m10/100[0m using [94m1000000[0m points ...
[92mINFO[0m [94msymbolica_integrator l.7270[0m [96mt=2026-09-09,10:00:32.451[0m > ... result after this iteration:
| > Integration result after [92m10000000[0m evaluations in [92m83896.95 CPU-s[0m [94m(8389.7 µs / eval)[0m
| > Extremal weights:
| >   with jacobian    : -6.08675e+04 at xs = [2.0831256385789315e-04 2.7632432658343870e-01 5.1009688509628914e-01 2.0073405250157383e-01 7.5460430122220568e-01 4.1922454650026675e-01] | jacobian = 6.62117e+09
| >     momentum space  : k = [[-1.3715212661474428e-02, 8.2163616417652074e-02, 2.0020628055303490e+02]; [2.8127856575023711e+00, -9.7201252504438372e+01, 2.5220159586430832e+01]]
| >   without jacobian : 1.82909e+01 at xs = [4.1760562766310838e-08 4.3833837053194241e-02 4.8936761372269133e-01 1.7250071173655629e-01 1.7399151325841544e-01 8.4778148922888719e-01] | jacobian = 8.12377e+01
| >     momentum space  : k = [[1.6065712201211285e-05, 4.5401367809515483e-06, 1.6617931056677020e+02]; [1.7637037368562513e+01, 3.4079059838480333e+01, -7.4030135665164480e+01]]
| >   before clipping   : 3.39582e+05 at xs = [4.4142146055044517e-06 7.0427108078398881e-01 5.0045551158863166e-01 2.0956988640940771e-01 6.8994378165608705e-01 4.1972231871796378e-01]
| >     momentum space  : k = [[-5.0037278030700912e-04, -1.6933088063469314e-03, 2.1135819153359350e+02]; [-3.7839631537592474e+01, -9.5473456200081671e+01, 2.6464056820957207e+01]]
| > Stability pipeline: float pairs accepted = 13971894, HP pairs attempted/accepted = 218613/218613
| > Stability triggers: float mismatch = 202683, float non-finite/error = 30
| > HP precision escalations: attempted/accepted = 104/104
| > Higher-precision rejections: disagreement = 0, non-finite = 0, error = 0
| > Soft-mirror stability: pairs = 4385530, large-side triggers = 15837, HP orbits attempted/salvaged/failed = 195023/195023/0
| > Soft-mirror extrema: raw mirror = -2.14460e+08, post-average = 3.39582e+05
| > Strongest soft-mirror cancellation: residual/raw = 0.00000e+00
| > Unstable rotational-check points rejected = 0
| > Rotational-check high-precision retries = 202713
| > Rotational-check high-precision salvaged = 202713
| > Large-weight high-precision retries = 15900
| > Large-weight high-precision salvaged = 15900
| > Large-weight high-precision rejected = 0
| > Large-weight samples zeroed = 10 (1.000e-06 of samples; removed signed/absolute sums = -9.84032e+03/1.75500e+06)
| > Non-finite final outputs zeroed = 0
| > Non-finite float rotated evaluations seen = 0
| > Example higher-precision-retried xs = [1.7265545145750016e-01 3.0987003362503329e-01 3.2061093419506459e-01 2.9773816827716681e-01 4.2264025488893087e-01 5.4552528647525544e-01] | float rel = 1.83306e+00
| >     momentum space  : k = [[-2.5923335064264300e+01, 6.5631404491694042e+01, 4.4592524277177773e+01]; [-1.4841504911254179e+02, 7.8414345192107874e+01, -2.4172211541858793e+01]]
| > Example large-weight higher-precision-retried xs = [6.2315394262952850e-03 8.7335248832704826e-02 4.3698273950411237e-01 1.7075337559625559e-01 2.3328011702598017e-02 8.1591186955703054e-01] | compiled = 1.29744e+03 | higher precision = -1.91195e+00
| >     momentum space  : k = [[2.0981863278860531e+00, 1.2827845393213939e+00, 1.6464272205621262e+02]; [4.4540392286650942e+01, 6.5756311498899862e+00, -6.8970990633645286e+01]]
| > [92mCentral value[0m : +2.9113850729597024e-08   +/- 1.58e-09     ([91m5.416%[0m)
[92mINFO[0m [94msymbolica_integrator l.7274[0m [96mt=2026-09-09,10:00:32.451[0m > | > Graph-channel Symbolica observer estimates:
| >   graph_0     : -2.0817164404784323e-08 +/- 3.25e-10 [49040 selected]
| >   graph_1     : 3.3541713877454236e-10 +/- 2.11e-11 [2365 selected]
| >   graph_2     : -1.2801402262757411e-08 +/- 1.09e-10 [14930 selected]
| >   graph_3     : 1.1699414577300727e-10 +/- 3.28e-12 [1647 selected]
| >   graph_4     : -6.6114239068026067e-10 +/- 3.04e-11 [2976 selected]
| >   graph_5     : -3.8634174176598362e-11 +/- 3.81e-12 [1738 selected]
| >   graph_6     : -4.3874752648284584e-11 +/- 4.09e-12 [1697 selected]
| >   graph_7     : 6.3097499598167199e-11 +/- 5.62e-12 [1625 selected]
| >   graph_8     : -9.5956496573954210e-10 +/- 3.23e-11 [5928 selected]
| >   graph_9     : 1.0568609668394469e-09 +/- 3.65e-11 [6700 selected]
| >   graph_10    : -2.6069100296379509e-09 +/- 2.29e-10 [28760 selected]
| >   graph_11    : 5.4574674603461241e-28 +/- 7.09e-28 [1628 selected]
| >   graph_12    : -5.5893306891107388e-10 +/- 2.21e-11 [4280 selected]
| >   graph_13    : -1.1717640786588195e-08 +/- 1.97e-10 [29447 selected]
| >   graph_14    : 1.0830035684273067e-10 +/- 1.38e-12 [1592 selected]
| >   graph_15    : 2.2371766641601124e-25 +/- 4.24e-25 [1711 selected]
| >   graph_16    : 3.8902863922583620e-09 +/- 2.93e-11 [3198 selected]
| >   graph_17    : -3.5108381635621362e-10 +/- 4.50e-12 [1635 selected]
| >   graph_18    : 1.1951166922265210e-08 +/- 1.65e-10 [22197 selected]
| >   graph_19    : 1.0601656868395554e-09 +/- 1.43e-11 [1704 selected]
| >   graph_20    : -7.7887250437587756e-10 +/- 9.88e-12 [1626 selected]
| >   graph_21    : -9.4501135885378874e-10 +/- 3.58e-11 [6453 selected]
| >   graph_22    : -4.5857781175174344e-10 +/- 3.62e-11 [3159 selected]
| >   graph_23    : -2.6300711851680891e-10 +/- 1.03e-11 [1697 selected]
| >   graph_24    : 5.6249839563386112e-10 +/- 4.07e-11 [4894 selected]
| >   graph_25    : 4.1314326243941475e-10 +/- 2.87e-11 [2557 selected]
| >   graph_26    : -2.1175377020817816e-10 +/- 2.68e-12 [1630 selected]
| >   graph_27    : -2.7567579405361665e-11 +/- 3.41e-13 [1611 selected]
| >   graph_28    : -1.1263821667272828e-09 +/- 2.13e-11 [2284 selected]
| >   graph_29    : 6.7826069055822502e-08 +/- 4.86e-10 [64256 selected]
| >   graph_30    : -1.3303636441511447e-09 +/- 3.48e-10 [65633 selected]
| >   graph_31    : 4.1252010662411001e-11 +/- 1.16e-12 [1741 selected]
| >   graph_32    : -1.7026483274334383e-11 +/- 2.23e-11 [2504 selected]
| >   graph_33    : -1.8787624902045667e-09 +/- 8.28e-11 [12101 selected]
| >   graph_34    : 8.1615862509830156e-26 +/- 8.91e-26 [1650 selected]
| >   graph_35    : 2.5585261004096398e-08 +/- 4.39e-10 [91538 selected]
| >   graph_36    : -2.9537428694526889e-09 +/- 6.05e-11 [8563 selected]
| >   graph_37    : 1.6112062972870440e-08 +/- 1.90e-10 [27900 selected]
| >   graph_38    : 3.9616380567328252e-10 +/- 9.47e-12 [1537 selected]
| >   graph_39    : -7.4562372541208031e-09 +/- 1.05e-10 [14658 selected]
| >   graph_40    : -5.7753388755165088e-10 +/- 8.62e-10 [163761 selected]
| >   graph_41    : 1.7076566615886805e-09 +/- 6.16e-11 [10069 selected]
| >   graph_42    : 4.4292448448916607e-09 +/- 4.58e-10 [52808 selected]
| >   graph_43    : 3.0307185802110811e-09 +/- 6.35e-11 [8594 selected]
| >   graph_44    : 4.6775747503611364e-10 +/- 2.21e-11 [4232 selected]
| >   graph_45    : 2.4115301939263462e-10 +/- 2.89e-12 [1678 selected]
| >   graph_46    : -6.0042379271159709e-11 +/- 1.10e-12 [1612 selected]
| >   graph_47    : -6.1024159419663640e-09 +/- 2.76e-10 [56861 selected]
| >   graph_48    : -9.8085181797371502e-11 +/- 6.95e-12 [1629 selected]
| >   graph_49    : -3.4541248280481664e-08 +/- 2.38e-10 [32678 selected]
| >   graph_50    : 8.8682829515590429e-10 +/- 3.55e-11 [4073 selected]
| >   graph_51    : 5.7438541790060426e-09 +/- 4.24e-11 [4578 selected]
| >   graph_52    : 2.2325149418378852e-10 +/- 1.57e-11 [1605 selected]
| >   graph_53    : -8.2623558380331265e-10 +/- 4.72e-11 [8099 selected]
| >   graph_54    : -3.2967489583564977e-09 +/- 6.48e-10 [60726 selected]
| >   graph_55    : 1.0861788605739109e-09 +/- 4.00e-11 [7074 selected]
| >   graph_56    : -4.2063046159945480e-09 +/- 3.11e-11 [3572 selected]
| >   graph_57    : -1.3019048367419155e-08 +/- 1.97e-10 [26296 selected]
| >   graph_58    : 4.2651487454204676e-11 +/- 6.58e-12 [1601 selected]
| >   graph_59    : 4.2953392971861989e-11 +/- 6.24e-12 [1638 selected]
| >   graph_60    : -6.9136382192768482e-11 +/- 6.42e-12 [1639 selected]
| >   graph_61    : 1.2810773698906989e-08 +/- 2.63e-10 [36207 selected]
| >   graph_62    : -1.9447858569694500e-24 +/- 8.02e-25 [1715 selected]
| >   graph_63    : -1.1591227399134509e-09 +/- 2.41e-11 [2761 selected]
| >   graph_64    : 8.4166714590526279e-10 +/- 1.08e-11 [1704 selected]
| >   sum         : 2.9113850729597090e-08
| >   total       : 2.9113850729597024e-08
| >   difference  : 6.6174449004242214e-23
[92mINFO[0m [94msymbolica_integrator l.7237[0m [96mt=2026-09-09,10:00:32.451[0m > Symbolica integration: starting iteration [92m11/100[0m using [94m1000000[0m points ...
[92mINFO[0m [94msymbolica_integrator l.7270[0m [96mt=2026-09-09,10:04:31.857[0m > ... result after this iteration:
| > Integration result after [92m11000000[0m evaluations in [92m93512.40 CPU-s[0m [94m(8501.1 µs / eval)[0m
| > Extremal weights:
| >   with jacobian    : 6.42913e+04 at xs = [6.4644958547623425e-06 3.1307897920715977e-01 5.0185593365889736e-01 1.4075378126604982e-01 6.6303962676109018e-01 6.9991495143280213e-01] | jacobian = 1.96148e+06
| >     momentum space  : k = [[-9.9821576477998283e-04, 2.3853254479476501e-03, 1.3058583788427057e+02]; [-2.7549731429469890e+01, -4.5301133802697962e+01, -3.8500055884453985e+01]]
| >   without jacobian : 1.82909e+01 at xs = [4.1760562766310838e-08 4.3833837053194241e-02 4.8936761372269133e-01 1.7250071173655629e-01 1.7399151325841544e-01 8.4778148922888719e-01] | jacobian = 8.12377e+01
| >     momentum space  : k = [[1.6065712201211285e-05, 4.5401367809515483e-06, 1.6617931056677020e+02]; [1.7637037368562513e+01, 3.4079059838480333e+01, -7.4030135665164480e+01]]
| >   before clipping   : 3.39582e+05 at xs = [4.4142146055044517e-06 7.0427108078398881e-01 5.0045551158863166e-01 2.0956988640940771e-01 6.8994378165608705e-01 4.1972231871796378e-01]
| >     momentum space  : k = [[-5.0037278030700912e-04, -1.6933088063469314e-03, 2.1135819153359350e+02]; [-3.7839631537592474e+01, -9.5473456200081671e+01, 2.6464056820957207e+01]]
| > Stability pipeline: float pairs accepted = 15371979, HP pairs attempted/accepted = 252640/252640
| > Stability triggers: float mismatch = 234559, float non-finite/error = 45
| > HP precision escalations: attempted/accepted = 132/132
| > Higher-precision rejections: disagreement = 0, non-finite = 0, error = 0
| > Soft-mirror stability: pairs = 4850561, large-side triggers = 17967, HP orbits attempted/salvaged/failed = 225942/225942/0
| > Soft-mirror extrema: raw mirror = -2.14460e+08, post-average = 3.39582e+05
| > Strongest soft-mirror cancellation: residual/raw = 0.00000e+00
| > Unstable rotational-check points rejected = 0
| > Rotational-check high-precision retries = 234604
| > Rotational-check high-precision salvaged = 234604
| > Large-weight high-precision retries = 18036
| > Large-weight high-precision salvaged = 18036
| > Large-weight high-precision rejected = 0
| > Large-weight samples zeroed = 11 (1.000e-06 of samples; removed signed/absolute sums = -8.19098e+04/1.82707e+06)
| > Non-finite final outputs zeroed = 0
| > Non-finite float rotated evaluations seen = 0
| > Example higher-precision-retried xs = [1.7265545145750016e-01 3.0987003362503329e-01 3.2061093419506459e-01 2.9773816827716681e-01 4.2264025488893087e-01 5.4552528647525544e-01] | float rel = 1.83306e+00
| >     momentum space  : k = [[-2.5923335064264300e+01, 6.5631404491694042e+01, 4.4592524277177773e+01]; [-1.4841504911254179e+02, 7.8414345192107874e+01, -2.4172211541858793e+01]]
| > Example large-weight higher-precision-retried xs = [6.2315394262952850e-03 8.7335248832704826e-02 4.3698273950411237e-01 1.7075337559625559e-01 2.3328011702598017e-02 8.1591186955703054e-01] | compiled = 1.29744e+03 | higher precision = -1.91195e+00
| >     momentum space  : k = [[2.0981863278860531e+00, 1.2827845393213939e+00, 1.6464272205621262e+02]; [4.4540392286650942e+01, 6.5756311498899862e+00, -6.8970990633645286e+01]]
| > [92mCentral value[0m : +2.9374494134076380e-08   +/- 1.46e-09     ([91m4.953%[0m)
[92mINFO[0m [94msymbolica_integrator l.7274[0m [96mt=2026-09-09,10:04:31.857[0m > | > Graph-channel Symbolica observer estimates:
| >   graph_0     : -2.0859888978729398e-08 +/- 3.00e-10 [49283 selected]
| >   graph_1     : 3.3717173760730628e-10 +/- 1.95e-11 [2285 selected]
| >   graph_2     : -1.2758547503320399e-08 +/- 1.01e-10 [14728 selected]
| >   graph_3     : 1.1880917931404008e-10 +/- 3.10e-12 [1629 selected]
| >   graph_4     : -6.5629383136405590e-10 +/- 2.86e-11 [2986 selected]
| >   graph_5     : -3.7466589785934243e-11 +/- 3.61e-12 [1613 selected]
| >   graph_6     : -4.5166036316557028e-11 +/- 3.87e-12 [1561 selected]
| >   graph_7     : 6.0789540240518502e-11 +/- 5.32e-12 [1549 selected]
| >   graph_8     : -9.5447453465567795e-10 +/- 2.98e-11 [5909 selected]
| >   graph_9     : 1.0636058401003354e-09 +/- 3.36e-11 [6637 selected]
| >   graph_10    : -2.6018352865091221e-09 +/- 2.09e-10 [28581 selected]
| >   graph_11    : 5.5254571384374088e-28 +/- 6.64e-28 [1582 selected]
| >   graph_12    : -5.5803625242748849e-10 +/- 2.05e-11 [4116 selected]
| >   graph_13    : -1.1743507094573734e-08 +/- 1.81e-10 [29569 selected]
| >   graph_14    : 1.0857027548442208e-10 +/- 1.30e-12 [1626 selected]
| >   graph_15    : 4.0348678560922748e-26 +/- 3.93e-25 [1674 selected]
| >   graph_16    : 3.8913249726589363e-09 +/- 2.76e-11 [3190 selected]
| >   graph_17    : -3.5132942227890318e-10 +/- 4.21e-12 [1570 selected]
| >   graph_18    : 1.1925490599111889e-08 +/- 1.51e-10 [22021 selected]
| >   graph_19    : 1.0546891051909477e-09 +/- 1.35e-11 [1558 selected]
| >   graph_20    : -7.7764679967777863e-10 +/- 9.39e-12 [1626 selected]
| >   graph_21    : -9.3214018061192715e-10 +/- 3.30e-11 [6327 selected]
| >   graph_22    : -4.7374274584124329e-10 +/- 3.32e-11 [3152 selected]
| >   graph_23    : -2.6093076661041968e-10 +/- 9.83e-12 [1617 selected]
| >   graph_24    : 5.5864103228214859e-10 +/- 3.84e-11 [4828 selected]
| >   graph_25    : 4.2387462522715153e-10 +/- 2.70e-11 [2600 selected]
| >   graph_26    : -2.1163098083764734e-10 +/- 2.52e-12 [1588 selected]
| >   graph_27    : -2.7488749558204708e-11 +/- 3.18e-13 [1606 selected]
| >   graph_28    : -1.1343777324314498e-09 +/- 2.01e-11 [2386 selected]
| >   graph_29    : 6.7857594627120874e-08 +/- 4.45e-10 [64625 selected]
| >   graph_30    : -1.1385023375359266e-09 +/- 3.68e-10 [64802 selected]
| >   graph_31    : 4.1076085854822420e-11 +/- 1.10e-12 [1614 selected]
| >   graph_32    : -2.2446020972894401e-11 +/- 2.09e-11 [2463 selected]
| >   graph_33    : -1.8714517126409732e-09 +/- 7.58e-11 [11839 selected]
| >   graph_34    : 1.8154991140294329e-25 +/- 1.04e-25 [1647 selected]
| >   graph_35    : 2.5553880492346424e-08 +/- 4.07e-10 [95268 selected]
| >   graph_36    : -2.9543255698594537e-09 +/- 5.66e-11 [8289 selected]
| >   graph_37    : 1.6106036517988411e-08 +/- 1.76e-10 [28356 selected]
| >   graph_38    : 3.9827705392580015e-10 +/- 9.00e-12 [1614 selected]
| >   graph_39    : -7.4559111057231705e-09 +/- 9.79e-11 [14520 selected]
| >   graph_40    : -5.5910392349810240e-10 +/- 7.85e-10 [162268 selected]
| >   graph_41    : 1.7119761730551664e-09 +/- 5.66e-11 [9698 selected]
| >   graph_42    : 4.4163368688108063e-09 +/- 4.18e-10 [53355 selected]
| >   graph_43    : 3.0674255880796518e-09 +/- 5.94e-11 [8557 selected]
| >   graph_44    : 4.6343393876142136e-10 +/- 2.05e-11 [4177 selected]
| >   graph_45    : 2.4160973557454597e-10 +/- 2.71e-12 [1634 selected]
| >   graph_46    : -6.0307814221081636e-11 +/- 1.05e-12 [1585 selected]
| >   graph_47    : -6.1285023813735114e-09 +/- 2.53e-10 [57835 selected]
| >   graph_48    : -9.7850130864108282e-11 +/- 6.51e-12 [1546 selected]
| >   graph_49    : -3.4485828375590727e-08 +/- 2.20e-10 [33115 selected]
| >   graph_50    : 8.8330789279732014e-10 +/- 3.29e-11 [4019 selected]
| >   graph_51    : 5.7392101298025458e-09 +/- 4.00e-11 [4616 selected]
| >   graph_52    : 2.3307756579064487e-10 +/- 1.48e-11 [1678 selected]
| >   graph_53    : -8.2371169348996767e-10 +/- 4.35e-11 [7950 selected]
| >   graph_54    : -3.2438995598157067e-09 +/- 5.90e-10 [60219 selected]
| >   graph_55    : 1.0792116386438243e-09 +/- 3.69e-11 [7005 selected]
| >   graph_56    : -4.2112989714189666e-09 +/- 2.92e-11 [3645 selected]
| >   graph_57    : -1.3005537235026308e-08 +/- 1.81e-10 [25974 selected]
| >   graph_58    : 4.3729841645725891e-11 +/- 6.23e-12 [1645 selected]
| >   graph_59    : 4.0912844904323171e-11 +/- 5.95e-12 [1622 selected]
| >   graph_60    : -6.8093133582500742e-11 +/- 6.08e-12 [1585 selected]
| >   graph_61    : 1.2785864958244928e-08 +/- 2.44e-10 [35771 selected]
| >   graph_62    : -1.9632749052736096e-24 +/- 7.38e-25 [1634 selected]
| >   graph_63    : -1.1577262724673022e-09 +/- 2.28e-11 [2856 selected]
| >   graph_64    : 8.3756499712225270e-10 +/- 1.04e-11 [1577 selected]
| >   sum         : 2.9374494134076538e-08
| >   total       : 2.9374494134076380e-08
| >   difference  : 1.5881867761018131e-22
[92mINFO[0m [94msymbolica_integrator l.7237[0m [96mt=2026-09-09,10:04:31.858[0m > Symbolica integration: starting iteration [92m12/100[0m using [94m1000000[0m points ...
[92mINFO[0m [94msymbolica_integrator l.7270[0m [96mt=2026-09-09,10:08:34.540[0m > ... result after this iteration:
| > Integration result after [92m12000000[0m evaluations in [92m102815.91 CPU-s[0m [94m(8568.0 µs / eval)[0m
| > Extremal weights:
| >   with jacobian    : 6.81499e+04 at xs = [9.6725385633755197e-06 5.5973677861315729e-01 5.0137544710356752e-01 1.1692125743600908e-01 4.9429381217114127e-01 6.5530233434749052e-01] | jacobian = 2.96497e+06
| >     momentum space  : k = [[-3.5996714283403216e-03, -1.4183286106297403e-03, 1.0554743096434308e+02]; [-4.6751257723869742e+01, 1.6768930808889200e+00, -2.4826353477930844e+01]]
| >   without jacobian : 3.40279e+02 at xs = [9.9325034230077484e-08 5.6114534485980272e-01 5.0091826884718182e-01 1.3548771831633222e-01 5.6808188441234697e-01 5.0284695442512195e-01] | jacobian = 5.17408e+02
| >     momentum space  : k = [[-3.6833675458393832e-05, -1.4890987790507052e-05, 1.2493451932930166e+02]; [-5.7037639229935905e+01, -2.6004945958020144e+01, -5.6067778677030611e-01]]
| >   before clipping   : 1.46933e+06 at xs = [1.7044072181738837e-06 5.4244711616774055e-01 5.0024705632183686e-01 2.0798822492198624e-01 7.0447965579432670e-01 4.7887046750954776e-01]
| >     momentum space  : k = [[-6.5766011366805589e-04, -1.7968058818432502e-04, 2.0934413488217959e+02]; [-2.9570429023633437e+01, -1.0055382792093009e+02, 6.9676747962201944e+00]]
| > Stability pipeline: float pairs accepted = 16763232, HP pairs attempted/accepted = 286274/286274
| > Stability triggers: float mismatch = 266145, float non-finite/error = 54
| > HP precision escalations: attempted/accepted = 152/152
| > Higher-precision rejections: disagreement = 0, non-finite = 0, error = 0
| > Soft-mirror stability: pairs = 5305883, large-side triggers = 19998, HP orbits attempted/salvaged/failed = 256377/256377/0
| > Soft-mirror extrema: raw mirror = -2.14460e+08, post-average = 1.46933e+06
| > Strongest soft-mirror cancellation: residual/raw = 0.00000e+00
| > Unstable rotational-check points rejected = 0
| > Rotational-check high-precision retries = 266199
| > Rotational-check high-precision salvaged = 266199
| > Large-weight high-precision retries = 20075
| > Large-weight high-precision salvaged = 20075
| > Large-weight high-precision rejected = 0
| > Large-weight samples zeroed = 16 (1.333e-06 of samples; removed signed/absolute sums = 2.23859e+06/5.54578e+06)
| > Non-finite final outputs zeroed = 0
| > Non-finite float rotated evaluations seen = 0
| > Example higher-precision-retried xs = [1.7265545145750016e-01 3.0987003362503329e-01 3.2061093419506459e-01 2.9773816827716681e-01 4.2264025488893087e-01 5.4552528647525544e-01] | float rel = 1.83306e+00
| >     momentum space  : k = [[-2.5923335064264300e+01, 6.5631404491694042e+01, 4.4592524277177773e+01]; [-1.4841504911254179e+02, 7.8414345192107874e+01, -2.4172211541858793e+01]]
| > Example large-weight higher-precision-retried xs = [6.2315394262952850e-03 8.7335248832704826e-02 4.3698273950411237e-01 1.7075337559625559e-01 2.3328011702598017e-02 8.1591186955703054e-01] | compiled = 1.29744e+03 | higher precision = -1.91195e+00
| >     momentum space  : k = [[2.0981863278860531e+00, 1.2827845393213939e+00, 1.6464272205621262e+02]; [4.4540392286650942e+01, 6.5756311498899862e+00, -6.8970990633645286e+01]]
| > [92mCentral value[0m : +2.9385097300754065e-08   +/- 1.34e-09     ([91m4.565%[0m)
[92mINFO[0m [94msymbolica_integrator l.7274[0m [96mt=2026-09-09,10:08:34.541[0m > | > Graph-channel Symbolica observer estimates:
| >   graph_0     : -2.0845171817660241e-08 +/- 2.78e-10 [49188 selected]
| >   graph_1     : 3.4081546342468579e-10 +/- 1.81e-11 [2239 selected]
| >   graph_2     : -1.2729637591372621e-08 +/- 9.51e-11 [14419 selected]
| >   graph_3     : 1.1794614357343613e-10 +/- 2.95e-12 [1556 selected]
| >   graph_4     : -6.5797136976767522e-10 +/- 2.70e-11 [2932 selected]
| >   graph_5     : -3.8398875467549037e-11 +/- 3.45e-12 [1590 selected]
| >   graph_6     : -4.4086335488429870e-11 +/- 3.69e-12 [1524 selected]
| >   graph_7     : 6.2622317101822352e-11 +/- 5.09e-12 [1557 selected]
| >   graph_8     : -9.4915962204250934e-10 +/- 2.78e-11 [5593 selected]
| >   graph_9     : 1.0576798319937434e-09 +/- 3.12e-11 [6297 selected]
| >   graph_10    : -2.5964008415460149e-09 +/- 1.93e-10 [27533 selected]
| >   graph_11    : 9.4963450409521091e-28 +/- 6.26e-28 [1556 selected]
| >   graph_12    : -5.5496021912465727e-10 +/- 1.91e-11 [3972 selected]
| >   graph_13    : -1.1766104571518846e-08 +/- 1.69e-10 [28712 selected]
| >   graph_14    : 1.0916745713963630e-10 +/- 1.22e-12 [1678 selected]
| >   graph_15    : 8.6220806466597784e-26 +/- 3.79e-25 [1613 selected]
| >   graph_16    : 3.8912563245932978e-09 +/- 2.62e-11 [3115 selected]
| >   graph_17    : -3.5301154524658757e-10 +/- 3.96e-12 [1613 selected]
| >   graph_18    : 1.1921442932098486e-08 +/- 1.40e-10 [21285 selected]
| >   graph_19    : 1.0558432115602328e-09 +/- 1.29e-11 [1619 selected]
| >   graph_20    : -7.7903611585354968e-10 +/- 8.98e-12 [1617 selected]
| >   graph_21    : -9.2606211441806750e-10 +/- 3.07e-11 [6183 selected]
| >   graph_22    : -4.7523884498653281e-10 +/- 3.07e-11 [3054 selected]
| >   graph_23    : -2.6354554109265277e-10 +/- 9.39e-12 [1531 selected]
| >   graph_24    : 5.6431805457886849e-10 +/- 3.64e-11 [4656 selected]
| >   graph_25    : 4.2987089851519189e-10 +/- 2.55e-11 [2550 selected]
| >   graph_26    : -2.1271946401940655e-10 +/- 2.39e-12 [1618 selected]
| >   graph_27    : -2.7488193051924719e-11 +/- 2.99e-13 [1564 selected]
| >   graph_28    : -1.1311629842985345e-09 +/- 1.92e-11 [2205 selected]
| >   graph_29    : 6.7851757243956139e-08 +/- 4.11e-10 [63270 selected]
| >   graph_30    : -1.1191408130294516e-09 +/- 3.38e-10 [86196 selected]
| >   graph_31    : 4.1500105964104027e-11 +/- 1.04e-12 [1555 selected]
| >   graph_32    : -2.3373964829091076e-11 +/- 1.97e-11 [2373 selected]
| >   graph_33    : -1.8615427925791125e-09 +/- 7.01e-11 [11293 selected]
| >   graph_34    : 1.4755657446946196e-25 +/- 9.70e-26 [1542 selected]
| >   graph_35    : 2.5570459601156522e-08 +/- 3.76e-10 [95772 selected]
| >   graph_36    : -2.9693798522358306e-09 +/- 5.33e-11 [8077 selected]
| >   graph_37    : 1.6120092687199826e-08 +/- 1.64e-10 [27881 selected]
| >   graph_38    : 3.9814221453537717e-10 +/- 8.71e-12 [1553 selected]
| >   graph_39    : -7.4612392608069864e-09 +/- 9.21e-11 [14340 selected]
| >   graph_40    : -5.0346637939220932e-10 +/- 7.21e-10 [156646 selected]
| >   graph_41    : 1.7121246055440158e-09 +/- 5.25e-11 [9564 selected]
| >   graph_42    : 4.3829608541405471e-09 +/- 3.84e-10 [52274 selected]
| >   graph_43    : 3.0579988214884425e-09 +/- 5.61e-11 [8415 selected]
| >   graph_44    : 4.6501973807667267e-10 +/- 1.91e-11 [4068 selected]
| >   graph_45    : 2.4121929052691375e-10 +/- 2.55e-12 [1552 selected]
| >   graph_46    : -6.0508354342512925e-11 +/- 9.90e-13 [1538 selected]
| >   graph_47    : -6.1947460186514772e-09 +/- 2.35e-10 [55419 selected]
| >   graph_48    : -9.5758925022787876e-11 +/- 6.13e-12 [1508 selected]
| >   graph_49    : -3.4525180743016756e-08 +/- 2.04e-10 [32188 selected]
| >   graph_50    : 8.8153408041016788e-10 +/- 3.09e-11 [3882 selected]
| >   graph_51    : 5.7478124502487417e-09 +/- 3.80e-11 [4530 selected]
| >   graph_52    : 2.3742500905746825e-10 +/- 1.41e-11 [1639 selected]
| >   graph_53    : -8.3094259505733117e-10 +/- 4.04e-11 [7751 selected]
| >   graph_54    : -3.2077120167085927e-09 +/- 5.42e-10 [58456 selected]
| >   graph_55    : 1.0852174708176796e-09 +/- 3.44e-11 [6599 selected]
| >   graph_56    : -4.2106769130658704e-09 +/- 2.77e-11 [3450 selected]
| >   graph_57    : -1.3025558260776477e-08 +/- 1.67e-10 [25610 selected]
| >   graph_58    : 4.3323756968592142e-11 +/- 5.95e-12 [1609 selected]
| >   graph_59    : 4.1365554224116729e-11 +/- 5.72e-12 [1602 selected]
| >   graph_60    : -6.9898547505033760e-11 +/- 5.81e-12 [1548 selected]
| >   graph_61    : 1.2784939253869139e-08 +/- 2.26e-10 [35929 selected]
| >   graph_62    : -2.0539347788715878e-24 +/- 7.33e-25 [1619 selected]
| >   graph_63    : -1.1571822438389607e-09 +/- 2.16e-11 [2599 selected]
| >   graph_64    : 8.3770565580456681e-10 +/- 9.93e-12 [1584 selected]
| >   sum         : 2.9385097300754151e-08
| >   total       : 2.9385097300754065e-08
| >   difference  : 8.6026783705514878e-23
[92mINFO[0m [94msymbolica_integrator l.7237[0m [96mt=2026-09-09,10:08:34.541[0m > Symbolica integration: starting iteration [92m13/100[0m using [94m1000000[0m points ...
[92mINFO[0m [94msymbolica_integrator l.7270[0m [96mt=2026-09-09,10:12:25.463[0m > ... result after this iteration:
| > Integration result after [92m13000000[0m evaluations in [92m111972.94 CPU-s[0m [94m(8613.3 µs / eval)[0m
| > Extremal weights:
| >   with jacobian    : 6.81499e+04 at xs = [9.6725385633755197e-06 5.5973677861315729e-01 5.0137544710356752e-01 1.1692125743600908e-01 4.9429381217114127e-01 6.5530233434749052e-01] | jacobian = 2.96497e+06
| >     momentum space  : k = [[-3.5996714283403216e-03, -1.4183286106297403e-03, 1.0554743096434308e+02]; [-4.6751257723869742e+01, 1.6768930808889200e+00, -2.4826353477930844e+01]]
| >   without jacobian : 3.40279e+02 at xs = [9.9325034230077484e-08 5.6114534485980272e-01 5.0091826884718182e-01 1.3548771831633222e-01 5.6808188441234697e-01 5.0284695442512195e-01] | jacobian = 5.17408e+02
| >     momentum space  : k = [[-3.6833675458393832e-05, -1.4890987790507052e-05, 1.2493451932930166e+02]; [-5.7037639229935905e+01, -2.6004945958020144e+01, -5.6067778677030611e-01]]
| >   before clipping   : 1.46933e+06 at xs = [1.7044072181738837e-06 5.4244711616774055e-01 5.0024705632183686e-01 2.0798822492198624e-01 7.0447965579432670e-01 4.7887046750954776e-01]
| >     momentum space  : k = [[-6.5766011366805589e-04, -1.7968058818432502e-04, 2.0934413488217959e+02]; [-2.9570429023633437e+01, -1.0055382792093009e+02, 6.9676747962201944e+00]]
| > Stability pipeline: float pairs accepted = 18153457, HP pairs attempted/accepted = 320744/320744
| > Stability triggers: float mismatch = 298547, float non-finite/error = 61
| > HP precision escalations: attempted/accepted = 175/175
| > Higher-precision rejections: disagreement = 0, non-finite = 0, error = 0
| > Soft-mirror stability: pairs = 5761983, large-side triggers = 22047, HP orbits attempted/salvaged/failed = 287782/287782/0
| > Soft-mirror extrema: raw mirror = -2.14460e+08, post-average = 1.46933e+06
| > Strongest soft-mirror cancellation: residual/raw = 0.00000e+00
| > Unstable rotational-check points rejected = 0
| > Rotational-check high-precision retries = 298608
| > Rotational-check high-precision salvaged = 298608
| > Large-weight high-precision retries = 22136
| > Large-weight high-precision salvaged = 22136
| > Large-weight high-precision rejected = 0
| > Large-weight samples zeroed = 22 (1.692e-06 of samples; removed signed/absolute sums = 2.10593e+06/6.61706e+06)
| > Non-finite final outputs zeroed = 0
| > Non-finite float rotated evaluations seen = 1
| > Example higher-precision-retried xs = [1.7265545145750016e-01 3.0987003362503329e-01 3.2061093419506459e-01 2.9773816827716681e-01 4.2264025488893087e-01 5.4552528647525544e-01] | float rel = 1.83306e+00
| >     momentum space  : k = [[-2.5923335064264300e+01, 6.5631404491694042e+01, 4.4592524277177773e+01]; [-1.4841504911254179e+02, 7.8414345192107874e+01, -2.4172211541858793e+01]]
| > Example large-weight higher-precision-retried xs = [6.2315394262952850e-03 8.7335248832704826e-02 4.3698273950411237e-01 1.7075337559625559e-01 2.3328011702598017e-02 8.1591186955703054e-01] | compiled = 1.29744e+03 | higher precision = -1.91195e+00
| >     momentum space  : k = [[2.0981863278860531e+00, 1.2827845393213939e+00, 1.6464272205621262e+02]; [4.4540392286650942e+01, 6.5756311498899862e+00, -6.8970990633645286e+01]]
| > Example NaN/non-finite rotated xs = [9.7362215618168912e-01 2.8761982718842016e-02 7.1239412401005031e-01 7.6351383122687992e-06 8.1517347970654108e-01 4.6873166947969135e-02]
| >     momentum space  : k = [[1.1408782098248355e+04, 2.0845012077396245e+03, -9.1365956262265390e+03]; [1.7841371185143296e-04, -4.1105989017338625e-04, -2.9424209241204335e+04]]
| > [92mCentral value[0m : +2.9195608773563860e-08   +/- 1.26e-09     ([91m4.323%[0m)
[92mINFO[0m [94msymbolica_integrator l.7274[0m [96mt=2026-09-09,10:12:25.463[0m > | > Graph-channel Symbolica observer estimates:
| >   graph_0     : -2.0839179452054353e-08 +/- 2.60e-10 [50181 selected]
| >   graph_1     : 3.4164959276631131e-10 +/- 1.69e-11 [2265 selected]
| >   graph_2     : -1.2762485708191690e-08 +/- 8.97e-11 [14451 selected]
| >   graph_3     : 1.1697544755514460e-10 +/- 2.82e-12 [1540 selected]
| >   graph_4     : -6.6158554727236905e-10 +/- 2.57e-11 [2927 selected]
| >   graph_5     : -3.7977205284801164e-11 +/- 3.32e-12 [1567 selected]
| >   graph_6     : -4.3076392237033160e-11 +/- 3.52e-12 [1510 selected]
| >   graph_7     : 6.2735871747070312e-11 +/- 4.89e-12 [1595 selected]
| >   graph_8     : -9.4475130029005199e-10 +/- 2.60e-11 [5476 selected]
| >   graph_9     : 1.0628764000962667e-09 +/- 2.92e-11 [6353 selected]
| >   graph_10    : -2.6165626392373598e-09 +/- 1.79e-10 [27713 selected]
| >   graph_11    : 9.6788722208778849e-28 +/- 5.99e-28 [1552 selected]
| >   graph_12    : -5.5806936208690716e-10 +/- 1.79e-11 [3958 selected]
| >   graph_13    : -1.1748620512080312e-08 +/- 1.58e-10 [29055 selected]
| >   graph_14    : 1.0945610359580454e-10 +/- 1.16e-12 [1639 selected]
| >   graph_15    : 1.2064525518185054e-25 +/- 3.58e-25 [1586 selected]
| >   graph_16    : 3.8945069684635922e-09 +/- 2.49e-11 [3192 selected]
| >   graph_17    : -3.5292095047862216e-10 +/- 3.74e-12 [1539 selected]
| >   graph_18    : 1.1923960844480053e-08 +/- 1.31e-10 [21015 selected]
| >   graph_19    : 1.0520180804513813e-09 +/- 1.24e-11 [1515 selected]
| >   graph_20    : -7.7800995269988088e-10 +/- 8.59e-12 [1553 selected]
| >   graph_21    : -9.1977418150682170e-10 +/- 2.87e-11 [6151 selected]
| >   graph_22    : -4.8169277355686252e-10 +/- 2.85e-11 [3023 selected]
| >   graph_23    : -2.6467668915100607e-10 +/- 9.28e-12 [1532 selected]
| >   graph_24    : 5.5172507752569167e-10 +/- 3.48e-11 [4837 selected]
| >   graph_25    : 4.4071166628487236e-10 +/- 2.42e-11 [2529 selected]
| >   graph_26    : -2.1271182358742284e-10 +/- 2.26e-12 [1522 selected]
| >   graph_27    : -2.7595355692268939e-11 +/- 2.83e-13 [1612 selected]
| >   graph_28    : -1.1385685060059567e-09 +/- 1.83e-11 [2241 selected]
| >   graph_29    : 6.7896048607905385e-08 +/- 3.85e-10 [63657 selected]
| >   graph_30    : -1.1380204488195367e-09 +/- 3.13e-10 [83273 selected]
| >   graph_31    : 4.1397714066829420e-11 +/- 9.99e-13 [1533 selected]
| >   graph_32    : -3.0726675273618344e-11 +/- 1.86e-11 [2439 selected]
| >   graph_33    : -1.8599048993614009e-09 +/- 6.54e-11 [11395 selected]
| >   graph_34    : 1.5321245228541666e-25 +/- 9.48e-26 [1538 selected]
| >   graph_35    : 2.5525345370334590e-08 +/- 3.49e-10 [96224 selected]
| >   graph_36    : -2.9629535254773042e-09 +/- 5.05e-11 [8246 selected]
| >   graph_37    : 1.6106403302821688e-08 +/- 1.55e-10 [28275 selected]
| >   graph_38    : 3.9885037023935579e-10 +/- 8.38e-12 [1558 selected]
| >   graph_39    : -7.4796088174210979e-09 +/- 8.72e-11 [14372 selected]
| >   graph_40    : -5.0485208259398942e-10 +/- 6.67e-10 [156063 selected]
| >   graph_41    : 1.7040787145870980e-09 +/- 4.89e-11 [9439 selected]
| >   graph_42    : 4.4059919983590381e-09 +/- 3.56e-10 [52194 selected]
| >   graph_43    : 3.0567483145386585e-09 +/- 5.32e-11 [8267 selected]
| >   graph_44    : 4.5868631820648439e-10 +/- 1.80e-11 [3960 selected]
| >   graph_45    : 2.4166367096019000e-10 +/- 2.42e-12 [1614 selected]
| >   graph_46    : -6.0664186029703810e-11 +/- 9.41e-13 [1591 selected]
| >   graph_47    : -6.3653590798668041e-09 +/- 2.99e-10 [55649 selected]
| >   graph_48    : -9.4625768301449689e-11 +/- 5.85e-12 [1571 selected]
| >   graph_49    : -3.4493516548539876e-08 +/- 1.91e-10 [32602 selected]
| >   graph_50    : 8.9475437085003340e-10 +/- 3.09e-11 [3961 selected]
| >   graph_51    : 5.7391932368166242e-09 +/- 3.61e-11 [4430 selected]
| >   graph_52    : 2.3718125155685699e-10 +/- 1.35e-11 [1549 selected]
| >   graph_53    : -8.3538074474331632e-10 +/- 3.78e-11 [7558 selected]
| >   graph_54    : -3.1544108404448508e-09 +/- 5.01e-10 [58342 selected]
| >   graph_55    : 1.0847759448672583e-09 +/- 3.22e-11 [6594 selected]
| >   graph_56    : -4.2188108843448315e-09 +/- 2.64e-11 [3513 selected]
| >   graph_57    : -1.3033355405569211e-08 +/- 1.56e-10 [25872 selected]
| >   graph_58    : 4.2980140870156801e-11 +/- 5.70e-12 [1624 selected]
| >   graph_59    : 3.9365392324681972e-11 +/- 5.49e-12 [1575 selected]
| >   graph_60    : -6.9203528352361246e-11 +/- 5.58e-12 [1581 selected]
| >   graph_61    : 1.2771427162079182e-08 +/- 2.10e-10 [36509 selected]
| >   graph_62    : -1.6954269126348135e-24 +/- 6.98e-25 [1506 selected]
| >   graph_63    : -1.1543434571941633e-09 +/- 2.06e-11 [2681 selected]
| >   graph_64    : 8.3809608296100182e-10 +/- 9.55e-12 [1616 selected]
| >   sum         : 2.9195608773564065e-08
| >   total       : 2.9195608773563860e-08
| >   difference  : 2.0514079191315086e-22
[92mINFO[0m [94msymbolica_integrator l.7237[0m [96mt=2026-09-09,10:12:25.464[0m > Symbolica integration: starting iteration [92m14/100[0m using [94m1000000[0m points ...
[92mINFO[0m [94msymbolica_integrator l.7270[0m [96mt=2026-09-09,10:16:35.030[0m > ... result after this iteration:
| > Integration result after [92m14000000[0m evaluations in [92m121668.85 CPU-s[0m [94m(8690.6 µs / eval)[0m
| > Extremal weights:
| >   with jacobian    : 6.81499e+04 at xs = [9.6725385633755197e-06 5.5973677861315729e-01 5.0137544710356752e-01 1.1692125743600908e-01 4.9429381217114127e-01 6.5530233434749052e-01] | jacobian = 2.96497e+06
| >     momentum space  : k = [[-3.5996714283403216e-03, -1.4183286106297403e-03, 1.0554743096434308e+02]; [-4.6751257723869742e+01, 1.6768930808889200e+00, -2.4826353477930844e+01]]
| >   without jacobian : 3.40279e+02 at xs = [9.9325034230077484e-08 5.6114534485980272e-01 5.0091826884718182e-01 1.3548771831633222e-01 5.6808188441234697e-01 5.0284695442512195e-01] | jacobian = 5.17408e+02
| >     momentum space  : k = [[-3.6833675458393832e-05, -1.4890987790507052e-05, 1.2493451932930166e+02]; [-5.7037639229935905e+01, -2.6004945958020144e+01, -5.6067778677030611e-01]]
| >   before clipping   : 1.46933e+06 at xs = [1.7044072181738837e-06 5.4244711616774055e-01 5.0024705632183686e-01 2.0798822492198624e-01 7.0447965579432670e-01 4.7887046750954776e-01]
| >     momentum space  : k = [[-6.5766011366805589e-04, -1.7968058818432502e-04, 2.0934413488217959e+02]; [-2.9570429023633437e+01, -1.0055382792093009e+02, 6.9676747962201944e+00]]
| > Stability pipeline: float pairs accepted = 19528051, HP pairs attempted/accepted = 354062/354062
| > Stability triggers: float mismatch = 329810, float non-finite/error = 73
| > HP precision escalations: attempted/accepted = 201/201
| > Higher-precision rejections: disagreement = 0, non-finite = 0, error = 0
| > Soft-mirror stability: pairs = 6200205, large-side triggers = 24078, HP orbits attempted/salvaged/failed = 318092/318092/0
| > Soft-mirror extrema: raw original = -3.35675e+08, post-average = 1.46933e+06
| > Strongest soft-mirror cancellation: residual/raw = 0.00000e+00
| > Unstable rotational-check points rejected = 0
| > Rotational-check high-precision retries = 329883
| > Rotational-check high-precision salvaged = 329883
| > Large-weight high-precision retries = 24179
| > Large-weight high-precision salvaged = 24179
| > Large-weight high-precision rejected = 0
| > Large-weight samples zeroed = 23 (1.643e-06 of samples; removed signed/absolute sums = 2.24378e+06/6.75491e+06)
| > Non-finite final outputs zeroed = 0
| > Non-finite float rotated evaluations seen = 1
| > Example higher-precision-retried xs = [1.7265545145750016e-01 3.0987003362503329e-01 3.2061093419506459e-01 2.9773816827716681e-01 4.2264025488893087e-01 5.4552528647525544e-01] | float rel = 1.83306e+00
| >     momentum space  : k = [[-2.5923335064264300e+01, 6.5631404491694042e+01, 4.4592524277177773e+01]; [-1.4841504911254179e+02, 7.8414345192107874e+01, -2.4172211541858793e+01]]
| > Example large-weight higher-precision-retried xs = [6.2315394262952850e-03 8.7335248832704826e-02 4.3698273950411237e-01 1.7075337559625559e-01 2.3328011702598017e-02 8.1591186955703054e-01] | compiled = 1.29744e+03 | higher precision = -1.91195e+00
| >     momentum space  : k = [[2.0981863278860531e+00, 1.2827845393213939e+00, 1.6464272205621262e+02]; [4.4540392286650942e+01, 6.5756311498899862e+00, -6.8970990633645286e+01]]
| > Example NaN/non-finite rotated xs = [9.7362215618168912e-01 2.8761982718842016e-02 7.1239412401005031e-01 7.6351383122687992e-06 8.1517347970654108e-01 4.6873166947969135e-02]
| >     momentum space  : k = [[1.1408782098248355e+04, 2.0845012077396245e+03, -9.1365956262265390e+03]; [1.7841371185143296e-04, -4.1105989017338625e-04, -2.9424209241204335e+04]]
| > [92mCentral value[0m : +2.9057959133127978e-08   +/- 1.18e-09     ([91m4.059%[0m)
[92mINFO[0m [94msymbolica_integrator l.7274[0m [96mt=2026-09-09,10:16:35.031[0m > | > Graph-channel Symbolica observer estimates:
| >   graph_0     : -2.0897903856155864e-08 +/- 2.44e-10 [49021 selected]
| >   graph_1     : 3.4307878533333366e-10 +/- 1.60e-11 [2186 selected]
| >   graph_2     : -1.2782172906736233e-08 +/- 8.53e-11 [14036 selected]
| >   graph_3     : 1.1609332355357465e-10 +/- 2.74e-12 [1460 selected]
| >   graph_4     : -6.6123500202992143e-10 +/- 2.45e-11 [2779 selected]
| >   graph_5     : -3.7570779647712188e-11 +/- 3.20e-12 [1511 selected]
| >   graph_6     : -4.2326346357840137e-11 +/- 3.38e-12 [1535 selected]
| >   graph_7     : 6.3831542401796868e-11 +/- 4.71e-12 [1429 selected]
| >   graph_8     : -9.4476728571542710e-10 +/- 2.45e-11 [5362 selected]
| >   graph_9     : 1.0622989478608030e-09 +/- 2.74e-11 [5938 selected]
| >   graph_10    : -2.5907511873125089e-09 +/- 1.69e-10 [27007 selected]
| >   graph_11    : 7.6744963656875819e-28 +/- 5.72e-28 [1507 selected]
| >   graph_12    : -5.5396379788871919e-10 +/- 1.69e-11 [3861 selected]
| >   graph_13    : -1.1747799160049700e-08 +/- 1.49e-10 [27774 selected]
| >   graph_14    : 1.0970328159923339e-10 +/- 1.10e-12 [1548 selected]
| >   graph_15    : 1.1561753004606202e-25 +/- 3.42e-25 [1546 selected]
| >   graph_16    : 3.8919109361607894e-09 +/- 2.39e-11 [2917 selected]
| >   graph_17    : -3.5320364171146059e-10 +/- 3.56e-12 [1481 selected]
| >   graph_18    : 1.1908822667240421e-08 +/- 1.23e-10 [20518 selected]
| >   graph_19    : 1.0532240283290875e-09 +/- 1.19e-11 [1536 selected]
| >   graph_20    : -7.7310634306352809e-10 +/- 8.28e-12 [1517 selected]
| >   graph_21    : -9.1844555252134184e-10 +/- 2.70e-11 [5943 selected]
| >   graph_22    : -4.8154092928170229e-10 +/- 2.68e-11 [2994 selected]
| >   graph_23    : -2.6277218025015535e-10 +/- 8.89e-12 [1501 selected]
| >   graph_24    : 5.6325107272182416e-10 +/- 3.34e-11 [4586 selected]
| >   graph_25    : 4.3808716741922605e-10 +/- 2.32e-11 [2584 selected]
| >   graph_26    : -2.1181951519058873e-10 +/- 2.15e-12 [1452 selected]
| >   graph_27    : -2.7561397184498152e-11 +/- 2.70e-13 [1487 selected]
| >   graph_28    : -1.1380170495200250e-09 +/- 1.75e-11 [2050 selected]
| >   graph_29    : 6.7850290824665039e-08 +/- 3.60e-10 [63954 selected]
| >   graph_30    : -1.1607149559122229e-09 +/- 2.91e-10 [78756 selected]
| >   graph_31    : 4.1555558558496360e-11 +/- 9.60e-13 [1505 selected]
| >   graph_32    : -3.2059548266449191e-11 +/- 1.77e-11 [2303 selected]
| >   graph_33    : -1.8714562115652506e-09 +/- 6.13e-11 [11044 selected]
| >   graph_34    : 1.4217134435031311e-25 +/- 9.11e-26 [1496 selected]
| >   graph_35    : 2.5503660870178217e-08 +/- 3.26e-10 [91980 selected]
| >   graph_36    : -2.9652992602353644e-09 +/- 4.82e-11 [8111 selected]
| >   graph_37    : 1.6098134137116968e-08 +/- 1.46e-10 [27521 selected]
| >   graph_38    : 4.0070770018110845e-10 +/- 8.06e-12 [1531 selected]
| >   graph_39    : -7.4802870188289968e-09 +/- 8.30e-11 [14115 selected]
| >   graph_40    : -4.8626580534148502e-10 +/- 6.21e-10 [150431 selected]
| >   graph_41    : 1.7088667979475773e-09 +/- 4.59e-11 [9097 selected]
| >   graph_42    : 4.4384120691380688e-09 +/- 3.31e-10 [50146 selected]
| >   graph_43    : 3.0720757217435693e-09 +/- 5.07e-11 [8147 selected]
| >   graph_44    : 4.5837763399874898e-10 +/- 1.70e-11 [3772 selected]
| >   graph_45    : 2.4082425175475553e-10 +/- 2.30e-12 [1442 selected]
| >   graph_46    : -6.0569950996080245e-11 +/- 8.96e-13 [1561 selected]
| >   graph_47    : -6.4049772201080281e-09 +/- 2.80e-10 [89040 selected]
| >   graph_48    : -9.5109177323879937e-11 +/- 5.56e-12 [1466 selected]
| >   graph_49    : -3.4530926916326194e-08 +/- 1.88e-10 [31488 selected]
| >   graph_50    : 8.9991804381894884e-10 +/- 2.97e-11 [3804 selected]
| >   graph_51    : 5.7328691104657650e-09 +/- 3.46e-11 [4375 selected]
| >   graph_52    : 2.3917867065292056e-10 +/- 1.30e-11 [1542 selected]
| >   graph_53    : -8.3672191674543364e-10 +/- 3.56e-11 [7311 selected]
| >   graph_54    : -3.1144016074488834e-09 +/- 4.65e-10 [55886 selected]
| >   graph_55    : 1.0898467205248426e-09 +/- 3.04e-11 [6320 selected]
| >   graph_56    : -4.2231508961566014e-09 +/- 2.53e-11 [3353 selected]
| >   graph_57    : -1.3031389702883707e-08 +/- 1.46e-10 [24407 selected]
| >   graph_58    : 4.2610377451616826e-11 +/- 5.48e-12 [1504 selected]
| >   graph_59    : 3.8271442047202124e-11 +/- 5.29e-12 [1494 selected]
| >   graph_60    : -6.8948621962474419e-11 +/- 5.36e-12 [1470 selected]
| >   graph_61    : 1.2756592514042809e-08 +/- 1.97e-10 [34998 selected]
| >   graph_62    : 2.4504319863649855e-25 +/- 1.93e-24 [1471 selected]
| >   graph_63    : -1.1540350981538819e-09 +/- 1.98e-11 [2565 selected]
| >   graph_64    : 8.3673577509353287e-10 +/- 9.20e-12 [1528 selected]
| >   sum         : 2.9057959133128117e-08
| >   total       : 2.9057959133127978e-08
| >   difference  : 1.3896634290890865e-22
[92mINFO[0m [94msymbolica_integrator l.7237[0m [96mt=2026-09-09,10:16:35.031[0m > Symbolica integration: starting iteration [92m15/100[0m using [94m1000000[0m points ...
[92mINFO[0m [94msymbolica_integrator l.7270[0m [96mt=2026-09-09,10:21:34.091[0m > ... result after this iteration:
| > Integration result after [92m15000000[0m evaluations in [92m135032.32 CPU-s[0m [94m(9002.2 µs / eval)[0m
| > Extremal weights:
| >   with jacobian    : 6.84561e+04 at xs = [1.1831152537673099e-05 2.3914006585135542e-01 4.9904977575258735e-01 2.3685816221509826e-01 1.2578911605555648e-01 8.2863057269959139e-01] | jacobian = 1.89472e+07
| >     momentum space  : k = [[3.2267122853500756e-04, 4.7214829136580485e-03, 2.4742114108705093e+02]; [4.4787938068564891e+01, 4.5234286535886881e+01, -1.0658735383054278e+02]]
| >   without jacobian : 3.40279e+02 at xs = [9.9325034230077484e-08 5.6114534485980272e-01 5.0091826884718182e-01 1.3548771831633222e-01 5.6808188441234697e-01 5.0284695442512195e-01] | jacobian = 5.17408e+02
| >     momentum space  : k = [[-3.6833675458393832e-05, -1.4890987790507052e-05, 1.2493451932930166e+02]; [-5.7037639229935905e+01, -2.6004945958020144e+01, -5.6067778677030611e-01]]
| >   before clipping   : 1.46933e+06 at xs = [1.7044072181738837e-06 5.4244711616774055e-01 5.0024705632183686e-01 2.0798822492198624e-01 7.0447965579432670e-01 4.7887046750954776e-01]
| >     momentum space  : k = [[-6.5766011366805589e-04, -1.7968058818432502e-04, 2.0934413488217959e+02]; [-2.9570429023633437e+01, -1.0055382792093009e+02, 6.9676747962201944e+00]]
| > Stability pipeline: float pairs accepted = 20901265, HP pairs attempted/accepted = 387545/387545
| > Stability triggers: float mismatch = 361174, float non-finite/error = 87
| > HP precision escalations: attempted/accepted = 237/237
| > Higher-precision rejections: disagreement = 0, non-finite = 0, error = 0
| > Soft-mirror stability: pairs = 6637115, large-side triggers = 26176, HP orbits attempted/salvaged/failed = 348305/348305/0
| > Soft-mirror extrema: raw original = -3.35675e+08, post-average = 1.46933e+06
| > Strongest soft-mirror cancellation: residual/raw = 0.00000e+00
| > Unstable rotational-check points rejected = 0
| > Rotational-check high-precision retries = 361261
| > Rotational-check high-precision salvaged = 361261
| > Large-weight high-precision retries = 26284
| > Large-weight high-precision salvaged = 26284
| > Large-weight high-precision rejected = 0
| > Large-weight samples zeroed = 26 (1.733e-06 of samples; removed signed/absolute sums = 2.84275e+06/7.35388e+06)
| > Non-finite final outputs zeroed = 0
| > Non-finite float rotated evaluations seen = 2
| > Example higher-precision-retried xs = [1.7265545145750016e-01 3.0987003362503329e-01 3.2061093419506459e-01 2.9773816827716681e-01 4.2264025488893087e-01 5.4552528647525544e-01] | float rel = 1.83306e+00
| >     momentum space  : k = [[-2.5923335064264300e+01, 6.5631404491694042e+01, 4.4592524277177773e+01]; [-1.4841504911254179e+02, 7.8414345192107874e+01, -2.4172211541858793e+01]]
| > Example large-weight higher-precision-retried xs = [6.2315394262952850e-03 8.7335248832704826e-02 4.3698273950411237e-01 1.7075337559625559e-01 2.3328011702598017e-02 8.1591186955703054e-01] | compiled = 1.29744e+03 | higher precision = -1.91195e+00
| >     momentum space  : k = [[2.0981863278860531e+00, 1.2827845393213939e+00, 1.6464272205621262e+02]; [4.4540392286650942e+01, 6.5756311498899862e+00, -6.8970990633645286e+01]]
| > Example NaN/non-finite rotated xs = [9.7362215618168912e-01 2.8761982718842016e-02 7.1239412401005031e-01 7.6351383122687992e-06 8.1517347970654108e-01 4.6873166947969135e-02]
| >     momentum space  : k = [[1.1408782098248355e+04, 2.0845012077396245e+03, -9.1365956262265390e+03]; [1.7841371185143296e-04, -4.1105989017338625e-04, -2.9424209241204335e+04]]
| > [92mCentral value[0m : +2.8799873271163952e-08   +/- 1.11e-09     ([91m3.844%[0m)
[92mINFO[0m [94msymbolica_integrator l.7274[0m [96mt=2026-09-09,10:21:34.092[0m > | > Graph-channel Symbolica observer estimates:
| >   graph_0     : -2.0894723868708782e-08 +/- 2.30e-10 [48977 selected]
| >   graph_1     : 3.4667585051128210e-10 +/- 1.51e-11 [2167 selected]
| >   graph_2     : -1.2799441300144025e-08 +/- 8.13e-11 [14309 selected]
| >   graph_3     : 1.1473653446533182e-10 +/- 2.65e-12 [1528 selected]
| >   graph_4     : -6.6073933276881375e-10 +/- 2.35e-11 [2817 selected]
| >   graph_5     : -3.7672637777320596e-11 +/- 3.09e-12 [1461 selected]
| >   graph_6     : -4.1467786574376977e-11 +/- 3.26e-12 [1468 selected]
| >   graph_7     : 6.3047501451640230e-11 +/- 4.55e-12 [1499 selected]
| >   graph_8     : -9.5102517583117309e-10 +/- 2.32e-11 [5467 selected]
| >   graph_9     : 1.0623212415860049e-09 +/- 2.59e-11 [6005 selected]
| >   graph_10    : -2.6119806993674051e-09 +/- 1.58e-10 [26797 selected]
| >   graph_11    : 8.8345434029896738e-28 +/- 5.48e-28 [1470 selected]
| >   graph_12    : -5.5590575226450049e-10 +/- 1.61e-11 [3734 selected]
| >   graph_13    : -1.1740909651433354e-08 +/- 1.41e-10 [28389 selected]
| >   graph_14    : 1.0989815581911007e-10 +/- 1.05e-12 [1530 selected]
| >   graph_15    : -2.6756873076051815e-26 +/- 3.30e-25 [1479 selected]
| >   graph_16    : 3.8845295088154527e-09 +/- 2.29e-11 [2946 selected]
| >   graph_17    : -3.5422645770607588e-10 +/- 3.41e-12 [1518 selected]
| >   graph_18    : 1.1934379473123062e-08 +/- 1.16e-10 [20686 selected]
| >   graph_19    : 1.0593234809730200e-09 +/- 1.15e-11 [1510 selected]
| >   graph_20    : -7.7183206400400486e-10 +/- 8.01e-12 [1574 selected]
| >   graph_21    : -9.1516833874458654e-10 +/- 2.55e-11 [5854 selected]
| >   graph_22    : -4.8411464420977379e-10 +/- 2.56e-11 [2788 selected]
| >   graph_23    : -2.6357346887639808e-10 +/- 8.51e-12 [1459 selected]
| >   graph_24    : 5.6995525084119305e-10 +/- 3.21e-11 [4573 selected]
| >   graph_25    : 4.4079772244893463e-10 +/- 2.23e-11 [2596 selected]
| >   graph_26    : -2.1098584756509751e-10 +/- 2.04e-12 [1437 selected]
| >   graph_27    : -2.7511183207189012e-11 +/- 2.57e-13 [1469 selected]
| >   graph_28    : -1.1473091172998544e-09 +/- 1.69e-11 [2191 selected]
| >   graph_29    : 6.7786842524983099e-08 +/- 3.39e-10 [64838 selected]
| >   graph_30    : -1.1693814848316446e-09 +/- 2.72e-10 [77730 selected]
| >   graph_31    : 4.1122806060413647e-11 +/- 9.25e-13 [1466 selected]
| >   graph_32    : -3.4373869749303908e-11 +/- 1.70e-11 [2353 selected]
| >   graph_33    : -1.8845504393403598e-09 +/- 5.79e-11 [10810 selected]
| >   graph_34    : 1.4147471441268619e-25 +/- 8.68e-26 [1538 selected]
| >   graph_35    : 2.5428713023164488e-08 +/- 3.06e-10 [91333 selected]
| >   graph_36    : -2.9573428643982405e-09 +/- 4.61e-11 [7828 selected]
| >   graph_37    : 1.6120444590117039e-08 +/- 1.39e-10 [27620 selected]
| >   graph_38    : 3.9849742539207640e-10 +/- 7.79e-12 [1497 selected]
| >   graph_39    : -7.4821369845401443e-09 +/- 7.94e-11 [14331 selected]
| >   graph_40    : -5.3491014781528201e-10 +/- 5.81e-10 [149007 selected]
| >   graph_41    : 1.7088808628262841e-09 +/- 4.33e-11 [9108 selected]
| >   graph_42    : 4.4523508545348309e-09 +/- 3.10e-10 [50169 selected]
| >   graph_43    : 3.0754529599482211e-09 +/- 4.86e-11 [8368 selected]
| >   graph_44    : 4.5685484456924363e-10 +/- 1.62e-11 [3784 selected]
| >   graph_45    : 2.4071321570215809e-10 +/- 2.20e-12 [1486 selected]
| >   graph_46    : -6.0496001085315586e-11 +/- 8.59e-13 [1474 selected]
| >   graph_47    : -6.4424412208120759e-09 +/- 2.64e-10 [87330 selected]
| >   graph_48    : -9.5459225794684148e-11 +/- 5.31e-12 [1472 selected]
| >   graph_49    : -3.4580988304107797e-08 +/- 1.78e-10 [34368 selected]
| >   graph_50    : 8.9316045995355477e-10 +/- 2.94e-11 [3882 selected]
| >   graph_51    : 5.7355660055926887e-09 +/- 3.33e-11 [4429 selected]
| >   graph_52    : 2.3872868931818316e-10 +/- 1.25e-11 [1444 selected]
| >   graph_53    : -8.3605942908897207e-10 +/- 3.37e-11 [7269 selected]
| >   graph_54    : -3.0875516477043987e-09 +/- 4.35e-10 [55835 selected]
| >   graph_55    : 1.0808257211290418e-09 +/- 2.88e-11 [6293 selected]
| >   graph_56    : -4.2130227810091715e-09 +/- 2.43e-11 [3266 selected]
| >   graph_57    : -1.3019039216531099e-08 +/- 1.37e-10 [24340 selected]
| >   graph_58    : 4.4707239904588209e-11 +/- 5.26e-12 [1465 selected]
| >   graph_59    : 3.7305695940518446e-11 +/- 5.11e-12 [1503 selected]
| >   graph_60    : -7.0290462533206690e-11 +/- 5.17e-12 [1493 selected]
| >   graph_61    : 1.2726083836124681e-08 +/- 1.86e-10 [35380 selected]
| >   graph_62    : -2.5389300298851090e-25 +/- 1.82e-24 [1520 selected]
| >   graph_63    : -1.1578981759102750e-09 +/- 1.90e-11 [2632 selected]
| >   graph_64    : 8.4248737760259170e-10 +/- 8.92e-12 [1641 selected]
| >   sum         : 2.8799873271164031e-08
| >   total       : 2.8799873271163952e-08
| >   difference  : 7.9409338805090657e-23
[92mINFO[0m [94msymbolica_integrator l.7237[0m [96mt=2026-09-09,10:21:34.092[0m > Symbolica integration: starting iteration [92m16/100[0m using [94m1000000[0m points ...
[92mINFO[0m [94msymbolica_integrator l.7270[0m [96mt=2026-09-09,10:26:45.647[0m > ... result after this iteration:
| > Integration result after [92m16000000[0m evaluations in [92m149178.22 CPU-s[0m [94m(9323.6 µs / eval)[0m
| > Extremal weights:
| >   with jacobian    : 6.84561e+04 at xs = [1.1831152537673099e-05 2.3914006585135542e-01 4.9904977575258735e-01 2.3685816221509826e-01 1.2578911605555648e-01 8.2863057269959139e-01] | jacobian = 1.89472e+07
| >     momentum space  : k = [[3.2267122853500756e-04, 4.7214829136580485e-03, 2.4742114108705093e+02]; [4.4787938068564891e+01, 4.5234286535886881e+01, -1.0658735383054278e+02]]
| >   without jacobian : 3.40279e+02 at xs = [9.9325034230077484e-08 5.6114534485980272e-01 5.0091826884718182e-01 1.3548771831633222e-01 5.6808188441234697e-01 5.0284695442512195e-01] | jacobian = 5.17408e+02
| >     momentum space  : k = [[-3.6833675458393832e-05, -1.4890987790507052e-05, 1.2493451932930166e+02]; [-5.7037639229935905e+01, -2.6004945958020144e+01, -5.6067778677030611e-01]]
| >   before clipping   : 1.46933e+06 at xs = [1.7044072181738837e-06 5.4244711616774055e-01 5.0024705632183686e-01 2.0798822492198624e-01 7.0447965579432670e-01 4.7887046750954776e-01]
| >     momentum space  : k = [[-6.5766011366805589e-04, -1.7968058818432502e-04, 2.0934413488217959e+02]; [-2.9570429023633437e+01, -1.0055382792093009e+02, 6.9676747962201944e+00]]
| > Stability pipeline: float pairs accepted = 22272343, HP pairs attempted/accepted = 422507/422507
| > Stability triggers: float mismatch = 393964, float non-finite/error = 98
| > HP precision escalations: attempted/accepted = 270/270
| > Higher-precision rejections: disagreement = 0, non-finite = 0, error = 0
| > Soft-mirror stability: pairs = 7074904, large-side triggers = 28326, HP orbits attempted/salvaged/failed = 380054/380054/0
| > Soft-mirror extrema: raw original = -3.35675e+08, post-average = 1.46933e+06
| > Strongest soft-mirror cancellation: residual/raw = 0.00000e+00
| > Unstable rotational-check points rejected = 0
| > Rotational-check high-precision retries = 394062
| > Rotational-check high-precision salvaged = 394062
| > Large-weight high-precision retries = 28445
| > Large-weight high-precision salvaged = 28445
| > Large-weight high-precision rejected = 0
| > Large-weight samples zeroed = 30 (1.875e-06 of samples; removed signed/absolute sums = 3.35527e+06/8.03201e+06)
| > Non-finite final outputs zeroed = 0
| > Non-finite float rotated evaluations seen = 2
| > Example higher-precision-retried xs = [1.7265545145750016e-01 3.0987003362503329e-01 3.2061093419506459e-01 2.9773816827716681e-01 4.2264025488893087e-01 5.4552528647525544e-01] | float rel = 1.83306e+00
| >     momentum space  : k = [[-2.5923335064264300e+01, 6.5631404491694042e+01, 4.4592524277177773e+01]; [-1.4841504911254179e+02, 7.8414345192107874e+01, -2.4172211541858793e+01]]
| > Example large-weight higher-precision-retried xs = [6.2315394262952850e-03 8.7335248832704826e-02 4.3698273950411237e-01 1.7075337559625559e-01 2.3328011702598017e-02 8.1591186955703054e-01] | compiled = 1.29744e+03 | higher precision = -1.91195e+00
| >     momentum space  : k = [[2.0981863278860531e+00, 1.2827845393213939e+00, 1.6464272205621262e+02]; [4.4540392286650942e+01, 6.5756311498899862e+00, -6.8970990633645286e+01]]
| > Example NaN/non-finite rotated xs = [9.7362215618168912e-01 2.8761982718842016e-02 7.1239412401005031e-01 7.6351383122687992e-06 8.1517347970654108e-01 4.6873166947969135e-02]
| >     momentum space  : k = [[1.1408782098248355e+04, 2.0845012077396245e+03, -9.1365956262265390e+03]; [1.7841371185143296e-04, -4.1105989017338625e-04, -2.9424209241204335e+04]]
| > [92mCentral value[0m : +2.8720429710783465e-08   +/- 1.04e-09     ([91m3.635%[0m)
[92mINFO[0m [94msymbolica_integrator l.7274[0m [96mt=2026-09-09,10:26:45.648[0m > | > Graph-channel Symbolica observer estimates:
| >   graph_0     : -2.0842085048226833e-08 +/- 2.18e-10 [49580 selected]
| >   graph_1     : 3.4273604806930889e-10 +/- 1.45e-11 [2190 selected]
| >   graph_2     : -1.2802041279437439e-08 +/- 7.79e-11 [14226 selected]
| >   graph_3     : 1.1504624702434770e-10 +/- 2.58e-12 [1597 selected]
| >   graph_4     : -6.6546821595391997e-10 +/- 2.26e-11 [2795 selected]
| >   graph_5     : -3.6895335790884326e-11 +/- 2.99e-12 [1487 selected]
| >   graph_6     : -4.2707274374527151e-11 +/- 3.15e-12 [1422 selected]
| >   graph_7     : 6.3994535688424287e-11 +/- 4.40e-12 [1474 selected]
| >   graph_8     : -9.5184370194060008e-10 +/- 2.21e-11 [5238 selected]
| >   graph_9     : 1.0617303335125849e-09 +/- 2.46e-11 [5966 selected]
| >   graph_10    : -2.6317689117689272e-09 +/- 1.49e-10 [27183 selected]
| >   graph_11    : 1.0326374254314451e-27 +/- 5.27e-28 [1520 selected]
| >   graph_12    : -5.5270196536869325e-10 +/- 1.53e-11 [3808 selected]
| >   graph_13    : -1.1763859103330681e-08 +/- 1.34e-10 [28400 selected]
| >   graph_14    : 1.0976641158530966e-10 +/- 1.00e-12 [1461 selected]
| >   graph_15    : 1.2541633684303521e-25 +/- 3.22e-25 [1534 selected]
| >   graph_16    : 3.8927951570432938e-09 +/- 2.21e-11 [3029 selected]
| >   graph_17    : -3.5505033037725195e-10 +/- 3.27e-12 [1501 selected]
| >   graph_18    : 1.1928580675476117e-08 +/- 1.09e-10 [20713 selected]
| >   graph_19    : 1.0590676217115784e-09 +/- 1.12e-11 [1483 selected]
| >   graph_20    : -7.7140265294147117e-10 +/- 7.76e-12 [1519 selected]
| >   graph_21    : -9.0993519712508630e-10 +/- 2.43e-11 [5812 selected]
| >   graph_22    : -4.8791422676882930e-10 +/- 2.42e-11 [2992 selected]
| >   graph_23    : -2.6484486737597451e-10 +/- 8.15e-12 [1504 selected]
| >   graph_24    : 5.8030453851224310e-10 +/- 3.09e-11 [4458 selected]
| >   graph_25    : 4.3289509339212745e-10 +/- 2.14e-11 [2437 selected]
| >   graph_26    : -2.1099952838089897e-10 +/- 1.96e-12 [1459 selected]
| >   graph_27    : -2.7563609962272062e-11 +/- 2.47e-13 [1515 selected]
| >   graph_28    : -1.1490677635229924e-09 +/- 1.62e-11 [2072 selected]
| >   graph_29    : 6.7781802720742096e-08 +/- 3.20e-10 [65427 selected]
| >   graph_30    : -1.1481021401856388e-09 +/- 2.57e-10 [76168 selected]
| >   graph_31    : 4.0915399571621798e-11 +/- 8.95e-13 [1513 selected]
| >   graph_32    : -3.1082640088052390e-11 +/- 1.63e-11 [2297 selected]
| >   graph_33    : -1.8861224853266109e-09 +/- 5.49e-11 [10954 selected]
| >   graph_34    : 1.1835272515820679e-25 +/- 8.32e-26 [1554 selected]
| >   graph_35    : 2.5413492042737883e-08 +/- 2.89e-10 [91716 selected]
| >   graph_36    : -2.9503531651787097e-09 +/- 4.42e-11 [7757 selected]
| >   graph_37    : 1.6095581917635962e-08 +/- 1.32e-10 [28065 selected]
| >   graph_38    : 3.9873496761114141e-10 +/- 7.53e-12 [1432 selected]
| >   graph_39    : -7.5364487223876197e-09 +/- 7.61e-11 [14614 selected]
| >   graph_40    : -5.8174164987704581e-10 +/- 5.46e-10 [148724 selected]
| >   graph_41    : 1.7040425259308820e-09 +/- 4.11e-11 [8937 selected]
| >   graph_42    : 4.4808507545302442e-09 +/- 2.92e-10 [50358 selected]
| >   graph_43    : 3.0791964830533609e-09 +/- 4.66e-11 [8270 selected]
| >   graph_44    : 4.5461934585720474e-10 +/- 1.54e-11 [3693 selected]
| >   graph_45    : 2.4152345733503636e-10 +/- 2.12e-12 [1553 selected]
| >   graph_46    : -6.0462767339567753e-11 +/- 8.24e-13 [1473 selected]
| >   graph_47    : -6.4236322933743234e-09 +/- 2.49e-10 [86643 selected]
| >   graph_48    : -9.6461160707188274e-11 +/- 5.10e-12 [1485 selected]
| >   graph_49    : -3.4585922892399917e-08 +/- 1.69e-10 [34776 selected]
| >   graph_50    : 8.9490257738004137e-10 +/- 2.83e-11 [3877 selected]
| >   graph_51    : 5.7451659699186749e-09 +/- 3.21e-11 [4403 selected]
| >   graph_52    : 2.3671214087034918e-10 +/- 1.21e-11 [1421 selected]
| >   graph_53    : -8.4130346228933276e-10 +/- 3.20e-11 [7208 selected]
| >   graph_54    : -3.0666103626435013e-09 +/- 4.09e-10 [55585 selected]
| >   graph_55    : 1.0885968649706902e-09 +/- 2.73e-11 [6008 selected]
| >   graph_56    : -4.2107026996244732e-09 +/- 2.34e-11 [3237 selected]
| >   graph_57    : -1.3003804828570808e-08 +/- 1.30e-10 [24572 selected]
| >   graph_58    : 4.5891242970417161e-11 +/- 5.08e-12 [1465 selected]
| >   graph_59    : 3.8472797142014164e-11 +/- 4.95e-12 [1537 selected]
| >   graph_60    : -7.1242240059173236e-11 +/- 5.01e-12 [1499 selected]
| >   graph_61    : 1.2673407968012484e-08 +/- 1.76e-10 [35823 selected]
| >   graph_62    : -3.5514537455489354e-25 +/- 1.72e-24 [1547 selected]
| >   graph_63    : -1.1608695556819888e-09 +/- 1.83e-11 [2566 selected]
| >   graph_64    : 8.4061595087933382e-10 +/- 8.63e-12 [1468 selected]
| >   sum         : 2.8720429710783541e-08
| >   total       : 2.8720429710783465e-08
| >   difference  : 7.6100616354878546e-23
[92mINFO[0m [94msymbolica_integrator l.7237[0m [96mt=2026-09-09,10:26:45.648[0m > Symbolica integration: starting iteration [92m17/100[0m using [94m1000000[0m points ...
[92mINFO[0m [94msymbolica_integrator l.7270[0m [96mt=2026-09-09,10:31:31.638[0m > ... result after this iteration:
| > Integration result after [92m17000000[0m evaluations in [92m160405.04 CPU-s[0m [94m(9435.6 µs / eval)[0m
| > Extremal weights:
| >   with jacobian    : 6.84561e+04 at xs = [1.1831152537673099e-05 2.3914006585135542e-01 4.9904977575258735e-01 2.3685816221509826e-01 1.2578911605555648e-01 8.2863057269959139e-01] | jacobian = 1.89472e+07
| >     momentum space  : k = [[3.2267122853500756e-04, 4.7214829136580485e-03, 2.4742114108705093e+02]; [4.4787938068564891e+01, 4.5234286535886881e+01, -1.0658735383054278e+02]]
| >   without jacobian : 5.92916e+02 at xs = [7.7714227550098884e-08 7.3693235000300880e-02 4.9892730092403287e-01 1.5281369692620936e-01 8.5812872670547968e-01 7.1038815051148452e-01] | jacobian = 3.44928e+02
| >     momentum space  : k = [[2.7812336471786872e-05, 1.3884642671401185e-05, 1.4379276872274622e+02]; [3.5787039355324993e+01, -4.4309664640466693e+01, -4.4291444432089186e+01]]
| >   before clipping   : 1.46933e+06 at xs = [1.7044072181738837e-06 5.4244711616774055e-01 5.0024705632183686e-01 2.0798822492198624e-01 7.0447965579432670e-01 4.7887046750954776e-01]
| >     momentum space  : k = [[-6.5766011366805589e-04, -1.7968058818432502e-04, 2.0934413488217959e+02]; [-2.9570429023633437e+01, -1.0055382792093009e+02, 6.9676747962201944e+00]]
| > Stability pipeline: float pairs accepted = 23639801, HP pairs attempted/accepted = 459327/459327
| > Stability triggers: float mismatch = 428523, float non-finite/error = 116
| > HP precision escalations: attempted/accepted = 304/304
| > Higher-precision rejections: disagreement = 0, non-finite = 0, error = 0
| > Soft-mirror stability: pairs = 7512895, large-side triggers = 30560, HP orbits attempted/salvaged/failed = 413767/413767/0
| > Soft-mirror extrema: raw mirror = -8.16335e+08, post-average = 1.46933e+06
| > Strongest soft-mirror cancellation: residual/raw = 0.00000e+00
| > Unstable rotational-check points rejected = 0
| > Rotational-check high-precision retries = 428639
| > Rotational-check high-precision salvaged = 428639
| > Large-weight high-precision retries = 30688
| > Large-weight high-precision salvaged = 30688
| > Large-weight high-precision rejected = 0
| > Large-weight samples zeroed = 38 (2.235e-06 of samples; removed signed/absolute sums = 4.52019e+06/9.35253e+06)
| > Non-finite final outputs zeroed = 0
| > Non-finite float rotated evaluations seen = 2
| > Example higher-precision-retried xs = [1.7265545145750016e-01 3.0987003362503329e-01 3.2061093419506459e-01 2.9773816827716681e-01 4.2264025488893087e-01 5.4552528647525544e-01] | float rel = 1.83306e+00
| >     momentum space  : k = [[-2.5923335064264300e+01, 6.5631404491694042e+01, 4.4592524277177773e+01]; [-1.4841504911254179e+02, 7.8414345192107874e+01, -2.4172211541858793e+01]]
| > Example large-weight higher-precision-retried xs = [6.2315394262952850e-03 8.7335248832704826e-02 4.3698273950411237e-01 1.7075337559625559e-01 2.3328011702598017e-02 8.1591186955703054e-01] | compiled = 1.29744e+03 | higher precision = -1.91195e+00
| >     momentum space  : k = [[2.0981863278860531e+00, 1.2827845393213939e+00, 1.6464272205621262e+02]; [4.4540392286650942e+01, 6.5756311498899862e+00, -6.8970990633645286e+01]]
| > Example NaN/non-finite rotated xs = [9.7362215618168912e-01 2.8761982718842016e-02 7.1239412401005031e-01 7.6351383122687992e-06 8.1517347970654108e-01 4.6873166947969135e-02]
| >     momentum space  : k = [[1.1408782098248355e+04, 2.0845012077396245e+03, -9.1365956262265390e+03]; [1.7841371185143296e-04, -4.1105989017338625e-04, -2.9424209241204335e+04]]
| > [92mCentral value[0m : +2.8764544340087881e-08   +/- 9.92e-10     ([91m3.447%[0m)
[92mINFO[0m [94msymbolica_integrator l.7274[0m [96mt=2026-09-09,10:31:31.638[0m > | > Graph-channel Symbolica observer estimates:
| >   graph_0     : -2.0844059755747608e-08 +/- 2.08e-10 [50097 selected]
| >   graph_1     : 3.3624469855868180e-10 +/- 1.39e-11 [2137 selected]
| >   graph_2     : -1.2807780421272308e-08 +/- 7.48e-11 [14490 selected]
| >   graph_3     : 1.1493773413886095e-10 +/- 2.50e-12 [1529 selected]
| >   graph_4     : -6.7080634331377023e-10 +/- 2.18e-11 [2891 selected]
| >   graph_5     : -3.7398645867435707e-11 +/- 2.90e-12 [1430 selected]
| >   graph_6     : -4.2873236014054810e-11 +/- 3.05e-12 [1444 selected]
| >   graph_7     : 6.3660767528142323e-11 +/- 4.26e-12 [1466 selected]
| >   graph_8     : -9.4769591056204661e-10 +/- 2.10e-11 [5269 selected]
| >   graph_9     : 1.0664553733188812e-09 +/- 2.34e-11 [5866 selected]
| >   graph_10    : -2.6475094764623403e-09 +/- 1.41e-10 [27200 selected]
| >   graph_11    : 1.1987693331499267e-27 +/- 5.08e-28 [1493 selected]
| >   graph_12    : -5.5544113458962503e-10 +/- 1.46e-11 [3690 selected]
| >   graph_13    : -1.1714960394290224e-08 +/- 1.28e-10 [28143 selected]
| >   graph_14    : 1.0979539225584067e-10 +/- 9.65e-13 [1519 selected]
| >   graph_15    : 2.7355896207279368e-25 +/- 3.14e-25 [1511 selected]
| >   graph_16    : 3.8951049630523466e-09 +/- 2.14e-11 [2983 selected]
| >   graph_17    : -3.5565922391490587e-10 +/- 3.14e-12 [1519 selected]
| >   graph_18    : 1.1927452479477954e-08 +/- 1.04e-10 [20733 selected]
| >   graph_19    : 1.0624449713061384e-09 +/- 1.08e-11 [1542 selected]
| >   graph_20    : -7.7195481320941531e-10 +/- 7.52e-12 [1500 selected]
| >   graph_21    : -9.1043223666952402e-10 +/- 2.31e-11 [5746 selected]
| >   graph_22    : -4.8714728857830901e-10 +/- 2.29e-11 [2920 selected]
| >   graph_23    : -2.6367259282796543e-10 +/- 7.88e-12 [1450 selected]
| >   graph_24    : 5.9504125761147883e-10 +/- 2.98e-11 [4488 selected]
| >   graph_25    : 4.4177951216944379e-10 +/- 2.07e-11 [2556 selected]
| >   graph_26    : -2.1128920976888860e-10 +/- 1.88e-12 [1493 selected]
| >   graph_27    : -2.7592737665424040e-11 +/- 2.38e-13 [1503 selected]
| >   graph_28    : -1.1574385141718975e-09 +/- 1.57e-11 [2198 selected]
| >   graph_29    : 6.7784227943236219e-08 +/- 3.03e-10 [65757 selected]
| >   graph_30    : -1.0545069616796723e-09 +/- 2.58e-10 [76504 selected]
| >   graph_31    : 4.1136941245092470e-11 +/- 8.66e-13 [1461 selected]
| >   graph_32    : -2.9278009911559681e-11 +/- 1.57e-11 [2316 selected]
| >   graph_33    : -1.8976802333637457e-09 +/- 5.21e-11 [10943 selected]
| >   graph_34    : 1.2118912613581793e-25 +/- 7.97e-26 [1529 selected]
| >   graph_35    : 2.5386270157288231e-08 +/- 2.73e-10 [91202 selected]
| >   graph_36    : -2.9434040231677966e-09 +/- 4.25e-11 [7961 selected]
| >   graph_37    : 1.6113455651913643e-08 +/- 1.26e-10 [28245 selected]
| >   graph_38    : 3.9785047277938218e-10 +/- 7.31e-12 [1492 selected]
| >   graph_39    : -7.5417070598286848e-09 +/- 7.31e-11 [14411 selected]
| >   graph_40    : -6.0589723177503241e-10 +/- 5.16e-10 [149672 selected]
| >   graph_41    : 1.7094879200924152e-09 +/- 3.91e-11 [8876 selected]
| >   graph_42    : 4.4582862808804212e-09 +/- 2.75e-10 [50183 selected]
| >   graph_43    : 3.0651279163127874e-09 +/- 4.49e-11 [8216 selected]
| >   graph_44    : 4.5421607457775588e-10 +/- 1.47e-11 [3809 selected]
| >   graph_45    : 2.4124076021886275e-10 +/- 2.04e-12 [1472 selected]
| >   graph_46    : -6.0130667197881190e-11 +/- 7.92e-13 [1422 selected]
| >   graph_47    : -6.4537521956033264e-09 +/- 2.35e-10 [84687 selected]
| >   graph_48    : -9.6143276336009471e-11 +/- 4.91e-12 [1449 selected]
| >   graph_49    : -3.4577423387206373e-08 +/- 1.61e-10 [34987 selected]
| >   graph_50    : 8.9163429606204806e-10 +/- 2.73e-11 [3957 selected]
| >   graph_51    : 5.7495281531539259e-09 +/- 3.10e-11 [4349 selected]
| >   graph_52    : 2.3558034621027640e-10 +/- 1.17e-11 [1479 selected]
| >   graph_53    : -8.3786934130105344e-10 +/- 3.05e-11 [7139 selected]
| >   graph_54    : -3.0230788325035732e-09 +/- 3.85e-10 [56042 selected]
| >   graph_55    : 1.0997181088078777e-09 +/- 2.61e-11 [6319 selected]
| >   graph_56    : -4.2127690611408914e-09 +/- 2.26e-11 [3272 selected]
| >   graph_57    : -1.3015356664176894e-08 +/- 1.23e-10 [24551 selected]
| >   graph_58    : 4.5545853854092802e-11 +/- 4.94e-12 [1525 selected]
| >   graph_59    : 3.7642069067746561e-11 +/- 4.79e-12 [1423 selected]
| >   graph_60    : -7.1788087878168070e-11 +/- 4.85e-12 [1437 selected]
| >   graph_61    : 1.2633085031760113e-08 +/- 1.67e-10 [35549 selected]
| >   graph_62    : -2.7214250668684789e-25 +/- 1.63e-24 [1468 selected]
| >   graph_63    : -1.1582892047385762e-09 +/- 1.77e-11 [2595 selected]
| >   graph_64    : 8.4037938594425665e-10 +/- 8.36e-12 [1495 selected]
| >   sum         : 2.8764544340087934e-08
| >   total       : 2.8764544340087881e-08
| >   difference  : 5.2939559203393771e-23
[92mINFO[0m [94msymbolica_integrator l.7237[0m [96mt=2026-09-09,10:31:31.638[0m > Symbolica integration: starting iteration [92m18/100[0m using [94m1000000[0m points ...
[92mINFO[0m [94msymbolica_integrator l.7270[0m [96mt=2026-09-09,10:36:46.581[0m > ... result after this iteration:
| > Integration result after [92m18000000[0m evaluations in [92m174202.42 CPU-s[0m [94m(9677.9 µs / eval)[0m
| > Extremal weights:
| >   with jacobian    : 6.84561e+04 at xs = [1.1831152537673099e-05 2.3914006585135542e-01 4.9904977575258735e-01 2.3685816221509826e-01 1.2578911605555648e-01 8.2863057269959139e-01] | jacobian = 1.89472e+07
| >     momentum space  : k = [[3.2267122853500756e-04, 4.7214829136580485e-03, 2.4742114108705093e+02]; [4.4787938068564891e+01, 4.5234286535886881e+01, -1.0658735383054278e+02]]
| >   without jacobian : 5.92916e+02 at xs = [7.7714227550098884e-08 7.3693235000300880e-02 4.9892730092403287e-01 1.5281369692620936e-01 8.5812872670547968e-01 7.1038815051148452e-01] | jacobian = 3.44928e+02
| >     momentum space  : k = [[2.7812336471786872e-05, 1.3884642671401185e-05, 1.4379276872274622e+02]; [3.5787039355324993e+01, -4.4309664640466693e+01, -4.4291444432089186e+01]]
| >   before clipping   : 1.46933e+06 at xs = [1.7044072181738837e-06 5.4244711616774055e-01 5.0024705632183686e-01 2.0798822492198624e-01 7.0447965579432670e-01 4.7887046750954776e-01]
| >     momentum space  : k = [[-6.5766011366805589e-04, -1.7968058818432502e-04, 2.0934413488217959e+02]; [-2.9570429023633437e+01, -1.0055382792093009e+02, 6.9676747962201944e+00]]
| > Stability pipeline: float pairs accepted = 25003517, HP pairs attempted/accepted = 496236/496236
| > Stability triggers: float mismatch = 463083, float non-finite/error = 134
| > HP precision escalations: attempted/accepted = 340/340
| > Higher-precision rejections: disagreement = 0, non-finite = 0, error = 0
| > Soft-mirror stability: pairs = 7947191, large-side triggers = 32872, HP orbits attempted/salvaged/failed = 447438/447438/0
| > Soft-mirror extrema: raw mirror = -8.16335e+08, post-average = 1.46933e+06
| > Strongest soft-mirror cancellation: residual/raw = 0.00000e+00
| > Unstable rotational-check points rejected = 0
| > Rotational-check high-precision retries = 463217
| > Rotational-check high-precision salvaged = 463217
| > Large-weight high-precision retries = 33019
| > Large-weight high-precision salvaged = 33019
| > Large-weight high-precision rejected = 0
| > Large-weight samples zeroed = 43 (2.389e-06 of samples; removed signed/absolute sums = 5.46151e+06/1.02939e+07)
| > Non-finite final outputs zeroed = 0
| > Non-finite float rotated evaluations seen = 4
| > Example higher-precision-retried xs = [1.7265545145750016e-01 3.0987003362503329e-01 3.2061093419506459e-01 2.9773816827716681e-01 4.2264025488893087e-01 5.4552528647525544e-01] | float rel = 1.83306e+00
| >     momentum space  : k = [[-2.5923335064264300e+01, 6.5631404491694042e+01, 4.4592524277177773e+01]; [-1.4841504911254179e+02, 7.8414345192107874e+01, -2.4172211541858793e+01]]
| > Example large-weight higher-precision-retried xs = [6.2315394262952850e-03 8.7335248832704826e-02 4.3698273950411237e-01 1.7075337559625559e-01 2.3328011702598017e-02 8.1591186955703054e-01] | compiled = 1.29744e+03 | higher precision = -1.91195e+00
| >     momentum space  : k = [[2.0981863278860531e+00, 1.2827845393213939e+00, 1.6464272205621262e+02]; [4.4540392286650942e+01, 6.5756311498899862e+00, -6.8970990633645286e+01]]
| > Example NaN/non-finite rotated xs = [9.7362215618168912e-01 2.8761982718842016e-02 7.1239412401005031e-01 7.6351383122687992e-06 8.1517347970654108e-01 4.6873166947969135e-02]
| >     momentum space  : k = [[1.1408782098248355e+04, 2.0845012077396245e+03, -9.1365956262265390e+03]; [1.7841371185143296e-04, -4.1105989017338625e-04, -2.9424209241204335e+04]]
| > [92mCentral value[0m : +2.8924008335453122e-08   +/- 9.42e-10     ([91m3.256%[0m)
[92mINFO[0m [94msymbolica_integrator l.7274[0m [96mt=2026-09-09,10:36:46.582[0m > | > Graph-channel Symbolica observer estimates:
| >   graph_0     : -2.0808654150057217e-08 +/- 1.98e-10 [50324 selected]
| >   graph_1     : 3.3593770338708998e-10 +/- 1.34e-11 [2142 selected]
| >   graph_2     : -1.2793728165849931e-08 +/- 7.22e-11 [14138 selected]
| >   graph_3     : 1.1424613613398670e-10 +/- 2.44e-12 [1564 selected]
| >   graph_4     : -6.6303679201148827e-10 +/- 2.11e-11 [2685 selected]
| >   graph_5     : -3.7277433183496575e-11 +/- 2.81e-12 [1548 selected]
| >   graph_6     : -4.2380981218532178e-11 +/- 2.97e-12 [1534 selected]
| >   graph_7     : 6.5031287215540669e-11 +/- 4.14e-12 [1439 selected]
| >   graph_8     : -9.4972147514537054e-10 +/- 2.01e-11 [5109 selected]
| >   graph_9     : 1.0634542988488005e-09 +/- 2.24e-11 [5808 selected]
| >   graph_10    : -2.6595352719642433e-09 +/- 1.34e-10 [26757 selected]
| >   graph_11    : 1.3143576567284870e-27 +/- 4.91e-28 [1484 selected]
| >   graph_12    : -5.5468814120668980e-10 +/- 1.40e-11 [3706 selected]
| >   graph_13    : -1.1698969621325239e-08 +/- 1.23e-10 [28633 selected]
| >   graph_14    : 1.0965578964925973e-10 +/- 9.29e-13 [1471 selected]
| >   graph_15    : 3.0771429500171886e-25 +/- 3.02e-25 [1483 selected]
| >   graph_16    : 3.8988344956412818e-09 +/- 2.07e-11 [2877 selected]
| >   graph_17    : -3.5601181120083944e-10 +/- 3.03e-12 [1516 selected]
| >   graph_18    : 1.1911664773484788e-08 +/- 9.92e-11 [20216 selected]
| >   graph_19    : 1.0638270158863065e-09 +/- 1.05e-11 [1482 selected]
| >   graph_20    : -7.6987331798510368e-10 +/- 7.31e-12 [1466 selected]
| >   graph_21    : -9.0577174551762955e-10 +/- 2.21e-11 [5499 selected]
| >   graph_22    : -4.9140247243955055e-10 +/- 2.18e-11 [2839 selected]
| >   graph_23    : -2.7308956394825180e-10 +/- 1.19e-11 [1524 selected]
| >   graph_24    : 5.9114085713666901e-10 +/- 2.88e-11 [4761 selected]
| >   graph_25    : 4.4183965147949797e-10 +/- 2.00e-11 [2595 selected]
| >   graph_26    : -2.1179421758810111e-10 +/- 1.82e-12 [1518 selected]
| >   graph_27    : -2.7578522869245409e-11 +/- 2.30e-13 [1465 selected]
| >   graph_28    : -1.1574041656060624e-09 +/- 1.52e-11 [2131 selected]
| >   graph_29    : 6.7792351148811227e-08 +/- 2.88e-10 [66152 selected]
| >   graph_30    : -1.0584384784872692e-09 +/- 2.45e-10 [86007 selected]
| >   graph_31    : 4.1194658420083547e-11 +/- 8.39e-13 [1428 selected]
| >   graph_32    : -3.0243286848410094e-11 +/- 1.51e-11 [2338 selected]
| >   graph_33    : -1.8922973091310509e-09 +/- 4.96e-11 [10651 selected]
| >   graph_34    : 1.2085228325571318e-25 +/- 7.76e-26 [1482 selected]
| >   graph_35    : 2.5353475374841048e-08 +/- 2.59e-10 [90100 selected]
| >   graph_36    : -2.9358080685881589e-09 +/- 4.11e-11 [7904 selected]
| >   graph_37    : 1.6097089417903312e-08 +/- 1.21e-10 [28263 selected]
| >   graph_38    : 3.9806496852600745e-10 +/- 7.09e-12 [1478 selected]
| >   graph_39    : -7.5156073629443383e-09 +/- 7.05e-11 [13988 selected]
| >   graph_40    : -5.9632422153134824e-10 +/- 4.89e-10 [147760 selected]
| >   graph_41    : 1.7126763463687758e-09 +/- 3.73e-11 [8785 selected]
| >   graph_42    : 4.4638935207910270e-09 +/- 2.61e-10 [50205 selected]
| >   graph_43    : 3.0618456888010449e-09 +/- 4.34e-11 [8070 selected]
| >   graph_44    : 4.5707780513585359e-10 +/- 1.41e-11 [3575 selected]
| >   graph_45    : 2.4154296976207005e-10 +/- 1.97e-12 [1471 selected]
| >   graph_46    : -6.0223637068812301e-11 +/- 7.68e-13 [1445 selected]
| >   graph_47    : -6.4527112937403361e-09 +/- 2.23e-10 [81720 selected]
| >   graph_48    : -9.6277866652761178e-11 +/- 4.73e-12 [1469 selected]
| >   graph_49    : -3.4539225616483448e-08 +/- 1.53e-10 [34695 selected]
| >   graph_50    : 8.9396205394884797e-10 +/- 2.64e-11 [3970 selected]
| >   graph_51    : 5.7454973919693750e-09 +/- 3.00e-11 [4193 selected]
| >   graph_52    : 2.3561092975438617e-10 +/- 1.14e-11 [1544 selected]
| >   graph_53    : -8.3171770972320669e-10 +/- 2.92e-11 [7034 selected]
| >   graph_54    : -2.9676200546230961e-09 +/- 3.64e-10 [55382 selected]
| >   graph_55    : 1.1002710481665739e-09 +/- 2.50e-11 [6134 selected]
| >   graph_56    : -4.2162512589574844e-09 +/- 2.19e-11 [3234 selected]
| >   graph_57    : -1.3018488958829467e-08 +/- 1.17e-10 [24473 selected]
| >   graph_58    : 4.4083682190626626e-11 +/- 4.80e-12 [1500 selected]
| >   graph_59    : 3.7244941874106551e-11 +/- 4.65e-12 [1449 selected]
| >   graph_60    : -7.2168275246055963e-11 +/- 4.72e-12 [1480 selected]
| >   graph_61    : 1.2650766683185850e-08 +/- 1.60e-10 [35459 selected]
| >   graph_62    : -3.9661955219216629e-25 +/- 1.54e-24 [1413 selected]
| >   graph_63    : -1.1553668139197585e-09 +/- 1.71e-11 [2554 selected]
| >   graph_64    : 8.4141575803172364e-10 +/- 8.15e-12 [1481 selected]
| >   sum         : 2.8924008335453169e-08
| >   total       : 2.8924008335453122e-08
| >   difference  : 4.6322114302969550e-23
[92mINFO[0m [94msymbolica_integrator l.7237[0m [96mt=2026-09-09,10:36:46.582[0m > Symbolica integration: starting iteration [92m19/100[0m using [94m1000000[0m points ...
[92mINFO[0m [94msymbolica_integrator l.7270[0m [96mt=2026-09-09,10:42:01.232[0m > ... result after this iteration:
| > Integration result after [92m19000000[0m evaluations in [92m187870.19 CPU-s[0m [94m(9887.9 µs / eval)[0m
| > Extremal weights:
| >   with jacobian    : 6.84561e+04 at xs = [1.1831152537673099e-05 2.3914006585135542e-01 4.9904977575258735e-01 2.3685816221509826e-01 1.2578911605555648e-01 8.2863057269959139e-01] | jacobian = 1.89472e+07
| >     momentum space  : k = [[3.2267122853500756e-04, 4.7214829136580485e-03, 2.4742114108705093e+02]; [4.4787938068564891e+01, 4.5234286535886881e+01, -1.0658735383054278e+02]]
| >   without jacobian : 5.92916e+02 at xs = [7.7714227550098884e-08 7.3693235000300880e-02 4.9892730092403287e-01 1.5281369692620936e-01 8.5812872670547968e-01 7.1038815051148452e-01] | jacobian = 3.44928e+02
| >     momentum space  : k = [[2.7812336471786872e-05, 1.3884642671401185e-05, 1.4379276872274622e+02]; [3.5787039355324993e+01, -4.4309664640466693e+01, -4.4291444432089186e+01]]
| >   before clipping   : 1.46933e+06 at xs = [1.7044072181738837e-06 5.4244711616774055e-01 5.0024705632183686e-01 2.0798822492198624e-01 7.0447965579432670e-01 4.7887046750954776e-01]
| >     momentum space  : k = [[-6.5766011366805589e-04, -1.7968058818432502e-04, 2.0934413488217959e+02]; [-2.9570429023633437e+01, -1.0055382792093009e+02, 6.9676747962201944e+00]]
| > Stability pipeline: float pairs accepted = 26371518, HP pairs attempted/accepted = 531304/531304
| > Stability triggers: float mismatch = 495944, float non-finite/error = 141
| > HP precision escalations: attempted/accepted = 369/369
| > Higher-precision rejections: disagreement = 0, non-finite = 0, error = 0
| > Soft-mirror stability: pairs = 8382266, large-side triggers = 35062, HP orbits attempted/salvaged/failed = 479444/479444/0
| > Soft-mirror extrema: raw original = -1.44055e+09, post-average = 1.46933e+06
| > Strongest soft-mirror cancellation: residual/raw = 0.00000e+00
| > Unstable rotational-check points rejected = 0
| > Rotational-check high-precision retries = 496085
| > Rotational-check high-precision salvaged = 496085
| > Large-weight high-precision retries = 35219
| > Large-weight high-precision salvaged = 35219
| > Large-weight high-precision rejected = 0
| > Large-weight samples zeroed = 47 (2.474e-06 of samples; removed signed/absolute sums = 6.25560e+06/1.10879e+07)
| > Non-finite final outputs zeroed = 0
| > Non-finite float rotated evaluations seen = 5
| > Example higher-precision-retried xs = [1.7265545145750016e-01 3.0987003362503329e-01 3.2061093419506459e-01 2.9773816827716681e-01 4.2264025488893087e-01 5.4552528647525544e-01] | float rel = 1.83306e+00
| >     momentum space  : k = [[-2.5923335064264300e+01, 6.5631404491694042e+01, 4.4592524277177773e+01]; [-1.4841504911254179e+02, 7.8414345192107874e+01, -2.4172211541858793e+01]]
| > Example large-weight higher-precision-retried xs = [6.2315394262952850e-03 8.7335248832704826e-02 4.3698273950411237e-01 1.7075337559625559e-01 2.3328011702598017e-02 8.1591186955703054e-01] | compiled = 1.29744e+03 | higher precision = -1.91195e+00
| >     momentum space  : k = [[2.0981863278860531e+00, 1.2827845393213939e+00, 1.6464272205621262e+02]; [4.4540392286650942e+01, 6.5756311498899862e+00, -6.8970990633645286e+01]]
| > Example NaN/non-finite rotated xs = [9.7362215618168912e-01 2.8761982718842016e-02 7.1239412401005031e-01 7.6351383122687992e-06 8.1517347970654108e-01 4.6873166947969135e-02]
| >     momentum space  : k = [[1.1408782098248355e+04, 2.0845012077396245e+03, -9.1365956262265390e+03]; [1.7841371185143296e-04, -4.1105989017338625e-04, -2.9424209241204335e+04]]
| > [92mCentral value[0m : +2.8973228973553045e-08   +/- 8.99e-10     ([91m3.105%[0m)
[92mINFO[0m [94msymbolica_integrator l.7274[0m [96mt=2026-09-09,10:42:01.233[0m > | > Graph-channel Symbolica observer estimates:
| >   graph_0     : -2.0814321917143998e-08 +/- 1.90e-10 [50981 selected]
| >   graph_1     : 3.3170037778178148e-10 +/- 1.29e-11 [2062 selected]
| >   graph_2     : -1.2797111630326436e-08 +/- 6.97e-11 [14342 selected]
| >   graph_3     : 1.1288682838910080e-10 +/- 2.44e-12 [1449 selected]
| >   graph_4     : -6.5883652858703853e-10 +/- 2.05e-11 [2857 selected]
| >   graph_5     : -3.8714430227562123e-11 +/- 2.75e-12 [1511 selected]
| >   graph_6     : -4.1262008457621406e-11 +/- 2.88e-12 [1415 selected]
| >   graph_7     : 6.5485923472984049e-11 +/- 4.03e-12 [1452 selected]
| >   graph_8     : -9.4714764713171944e-10 +/- 1.93e-11 [5174 selected]
| >   graph_9     : 1.0659552878095259e-09 +/- 2.14e-11 [5777 selected]
| >   graph_10    : -2.6722866725423569e-09 +/- 1.28e-10 [26690 selected]
| >   graph_11    : 1.2663527805097900e-27 +/- 4.76e-28 [1510 selected]
| >   graph_12    : -5.5757541666756975e-10 +/- 1.35e-11 [3696 selected]
| >   graph_13    : -1.1697117835557783e-08 +/- 1.18e-10 [28701 selected]
| >   graph_14    : 1.0963974198284487e-10 +/- 8.97e-13 [1464 selected]
| >   graph_15    : 1.8632548127490867e-25 +/- 3.00e-25 [1472 selected]
| >   graph_16    : 3.8925226041229789e-09 +/- 2.01e-11 [2834 selected]
| >   graph_17    : -3.5603127938052462e-10 +/- 2.93e-12 [1433 selected]
| >   graph_18    : 1.1891924138688940e-08 +/- 9.48e-11 [20426 selected]
| >   graph_19    : 1.0606283867338881e-09 +/- 1.02e-11 [1457 selected]
| >   graph_20    : -7.7002536298195900e-10 +/- 7.11e-12 [1468 selected]
| >   graph_21    : -9.0550458640936768e-10 +/- 2.12e-11 [5694 selected]
| >   graph_22    : -4.9053888114062253e-10 +/- 2.08e-11 [2877 selected]
| >   graph_23    : -2.7113042520250235e-10 +/- 1.14e-11 [1467 selected]
| >   graph_24    : 5.7986216780934083e-10 +/- 2.79e-11 [4556 selected]
| >   graph_25    : 4.4197605218124626e-10 +/- 1.93e-11 [2461 selected]
| >   graph_26    : -2.1181003795185178e-10 +/- 1.76e-12 [1454 selected]
| >   graph_27    : -2.7567757452796873e-11 +/- 2.22e-13 [1484 selected]
| >   graph_28    : -1.1548154382492550e-09 +/- 1.48e-11 [2054 selected]
| >   graph_29    : 6.7878215967556398e-08 +/- 2.77e-10 [65740 selected]
| >   graph_30    : -1.0878608259895415e-09 +/- 2.33e-10 [85637 selected]
| >   graph_31    : 4.0899680186495222e-11 +/- 8.16e-13 [1488 selected]
| >   graph_32    : -3.5739279009456472e-11 +/- 1.55e-11 [2245 selected]
| >   graph_33    : -1.8919898014767008e-09 +/- 4.74e-11 [10404 selected]
| >   graph_34    : 1.4354114659072669e-25 +/- 7.57e-26 [1405 selected]
| >   graph_35    : 2.5344188674085680e-08 +/- 2.47e-10 [90424 selected]
| >   graph_36    : -2.9276203009898717e-09 +/- 3.98e-11 [7913 selected]
| >   graph_37    : 1.6112425653721429e-08 +/- 1.17e-10 [28612 selected]
| >   graph_38    : 3.9717295993340517e-10 +/- 6.91e-12 [1547 selected]
| >   graph_39    : -7.5321982610500663e-09 +/- 6.81e-11 [14322 selected]
| >   graph_40    : -5.7000461636126661e-10 +/- 4.64e-10 [147540 selected]
| >   graph_41    : 1.7074680496791423e-09 +/- 3.57e-11 [8639 selected]
| >   graph_42    : 4.4443119314862910e-09 +/- 2.48e-10 [50062 selected]
| >   graph_43    : 3.0681821047817040e-09 +/- 4.20e-11 [8088 selected]
| >   graph_44    : 4.6025259983790413e-10 +/- 1.36e-11 [3686 selected]
| >   graph_45    : 2.4170876360648549e-10 +/- 1.91e-12 [1462 selected]
| >   graph_46    : -6.0523409134311628e-11 +/- 7.45e-13 [1501 selected]
| >   graph_47    : -6.5008465755893216e-09 +/- 2.12e-10 [81169 selected]
| >   graph_48    : -9.6586808032432568e-11 +/- 4.58e-12 [1539 selected]
| >   graph_49    : -3.4506648861080115e-08 +/- 1.47e-10 [34545 selected]
| >   graph_50    : 8.9690981658491007e-10 +/- 2.57e-11 [3943 selected]
| >   graph_51    : 5.7534246354230105e-09 +/- 2.92e-11 [4221 selected]
| >   graph_52    : 2.3834084709192867e-10 +/- 1.10e-11 [1391 selected]
| >   graph_53    : -8.3716283307290652e-10 +/- 2.80e-11 [7073 selected]
| >   graph_54    : -2.9437447078914716e-09 +/- 3.46e-10 [55208 selected]
| >   graph_55    : 1.1067855904077658e-09 +/- 2.40e-11 [6107 selected]
| >   graph_56    : -4.2230889602842069e-09 +/- 2.13e-11 [3285 selected]
| >   graph_57    : -1.3023088410881535e-08 +/- 1.12e-10 [24155 selected]
| >   graph_58    : 4.4901336975864535e-11 +/- 4.66e-12 [1460 selected]
| >   graph_59    : 3.7829901249578209e-11 +/- 4.52e-12 [1467 selected]
| >   graph_60    : -7.2194994154706322e-11 +/- 4.60e-12 [1499 selected]
| >   graph_61    : 1.2684612845743996e-08 +/- 1.62e-10 [36450 selected]
| >   graph_62    : -5.0385420115531137e-25 +/- 1.46e-24 [1453 selected]
| >   graph_63    : -1.1561578282082500e-09 +/- 1.66e-11 [2602 selected]
| >   graph_64    : 8.4027043484565628e-10 +/- 7.92e-12 [1500 selected]
| >   sum         : 2.8973228973553151e-08
| >   total       : 2.8973228973553045e-08
| >   difference  : 1.0587911840678754e-22
[92mINFO[0m [94msymbolica_integrator l.7237[0m [96mt=2026-09-09,10:42:01.233[0m > Symbolica integration: starting iteration [92m20/100[0m using [94m1000000[0m points ...
[92mINFO[0m [94msymbolica_integrator l.7270[0m [96mt=2026-09-09,10:46:48.797[0m > ... result after this iteration:
| > Integration result after [92m20000000[0m evaluations in [92m200884.42 CPU-s[0m [94m(10044.2 µs / eval)[0m
| > Extremal weights:
| >   with jacobian    : 6.84561e+04 at xs = [1.1831152537673099e-05 2.3914006585135542e-01 4.9904977575258735e-01 2.3685816221509826e-01 1.2578911605555648e-01 8.2863057269959139e-01] | jacobian = 1.89472e+07
| >     momentum space  : k = [[3.2267122853500756e-04, 4.7214829136580485e-03, 2.4742114108705093e+02]; [4.4787938068564891e+01, 4.5234286535886881e+01, -1.0658735383054278e+02]]
| >   without jacobian : 5.92916e+02 at xs = [7.7714227550098884e-08 7.3693235000300880e-02 4.9892730092403287e-01 1.5281369692620936e-01 8.5812872670547968e-01 7.1038815051148452e-01] | jacobian = 3.44928e+02
| >     momentum space  : k = [[2.7812336471786872e-05, 1.3884642671401185e-05, 1.4379276872274622e+02]; [3.5787039355324993e+01, -4.4309664640466693e+01, -4.4291444432089186e+01]]
| >   before clipping   : 2.70599e+06 at xs = [1.4087024004165725e-06 9.2037706191240765e-01 5.0029263574244487e-01 1.6267747912340572e-01 6.1604814092332483e-01 7.1569855476544864e-01]
| >     momentum space  : k = [[4.9442435776664393e-04, -2.7028868477603463e-04, 1.5487750692988189e+02]; [-4.5149275364125195e+01, -4.0335978666164145e+01, -4.8722575235335384e+01]]
| > Stability pipeline: float pairs accepted = 27741385, HP pairs attempted/accepted = 566432/566432
| > Stability triggers: float mismatch = 528844, float non-finite/error = 152
| > HP precision escalations: attempted/accepted = 416/416
| > Higher-precision rejections: disagreement = 0, non-finite = 0, error = 0
| > Soft-mirror stability: pairs = 8819016, large-side triggers = 37261, HP orbits attempted/salvaged/failed = 511199/511199/0
| > Soft-mirror extrema: raw original = -1.44055e+09, post-average = 2.70599e+06
| > Strongest soft-mirror cancellation: residual/raw = 0.00000e+00
| > Unstable rotational-check points rejected = 0
| > Rotational-check high-precision retries = 528996
| > Rotational-check high-precision salvaged = 528996
| > Large-weight high-precision retries = 37436
| > Large-weight high-precision salvaged = 37436
| > Large-weight high-precision rejected = 0
| > Large-weight samples zeroed = 54 (2.700e-06 of samples; removed signed/absolute sums = 1.03386e+07/1.51710e+07)
| > Non-finite final outputs zeroed = 0
| > Non-finite float rotated evaluations seen = 5
| > Example higher-precision-retried xs = [1.7265545145750016e-01 3.0987003362503329e-01 3.2061093419506459e-01 2.9773816827716681e-01 4.2264025488893087e-01 5.4552528647525544e-01] | float rel = 1.83306e+00
| >     momentum space  : k = [[-2.5923335064264300e+01, 6.5631404491694042e+01, 4.4592524277177773e+01]; [-1.4841504911254179e+02, 7.8414345192107874e+01, -2.4172211541858793e+01]]
| > Example large-weight higher-precision-retried xs = [6.2315394262952850e-03 8.7335248832704826e-02 4.3698273950411237e-01 1.7075337559625559e-01 2.3328011702598017e-02 8.1591186955703054e-01] | compiled = 1.29744e+03 | higher precision = -1.91195e+00
| >     momentum space  : k = [[2.0981863278860531e+00, 1.2827845393213939e+00, 1.6464272205621262e+02]; [4.4540392286650942e+01, 6.5756311498899862e+00, -6.8970990633645286e+01]]
| > Example NaN/non-finite rotated xs = [9.7362215618168912e-01 2.8761982718842016e-02 7.1239412401005031e-01 7.6351383122687992e-06 8.1517347970654108e-01 4.6873166947969135e-02]
| >     momentum space  : k = [[1.1408782098248355e+04, 2.0845012077396245e+03, -9.1365956262265390e+03]; [1.7841371185143296e-04, -4.1105989017338625e-04, -2.9424209241204335e+04]]
| > [92mCentral value[0m : +2.8974039492758593e-08   +/- 8.60e-10     ([91m2.967%[0m)
[92mINFO[0m [94msymbolica_integrator l.7274[0m [96mt=2026-09-09,10:46:48.797[0m > | > Graph-channel Symbolica observer estimates:
| >   graph_0     : -2.0760547763880538e-08 +/- 1.82e-10 [50732 selected]
| >   graph_1     : 3.2742969119506618e-10 +/- 1.24e-11 [2166 selected]
| >   graph_2     : -1.2811091351206253e-08 +/- 6.75e-11 [14376 selected]
| >   graph_3     : 1.1277680396429501e-10 +/- 2.39e-12 [1473 selected]
| >   graph_4     : -6.5583939850053320e-10 +/- 1.99e-11 [2839 selected]
| >   graph_5     : -3.7678021765571445e-11 +/- 2.68e-12 [1496 selected]
| >   graph_6     : -4.1993222556450680e-11 +/- 2.81e-12 [1396 selected]
| >   graph_7     : 6.5872803830540204e-11 +/- 3.93e-12 [1457 selected]
| >   graph_8     : -9.4872644971301733e-10 +/- 1.86e-11 [5169 selected]
| >   graph_9     : 1.0660195042243879e-09 +/- 2.06e-11 [5600 selected]
| >   graph_10    : -2.6826100066797011e-09 +/- 1.22e-10 [26718 selected]
| >   graph_11    : 1.3182086862926761e-27 +/- 4.62e-28 [1491 selected]
| >   graph_12    : -5.5799901673547041e-10 +/- 1.30e-11 [3590 selected]
| >   graph_13    : -1.1685122533263518e-08 +/- 1.15e-10 [28851 selected]
| >   graph_14    : 1.0939496105352485e-10 +/- 8.67e-13 [1454 selected]
| >   graph_15    : 1.1224429788139555e-25 +/- 2.89e-25 [1440 selected]
| >   graph_16    : 3.8952360167169970e-09 +/- 1.96e-11 [2908 selected]
| >   graph_17    : -3.5502230063342466e-10 +/- 2.83e-12 [1388 selected]
| >   graph_18    : 1.1895279028808856e-08 +/- 9.09e-11 [20250 selected]
| >   graph_19    : 1.0628220637580413e-09 +/- 1.00e-11 [1500 selected]
| >   graph_20    : -7.7190269832252375e-10 +/- 6.94e-12 [1502 selected]
| >   graph_21    : -9.0234295952710442e-10 +/- 2.04e-11 [5596 selected]
| >   graph_22    : -4.9078068372497242e-10 +/- 2.01e-11 [2851 selected]
| >   graph_23    : -2.7142841626019465e-10 +/- 1.10e-11 [1523 selected]
| >   graph_24    : 5.8504056995529640e-10 +/- 2.71e-11 [4573 selected]
| >   graph_25    : 4.3450964212192872e-10 +/- 1.88e-11 [2422 selected]
| >   graph_26    : -2.1209248873950847e-10 +/- 1.70e-12 [1504 selected]
| >   graph_27    : -2.7557609614750388e-11 +/- 2.15e-13 [1435 selected]
| >   graph_28    : -1.1542111431676439e-09 +/- 1.44e-11 [2074 selected]
| >   graph_29    : 6.7890117588892492e-08 +/- 2.65e-10 [68265 selected]
| >   graph_30    : -1.0777115351916117e-09 +/- 2.23e-10 [84834 selected]
| >   graph_31    : 4.1133967909281184e-11 +/- 7.96e-13 [1458 selected]
| >   graph_32    : -3.9390492947007527e-11 +/- 1.50e-11 [2288 selected]
| >   graph_33    : -1.8863284061666624e-09 +/- 4.54e-11 [10456 selected]
| >   graph_34    : 1.3117001675132114e-25 +/- 7.40e-26 [1457 selected]
| >   graph_35    : 2.5312908109671623e-08 +/- 2.36e-10 [89226 selected]
| >   graph_36    : -2.9315509337856525e-09 +/- 3.85e-11 [7698 selected]
| >   graph_37    : 1.6096940413938922e-08 +/- 1.12e-10 [28486 selected]
| >   graph_38    : 3.9726192802379525e-10 +/- 6.74e-12 [1521 selected]
| >   graph_39    : -7.5148248701542385e-09 +/- 6.59e-11 [14258 selected]
| >   graph_40    : -6.2251959759749270e-10 +/- 4.42e-10 [147058 selected]
| >   graph_41    : 1.7075203324393500e-09 +/- 3.43e-11 [8478 selected]
| >   graph_42    : 4.4520436152093722e-09 +/- 2.37e-10 [49463 selected]
| >   graph_43    : 3.0738354316523304e-09 +/- 4.07e-11 [8060 selected]
| >   graph_44    : 4.5569840290578359e-10 +/- 1.31e-11 [3573 selected]
| >   graph_45    : 2.4151697820040716e-10 +/- 1.85e-12 [1424 selected]
| >   graph_46    : -6.0756549046817308e-11 +/- 7.24e-13 [1507 selected]
| >   graph_47    : -6.4825038391662442e-09 +/- 2.04e-10 [79559 selected]
| >   graph_48    : -9.6863065994226991e-11 +/- 4.46e-12 [1458 selected]
| >   graph_49    : -3.4515525662591662e-08 +/- 1.41e-10 [34736 selected]
| >   graph_50    : 8.9715034240948046e-10 +/- 2.48e-11 [3721 selected]
| >   graph_51    : 5.7524785300495992e-09 +/- 2.84e-11 [4236 selected]
| >   graph_52    : 2.4089212886629097e-10 +/- 1.07e-11 [1449 selected]
| >   graph_53    : -8.3411919420612048e-10 +/- 2.69e-11 [6811 selected]
| >   graph_54    : -2.9454332986409675e-09 +/- 3.30e-10 [55242 selected]
| >   graph_55    : 1.1072482790580508e-09 +/- 2.31e-11 [6065 selected]
| >   graph_56    : -4.2230394006095504e-09 +/- 2.07e-11 [3198 selected]
| >   graph_57    : -1.3007951186458333e-08 +/- 1.07e-10 [24170 selected]
| >   graph_58    : 4.4302069221871208e-11 +/- 4.53e-12 [1480 selected]
| >   graph_59    : 3.7076508459610865e-11 +/- 4.42e-12 [1537 selected]
| >   graph_60    : -7.2267741935368723e-11 +/- 4.48e-12 [1467 selected]
| >   graph_61    : 1.2662980498828338e-08 +/- 1.55e-10 [40192 selected]
| >   graph_62    : -6.7589795544927206e-25 +/- 1.39e-24 [1425 selected]
| >   graph_63    : -1.1557469502133085e-09 +/- 1.61e-11 [2501 selected]
| >   graph_64    : 8.4203207038955446e-10 +/- 7.72e-12 [1469 selected]
| >   sum         : 2.8974039492758645e-08
| >   total       : 2.8974039492758593e-08
| >   difference  : 5.2939559203393771e-23
[92mINFO[0m [94msymbolica_integrator l.7237[0m [96mt=2026-09-09,10:46:48.797[0m > Symbolica integration: starting iteration [92m21/100[0m using [94m1000000[0m points ...
[92mINFO[0m [94msymbolica_integrator l.7270[0m [96mt=2026-09-09,10:51:53.330[0m > ... result after this iteration:
| > Integration result after [92m21000000[0m evaluations in [92m213703.98 CPU-s[0m [94m(10176.4 µs / eval)[0m
| > Extremal weights:
| >   with jacobian    : 6.84561e+04 at xs = [1.1831152537673099e-05 2.3914006585135542e-01 4.9904977575258735e-01 2.3685816221509826e-01 1.2578911605555648e-01 8.2863057269959139e-01] | jacobian = 1.89472e+07
| >     momentum space  : k = [[3.2267122853500756e-04, 4.7214829136580485e-03, 2.4742114108705093e+02]; [4.4787938068564891e+01, 4.5234286535886881e+01, -1.0658735383054278e+02]]
| >   without jacobian : 5.92916e+02 at xs = [7.7714227550098884e-08 7.3693235000300880e-02 4.9892730092403287e-01 1.5281369692620936e-01 8.5812872670547968e-01 7.1038815051148452e-01] | jacobian = 3.44928e+02
| >     momentum space  : k = [[2.7812336471786872e-05, 1.3884642671401185e-05, 1.4379276872274622e+02]; [3.5787039355324993e+01, -4.4309664640466693e+01, -4.4291444432089186e+01]]
| >   before clipping   : 2.70599e+06 at xs = [1.4087024004165725e-06 9.2037706191240765e-01 5.0029263574244487e-01 1.6267747912340572e-01 6.1604814092332483e-01 7.1569855476544864e-01]
| >     momentum space  : k = [[4.9442435776664393e-04, -2.7028868477603463e-04, 1.5487750692988189e+02]; [-4.5149275364125195e+01, -4.0335978666164145e+01, -4.8722575235335384e+01]]
| > Stability pipeline: float pairs accepted = 29111721, HP pairs attempted/accepted = 601748/601748
| > Stability triggers: float mismatch = 561898, float non-finite/error = 167
| > HP precision escalations: attempted/accepted = 457/457
| > Higher-precision rejections: disagreement = 0, non-finite = 0, error = 0
| > Soft-mirror stability: pairs = 9256597, large-side triggers = 39498, HP orbits attempted/salvaged/failed = 543128/543128/0
| > Soft-mirror extrema: raw original = -1.44055e+09, post-average = 2.70599e+06
| > Strongest soft-mirror cancellation: residual/raw = 0.00000e+00
| > Unstable rotational-check points rejected = 0
| > Rotational-check high-precision retries = 562065
| > Rotational-check high-precision salvaged = 562065
| > Large-weight high-precision retries = 39683
| > Large-weight high-precision salvaged = 39683
| > Large-weight high-precision rejected = 0
| > Large-weight samples zeroed = 56 (2.667e-06 of samples; removed signed/absolute sums = 1.06098e+07/1.54421e+07)
| > Non-finite final outputs zeroed = 0
| > Non-finite float rotated evaluations seen = 5
| > Example higher-precision-retried xs = [1.7265545145750016e-01 3.0987003362503329e-01 3.2061093419506459e-01 2.9773816827716681e-01 4.2264025488893087e-01 5.4552528647525544e-01] | float rel = 1.83306e+00
| >     momentum space  : k = [[-2.5923335064264300e+01, 6.5631404491694042e+01, 4.4592524277177773e+01]; [-1.4841504911254179e+02, 7.8414345192107874e+01, -2.4172211541858793e+01]]
| > Example large-weight higher-precision-retried xs = [6.2315394262952850e-03 8.7335248832704826e-02 4.3698273950411237e-01 1.7075337559625559e-01 2.3328011702598017e-02 8.1591186955703054e-01] | compiled = 1.29744e+03 | higher precision = -1.91195e+00
| >     momentum space  : k = [[2.0981863278860531e+00, 1.2827845393213939e+00, 1.6464272205621262e+02]; [4.4540392286650942e+01, 6.5756311498899862e+00, -6.8970990633645286e+01]]
| > Example NaN/non-finite rotated xs = [9.7362215618168912e-01 2.8761982718842016e-02 7.1239412401005031e-01 7.6351383122687992e-06 8.1517347970654108e-01 4.6873166947969135e-02]
| >     momentum space  : k = [[1.1408782098248355e+04, 2.0845012077396245e+03, -9.1365956262265390e+03]; [1.7841371185143296e-04, -4.1105989017338625e-04, -2.9424209241204335e+04]]
| > [92mCentral value[0m : +2.9190476166471106e-08   +/- 8.26e-10     ([91m2.829%[0m)
[92mINFO[0m [94msymbolica_integrator l.7274[0m [96mt=2026-09-09,10:51:53.331[0m > | > Graph-channel Symbolica observer estimates:
| >   graph_0     : -2.0782231476925304e-08 +/- 1.75e-10 [50905 selected]
| >   graph_1     : 3.2565848606293620e-10 +/- 1.24e-11 [2057 selected]
| >   graph_2     : -1.2809127076572139e-08 +/- 6.53e-11 [14323 selected]
| >   graph_3     : 1.1310811679298434e-10 +/- 2.33e-12 [1544 selected]
| >   graph_4     : -6.5748509231077280e-10 +/- 1.94e-11 [2814 selected]
| >   graph_5     : -3.8909750641398421e-11 +/- 2.62e-12 [1545 selected]
| >   graph_6     : -4.2630619196245667e-11 +/- 2.74e-12 [1439 selected]
| >   graph_7     : 6.6066837657310402e-11 +/- 3.84e-12 [1450 selected]
| >   graph_8     : -9.4925597081529912e-10 +/- 1.80e-11 [5131 selected]
| >   graph_9     : 1.0712106608876871e-09 +/- 1.98e-11 [5778 selected]
| >   graph_10    : -2.6787694885293765e-09 +/- 1.17e-10 [26321 selected]
| >   graph_11    : 1.3253235864932155e-27 +/- 4.49e-28 [1437 selected]
| >   graph_12    : -5.5431435056423909e-10 +/- 1.26e-11 [3678 selected]
| >   graph_13    : -1.1642619595177692e-08 +/- 1.12e-10 [29025 selected]
| >   graph_14    : 1.0953866111981056e-10 +/- 8.41e-13 [1503 selected]
| >   graph_15    : -1.0111227949366097e-25 +/- 3.09e-25 [1461 selected]
| >   graph_16    : 3.8892035771296717e-09 +/- 1.91e-11 [2730 selected]
| >   graph_17    : -3.5521185021389544e-10 +/- 2.75e-12 [1505 selected]
| >   graph_18    : 1.1902926775546130e-08 +/- 8.73e-11 [20182 selected]
| >   graph_19    : 1.0601849546721312e-09 +/- 9.77e-12 [1401 selected]
| >   graph_20    : -7.7178149491912731e-10 +/- 6.80e-12 [1507 selected]
| >   graph_21    : -9.0277763443153581e-10 +/- 1.97e-11 [5542 selected]
| >   graph_22    : -4.9272391439615784e-10 +/- 1.93e-11 [2830 selected]
| >   graph_23    : -2.6993886105113681e-10 +/- 1.06e-11 [1370 selected]
| >   graph_24    : 5.8663055048567852e-10 +/- 2.64e-11 [4465 selected]
| >   graph_25    : 4.3764451966346366e-10 +/- 1.83e-11 [2472 selected]
| >   graph_26    : -2.1187319364718222e-10 +/- 1.65e-12 [1475 selected]
| >   graph_27    : -2.7552041601826405e-11 +/- 2.09e-13 [1447 selected]
| >   graph_28    : -1.1606845053154057e-09 +/- 1.40e-11 [2084 selected]
| >   graph_29    : 6.7892554116887855e-08 +/- 2.54e-10 [68213 selected]
| >   graph_30    : -1.0916717966183574e-09 +/- 2.13e-10 [83626 selected]
| >   graph_31    : 4.1133773653605664e-11 +/- 7.77e-13 [1486 selected]
| >   graph_32    : -4.3880906574407285e-11 +/- 1.46e-11 [2368 selected]
| >   graph_33    : -1.8794359628627142e-09 +/- 4.35e-11 [10499 selected]
| >   graph_34    : 9.8511594625042131e-26 +/- 7.37e-26 [1485 selected]
| >   graph_35    : 2.5422907634738445e-08 +/- 2.37e-10 [89847 selected]
| >   graph_36    : -2.9353912775737821e-09 +/- 3.74e-11 [7827 selected]
| >   graph_37    : 1.6080627575893198e-08 +/- 1.09e-10 [28667 selected]
| >   graph_38    : 3.9689992147441620e-10 +/- 6.58e-12 [1468 selected]
| >   graph_39    : -7.5080858094259623e-09 +/- 6.39e-11 [14359 selected]
| >   graph_40    : -6.0811645609546164e-10 +/- 4.22e-10 [147301 selected]
| >   graph_41    : 1.7109303341355939e-09 +/- 3.30e-11 [8576 selected]
| >   graph_42    : 4.4897879533631503e-09 +/- 2.26e-10 [49607 selected]
| >   graph_43    : 3.0758884250940837e-09 +/- 3.95e-11 [8080 selected]
| >   graph_44    : 4.5201577466757990e-10 +/- 1.27e-11 [3683 selected]
| >   graph_45    : 2.4164035520797676e-10 +/- 1.80e-12 [1484 selected]
| >   graph_46    : -6.0689935315316785e-11 +/- 7.03e-13 [1417 selected]
| >   graph_47    : -6.4948097607208234e-09 +/- 1.96e-10 [79739 selected]
| >   graph_48    : -9.6216535208755637e-11 +/- 4.33e-12 [1507 selected]
| >   graph_49    : -3.4498135451605683e-08 +/- 1.35e-10 [34298 selected]
| >   graph_50    : 8.9580825010497335e-10 +/- 2.41e-11 [3878 selected]
| >   graph_51    : 5.7443492872334132e-09 +/- 2.76e-11 [4146 selected]
| >   graph_52    : 2.4316198586574079e-10 +/- 1.04e-11 [1491 selected]
| >   graph_53    : -8.3443126751064312e-10 +/- 2.59e-11 [6896 selected]
| >   graph_54    : -2.9019922689297915e-09 +/- 3.14e-10 [55317 selected]
| >   graph_55    : 1.1004080967446124e-09 +/- 2.23e-11 [6051 selected]
| >   graph_56    : -4.2216504633598718e-09 +/- 2.01e-11 [3131 selected]
| >   graph_57    : -1.3004423336512033e-08 +/- 1.03e-10 [24124 selected]
| >   graph_58    : 4.4907612548241844e-11 +/- 4.41e-12 [1416 selected]
| >   graph_59    : 3.8318233217022231e-11 +/- 4.31e-12 [1471 selected]
| >   graph_60    : -7.2937077480268413e-11 +/- 4.37e-12 [1480 selected]
| >   graph_61    : 1.2663941458203822e-08 +/- 1.48e-10 [40163 selected]
| >   graph_62    : -1.0442927731636964e-24 +/- 1.34e-24 [1501 selected]
| >   graph_63    : -1.1492352135726855e-09 +/- 1.57e-11 [2497 selected]
| >   graph_64    : 8.4201267309484950e-10 +/- 7.54e-12 [1480 selected]
| >   sum         : 2.9190476166471089e-08
| >   total       : 2.9190476166471106e-08
| >   difference  : -1.6543612251060553e-23
[92mINFO[0m [94msymbolica_integrator l.7237[0m [96mt=2026-09-09,10:51:53.331[0m > Symbolica integration: starting iteration [92m22/100[0m using [94m1000000[0m points ...
[92mINFO[0m [94msymbolica_integrator l.7270[0m [96mt=2026-09-09,10:56:57.278[0m > ... result after this iteration:
| > Integration result after [92m22000000[0m evaluations in [92m226779.28 CPU-s[0m [94m(10308.1 µs / eval)[0m
| > Extremal weights:
| >   with jacobian    : 6.84561e+04 at xs = [1.1831152537673099e-05 2.3914006585135542e-01 4.9904977575258735e-01 2.3685816221509826e-01 1.2578911605555648e-01 8.2863057269959139e-01] | jacobian = 1.89472e+07
| >     momentum space  : k = [[3.2267122853500756e-04, 4.7214829136580485e-03, 2.4742114108705093e+02]; [4.4787938068564891e+01, 4.5234286535886881e+01, -1.0658735383054278e+02]]
| >   without jacobian : 5.92916e+02 at xs = [7.7714227550098884e-08 7.3693235000300880e-02 4.9892730092403287e-01 1.5281369692620936e-01 8.5812872670547968e-01 7.1038815051148452e-01] | jacobian = 3.44928e+02
| >     momentum space  : k = [[2.7812336471786872e-05, 1.3884642671401185e-05, 1.4379276872274622e+02]; [3.5787039355324993e+01, -4.4309664640466693e+01, -4.4291444432089186e+01]]
| >   before clipping   : 2.70599e+06 at xs = [1.4087024004165725e-06 9.2037706191240765e-01 5.0029263574244487e-01 1.6267747912340572e-01 6.1604814092332483e-01 7.1569855476544864e-01]
| >     momentum space  : k = [[4.9442435776664393e-04, -2.7028868477603463e-04, 1.5487750692988189e+02]; [-4.5149275364125195e+01, -4.0335978666164145e+01, -4.8722575235335384e+01]]
| > Stability pipeline: float pairs accepted = 30481595, HP pairs attempted/accepted = 639186/639186
| > Stability triggers: float mismatch = 597045, float non-finite/error = 190
| > HP precision escalations: attempted/accepted = 527/527
| > Higher-precision rejections: disagreement = 0, non-finite = 0, error = 0
| > Soft-mirror stability: pairs = 9698400, large-side triggers = 41749, HP orbits attempted/salvaged/failed = 577619/577619/0
| > Soft-mirror extrema: raw original = -1.44055e+09, post-average = 2.70599e+06
| > Strongest soft-mirror cancellation: residual/raw = 0.00000e+00
| > Unstable rotational-check points rejected = 0
| > Rotational-check high-precision retries = 597235
| > Rotational-check high-precision salvaged = 597235
| > Large-weight high-precision retries = 41951
| > Large-weight high-precision salvaged = 41951
| > Large-weight high-precision rejected = 0
| > Large-weight samples zeroed = 60 (2.727e-06 of samples; removed signed/absolute sums = 1.11166e+07/1.63662e+07)
| > Non-finite final outputs zeroed = 0
| > Non-finite float rotated evaluations seen = 5
| > Example higher-precision-retried xs = [1.7265545145750016e-01 3.0987003362503329e-01 3.2061093419506459e-01 2.9773816827716681e-01 4.2264025488893087e-01 5.4552528647525544e-01] | float rel = 1.83306e+00
| >     momentum space  : k = [[-2.5923335064264300e+01, 6.5631404491694042e+01, 4.4592524277177773e+01]; [-1.4841504911254179e+02, 7.8414345192107874e+01, -2.4172211541858793e+01]]
| > Example large-weight higher-precision-retried xs = [6.2315394262952850e-03 8.7335248832704826e-02 4.3698273950411237e-01 1.7075337559625559e-01 2.3328011702598017e-02 8.1591186955703054e-01] | compiled = 1.29744e+03 | higher precision = -1.91195e+00
| >     momentum space  : k = [[2.0981863278860531e+00, 1.2827845393213939e+00, 1.6464272205621262e+02]; [4.4540392286650942e+01, 6.5756311498899862e+00, -6.8970990633645286e+01]]
| > Example NaN/non-finite rotated xs = [9.7362215618168912e-01 2.8761982718842016e-02 7.1239412401005031e-01 7.6351383122687992e-06 8.1517347970654108e-01 4.6873166947969135e-02]
| >     momentum space  : k = [[1.1408782098248355e+04, 2.0845012077396245e+03, -9.1365956262265390e+03]; [1.7841371185143296e-04, -4.1105989017338625e-04, -2.9424209241204335e+04]]
| > [92mCentral value[0m : +2.9188797884777002e-08   +/- 7.94e-10     ([91m2.721%[0m)
[92mINFO[0m [94msymbolica_integrator l.7274[0m [96mt=2026-09-09,10:56:57.278[0m > | > Graph-channel Symbolica observer estimates:
| >   graph_0     : -2.0794714309761689e-08 +/- 1.68e-10 [51380 selected]
| >   graph_1     : 3.2679410075420941e-10 +/- 1.21e-11 [2076 selected]
| >   graph_2     : -1.2796254067484835e-08 +/- 6.34e-11 [14297 selected]
| >   graph_3     : 1.1237797901668278e-10 +/- 2.30e-12 [1471 selected]
| >   graph_4     : -6.5876290453016051e-10 +/- 1.88e-11 [2778 selected]
| >   graph_5     : -3.9325617042331270e-11 +/- 2.56e-12 [1428 selected]
| >   graph_6     : -4.2255950799016779e-11 +/- 2.67e-12 [1463 selected]
| >   graph_7     : 6.5738959916441024e-11 +/- 3.75e-12 [1387 selected]
| >   graph_8     : -9.4482593431972844e-10 +/- 1.74e-11 [4930 selected]
| >   graph_9     : 1.0705725646066906e-09 +/- 1.92e-11 [5800 selected]
| >   graph_10    : -2.6861078743797548e-09 +/- 1.12e-10 [26031 selected]
| >   graph_11    : 1.3287576413462977e-27 +/- 4.36e-28 [1398 selected]
| >   graph_12    : -5.5670765387471273e-10 +/- 1.22e-11 [3606 selected]
| >   graph_13    : -1.1629851081665898e-08 +/- 1.09e-10 [29874 selected]
| >   graph_14    : 1.0959048407543144e-10 +/- 8.16e-13 [1463 selected]
| >   graph_15    : -2.2943894900471974e-25 +/- 3.06e-25 [1468 selected]
| >   graph_16    : 3.8949419793014281e-09 +/- 1.86e-11 [2892 selected]
| >   graph_17    : -3.5541876536798596e-10 +/- 2.67e-12 [1461 selected]
| >   graph_18    : 1.1894981595356952e-08 +/- 8.40e-11 [19914 selected]
| >   graph_19    : 1.0609602432416915e-09 +/- 9.56e-12 [1431 selected]
| >   graph_20    : -7.7157887416687588e-10 +/- 6.64e-12 [1420 selected]
| >   graph_21    : -8.9950196868119083e-10 +/- 1.90e-11 [5270 selected]
| >   graph_22    : -4.9571692155859434e-10 +/- 1.86e-11 [2770 selected]
| >   graph_23    : -2.7146971538103901e-10 +/- 1.02e-11 [1449 selected]
| >   graph_24    : 5.8358910295729732e-10 +/- 2.57e-11 [4475 selected]
| >   graph_25    : 4.4105695664474965e-10 +/- 1.78e-11 [2430 selected]
| >   graph_26    : -2.1193089189481528e-10 +/- 1.60e-12 [1512 selected]
| >   graph_27    : -2.7437220191945241e-11 +/- 2.03e-13 [1351 selected]
| >   graph_28    : -1.1641640874214312e-09 +/- 1.37e-11 [2174 selected]
| >   graph_29    : 6.7913692131524513e-08 +/- 2.44e-10 [67720 selected]
| >   graph_30    : -1.0767611287882286e-09 +/- 2.04e-10 [81935 selected]
| >   graph_31    : 4.0870183919420788e-11 +/- 7.59e-13 [1431 selected]
| >   graph_32    : -3.8776601097009044e-11 +/- 1.42e-11 [2204 selected]
| >   graph_33    : -1.8830424599437409e-09 +/- 4.18e-11 [10334 selected]
| >   graph_34    : 7.4263766993134300e-26 +/- 7.14e-26 [1521 selected]
| >   graph_35    : 2.5375399356056816e-08 +/- 2.28e-10 [96709 selected]
| >   graph_36    : -2.9345341529342825e-09 +/- 3.64e-11 [7773 selected]
| >   graph_37    : 1.6117332158191054e-08 +/- 1.05e-10 [28781 selected]
| >   graph_38    : 3.9620831685954349e-10 +/- 6.44e-12 [1464 selected]
| >   graph_39    : -7.5101418885650433e-09 +/- 6.21e-11 [14405 selected]
| >   graph_40    : -6.3250599128531774e-10 +/- 4.04e-10 [145771 selected]
| >   graph_41    : 1.7156804104882983e-09 +/- 3.18e-11 [8332 selected]
| >   graph_42    : 4.4832476029612949e-09 +/- 2.21e-10 [49263 selected]
| >   graph_43    : 3.0776056006469900e-09 +/- 3.85e-11 [8095 selected]
| >   graph_44    : 4.5005011211338059e-10 +/- 1.23e-11 [3451 selected]
| >   graph_45    : 2.4160703479561347e-10 +/- 1.76e-12 [1442 selected]
| >   graph_46    : -6.0732815613576389e-11 +/- 6.83e-13 [1423 selected]
| >   graph_47    : -6.5314330600665066e-09 +/- 1.89e-10 [79717 selected]
| >   graph_48    : -9.6861636503316154e-11 +/- 4.21e-12 [1436 selected]
| >   graph_49    : -3.4494364765322890e-08 +/- 1.30e-10 [34422 selected]
| >   graph_50    : 8.8878626292499644e-10 +/- 2.34e-11 [3783 selected]
| >   graph_51    : 5.7493307430045893e-09 +/- 2.70e-11 [4181 selected]
| >   graph_52    : 2.4286240619884805e-10 +/- 1.02e-11 [1407 selected]
| >   graph_53    : -8.4001734432656323e-10 +/- 2.50e-11 [6792 selected]
| >   graph_54    : -2.8913608492683948e-09 +/- 3.01e-10 [54523 selected]
| >   graph_55    : 1.1035468682450444e-09 +/- 2.16e-11 [6009 selected]
| >   graph_56    : -4.2245147116738112e-09 +/- 1.97e-11 [3172 selected]
| >   graph_57    : -1.2990463935486506e-08 +/- 9.93e-11 [23807 selected]
| >   graph_58    : 4.6708856045947923e-11 +/- 4.30e-12 [1460 selected]
| >   graph_59    : 3.8728213346398238e-11 +/- 4.20e-12 [1357 selected]
| >   graph_60    : -7.2119894919572288e-11 +/- 4.26e-12 [1413 selected]
| >   graph_61    : 1.2675743451670776e-08 +/- 1.42e-10 [39632 selected]
| >   graph_62    : -6.4708126492132301e-25 +/- 1.30e-24 [1439 selected]
| >   graph_63    : -1.1472630049822360e-09 +/- 1.53e-11 [2571 selected]
| >   graph_64    : 8.4171228921090873e-10 +/- 7.36e-12 [1426 selected]
| >   sum         : 2.9188797884777009e-08
| >   total       : 2.9188797884777002e-08
| >   difference  : 6.6174449004242214e-24
[92mINFO[0m [94msymbolica_integrator l.7237[0m [96mt=2026-09-09,10:56:57.278[0m > Symbolica integration: starting iteration [92m23/100[0m using [94m1000000[0m points ...
[92mINFO[0m [94msymbolica_integrator l.7270[0m [96mt=2026-09-09,11:02:26.671[0m > ... result after this iteration:
| > Integration result after [92m23000000[0m evaluations in [92m241740.88 CPU-s[0m [94m(10510.5 µs / eval)[0m
| > Extremal weights:
| >   with jacobian    : 6.84561e+04 at xs = [1.1831152537673099e-05 2.3914006585135542e-01 4.9904977575258735e-01 2.3685816221509826e-01 1.2578911605555648e-01 8.2863057269959139e-01] | jacobian = 1.89472e+07
| >     momentum space  : k = [[3.2267122853500756e-04, 4.7214829136580485e-03, 2.4742114108705093e+02]; [4.4787938068564891e+01, 4.5234286535886881e+01, -1.0658735383054278e+02]]
| >   without jacobian : 5.92916e+02 at xs = [7.7714227550098884e-08 7.3693235000300880e-02 4.9892730092403287e-01 1.5281369692620936e-01 8.5812872670547968e-01 7.1038815051148452e-01] | jacobian = 3.44928e+02
| >     momentum space  : k = [[2.7812336471786872e-05, 1.3884642671401185e-05, 1.4379276872274622e+02]; [3.5787039355324993e+01, -4.4309664640466693e+01, -4.4291444432089186e+01]]
| >   before clipping   : 2.70599e+06 at xs = [1.4087024004165725e-06 9.2037706191240765e-01 5.0029263574244487e-01 1.6267747912340572e-01 6.1604814092332483e-01 7.1569855476544864e-01]
| >     momentum space  : k = [[4.9442435776664393e-04, -2.7028868477603463e-04, 1.5487750692988189e+02]; [-4.5149275364125195e+01, -4.0335978666164145e+01, -4.8722575235335384e+01]]
| > Stability pipeline: float pairs accepted = 31853325, HP pairs attempted/accepted = 677377/677377
| > Stability triggers: float mismatch = 632851, float non-finite/error = 233
| > HP precision escalations: attempted/accepted = 636/636
| > Higher-precision rejections: disagreement = 0, non-finite = 0, error = 0
| > Soft-mirror stability: pairs = 10143517, large-side triggers = 44077, HP orbits attempted/salvaged/failed = 612815/612815/0
| > Soft-mirror extrema: raw original = -1.44055e+09, post-average = 2.70599e+06
| > Strongest soft-mirror cancellation: residual/raw = 0.00000e+00
| > Unstable rotational-check points rejected = 0
| > Rotational-check high-precision retries = 633084
| > Rotational-check high-precision salvaged = 633084
| > Large-weight high-precision retries = 44293
| > Large-weight high-precision salvaged = 44293
| > Large-weight high-precision rejected = 0
| > Large-weight samples zeroed = 63 (2.739e-06 of samples; removed signed/absolute sums = 1.11197e+07/1.67205e+07)
| > Non-finite final outputs zeroed = 0
| > Non-finite float rotated evaluations seen = 12
| > Example higher-precision-retried xs = [1.7265545145750016e-01 3.0987003362503329e-01 3.2061093419506459e-01 2.9773816827716681e-01 4.2264025488893087e-01 5.4552528647525544e-01] | float rel = 1.83306e+00
| >     momentum space  : k = [[-2.5923335064264300e+01, 6.5631404491694042e+01, 4.4592524277177773e+01]; [-1.4841504911254179e+02, 7.8414345192107874e+01, -2.4172211541858793e+01]]
| > Example large-weight higher-precision-retried xs = [6.2315394262952850e-03 8.7335248832704826e-02 4.3698273950411237e-01 1.7075337559625559e-01 2.3328011702598017e-02 8.1591186955703054e-01] | compiled = 1.29744e+03 | higher precision = -1.91195e+00
| >     momentum space  : k = [[2.0981863278860531e+00, 1.2827845393213939e+00, 1.6464272205621262e+02]; [4.4540392286650942e+01, 6.5756311498899862e+00, -6.8970990633645286e+01]]
| > Example NaN/non-finite rotated xs = [9.7362215618168912e-01 2.8761982718842016e-02 7.1239412401005031e-01 7.6351383122687992e-06 8.1517347970654108e-01 4.6873166947969135e-02]
| >     momentum space  : k = [[1.1408782098248355e+04, 2.0845012077396245e+03, -9.1365956262265390e+03]; [1.7841371185143296e-04, -4.1105989017338625e-04, -2.9424209241204335e+04]]
| > [92mCentral value[0m : +2.9327628609118783e-08   +/- 7.65e-10     ([91m2.609%[0m)
[92mINFO[0m [94msymbolica_integrator l.7274[0m [96mt=2026-09-09,11:02:26.672[0m > | > Graph-channel Symbolica observer estimates:
| >   graph_0     : -2.0769861751572750e-08 +/- 1.63e-10 [50738 selected]
| >   graph_1     : 3.3152589204071856e-10 +/- 1.16e-11 [2092 selected]
| >   graph_2     : -1.2810112075278946e-08 +/- 6.16e-11 [13894 selected]
| >   graph_3     : 1.1244872237426841e-10 +/- 2.26e-12 [1512 selected]
| >   graph_4     : -6.6239181382501449e-10 +/- 1.84e-11 [2737 selected]
| >   graph_5     : -3.9315935373320310e-11 +/- 2.51e-12 [1489 selected]
| >   graph_6     : -4.2587332782585202e-11 +/- 2.62e-12 [1468 selected]
| >   graph_7     : 6.6309468628591652e-11 +/- 3.67e-12 [1431 selected]
| >   graph_8     : -9.4142714684736306e-10 +/- 1.68e-11 [4870 selected]
| >   graph_9     : 1.0667664047215938e-09 +/- 1.85e-11 [5420 selected]
| >   graph_10    : -2.6854103738771766e-09 +/- 1.08e-10 [25877 selected]
| >   graph_11    : 1.4549563686766399e-27 +/- 4.26e-28 [1485 selected]
| >   graph_12    : -5.5733299097073642e-10 +/- 1.18e-11 [3669 selected]
| >   graph_13    : -1.1634525777979149e-08 +/- 1.05e-10 [29993 selected]
| >   graph_14    : 1.0926321978885283e-10 +/- 7.93e-13 [1400 selected]
| >   graph_15    : 5.1239843083981681e-25 +/- 8.59e-25 [1455 selected]
| >   graph_16    : 3.8943291435955713e-09 +/- 1.82e-11 [2764 selected]
| >   graph_17    : -3.5558530017658441e-10 +/- 2.60e-12 [1409 selected]
| >   graph_18    : 1.1893420805833716e-08 +/- 8.12e-11 [19940 selected]
| >   graph_19    : 1.0582038020939574e-09 +/- 9.33e-12 [1372 selected]
| >   graph_20    : -7.6873543424990549e-10 +/- 6.50e-12 [1371 selected]
| >   graph_21    : -8.9929461429616007e-10 +/- 1.84e-11 [5282 selected]
| >   graph_22    : -4.9420128743156642e-10 +/- 1.80e-11 [2838 selected]
| >   graph_23    : -2.7175445472009972e-10 +/- 9.87e-12 [1455 selected]
| >   graph_24    : 5.8969536645906861e-10 +/- 2.51e-11 [4432 selected]
| >   graph_25    : 4.3928825299600413e-10 +/- 1.74e-11 [2421 selected]
| >   graph_26    : -2.1207495438984831e-10 +/- 1.56e-12 [1468 selected]
| >   graph_27    : -2.7396156982203495e-11 +/- 1.97e-13 [1403 selected]
| >   graph_28    : -1.1671447566275185e-09 +/- 1.33e-11 [1976 selected]
| >   graph_29    : 6.7989324076621341e-08 +/- 2.34e-10 [68010 selected]
| >   graph_30    : -1.1059080816480638e-09 +/- 1.96e-10 [81250 selected]
| >   graph_31    : 4.0918851794770411e-11 +/- 7.43e-13 [1472 selected]
| >   graph_32    : -3.8515303027677201e-11 +/- 1.38e-11 [2152 selected]
| >   graph_33    : -1.8795800619377191e-09 +/- 4.03e-11 [10181 selected]
| >   graph_34    : 8.2619696101177183e-26 +/- 6.94e-26 [1472 selected]
| >   graph_35    : 2.5424242061502699e-08 +/- 2.21e-10 [97108 selected]
| >   graph_36    : -2.9459051864668276e-09 +/- 3.54e-11 [7670 selected]
| >   graph_37    : 1.6117088375219922e-08 +/- 1.02e-10 [28619 selected]
| >   graph_38    : 3.9539949548318564e-10 +/- 6.30e-12 [1467 selected]
| >   graph_39    : -7.5180883753271412e-09 +/- 6.04e-11 [14465 selected]
| >   graph_40    : -6.0722649180101441e-10 +/- 3.88e-10 [145246 selected]
| >   graph_41    : 1.7147557063130187e-09 +/- 3.07e-11 [8256 selected]
| >   graph_42    : 4.4912132616735050e-09 +/- 2.13e-10 [52705 selected]
| >   graph_43    : 3.0822496436701539e-09 +/- 3.75e-11 [8032 selected]
| >   graph_44    : 4.4916999710168286e-10 +/- 1.19e-11 [3650 selected]
| >   graph_45    : 2.4156023728258464e-10 +/- 1.71e-12 [1423 selected]
| >   graph_46    : -6.0919618207305220e-11 +/- 6.65e-13 [1423 selected]
| >   graph_47    : -6.5427174102300325e-09 +/- 1.81e-10 [79208 selected]
| >   graph_48    : -9.6851195473850807e-11 +/- 4.10e-12 [1447 selected]
| >   graph_49    : -3.4506124842363405e-08 +/- 1.26e-10 [34280 selected]
| >   graph_50    : 8.7874306283028810e-10 +/- 2.30e-11 [3830 selected]
| >   graph_51    : 5.7379293205237783e-09 +/- 2.63e-11 [4029 selected]
| >   graph_52    : 2.4233653980766836e-10 +/- 9.96e-12 [1437 selected]
| >   graph_53    : -8.3430296930984092e-10 +/- 2.42e-11 [6841 selected]
| >   graph_54    : -2.8571433328164227e-09 +/- 2.88e-10 [54512 selected]
| >   graph_55    : 1.1075483727527958e-09 +/- 2.09e-11 [5944 selected]
| >   graph_56    : -4.2292142713942372e-09 +/- 1.92e-11 [3108 selected]
| >   graph_57    : -1.2990767319651013e-08 +/- 9.58e-11 [23685 selected]
| >   graph_58    : 4.6001434700260252e-11 +/- 4.21e-12 [1396 selected]
| >   graph_59    : 3.8701742623740675e-11 +/- 4.12e-12 [1452 selected]
| >   graph_60    : -7.2602964143881636e-11 +/- 4.18e-12 [1442 selected]
| >   graph_61    : 1.2700307362175696e-08 +/- 1.42e-10 [39676 selected]
| >   graph_62    : -4.3428284085315013e-25 +/- 1.25e-24 [1440 selected]
| >   graph_63    : -1.1475913933460888e-09 +/- 1.50e-11 [2499 selected]
| >   graph_64    : 8.4149896303474406e-10 +/- 7.20e-12 [1512 selected]
| >   sum         : 2.9327628609118730e-08
| >   total       : 2.9327628609118783e-08
| >   difference  : -5.2939559203393771e-23
[92mINFO[0m [94msymbolica_integrator l.7237[0m [96mt=2026-09-09,11:02:26.672[0m > Symbolica integration: starting iteration [92m24/100[0m using [94m1000000[0m points ...
[92mINFO[0m [94msymbolica_integrator l.7270[0m [96mt=2026-09-09,11:08:24.534[0m > ... result after this iteration:
| > Integration result after [92m24000000[0m evaluations in [92m256594.13 CPU-s[0m [94m(10691.4 µs / eval)[0m
| > Extremal weights:
| >   with jacobian    : 6.84561e+04 at xs = [1.1831152537673099e-05 2.3914006585135542e-01 4.9904977575258735e-01 2.3685816221509826e-01 1.2578911605555648e-01 8.2863057269959139e-01] | jacobian = 1.89472e+07
| >     momentum space  : k = [[3.2267122853500756e-04, 4.7214829136580485e-03, 2.4742114108705093e+02]; [4.4787938068564891e+01, 4.5234286535886881e+01, -1.0658735383054278e+02]]
| >   without jacobian : 5.92916e+02 at xs = [7.7714227550098884e-08 7.3693235000300880e-02 4.9892730092403287e-01 1.5281369692620936e-01 8.5812872670547968e-01 7.1038815051148452e-01] | jacobian = 3.44928e+02
| >     momentum space  : k = [[2.7812336471786872e-05, 1.3884642671401185e-05, 1.4379276872274622e+02]; [3.5787039355324993e+01, -4.4309664640466693e+01, -4.4291444432089186e+01]]
| >   before clipping   : 2.70599e+06 at xs = [1.4087024004165725e-06 9.2037706191240765e-01 5.0029263574244487e-01 1.6267747912340572e-01 6.1604814092332483e-01 7.1569855476544864e-01]
| >     momentum space  : k = [[4.9442435776664393e-04, -2.7028868477603463e-04, 1.5487750692988189e+02]; [-4.5149275364125195e+01, -4.0335978666164145e+01, -4.8722575235335384e+01]]
| > Stability pipeline: float pairs accepted = 33217283, HP pairs attempted/accepted = 721021/721021
| > Stability triggers: float mismatch = 673621, float non-finite/error = 251
| > HP precision escalations: attempted/accepted = 714/714
| > Higher-precision rejections: disagreement = 0, non-finite = 0, error = 0
| > Soft-mirror stability: pairs = 10591626, large-side triggers = 46921, HP orbits attempted/salvaged/failed = 653322/653322/0
| > Soft-mirror extrema: raw original = -1.44055e+09, post-average = 2.70599e+06
| > Strongest soft-mirror cancellation: residual/raw = 0.00000e+00
| > Unstable rotational-check points rejected = 0
| > Rotational-check high-precision retries = 673872
| > Rotational-check high-precision salvaged = 673872
| > Large-weight high-precision retries = 47149
| > Large-weight high-precision salvaged = 47149
| > Large-weight high-precision rejected = 0
| > Large-weight samples zeroed = 68 (2.833e-06 of samples; removed signed/absolute sums = 1.07835e+07/1.76330e+07)
| > Non-finite final outputs zeroed = 0
| > Non-finite float rotated evaluations seen = 13
| > Example higher-precision-retried xs = [1.7265545145750016e-01 3.0987003362503329e-01 3.2061093419506459e-01 2.9773816827716681e-01 4.2264025488893087e-01 5.4552528647525544e-01] | float rel = 1.83306e+00
| >     momentum space  : k = [[-2.5923335064264300e+01, 6.5631404491694042e+01, 4.4592524277177773e+01]; [-1.4841504911254179e+02, 7.8414345192107874e+01, -2.4172211541858793e+01]]
| > Example large-weight higher-precision-retried xs = [6.2315394262952850e-03 8.7335248832704826e-02 4.3698273950411237e-01 1.7075337559625559e-01 2.3328011702598017e-02 8.1591186955703054e-01] | compiled = 1.29744e+03 | higher precision = -1.91195e+00
| >     momentum space  : k = [[2.0981863278860531e+00, 1.2827845393213939e+00, 1.6464272205621262e+02]; [4.4540392286650942e+01, 6.5756311498899862e+00, -6.8970990633645286e+01]]
| > Example NaN/non-finite rotated xs = [9.7362215618168912e-01 2.8761982718842016e-02 7.1239412401005031e-01 7.6351383122687992e-06 8.1517347970654108e-01 4.6873166947969135e-02]
| >     momentum space  : k = [[1.1408782098248355e+04, 2.0845012077396245e+03, -9.1365956262265390e+03]; [1.7841371185143296e-04, -4.1105989017338625e-04, -2.9424209241204335e+04]]
| > [92mCentral value[0m : +2.9318379016452053e-08   +/- 7.37e-10     ([91m2.515%[0m)
[92mINFO[0m [94msymbolica_integrator l.7274[0m [96mt=2026-09-09,11:08:24.535[0m > | > Graph-channel Symbolica observer estimates:
| >   graph_0     : -2.0765609900937429e-08 +/- 1.57e-10 [51191 selected]
| >   graph_1     : 3.3083782600673893e-10 +/- 1.14e-11 [2058 selected]
| >   graph_2     : -1.2792132406634553e-08 +/- 6.00e-11 [14262 selected]
| >   graph_3     : 1.1284953239201402e-10 +/- 2.20e-12 [1451 selected]
| >   graph_4     : -6.6312218724593474e-10 +/- 1.79e-11 [2742 selected]
| >   graph_5     : -3.9765446365874700e-11 +/- 2.46e-12 [1436 selected]
| >   graph_6     : -4.2709710731538747e-11 +/- 2.56e-12 [1442 selected]
| >   graph_7     : 6.7309467480055581e-11 +/- 3.60e-12 [1427 selected]
| >   graph_8     : -9.3950311992597556e-10 +/- 1.63e-11 [4783 selected]
| >   graph_9     : 1.0676018999991589e-09 +/- 1.79e-11 [5403 selected]
| >   graph_10    : -2.6942934153747296e-09 +/- 1.04e-10 [25688 selected]
| >   graph_11    : 1.4974832551647953e-27 +/- 4.15e-28 [1373 selected]
| >   graph_12    : -5.5885787542630564e-10 +/- 1.15e-11 [3567 selected]
| >   graph_13    : -1.1637092355266373e-08 +/- 1.02e-10 [30250 selected]
| >   graph_14    : 1.0924917451535689e-10 +/- 7.72e-13 [1479 selected]
| >   graph_15    : 5.3799469622321253e-25 +/- 8.25e-25 [1391 selected]
| >   graph_16    : 3.8926673455482260e-09 +/- 1.78e-11 [2692 selected]
| >   graph_17    : -3.5561490399324314e-10 +/- 2.53e-12 [1417 selected]
| >   graph_18    : 1.1885450302743973e-08 +/- 7.84e-11 [19660 selected]
| >   graph_19    : 1.0577181839829021e-09 +/- 9.14e-12 [1436 selected]
| >   graph_20    : -7.6882148082207413e-10 +/- 6.37e-12 [1498 selected]
| >   graph_21    : -8.9356840890057284e-10 +/- 1.78e-11 [5312 selected]
| >   graph_22    : -4.9599931322096921e-10 +/- 1.74e-11 [2798 selected]
| >   graph_23    : -3.0072420185233974e-10 +/- 3.04e-11 [1515 selected]
| >   graph_24    : 5.7917494228350907e-10 +/- 2.45e-11 [4484 selected]
| >   graph_25    : 4.4095994382202828e-10 +/- 1.70e-11 [2443 selected]
| >   graph_26    : -2.1171782065967124e-10 +/- 1.52e-12 [1394 selected]
| >   graph_27    : -2.7438245432718040e-11 +/- 1.92e-13 [1521 selected]
| >   graph_28    : -1.1684854578073361e-09 +/- 1.31e-11 [2040 selected]
| >   graph_29    : 6.8008091409419630e-08 +/- 2.26e-10 [68057 selected]
| >   graph_30    : -1.0916788140950897e-09 +/- 1.89e-10 [80775 selected]
| >   graph_31    : 4.0898362015426602e-11 +/- 7.27e-13 [1478 selected]
| >   graph_32    : -3.5651155578344782e-11 +/- 1.35e-11 [2294 selected]
| >   graph_33    : -1.8811700372443125e-09 +/- 3.89e-11 [10054 selected]
| >   graph_34    : 1.1302947682770868e-25 +/- 6.93e-26 [1450 selected]
| >   graph_35    : 2.5389138657744308e-08 +/- 2.13e-10 [98028 selected]
| >   graph_36    : -2.9377029935691890e-09 +/- 3.46e-11 [7627 selected]
| >   graph_37    : 1.6070092932929848e-08 +/- 9.88e-11 [28837 selected]
| >   graph_38    : 3.9357959383657063e-10 +/- 6.17e-12 [1435 selected]
| >   graph_39    : -7.5140906204894170e-09 +/- 5.89e-11 [14233 selected]
| >   graph_40    : -6.2545658433307789e-10 +/- 3.73e-10 [145007 selected]
| >   graph_41    : 1.7112913318634927e-09 +/- 2.97e-11 [8161 selected]
| >   graph_42    : 4.4841290729029177e-09 +/- 2.04e-10 [52360 selected]
| >   graph_43    : 3.0826010998594583e-09 +/- 3.65e-11 [7873 selected]
| >   graph_44    : 4.4935280175216899e-10 +/- 1.16e-11 [3511 selected]
| >   graph_45    : 2.4133839211356659e-10 +/- 1.67e-12 [1437 selected]
| >   graph_46    : -6.0947096574194283e-11 +/- 6.48e-13 [1418 selected]
| >   graph_47    : -6.5371261584105878e-09 +/- 1.75e-10 [77663 selected]
| >   graph_48    : -9.6505265103072002e-11 +/- 3.99e-12 [1499 selected]
| >   graph_49    : -3.4495456836047670e-08 +/- 1.22e-10 [33982 selected]
| >   graph_50    : 8.8655774780740579e-10 +/- 2.25e-11 [3788 selected]
| >   graph_51    : 5.7315991257818169e-09 +/- 2.57e-11 [4083 selected]
| >   graph_52    : 2.4599321772714711e-10 +/- 9.73e-12 [1441 selected]
| >   graph_53    : -8.3442324252988326e-10 +/- 2.35e-11 [6652 selected]
| >   graph_54    : -2.8233796287325443e-09 +/- 2.76e-10 [54316 selected]
| >   graph_55    : 1.1095454689096277e-09 +/- 2.03e-11 [5780 selected]
| >   graph_56    : -4.2195742521901524e-09 +/- 1.88e-11 [2933 selected]
| >   graph_57    : -1.2979150321841608e-08 +/- 9.25e-11 [23516 selected]
| >   graph_58    : 4.5347461787427358e-11 +/- 4.11e-12 [1382 selected]
| >   graph_59    : 3.8515326493472466e-11 +/- 4.03e-12 [1456 selected]
| >   graph_60    : -7.0398819369034126e-11 +/- 4.10e-12 [1441 selected]
| >   graph_61    : 1.2707664000375180e-08 +/- 1.37e-10 [42460 selected]
| >   graph_62    : -4.0816320169728743e-25 +/- 1.20e-24 [1491 selected]
| >   graph_63    : -1.1439574295001496e-09 +/- 1.46e-11 [2460 selected]
| >   graph_64    : 8.4094990056455030e-10 +/- 7.05e-12 [1469 selected]
| >   sum         : 2.9318379016452014e-08
| >   total       : 2.9318379016452053e-08
| >   difference  : -3.9704669402545328e-23
[92mINFO[0m [94msymbolica_integrator l.7237[0m [96mt=2026-09-09,11:08:24.535[0m > Symbolica integration: starting iteration [92m25/100[0m using [94m1000000[0m points ...
[92mINFO[0m [94msymbolica_integrator l.7270[0m [96mt=2026-09-09,11:13:28.265[0m > ... result after this iteration:
| > Integration result after [92m25000000[0m evaluations in [92m269841.68 CPU-s[0m [94m(10793.7 µs / eval)[0m
| > Extremal weights:
| >   with jacobian    : 6.87291e+04 at xs = [1.1523609142106825e-05 8.0408886661259560e-01 4.9838097880659193e-01 1.8957618633349213e-01 8.5347278385972214e-01 6.8193530704548311e-01] | jacobian = 1.48509e+07
| >     momentum space  : k = [[1.5365375555778040e-03, -4.3457983363555212e-03, 1.8647702504812668e+02]; [4.7634774762067813e+01, -6.2642450015685178e+01, -5.0616133684117784e+01]]
| >   without jacobian : 5.92916e+02 at xs = [7.7714227550098884e-08 7.3693235000300880e-02 4.9892730092403287e-01 1.5281369692620936e-01 8.5812872670547968e-01 7.1038815051148452e-01] | jacobian = 3.44928e+02
| >     momentum space  : k = [[2.7812336471786872e-05, 1.3884642671401185e-05, 1.4379276872274622e+02]; [3.5787039355324993e+01, -4.4309664640466693e+01, -4.4291444432089186e+01]]
| >   before clipping   : 2.70599e+06 at xs = [1.4087024004165725e-06 9.2037706191240765e-01 5.0029263574244487e-01 1.6267747912340572e-01 6.1604814092332483e-01 7.1569855476544864e-01]
| >     momentum space  : k = [[4.9442435776664393e-04, -2.7028868477603463e-04, 1.5487750692988189e+02]; [-4.5149275364125195e+01, -4.0335978666164145e+01, -4.8722575235335384e+01]]
| > Stability pipeline: float pairs accepted = 34589113, HP pairs attempted/accepted = 760307/760307
| > Stability triggers: float mismatch = 710447, float non-finite/error = 280
| > HP precision escalations: attempted/accepted = 785/785
| > Higher-precision rejections: disagreement = 0, non-finite = 0, error = 0
| > Soft-mirror stability: pairs = 11039073, large-side triggers = 49344, HP orbits attempted/salvaged/failed = 689653/689653/0
| > Soft-mirror extrema: raw original = -1.44055e+09, post-average = 2.70599e+06
| > Strongest soft-mirror cancellation: residual/raw = 0.00000e+00
| > Unstable rotational-check points rejected = 0
| > Rotational-check high-precision retries = 710727
| > Rotational-check high-precision salvaged = 710727
| > Large-weight high-precision retries = 49580
| > Large-weight high-precision salvaged = 49580
| > Large-weight high-precision rejected = 0
| > Large-weight samples zeroed = 72 (2.880e-06 of samples; removed signed/absolute sums = 1.18616e+07/1.89760e+07)
| > Non-finite final outputs zeroed = 0
| > Non-finite float rotated evaluations seen = 14
| > Example higher-precision-retried xs = [1.7265545145750016e-01 3.0987003362503329e-01 3.2061093419506459e-01 2.9773816827716681e-01 4.2264025488893087e-01 5.4552528647525544e-01] | float rel = 1.83306e+00
| >     momentum space  : k = [[-2.5923335064264300e+01, 6.5631404491694042e+01, 4.4592524277177773e+01]; [-1.4841504911254179e+02, 7.8414345192107874e+01, -2.4172211541858793e+01]]
| > Example large-weight higher-precision-retried xs = [6.2315394262952850e-03 8.7335248832704826e-02 4.3698273950411237e-01 1.7075337559625559e-01 2.3328011702598017e-02 8.1591186955703054e-01] | compiled = 1.29744e+03 | higher precision = -1.91195e+00
| >     momentum space  : k = [[2.0981863278860531e+00, 1.2827845393213939e+00, 1.6464272205621262e+02]; [4.4540392286650942e+01, 6.5756311498899862e+00, -6.8970990633645286e+01]]
| > Example NaN/non-finite rotated xs = [9.7362215618168912e-01 2.8761982718842016e-02 7.1239412401005031e-01 7.6351383122687992e-06 8.1517347970654108e-01 4.6873166947969135e-02]
| >     momentum space  : k = [[1.1408782098248355e+04, 2.0845012077396245e+03, -9.1365956262265390e+03]; [1.7841371185143296e-04, -4.1105989017338625e-04, -2.9424209241204335e+04]]
| > [92mCentral value[0m : +2.9353370301645443e-08   +/- 7.11e-10     ([91m2.424%[0m)
[92mINFO[0m [94msymbolica_integrator l.7274[0m [96mt=2026-09-09,11:13:28.266[0m > | > Graph-channel Symbolica observer estimates:
| >   graph_0     : -2.0766167886764694e-08 +/- 1.53e-10 [51468 selected]
| >   graph_1     : 3.3210674680161983e-10 +/- 1.10e-11 [2078 selected]
| >   graph_2     : -1.2797887532217646e-08 +/- 5.85e-11 [14252 selected]
| >   graph_3     : 1.1233450100660736e-10 +/- 2.15e-12 [1458 selected]
| >   graph_4     : -6.6682283513409683e-10 +/- 1.75e-11 [2604 selected]
| >   graph_5     : -3.9592827998325625e-11 +/- 2.41e-12 [1479 selected]
| >   graph_6     : -4.2466618271982487e-11 +/- 2.52e-12 [1491 selected]
| >   graph_7     : 6.7813060920643445e-11 +/- 3.53e-12 [1502 selected]
| >   graph_8     : -9.3943400999580517e-10 +/- 1.59e-11 [4733 selected]
| >   graph_9     : 1.0665318887258029e-09 +/- 1.74e-11 [5389 selected]
| >   graph_10    : -2.7003835142694012e-09 +/- 1.00e-10 [25774 selected]
| >   graph_11    : 1.4629737060576718e-27 +/- 4.06e-28 [1518 selected]
| >   graph_12    : -5.6024198553794551e-10 +/- 1.12e-11 [3395 selected]
| >   graph_13    : -1.1630842224239143e-08 +/- 9.88e-11 [30124 selected]
| >   graph_14    : 1.0949737193022245e-10 +/- 7.83e-13 [1472 selected]
| >   graph_15    : 4.2893230688583903e-25 +/- 7.94e-25 [1364 selected]
| >   graph_16    : 3.8934266601608195e-09 +/- 1.74e-11 [2699 selected]
| >   graph_17    : -3.5633881160001676e-10 +/- 2.47e-12 [1501 selected]
| >   graph_18    : 1.1879550510061507e-08 +/- 7.59e-11 [19840 selected]
| >   graph_19    : 1.0611156804014175e-09 +/- 8.96e-12 [1516 selected]
| >   graph_20    : -7.7017515338346486e-10 +/- 6.23e-12 [1442 selected]
| >   graph_21    : -8.9571448479466123e-10 +/- 1.73e-11 [5253 selected]
| >   graph_22    : -4.9750231582616779e-10 +/- 1.69e-11 [2762 selected]
| >   graph_23    : -2.9848850798965079e-10 +/- 2.92e-11 [2128 selected]
| >   graph_24    : 5.8416331620883653e-10 +/- 2.39e-11 [4479 selected]
| >   graph_25    : 4.4057494183206577e-10 +/- 1.66e-11 [2411 selected]
| >   graph_26    : -2.1174043418676377e-10 +/- 1.49e-12 [1423 selected]
| >   graph_27    : -2.7446622127256850e-11 +/- 1.88e-13 [1460 selected]
| >   graph_28    : -1.1697863881103342e-09 +/- 1.28e-11 [1969 selected]
| >   graph_29    : 6.7994405663697344e-08 +/- 2.18e-10 [67880 selected]
| >   graph_30    : -1.1061011491972842e-09 +/- 1.82e-10 [80353 selected]
| >   graph_31    : 4.1055664286335441e-11 +/- 7.13e-13 [1520 selected]
| >   graph_32    : -3.4984354788398189e-11 +/- 1.32e-11 [2255 selected]
| >   graph_33    : -1.8769753032259726e-09 +/- 3.76e-11 [9907 selected]
| >   graph_34    : 1.1236178418459544e-25 +/- 6.78e-26 [1391 selected]
| >   graph_35    : 2.5402699714439216e-08 +/- 2.06e-10 [98466 selected]
| >   graph_36    : -2.9400279873551960e-09 +/- 3.37e-11 [7680 selected]
| >   graph_37    : 1.6096242867636972e-08 +/- 9.61e-11 [29218 selected]
| >   graph_38    : 3.9460675533777669e-10 +/- 6.05e-12 [1415 selected]
| >   graph_39    : -7.5097080015689684e-09 +/- 5.74e-11 [14361 selected]
| >   graph_40    : -6.4332727722674358e-10 +/- 3.59e-10 [144978 selected]
| >   graph_41    : 1.7134808569243374e-09 +/- 2.88e-11 [8158 selected]
| >   graph_42    : 4.5013105998684268e-09 +/- 1.97e-10 [51768 selected]
| >   graph_43    : 3.0746164076387863e-09 +/- 3.57e-11 [7952 selected]
| >   graph_44    : 4.4956991495683365e-10 +/- 1.13e-11 [3520 selected]
| >   graph_45    : 2.4154912401393463e-10 +/- 1.63e-12 [1488 selected]
| >   graph_46    : -6.0813709213402358e-11 +/- 6.33e-13 [1413 selected]
| >   graph_47    : -6.5095620914446747e-09 +/- 1.68e-10 [77437 selected]
| >   graph_48    : -9.6004305657314099e-11 +/- 3.89e-12 [1437 selected]
| >   graph_49    : -3.4521393055450084e-08 +/- 1.18e-10 [34209 selected]
| >   graph_50    : 8.8526648070392493e-10 +/- 2.20e-11 [3957 selected]
| >   graph_51    : 5.7318859180240220e-09 +/- 2.52e-11 [4110 selected]
| >   graph_52    : 2.4377470462878026e-10 +/- 9.54e-12 [1423 selected]
| >   graph_53    : -8.3042188898843055e-10 +/- 2.28e-11 [6595 selected]
| >   graph_54    : -2.8101895405290302e-09 +/- 2.66e-10 [54172 selected]
| >   graph_55    : 1.1101443744269334e-09 +/- 1.97e-11 [5702 selected]
| >   graph_56    : -4.2177423079486596e-09 +/- 1.84e-11 [2994 selected]
| >   graph_57    : -1.2969149304637140e-08 +/- 8.95e-11 [23385 selected]
| >   graph_58    : 4.4570104348760313e-11 +/- 4.02e-12 [1461 selected]
| >   graph_59    : 3.9709155222939852e-11 +/- 3.94e-12 [1433 selected]
| >   graph_60    : -7.0900639797815361e-11 +/- 4.01e-12 [1411 selected]
| >   graph_61    : 1.2715191172338855e-08 +/- 1.32e-10 [42165 selected]
| >   graph_62    : -4.7623072670833544e-25 +/- 1.15e-24 [1483 selected]
| >   graph_63    : -1.1447604940462073e-09 +/- 1.43e-11 [2439 selected]
| >   graph_64    : 8.3926970862440028e-10 +/- 6.92e-12 [1480 selected]
| >   sum         : 2.9353370301645446e-08
| >   total       : 2.9353370301645443e-08
| >   difference  : 3.3087224502121107e-24
[92mINFO[0m [94msymbolica_integrator l.7237[0m [96mt=2026-09-09,11:13:28.266[0m > Symbolica integration: starting iteration [92m26/100[0m using [94m1000000[0m points ...
[92mINFO[0m [94msymbolica_integrator l.7270[0m [96mt=2026-09-09,11:19:08.578[0m > ... result after this iteration:
| > Integration result after [92m26000000[0m evaluations in [92m284754.87 CPU-s[0m [94m(10952.1 µs / eval)[0m
| > Extremal weights:
| >   with jacobian    : 6.87291e+04 at xs = [1.1523609142106825e-05 8.0408886661259560e-01 4.9838097880659193e-01 1.8957618633349213e-01 8.5347278385972214e-01 6.8193530704548311e-01] | jacobian = 1.48509e+07
| >     momentum space  : k = [[1.5365375555778040e-03, -4.3457983363555212e-03, 1.8647702504812668e+02]; [4.7634774762067813e+01, -6.2642450015685178e+01, -5.0616133684117784e+01]]
| >   without jacobian : 5.92916e+02 at xs = [7.7714227550098884e-08 7.3693235000300880e-02 4.9892730092403287e-01 1.5281369692620936e-01 8.5812872670547968e-01 7.1038815051148452e-01] | jacobian = 3.44928e+02
| >     momentum space  : k = [[2.7812336471786872e-05, 1.3884642671401185e-05, 1.4379276872274622e+02]; [3.5787039355324993e+01, -4.4309664640466693e+01, -4.4291444432089186e+01]]
| >   before clipping   : 2.70599e+06 at xs = [1.4087024004165725e-06 9.2037706191240765e-01 5.0029263574244487e-01 1.6267747912340572e-01 6.1604814092332483e-01 7.1569855476544864e-01]
| >     momentum space  : k = [[4.9442435776664393e-04, -2.7028868477603463e-04, 1.5487750692988189e+02]; [-4.5149275364125195e+01, -4.0335978666164145e+01, -4.8722575235335384e+01]]
| > Stability pipeline: float pairs accepted = 35961369, HP pairs attempted/accepted = 799604/799604
| > Stability triggers: float mismatch = 747315, float non-finite/error = 311
| > HP precision escalations: attempted/accepted = 857/857
| > Higher-precision rejections: disagreement = 0, non-finite = 0, error = 0
| > Soft-mirror stability: pairs = 11487256, large-side triggers = 51729, HP orbits attempted/salvaged/failed = 726283/726283/0
| > Soft-mirror extrema: raw mirror = -4.36877e+09, post-average = 2.70599e+06
| > Strongest soft-mirror cancellation: residual/raw = 0.00000e+00
| > Unstable rotational-check points rejected = 0
| > Rotational-check high-precision retries = 747626
| > Rotational-check high-precision salvaged = 747626
| > Large-weight high-precision retries = 51978
| > Large-weight high-precision salvaged = 51978
| > Large-weight high-precision rejected = 0
| > Large-weight samples zeroed = 75 (2.885e-06 of samples; removed signed/absolute sums = 1.27899e+07/1.99043e+07)
| > Non-finite final outputs zeroed = 0
| > Non-finite float rotated evaluations seen = 14
| > Example higher-precision-retried xs = [1.7265545145750016e-01 3.0987003362503329e-01 3.2061093419506459e-01 2.9773816827716681e-01 4.2264025488893087e-01 5.4552528647525544e-01] | float rel = 1.83306e+00
| >     momentum space  : k = [[-2.5923335064264300e+01, 6.5631404491694042e+01, 4.4592524277177773e+01]; [-1.4841504911254179e+02, 7.8414345192107874e+01, -2.4172211541858793e+01]]
| > Example large-weight higher-precision-retried xs = [6.2315394262952850e-03 8.7335248832704826e-02 4.3698273950411237e-01 1.7075337559625559e-01 2.3328011702598017e-02 8.1591186955703054e-01] | compiled = 1.29744e+03 | higher precision = -1.91195e+00
| >     momentum space  : k = [[2.0981863278860531e+00, 1.2827845393213939e+00, 1.6464272205621262e+02]; [4.4540392286650942e+01, 6.5756311498899862e+00, -6.8970990633645286e+01]]
| > Example NaN/non-finite rotated xs = [9.7362215618168912e-01 2.8761982718842016e-02 7.1239412401005031e-01 7.6351383122687992e-06 8.1517347970654108e-01 4.6873166947969135e-02]
| >     momentum space  : k = [[1.1408782098248355e+04, 2.0845012077396245e+03, -9.1365956262265390e+03]; [1.7841371185143296e-04, -4.1105989017338625e-04, -2.9424209241204335e+04]]
| > [92mCentral value[0m : +2.9422746956885557e-08   +/- 6.88e-10     ([91m2.340%[0m)
[92mINFO[0m [94msymbolica_integrator l.7274[0m [96mt=2026-09-09,11:19:08.579[0m > | > Graph-channel Symbolica observer estimates:
| >   graph_0     : -2.0764533587788231e-08 +/- 1.48e-10 [52116 selected]
| >   graph_1     : 3.3063910037803382e-10 +/- 1.08e-11 [2041 selected]
| >   graph_2     : -1.2794535074461625e-08 +/- 5.70e-11 [14195 selected]
| >   graph_3     : 1.1122456084989071e-10 +/- 2.11e-12 [1404 selected]
| >   graph_4     : -6.6014366160568405e-10 +/- 1.72e-11 [2726 selected]
| >   graph_5     : -3.9701993387183078e-11 +/- 2.36e-12 [1473 selected]
| >   graph_6     : -4.2896451413270363e-11 +/- 2.48e-12 [1454 selected]
| >   graph_7     : 6.6962751815062196e-11 +/- 3.47e-12 [1495 selected]
| >   graph_8     : -9.3492278114172420e-10 +/- 1.54e-11 [4891 selected]
| >   graph_9     : 1.0662869093817811e-09 +/- 1.69e-11 [5371 selected]
| >   graph_10    : -2.7029562199320298e-09 +/- 9.68e-11 [25593 selected]
| >   graph_11    : 1.4992116330679690e-27 +/- 3.97e-28 [1444 selected]
| >   graph_12    : -5.5761182523955974e-10 +/- 1.09e-11 [3388 selected]
| >   graph_13    : -1.1625572465853427e-08 +/- 9.58e-11 [30207 selected]
| >   graph_14    : 1.0968007003005908e-10 +/- 7.74e-13 [1474 selected]
| >   graph_15    : 3.5682280667623995e-25 +/- 7.65e-25 [1473 selected]
| >   graph_16    : 3.8887527300506079e-09 +/- 1.71e-11 [2661 selected]
| >   graph_17    : -3.5618434679248552e-10 +/- 2.41e-12 [1427 selected]
| >   graph_18    : 1.1888542986041727e-08 +/- 7.36e-11 [19734 selected]
| >   graph_19    : 1.0624522513985561e-09 +/- 8.80e-12 [1424 selected]
| >   graph_20    : -7.6813048174385357e-10 +/- 6.11e-12 [1439 selected]
| >   graph_21    : -8.9272390127324158e-10 +/- 1.68e-11 [5218 selected]
| >   graph_22    : -4.9882703754879860e-10 +/- 1.64e-11 [2689 selected]
| >   graph_23    : -3.0076569732844005e-10 +/- 2.82e-11 [2193 selected]
| >   graph_24    : 5.8391840288372831e-10 +/- 2.34e-11 [4514 selected]
| >   graph_25    : 4.3700938546334328e-10 +/- 1.62e-11 [2410 selected]
| >   graph_26    : -2.1174593782554418e-10 +/- 1.45e-12 [1426 selected]
| >   graph_27    : -2.7427379308272512e-11 +/- 1.83e-13 [1419 selected]
| >   graph_28    : -1.1715726250251388e-09 +/- 1.25e-11 [1910 selected]
| >   graph_29    : 6.7963870306750246e-08 +/- 2.11e-10 [68261 selected]
| >   graph_30    : -1.0592958237097074e-09 +/- 1.80e-10 [79813 selected]
| >   graph_31    : 4.1138127996641664e-11 +/- 7.01e-13 [1468 selected]
| >   graph_32    : -3.1200118306923217e-11 +/- 1.29e-11 [2278 selected]
| >   graph_33    : -1.8756355213965562e-09 +/- 3.64e-11 [9954 selected]
| >   graph_34    : 9.2715401116389921e-26 +/- 6.59e-26 [1421 selected]
| >   graph_35    : 2.5378167364845275e-08 +/- 1.99e-10 [97351 selected]
| >   graph_36    : -2.9381888958980546e-09 +/- 3.30e-11 [7677 selected]
| >   graph_37    : 1.6105717870237644e-08 +/- 9.35e-11 [28953 selected]
| >   graph_38    : 3.9439973637114861e-10 +/- 5.93e-12 [1475 selected]
| >   graph_39    : -7.5255298430574852e-09 +/- 5.61e-11 [14418 selected]
| >   graph_40    : -6.4244556024744639e-10 +/- 3.46e-10 [145788 selected]
| >   graph_41    : 1.7152141146283773e-09 +/- 2.80e-11 [8156 selected]
| >   graph_42    : 4.5360228480638339e-09 +/- 1.90e-10 [52767 selected]
| >   graph_43    : 3.0707973772993270e-09 +/- 3.49e-11 [8006 selected]
| >   graph_44    : 4.4932057125475897e-10 +/- 1.10e-11 [3512 selected]
| >   graph_45    : 2.4175398727828845e-10 +/- 1.59e-12 [1464 selected]
| >   graph_46    : -6.1004440207495956e-11 +/- 6.19e-13 [1513 selected]
| >   graph_47    : -6.5200337574669303e-09 +/- 1.63e-10 [76509 selected]
| >   graph_48    : -9.5924164211677267e-11 +/- 3.81e-12 [1435 selected]
| >   graph_49    : -3.4497632096925620e-08 +/- 1.15e-10 [33926 selected]
| >   graph_50    : 8.8837679606084319e-10 +/- 2.17e-11 [3828 selected]
| >   graph_51    : 5.7289009746891983e-09 +/- 2.47e-11 [3948 selected]
| >   graph_52    : 2.4238883945336315e-10 +/- 9.35e-12 [1409 selected]
| >   graph_53    : -8.3416437375661404e-10 +/- 2.21e-11 [6713 selected]
| >   graph_54    : -2.7994124999834915e-09 +/- 2.56e-10 [53949 selected]
| >   graph_55    : 1.1055222108980243e-09 +/- 1.92e-11 [5823 selected]
| >   graph_56    : -4.2168427942506102e-09 +/- 1.80e-11 [3022 selected]
| >   graph_57    : -1.2964614912796865e-08 +/- 8.68e-11 [23781 selected]
| >   graph_58    : 4.4313042827909687e-11 +/- 3.95e-12 [1441 selected]
| >   graph_59    : 4.0686439909655615e-11 +/- 3.87e-12 [1395 selected]
| >   graph_60    : -7.1169070242540953e-11 +/- 3.94e-12 [1413 selected]
| >   graph_61    : 1.2719188600028986e-08 +/- 1.28e-10 [42528 selected]
| >   graph_62    : -5.4753750012251121e-25 +/- 1.11e-24 [1420 selected]
| >   graph_63    : -1.1424964599452883e-09 +/- 1.40e-11 [2504 selected]
| >   graph_64    : 8.3734040007104742e-10 +/- 6.80e-12 [1472 selected]
| >   sum         : 2.9422746956885543e-08
| >   total       : 2.9422746956885557e-08
| >   difference  : -1.3234889800848443e-23
[92mINFO[0m [94msymbolica_integrator l.7237[0m [96mt=2026-09-09,11:19:08.579[0m > Symbolica integration: starting iteration [92m27/100[0m using [94m1000000[0m points ...
[92mINFO[0m [94msymbolica_integrator l.7270[0m [96mt=2026-09-09,11:24:24.210[0m > ... result after this iteration:
| > Integration result after [92m27000000[0m evaluations in [92m299471.18 CPU-s[0m [94m(11091.5 µs / eval)[0m
| > Extremal weights:
| >   with jacobian    : 6.87291e+04 at xs = [1.1523609142106825e-05 8.0408886661259560e-01 4.9838097880659193e-01 1.8957618633349213e-01 8.5347278385972214e-01 6.8193530704548311e-01] | jacobian = 1.48509e+07
| >     momentum space  : k = [[1.5365375555778040e-03, -4.3457983363555212e-03, 1.8647702504812668e+02]; [4.7634774762067813e+01, -6.2642450015685178e+01, -5.0616133684117784e+01]]
| >   without jacobian : 5.92916e+02 at xs = [7.7714227550098884e-08 7.3693235000300880e-02 4.9892730092403287e-01 1.5281369692620936e-01 8.5812872670547968e-01 7.1038815051148452e-01] | jacobian = 3.44928e+02
| >     momentum space  : k = [[2.7812336471786872e-05, 1.3884642671401185e-05, 1.4379276872274622e+02]; [3.5787039355324993e+01, -4.4309664640466693e+01, -4.4291444432089186e+01]]
| >   before clipping   : 2.70599e+06 at xs = [1.4087024004165725e-06 9.2037706191240765e-01 5.0029263574244487e-01 1.6267747912340572e-01 6.1604814092332483e-01 7.1569855476544864e-01]
| >     momentum space  : k = [[4.9442435776664393e-04, -2.7028868477603463e-04, 1.5487750692988189e+02]; [-4.5149275364125195e+01, -4.0335978666164145e+01, -4.8722575235335384e+01]]
| > Stability pipeline: float pairs accepted = 37335962, HP pairs attempted/accepted = 836192/836192
| > Stability triggers: float mismatch = 781654, float non-finite/error = 330
| > HP precision escalations: attempted/accepted = 915/915
| > Higher-precision rejections: disagreement = 0, non-finite = 0, error = 0
| > Soft-mirror stability: pairs = 11932330, large-side triggers = 53943, HP orbits attempted/salvaged/failed = 760176/760176/0
| > Soft-mirror extrema: raw mirror = -4.36877e+09, post-average = 2.70599e+06
| > Strongest soft-mirror cancellation: residual/raw = 0.00000e+00
| > Unstable rotational-check points rejected = 0
| > Rotational-check high-precision retries = 781984
| > Rotational-check high-precision salvaged = 781984
| > Large-weight high-precision retries = 54208
| > Large-weight high-precision salvaged = 54208
| > Large-weight high-precision rejected = 0
| > Large-weight samples zeroed = 81 (3.000e-06 of samples; removed signed/absolute sums = 1.54181e+07/2.33790e+07)
| > Non-finite final outputs zeroed = 0
| > Non-finite float rotated evaluations seen = 15
| > Example higher-precision-retried xs = [1.7265545145750016e-01 3.0987003362503329e-01 3.2061093419506459e-01 2.9773816827716681e-01 4.2264025488893087e-01 5.4552528647525544e-01] | float rel = 1.83306e+00
| >     momentum space  : k = [[-2.5923335064264300e+01, 6.5631404491694042e+01, 4.4592524277177773e+01]; [-1.4841504911254179e+02, 7.8414345192107874e+01, -2.4172211541858793e+01]]
| > Example large-weight higher-precision-retried xs = [6.2315394262952850e-03 8.7335248832704826e-02 4.3698273950411237e-01 1.7075337559625559e-01 2.3328011702598017e-02 8.1591186955703054e-01] | compiled = 1.29744e+03 | higher precision = -1.91195e+00
| >     momentum space  : k = [[2.0981863278860531e+00, 1.2827845393213939e+00, 1.6464272205621262e+02]; [4.4540392286650942e+01, 6.5756311498899862e+00, -6.8970990633645286e+01]]
| > Example NaN/non-finite rotated xs = [9.7362215618168912e-01 2.8761982718842016e-02 7.1239412401005031e-01 7.6351383122687992e-06 8.1517347970654108e-01 4.6873166947969135e-02]
| >     momentum space  : k = [[1.1408782098248355e+04, 2.0845012077396245e+03, -9.1365956262265390e+03]; [1.7841371185143296e-04, -4.1105989017338625e-04, -2.9424209241204335e+04]]
| > [92mCentral value[0m : +2.9524060222077735e-08   +/- 6.66e-10     ([91m2.256%[0m)
[92mINFO[0m [94msymbolica_integrator l.7274[0m [96mt=2026-09-09,11:24:24.211[0m > | > Graph-channel Symbolica observer estimates:
| >   graph_0     : -2.0762971709333792e-08 +/- 1.44e-10 [52601 selected]
| >   graph_1     : 3.3198117069172050e-10 +/- 1.05e-11 [2017 selected]
| >   graph_2     : -1.2794273353378732e-08 +/- 5.57e-11 [14158 selected]
| >   graph_3     : 1.1080540957058943e-10 +/- 2.07e-12 [1442 selected]
| >   graph_4     : -6.5483808797580162e-10 +/- 1.68e-11 [2698 selected]
| >   graph_5     : -3.9900027869131396e-11 +/- 2.32e-12 [1495 selected]
| >   graph_6     : -4.2638772495484511e-11 +/- 2.44e-12 [1475 selected]
| >   graph_7     : 6.6598013668973717e-11 +/- 3.41e-12 [1418 selected]
| >   graph_8     : -9.3352648611217074e-10 +/- 1.50e-11 [4770 selected]
| >   graph_9     : 1.0631156145128144e-09 +/- 1.65e-11 [5285 selected]
| >   graph_10    : -2.7011724412798145e-09 +/- 9.37e-11 [25566 selected]
| >   graph_11    : 1.3942639710097293e-27 +/- 3.88e-28 [1417 selected]
| >   graph_12    : -5.5741976592010537e-10 +/- 1.06e-11 [3478 selected]
| >   graph_13    : -1.1623334441595910e-08 +/- 9.30e-11 [30155 selected]
| >   graph_14    : 1.0959559192853100e-10 +/- 7.57e-13 [1430 selected]
| >   graph_15    : 6.5728539993453013e-25 +/- 8.25e-25 [1421 selected]
| >   graph_16    : 3.8850763048242836e-09 +/- 1.68e-11 [2628 selected]
| >   graph_17    : -3.5661086493323241e-10 +/- 2.36e-12 [1479 selected]
| >   graph_18    : 1.1882622974848705e-08 +/- 7.15e-11 [19496 selected]
| >   graph_19    : 1.0638455907403306e-09 +/- 8.64e-12 [1454 selected]
| >   graph_20    : -7.6776474582133833e-10 +/- 5.99e-12 [1416 selected]
| >   graph_21    : -8.9249913972685024e-10 +/- 1.64e-11 [5138 selected]
| >   graph_22    : -4.9907890444370179e-10 +/- 1.59e-11 [2739 selected]
| >   graph_23    : -3.0054749020470378e-10 +/- 2.72e-11 [2105 selected]
| >   graph_24    : 5.8319618699882516e-10 +/- 2.29e-11 [4455 selected]
| >   graph_25    : 4.3553489414401984e-10 +/- 1.59e-11 [2495 selected]
| >   graph_26    : -2.1188399642334013e-10 +/- 1.42e-12 [1498 selected]
| >   graph_27    : -2.7435760855734399e-11 +/- 1.79e-13 [1475 selected]
| >   graph_28    : -1.1691206487227415e-09 +/- 1.23e-11 [2069 selected]
| >   graph_29    : 6.7990775038325337e-08 +/- 2.04e-10 [68469 selected]
| >   graph_30    : -1.0689265249189566e-09 +/- 1.73e-10 [83219 selected]
| >   graph_31    : 4.0882584865890414e-11 +/- 6.91e-13 [1521 selected]
| >   graph_32    : -3.5138064055788810e-11 +/- 1.26e-11 [2296 selected]
| >   graph_33    : -1.8724341876998566e-09 +/- 3.53e-11 [9980 selected]
| >   graph_34    : 9.9494606572027411e-26 +/- 6.41e-26 [1415 selected]
| >   graph_35    : 2.5428156257165653e-08 +/- 1.94e-10 [96994 selected]
| >   graph_36    : -2.9486117386853429e-09 +/- 3.23e-11 [7696 selected]
| >   graph_37    : 1.6096512663381079e-08 +/- 9.11e-11 [29082 selected]
| >   graph_38    : 3.9475036371378060e-10 +/- 5.82e-12 [1437 selected]
| >   graph_39    : -7.5300441282689084e-09 +/- 5.48e-11 [14312 selected]
| >   graph_40    : -6.3686595561460788e-10 +/- 3.34e-10 [144003 selected]
| >   graph_41    : 1.7143946168964773e-09 +/- 2.72e-11 [8021 selected]
| >   graph_42    : 4.5188302633173559e-09 +/- 1.84e-10 [52456 selected]
| >   graph_43    : 3.0871797534777581e-09 +/- 3.41e-11 [7976 selected]
| >   graph_44    : 4.4633935665887138e-10 +/- 1.07e-11 [3329 selected]
| >   graph_45    : 2.4186226582509621e-10 +/- 1.56e-12 [1478 selected]
| >   graph_46    : -6.0830581987695208e-11 +/- 6.05e-13 [1394 selected]
| >   graph_47    : -6.5303723551065672e-09 +/- 1.57e-10 [76393 selected]
| >   graph_48    : -9.5061979430480201e-11 +/- 3.72e-12 [1409 selected]
| >   graph_49    : -3.4481058782620037e-08 +/- 1.11e-10 [34162 selected]
| >   graph_50    : 8.9118868584590047e-10 +/- 2.12e-11 [3842 selected]
| >   graph_51    : 5.7377040941524384e-09 +/- 2.42e-11 [4146 selected]
| >   graph_52    : 2.4117978416256438e-10 +/- 9.16e-12 [1385 selected]
| >   graph_53    : -8.2675460015441103e-10 +/- 2.26e-11 [6541 selected]
| >   graph_54    : -2.7696153732104414e-09 +/- 2.47e-10 [53803 selected]
| >   graph_55    : 1.1088986118206923e-09 +/- 1.87e-11 [5669 selected]
| >   graph_56    : -4.2156620751041583e-09 +/- 1.77e-11 [2978 selected]
| >   graph_57    : -1.2969343446003900e-08 +/- 8.43e-11 [23608 selected]
| >   graph_58    : 4.4994165699039833e-11 +/- 3.87e-12 [1447 selected]
| >   graph_59    : 4.0776743972499264e-11 +/- 3.80e-12 [1473 selected]
| >   graph_60    : -7.1435838590277884e-11 +/- 3.86e-12 [1374 selected]
| >   graph_61    : 1.2717901082181477e-08 +/- 1.24e-10 [42097 selected]
| >   graph_62    : -5.6490895260097075e-25 +/- 1.07e-24 [1449 selected]
| >   graph_63    : -1.1414978968303988e-09 +/- 1.38e-11 [2451 selected]
| >   graph_64    : 8.3803230406144394e-10 +/- 6.68e-12 [1422 selected]
| >   sum         : 2.9524060222077735e-08
| >   total       : 2.9524060222077735e-08
| >   difference  : 0.0000000000000000e+00
[92mINFO[0m [94msymbolica_integrator l.7237[0m [96mt=2026-09-09,11:24:24.211[0m > Symbolica integration: starting iteration [92m28/100[0m using [94m1000000[0m points ...
[92mINFO[0m [94msymbolica_integrator l.7270[0m [96mt=2026-09-09,11:29:30.864[0m > ... result after this iteration:
| > Integration result after [92m28000000[0m evaluations in [92m313679.48 CPU-s[0m [94m(11202.8 µs / eval)[0m
| > Extremal weights:
| >   with jacobian    : 6.87291e+04 at xs = [1.1523609142106825e-05 8.0408886661259560e-01 4.9838097880659193e-01 1.8957618633349213e-01 8.5347278385972214e-01 6.8193530704548311e-01] | jacobian = 1.48509e+07
| >     momentum space  : k = [[1.5365375555778040e-03, -4.3457983363555212e-03, 1.8647702504812668e+02]; [4.7634774762067813e+01, -6.2642450015685178e+01, -5.0616133684117784e+01]]
| >   without jacobian : 5.92916e+02 at xs = [7.7714227550098884e-08 7.3693235000300880e-02 4.9892730092403287e-01 1.5281369692620936e-01 8.5812872670547968e-01 7.1038815051148452e-01] | jacobian = 3.44928e+02
| >     momentum space  : k = [[2.7812336471786872e-05, 1.3884642671401185e-05, 1.4379276872274622e+02]; [3.5787039355324993e+01, -4.4309664640466693e+01, -4.4291444432089186e+01]]
| >   before clipping   : 2.70599e+06 at xs = [1.4087024004165725e-06 9.2037706191240765e-01 5.0029263574244487e-01 1.6267747912340572e-01 6.1604814092332483e-01 7.1569855476544864e-01]
| >     momentum space  : k = [[4.9442435776664393e-04, -2.7028868477603463e-04, 1.5487750692988189e+02]; [-4.5149275364125195e+01, -4.0335978666164145e+01, -4.8722575235335384e+01]]
| > Stability pipeline: float pairs accepted = 38714312, HP pairs attempted/accepted = 871177/871177
| > Stability triggers: float mismatch = 814617, float non-finite/error = 352
| > HP precision escalations: attempted/accepted = 960/960
| > Higher-precision rejections: disagreement = 0, non-finite = 0, error = 0
| > Soft-mirror stability: pairs = 12377654, large-side triggers = 55934, HP orbits attempted/salvaged/failed = 792165/792165/0
| > Soft-mirror extrema: raw mirror = -4.36877e+09, post-average = 2.70599e+06
| > Strongest soft-mirror cancellation: residual/raw = 0.00000e+00
| > Unstable rotational-check points rejected = 0
| > Rotational-check high-precision retries = 814969
| > Rotational-check high-precision salvaged = 814969
| > Large-weight high-precision retries = 56208
| > Large-weight high-precision salvaged = 56208
| > Large-weight high-precision rejected = 0
| > Large-weight samples zeroed = 82 (2.929e-06 of samples; removed signed/absolute sums = 1.54884e+07/2.34493e+07)
| > Non-finite final outputs zeroed = 0
| > Non-finite float rotated evaluations seen = 15
| > Example higher-precision-retried xs = [1.7265545145750016e-01 3.0987003362503329e-01 3.2061093419506459e-01 2.9773816827716681e-01 4.2264025488893087e-01 5.4552528647525544e-01] | float rel = 1.83306e+00
| >     momentum space  : k = [[-2.5923335064264300e+01, 6.5631404491694042e+01, 4.4592524277177773e+01]; [-1.4841504911254179e+02, 7.8414345192107874e+01, -2.4172211541858793e+01]]
| > Example large-weight higher-precision-retried xs = [6.2315394262952850e-03 8.7335248832704826e-02 4.3698273950411237e-01 1.7075337559625559e-01 2.3328011702598017e-02 8.1591186955703054e-01] | compiled = 1.29744e+03 | higher precision = -1.91195e+00
| >     momentum space  : k = [[2.0981863278860531e+00, 1.2827845393213939e+00, 1.6464272205621262e+02]; [4.4540392286650942e+01, 6.5756311498899862e+00, -6.8970990633645286e+01]]
| > Example NaN/non-finite rotated xs = [9.7362215618168912e-01 2.8761982718842016e-02 7.1239412401005031e-01 7.6351383122687992e-06 8.1517347970654108e-01 4.6873166947969135e-02]
| >     momentum space  : k = [[1.1408782098248355e+04, 2.0845012077396245e+03, -9.1365956262265390e+03]; [1.7841371185143296e-04, -4.1105989017338625e-04, -2.9424209241204335e+04]]
| > [92mCentral value[0m : +2.9549653025079364e-08   +/- 6.46e-10     ([91m2.186%[0m)
[92mINFO[0m [94msymbolica_integrator l.7274[0m [96mt=2026-09-09,11:29:30.865[0m > | > Graph-channel Symbolica observer estimates:
| >   graph_0     : -2.0727083496923056e-08 +/- 1.40e-10 [52961 selected]
| >   graph_1     : 3.3573084903953174e-10 +/- 1.02e-11 [2039 selected]
| >   graph_2     : -1.2809250337969924e-08 +/- 5.44e-11 [14294 selected]
| >   graph_3     : 1.1084878410122436e-10 +/- 2.04e-12 [1473 selected]
| >   graph_4     : -6.5289007714871593e-10 +/- 1.65e-11 [2826 selected]
| >   graph_5     : -4.0110278814059360e-11 +/- 2.28e-12 [1384 selected]
| >   graph_6     : -4.2322180720343600e-11 +/- 2.40e-12 [1434 selected]
| >   graph_7     : 6.6189254677343464e-11 +/- 3.34e-12 [1411 selected]
| >   graph_8     : -9.3325389912480637e-10 +/- 1.47e-11 [4691 selected]
| >   graph_9     : 1.0632130675146408e-09 +/- 1.61e-11 [5223 selected]
| >   graph_10    : -2.7242339148636645e-09 +/- 9.10e-11 [25724 selected]
| >   graph_11    : 1.4800986801392914e-27 +/- 3.80e-28 [1372 selected]
| >   graph_12    : -5.5807659002028610e-10 +/- 1.04e-11 [3413 selected]
| >   graph_13    : -1.1621995536894087e-08 +/- 9.05e-11 [30053 selected]
| >   graph_14    : 1.0968009712939698e-10 +/- 7.41e-13 [1453 selected]
| >   graph_15    : 6.7687243978736584e-25 +/- 7.98e-25 [1362 selected]
| >   graph_16    : 3.8907496997817504e-09 +/- 1.65e-11 [2779 selected]
| >   graph_17    : -3.5713014760678604e-10 +/- 2.31e-12 [1484 selected]
| >   graph_18    : 1.1885147248932022e-08 +/- 6.99e-11 [19593 selected]
| >   graph_19    : 1.0609815893191067e-09 +/- 8.49e-12 [1425 selected]
| >   graph_20    : -7.6923979326149862e-10 +/- 5.88e-12 [1469 selected]
| >   graph_21    : -8.9112883161838700e-10 +/- 1.60e-11 [5249 selected]
| >   graph_22    : -4.9825503990249611e-10 +/- 1.55e-11 [2659 selected]
| >   graph_23    : -2.9870452710951442e-10 +/- 2.62e-11 [2069 selected]
| >   graph_24    : 5.7551422873693495e-10 +/- 2.25e-11 [4443 selected]
| >   graph_25    : 4.3387159724640778e-10 +/- 1.56e-11 [2360 selected]
| >   graph_26    : -2.1199573424285102e-10 +/- 1.39e-12 [1473 selected]
| >   graph_27    : -2.7477585285187877e-11 +/- 1.76e-13 [1473 selected]
| >   graph_28    : -1.1697338575729920e-09 +/- 1.20e-11 [2109 selected]
| >   graph_29    : 6.8008814305038307e-08 +/- 1.98e-10 [68116 selected]
| >   graph_30    : -1.0672777101964027e-09 +/- 1.68e-10 [82450 selected]
| >   graph_31    : 4.0800922855999746e-11 +/- 6.78e-13 [1483 selected]
| >   graph_32    : -3.9444854005089538e-11 +/- 1.23e-11 [2268 selected]
| >   graph_33    : -1.8756645575031758e-09 +/- 3.44e-11 [9789 selected]
| >   graph_34    : 1.0158292606216142e-25 +/- 6.23e-26 [1406 selected]
| >   graph_35    : 2.5468074922173482e-08 +/- 1.90e-10 [97592 selected]
| >   graph_36    : -2.9578341852476039e-09 +/- 3.16e-11 [7591 selected]
| >   graph_37    : 1.6105416589055925e-08 +/- 8.89e-11 [29338 selected]
| >   graph_38    : 3.9510343026414486e-10 +/- 5.72e-12 [1396 selected]
| >   graph_39    : -7.5357825815194771e-09 +/- 5.36e-11 [14507 selected]
| >   graph_40    : -6.3747257973509540e-10 +/- 3.23e-10 [144216 selected]
| >   graph_41    : 1.7164747692194944e-09 +/- 2.64e-11 [8211 selected]
| >   graph_42    : 4.5149477338751977e-09 +/- 1.78e-10 [52789 selected]
| >   graph_43    : 3.0865946329950576e-09 +/- 3.34e-11 [7992 selected]
| >   graph_44    : 4.4349606003124690e-10 +/- 1.05e-11 [3373 selected]
| >   graph_45    : 2.4180184058100288e-10 +/- 1.53e-12 [1482 selected]
| >   graph_46    : -6.0812236828369613e-11 +/- 5.96e-13 [1449 selected]
| >   graph_47    : -6.5403452831525058e-09 +/- 1.52e-10 [76225 selected]
| >   graph_48    : -9.4592710740016475e-11 +/- 3.64e-12 [1468 selected]
| >   graph_49    : -3.4495202460550432e-08 +/- 1.08e-10 [34196 selected]
| >   graph_50    : 8.8383470797717296e-10 +/- 2.07e-11 [3677 selected]
| >   graph_51    : 5.7387852705326075e-09 +/- 2.38e-11 [3985 selected]
| >   graph_52    : 2.4324521457637589e-10 +/- 8.99e-12 [1444 selected]
| >   graph_53    : -8.2474018860074397e-10 +/- 2.20e-11 [6558 selected]
| >   graph_54    : -2.7601934090416259e-09 +/- 2.38e-10 [53431 selected]
| >   graph_55    : 1.1047711705290700e-09 +/- 1.83e-11 [5636 selected]
| >   graph_56    : -4.2111290727315199e-09 +/- 1.73e-11 [2860 selected]
| >   graph_57    : -1.2953826367402298e-08 +/- 8.19e-11 [24065 selected]
| >   graph_58    : 4.3585319551400904e-11 +/- 3.81e-12 [1486 selected]
| >   graph_59    : 4.0619192493213119e-11 +/- 3.73e-12 [1425 selected]
| >   graph_60    : -7.2419996380611512e-11 +/- 3.80e-12 [1462 selected]
| >   graph_61    : 1.2704670084323527e-08 +/- 1.20e-10 [41519 selected]
| >   graph_62    : -5.6394745902432228e-25 +/- 1.04e-24 [1483 selected]
| >   graph_63    : -1.1409386742371114e-09 +/- 1.35e-11 [2490 selected]
| >   graph_64    : 8.3724913947848948e-10 +/- 6.57e-12 [1444 selected]
| >   sum         : 2.9549653025079340e-08
| >   total       : 2.9549653025079364e-08
| >   difference  : -2.3161057151484775e-23
[92mINFO[0m [94msymbolica_integrator l.7237[0m [96mt=2026-09-09,11:29:30.865[0m > Symbolica integration: starting iteration [92m29/100[0m using [94m1000000[0m points ...
[92mINFO[0m [94msymbolica_integrator l.7270[0m [96mt=2026-09-09,11:33:26.027[0m > ... result after this iteration:
| > Integration result after [92m29000000[0m evaluations in [92m322666.05 CPU-s[0m [94m(11126.4 µs / eval)[0m
| > Extremal weights:
| >   with jacobian    : 6.87291e+04 at xs = [1.1523609142106825e-05 8.0408886661259560e-01 4.9838097880659193e-01 1.8957618633349213e-01 8.5347278385972214e-01 6.8193530704548311e-01] | jacobian = 1.48509e+07
| >     momentum space  : k = [[1.5365375555778040e-03, -4.3457983363555212e-03, 1.8647702504812668e+02]; [4.7634774762067813e+01, -6.2642450015685178e+01, -5.0616133684117784e+01]]
| >   without jacobian : 8.41667e+02 at xs = [2.1644785995035057e-01 2.2327732036082987e-01 9.0005162806327046e-02 1.7458703286859558e-08 7.3575934600394133e-01 5.0065937544086936e-01] | jacobian = 1.68691e+01
| >     momentum space  : k = [[5.1520179375197577e+00, 3.0395499161640817e+01, 1.0610782516893383e+02]; [-6.2402386705362338e-07, -6.9555300242911466e-06, -1.4466194918123457e-08]]
| >   before clipping   : -4.04608e+06 at xs = [3.1355042170766100e-05 5.6809651961360430e-01 5.0136905828021838e-01 2.1953195223468047e-01 1.0413948413193376e-01 7.9744155358127045e-01]
| >     momentum space  : k = [[-1.1411662814190451e-02, -5.2041419821950881e-03, 2.2423128006568655e+02]; [5.3052891078595295e+01, 4.0694520877612732e+01, -9.0490419153599248e+01]]
| > Stability pipeline: float pairs accepted = 40084329, HP pairs attempted/accepted = 911328/911328
| > Stability triggers: float mismatch = 852349, float non-finite/error = 369
| > HP precision escalations: attempted/accepted = 1005/1005
| > Higher-precision rejections: disagreement = 0, non-finite = 0, error = 0
| > Soft-mirror stability: pairs = 12824707, large-side triggers = 58329, HP orbits attempted/salvaged/failed = 829050/829050/0
| > Soft-mirror extrema: raw mirror = -4.36877e+09, post-average = -4.04608e+06
| > Strongest soft-mirror cancellation: residual/raw = 0.00000e+00
| > Unstable rotational-check points rejected = 0
| > Rotational-check high-precision retries = 852718
| > Rotational-check high-precision salvaged = 852718
| > Large-weight high-precision retries = 58610
| > Large-weight high-precision salvaged = 58610
| > Large-weight high-precision rejected = 0
| > Large-weight samples zeroed = 86 (2.966e-06 of samples; removed signed/absolute sums = 1.09299e+07/2.81554e+07)
| > Non-finite final outputs zeroed = 0
| > Non-finite float rotated evaluations seen = 16
| > Example higher-precision-retried xs = [1.7265545145750016e-01 3.0987003362503329e-01 3.2061093419506459e-01 2.9773816827716681e-01 4.2264025488893087e-01 5.4552528647525544e-01] | float rel = 1.83306e+00
| >     momentum space  : k = [[-2.5923335064264300e+01, 6.5631404491694042e+01, 4.4592524277177773e+01]; [-1.4841504911254179e+02, 7.8414345192107874e+01, -2.4172211541858793e+01]]
| > Example large-weight higher-precision-retried xs = [6.2315394262952850e-03 8.7335248832704826e-02 4.3698273950411237e-01 1.7075337559625559e-01 2.3328011702598017e-02 8.1591186955703054e-01] | compiled = 1.29744e+03 | higher precision = -1.91195e+00
| >     momentum space  : k = [[2.0981863278860531e+00, 1.2827845393213939e+00, 1.6464272205621262e+02]; [4.4540392286650942e+01, 6.5756311498899862e+00, -6.8970990633645286e+01]]
| > Example NaN/non-finite rotated xs = [9.7362215618168912e-01 2.8761982718842016e-02 7.1239412401005031e-01 7.6351383122687992e-06 8.1517347970654108e-01 4.6873166947969135e-02]
| >     momentum space  : k = [[1.1408782098248355e+04, 2.0845012077396245e+03, -9.1365956262265390e+03]; [1.7841371185143296e-04, -4.1105989017338625e-04, -2.9424209241204335e+04]]
| > [92mCentral value[0m : +2.9569090334467311e-08   +/- 6.30e-10     ([91m2.131%[0m)
[92mINFO[0m [94msymbolica_integrator l.7274[0m [96mt=2026-09-09,11:33:26.028[0m > | > Graph-channel Symbolica observer estimates:
| >   graph_0     : -2.0746245441095161e-08 +/- 1.36e-10 [52428 selected]
| >   graph_1     : 3.3828025283736839e-10 +/- 9.98e-12 [2031 selected]
| >   graph_2     : -1.2820544067299217e-08 +/- 5.32e-11 [14320 selected]
| >   graph_3     : 1.1096299016247081e-10 +/- 2.00e-12 [1487 selected]
| >   graph_4     : -6.5106405459404787e-10 +/- 1.62e-11 [2774 selected]
| >   graph_5     : -3.9756755788866344e-11 +/- 2.24e-12 [1467 selected]
| >   graph_6     : -4.2677918673314015e-11 +/- 2.35e-12 [1400 selected]
| >   graph_7     : 6.6049935191592532e-11 +/- 3.29e-12 [1431 selected]
| >   graph_8     : -9.2927565469163824e-10 +/- 1.43e-11 [4701 selected]
| >   graph_9     : 1.0642586914468406e-09 +/- 1.57e-11 [5184 selected]
| >   graph_10    : -2.7260992870647226e-09 +/- 8.82e-11 [25526 selected]
| >   graph_11    : 1.4382824610024640e-27 +/- 3.71e-28 [1364 selected]
| >   graph_12    : -5.5793070234123212e-10 +/- 1.01e-11 [3318 selected]
| >   graph_13    : -1.1611608457291597e-08 +/- 8.81e-11 [30313 selected]
| >   graph_14    : 1.0972160986500642e-10 +/- 7.25e-13 [1454 selected]
| >   graph_15    : 5.3394043175247234e-25 +/- 7.72e-25 [1475 selected]
| >   graph_16    : 3.8918276429814584e-09 +/- 1.62e-11 [2697 selected]
| >   graph_17    : -3.5702342972037640e-10 +/- 2.27e-12 [1417 selected]
| >   graph_18    : 1.1874835701914195e-08 +/- 6.81e-11 [19661 selected]
| >   graph_19    : 1.0611689896033435e-09 +/- 8.36e-12 [1462 selected]
| >   graph_20    : -7.6891739214845753e-10 +/- 5.78e-12 [1477 selected]
| >   graph_21    : -8.9281080009077076e-10 +/- 1.56e-11 [5155 selected]
| >   graph_22    : -5.0217037712082693e-10 +/- 1.51e-11 [2698 selected]
| >   graph_23    : -2.9781808875457100e-10 +/- 2.53e-11 [2115 selected]
| >   graph_24    : 5.7915361390509316e-10 +/- 2.21e-11 [4452 selected]
| >   graph_25    : 4.2790329009089062e-10 +/- 1.53e-11 [2457 selected]
| >   graph_26    : -2.1270365045822955e-10 +/- 1.38e-12 [1525 selected]
| >   graph_27    : -2.7452055780419207e-11 +/- 1.72e-13 [1420 selected]
| >   graph_28    : -1.1720980810977248e-09 +/- 1.18e-11 [2042 selected]
| >   graph_29    : 6.8053059815178575e-08 +/- 1.92e-10 [68418 selected]
| >   graph_30    : -1.0752705947530060e-09 +/- 1.62e-10 [81959 selected]
| >   graph_31    : 4.0670318783274411e-11 +/- 6.67e-13 [1430 selected]
| >   graph_32    : -3.6571315546186847e-11 +/- 1.21e-11 [2245 selected]
| >   graph_33    : -1.8745140347471299e-09 +/- 3.35e-11 [9731 selected]
| >   graph_34    : 7.5431720530140146e-26 +/- 6.09e-26 [1405 selected]
| >   graph_35    : 2.5446638695534547e-08 +/- 1.85e-10 [100263 selected]
| >   graph_36    : -2.9573839974612367e-09 +/- 3.09e-11 [7584 selected]
| >   graph_37    : 1.6073382387372198e-08 +/- 8.68e-11 [29522 selected]
| >   graph_38    : 3.9391057823303963e-10 +/- 5.62e-12 [1447 selected]
| >   graph_39    : -7.5313496875192429e-09 +/- 5.25e-11 [14494 selected]
| >   graph_40    : -6.1560946697014187e-10 +/- 3.12e-10 [143854 selected]
| >   graph_41    : 1.7138552636962980e-09 +/- 2.58e-11 [7985 selected]
| >   graph_42    : 4.5135373574146523e-09 +/- 1.72e-10 [52234 selected]
| >   graph_43    : 3.0879569913871804e-09 +/- 3.28e-11 [8089 selected]
| >   graph_44    : 4.4286365125124161e-10 +/- 1.03e-11 [3338 selected]
| >   graph_45    : 2.4197942489470254e-10 +/- 1.50e-12 [1474 selected]
| >   graph_46    : -6.0971179581477390e-11 +/- 5.86e-13 [1462 selected]
| >   graph_47    : -6.4746974135156940e-09 +/- 1.60e-10 [75050 selected]
| >   graph_48    : -9.4463179363038077e-11 +/- 3.56e-12 [1410 selected]
| >   graph_49    : -3.4525621473120698e-08 +/- 1.08e-10 [34598 selected]
| >   graph_50    : 8.8614886881065078e-10 +/- 2.03e-11 [3818 selected]
| >   graph_51    : 5.7544859217283083e-09 +/- 2.34e-11 [4121 selected]
| >   graph_52    : 2.4134649215167589e-10 +/- 8.84e-12 [1454 selected]
| >   graph_53    : -8.2856398055430699e-10 +/- 2.15e-11 [6517 selected]
| >   graph_54    : -2.7620843659454422e-09 +/- 2.30e-10 [53685 selected]
| >   graph_55    : 1.1064538425301465e-09 +/- 1.78e-11 [5543 selected]
| >   graph_56    : -4.2050176586804558e-09 +/- 1.70e-11 [2852 selected]
| >   graph_57    : -1.2962113719837524e-08 +/- 7.96e-11 [23890 selected]
| >   graph_58    : 4.2775539375335920e-11 +/- 3.74e-12 [1426 selected]
| >   graph_59    : 3.9735859276414871e-11 +/- 3.66e-12 [1404 selected]
| >   graph_60    : -7.0381562181722227e-11 +/- 3.73e-12 [1398 selected]
| >   graph_61    : 1.2698622654277728e-08 +/- 1.16e-10 [41178 selected]
| >   graph_62    : -6.0963920593118938e-24 +/- 5.70e-24 [1419 selected]
| >   graph_63    : -1.1404454767044010e-09 +/- 1.33e-11 [2527 selected]
| >   graph_64    : 8.3875927506599524e-10 +/- 6.47e-12 [1525 selected]
| >   sum         : 2.9569090334467341e-08
| >   total       : 2.9569090334467311e-08
| >   difference  : 2.9778502051908996e-23
[92mINFO[0m [94msymbolica_integrator l.7237[0m [96mt=2026-09-09,11:33:26.028[0m > Symbolica integration: starting iteration [92m30/100[0m using [94m1000000[0m points ...
[92mINFO[0m [94msymbolica_integrator l.7270[0m [96mt=2026-09-09,11:38:05.157[0m > ... result after this iteration:
| > Integration result after [92m30000000[0m evaluations in [92m334442.51 CPU-s[0m [94m(11148.1 µs / eval)[0m
| > Extremal weights:
| >   with jacobian    : 6.87291e+04 at xs = [1.1523609142106825e-05 8.0408886661259560e-01 4.9838097880659193e-01 1.8957618633349213e-01 8.5347278385972214e-01 6.8193530704548311e-01] | jacobian = 1.48509e+07
| >     momentum space  : k = [[1.5365375555778040e-03, -4.3457983363555212e-03, 1.8647702504812668e+02]; [4.7634774762067813e+01, -6.2642450015685178e+01, -5.0616133684117784e+01]]
| >   without jacobian : 8.41667e+02 at xs = [2.1644785995035057e-01 2.2327732036082987e-01 9.0005162806327046e-02 1.7458703286859558e-08 7.3575934600394133e-01 5.0065937544086936e-01] | jacobian = 1.68691e+01
| >     momentum space  : k = [[5.1520179375197577e+00, 3.0395499161640817e+01, 1.0610782516893383e+02]; [-6.2402386705362338e-07, -6.9555300242911466e-06, -1.4466194918123457e-08]]
| >   before clipping   : -4.04608e+06 at xs = [3.1355042170766100e-05 5.6809651961360430e-01 5.0136905828021838e-01 2.1953195223468047e-01 1.0413948413193376e-01 7.9744155358127045e-01]
| >     momentum space  : k = [[-1.1411662814190451e-02, -5.2041419821950881e-03, 2.2423128006568655e+02]; [5.3052891078595295e+01, 4.0694520877612732e+01, -9.0490419153599248e+01]]
| > Stability pipeline: float pairs accepted = 41453488, HP pairs attempted/accepted = 949123/949123
| > Stability triggers: float mismatch = 887979, float non-finite/error = 387
| > HP precision escalations: attempted/accepted = 1064/1064
| > Higher-precision rejections: disagreement = 0, non-finite = 0, error = 0
| > Soft-mirror stability: pairs = 13266272, large-side triggers = 60466, HP orbits attempted/salvaged/failed = 863661/863661/0
| > Soft-mirror extrema: raw original = -6.08343e+09, post-average = -4.04608e+06
| > Strongest soft-mirror cancellation: residual/raw = 0.00000e+00
| > Unstable rotational-check points rejected = 0
| > Rotational-check high-precision retries = 888366
| > Rotational-check high-precision salvaged = 888366
| > Large-weight high-precision retries = 60757
| > Large-weight high-precision salvaged = 60757
| > Large-weight high-precision rejected = 0
| > Large-weight samples zeroed = 90 (3.000e-06 of samples; removed signed/absolute sums = 9.79540e+06/3.09088e+07)
| > Non-finite final outputs zeroed = 0
| > Non-finite float rotated evaluations seen = 17
| > Example higher-precision-retried xs = [1.7265545145750016e-01 3.0987003362503329e-01 3.2061093419506459e-01 2.9773816827716681e-01 4.2264025488893087e-01 5.4552528647525544e-01] | float rel = 1.83306e+00
| >     momentum space  : k = [[-2.5923335064264300e+01, 6.5631404491694042e+01, 4.4592524277177773e+01]; [-1.4841504911254179e+02, 7.8414345192107874e+01, -2.4172211541858793e+01]]
| > Example large-weight higher-precision-retried xs = [6.2315394262952850e-03 8.7335248832704826e-02 4.3698273950411237e-01 1.7075337559625559e-01 2.3328011702598017e-02 8.1591186955703054e-01] | compiled = 1.29744e+03 | higher precision = -1.91195e+00
| >     momentum space  : k = [[2.0981863278860531e+00, 1.2827845393213939e+00, 1.6464272205621262e+02]; [4.4540392286650942e+01, 6.5756311498899862e+00, -6.8970990633645286e+01]]
| > Example NaN/non-finite rotated xs = [9.7362215618168912e-01 2.8761982718842016e-02 7.1239412401005031e-01 7.6351383122687992e-06 8.1517347970654108e-01 4.6873166947969135e-02]
| >     momentum space  : k = [[1.1408782098248355e+04, 2.0845012077396245e+03, -9.1365956262265390e+03]; [1.7841371185143296e-04, -4.1105989017338625e-04, -2.9424209241204335e+04]]
| > [92mCentral value[0m : +2.9612903205463092e-08   +/- 6.12e-10     ([91m2.066%[0m)
[92mINFO[0m [94msymbolica_integrator l.7274[0m [96mt=2026-09-09,11:38:05.158[0m > | > Graph-channel Symbolica observer estimates:
| >   graph_0     : -2.0731477532162861e-08 +/- 1.33e-10 [52269 selected]
| >   graph_1     : 3.3742879820575408e-10 +/- 9.73e-12 [1996 selected]
| >   graph_2     : -1.2820564700328194e-08 +/- 5.22e-11 [14183 selected]
| >   graph_3     : 1.1011980067928818e-10 +/- 1.96e-12 [1372 selected]
| >   graph_4     : -6.5190102097355776e-10 +/- 1.59e-11 [2779 selected]
| >   graph_5     : -3.9738791768308252e-11 +/- 2.20e-12 [1346 selected]
| >   graph_6     : -4.2672059268076705e-11 +/- 2.31e-12 [1467 selected]
| >   graph_7     : 6.6445194342095359e-11 +/- 3.24e-12 [1469 selected]
| >   graph_8     : -9.3236774323857383e-10 +/- 1.40e-11 [4770 selected]
| >   graph_9     : 1.0652094209010278e-09 +/- 1.53e-11 [5274 selected]
| >   graph_10    : -2.7249676283090740e-09 +/- 8.57e-11 [25197 selected]
| >   graph_11    : 1.6316723769758893e-27 +/- 3.64e-28 [1475 selected]
| >   graph_12    : -5.5863618215323839e-10 +/- 9.92e-12 [3253 selected]
| >   graph_13    : -1.1622826217672257e-08 +/- 8.61e-11 [30186 selected]
| >   graph_14    : 1.0959330951765271e-10 +/- 7.10e-13 [1389 selected]
| >   graph_15    : 4.3751719417235463e-25 +/- 7.48e-25 [1454 selected]
| >   graph_16    : 3.8915633529385144e-09 +/- 1.59e-11 [2609 selected]
| >   graph_17    : -3.5727545137797540e-10 +/- 2.23e-12 [1456 selected]
| >   graph_18    : 1.1866287465104569e-08 +/- 6.63e-11 [19447 selected]
| >   graph_19    : 1.0598003536676455e-09 +/- 8.22e-12 [1419 selected]
| >   graph_20    : -7.6853542669000568e-10 +/- 5.68e-12 [1409 selected]
| >   graph_21    : -8.9029046849952276e-10 +/- 1.52e-11 [5129 selected]
| >   graph_22    : -5.0475245899547480e-10 +/- 1.47e-11 [2636 selected]
| >   graph_23    : -2.9719087600643174e-10 +/- 2.45e-11 [2020 selected]
| >   graph_24    : 5.8066708628694472e-10 +/- 2.17e-11 [4401 selected]
| >   graph_25    : 4.2906244683122237e-10 +/- 1.50e-11 [2406 selected]
| >   graph_26    : -2.1248541184311565e-10 +/- 1.35e-12 [1429 selected]
| >   graph_27    : -2.7443659629505333e-11 +/- 1.69e-13 [1425 selected]
| >   graph_28    : -1.1673859373024186e-09 +/- 1.16e-11 [1850 selected]
| >   graph_29    : 6.8080526759831078e-08 +/- 1.87e-10 [67808 selected]
| >   graph_30    : -1.0704602872965377e-09 +/- 1.57e-10 [79977 selected]
| >   graph_31    : 4.0715655317670173e-11 +/- 6.57e-13 [1393 selected]
| >   graph_32    : -3.8205308210413728e-11 +/- 1.19e-11 [2195 selected]
| >   graph_33    : -1.8753460792864025e-09 +/- 3.26e-11 [9544 selected]
| >   graph_34    : 7.9648542087634950e-26 +/- 5.94e-26 [1437 selected]
| >   graph_35    : 2.5435433699950257e-08 +/- 1.79e-10 [98860 selected]
| >   graph_36    : -2.9569424907146308e-09 +/- 3.04e-11 [7595 selected]
| >   graph_37    : 1.6080927851935591e-08 +/- 8.49e-11 [29111 selected]
| >   graph_38    : 3.9312092603676499e-10 +/- 5.52e-12 [1382 selected]
| >   graph_39    : -7.5339057778706037e-09 +/- 5.14e-11 [14328 selected]
| >   graph_40    : -6.1783613634690187e-10 +/- 3.03e-10 [141545 selected]
| >   graph_41    : 1.7188447577229553e-09 +/- 2.51e-11 [7837 selected]
| >   graph_42    : 4.5095857004233451e-09 +/- 1.67e-10 [51875 selected]
| >   graph_43    : 3.0937082563437382e-09 +/- 3.21e-11 [7851 selected]
| >   graph_44    : 4.4269162553162919e-10 +/- 1.00e-11 [3321 selected]
| >   graph_45    : 2.4210181070403164e-10 +/- 1.47e-12 [1442 selected]
| >   graph_46    : -6.0858260350865421e-11 +/- 5.75e-13 [1320 selected]
| >   graph_47    : -6.4553684448716048e-09 +/- 1.55e-10 [85428 selected]
| >   graph_48    : -9.5206694130055467e-11 +/- 3.49e-12 [1456 selected]
| >   graph_49    : -3.4533325033061486e-08 +/- 1.06e-10 [35876 selected]
| >   graph_50    : 8.8779667573082322e-10 +/- 1.98e-11 [3643 selected]
| >   graph_51    : 5.7560981008410725e-09 +/- 2.30e-11 [3984 selected]
| >   graph_52    : 2.4030031199908985e-10 +/- 8.71e-12 [1436 selected]
| >   graph_53    : -8.2126498417889088e-10 +/- 2.10e-11 [6433 selected]
| >   graph_54    : -2.7647660840477646e-09 +/- 2.23e-10 [52785 selected]
| >   graph_55    : 1.1100094978237838e-09 +/- 1.74e-11 [5579 selected]
| >   graph_56    : -4.2036614062094641e-09 +/- 1.67e-11 [2823 selected]
| >   graph_57    : -1.2970326912514063e-08 +/- 7.75e-11 [23539 selected]
| >   graph_58    : 4.1672342384257737e-11 +/- 3.71e-12 [1413 selected]
| >   graph_59    : 3.9407674468563700e-11 +/- 3.60e-12 [1411 selected]
| >   graph_60    : -7.0782061318160050e-11 +/- 3.67e-12 [1468 selected]
| >   graph_61    : 1.2705958665691210e-08 +/- 1.13e-10 [41117 selected]
| >   graph_62    : -5.8316933664917249e-24 +/- 5.51e-24 [1452 selected]
| >   graph_63    : -1.1396984185216406e-09 +/- 1.31e-11 [2452 selected]
| >   graph_64    : 8.3629160940060244e-10 +/- 6.36e-12 [1369 selected]
| >   sum         : 2.9612903205463099e-08
| >   total       : 2.9612903205463092e-08
| >   difference  : 6.6174449004242214e-24
[92mINFO[0m [94msymbolica_integrator l.7237[0m [96mt=2026-09-09,11:38:05.158[0m > Symbolica integration: starting iteration [92m31/100[0m using [94m1000000[0m points ...
[92mINFO[0m [94msymbolica_integrator l.7270[0m [96mt=2026-09-09,11:43:28.062[0m > ... result after this iteration:
| > Integration result after [92m31000000[0m evaluations in [92m348661.82 CPU-s[0m [94m(11247.2 µs / eval)[0m
| > Extremal weights:
| >   with jacobian    : 6.87291e+04 at xs = [1.1523609142106825e-05 8.0408886661259560e-01 4.9838097880659193e-01 1.8957618633349213e-01 8.5347278385972214e-01 6.8193530704548311e-01] | jacobian = 1.48509e+07
| >     momentum space  : k = [[1.5365375555778040e-03, -4.3457983363555212e-03, 1.8647702504812668e+02]; [4.7634774762067813e+01, -6.2642450015685178e+01, -5.0616133684117784e+01]]
| >   without jacobian : 8.41667e+02 at xs = [2.1644785995035057e-01 2.2327732036082987e-01 9.0005162806327046e-02 1.7458703286859558e-08 7.3575934600394133e-01 5.0065937544086936e-01] | jacobian = 1.68691e+01
| >     momentum space  : k = [[5.1520179375197577e+00, 3.0395499161640817e+01, 1.0610782516893383e+02]; [-6.2402386705362338e-07, -6.9555300242911466e-06, -1.4466194918123457e-08]]
| >   before clipping   : -4.04608e+06 at xs = [3.1355042170766100e-05 5.6809651961360430e-01 5.0136905828021838e-01 2.1953195223468047e-01 1.0413948413193376e-01 7.9744155358127045e-01]
| >     momentum space  : k = [[-1.1411662814190451e-02, -5.2041419821950881e-03, 2.2423128006568655e+02]; [5.3052891078595295e+01, 4.0694520877612732e+01, -9.0490419153599248e+01]]
| > Stability pipeline: float pairs accepted = 42824006, HP pairs attempted/accepted = 986425/986425
| > Stability triggers: float mismatch = 923091, float non-finite/error = 399
| > HP precision escalations: attempted/accepted = 1122/1122
| > Higher-precision rejections: disagreement = 0, non-finite = 0, error = 0
| > Soft-mirror stability: pairs = 13708435, large-side triggers = 62632, HP orbits attempted/salvaged/failed = 898004/898004/0
| > Soft-mirror extrema: raw original = -6.08343e+09, post-average = -4.04608e+06
| > Strongest soft-mirror cancellation: residual/raw = 0.00000e+00
| > Unstable rotational-check points rejected = 0
| > Rotational-check high-precision retries = 923490
| > Rotational-check high-precision salvaged = 923490
| > Large-weight high-precision retries = 62935
| > Large-weight high-precision salvaged = 62935
| > Large-weight high-precision rejected = 0
| > Large-weight samples zeroed = 92 (2.968e-06 of samples; removed signed/absolute sums = 9.79197e+06/3.14386e+07)
| > Non-finite final outputs zeroed = 0
| > Non-finite float rotated evaluations seen = 17
| > Example higher-precision-retried xs = [1.7265545145750016e-01 3.0987003362503329e-01 3.2061093419506459e-01 2.9773816827716681e-01 4.2264025488893087e-01 5.4552528647525544e-01] | float rel = 1.83306e+00
| >     momentum space  : k = [[-2.5923335064264300e+01, 6.5631404491694042e+01, 4.4592524277177773e+01]; [-1.4841504911254179e+02, 7.8414345192107874e+01, -2.4172211541858793e+01]]
| > Example large-weight higher-precision-retried xs = [6.2315394262952850e-03 8.7335248832704826e-02 4.3698273950411237e-01 1.7075337559625559e-01 2.3328011702598017e-02 8.1591186955703054e-01] | compiled = 1.29744e+03 | higher precision = -1.91195e+00
| >     momentum space  : k = [[2.0981863278860531e+00, 1.2827845393213939e+00, 1.6464272205621262e+02]; [4.4540392286650942e+01, 6.5756311498899862e+00, -6.8970990633645286e+01]]
| > Example NaN/non-finite rotated xs = [9.7362215618168912e-01 2.8761982718842016e-02 7.1239412401005031e-01 7.6351383122687992e-06 8.1517347970654108e-01 4.6873166947969135e-02]
| >     momentum space  : k = [[1.1408782098248355e+04, 2.0845012077396245e+03, -9.1365956262265390e+03]; [1.7841371185143296e-04, -4.1105989017338625e-04, -2.9424209241204335e+04]]
| > [92mCentral value[0m : +2.9648039248000971e-08   +/- 5.96e-10     ([91m2.009%[0m)
[92mINFO[0m [94msymbolica_integrator l.7274[0m [96mt=2026-09-09,11:43:28.062[0m > | > Graph-channel Symbolica observer estimates:
| >   graph_0     : -2.0738522647330330e-08 +/- 1.29e-10 [52466 selected]
| >   graph_1     : 3.3700298368652144e-10 +/- 9.53e-12 [2019 selected]
| >   graph_2     : -1.2820638708959167e-08 +/- 5.11e-11 [14181 selected]
| >   graph_3     : 1.0996108879529238e-10 +/- 1.93e-12 [1482 selected]
| >   graph_4     : -6.5127861051559601e-10 +/- 1.56e-11 [2713 selected]
| >   graph_5     : -3.9490318790381842e-11 +/- 2.17e-12 [1457 selected]
| >   graph_6     : -4.2184556211773918e-11 +/- 2.28e-12 [1422 selected]
| >   graph_7     : 6.6364276772623648e-11 +/- 3.19e-12 [1399 selected]
| >   graph_8     : -9.3380329174904031e-10 +/- 1.37e-11 [4630 selected]
| >   graph_9     : 1.0603063235619468e-09 +/- 1.50e-11 [5081 selected]
| >   graph_10    : -2.7135964450533077e-09 +/- 8.33e-11 [24921 selected]
| >   graph_11    : 1.6712812811315947e-27 +/- 3.58e-28 [1429 selected]
| >   graph_12    : -5.5850671268035510e-10 +/- 9.72e-12 [3394 selected]
| >   graph_13    : -1.1591000671878220e-08 +/- 8.43e-11 [30147 selected]
| >   graph_14    : 1.0954824162611174e-10 +/- 6.95e-13 [1420 selected]
| >   graph_15    : 6.9841265058407613e-25 +/- 7.76e-25 [1378 selected]
| >   graph_16    : 3.8862713081632623e-09 +/- 1.56e-11 [2570 selected]
| >   graph_17    : -3.5687309391260089e-10 +/- 2.18e-12 [1379 selected]
| >   graph_18    : 1.1868234602982670e-08 +/- 6.47e-11 [19550 selected]
| >   graph_19    : 1.0610983952684066e-09 +/- 8.10e-12 [1487 selected]
| >   graph_20    : -7.6846488359669729e-10 +/- 5.59e-12 [1374 selected]
| >   graph_21    : -8.9180880004385326e-10 +/- 1.49e-11 [5104 selected]
| >   graph_22    : -5.0567465755535605e-10 +/- 1.43e-11 [2682 selected]
| >   graph_23    : -2.9675437427198587e-10 +/- 2.37e-11 [1983 selected]
| >   graph_24    : 5.8856012830303168e-10 +/- 2.13e-11 [4499 selected]
| >   graph_25    : 4.2783382514047868e-10 +/- 1.48e-11 [2412 selected]
| >   graph_26    : -2.1225331932243922e-10 +/- 1.33e-12 [1384 selected]
| >   graph_27    : -2.7471608289287947e-11 +/- 1.66e-13 [1448 selected]
| >   graph_28    : -1.1701825827350089e-09 +/- 1.14e-11 [2040 selected]
| >   graph_29    : 6.8105218302149209e-08 +/- 1.82e-10 [68652 selected]
| >   graph_30    : -1.0766163107031305e-09 +/- 1.52e-10 [79146 selected]
| >   graph_31    : 4.0790956210183044e-11 +/- 6.46e-13 [1421 selected]
| >   graph_32    : -3.9419605717504208e-11 +/- 1.17e-11 [2147 selected]
| >   graph_33    : -1.8778604240351733e-09 +/- 3.18e-11 [9574 selected]
| >   graph_34    : 9.5633889256269661e-26 +/- 5.86e-26 [1381 selected]
| >   graph_35    : 2.5428483768651380e-08 +/- 1.74e-10 [98937 selected]
| >   graph_36    : -2.9680502523624584e-09 +/- 2.98e-11 [7581 selected]
| >   graph_37    : 1.6071029631096642e-08 +/- 8.30e-11 [29238 selected]
| >   graph_38    : 3.9274508987289053e-10 +/- 5.44e-12 [1373 selected]
| >   graph_39    : -7.5475030943720529e-09 +/- 5.04e-11 [14477 selected]
| >   graph_40    : -6.2404761686634979e-10 +/- 2.95e-10 [142358 selected]
| >   graph_41    : 1.7160789836293264e-09 +/- 2.45e-11 [7989 selected]
| >   graph_42    : 4.5041252107032113e-09 +/- 1.62e-10 [52100 selected]
| >   graph_43    : 3.0948424168672595e-09 +/- 3.16e-11 [7985 selected]
| >   graph_44    : 4.4034596547622778e-10 +/- 9.85e-12 [3336 selected]
| >   graph_45    : 2.4195541190382249e-10 +/- 1.44e-12 [1414 selected]
| >   graph_46    : -6.0780290854295989e-11 +/- 5.64e-13 [1455 selected]
| >   graph_47    : -6.4199716301585045e-09 +/- 1.55e-10 [84600 selected]
| >   graph_48    : -9.5267565041885189e-11 +/- 3.42e-12 [1381 selected]
| >   graph_49    : -3.4512032240189363e-08 +/- 1.03e-10 [35843 selected]
| >   graph_50    : 8.8982409681342969e-10 +/- 1.96e-11 [3729 selected]
| >   graph_51    : 5.7597850359075192e-09 +/- 2.27e-11 [4016 selected]
| >   graph_52    : 2.4011722525105137e-10 +/- 8.57e-12 [1429 selected]
| >   graph_53    : -8.1847380189199092e-10 +/- 2.05e-11 [6378 selected]
| >   graph_54    : -2.7771967845645390e-09 +/- 2.16e-10 [53212 selected]
| >   graph_55    : 1.1090374234612448e-09 +/- 1.71e-11 [5588 selected]
| >   graph_56    : -4.2085209794259057e-09 +/- 1.65e-11 [2931 selected]
| >   graph_57    : -1.2961988450910626e-08 +/- 7.55e-11 [22984 selected]
| >   graph_58    : 4.2058321145288744e-11 +/- 3.66e-12 [1404 selected]
| >   graph_59    : 4.0188682584611766e-11 +/- 3.54e-12 [1355 selected]
| >   graph_60    : -7.1303416398645424e-11 +/- 3.62e-12 [1474 selected]
| >   graph_61    : 1.2698355093260910e-08 +/- 1.10e-10 [40488 selected]
| >   graph_62    : -5.5913965523980505e-24 +/- 5.34e-24 [1367 selected]
| >   graph_63    : -1.1396475540033895e-09 +/- 1.29e-11 [2383 selected]
| >   graph_64    : 8.3506175910762710e-10 +/- 6.26e-12 [1423 selected]
| >   sum         : 2.9648039248000961e-08
| >   total       : 2.9648039248000971e-08
| >   difference  : -9.9261673506363321e-24
[92mINFO[0m [94msymbolica_integrator l.7237[0m [96mt=2026-09-09,11:43:28.062[0m > Symbolica integration: starting iteration [92m32/100[0m using [94m1000000[0m points ...
[92mINFO[0m [94msymbolica_integrator l.7270[0m [96mt=2026-09-09,11:48:19.357[0m > ... result after this iteration:
| > Integration result after [92m32000000[0m evaluations in [92m357789.22 CPU-s[0m [94m(11180.9 µs / eval)[0m
| > Extremal weights:
| >   with jacobian    : 6.87291e+04 at xs = [1.1523609142106825e-05 8.0408886661259560e-01 4.9838097880659193e-01 1.8957618633349213e-01 8.5347278385972214e-01 6.8193530704548311e-01] | jacobian = 1.48509e+07
| >     momentum space  : k = [[1.5365375555778040e-03, -4.3457983363555212e-03, 1.8647702504812668e+02]; [4.7634774762067813e+01, -6.2642450015685178e+01, -5.0616133684117784e+01]]
| >   without jacobian : 8.41667e+02 at xs = [2.1644785995035057e-01 2.2327732036082987e-01 9.0005162806327046e-02 1.7458703286859558e-08 7.3575934600394133e-01 5.0065937544086936e-01] | jacobian = 1.68691e+01
| >     momentum space  : k = [[5.1520179375197577e+00, 3.0395499161640817e+01, 1.0610782516893383e+02]; [-6.2402386705362338e-07, -6.9555300242911466e-06, -1.4466194918123457e-08]]
| >   before clipping   : -4.04608e+06 at xs = [3.1355042170766100e-05 5.6809651961360430e-01 5.0136905828021838e-01 2.1953195223468047e-01 1.0413948413193376e-01 7.9744155358127045e-01]
| >     momentum space  : k = [[-1.1411662814190451e-02, -5.2041419821950881e-03, 2.2423128006568655e+02]; [5.3052891078595295e+01, 4.0694520877612732e+01, -9.0490419153599248e+01]]
| > Stability pipeline: float pairs accepted = 44198003, HP pairs attempted/accepted = 1021447/1021447
| > Stability triggers: float mismatch = 956097, float non-finite/error = 413
| > HP precision escalations: attempted/accepted = 1167/1167
| > Higher-precision rejections: disagreement = 0, non-finite = 0, error = 0
| > Soft-mirror stability: pairs = 14149691, large-side triggers = 64625, HP orbits attempted/salvaged/failed = 930241/930241/0
| > Soft-mirror extrema: raw original = -6.08343e+09, post-average = -4.04608e+06
| > Strongest soft-mirror cancellation: residual/raw = 0.00000e+00
| > Unstable rotational-check points rejected = 0
| > Rotational-check high-precision retries = 956510
| > Rotational-check high-precision salvaged = 956510
| > Large-weight high-precision retries = 64937
| > Large-weight high-precision salvaged = 64937
| > Large-weight high-precision rejected = 0
| > Large-weight samples zeroed = 92 (2.875e-06 of samples; removed signed/absolute sums = 9.79197e+06/3.14386e+07)
| > Non-finite final outputs zeroed = 0
| > Non-finite float rotated evaluations seen = 17
| > Example higher-precision-retried xs = [1.7265545145750016e-01 3.0987003362503329e-01 3.2061093419506459e-01 2.9773816827716681e-01 4.2264025488893087e-01 5.4552528647525544e-01] | float rel = 1.83306e+00
| >     momentum space  : k = [[-2.5923335064264300e+01, 6.5631404491694042e+01, 4.4592524277177773e+01]; [-1.4841504911254179e+02, 7.8414345192107874e+01, -2.4172211541858793e+01]]
| > Example large-weight higher-precision-retried xs = [6.2315394262952850e-03 8.7335248832704826e-02 4.3698273950411237e-01 1.7075337559625559e-01 2.3328011702598017e-02 8.1591186955703054e-01] | compiled = 1.29744e+03 | higher precision = -1.91195e+00
| >     momentum space  : k = [[2.0981863278860531e+00, 1.2827845393213939e+00, 1.6464272205621262e+02]; [4.4540392286650942e+01, 6.5756311498899862e+00, -6.8970990633645286e+01]]
| > Example NaN/non-finite rotated xs = [9.7362215618168912e-01 2.8761982718842016e-02 7.1239412401005031e-01 7.6351383122687992e-06 8.1517347970654108e-01 4.6873166947969135e-02]
| >     momentum space  : k = [[1.1408782098248355e+04, 2.0845012077396245e+03, -9.1365956262265390e+03]; [1.7841371185143296e-04, -4.1105989017338625e-04, -2.9424209241204335e+04]]
| > [92mCentral value[0m : +2.9463957006754947e-08   +/- 5.91e-10     ([91m2.005%[0m)
[92mINFO[0m [94msymbolica_integrator l.7274[0m [96mt=2026-09-09,11:48:19.358[0m > | > Graph-channel Symbolica observer estimates:
| >   graph_0     : -2.0721736495789246e-08 +/- 1.26e-10 [52662 selected]
| >   graph_1     : 3.3609499230058349e-10 +/- 9.38e-12 [1934 selected]
| >   graph_2     : -1.2824684328476731e-08 +/- 5.02e-11 [13965 selected]
| >   graph_3     : 1.0970121039286918e-10 +/- 1.90e-12 [1374 selected]
| >   graph_4     : -6.5268846525620165e-10 +/- 1.54e-11 [2631 selected]
| >   graph_5     : -3.9161863909735906e-11 +/- 2.13e-12 [1425 selected]
| >   graph_6     : -4.2625919039449654e-11 +/- 2.24e-12 [1434 selected]
| >   graph_7     : 6.6400550094127873e-11 +/- 3.14e-12 [1455 selected]
| >   graph_8     : -9.2933247741300889e-10 +/- 1.34e-11 [4607 selected]
| >   graph_9     : 1.0583323824871723e-09 +/- 1.47e-11 [5124 selected]
| >   graph_10    : -2.7143244773073442e-09 +/- 8.11e-11 [24929 selected]
| >   graph_11    : 1.7053961955974076e-27 +/- 3.52e-28 [1461 selected]
| >   graph_12    : -5.5887992352439469e-10 +/- 9.53e-12 [3289 selected]
| >   graph_13    : -1.1733049784308203e-08 +/- 1.38e-10 [30207 selected]
| >   graph_14    : 1.0952667212744787e-10 +/- 6.81e-13 [1425 selected]
| >   graph_15    : 7.1151080330828028e-25 +/- 7.55e-25 [1405 selected]
| >   graph_16    : 3.8867639416892621e-09 +/- 1.54e-11 [2597 selected]
| >   graph_17    : -3.5667811786667018e-10 +/- 2.14e-12 [1393 selected]
| >   graph_18    : 1.1855589890631700e-08 +/- 6.51e-11 [19392 selected]
| >   graph_19    : 1.0605567617051995e-09 +/- 7.98e-12 [1450 selected]
| >   graph_20    : -7.6734261327029743e-10 +/- 5.50e-12 [1416 selected]
| >   graph_21    : -8.8446310582003857e-10 +/- 1.46e-11 [4979 selected]
| >   graph_22    : -5.0586956092461446e-10 +/- 1.40e-11 [2640 selected]
| >   graph_23    : -2.9529900894166479e-10 +/- 2.30e-11 [1983 selected]
| >   graph_24    : 5.8918783642766450e-10 +/- 2.10e-11 [4298 selected]
| >   graph_25    : 4.2836972095701905e-10 +/- 1.45e-11 [2313 selected]
| >   graph_26    : -2.1225917400733761e-10 +/- 1.30e-12 [1428 selected]
| >   graph_27    : -2.7447880380967030e-11 +/- 1.63e-13 [1419 selected]
| >   graph_28    : -1.1680429079818044e-09 +/- 1.13e-11 [1925 selected]
| >   graph_29    : 6.8106975343986649e-08 +/- 1.77e-10 [68209 selected]
| >   graph_30    : -1.0691601964938867e-09 +/- 1.49e-10 [78270 selected]
| >   graph_31    : 4.0722341435619590e-11 +/- 6.36e-13 [1402 selected]
| >   graph_32    : -3.7671104415573493e-11 +/- 1.14e-11 [2210 selected]
| >   graph_33    : -1.8751965419027348e-09 +/- 3.10e-11 [9626 selected]
| >   graph_34    : 1.0037174838060980e-25 +/- 5.75e-26 [1401 selected]
| >   graph_35    : 2.5432868782530893e-08 +/- 1.70e-10 [98224 selected]
| >   graph_36    : -2.9631174948149102e-09 +/- 2.93e-11 [7642 selected]
| >   graph_37    : 1.6089865314867399e-08 +/- 8.13e-11 [29327 selected]
| >   graph_38    : 3.9160911233530651e-10 +/- 5.35e-12 [1456 selected]
| >   graph_39    : -7.5541945161138209e-09 +/- 4.95e-11 [14287 selected]
| >   graph_40    : -6.4209353109578137e-10 +/- 2.86e-10 [143356 selected]
| >   graph_41    : 1.7168237794262675e-09 +/- 2.40e-11 [7751 selected]
| >   graph_42    : 4.4752248269187683e-09 +/- 1.57e-10 [51360 selected]
| >   graph_43    : 3.0943118544375394e-09 +/- 3.10e-11 [7982 selected]
| >   graph_44    : 4.3730664826716061e-10 +/- 9.65e-12 [3348 selected]
| >   graph_45    : 2.4200967798647230e-10 +/- 1.42e-12 [1464 selected]
| >   graph_46    : -6.0874907180427338e-11 +/- 5.54e-13 [1449 selected]
| >   graph_47    : -6.4608597007363527e-09 +/- 1.52e-10 [87774 selected]
| >   graph_48    : -9.4721602268573116e-11 +/- 3.38e-12 [1436 selected]
| >   graph_49    : -3.4504593315447057e-08 +/- 1.01e-10 [35560 selected]
| >   graph_50    : 8.9390017505465331e-10 +/- 1.93e-11 [3785 selected]
| >   graph_51    : 5.7580539869885789e-09 +/- 2.23e-11 [3890 selected]
| >   graph_52    : 2.3964500955353252e-10 +/- 8.44e-12 [1489 selected]
| >   graph_53    : -8.1706886168828653e-10 +/- 2.00e-11 [6337 selected]
| >   graph_54    : -2.7676118826930025e-09 +/- 2.10e-10 [52574 selected]
| >   graph_55    : 1.1122714790835243e-09 +/- 1.67e-11 [5373 selected]
| >   graph_56    : -4.2090952108516439e-09 +/- 1.62e-11 [2888 selected]
| >   graph_57    : -1.2976332589421885e-08 +/- 7.38e-11 [23369 selected]
| >   graph_58    : 4.2323494504417532e-11 +/- 3.60e-12 [1440 selected]
| >   graph_59    : 4.0119296019295500e-11 +/- 3.49e-12 [1410 selected]
| >   graph_60    : -7.1114881741561804e-11 +/- 3.56e-12 [1433 selected]
| >   graph_61    : 1.2690789346220624e-08 +/- 1.07e-10 [40606 selected]
| >   graph_62    : -1.2228757103079544e-23 +/- 8.46e-24 [1450 selected]
| >   graph_63    : -1.1403973058313031e-09 +/- 1.27e-11 [2413 selected]
| >   graph_64    : 8.3660232523970050e-10 +/- 6.17e-12 [1449 selected]
| >   sum         : 2.9463957006754927e-08
| >   total       : 2.9463957006754947e-08
| >   difference  : -1.9852334701272664e-23
[92mINFO[0m [94msymbolica_integrator l.7237[0m [96mt=2026-09-09,11:48:19.358[0m > Symbolica integration: starting iteration [92m33/100[0m using [94m1000000[0m points ...
[92mINFO[0m [94msymbolica_integrator l.7270[0m [96mt=2026-09-09,11:53:33.214[0m > ... result after this iteration:
| > Integration result after [92m33000000[0m evaluations in [92m371688.22 CPU-s[0m [94m(11263.3 µs / eval)[0m
| > Extremal weights:
| >   with jacobian    : 6.87291e+04 at xs = [1.1523609142106825e-05 8.0408886661259560e-01 4.9838097880659193e-01 1.8957618633349213e-01 8.5347278385972214e-01 6.8193530704548311e-01] | jacobian = 1.48509e+07
| >     momentum space  : k = [[1.5365375555778040e-03, -4.3457983363555212e-03, 1.8647702504812668e+02]; [4.7634774762067813e+01, -6.2642450015685178e+01, -5.0616133684117784e+01]]
| >   without jacobian : 8.41667e+02 at xs = [2.1644785995035057e-01 2.2327732036082987e-01 9.0005162806327046e-02 1.7458703286859558e-08 7.3575934600394133e-01 5.0065937544086936e-01] | jacobian = 1.68691e+01
| >     momentum space  : k = [[5.1520179375197577e+00, 3.0395499161640817e+01, 1.0610782516893383e+02]; [-6.2402386705362338e-07, -6.9555300242911466e-06, -1.4466194918123457e-08]]
| >   before clipping   : -4.04608e+06 at xs = [3.1355042170766100e-05 5.6809651961360430e-01 5.0136905828021838e-01 2.1953195223468047e-01 1.0413948413193376e-01 7.9744155358127045e-01]
| >     momentum space  : k = [[-1.1411662814190451e-02, -5.2041419821950881e-03, 2.2423128006568655e+02]; [5.3052891078595295e+01, 4.0694520877612732e+01, -9.0490419153599248e+01]]
| > Stability pipeline: float pairs accepted = 45578703, HP pairs attempted/accepted = 1060483/1060483
| > Stability triggers: float mismatch = 992598, float non-finite/error = 423
| > HP precision escalations: attempted/accepted = 1213/1213
| > Higher-precision rejections: disagreement = 0, non-finite = 0, error = 0
| > Soft-mirror stability: pairs = 14605053, large-side triggers = 67143, HP orbits attempted/salvaged/failed = 965867/965867/0
| > Soft-mirror extrema: raw original = -6.08343e+09, post-average = -4.04608e+06
| > Strongest soft-mirror cancellation: residual/raw = 0.00000e+00
| > Unstable rotational-check points rejected = 0
| > Rotational-check high-precision retries = 993021
| > Rotational-check high-precision salvaged = 993021
| > Large-weight high-precision retries = 67462
| > Large-weight high-precision salvaged = 67462
| > Large-weight high-precision rejected = 0
| > Large-weight samples zeroed = 93 (2.818e-06 of samples; removed signed/absolute sums = 8.80566e+06/3.24250e+07)
| > Non-finite final outputs zeroed = 0
| > Non-finite float rotated evaluations seen = 18
| > Example higher-precision-retried xs = [1.7265545145750016e-01 3.0987003362503329e-01 3.2061093419506459e-01 2.9773816827716681e-01 4.2264025488893087e-01 5.4552528647525544e-01] | float rel = 1.83306e+00
| >     momentum space  : k = [[-2.5923335064264300e+01, 6.5631404491694042e+01, 4.4592524277177773e+01]; [-1.4841504911254179e+02, 7.8414345192107874e+01, -2.4172211541858793e+01]]
| > Example large-weight higher-precision-retried xs = [6.2315394262952850e-03 8.7335248832704826e-02 4.3698273950411237e-01 1.7075337559625559e-01 2.3328011702598017e-02 8.1591186955703054e-01] | compiled = 1.29744e+03 | higher precision = -1.91195e+00
| >     momentum space  : k = [[2.0981863278860531e+00, 1.2827845393213939e+00, 1.6464272205621262e+02]; [4.4540392286650942e+01, 6.5756311498899862e+00, -6.8970990633645286e+01]]
| > Example NaN/non-finite rotated xs = [9.7362215618168912e-01 2.8761982718842016e-02 7.1239412401005031e-01 7.6351383122687992e-06 8.1517347970654108e-01 4.6873166947969135e-02]
| >     momentum space  : k = [[1.1408782098248355e+04, 2.0845012077396245e+03, -9.1365956262265390e+03]; [1.7841371185143296e-04, -4.1105989017338625e-04, -2.9424209241204335e+04]]
| > [92mCentral value[0m : +2.9442689577986154e-08   +/- 5.76e-10     ([91m1.955%[0m)
[92mINFO[0m [94msymbolica_integrator l.7274[0m [96mt=2026-09-09,11:53:33.214[0m > | > Graph-channel Symbolica observer estimates:
| >   graph_0     : -2.0730353083942845e-08 +/- 1.23e-10 [51227 selected]
| >   graph_1     : 3.3831787821675726e-10 +/- 9.20e-12 [1911 selected]
| >   graph_2     : -1.2833116851367013e-08 +/- 4.92e-11 [13642 selected]
| >   graph_3     : 1.1024302501606375e-10 +/- 1.87e-12 [1395 selected]
| >   graph_4     : -6.5039138166217168e-10 +/- 1.51e-11 [2597 selected]
| >   graph_5     : -3.9028843237689868e-11 +/- 2.10e-12 [1388 selected]
| >   graph_6     : -4.2720196319353987e-11 +/- 2.21e-12 [1346 selected]
| >   graph_7     : 6.5932892565807037e-11 +/- 3.09e-12 [1368 selected]
| >   graph_8     : -9.2902991210236872e-10 +/- 1.32e-11 [4481 selected]
| >   graph_9     : 1.0609779272904840e-09 +/- 1.44e-11 [5062 selected]
| >   graph_10    : -2.7223246772226926e-09 +/- 7.94e-11 [24081 selected]
| >   graph_11    : 1.8013617407822917e-27 +/- 3.46e-28 [1338 selected]
| >   graph_12    : -5.5687156418995516e-10 +/- 9.36e-12 [3235 selected]
| >   graph_13    : -1.1734342316058698e-08 +/- 1.34e-10 [55925 selected]
| >   graph_14    : 1.0950158692695633e-10 +/- 6.69e-13 [1355 selected]
| >   graph_15    : 5.4828668796889693e-25 +/- 7.41e-25 [1405 selected]
| >   graph_16    : 3.8881222153136839e-09 +/- 1.52e-11 [2516 selected]
| >   graph_17    : -3.5639378858450049e-10 +/- 2.11e-12 [1340 selected]
| >   graph_18    : 1.1863080732020146e-08 +/- 6.37e-11 [19517 selected]
| >   graph_19    : 1.0596065461288309e-09 +/- 7.86e-12 [1375 selected]
| >   graph_20    : -7.6908017316417742e-10 +/- 5.43e-12 [1477 selected]
| >   graph_21    : -8.8358852167567598e-10 +/- 1.43e-11 [4854 selected]
| >   graph_22    : -5.0343255403663981e-10 +/- 1.37e-11 [2531 selected]
| >   graph_23    : -2.9451977448800897e-10 +/- 2.23e-11 [1926 selected]
| >   graph_24    : 5.8874631249519948e-10 +/- 2.06e-11 [4278 selected]
| >   graph_25    : 4.2946356067689350e-10 +/- 1.43e-11 [2295 selected]
| >   graph_26    : -2.1241400312701290e-10 +/- 1.28e-12 [1399 selected]
| >   graph_27    : -2.7452398046093607e-11 +/- 1.60e-13 [1377 selected]
| >   graph_28    : -1.1670932905733821e-09 +/- 1.11e-11 [1897 selected]
| >   graph_29    : 6.8101646624911748e-08 +/- 1.72e-10 [65858 selected]
| >   graph_30    : -1.0817838674161508e-09 +/- 1.45e-10 [76827 selected]
| >   graph_31    : 4.0776623277372829e-11 +/- 6.26e-13 [1379 selected]
| >   graph_32    : -3.4562431447931972e-11 +/- 1.13e-11 [2076 selected]
| >   graph_33    : -1.8774057673109752e-09 +/- 3.03e-11 [9103 selected]
| >   graph_34    : 1.5699187651743779e-25 +/- 7.19e-26 [1423 selected]
| >   graph_35    : 2.5412245685631750e-08 +/- 1.65e-10 [95686 selected]
| >   graph_36    : -2.9622434763437849e-09 +/- 2.88e-11 [7300 selected]
| >   graph_37    : 1.6081793100851652e-08 +/- 7.96e-11 [28554 selected]
| >   graph_38    : 3.9290600119082674e-10 +/- 5.28e-12 [1446 selected]
| >   graph_39    : -7.5520541777698646e-09 +/- 4.86e-11 [13931 selected]
| >   graph_40    : -6.5373362226226378e-10 +/- 2.78e-10 [139095 selected]
| >   graph_41    : 1.7216393178997654e-09 +/- 2.34e-11 [7560 selected]
| >   graph_42    : 4.4471652231378859e-09 +/- 1.53e-10 [50056 selected]
| >   graph_43    : 3.0876290998528145e-09 +/- 3.05e-11 [7619 selected]
| >   graph_44    : 4.3794690249335658e-10 +/- 9.47e-12 [3146 selected]
| >   graph_45    : 2.4213911096892703e-10 +/- 1.39e-12 [1423 selected]
| >   graph_46    : -6.1027116277508947e-11 +/- 5.45e-13 [1411 selected]
| >   graph_47    : -6.4428702159636289e-09 +/- 1.48e-10 [86424 selected]
| >   graph_48    : -9.4593225892907906e-11 +/- 3.33e-12 [1318 selected]
| >   graph_49    : -3.4489492288199079e-08 +/- 9.84e-11 [34487 selected]
| >   graph_50    : 8.9712494238101921e-10 +/- 1.90e-11 [3588 selected]
| >   graph_51    : 5.7626313062539660e-09 +/- 2.20e-11 [3826 selected]
| >   graph_52    : 2.3916175801274662e-10 +/- 8.30e-12 [1322 selected]
| >   graph_53    : -8.1749299283187818e-10 +/- 1.96e-11 [6150 selected]
| >   graph_54    : -2.7641837115284081e-09 +/- 2.04e-10 [51147 selected]
| >   graph_55    : 1.1140359050827111e-09 +/- 1.64e-11 [5374 selected]
| >   graph_56    : -4.2092349286045229e-09 +/- 1.60e-11 [2778 selected]
| >   graph_57    : -1.2957948684168573e-08 +/- 7.20e-11 [22598 selected]
| >   graph_58    : 4.2555186309377116e-11 +/- 3.54e-12 [1398 selected]
| >   graph_59    : 4.0763055029615330e-11 +/- 3.44e-12 [1368 selected]
| >   graph_60    : -7.0985348804708657e-11 +/- 3.51e-12 [1344 selected]
| >   graph_61    : 1.2695188348516410e-08 +/- 1.04e-10 [39372 selected]
| >   graph_62    : -1.2060791388429168e-23 +/- 8.20e-24 [1352 selected]
| >   graph_63    : -1.1430406927286478e-09 +/- 1.25e-11 [2339 selected]
| >   graph_64    : 8.3615458688248151e-10 +/- 6.07e-12 [1384 selected]
| >   sum         : 2.9442689577986121e-08
| >   total       : 2.9442689577986154e-08
| >   difference  : -3.3087224502121107e-23
[92mINFO[0m [94msymbolica_integrator l.7237[0m [96mt=2026-09-09,11:53:33.214[0m > Symbolica integration: starting iteration [92m34/100[0m using [94m1000000[0m points ...
[92mINFO[0m [94msymbolica_integrator l.7270[0m [96mt=2026-09-09,11:58:33.910[0m > ... result after this iteration:
| > Integration result after [92m34000000[0m evaluations in [92m385422.48 CPU-s[0m [94m(11336.0 µs / eval)[0m
| > Extremal weights:
| >   with jacobian    : 6.87291e+04 at xs = [1.1523609142106825e-05 8.0408886661259560e-01 4.9838097880659193e-01 1.8957618633349213e-01 8.5347278385972214e-01 6.8193530704548311e-01] | jacobian = 1.48509e+07
| >     momentum space  : k = [[1.5365375555778040e-03, -4.3457983363555212e-03, 1.8647702504812668e+02]; [4.7634774762067813e+01, -6.2642450015685178e+01, -5.0616133684117784e+01]]
| >   without jacobian : 2.29216e+03 at xs = [2.6465773581051156e-07 3.6049628842816528e-01 4.9995464157519087e-01 2.2149523156633810e-01 6.3021386174112592e-01 4.8451896927468663e-01] | jacobian = 1.49128e+04
| >     momentum space  : k = [[-6.7733718784683002e-05, 8.1358120577888239e-05, 2.2680717696599095e+02]; [-7.7701663164253034e+01, -8.2966997489367074e+01, 5.5327572475072397e+00]]
| >   before clipping   : 3.41825e+07 at xs = [2.6465773581051156e-07 3.6049628842816528e-01 4.9995464157519087e-01 2.2149523156633810e-01 6.3021386174112592e-01 4.8451896927468663e-01]
| >     momentum space  : k = [[-6.7733718784683002e-05, 8.1358120577888239e-05, 2.2680717696599095e+02]; [-7.7701663164253034e+01, -8.2966997489367074e+01, 5.5327572475072397e+00]]
| > Stability pipeline: float pairs accepted = 46958958, HP pairs attempted/accepted = 1099116/1099116
| > Stability triggers: float mismatch = 1028747, float non-finite/error = 437
| > HP precision escalations: attempted/accepted = 1248/1248
| > Higher-precision rejections: disagreement = 0, non-finite = 0, error = 0
| > Soft-mirror stability: pairs = 15059695, large-side triggers = 69601, HP orbits attempted/salvaged/failed = 1001621/1001621/0
| > Soft-mirror extrema: raw original = -6.08343e+09, post-average = 3.41825e+07
| > Strongest soft-mirror cancellation: residual/raw = 0.00000e+00
| > Unstable rotational-check points rejected = 0
| > Rotational-check high-precision retries = 1029184
| > Rotational-check high-precision salvaged = 1029184
| > Large-weight high-precision retries = 69932
| > Large-weight high-precision salvaged = 69932
| > Large-weight high-precision rejected = 0
| > Large-weight samples zeroed = 95 (2.794e-06 of samples; removed signed/absolute sums = 4.29056e+07/6.66899e+07)
| > Non-finite final outputs zeroed = 0
| > Non-finite float rotated evaluations seen = 19
| > Example higher-precision-retried xs = [1.7265545145750016e-01 3.0987003362503329e-01 3.2061093419506459e-01 2.9773816827716681e-01 4.2264025488893087e-01 5.4552528647525544e-01] | float rel = 1.83306e+00
| >     momentum space  : k = [[-2.5923335064264300e+01, 6.5631404491694042e+01, 4.4592524277177773e+01]; [-1.4841504911254179e+02, 7.8414345192107874e+01, -2.4172211541858793e+01]]
| > Example large-weight higher-precision-retried xs = [6.2315394262952850e-03 8.7335248832704826e-02 4.3698273950411237e-01 1.7075337559625559e-01 2.3328011702598017e-02 8.1591186955703054e-01] | compiled = 1.29744e+03 | higher precision = -1.91195e+00
| >     momentum space  : k = [[2.0981863278860531e+00, 1.2827845393213939e+00, 1.6464272205621262e+02]; [4.4540392286650942e+01, 6.5756311498899862e+00, -6.8970990633645286e+01]]
| > Example NaN/non-finite rotated xs = [9.7362215618168912e-01 2.8761982718842016e-02 7.1239412401005031e-01 7.6351383122687992e-06 8.1517347970654108e-01 4.6873166947969135e-02]
| >     momentum space  : k = [[1.1408782098248355e+04, 2.0845012077396245e+03, -9.1365956262265390e+03]; [1.7841371185143296e-04, -4.1105989017338625e-04, -2.9424209241204335e+04]]
| > [92mCentral value[0m : +2.9358930864731611e-08   +/- 5.61e-10     ([91m1.912%[0m)
[92mINFO[0m [94msymbolica_integrator l.7274[0m [96mt=2026-09-09,11:58:33.910[0m > | > Graph-channel Symbolica observer estimates:
| >   graph_0     : -2.0739652264993034e-08 +/- 1.21e-10 [51543 selected]
| >   graph_1     : 3.3759330139671182e-10 +/- 9.05e-12 [1886 selected]
| >   graph_2     : -1.2819776778681066e-08 +/- 4.84e-11 [13429 selected]
| >   graph_3     : 1.1037580218771024e-10 +/- 1.84e-12 [1387 selected]
| >   graph_4     : -6.4986211792132201e-10 +/- 1.49e-11 [2550 selected]
| >   graph_5     : -3.8622192834457964e-11 +/- 2.07e-12 [1394 selected]
| >   graph_6     : -4.2040785519627751e-11 +/- 2.17e-12 [1415 selected]
| >   graph_7     : 6.5272287683177521e-11 +/- 3.05e-12 [1349 selected]
| >   graph_8     : -9.3029198121516950e-10 +/- 1.30e-11 [4432 selected]
| >   graph_9     : 1.0591527998033298e-09 +/- 1.41e-11 [4826 selected]
| >   graph_10    : -2.7433875837928518e-09 +/- 7.75e-11 [24823 selected]
| >   graph_11    : 1.8322808717120979e-27 +/- 3.41e-28 [1395 selected]
| >   graph_12    : -5.5660095452453900e-10 +/- 9.19e-12 [3193 selected]
| >   graph_13    : -1.1742531584386413e-08 +/- 1.30e-10 [55668 selected]
| >   graph_14    : 1.0952747647829573e-10 +/- 6.57e-13 [1408 selected]
| >   graph_15    : 4.5430301822238987e-25 +/- 7.25e-25 [1371 selected]
| >   graph_16    : 3.8880018969259872e-09 +/- 1.50e-11 [2475 selected]
| >   graph_17    : -3.5628058865240101e-10 +/- 2.07e-12 [1382 selected]
| >   graph_18    : 1.1852813489901144e-08 +/- 6.23e-11 [19692 selected]
| >   graph_19    : 1.0616858284317017e-09 +/- 7.74e-12 [1394 selected]
| >   graph_20    : -7.6773818208768831e-10 +/- 5.35e-12 [1358 selected]
| >   graph_21    : -8.8256004279580851e-10 +/- 1.40e-11 [4842 selected]
| >   graph_22    : -5.0524468729740470e-10 +/- 1.33e-11 [2463 selected]
| >   graph_23    : -2.9642607585705896e-10 +/- 2.17e-11 [1980 selected]
| >   graph_24    : 5.9542473608849989e-10 +/- 2.03e-11 [4307 selected]
| >   graph_25    : 4.3110579225370609e-10 +/- 1.41e-11 [2386 selected]
| >   graph_26    : -2.1231622157337064e-10 +/- 1.26e-12 [1361 selected]
| >   graph_27    : -2.7439225995086318e-11 +/- 1.57e-13 [1385 selected]
| >   graph_28    : -1.1692263506793967e-09 +/- 1.09e-11 [1852 selected]
| >   graph_29    : 6.8063977418433868e-08 +/- 1.68e-10 [65528 selected]
| >   graph_30    : -1.0978022768067657e-09 +/- 1.41e-10 [76668 selected]
| >   graph_31    : 4.0419043858468136e-11 +/- 6.22e-13 [1359 selected]
| >   graph_32    : -3.4837557751346967e-11 +/- 1.11e-11 [2172 selected]
| >   graph_33    : -1.8816629410941790e-09 +/- 3.01e-11 [9317 selected]
| >   graph_34    : 1.5980941030180908e-25 +/- 7.05e-26 [1412 selected]
| >   graph_35    : 2.5400167390170119e-08 +/- 1.61e-10 [95227 selected]
| >   graph_36    : -2.9631184367490942e-09 +/- 2.83e-11 [7264 selected]
| >   graph_37    : 1.6058616400644432e-08 +/- 7.81e-11 [28777 selected]
| >   graph_38    : 3.9417185062945985e-10 +/- 5.21e-12 [1413 selected]
| >   graph_39    : -7.5571532457122376e-09 +/- 4.77e-11 [14039 selected]
| >   graph_40    : -6.3845288520386335e-10 +/- 2.71e-10 [138740 selected]
| >   graph_41    : 1.7191414339479834e-09 +/- 2.29e-11 [7500 selected]
| >   graph_42    : 4.4315426988317673e-09 +/- 1.49e-10 [50012 selected]
| >   graph_43    : 3.0916152881445624e-09 +/- 3.00e-11 [7670 selected]
| >   graph_44    : 4.3841166187421119e-10 +/- 9.31e-12 [3158 selected]
| >   graph_45    : 2.4214173955900199e-10 +/- 1.37e-12 [1413 selected]
| >   graph_46    : -6.1136143827104265e-11 +/- 5.37e-13 [1436 selected]
| >   graph_47    : -6.4391953027775236e-09 +/- 1.46e-10 [86778 selected]
| >   graph_48    : -9.4776989397473398e-11 +/- 3.27e-12 [1416 selected]
| >   graph_49    : -3.4475402625658364e-08 +/- 9.62e-11 [34615 selected]
| >   graph_50    : 9.0136326435888255e-10 +/- 1.87e-11 [3602 selected]
| >   graph_51    : 5.7667029891145977e-09 +/- 2.17e-11 [3841 selected]
| >   graph_52    : 2.3881173338958228e-10 +/- 8.18e-12 [1379 selected]
| >   graph_53    : -8.1773173597430255e-10 +/- 1.92e-11 [6292 selected]
| >   graph_54    : -2.7423080666285025e-09 +/- 1.98e-10 [50844 selected]
| >   graph_55    : 1.1113560435467572e-09 +/- 1.61e-11 [5309 selected]
| >   graph_56    : -4.2129495028388970e-09 +/- 1.58e-11 [2829 selected]
| >   graph_57    : -1.2948480751643404e-08 +/- 7.04e-11 [22566 selected]
| >   graph_58    : 4.2422288566305622e-11 +/- 3.49e-12 [1376 selected]
| >   graph_59    : 4.0872990906611048e-11 +/- 3.39e-12 [1398 selected]
| >   graph_60    : -7.2175027858105466e-11 +/- 3.46e-12 [1346 selected]
| >   graph_61    : 1.2693813589155705e-08 +/- 1.02e-10 [39328 selected]
| >   graph_62    : -1.1712907245301132e-23 +/- 7.96e-24 [1360 selected]
| >   graph_63    : -1.1464888473149842e-09 +/- 1.23e-11 [2339 selected]
| >   graph_64    : 8.3609958449187882e-10 +/- 5.99e-12 [1331 selected]
| >   sum         : 2.9358930864731604e-08
| >   total       : 2.9358930864731611e-08
| >   difference  : -6.6174449004242214e-24
[92mINFO[0m [94msymbolica_integrator l.7237[0m [96mt=2026-09-09,11:58:33.910[0m > Symbolica integration: starting iteration [92m35/100[0m using [94m1000000[0m points ...
[92mINFO[0m [94msymbolica_integrator l.7270[0m [96mt=2026-09-09,12:03:40.765[0m > ... result after this iteration:
| > Integration result after [92m35000000[0m evaluations in [92m393965.37 CPU-s[0m [94m(11256.2 µs / eval)[0m
| > Extremal weights:
| >   with jacobian    : 6.87291e+04 at xs = [1.1523609142106825e-05 8.0408886661259560e-01 4.9838097880659193e-01 1.8957618633349213e-01 8.5347278385972214e-01 6.8193530704548311e-01] | jacobian = 1.48509e+07
| >     momentum space  : k = [[1.5365375555778040e-03, -4.3457983363555212e-03, 1.8647702504812668e+02]; [4.7634774762067813e+01, -6.2642450015685178e+01, -5.0616133684117784e+01]]
| >   without jacobian : 2.29216e+03 at xs = [2.6465773581051156e-07 3.6049628842816528e-01 4.9995464157519087e-01 2.2149523156633810e-01 6.3021386174112592e-01 4.8451896927468663e-01] | jacobian = 1.49128e+04
| >     momentum space  : k = [[-6.7733718784683002e-05, 8.1358120577888239e-05, 2.2680717696599095e+02]; [-7.7701663164253034e+01, -8.2966997489367074e+01, 5.5327572475072397e+00]]
| >   before clipping   : 3.41825e+07 at xs = [2.6465773581051156e-07 3.6049628842816528e-01 4.9995464157519087e-01 2.2149523156633810e-01 6.3021386174112592e-01 4.8451896927468663e-01]
| >     momentum space  : k = [[-6.7733718784683002e-05, 8.1358120577888239e-05, 2.2680717696599095e+02]; [-7.7701663164253034e+01, -8.2966997489367074e+01, 5.5327572475072397e+00]]
| > Stability pipeline: float pairs accepted = 48345352, HP pairs attempted/accepted = 1133785/1133785
| > Stability triggers: float mismatch = 1061341, float non-finite/error = 452
| > HP precision escalations: attempted/accepted = 1289/1289
| > Higher-precision rejections: disagreement = 0, non-finite = 0, error = 0
| > Soft-mirror stability: pairs = 15512700, large-side triggers = 71651, HP orbits attempted/salvaged/failed = 1033563/1033563/0
| > Soft-mirror extrema: raw original = -6.08343e+09, post-average = 3.41825e+07
| > Strongest soft-mirror cancellation: residual/raw = 0.00000e+00
| > Unstable rotational-check points rejected = 0
| > Rotational-check high-precision retries = 1061793
| > Rotational-check high-precision salvaged = 1061793
| > Large-weight high-precision retries = 71992
| > Large-weight high-precision salvaged = 71992
| > Large-weight high-precision rejected = 0
| > Large-weight samples zeroed = 100 (2.857e-06 of samples; removed signed/absolute sums = 4.34603e+07/6.89071e+07)
| > Non-finite final outputs zeroed = 0
| > Non-finite float rotated evaluations seen = 19
| > Example higher-precision-retried xs = [1.7265545145750016e-01 3.0987003362503329e-01 3.2061093419506459e-01 2.9773816827716681e-01 4.2264025488893087e-01 5.4552528647525544e-01] | float rel = 1.83306e+00
| >     momentum space  : k = [[-2.5923335064264300e+01, 6.5631404491694042e+01, 4.4592524277177773e+01]; [-1.4841504911254179e+02, 7.8414345192107874e+01, -2.4172211541858793e+01]]
| > Example large-weight higher-precision-retried xs = [6.2315394262952850e-03 8.7335248832704826e-02 4.3698273950411237e-01 1.7075337559625559e-01 2.3328011702598017e-02 8.1591186955703054e-01] | compiled = 1.29744e+03 | higher precision = -1.91195e+00
| >     momentum space  : k = [[2.0981863278860531e+00, 1.2827845393213939e+00, 1.6464272205621262e+02]; [4.4540392286650942e+01, 6.5756311498899862e+00, -6.8970990633645286e+01]]
| > Example NaN/non-finite rotated xs = [9.7362215618168912e-01 2.8761982718842016e-02 7.1239412401005031e-01 7.6351383122687992e-06 8.1517347970654108e-01 4.6873166947969135e-02]
| >     momentum space  : k = [[1.1408782098248355e+04, 2.0845012077396245e+03, -9.1365956262265390e+03]; [1.7841371185143296e-04, -4.1105989017338625e-04, -2.9424209241204335e+04]]
| > [92mCentral value[0m : +2.9358163326499401e-08   +/- 5.49e-10     ([91m1.871%[0m)
[92mINFO[0m [94msymbolica_integrator l.7274[0m [96mt=2026-09-09,12:03:40.766[0m > | > Graph-channel Symbolica observer estimates:
| >   graph_0     : -2.0733431407552225e-08 +/- 1.18e-10 [51854 selected]
| >   graph_1     : 3.3488689620557944e-10 +/- 8.90e-12 [1944 selected]
| >   graph_2     : -1.2808697331810794e-08 +/- 4.76e-11 [13520 selected]
| >   graph_3     : 1.1030269978563053e-10 +/- 1.81e-12 [1364 selected]
| >   graph_4     : -6.4884194042959456e-10 +/- 1.47e-11 [2574 selected]
| >   graph_5     : -3.9266508556845113e-11 +/- 2.05e-12 [1449 selected]
| >   graph_6     : -4.1450763656904764e-11 +/- 2.14e-12 [1395 selected]
| >   graph_7     : 6.4728986622352174e-11 +/- 3.01e-12 [1367 selected]
| >   graph_8     : -9.2733246780973987e-10 +/- 1.27e-11 [4254 selected]
| >   graph_9     : 1.0584664894500281e-09 +/- 1.38e-11 [4905 selected]
| >   graph_10    : -2.7421197832876474e-09 +/- 7.57e-11 [24249 selected]
| >   graph_11    : 1.8136782029800870e-27 +/- 3.35e-28 [1385 selected]
| >   graph_12    : -5.5667271380231113e-10 +/- 9.04e-12 [3176 selected]
| >   graph_13    : -1.1763028816131097e-08 +/- 1.27e-10 [54452 selected]
| >   graph_14    : 1.0961978230830068e-10 +/- 6.46e-13 [1415 selected]
| >   graph_15    : 4.4426894126798347e-25 +/- 7.05e-25 [1415 selected]
| >   graph_16    : 3.8885995376024939e-09 +/- 1.48e-11 [2488 selected]
| >   graph_17    : -3.5585367972145134e-10 +/- 2.04e-12 [1330 selected]
| >   graph_18    : 1.1869724441272128e-08 +/- 6.09e-11 [19706 selected]
| >   graph_19    : 1.0658085746579722e-09 +/- 7.65e-12 [1487 selected]
| >   graph_20    : -7.6848258504808758e-10 +/- 5.28e-12 [1414 selected]
| >   graph_21    : -8.8167903447213463e-10 +/- 1.37e-11 [4786 selected]
| >   graph_22    : -5.0422878711016131e-10 +/- 1.31e-11 [2563 selected]
| >   graph_23    : -2.9531972970279096e-10 +/- 2.11e-11 [1940 selected]
| >   graph_24    : 5.9416641209041482e-10 +/- 2.01e-11 [4312 selected]
| >   graph_25    : 4.3211605361858062e-10 +/- 1.38e-11 [2240 selected]
| >   graph_26    : -2.1251014771488367e-10 +/- 1.24e-12 [1408 selected]
| >   graph_27    : -2.7458581818519873e-11 +/- 1.55e-13 [1406 selected]
| >   graph_28    : -1.1673661267032783e-09 +/- 1.08e-11 [1852 selected]
| >   graph_29    : 6.8058662040794740e-08 +/- 1.64e-10 [66425 selected]
| >   graph_30    : -1.0904500824348765e-09 +/- 1.39e-10 [75720 selected]
| >   graph_31    : 4.0447609943576301e-11 +/- 6.15e-13 [1395 selected]
| >   graph_32    : -3.7501897725047281e-11 +/- 1.10e-11 [2092 selected]
| >   graph_33    : -1.8831722629496470e-09 +/- 2.94e-11 [9192 selected]
| >   graph_34    : 1.5015103704990336e-25 +/- 6.91e-26 [1424 selected]
| >   graph_35    : 2.5394101578014629e-08 +/- 1.57e-10 [95272 selected]
| >   graph_36    : -2.9625870483305660e-09 +/- 2.79e-11 [7354 selected]
| >   graph_37    : 1.6068441942276171e-08 +/- 7.66e-11 [28884 selected]
| >   graph_38    : 3.9372304766478373e-10 +/- 5.14e-12 [1368 selected]
| >   graph_39    : -7.5524758767536340e-09 +/- 4.69e-11 [14116 selected]
| >   graph_40    : -6.5874906871160811e-10 +/- 2.64e-10 [138582 selected]
| >   graph_41    : 1.7184876065311677e-09 +/- 2.25e-11 [7643 selected]
| >   graph_42    : 4.4349038758340694e-09 +/- 1.45e-10 [49967 selected]
| >   graph_43    : 3.0828569752701188e-09 +/- 2.95e-11 [7650 selected]
| >   graph_44    : 4.3872511463403208e-10 +/- 9.15e-12 [3126 selected]
| >   graph_45    : 2.4228940367810607e-10 +/- 1.35e-12 [1399 selected]
| >   graph_46    : -6.1120671855846063e-11 +/- 5.28e-13 [1351 selected]
| >   graph_47    : -6.4537516332640580e-09 +/- 1.46e-10 [87792 selected]
| >   graph_48    : -9.4059454516258559e-11 +/- 3.23e-12 [1442 selected]
| >   graph_49    : -3.4474470271218625e-08 +/- 9.41e-11 [34679 selected]
| >   graph_50    : 9.0141057682602154e-10 +/- 1.84e-11 [3648 selected]
| >   graph_51    : 5.7710354758310958e-09 +/- 2.14e-11 [3889 selected]
| >   graph_52    : 2.3860562637638120e-10 +/- 8.06e-12 [1360 selected]
| >   graph_53    : -8.1489939898617845e-10 +/- 1.88e-11 [6230 selected]
| >   graph_54    : -2.7428336727987686e-09 +/- 1.93e-10 [51145 selected]
| >   graph_55    : 1.1133167298661669e-09 +/- 1.58e-11 [5245 selected]
| >   graph_56    : -4.2105101553294608e-09 +/- 1.56e-11 [2733 selected]
| >   graph_57    : -1.2943201008094914e-08 +/- 6.89e-11 [22802 selected]
| >   graph_58    : 4.2650147355265682e-11 +/- 3.44e-12 [1330 selected]
| >   graph_59    : 4.0790111409580653e-11 +/- 3.35e-12 [1390 selected]
| >   graph_60    : -7.2120041671956897e-11 +/- 3.41e-12 [1353 selected]
| >   graph_61    : 1.2685058153827347e-08 +/- 9.95e-11 [39338 selected]
| >   graph_62    : -1.0907305909062575e-23 +/- 7.75e-24 [1287 selected]
| >   graph_63    : -1.1456373497351320e-09 +/- 1.21e-11 [2355 selected]
| >   graph_64    : 8.3551773645772930e-10 +/- 5.90e-12 [1372 selected]
| >   sum         : 2.9358163326499411e-08
| >   total       : 2.9358163326499401e-08
| >   difference  : 9.9261673506363321e-24
[92mINFO[0m [94msymbolica_integrator l.7237[0m [96mt=2026-09-09,12:03:40.766[0m > Symbolica integration: starting iteration [92m36/100[0m using [94m1000000[0m points ...
[92mINFO[0m [94msymbolica_integrator l.7270[0m [96mt=2026-09-09,12:08:23.303[0m > ... result after this iteration:
| > Integration result after [92m36000000[0m evaluations in [92m402600.21 CPU-s[0m [94m(11183.3 µs / eval)[0m
| > Extremal weights:
| >   with jacobian    : 6.87291e+04 at xs = [1.1523609142106825e-05 8.0408886661259560e-01 4.9838097880659193e-01 1.8957618633349213e-01 8.5347278385972214e-01 6.8193530704548311e-01] | jacobian = 1.48509e+07
| >     momentum space  : k = [[1.5365375555778040e-03, -4.3457983363555212e-03, 1.8647702504812668e+02]; [4.7634774762067813e+01, -6.2642450015685178e+01, -5.0616133684117784e+01]]
| >   without jacobian : 2.29216e+03 at xs = [2.6465773581051156e-07 3.6049628842816528e-01 4.9995464157519087e-01 2.2149523156633810e-01 6.3021386174112592e-01 4.8451896927468663e-01] | jacobian = 1.49128e+04
| >     momentum space  : k = [[-6.7733718784683002e-05, 8.1358120577888239e-05, 2.2680717696599095e+02]; [-7.7701663164253034e+01, -8.2966997489367074e+01, 5.5327572475072397e+00]]
| >   before clipping   : 3.41825e+07 at xs = [2.6465773581051156e-07 3.6049628842816528e-01 4.9995464157519087e-01 2.2149523156633810e-01 6.3021386174112592e-01 4.8451896927468663e-01]
| >     momentum space  : k = [[-6.7733718784683002e-05, 8.1358120577888239e-05, 2.2680717696599095e+02]; [-7.7701663164253034e+01, -8.2966997489367074e+01, 5.5327572475072397e+00]]
| > Stability pipeline: float pairs accepted = 49727139, HP pairs attempted/accepted = 1169606/1169606
| > Stability triggers: float mismatch = 1095078, float non-finite/error = 464
| > HP precision escalations: attempted/accepted = 1331/1331
| > Higher-precision rejections: disagreement = 0, non-finite = 0, error = 0
| > Soft-mirror stability: pairs = 15963464, large-side triggers = 73717, HP orbits attempted/salvaged/failed = 1066719/1066719/0
| > Soft-mirror extrema: raw original = -6.08343e+09, post-average = 3.41825e+07
| > Strongest soft-mirror cancellation: residual/raw = 0.00000e+00
| > Unstable rotational-check points rejected = 0
| > Rotational-check high-precision retries = 1095542
| > Rotational-check high-precision salvaged = 1095542
| > Large-weight high-precision retries = 74064
| > Large-weight high-precision salvaged = 74064
| > Large-weight high-precision rejected = 0
| > Large-weight samples zeroed = 100 (2.778e-06 of samples; removed signed/absolute sums = 4.34603e+07/6.89071e+07)
| > Non-finite final outputs zeroed = 0
| > Non-finite float rotated evaluations seen = 19
| > Example higher-precision-retried xs = [1.7265545145750016e-01 3.0987003362503329e-01 3.2061093419506459e-01 2.9773816827716681e-01 4.2264025488893087e-01 5.4552528647525544e-01] | float rel = 1.83306e+00
| >     momentum space  : k = [[-2.5923335064264300e+01, 6.5631404491694042e+01, 4.4592524277177773e+01]; [-1.4841504911254179e+02, 7.8414345192107874e+01, -2.4172211541858793e+01]]
| > Example large-weight higher-precision-retried xs = [6.2315394262952850e-03 8.7335248832704826e-02 4.3698273950411237e-01 1.7075337559625559e-01 2.3328011702598017e-02 8.1591186955703054e-01] | compiled = 1.29744e+03 | higher precision = -1.91195e+00
| >     momentum space  : k = [[2.0981863278860531e+00, 1.2827845393213939e+00, 1.6464272205621262e+02]; [4.4540392286650942e+01, 6.5756311498899862e+00, -6.8970990633645286e+01]]
| > Example NaN/non-finite rotated xs = [9.7362215618168912e-01 2.8761982718842016e-02 7.1239412401005031e-01 7.6351383122687992e-06 8.1517347970654108e-01 4.6873166947969135e-02]
| >     momentum space  : k = [[1.1408782098248355e+04, 2.0845012077396245e+03, -9.1365956262265390e+03]; [1.7841371185143296e-04, -4.1105989017338625e-04, -2.9424209241204335e+04]]
| > [92mCentral value[0m : +2.9422127907241586e-08   +/- 5.36e-10     ([91m1.823%[0m)
[92mINFO[0m [94msymbolica_integrator l.7274[0m [96mt=2026-09-09,12:08:23.304[0m > | > Graph-channel Symbolica observer estimates:
| >   graph_0     : -2.0748801619903361e-08 +/- 1.16e-10 [51687 selected]
| >   graph_1     : 3.3267651145267350e-10 +/- 9.17e-12 [1811 selected]
| >   graph_2     : -1.2800804771012131e-08 +/- 4.68e-11 [13860 selected]
| >   graph_3     : 1.1069701526773496e-10 +/- 1.78e-12 [1395 selected]
| >   graph_4     : -6.4876368093287723e-10 +/- 1.44e-11 [2563 selected]
| >   graph_5     : -3.8928426880179972e-11 +/- 2.02e-12 [1381 selected]
| >   graph_6     : -4.1317230279674253e-11 +/- 2.11e-12 [1428 selected]
| >   graph_7     : 6.3242207717116911e-11 +/- 2.97e-12 [1388 selected]
| >   graph_8     : -9.2578000936258674e-10 +/- 1.25e-11 [4417 selected]
| >   graph_9     : 1.0630523752757224e-09 +/- 1.36e-11 [4986 selected]
| >   graph_10    : -2.7453339719276544e-09 +/- 7.39e-11 [24355 selected]
| >   graph_11    : 1.8273076330256725e-27 +/- 3.31e-28 [1447 selected]
| >   graph_12    : -5.5616637409810175e-10 +/- 8.90e-12 [3209 selected]
| >   graph_13    : -1.1753441154765072e-08 +/- 1.24e-10 [53554 selected]
| >   graph_14    : 1.0963063624529211e-10 +/- 6.35e-13 [1402 selected]
| >   graph_15    : 4.2515209063019636e-25 +/- 6.86e-25 [1383 selected]
| >   graph_16    : 3.8867660148732229e-09 +/- 1.46e-11 [2400 selected]
| >   graph_17    : -3.5551361365283558e-10 +/- 2.00e-12 [1353 selected]
| >   graph_18    : 1.1861146254143998e-08 +/- 5.96e-11 [19416 selected]
| >   graph_19    : 1.0655423161021662e-09 +/- 7.53e-12 [1384 selected]
| >   graph_20    : -7.6669012610223554e-10 +/- 5.21e-12 [1354 selected]
| >   graph_21    : -8.8557255402916322e-10 +/- 1.35e-11 [4883 selected]
| >   graph_22    : -5.0267489446992371e-10 +/- 1.28e-11 [2527 selected]
| >   graph_23    : -2.9349340556116487e-10 +/- 2.05e-11 [1931 selected]
| >   graph_24    : 5.9068671631516393e-10 +/- 1.98e-11 [4234 selected]
| >   graph_25    : 4.2979657083245929e-10 +/- 1.36e-11 [2263 selected]
| >   graph_26    : -2.1219412860197056e-10 +/- 1.22e-12 [1324 selected]
| >   graph_27    : -2.7463422654901224e-11 +/- 1.53e-13 [1410 selected]
| >   graph_28    : -1.1674109532886909e-09 +/- 1.06e-11 [1818 selected]
| >   graph_29    : 6.8080126456389986e-08 +/- 1.60e-10 [66129 selected]
| >   graph_30    : -1.1114395120424358e-09 +/- 1.36e-10 [76729 selected]
| >   graph_31    : 4.0389908359490827e-11 +/- 6.07e-13 [1424 selected]
| >   graph_32    : -3.6563346503952202e-11 +/- 1.08e-11 [2105 selected]
| >   graph_33    : -1.8835429225575904e-09 +/- 2.88e-11 [9326 selected]
| >   graph_34    : 1.5475200969955768e-25 +/- 6.82e-26 [1317 selected]
| >   graph_35    : 2.5402947997932607e-08 +/- 1.53e-10 [94626 selected]
| >   graph_36    : -2.9683111882113652e-09 +/- 2.74e-11 [7353 selected]
| >   graph_37    : 1.6074962707403220e-08 +/- 7.52e-11 [28531 selected]
| >   graph_38    : 3.9360365471077399e-10 +/- 5.07e-12 [1414 selected]
| >   graph_39    : -7.5559155996739183e-09 +/- 4.62e-11 [14197 selected]
| >   graph_40    : -6.2980853667611743e-10 +/- 2.58e-10 [139124 selected]
| >   graph_41    : 1.7203326590640768e-09 +/- 2.20e-11 [7537 selected]
| >   graph_42    : 4.4237129781202480e-09 +/- 1.42e-10 [49404 selected]
| >   graph_43    : 3.0833701184922698e-09 +/- 2.91e-11 [7630 selected]
| >   graph_44    : 4.3969547648337694e-10 +/- 9.00e-12 [3070 selected]
| >   graph_45    : 2.4218148733847571e-10 +/- 1.33e-12 [1418 selected]
| >   graph_46    : -6.1067943622401412e-11 +/- 5.20e-13 [1401 selected]
| >   graph_47    : -6.4423516285468941e-09 +/- 1.42e-10 [90540 selected]
| >   graph_48    : -9.3810029846270410e-11 +/- 3.17e-12 [1376 selected]
| >   graph_49    : -3.4459933308883224e-08 +/- 9.21e-11 [34454 selected]
| >   graph_50    : 9.0092275529896303e-10 +/- 1.83e-11 [3615 selected]
| >   graph_51    : 5.7695473599198355e-09 +/- 2.11e-11 [3797 selected]
| >   graph_52    : 2.3646375537726431e-10 +/- 7.94e-12 [1399 selected]
| >   graph_53    : -8.1842643551734572e-10 +/- 1.85e-11 [6044 selected]
| >   graph_54    : -2.7377800496301014e-09 +/- 1.88e-10 [51023 selected]
| >   graph_55    : 1.1191619555802068e-09 +/- 1.55e-11 [5241 selected]
| >   graph_56    : -4.2089785780565284e-09 +/- 1.54e-11 [2665 selected]
| >   graph_57    : -1.2926748358417513e-08 +/- 6.82e-11 [22503 selected]
| >   graph_58    : 4.2041666767568979e-11 +/- 3.39e-12 [1480 selected]
| >   graph_59    : 4.0682093210467003e-11 +/- 3.31e-12 [1364 selected]
| >   graph_60    : -7.2274128434868653e-11 +/- 3.37e-12 [1406 selected]
| >   graph_61    : 1.2684532240150064e-08 +/- 9.73e-11 [38678 selected]
| >   graph_62    : -1.0714166964253415e-23 +/- 7.54e-24 [1394 selected]
| >   graph_63    : -1.1450129723022074e-09 +/- 1.20e-11 [2324 selected]
| >   graph_64    : 8.3653089486242163e-10 +/- 5.82e-12 [1399 selected]
| >   sum         : 2.9422127907241599e-08
| >   total       : 2.9422127907241586e-08
| >   difference  : 1.3234889800848443e-23
[92mINFO[0m [94msymbolica_integrator l.7237[0m [96mt=2026-09-09,12:08:23.304[0m > Symbolica integration: starting iteration [92m37/100[0m using [94m1000000[0m points ...
[92mINFO[0m [94msymbolica_integrator l.7270[0m [96mt=2026-09-09,12:12:24.257[0m > ... result after this iteration:
| > Integration result after [92m37000000[0m evaluations in [92m412603.10 CPU-s[0m [94m(11151.4 µs / eval)[0m
| > Extremal weights:
| >   with jacobian    : 6.87291e+04 at xs = [1.1523609142106825e-05 8.0408886661259560e-01 4.9838097880659193e-01 1.8957618633349213e-01 8.5347278385972214e-01 6.8193530704548311e-01] | jacobian = 1.48509e+07
| >     momentum space  : k = [[1.5365375555778040e-03, -4.3457983363555212e-03, 1.8647702504812668e+02]; [4.7634774762067813e+01, -6.2642450015685178e+01, -5.0616133684117784e+01]]
| >   without jacobian : 2.29216e+03 at xs = [2.6465773581051156e-07 3.6049628842816528e-01 4.9995464157519087e-01 2.2149523156633810e-01 6.3021386174112592e-01 4.8451896927468663e-01] | jacobian = 1.49128e+04
| >     momentum space  : k = [[-6.7733718784683002e-05, 8.1358120577888239e-05, 2.2680717696599095e+02]; [-7.7701663164253034e+01, -8.2966997489367074e+01, 5.5327572475072397e+00]]
| >   before clipping   : 3.41825e+07 at xs = [2.6465773581051156e-07 3.6049628842816528e-01 4.9995464157519087e-01 2.2149523156633810e-01 6.3021386174112592e-01 4.8451896927468663e-01]
| >     momentum space  : k = [[-6.7733718784683002e-05, 8.1358120577888239e-05, 2.2680717696599095e+02]; [-7.7701663164253034e+01, -8.2966997489367074e+01, 5.5327572475072397e+00]]
| > Stability pipeline: float pairs accepted = 51114072, HP pairs attempted/accepted = 1202875/1202875
| > Stability triggers: float mismatch = 1126598, float non-finite/error = 474
| > HP precision escalations: attempted/accepted = 1365/1365
| > Higher-precision rejections: disagreement = 0, non-finite = 0, error = 0
| > Soft-mirror stability: pairs = 16414018, large-side triggers = 75448, HP orbits attempted/salvaged/failed = 1097071/1097071/0
| > Soft-mirror extrema: raw original = -6.08343e+09, post-average = 3.41825e+07
| > Strongest soft-mirror cancellation: residual/raw = 0.00000e+00
| > Unstable rotational-check points rejected = 0
| > Rotational-check high-precision retries = 1127072
| > Rotational-check high-precision salvaged = 1127072
| > Large-weight high-precision retries = 75803
| > Large-weight high-precision salvaged = 75803
| > Large-weight high-precision rejected = 0
| > Large-weight samples zeroed = 102 (2.757e-06 of samples; removed signed/absolute sums = 4.54394e+07/7.11751e+07)
| > Non-finite final outputs zeroed = 0
| > Non-finite float rotated evaluations seen = 20
| > Example higher-precision-retried xs = [1.7265545145750016e-01 3.0987003362503329e-01 3.2061093419506459e-01 2.9773816827716681e-01 4.2264025488893087e-01 5.4552528647525544e-01] | float rel = 1.83306e+00
| >     momentum space  : k = [[-2.5923335064264300e+01, 6.5631404491694042e+01, 4.4592524277177773e+01]; [-1.4841504911254179e+02, 7.8414345192107874e+01, -2.4172211541858793e+01]]
| > Example large-weight higher-precision-retried xs = [6.2315394262952850e-03 8.7335248832704826e-02 4.3698273950411237e-01 1.7075337559625559e-01 2.3328011702598017e-02 8.1591186955703054e-01] | compiled = 1.29744e+03 | higher precision = -1.91195e+00
| >     momentum space  : k = [[2.0981863278860531e+00, 1.2827845393213939e+00, 1.6464272205621262e+02]; [4.4540392286650942e+01, 6.5756311498899862e+00, -6.8970990633645286e+01]]
| > Example NaN/non-finite rotated xs = [9.7362215618168912e-01 2.8761982718842016e-02 7.1239412401005031e-01 7.6351383122687992e-06 8.1517347970654108e-01 4.6873166947969135e-02]
| >     momentum space  : k = [[1.1408782098248355e+04, 2.0845012077396245e+03, -9.1365956262265390e+03]; [1.7841371185143296e-04, -4.1105989017338625e-04, -2.9424209241204335e+04]]
| > [92mCentral value[0m : +2.9455068300681145e-08   +/- 5.24e-10     ([91m1.780%[0m)
[92mINFO[0m [94msymbolica_integrator l.7274[0m [96mt=2026-09-09,12:12:24.257[0m > | > Graph-channel Symbolica observer estimates:
| >   graph_0     : -2.0751230361077250e-08 +/- 1.13e-10 [51673 selected]
| >   graph_1     : 3.3366871764990862e-10 +/- 9.03e-12 [1892 selected]
| >   graph_2     : -1.2803333623497426e-08 +/- 4.60e-11 [13765 selected]
| >   graph_3     : 1.1047709884494556e-10 +/- 1.75e-12 [1308 selected]
| >   graph_4     : -6.4626507569141490e-10 +/- 1.42e-11 [2525 selected]
| >   graph_5     : -3.9660604071751942e-11 +/- 2.00e-12 [1420 selected]
| >   graph_6     : -4.1503407026219151e-11 +/- 2.08e-12 [1347 selected]
| >   graph_7     : 6.3637959647118041e-11 +/- 2.95e-12 [1371 selected]
| >   graph_8     : -9.2515674091631200e-10 +/- 1.26e-11 [4287 selected]
| >   graph_9     : 1.0613332821173994e-09 +/- 1.33e-11 [4792 selected]
| >   graph_10    : -2.7414837373041386e-09 +/- 7.27e-11 [24355 selected]
| >   graph_11    : 1.7990949139456590e-27 +/- 3.26e-28 [1394 selected]
| >   graph_12    : -5.5594666005974057e-10 +/- 8.75e-12 [3131 selected]
| >   graph_13    : -1.1766562315566138e-08 +/- 1.21e-10 [53441 selected]
| >   graph_14    : 1.0960597818784419e-10 +/- 6.25e-13 [1380 selected]
| >   graph_15    : 4.1731886433981549e-25 +/- 6.70e-25 [1392 selected]
| >   graph_16    : 3.8877949777513345e-09 +/- 1.44e-11 [2500 selected]
| >   graph_17    : -3.5565471746857224e-10 +/- 1.97e-12 [1438 selected]
| >   graph_18    : 1.1852895978092585e-08 +/- 5.84e-11 [19249 selected]
| >   graph_19    : 1.0648694020213288e-09 +/- 7.44e-12 [1401 selected]
| >   graph_20    : -7.6480758272723127e-10 +/- 5.14e-12 [1369 selected]
| >   graph_21    : -8.8519232584228383e-10 +/- 1.33e-11 [4805 selected]
| >   graph_22    : -5.0309756854810713e-10 +/- 1.25e-11 [2455 selected]
| >   graph_23    : -2.9250625664360537e-10 +/- 2.00e-11 [1849 selected]
| >   graph_24    : 5.8998336641533411e-10 +/- 1.95e-11 [4233 selected]
| >   graph_25    : 4.3038409819629884e-10 +/- 1.34e-11 [2283 selected]
| >   graph_26    : -2.1207268386442398e-10 +/- 1.20e-12 [1374 selected]
| >   graph_27    : -2.7462959571931491e-11 +/- 1.50e-13 [1382 selected]
| >   graph_28    : -1.1666707085274853e-09 +/- 1.05e-11 [1861 selected]
| >   graph_29    : 6.8095070067640151e-08 +/- 1.57e-10 [66345 selected]
| >   graph_30    : -1.1187427507654674e-09 +/- 1.32e-10 [76724 selected]
| >   graph_31    : 4.0373022985889991e-11 +/- 5.98e-13 [1346 selected]
| >   graph_32    : -3.5495228371034783e-11 +/- 1.07e-11 [2177 selected]
| >   graph_33    : -1.8820177285665805e-09 +/- 2.82e-11 [9200 selected]
| >   graph_34    : 1.2498063562179768e-25 +/- 6.93e-26 [1385 selected]
| >   graph_35    : 2.5408632664218244e-08 +/- 1.50e-10 [94256 selected]
| >   graph_36    : -2.9698473519263217e-09 +/- 2.70e-11 [7202 selected]
| >   graph_37    : 1.6081927676923808e-08 +/- 7.39e-11 [28860 selected]
| >   graph_38    : 3.9326184249883376e-10 +/- 5.00e-12 [1420 selected]
| >   graph_39    : -7.5554171179170955e-09 +/- 4.55e-11 [14226 selected]
| >   graph_40    : -6.3300034407948495e-10 +/- 2.51e-10 [138842 selected]
| >   graph_41    : 1.7207161950079626e-09 +/- 2.16e-11 [7492 selected]
| >   graph_42    : 4.4178739078332430e-09 +/- 1.38e-10 [49487 selected]
| >   graph_43    : 3.0881878013234948e-09 +/- 2.86e-11 [7689 selected]
| >   graph_44    : 4.3971005326539570e-10 +/- 8.86e-12 [3063 selected]
| >   graph_45    : 2.4220706957267272e-10 +/- 1.31e-12 [1412 selected]
| >   graph_46    : -6.1135270906596819e-11 +/- 5.13e-13 [1416 selected]
| >   graph_47    : -6.4381882291131253e-09 +/- 1.39e-10 [90837 selected]
| >   graph_48    : -9.2940120083341648e-11 +/- 3.12e-12 [1339 selected]
| >   graph_49    : -3.4465035844214755e-08 +/- 9.04e-11 [34613 selected]
| >   graph_50    : 8.9844946416853721e-10 +/- 1.81e-11 [3653 selected]
| >   graph_51    : 5.7726290604009962e-09 +/- 2.08e-11 [3792 selected]
| >   graph_52    : 2.3662705285096068e-10 +/- 7.84e-12 [1425 selected]
| >   graph_53    : -8.1570763396262005e-10 +/- 1.81e-11 [6035 selected]
| >   graph_54    : -2.7151445546951127e-09 +/- 1.83e-10 [51005 selected]
| >   graph_55    : 1.1147969816772155e-09 +/- 1.53e-11 [5142 selected]
| >   graph_56    : -4.2040074213493412e-09 +/- 1.52e-11 [2646 selected]
| >   graph_57    : -1.2936652303343463e-08 +/- 6.69e-11 [22966 selected]
| >   graph_58    : 4.1787195783600894e-11 +/- 3.34e-12 [1343 selected]
| >   graph_59    : 4.0655852348608627e-11 +/- 3.26e-12 [1386 selected]
| >   graph_60    : -7.2030863517982422e-11 +/- 3.33e-12 [1405 selected]
| >   graph_61    : 1.2696754904200697e-08 +/- 9.55e-11 [39168 selected]
| >   graph_62    : -1.0476396245329648e-23 +/- 7.33e-24 [1403 selected]
| >   graph_63    : -1.1429323057220037e-09 +/- 1.18e-11 [2229 selected]
| >   graph_64    : 8.3765902599508740e-10 +/- 6.12e-12 [1399 selected]
| >   sum         : 2.9455068300681129e-08
| >   total       : 2.9455068300681145e-08
| >   difference  : -1.6543612251060553e-23
[92mINFO[0m [94msymbolica_integrator l.7237[0m [96mt=2026-09-09,12:12:24.257[0m > Symbolica integration: starting iteration [92m38/100[0m using [94m1000000[0m points ...
[92mINFO[0m [94msymbolica_integrator l.7270[0m [96mt=2026-09-09,12:16:46.864[0m > ... result after this iteration:
| > Integration result after [92m38000000[0m evaluations in [92m422833.26 CPU-s[0m [94m(11127.2 µs / eval)[0m
| > Extremal weights:
| >   with jacobian    : 6.87291e+04 at xs = [1.1523609142106825e-05 8.0408886661259560e-01 4.9838097880659193e-01 1.8957618633349213e-01 8.5347278385972214e-01 6.8193530704548311e-01] | jacobian = 1.48509e+07
| >     momentum space  : k = [[1.5365375555778040e-03, -4.3457983363555212e-03, 1.8647702504812668e+02]; [4.7634774762067813e+01, -6.2642450015685178e+01, -5.0616133684117784e+01]]
| >   without jacobian : 2.29216e+03 at xs = [2.6465773581051156e-07 3.6049628842816528e-01 4.9995464157519087e-01 2.2149523156633810e-01 6.3021386174112592e-01 4.8451896927468663e-01] | jacobian = 1.49128e+04
| >     momentum space  : k = [[-6.7733718784683002e-05, 8.1358120577888239e-05, 2.2680717696599095e+02]; [-7.7701663164253034e+01, -8.2966997489367074e+01, 5.5327572475072397e+00]]
| >   before clipping   : 3.41825e+07 at xs = [2.6465773581051156e-07 3.6049628842816528e-01 4.9995464157519087e-01 2.2149523156633810e-01 6.3021386174112592e-01 4.8451896927468663e-01]
| >     momentum space  : k = [[-6.7733718784683002e-05, 8.1358120577888239e-05, 2.2680717696599095e+02]; [-7.7701663164253034e+01, -8.2966997489367074e+01, 5.5327572475072397e+00]]
| > Stability pipeline: float pairs accepted = 52495746, HP pairs attempted/accepted = 1238597/1238597
| > Stability triggers: float mismatch = 1159992, float non-finite/error = 492
| > HP precision escalations: attempted/accepted = 1406/1406
| > Higher-precision rejections: disagreement = 0, non-finite = 0, error = 0
| > Soft-mirror stability: pairs = 16864533, large-side triggers = 77748, HP orbits attempted/salvaged/failed = 1130190/1130190/0
| > Soft-mirror extrema: raw original = -6.08343e+09, post-average = 3.41825e+07
| > Strongest soft-mirror cancellation: residual/raw = 0.00000e+00
| > Unstable rotational-check points rejected = 0
| > Rotational-check high-precision retries = 1160484
| > Rotational-check high-precision salvaged = 1160484
| > Large-weight high-precision retries = 78113
| > Large-weight high-precision salvaged = 78113
| > Large-weight high-precision rejected = 0
| > Large-weight samples zeroed = 105 (2.763e-06 of samples; removed signed/absolute sums = 4.72647e+07/7.30004e+07)
| > Non-finite final outputs zeroed = 0
| > Non-finite float rotated evaluations seen = 21
| > Example higher-precision-retried xs = [1.7265545145750016e-01 3.0987003362503329e-01 3.2061093419506459e-01 2.9773816827716681e-01 4.2264025488893087e-01 5.4552528647525544e-01] | float rel = 1.83306e+00
| >     momentum space  : k = [[-2.5923335064264300e+01, 6.5631404491694042e+01, 4.4592524277177773e+01]; [-1.4841504911254179e+02, 7.8414345192107874e+01, -2.4172211541858793e+01]]
| > Example large-weight higher-precision-retried xs = [6.2315394262952850e-03 8.7335248832704826e-02 4.3698273950411237e-01 1.7075337559625559e-01 2.3328011702598017e-02 8.1591186955703054e-01] | compiled = 1.29744e+03 | higher precision = -1.91195e+00
| >     momentum space  : k = [[2.0981863278860531e+00, 1.2827845393213939e+00, 1.6464272205621262e+02]; [4.4540392286650942e+01, 6.5756311498899862e+00, -6.8970990633645286e+01]]
| > Example NaN/non-finite rotated xs = [9.7362215618168912e-01 2.8761982718842016e-02 7.1239412401005031e-01 7.6351383122687992e-06 8.1517347970654108e-01 4.6873166947969135e-02]
| >     momentum space  : k = [[1.1408782098248355e+04, 2.0845012077396245e+03, -9.1365956262265390e+03]; [1.7841371185143296e-04, -4.1105989017338625e-04, -2.9424209241204335e+04]]
| > [92mCentral value[0m : +2.9482194374092589e-08   +/- 5.13e-10     ([91m1.741%[0m)
[92mINFO[0m [94msymbolica_integrator l.7274[0m [96mt=2026-09-09,12:16:46.865[0m > | > Graph-channel Symbolica observer estimates:
| >   graph_0     : -2.0756924189921477e-08 +/- 1.11e-10 [52419 selected]
| >   graph_1     : 3.3389512155034510e-10 +/- 8.87e-12 [1846 selected]
| >   graph_2     : -1.2809814607689162e-08 +/- 4.54e-11 [13850 selected]
| >   graph_3     : 1.1066604615334541e-10 +/- 1.73e-12 [1422 selected]
| >   graph_4     : -6.4966719428953830e-10 +/- 1.41e-11 [2647 selected]
| >   graph_5     : -3.9198297614425110e-11 +/- 1.97e-12 [1392 selected]
| >   graph_6     : -4.1112513574431871e-11 +/- 2.06e-12 [1439 selected]
| >   graph_7     : 6.3802729367389045e-11 +/- 2.91e-12 [1337 selected]
| >   graph_8     : -9.2465435899535016e-10 +/- 1.25e-11 [4261 selected]
| >   graph_9     : 1.0585877822752331e-09 +/- 1.31e-11 [4750 selected]
| >   graph_10    : -2.7258305908090255e-09 +/- 7.13e-11 [24344 selected]
| >   graph_11    : 1.8355823343143440e-27 +/- 3.22e-28 [1398 selected]
| >   graph_12    : -5.5642889067058687e-10 +/- 8.61e-12 [3119 selected]
| >   graph_13    : -1.1778052247817164e-08 +/- 1.18e-10 [52940 selected]
| >   graph_14    : 1.0964950804133604e-10 +/- 6.15e-13 [1397 selected]
| >   graph_15    : 5.1122012683408482e-25 +/- 6.62e-25 [1291 selected]
| >   graph_16    : 3.8839675985769216e-09 +/- 1.42e-11 [2384 selected]
| >   graph_17    : -3.5561093156717906e-10 +/- 1.94e-12 [1378 selected]
| >   graph_18    : 1.1854486071643230e-08 +/- 5.72e-11 [19137 selected]
| >   graph_19    : 1.0652934096146311e-09 +/- 7.34e-12 [1425 selected]
| >   graph_20    : -7.6568794157516798e-10 +/- 5.08e-12 [1394 selected]
| >   graph_21    : -8.8425185114135766e-10 +/- 1.31e-11 [4709 selected]
| >   graph_22    : -5.0535963450523177e-10 +/- 1.24e-11 [2590 selected]
| >   graph_23    : -2.9177463014108565e-10 +/- 1.95e-11 [1806 selected]
| >   graph_24    : 5.8949097317051688e-10 +/- 1.92e-11 [4351 selected]
| >   graph_25    : 4.2946767714428665e-10 +/- 1.32e-11 [2275 selected]
| >   graph_26    : -2.1212579347451429e-10 +/- 1.18e-12 [1354 selected]
| >   graph_27    : -2.7467970299040103e-11 +/- 1.48e-13 [1405 selected]
| >   graph_28    : -1.1680418554436374e-09 +/- 1.04e-11 [1838 selected]
| >   graph_29    : 6.8087897057351877e-08 +/- 1.53e-10 [65733 selected]
| >   graph_30    : -1.1284160619749830e-09 +/- 1.29e-10 [76475 selected]
| >   graph_31    : 4.0457024911557161e-11 +/- 5.91e-13 [1406 selected]
| >   graph_32    : -3.5706289591956265e-11 +/- 1.05e-11 [2094 selected]
| >   graph_33    : -1.8798790530646711e-09 +/- 2.77e-11 [9280 selected]
| >   graph_34    : 1.2808634746059180e-25 +/- 6.80e-26 [1380 selected]
| >   graph_35    : 2.5404826034654962e-08 +/- 1.47e-10 [93744 selected]
| >   graph_36    : -2.9707736319735900e-09 +/- 2.66e-11 [7294 selected]
| >   graph_37    : 1.6093791131518453e-08 +/- 7.26e-11 [29167 selected]
| >   graph_38    : 3.9271112520305503e-10 +/- 4.94e-12 [1399 selected]
| >   graph_39    : -7.5528888716397115e-09 +/- 4.48e-11 [14135 selected]
| >   graph_40    : -5.9642723837749111e-10 +/- 2.45e-10 [138989 selected]
| >   graph_41    : 1.7208400931292669e-09 +/- 2.12e-11 [7504 selected]
| >   graph_42    : 4.4202324017507142e-09 +/- 1.35e-10 [49986 selected]
| >   graph_43    : 3.0884210894585281e-09 +/- 2.82e-11 [7825 selected]
| >   graph_44    : 4.4081964104009316e-10 +/- 8.73e-12 [3174 selected]
| >   graph_45    : 2.4188551128182982e-10 +/- 1.29e-12 [1356 selected]
| >   graph_46    : -6.1169679287613383e-11 +/- 5.06e-13 [1408 selected]
| >   graph_47    : -6.4616102913550338e-09 +/- 1.38e-10 [89922 selected]
| >   graph_48    : -9.2634686930294968e-11 +/- 3.07e-12 [1371 selected]
| >   graph_49    : -3.4432759912993925e-08 +/- 8.86e-11 [34595 selected]
| >   graph_50    : 8.9820953147740425e-10 +/- 1.79e-11 [3632 selected]
| >   graph_51    : 5.7739301559391628e-09 +/- 2.06e-11 [3899 selected]
| >   graph_52    : 2.3704543174548586e-10 +/- 7.74e-12 [1362 selected]
| >   graph_53    : -8.1676347081169179e-10 +/- 1.78e-11 [6071 selected]
| >   graph_54    : -2.7139578356431060e-09 +/- 1.79e-10 [51140 selected]
| >   graph_55    : 1.1163556174154531e-09 +/- 1.50e-11 [5118 selected]
| >   graph_56    : -4.2073598366026410e-09 +/- 1.50e-11 [2810 selected]
| >   graph_57    : -1.2937807713958671e-08 +/- 6.56e-11 [23103 selected]
| >   graph_58    : 4.1574996439773054e-11 +/- 3.30e-12 [1355 selected]
| >   graph_59    : 4.0218340644775671e-11 +/- 3.22e-12 [1389 selected]
| >   graph_60    : -7.2429155419141308e-11 +/- 3.29e-12 [1451 selected]
| >   graph_61    : 1.2698360590699505e-08 +/- 9.34e-11 [39372 selected]
| >   graph_62    : -1.0284374053879058e-23 +/- 7.14e-24 [1465 selected]
| >   graph_63    : -1.1415843307196330e-09 +/- 1.17e-11 [2290 selected]
| >   graph_64    : 8.3948324176596685e-10 +/- 6.06e-12 [1408 selected]
| >   sum         : 2.9482194374092562e-08
| >   total       : 2.9482194374092589e-08
| >   difference  : -2.6469779601696886e-23
[92mINFO[0m [94msymbolica_integrator l.7237[0m [96mt=2026-09-09,12:16:46.865[0m > Symbolica integration: starting iteration [92m39/100[0m using [94m1000000[0m points ...
[92mINFO[0m [94msymbolica_integrator l.7270[0m [96mt=2026-09-09,12:21:52.198[0m > ... result after this iteration:
| > Integration result after [92m39000000[0m evaluations in [92m434526.79 CPU-s[0m [94m(11141.7 µs / eval)[0m
| > Extremal weights:
| >   with jacobian    : 6.87291e+04 at xs = [1.1523609142106825e-05 8.0408886661259560e-01 4.9838097880659193e-01 1.8957618633349213e-01 8.5347278385972214e-01 6.8193530704548311e-01] | jacobian = 1.48509e+07
| >     momentum space  : k = [[1.5365375555778040e-03, -4.3457983363555212e-03, 1.8647702504812668e+02]; [4.7634774762067813e+01, -6.2642450015685178e+01, -5.0616133684117784e+01]]
| >   without jacobian : 2.29216e+03 at xs = [2.6465773581051156e-07 3.6049628842816528e-01 4.9995464157519087e-01 2.2149523156633810e-01 6.3021386174112592e-01 4.8451896927468663e-01] | jacobian = 1.49128e+04
| >     momentum space  : k = [[-6.7733718784683002e-05, 8.1358120577888239e-05, 2.2680717696599095e+02]; [-7.7701663164253034e+01, -8.2966997489367074e+01, 5.5327572475072397e+00]]
| >   before clipping   : 3.41825e+07 at xs = [2.6465773581051156e-07 3.6049628842816528e-01 4.9995464157519087e-01 2.2149523156633810e-01 6.3021386174112592e-01 4.8451896927468663e-01]
| >     momentum space  : k = [[-6.7733718784683002e-05, 8.1358120577888239e-05, 2.2680717696599095e+02]; [-7.7701663164253034e+01, -8.2966997489367074e+01, 5.5327572475072397e+00]]
| > Stability pipeline: float pairs accepted = 53876299, HP pairs attempted/accepted = 1274129/1274129
| > Stability triggers: float mismatch = 1193092, float non-finite/error = 510
| > HP precision escalations: attempted/accepted = 1461/1461
| > Higher-precision rejections: disagreement = 0, non-finite = 0, error = 0
| > Soft-mirror stability: pairs = 17313610, large-side triggers = 80143, HP orbits attempted/salvaged/failed = 1163182/1163182/0
| > Soft-mirror extrema: raw original = -6.08343e+09, post-average = 3.41825e+07
| > Strongest soft-mirror cancellation: residual/raw = 0.00000e+00
| > Unstable rotational-check points rejected = 0
| > Rotational-check high-precision retries = 1193602
| > Rotational-check high-precision salvaged = 1193602
| > Large-weight high-precision retries = 80527
| > Large-weight high-precision salvaged = 80527
| > Large-weight high-precision rejected = 0
| > Large-weight samples zeroed = 113 (2.897e-06 of samples; removed signed/absolute sums = 3.95944e+07/8.30255e+07)
| > Non-finite final outputs zeroed = 0
| > Non-finite float rotated evaluations seen = 22
| > Example higher-precision-retried xs = [1.7265545145750016e-01 3.0987003362503329e-01 3.2061093419506459e-01 2.9773816827716681e-01 4.2264025488893087e-01 5.4552528647525544e-01] | float rel = 1.83306e+00
| >     momentum space  : k = [[-2.5923335064264300e+01, 6.5631404491694042e+01, 4.4592524277177773e+01]; [-1.4841504911254179e+02, 7.8414345192107874e+01, -2.4172211541858793e+01]]
| > Example large-weight higher-precision-retried xs = [6.2315394262952850e-03 8.7335248832704826e-02 4.3698273950411237e-01 1.7075337559625559e-01 2.3328011702598017e-02 8.1591186955703054e-01] | compiled = 1.29744e+03 | higher precision = -1.91195e+00
| >     momentum space  : k = [[2.0981863278860531e+00, 1.2827845393213939e+00, 1.6464272205621262e+02]; [4.4540392286650942e+01, 6.5756311498899862e+00, -6.8970990633645286e+01]]
| > Example NaN/non-finite rotated xs = [9.7362215618168912e-01 2.8761982718842016e-02 7.1239412401005031e-01 7.6351383122687992e-06 8.1517347970654108e-01 4.6873166947969135e-02]
| >     momentum space  : k = [[1.1408782098248355e+04, 2.0845012077396245e+03, -9.1365956262265390e+03]; [1.7841371185143296e-04, -4.1105989017338625e-04, -2.9424209241204335e+04]]
| > [92mCentral value[0m : +2.9458991229250546e-08   +/- 5.05e-10     ([91m1.713%[0m)
[92mINFO[0m [94msymbolica_integrator l.7274[0m [96mt=2026-09-09,12:21:52.199[0m > | > Graph-channel Symbolica observer estimates:
| >   graph_0     : -2.0748295476093621e-08 +/- 1.09e-10 [52032 selected]
| >   graph_1     : 3.2963648594607699e-10 +/- 8.82e-12 [1847 selected]
| >   graph_2     : -1.2810671453313244e-08 +/- 4.48e-11 [13855 selected]
| >   graph_3     : 1.1088746879557460e-10 +/- 1.71e-12 [1461 selected]
| >   graph_4     : -6.4838420524733125e-10 +/- 1.39e-11 [2668 selected]
| >   graph_5     : -3.8776091059279323e-11 +/- 1.95e-12 [1456 selected]
| >   graph_6     : -4.0974483218424542e-11 +/- 2.03e-12 [1455 selected]
| >   graph_7     : 6.3701611022483147e-11 +/- 2.88e-12 [1456 selected]
| >   graph_8     : -9.2403562762454182e-10 +/- 1.23e-11 [4419 selected]
| >   graph_9     : 1.0617668351129474e-09 +/- 1.29e-11 [4755 selected]
| >   graph_10    : -2.7257813051233144e-09 +/- 7.00e-11 [24483 selected]
| >   graph_11    : 1.8279281477152874e-27 +/- 3.19e-28 [1478 selected]
| >   graph_12    : -5.5772720511759019e-10 +/- 8.48e-12 [3157 selected]
| >   graph_13    : -1.1773549561653775e-08 +/- 1.15e-10 [51739 selected]
| >   graph_14    : 1.0968440282398380e-10 +/- 6.06e-13 [1400 selected]
| >   graph_15    : 4.6573677913993563e-25 +/- 6.46e-25 [1420 selected]
| >   graph_16    : 3.8861012564823572e-09 +/- 1.41e-11 [2468 selected]
| >   graph_17    : -3.5568535805558846e-10 +/- 1.91e-12 [1391 selected]
| >   graph_18    : 1.1851703419643497e-08 +/- 5.61e-11 [19240 selected]
| >   graph_19    : 1.0663603443680845e-09 +/- 7.26e-12 [1438 selected]
| >   graph_20    : -7.6510342497673578e-10 +/- 5.02e-12 [1387 selected]
| >   graph_21    : -8.8382429704960690e-10 +/- 1.28e-11 [4738 selected]
| >   graph_22    : -5.5238108766770492e-10 +/- 4.75e-11 [2525 selected]
| >   graph_23    : -2.9194901595075019e-10 +/- 1.90e-11 [1873 selected]
| >   graph_24    : 5.9085305197999496e-10 +/- 1.90e-11 [4282 selected]
| >   graph_25    : 4.3233545340521475e-10 +/- 1.31e-11 [2316 selected]
| >   graph_26    : -2.1201726176295890e-10 +/- 1.17e-12 [1331 selected]
| >   graph_27    : -2.7485001916799816e-11 +/- 1.46e-13 [1416 selected]
| >   graph_28    : -1.1700395016370292e-09 +/- 1.02e-11 [1858 selected]
| >   graph_29    : 6.8096142563269752e-08 +/- 1.51e-10 [65971 selected]
| >   graph_30    : -1.1374013380892200e-09 +/- 1.26e-10 [76128 selected]
| >   graph_31    : 4.0482280366170132e-11 +/- 5.83e-13 [1452 selected]
| >   graph_32    : -3.5850792612504447e-11 +/- 1.03e-11 [2172 selected]
| >   graph_33    : -1.8808410948996563e-09 +/- 2.72e-11 [8982 selected]
| >   graph_34    : 1.3108405130275235e-25 +/- 6.65e-26 [1400 selected]
| >   graph_35    : 2.5387675712293743e-08 +/- 1.44e-10 [94189 selected]
| >   graph_36    : -2.9738411970911136e-09 +/- 2.63e-11 [7274 selected]
| >   graph_37    : 1.6093836719430262e-08 +/- 7.14e-11 [29237 selected]
| >   graph_38    : 3.9398053276230783e-10 +/- 4.88e-12 [1374 selected]
| >   graph_39    : -7.5523062133887541e-09 +/- 4.42e-11 [14057 selected]
| >   graph_40    : -6.1712021413508812e-10 +/- 2.40e-10 [139030 selected]
| >   graph_41    : 1.7215731515883181e-09 +/- 2.09e-11 [7376 selected]
| >   graph_42    : 4.4379587800793566e-09 +/- 1.32e-10 [49306 selected]
| >   graph_43    : 3.0855543522634272e-09 +/- 2.79e-11 [7708 selected]
| >   graph_44    : 4.4011109890202711e-10 +/- 8.60e-12 [3137 selected]
| >   graph_45    : 2.4181633814229217e-10 +/- 1.27e-12 [1374 selected]
| >   graph_46    : -6.1173949799462145e-11 +/- 4.99e-13 [1410 selected]
| >   graph_47    : -6.4547382583954033e-09 +/- 1.36e-10 [92494 selected]
| >   graph_48    : -9.2000561693292939e-11 +/- 3.03e-12 [1357 selected]
| >   graph_49    : -3.4430369369138057e-08 +/- 8.69e-11 [34527 selected]
| >   graph_50    : 9.0016159158872007e-10 +/- 1.76e-11 [3566 selected]
| >   graph_51    : 5.7747548303758051e-09 +/- 2.03e-11 [3707 selected]
| >   graph_52    : 2.3630102920165996e-10 +/- 7.65e-12 [1359 selected]
| >   graph_53    : -8.1405099061995777e-10 +/- 1.75e-11 [5832 selected]
| >   graph_54    : -2.6950067689732783e-09 +/- 1.74e-10 [51121 selected]
| >   graph_55    : 1.1149628097517552e-09 +/- 1.48e-11 [5084 selected]
| >   graph_56    : -4.2096902538507580e-09 +/- 1.48e-11 [2741 selected]
| >   graph_57    : -1.2936255448744401e-08 +/- 6.43e-11 [23039 selected]
| >   graph_58    : 4.1361414518548723e-11 +/- 3.25e-12 [1360 selected]
| >   graph_59    : 3.9742218376952045e-11 +/- 3.18e-12 [1371 selected]
| >   graph_60    : -7.1716933517659675e-11 +/- 3.25e-12 [1381 selected]
| >   graph_61    : 1.2700728032034918e-08 +/- 9.17e-11 [39209 selected]
| >   graph_62    : -1.0044799685776556e-23 +/- 6.96e-24 [1404 selected]
| >   graph_63    : -1.1409393927493256e-09 +/- 1.15e-11 [2186 selected]
| >   graph_64    : 8.3880057989052910e-10 +/- 5.98e-12 [1341 selected]
| >   sum         : 2.9458991229250522e-08
| >   total       : 2.9458991229250546e-08
| >   difference  : -2.3161057151484775e-23
[92mINFO[0m [94msymbolica_integrator l.7237[0m [96mt=2026-09-09,12:21:52.202[0m > Symbolica integration: starting iteration [92m40/100[0m using [94m1000000[0m points ...
[92mINFO[0m [94msymbolica_integrator l.7270[0m [96mt=2026-09-09,12:29:45.378[0m > ... result after this iteration:
| > Integration result after [92m40000000[0m evaluations in [92m453652.68 CPU-s[0m [94m(11341.3 µs / eval)[0m
| > Extremal weights:
| >   with jacobian    : 6.87291e+04 at xs = [1.1523609142106825e-05 8.0408886661259560e-01 4.9838097880659193e-01 1.8957618633349213e-01 8.5347278385972214e-01 6.8193530704548311e-01] | jacobian = 1.48509e+07
| >     momentum space  : k = [[1.5365375555778040e-03, -4.3457983363555212e-03, 1.8647702504812668e+02]; [4.7634774762067813e+01, -6.2642450015685178e+01, -5.0616133684117784e+01]]
| >   without jacobian : 2.29216e+03 at xs = [2.6465773581051156e-07 3.6049628842816528e-01 4.9995464157519087e-01 2.2149523156633810e-01 6.3021386174112592e-01 4.8451896927468663e-01] | jacobian = 1.49128e+04
| >     momentum space  : k = [[-6.7733718784683002e-05, 8.1358120577888239e-05, 2.2680717696599095e+02]; [-7.7701663164253034e+01, -8.2966997489367074e+01, 5.5327572475072397e+00]]
| >   before clipping   : 3.41825e+07 at xs = [2.6465773581051156e-07 3.6049628842816528e-01 4.9995464157519087e-01 2.2149523156633810e-01 6.3021386174112592e-01 4.8451896927468663e-01]
| >     momentum space  : k = [[-6.7733718784683002e-05, 8.1358120577888239e-05, 2.2680717696599095e+02]; [-7.7701663164253034e+01, -8.2966997489367074e+01, 5.5327572475072397e+00]]
| > Stability pipeline: float pairs accepted = 55252204, HP pairs attempted/accepted = 1310974/1310974
| > Stability triggers: float mismatch = 1227483, float non-finite/error = 521
| > HP precision escalations: attempted/accepted = 1501/1501
| > Higher-precision rejections: disagreement = 0, non-finite = 0, error = 0
| > Soft-mirror stability: pairs = 17760487, large-side triggers = 82579, HP orbits attempted/salvaged/failed = 1197309/1197309/0
| > Soft-mirror extrema: raw original = -6.08343e+09, post-average = 3.41825e+07
| > Strongest soft-mirror cancellation: residual/raw = 0.00000e+00
| > Unstable rotational-check points rejected = 0
| > Rotational-check high-precision retries = 1228004
| > Rotational-check high-precision salvaged = 1228004
| > Large-weight high-precision retries = 82970
| > Large-weight high-precision salvaged = 82970
| > Large-weight high-precision rejected = 0
| > Large-weight samples zeroed = 116 (2.900e-06 of samples; removed signed/absolute sums = 4.14891e+07/8.49202e+07)
| > Non-finite final outputs zeroed = 0
| > Non-finite float rotated evaluations seen = 22
| > Example higher-precision-retried xs = [1.7265545145750016e-01 3.0987003362503329e-01 3.2061093419506459e-01 2.9773816827716681e-01 4.2264025488893087e-01 5.4552528647525544e-01] | float rel = 1.83306e+00
| >     momentum space  : k = [[-2.5923335064264300e+01, 6.5631404491694042e+01, 4.4592524277177773e+01]; [-1.4841504911254179e+02, 7.8414345192107874e+01, -2.4172211541858793e+01]]
| > Example large-weight higher-precision-retried xs = [6.2315394262952850e-03 8.7335248832704826e-02 4.3698273950411237e-01 1.7075337559625559e-01 2.3328011702598017e-02 8.1591186955703054e-01] | compiled = 1.29744e+03 | higher precision = -1.91195e+00
| >     momentum space  : k = [[2.0981863278860531e+00, 1.2827845393213939e+00, 1.6464272205621262e+02]; [4.4540392286650942e+01, 6.5756311498899862e+00, -6.8970990633645286e+01]]
| > Example NaN/non-finite rotated xs = [9.7362215618168912e-01 2.8761982718842016e-02 7.1239412401005031e-01 7.6351383122687992e-06 8.1517347970654108e-01 4.6873166947969135e-02]
| >     momentum space  : k = [[1.1408782098248355e+04, 2.0845012077396245e+03, -9.1365956262265390e+03]; [1.7841371185143296e-04, -4.1105989017338625e-04, -2.9424209241204335e+04]]
| > [92mCentral value[0m : +2.9564966671244579e-08   +/- 4.94e-10     ([91m1.671%[0m)
[92mINFO[0m [94msymbolica_integrator l.7274[0m [96mt=2026-09-09,12:29:45.378[0m > | > Graph-channel Symbolica observer estimates:
| >   graph_0     : -2.0724640544970625e-08 +/- 1.07e-10 [52288 selected]
| >   graph_1     : 3.3120249250541952e-10 +/- 8.66e-12 [1869 selected]
| >   graph_2     : -1.2804039818042923e-08 +/- 4.41e-11 [13723 selected]
| >   graph_3     : 1.1052984570087395e-10 +/- 1.68e-12 [1311 selected]
| >   graph_4     : -6.4779712121000194e-10 +/- 1.37e-11 [2560 selected]
| >   graph_5     : -3.8929048939235346e-11 +/- 1.93e-12 [1383 selected]
| >   graph_6     : -4.1081377401431374e-11 +/- 2.01e-12 [1474 selected]
| >   graph_7     : 6.3983243854416943e-11 +/- 2.84e-12 [1459 selected]
| >   graph_8     : -9.1956463993159782e-10 +/- 1.21e-11 [4357 selected]
| >   graph_9     : 1.0639398714370311e-09 +/- 1.27e-11 [4674 selected]
| >   graph_10    : -2.7315049358307136e-09 +/- 6.85e-11 [24628 selected]
| >   graph_11    : 1.9357559751627853e-27 +/- 3.15e-28 [1457 selected]
| >   graph_12    : -5.5528194549306318e-10 +/- 8.36e-12 [3119 selected]
| >   graph_13    : -1.1778820936057771e-08 +/- 1.12e-10 [50882 selected]
| >   graph_14    : 1.0966208200003161e-10 +/- 5.97e-13 [1361 selected]
| >   graph_15    : 4.4323095380138773e-25 +/- 6.30e-25 [1424 selected]
| >   graph_16    : 3.8879332824529912e-09 +/- 1.39e-11 [2415 selected]
| >   graph_17    : -3.5564401400722132e-10 +/- 1.89e-12 [1365 selected]
| >   graph_18    : 1.1852409509323519e-08 +/- 5.50e-11 [19327 selected]
| >   graph_19    : 1.0648734030996045e-09 +/- 7.17e-12 [1396 selected]
| >   graph_20    : -7.6389931284516004e-10 +/- 4.96e-12 [1375 selected]
| >   graph_21    : -8.8230872303156991e-10 +/- 1.26e-11 [4684 selected]
| >   graph_22    : -5.5634773110836367e-10 +/- 4.66e-11 [5985 selected]
| >   graph_23    : -2.9293080321743525e-10 +/- 1.86e-11 [1795 selected]
| >   graph_24    : 5.8991379713465882e-10 +/- 1.87e-11 [4232 selected]
| >   graph_25    : 4.3333914739828569e-10 +/- 1.29e-11 [2183 selected]
| >   graph_26    : -2.1265295105096543e-10 +/- 1.16e-12 [1462 selected]
| >   graph_27    : -2.7462367332391082e-11 +/- 1.44e-13 [1362 selected]
| >   graph_28    : -1.1686888206269644e-09 +/- 1.01e-11 [1912 selected]
| >   graph_29    : 6.8094838732821377e-08 +/- 1.48e-10 [66737 selected]
| >   graph_30    : -1.1335492625403596e-09 +/- 1.24e-10 [75198 selected]
| >   graph_31    : 4.0493968459756940e-11 +/- 5.76e-13 [1411 selected]
| >   graph_32    : -3.6319663266486008e-11 +/- 1.02e-11 [2104 selected]
| >   graph_33    : -1.8833009647544282e-09 +/- 2.68e-11 [9085 selected]
| >   graph_34    : 1.4292209377176359e-25 +/- 6.58e-26 [1367 selected]
| >   graph_35    : 2.5393012154421930e-08 +/- 1.41e-10 [93383 selected]
| >   graph_36    : -2.9674646313906380e-09 +/- 2.59e-11 [7414 selected]
| >   graph_37    : 1.6099017480747201e-08 +/- 7.03e-11 [29154 selected]
| >   graph_38    : 3.9402105363973472e-10 +/- 4.81e-12 [1403 selected]
| >   graph_39    : -7.5532437274572378e-09 +/- 4.35e-11 [14083 selected]
| >   graph_40    : -5.8901209655794706e-10 +/- 2.34e-10 [138632 selected]
| >   graph_41    : 1.7226383201326762e-09 +/- 2.05e-11 [7192 selected]
| >   graph_42    : 4.4409292822074415e-09 +/- 1.29e-10 [49287 selected]
| >   graph_43    : 3.0860872859660426e-09 +/- 2.75e-11 [7634 selected]
| >   graph_44    : 4.4269974577973703e-10 +/- 8.49e-12 [3176 selected]
| >   graph_45    : 2.4157615660383868e-10 +/- 1.25e-12 [1337 selected]
| >   graph_46    : -6.1266443683048055e-11 +/- 4.93e-13 [1414 selected]
| >   graph_47    : -6.4529384012870800e-09 +/- 1.33e-10 [92431 selected]
| >   graph_48    : -9.2349065048687056e-11 +/- 2.98e-12 [1352 selected]
| >   graph_49    : -3.4418772972387549e-08 +/- 8.53e-11 [34093 selected]
| >   graph_50    : 8.9839149069642844e-10 +/- 1.73e-11 [3592 selected]
| >   graph_51    : 5.7734767704021174e-09 +/- 2.01e-11 [3701 selected]
| >   graph_52    : 2.3738577354925491e-10 +/- 7.57e-12 [1446 selected]
| >   graph_53    : -8.1422905761561698e-10 +/- 1.73e-11 [6030 selected]
| >   graph_54    : -2.6839619660507000e-09 +/- 1.70e-10 [50750 selected]
| >   graph_55    : 1.1147564974812589e-09 +/- 1.46e-11 [5181 selected]
| >   graph_56    : -4.2079707876984339e-09 +/- 1.46e-11 [2632 selected]
| >   graph_57    : -1.2936578774713206e-08 +/- 6.31e-11 [22822 selected]
| >   graph_58    : 4.2312067430204628e-11 +/- 3.21e-12 [1367 selected]
| >   graph_59    : 4.0688523190168756e-11 +/- 3.14e-12 [1384 selected]
| >   graph_60    : -7.1895251879371816e-11 +/- 3.21e-12 [1322 selected]
| >   graph_61    : 1.2704070158350770e-08 +/- 8.99e-11 [39315 selected]
| >   graph_62    : -9.9256338539061014e-24 +/- 6.78e-24 [1389 selected]
| >   graph_63    : -1.1424830984754659e-09 +/- 1.14e-11 [2268 selected]
| >   graph_64    : 8.3771579036148862e-10 +/- 5.91e-12 [1452 selected]
| >   sum         : 2.9564966671244560e-08
| >   total       : 2.9564966671244579e-08
| >   difference  : -1.9852334701272664e-23
[92mINFO[0m [94msymbolica_integrator l.7237[0m [96mt=2026-09-09,12:29:45.378[0m > Symbolica integration: starting iteration [92m41/100[0m using [94m1000000[0m points ...
[92mINFO[0m [94msymbolica_integrator l.7270[0m [96mt=2026-09-09,12:37:41.415[0m > ... result after this iteration:
| > Integration result after [92m41000000[0m evaluations in [92m472406.18 CPU-s[0m [94m(11522.1 µs / eval)[0m
| > Extremal weights:
| >   with jacobian    : 6.87291e+04 at xs = [1.1523609142106825e-05 8.0408886661259560e-01 4.9838097880659193e-01 1.8957618633349213e-01 8.5347278385972214e-01 6.8193530704548311e-01] | jacobian = 1.48509e+07
| >     momentum space  : k = [[1.5365375555778040e-03, -4.3457983363555212e-03, 1.8647702504812668e+02]; [4.7634774762067813e+01, -6.2642450015685178e+01, -5.0616133684117784e+01]]
| >   without jacobian : 2.29216e+03 at xs = [2.6465773581051156e-07 3.6049628842816528e-01 4.9995464157519087e-01 2.2149523156633810e-01 6.3021386174112592e-01 4.8451896927468663e-01] | jacobian = 1.49128e+04
| >     momentum space  : k = [[-6.7733718784683002e-05, 8.1358120577888239e-05, 2.2680717696599095e+02]; [-7.7701663164253034e+01, -8.2966997489367074e+01, 5.5327572475072397e+00]]
| >   before clipping   : 3.41825e+07 at xs = [2.6465773581051156e-07 3.6049628842816528e-01 4.9995464157519087e-01 2.2149523156633810e-01 6.3021386174112592e-01 4.8451896927468663e-01]
| >     momentum space  : k = [[-6.7733718784683002e-05, 8.1358120577888239e-05, 2.2680717696599095e+02]; [-7.7701663164253034e+01, -8.2966997489367074e+01, 5.5327572475072397e+00]]
| > Stability pipeline: float pairs accepted = 56629663, HP pairs attempted/accepted = 1346987/1346987
| > Stability triggers: float mismatch = 1261166, float non-finite/error = 539
| > HP precision escalations: attempted/accepted = 1554/1554
| > Higher-precision rejections: disagreement = 0, non-finite = 0, error = 0
| > Soft-mirror stability: pairs = 18207380, large-side triggers = 84885, HP orbits attempted/salvaged/failed = 1230730/1230730/0
| > Soft-mirror extrema: raw original = -6.08343e+09, post-average = 3.41825e+07
| > Strongest soft-mirror cancellation: residual/raw = 0.00000e+00
| > Unstable rotational-check points rejected = 0
| > Rotational-check high-precision retries = 1261705
| > Rotational-check high-precision salvaged = 1261705
| > Large-weight high-precision retries = 85282
| > Large-weight high-precision salvaged = 85282
| > Large-weight high-precision rejected = 0
| > Large-weight samples zeroed = 122 (2.976e-06 of samples; removed signed/absolute sums = 4.08602e+07/8.76133e+07)
| > Non-finite final outputs zeroed = 0
| > Non-finite float rotated evaluations seen = 23
| > Example higher-precision-retried xs = [1.7265545145750016e-01 3.0987003362503329e-01 3.2061093419506459e-01 2.9773816827716681e-01 4.2264025488893087e-01 5.4552528647525544e-01] | float rel = 1.83306e+00
| >     momentum space  : k = [[-2.5923335064264300e+01, 6.5631404491694042e+01, 4.4592524277177773e+01]; [-1.4841504911254179e+02, 7.8414345192107874e+01, -2.4172211541858793e+01]]
| > Example large-weight higher-precision-retried xs = [6.2315394262952850e-03 8.7335248832704826e-02 4.3698273950411237e-01 1.7075337559625559e-01 2.3328011702598017e-02 8.1591186955703054e-01] | compiled = 1.29744e+03 | higher precision = -1.91195e+00
| >     momentum space  : k = [[2.0981863278860531e+00, 1.2827845393213939e+00, 1.6464272205621262e+02]; [4.4540392286650942e+01, 6.5756311498899862e+00, -6.8970990633645286e+01]]
| > Example NaN/non-finite rotated xs = [9.7362215618168912e-01 2.8761982718842016e-02 7.1239412401005031e-01 7.6351383122687992e-06 8.1517347970654108e-01 4.6873166947969135e-02]
| >     momentum space  : k = [[1.1408782098248355e+04, 2.0845012077396245e+03, -9.1365956262265390e+03]; [1.7841371185143296e-04, -4.1105989017338625e-04, -2.9424209241204335e+04]]
| > [92mCentral value[0m : +2.9542736264876266e-08   +/- 4.84e-10     ([91m1.638%[0m)
[92mINFO[0m [94msymbolica_integrator l.7274[0m [96mt=2026-09-09,12:37:41.416[0m > | > Graph-channel Symbolica observer estimates:
| >   graph_0     : -2.0732972461508375e-08 +/- 1.05e-10 [52798 selected]
| >   graph_1     : 3.3145410864161903e-10 +/- 8.55e-12 [1891 selected]
| >   graph_2     : -1.2809530921800437e-08 +/- 4.35e-11 [13936 selected]
| >   graph_3     : 1.0996798403932009e-10 +/- 1.66e-12 [1380 selected]
| >   graph_4     : -6.4399565037429345e-10 +/- 1.35e-11 [2603 selected]
| >   graph_5     : -3.9294817015560750e-11 +/- 1.91e-12 [1405 selected]
| >   graph_6     : -4.1300332811313705e-11 +/- 1.99e-12 [1375 selected]
| >   graph_7     : 6.3575124727509812e-11 +/- 2.81e-12 [1335 selected]
| >   graph_8     : -9.1528345356320915e-10 +/- 1.19e-11 [4177 selected]
| >   graph_9     : 1.0654767323039423e-09 +/- 1.25e-11 [4809 selected]
| >   graph_10    : -2.7260458780525720e-09 +/- 6.72e-11 [24522 selected]
| >   graph_11    : 1.9765977528516519e-27 +/- 3.11e-28 [1313 selected]
| >   graph_12    : -5.5470450930380467e-10 +/- 8.37e-12 [3129 selected]
| >   graph_13    : -1.1773750053650623e-08 +/- 1.10e-10 [50960 selected]
| >   graph_14    : 1.0983414792991052e-10 +/- 5.89e-13 [1473 selected]
| >   graph_15    : 4.6959092548169668e-25 +/- 6.15e-25 [1315 selected]
| >   graph_16    : 3.8895082798425597e-09 +/- 1.38e-11 [2442 selected]
| >   graph_17    : -3.5585174578463120e-10 +/- 1.86e-12 [1427 selected]
| >   graph_18    : 1.1850854915949940e-08 +/- 5.40e-11 [19103 selected]
| >   graph_19    : 1.0642194705733975e-09 +/- 7.09e-12 [1374 selected]
| >   graph_20    : -7.6352325038077219e-10 +/- 4.89e-12 [1384 selected]
| >   graph_21    : -8.8118853492304431e-10 +/- 1.25e-11 [4520 selected]
| >   graph_22    : -5.5571394275108113e-10 +/- 4.55e-11 [6187 selected]
| >   graph_23    : -2.9522667370357451e-10 +/- 1.82e-11 [1842 selected]
| >   graph_24    : 5.9023251575688688e-10 +/- 1.85e-11 [4306 selected]
| >   graph_25    : 4.3431833592794438e-10 +/- 1.27e-11 [2252 selected]
| >   graph_26    : -2.1259618958617892e-10 +/- 1.15e-12 [1370 selected]
| >   graph_27    : -2.7442139846762021e-11 +/- 1.42e-13 [1349 selected]
| >   graph_28    : -1.1693969656158884e-09 +/- 9.98e-12 [1836 selected]
| >   graph_29    : 6.8079681627833307e-08 +/- 1.45e-10 [66260 selected]
| >   graph_30    : -1.1186534538234465e-09 +/- 1.21e-10 [75062 selected]
| >   graph_31    : 4.0542164229447926e-11 +/- 5.69e-13 [1402 selected]
| >   graph_32    : -3.4267382824280029e-11 +/- 1.00e-11 [2009 selected]
| >   graph_33    : -1.8816205946119876e-09 +/- 2.63e-11 [9070 selected]
| >   graph_34    : 1.3251703112381688e-25 +/- 6.46e-26 [1374 selected]
| >   graph_35    : 2.5395757768147654e-08 +/- 1.38e-10 [93354 selected]
| >   graph_36    : -2.9674533873564852e-09 +/- 2.56e-11 [7213 selected]
| >   graph_37    : 1.6101837525674016e-08 +/- 6.92e-11 [29007 selected]
| >   graph_38    : 3.9362496766684397e-10 +/- 4.76e-12 [1346 selected]
| >   graph_39    : -7.5514826521030886e-09 +/- 4.29e-11 [14289 selected]
| >   graph_40    : -6.1864836330620241e-10 +/- 2.29e-10 [138348 selected]
| >   graph_41    : 1.7213699911358124e-09 +/- 2.02e-11 [7337 selected]
| >   graph_42    : 4.4376539032523297e-09 +/- 1.26e-10 [49469 selected]
| >   graph_43    : 3.0857481146973222e-09 +/- 2.71e-11 [7596 selected]
| >   graph_44    : 4.4093848892823942e-10 +/- 8.37e-12 [3089 selected]
| >   graph_45    : 2.4160260081193942e-10 +/- 1.24e-12 [1418 selected]
| >   graph_46    : -6.1244613294341681e-11 +/- 4.86e-13 [1426 selected]
| >   graph_47    : -6.4649232156531737e-09 +/- 1.30e-10 [92178 selected]
| >   graph_48    : -9.2488055649912114e-11 +/- 2.95e-12 [1386 selected]
| >   graph_49    : -3.4423560413144340e-08 +/- 8.38e-11 [34664 selected]
| >   graph_50    : 8.9780842477747791e-10 +/- 1.70e-11 [3677 selected]
| >   graph_51    : 5.7766378751829030e-09 +/- 1.98e-11 [3715 selected]
| >   graph_52    : 2.3681356996481222e-10 +/- 7.47e-12 [1322 selected]
| >   graph_53    : -8.1482337212203281e-10 +/- 1.70e-11 [5924 selected]
| >   graph_54    : -2.6800425049471408e-09 +/- 1.66e-10 [51035 selected]
| >   graph_55    : 1.1157594980478051e-09 +/- 1.44e-11 [5073 selected]
| >   graph_56    : -4.2099887766382902e-09 +/- 1.46e-11 [2646 selected]
| >   graph_57    : -1.2925699689293593e-08 +/- 6.20e-11 [22912 selected]
| >   graph_58    : 4.2933330063373632e-11 +/- 3.17e-12 [1386 selected]
| >   graph_59    : 4.1533924613868382e-11 +/- 3.11e-12 [1463 selected]
| >   graph_60    : -7.2264596514531061e-11 +/- 3.17e-12 [1486 selected]
| >   graph_61    : 1.2703668009612134e-08 +/- 8.81e-11 [39205 selected]
| >   graph_62    : -9.6871343232230491e-24 +/- 6.62e-24 [1408 selected]
| >   graph_63    : -1.1438414571280297e-09 +/- 1.13e-11 [2215 selected]
| >   graph_64    : 8.3820291362692590e-10 +/- 5.84e-12 [1423 selected]
| >   sum         : 2.9542736264876236e-08
| >   total       : 2.9542736264876266e-08
| >   difference  : -2.9778502051908996e-23
[92mINFO[0m [94msymbolica_integrator l.7237[0m [96mt=2026-09-09,12:37:41.416[0m > Symbolica integration: starting iteration [92m42/100[0m using [94m1000000[0m points ...
[92mINFO[0m [94msymbolica_integrator l.7270[0m [96mt=2026-09-09,12:44:16.600[0m > ... result after this iteration:
| > Integration result after [92m42000000[0m evaluations in [92m489103.85 CPU-s[0m [94m(11645.3 µs / eval)[0m
| > Extremal weights:
| >   with jacobian    : 6.87291e+04 at xs = [1.1523609142106825e-05 8.0408886661259560e-01 4.9838097880659193e-01 1.8957618633349213e-01 8.5347278385972214e-01 6.8193530704548311e-01] | jacobian = 1.48509e+07
| >     momentum space  : k = [[1.5365375555778040e-03, -4.3457983363555212e-03, 1.8647702504812668e+02]; [4.7634774762067813e+01, -6.2642450015685178e+01, -5.0616133684117784e+01]]
| >   without jacobian : 6.12431e+04 at xs = [1.9893180760387205e-01 9.4960077021338030e-01 3.8092870816224239e-01 1.2514712715410771e-08 8.7933684086808808e-02 5.0016081222090403e-01] | jacobian = 2.23599e+01
| >     momentum space  : k = [[8.7866572274323872e+01, -2.8793455859316030e+01, 3.6297395289454343e+01]; [4.2610751484905640e-06, 2.6271882890532849e-06, -2.5290055668014643e-09]]
| >   before clipping   : 3.41825e+07 at xs = [2.6465773581051156e-07 3.6049628842816528e-01 4.9995464157519087e-01 2.2149523156633810e-01 6.3021386174112592e-01 4.8451896927468663e-01]
| >     momentum space  : k = [[-6.7733718784683002e-05, 8.1358120577888239e-05, 2.2680717696599095e+02]; [-7.7701663164253034e+01, -8.2966997489367074e+01, 5.5327572475072397e+00]]
| > Stability pipeline: float pairs accepted = 58004939, HP pairs attempted/accepted = 1383713/1383713
| > Stability triggers: float mismatch = 1295589, float non-finite/error = 544
| > HP precision escalations: attempted/accepted = 1597/1597
| > Higher-precision rejections: disagreement = 0, non-finite = 0, error = 0
| > Soft-mirror stability: pairs = 18653715, large-side triggers = 87172, HP orbits attempted/salvaged/failed = 1265063/1265063/0
| > Soft-mirror extrema: raw original = -6.08343e+09, post-average = 3.41825e+07
| > Strongest soft-mirror cancellation: residual/raw = 0.00000e+00
| > Unstable rotational-check points rejected = 0
| > Rotational-check high-precision retries = 1296133
| > Rotational-check high-precision salvaged = 1296133
| > Large-weight high-precision retries = 87580
| > Large-weight high-precision salvaged = 87580
| > Large-weight high-precision rejected = 0
| > Large-weight samples zeroed = 127 (3.024e-06 of samples; removed signed/absolute sums = 4.24861e+07/8.93803e+07)
| > Non-finite final outputs zeroed = 0
| > Non-finite float rotated evaluations seen = 26
| > Example higher-precision-retried xs = [1.7265545145750016e-01 3.0987003362503329e-01 3.2061093419506459e-01 2.9773816827716681e-01 4.2264025488893087e-01 5.4552528647525544e-01] | float rel = 1.83306e+00
| >     momentum space  : k = [[-2.5923335064264300e+01, 6.5631404491694042e+01, 4.4592524277177773e+01]; [-1.4841504911254179e+02, 7.8414345192107874e+01, -2.4172211541858793e+01]]
| > Example large-weight higher-precision-retried xs = [6.2315394262952850e-03 8.7335248832704826e-02 4.3698273950411237e-01 1.7075337559625559e-01 2.3328011702598017e-02 8.1591186955703054e-01] | compiled = 1.29744e+03 | higher precision = -1.91195e+00
| >     momentum space  : k = [[2.0981863278860531e+00, 1.2827845393213939e+00, 1.6464272205621262e+02]; [4.4540392286650942e+01, 6.5756311498899862e+00, -6.8970990633645286e+01]]
| > Example NaN/non-finite rotated xs = [9.7362215618168912e-01 2.8761982718842016e-02 7.1239412401005031e-01 7.6351383122687992e-06 8.1517347970654108e-01 4.6873166947969135e-02]
| >     momentum space  : k = [[1.1408782098248355e+04, 2.0845012077396245e+03, -9.1365956262265390e+03]; [1.7841371185143296e-04, -4.1105989017338625e-04, -2.9424209241204335e+04]]
| > [92mCentral value[0m : +2.9595052219512917e-08   +/- 4.74e-10     ([91m1.602%[0m)
[92mINFO[0m [94msymbolica_integrator l.7274[0m [96mt=2026-09-09,12:44:16.600[0m > | > Graph-channel Symbolica observer estimates:
| >   graph_0     : -2.0721985678387163e-08 +/- 1.03e-10 [52438 selected]
| >   graph_1     : 3.3123617967440763e-10 +/- 8.41e-12 [1867 selected]
| >   graph_2     : -1.2803721257904270e-08 +/- 4.29e-11 [13714 selected]
| >   graph_3     : 1.0995236141849039e-10 +/- 1.64e-12 [1354 selected]
| >   graph_4     : -6.4551034311595033e-10 +/- 1.34e-11 [2577 selected]
| >   graph_5     : -3.9394446901809113e-11 +/- 1.88e-12 [1430 selected]
| >   graph_6     : -4.1166161070197557e-11 +/- 1.96e-12 [1401 selected]
| >   graph_7     : 6.2866493652396105e-11 +/- 2.78e-12 [1408 selected]
| >   graph_8     : -9.1743942343494617e-10 +/- 1.17e-11 [4388 selected]
| >   graph_9     : 1.0633178138476697e-09 +/- 1.23e-11 [4772 selected]
| >   graph_10    : -2.7233894141379248e-09 +/- 6.59e-11 [24545 selected]
| >   graph_11    : 1.9529840872411940e-27 +/- 3.07e-28 [1412 selected]
| >   graph_12    : -5.5293249649844908e-10 +/- 8.27e-12 [3035 selected]
| >   graph_13    : -1.1770801169555397e-08 +/- 1.08e-10 [50338 selected]
| >   graph_14    : 1.0990315650985653e-10 +/- 5.81e-13 [1438 selected]
| >   graph_15    : -6.1538317146756780e-26 +/- 7.76e-25 [1414 selected]
| >   graph_16    : 3.8885090118955106e-09 +/- 1.36e-11 [2368 selected]
| >   graph_17    : -3.5589895000902899e-10 +/- 1.84e-12 [1376 selected]
| >   graph_18    : 1.1853976376855487e-08 +/- 5.30e-11 [19296 selected]
| >   graph_19    : 1.0636026753819886e-09 +/- 7.00e-12 [1384 selected]
| >   graph_20    : -7.6411745118533509e-10 +/- 4.84e-12 [1444 selected]
| >   graph_21    : -8.7768335318479192e-10 +/- 1.23e-11 [4639 selected]
| >   graph_22    : -5.5250410512114700e-10 +/- 4.45e-11 [6086 selected]
| >   graph_23    : -2.9556177703350945e-10 +/- 1.78e-11 [1772 selected]
| >   graph_24    : 5.9084323761854067e-10 +/- 1.83e-11 [4234 selected]
| >   graph_25    : 4.3661239112493922e-10 +/- 1.26e-11 [2220 selected]
| >   graph_26    : -2.1266818087815666e-10 +/- 1.13e-12 [1417 selected]
| >   graph_27    : -2.7440459335475270e-11 +/- 1.41e-13 [1384 selected]
| >   graph_28    : -1.1653756688502203e-09 +/- 9.87e-12 [1769 selected]
| >   graph_29    : 6.8101239739736692e-08 +/- 1.42e-10 [67222 selected]
| >   graph_30    : -1.1242968925400276e-09 +/- 1.19e-10 [75115 selected]
| >   graph_31    : 4.0500369148588252e-11 +/- 5.62e-13 [1366 selected]
| >   graph_32    : -3.5409197003322260e-11 +/- 9.89e-12 [2071 selected]
| >   graph_33    : -1.8868760232343590e-09 +/- 2.59e-11 [8930 selected]
| >   graph_34    : 1.1883581540876302e-25 +/- 6.33e-26 [1325 selected]
| >   graph_35    : 2.5400473343631881e-08 +/- 1.35e-10 [93158 selected]
| >   graph_36    : -2.9616672976383689e-09 +/- 2.52e-11 [7136 selected]
| >   graph_37    : 1.6094566509875281e-08 +/- 6.81e-11 [28987 selected]
| >   graph_38    : 3.9343921234471803e-10 +/- 4.70e-12 [1411 selected]
| >   graph_39    : -7.5606047408857017e-09 +/- 4.23e-11 [14341 selected]
| >   graph_40    : -6.1652965957663415e-10 +/- 2.24e-10 [138232 selected]
| >   graph_41    : 1.7200508180090881e-09 +/- 1.98e-11 [7384 selected]
| >   graph_42    : 4.4474221806902824e-09 +/- 1.24e-10 [49351 selected]
| >   graph_43    : 3.0878149629053893e-09 +/- 2.68e-11 [7878 selected]
| >   graph_44    : 4.4005631391177458e-10 +/- 8.26e-12 [2986 selected]
| >   graph_45    : 2.4172650504161866e-10 +/- 1.22e-12 [1402 selected]
| >   graph_46    : -6.1286946700645215e-11 +/- 4.80e-13 [1429 selected]
| >   graph_47    : -6.4688584905294837e-09 +/- 1.28e-10 [92020 selected]
| >   graph_48    : -9.1977597503323135e-11 +/- 2.91e-12 [1341 selected]
| >   graph_49    : -3.4400529078097129e-08 +/- 8.23e-11 [34658 selected]
| >   graph_50    : 8.9682273077376736e-10 +/- 1.68e-11 [3616 selected]
| >   graph_51    : 5.7763409848011132e-09 +/- 1.96e-11 [3646 selected]
| >   graph_52    : 2.3530349486003195e-10 +/- 7.39e-12 [1397 selected]
| >   graph_53    : -8.1166498341857009e-10 +/- 1.67e-11 [5834 selected]
| >   graph_54    : -2.6750584614499031e-09 +/- 1.63e-10 [50992 selected]
| >   graph_55    : 1.1175605786474626e-09 +/- 1.41e-11 [4996 selected]
| >   graph_56    : -4.2078540233353500e-09 +/- 1.45e-11 [2629 selected]
| >   graph_57    : -1.2937039403607735e-08 +/- 6.09e-11 [23090 selected]
| >   graph_58    : 4.3531260897296895e-11 +/- 3.14e-12 [1407 selected]
| >   graph_59    : 4.0508348588480910e-11 +/- 3.08e-12 [1442 selected]
| >   graph_60    : -7.1448200514882286e-11 +/- 3.14e-12 [1403 selected]
| >   graph_61    : 1.2692822891135161e-08 +/- 8.64e-11 [39719 selected]
| >   graph_62    : -9.4568594257992814e-24 +/- 6.46e-24 [1429 selected]
| >   graph_63    : -1.1446590538002569e-09 +/- 1.11e-11 [2348 selected]
| >   graph_64    : 8.3740266297447229e-10 +/- 5.76e-12 [1389 selected]
| >   sum         : 2.9595052219512914e-08
| >   total       : 2.9595052219512917e-08
| >   difference  : -3.3087224502121107e-24
[92mINFO[0m [94msymbolica_integrator l.7237[0m [96mt=2026-09-09,12:44:16.600[0m > Symbolica integration: starting iteration [92m43/100[0m using [94m1000000[0m points ...
[92mINFO[0m [94msymbolica_integrator l.7270[0m [96mt=2026-09-09,12:52:15.123[0m > ... result after this iteration:
| > Integration result after [92m43000000[0m evaluations in [92m510955.64 CPU-s[0m [94m(11882.7 µs / eval)[0m
| > Extremal weights:
| >   with jacobian    : 6.87291e+04 at xs = [1.1523609142106825e-05 8.0408886661259560e-01 4.9838097880659193e-01 1.8957618633349213e-01 8.5347278385972214e-01 6.8193530704548311e-01] | jacobian = 1.48509e+07
| >     momentum space  : k = [[1.5365375555778040e-03, -4.3457983363555212e-03, 1.8647702504812668e+02]; [4.7634774762067813e+01, -6.2642450015685178e+01, -5.0616133684117784e+01]]
| >   without jacobian : 6.12431e+04 at xs = [1.9893180760387205e-01 9.4960077021338030e-01 3.8092870816224239e-01 1.2514712715410771e-08 8.7933684086808808e-02 5.0016081222090403e-01] | jacobian = 2.23599e+01
| >     momentum space  : k = [[8.7866572274323872e+01, -2.8793455859316030e+01, 3.6297395289454343e+01]; [4.2610751484905640e-06, 2.6271882890532849e-06, -2.5290055668014643e-09]]
| >   before clipping   : 3.41825e+07 at xs = [2.6465773581051156e-07 3.6049628842816528e-01 4.9995464157519087e-01 2.2149523156633810e-01 6.3021386174112592e-01 4.8451896927468663e-01]
| >     momentum space  : k = [[-6.7733718784683002e-05, 8.1358120577888239e-05, 2.2680717696599095e+02]; [-7.7701663164253034e+01, -8.2966997489367074e+01, 5.5327572475072397e+00]]
| > Stability pipeline: float pairs accepted = 59380267, HP pairs attempted/accepted = 1420489/1420489
| > Stability triggers: float mismatch = 1330203, float non-finite/error = 566
| > HP precision escalations: attempted/accepted = 1663/1663
| > Higher-precision rejections: disagreement = 0, non-finite = 0, error = 0
| > Soft-mirror stability: pairs = 19100141, large-side triggers = 89304, HP orbits attempted/salvaged/failed = 1299385/1299385/0
| > Soft-mirror extrema: raw original = -6.08343e+09, post-average = 3.41825e+07
| > Strongest soft-mirror cancellation: residual/raw = 0.00000e+00
| > Unstable rotational-check points rejected = 0
| > Rotational-check high-precision retries = 1330769
| > Rotational-check high-precision salvaged = 1330769
| > Large-weight high-precision retries = 89720
| > Large-weight high-precision salvaged = 89720
| > Large-weight high-precision rejected = 0
| > Large-weight samples zeroed = 131 (3.047e-06 of samples; removed signed/absolute sums = 4.34876e+07/9.03818e+07)
| > Non-finite final outputs zeroed = 0
| > Non-finite float rotated evaluations seen = 26
| > Example higher-precision-retried xs = [1.7265545145750016e-01 3.0987003362503329e-01 3.2061093419506459e-01 2.9773816827716681e-01 4.2264025488893087e-01 5.4552528647525544e-01] | float rel = 1.83306e+00
| >     momentum space  : k = [[-2.5923335064264300e+01, 6.5631404491694042e+01, 4.4592524277177773e+01]; [-1.4841504911254179e+02, 7.8414345192107874e+01, -2.4172211541858793e+01]]
| > Example large-weight higher-precision-retried xs = [6.2315394262952850e-03 8.7335248832704826e-02 4.3698273950411237e-01 1.7075337559625559e-01 2.3328011702598017e-02 8.1591186955703054e-01] | compiled = 1.29744e+03 | higher precision = -1.91195e+00
| >     momentum space  : k = [[2.0981863278860531e+00, 1.2827845393213939e+00, 1.6464272205621262e+02]; [4.4540392286650942e+01, 6.5756311498899862e+00, -6.8970990633645286e+01]]
| > Example NaN/non-finite rotated xs = [9.7362215618168912e-01 2.8761982718842016e-02 7.1239412401005031e-01 7.6351383122687992e-06 8.1517347970654108e-01 4.6873166947969135e-02]
| >     momentum space  : k = [[1.1408782098248355e+04, 2.0845012077396245e+03, -9.1365956262265390e+03]; [1.7841371185143296e-04, -4.1105989017338625e-04, -2.9424209241204335e+04]]
| > [92mCentral value[0m : +2.9581575286611289e-08   +/- 4.65e-10     ([91m1.571%[0m)
[92mINFO[0m [94msymbolica_integrator l.7274[0m [96mt=2026-09-09,12:52:15.124[0m > | > Graph-channel Symbolica observer estimates:
| >   graph_0     : -2.0715548170974123e-08 +/- 1.02e-10 [52993 selected]
| >   graph_1     : 3.3168101629112245e-10 +/- 8.30e-12 [1809 selected]
| >   graph_2     : -1.2811716349222447e-08 +/- 4.23e-11 [13896 selected]
| >   graph_3     : 1.1015133373908856e-10 +/- 1.62e-12 [1411 selected]
| >   graph_4     : -6.4743154855441604e-10 +/- 1.32e-11 [2592 selected]
| >   graph_5     : -3.9369983094341104e-11 +/- 1.86e-12 [1364 selected]
| >   graph_6     : -4.1313488928235149e-11 +/- 1.95e-12 [1473 selected]
| >   graph_7     : 6.3542884146143251e-11 +/- 2.75e-12 [1410 selected]
| >   graph_8     : -9.1711968061016994e-10 +/- 1.16e-11 [4305 selected]
| >   graph_9     : 1.0625559515630145e-09 +/- 1.21e-11 [4814 selected]
| >   graph_10    : -2.7356463053675864e-09 +/- 6.47e-11 [24533 selected]
| >   graph_11    : 1.9334466234315898e-27 +/- 3.06e-28 [1349 selected]
| >   graph_12    : -5.5397060759176377e-10 +/- 8.16e-12 [3061 selected]
| >   graph_13    : -1.1766059694798583e-08 +/- 1.05e-10 [50130 selected]
| >   graph_14    : 1.0987417423147675e-10 +/- 5.73e-13 [1415 selected]
| >   graph_15    : -9.0685039372798054e-26 +/- 7.59e-25 [1382 selected]
| >   graph_16    : 3.8878891145160776e-09 +/- 1.35e-11 [2383 selected]
| >   graph_17    : -3.5617538636476128e-10 +/- 1.81e-12 [1441 selected]
| >   graph_18    : 1.1843781368067218e-08 +/- 5.21e-11 [19166 selected]
| >   graph_19    : 1.0632280500712691e-09 +/- 6.92e-12 [1397 selected]
| >   graph_20    : -7.6448400425172155e-10 +/- 4.78e-12 [1398 selected]
| >   graph_21    : -8.7902615762228408e-10 +/- 1.21e-11 [4685 selected]
| >   graph_22    : -5.5142252616538966e-10 +/- 4.34e-11 [6129 selected]
| >   graph_23    : -2.9520685696014245e-10 +/- 1.74e-11 [1889 selected]
| >   graph_24    : 5.8829839860756110e-10 +/- 1.80e-11 [4242 selected]
| >   graph_25    : 4.3369579638587747e-10 +/- 1.24e-11 [2306 selected]
| >   graph_26    : -2.1245719244734953e-10 +/- 1.12e-12 [1324 selected]
| >   graph_27    : -2.7471934920100400e-11 +/- 1.39e-13 [1439 selected]
| >   graph_28    : -1.1672511739005062e-09 +/- 9.76e-12 [1847 selected]
| >   graph_29    : 6.8091681877374004e-08 +/- 1.39e-10 [66686 selected]
| >   graph_30    : -1.1318646819690782e-09 +/- 1.16e-10 [75037 selected]
| >   graph_31    : 4.0482746266610691e-11 +/- 5.56e-13 [1469 selected]
| >   graph_32    : -3.7090430377852066e-11 +/- 9.77e-12 [2013 selected]
| >   graph_33    : -1.8849603977411097e-09 +/- 2.55e-11 [8945 selected]
| >   graph_34    : 1.1580255094890573e-25 +/- 6.21e-26 [1380 selected]
| >   graph_35    : 2.5393291799933615e-08 +/- 1.32e-10 [92983 selected]
| >   graph_36    : -2.9578309500372721e-09 +/- 2.49e-11 [7172 selected]
| >   graph_37    : 1.6098365327863551e-08 +/- 6.71e-11 [29723 selected]
| >   graph_38    : 3.9439117798520305e-10 +/- 4.65e-12 [1344 selected]
| >   graph_39    : -7.5547327140022914e-09 +/- 4.18e-11 [14375 selected]
| >   graph_40    : -6.1762942317196754e-10 +/- 2.20e-10 [139094 selected]
| >   graph_41    : 1.7195189500195355e-09 +/- 1.96e-11 [7277 selected]
| >   graph_42    : 4.4606382781149681e-09 +/- 1.21e-10 [49815 selected]
| >   graph_43    : 3.0928715669226636e-09 +/- 2.64e-11 [7505 selected]
| >   graph_44    : 4.4024203735753665e-10 +/- 8.15e-12 [3069 selected]
| >   graph_45    : 2.4172649684438715e-10 +/- 1.21e-12 [1392 selected]
| >   graph_46    : -6.1296579072640940e-11 +/- 4.74e-13 [1390 selected]
| >   graph_47    : -6.4711498024724324e-09 +/- 1.25e-10 [91511 selected]
| >   graph_48    : -9.2366136371407164e-11 +/- 2.87e-12 [1394 selected]
| >   graph_49    : -3.4393878214883985e-08 +/- 8.09e-11 [34453 selected]
| >   graph_50    : 8.9830940717657979e-10 +/- 1.65e-11 [3575 selected]
| >   graph_51    : 5.7694708018142972e-09 +/- 1.94e-11 [3631 selected]
| >   graph_52    : 2.3497441553723565e-10 +/- 7.31e-12 [1442 selected]
| >   graph_53    : -8.1063402926987289e-10 +/- 1.65e-11 [6017 selected]
| >   graph_54    : -2.6742864576773110e-09 +/- 1.59e-10 [50498 selected]
| >   graph_55    : 1.1171807342137536e-09 +/- 1.39e-11 [4956 selected]
| >   graph_56    : -4.2072321748446754e-09 +/- 1.43e-11 [2660 selected]
| >   graph_57    : -1.2935320896639701e-08 +/- 5.98e-11 [23088 selected]
| >   graph_58    : 4.3289776321458445e-11 +/- 3.10e-12 [1397 selected]
| >   graph_59    : 4.0580709706703074e-11 +/- 3.04e-12 [1383 selected]
| >   graph_60    : -7.0748202973460095e-11 +/- 3.10e-12 [1355 selected]
| >   graph_61    : 1.2699840918430972e-08 +/- 8.47e-11 [39373 selected]
| >   graph_62    : -9.2139658261427775e-24 +/- 6.31e-24 [1346 selected]
| >   graph_63    : -1.1449362137459373e-09 +/- 1.10e-11 [2246 selected]
| >   graph_64    : 8.3764854413427135e-10 +/- 5.69e-12 [1423 selected]
| >   sum         : 2.9581575286611273e-08
| >   total       : 2.9581575286611289e-08
| >   difference  : -1.6543612251060553e-23
[92mINFO[0m [94msymbolica_integrator l.7237[0m [96mt=2026-09-09,12:52:15.124[0m > Symbolica integration: starting iteration [92m44/100[0m using [94m1000000[0m points ...
[92mINFO[0m [94msymbolica_integrator l.7270[0m [96mt=2026-09-09,13:00:33.762[0m > ... result after this iteration:
| > Integration result after [92m44000000[0m evaluations in [92m531266.53 CPU-s[0m [94m(12074.2 µs / eval)[0m
| > Extremal weights:
| >   with jacobian    : 6.87291e+04 at xs = [1.1523609142106825e-05 8.0408886661259560e-01 4.9838097880659193e-01 1.8957618633349213e-01 8.5347278385972214e-01 6.8193530704548311e-01] | jacobian = 1.48509e+07
| >     momentum space  : k = [[1.5365375555778040e-03, -4.3457983363555212e-03, 1.8647702504812668e+02]; [4.7634774762067813e+01, -6.2642450015685178e+01, -5.0616133684117784e+01]]
| >   without jacobian : 6.12431e+04 at xs = [1.9893180760387205e-01 9.4960077021338030e-01 3.8092870816224239e-01 1.2514712715410771e-08 8.7933684086808808e-02 5.0016081222090403e-01] | jacobian = 2.23599e+01
| >     momentum space  : k = [[8.7866572274323872e+01, -2.8793455859316030e+01, 3.6297395289454343e+01]; [4.2610751484905640e-06, 2.6271882890532849e-06, -2.5290055668014643e-09]]
| >   before clipping   : 3.41825e+07 at xs = [2.6465773581051156e-07 3.6049628842816528e-01 4.9995464157519087e-01 2.2149523156633810e-01 6.3021386174112592e-01 4.8451896927468663e-01]
| >     momentum space  : k = [[-6.7733718784683002e-05, 8.1358120577888239e-05, 2.2680717696599095e+02]; [-7.7701663164253034e+01, -8.2966997489367074e+01, 5.5327572475072397e+00]]
| > Stability pipeline: float pairs accepted = 60761641, HP pairs attempted/accepted = 1454632/1454632
| > Stability triggers: float mismatch = 1362548, float non-finite/error = 586
| > HP precision escalations: attempted/accepted = 1722/1722
| > Higher-precision rejections: disagreement = 0, non-finite = 0, error = 0
| > Soft-mirror stability: pairs = 19547201, large-side triggers = 91078, HP orbits attempted/salvaged/failed = 1330928/1330928/0
| > Soft-mirror extrema: raw original = -6.08343e+09, post-average = 3.41825e+07
| > Strongest soft-mirror cancellation: residual/raw = 0.00000e+00
| > Unstable rotational-check points rejected = 0
| > Rotational-check high-precision retries = 1363134
| > Rotational-check high-precision salvaged = 1363134
| > Large-weight high-precision retries = 91498
| > Large-weight high-precision salvaged = 91498
| > Large-weight high-precision rejected = 0
| > Large-weight samples zeroed = 132 (3.000e-06 of samples; removed signed/absolute sums = 4.33944e+07/9.04750e+07)
| > Non-finite final outputs zeroed = 0
| > Non-finite float rotated evaluations seen = 26
| > Example higher-precision-retried xs = [1.7265545145750016e-01 3.0987003362503329e-01 3.2061093419506459e-01 2.9773816827716681e-01 4.2264025488893087e-01 5.4552528647525544e-01] | float rel = 1.83306e+00
| >     momentum space  : k = [[-2.5923335064264300e+01, 6.5631404491694042e+01, 4.4592524277177773e+01]; [-1.4841504911254179e+02, 7.8414345192107874e+01, -2.4172211541858793e+01]]
| > Example large-weight higher-precision-retried xs = [6.2315394262952850e-03 8.7335248832704826e-02 4.3698273950411237e-01 1.7075337559625559e-01 2.3328011702598017e-02 8.1591186955703054e-01] | compiled = 1.29744e+03 | higher precision = -1.91195e+00
| >     momentum space  : k = [[2.0981863278860531e+00, 1.2827845393213939e+00, 1.6464272205621262e+02]; [4.4540392286650942e+01, 6.5756311498899862e+00, -6.8970990633645286e+01]]
| > Example NaN/non-finite rotated xs = [9.7362215618168912e-01 2.8761982718842016e-02 7.1239412401005031e-01 7.6351383122687992e-06 8.1517347970654108e-01 4.6873166947969135e-02]
| >     momentum space  : k = [[1.1408782098248355e+04, 2.0845012077396245e+03, -9.1365956262265390e+03]; [1.7841371185143296e-04, -4.1105989017338625e-04, -2.9424209241204335e+04]]
| > [92mCentral value[0m : +2.9607281289498324e-08   +/- 4.56e-10     ([91m1.541%[0m)
[92mINFO[0m [94msymbolica_integrator l.7274[0m [96mt=2026-09-09,13:00:33.763[0m > | > Graph-channel Symbolica observer estimates:
| >   graph_0     : -2.0708416284985889e-08 +/- 9.99e-11 [52844 selected]
| >   graph_1     : 3.3153857578205040e-10 +/- 8.16e-12 [1763 selected]
| >   graph_2     : -1.2813493165769336e-08 +/- 4.17e-11 [13921 selected]
| >   graph_3     : 1.1006466596914709e-10 +/- 1.60e-12 [1447 selected]
| >   graph_4     : -6.4799431577223663e-10 +/- 1.31e-11 [2548 selected]
| >   graph_5     : -3.9178523841859308e-11 +/- 1.84e-12 [1359 selected]
| >   graph_6     : -4.1251242388709663e-11 +/- 1.93e-12 [1444 selected]
| >   graph_7     : 6.3693220085300519e-11 +/- 2.72e-12 [1406 selected]
| >   graph_8     : -9.1381557756716701e-10 +/- 1.14e-11 [4194 selected]
| >   graph_9     : 1.0628250188676140e-09 +/- 1.19e-11 [4794 selected]
| >   graph_10    : -2.7321458130832517e-09 +/- 6.36e-11 [24597 selected]
| >   graph_11    : 1.8865928673765630e-27 +/- 3.03e-28 [1387 selected]
| >   graph_12    : -5.5234531376598216e-10 +/- 8.05e-12 [3047 selected]
| >   graph_13    : -1.1766709135205378e-08 +/- 1.03e-10 [49749 selected]
| >   graph_14    : 1.0972217747720884e-10 +/- 5.64e-13 [1335 selected]
| >   graph_15    : -1.1449399728903944e-25 +/- 7.42e-25 [1341 selected]
| >   graph_16    : 3.8850449967269017e-09 +/- 1.33e-11 [2330 selected]
| >   graph_17    : -3.5607405197458935e-10 +/- 1.79e-12 [1347 selected]
| >   graph_18    : 1.1848896085211886e-08 +/- 5.12e-11 [19363 selected]
| >   graph_19    : 1.0639715754144186e-09 +/- 6.84e-12 [1369 selected]
| >   graph_20    : -7.6654314934422392e-10 +/- 4.73e-12 [1448 selected]
| >   graph_21    : -8.7873081990516783e-10 +/- 1.19e-11 [4701 selected]
| >   graph_22    : -5.4865058992426190e-10 +/- 4.25e-11 [5808 selected]
| >   graph_23    : -2.9400714888349722e-10 +/- 1.70e-11 [1759 selected]
| >   graph_24    : 5.8668985212439484e-10 +/- 1.78e-11 [4283 selected]
| >   graph_25    : 4.3441461720861880e-10 +/- 1.23e-11 [2265 selected]
| >   graph_26    : -2.1251309021707275e-10 +/- 1.10e-12 [1403 selected]
| >   graph_27    : -2.7445984700970591e-11 +/- 1.37e-13 [1339 selected]
| >   graph_28    : -1.1674515271739132e-09 +/- 9.65e-12 [1876 selected]
| >   graph_29    : 6.8088510498377965e-08 +/- 1.37e-10 [67096 selected]
| >   graph_30    : -1.1401874085792631e-09 +/- 1.14e-10 [74812 selected]
| >   graph_31    : 4.0505734409350751e-11 +/- 5.49e-13 [1420 selected]
| >   graph_32    : -3.7518797652321675e-11 +/- 9.64e-12 [2079 selected]
| >   graph_33    : -1.8804941909062924e-09 +/- 2.50e-11 [8864 selected]
| >   graph_34    : 1.1176033031428896e-25 +/- 6.09e-26 [1338 selected]
| >   graph_35    : 2.5397479473781930e-08 +/- 1.30e-10 [93767 selected]
| >   graph_36    : -2.9635341133012781e-09 +/- 2.46e-11 [7290 selected]
| >   graph_37    : 1.6101004177733397e-08 +/- 6.62e-11 [29163 selected]
| >   graph_38    : 3.9476321995298576e-10 +/- 4.60e-12 [1324 selected]
| >   graph_39    : -7.5618777104387638e-09 +/- 4.12e-11 [14306 selected]
| >   graph_40    : -6.2573794844792175e-10 +/- 2.16e-10 [139300 selected]
| >   graph_41    : 1.7197503375669103e-09 +/- 1.93e-11 [7218 selected]
| >   graph_42    : 4.4615495778528380e-09 +/- 1.19e-10 [49757 selected]
| >   graph_43    : 3.0926329292905710e-09 +/- 2.61e-11 [7724 selected]
| >   graph_44    : 4.4012986829270335e-10 +/- 8.04e-12 [2935 selected]
| >   graph_45    : 2.4191679937509559e-10 +/- 1.19e-12 [1397 selected]
| >   graph_46    : -6.1317867383117675e-11 +/- 4.68e-13 [1391 selected]
| >   graph_47    : -6.4691788689513876e-09 +/- 1.23e-10 [91679 selected]
| >   graph_48    : -9.2554381585574179e-11 +/- 2.83e-12 [1367 selected]
| >   graph_49    : -3.4388461408608986e-08 +/- 7.96e-11 [34902 selected]
| >   graph_50    : 8.9774243937065727e-10 +/- 1.63e-11 [3656 selected]
| >   graph_51    : 5.7711669098929721e-09 +/- 1.92e-11 [3769 selected]
| >   graph_52    : 2.3504607621265931e-10 +/- 7.22e-12 [1393 selected]
| >   graph_53    : -8.0995657262772563e-10 +/- 1.62e-11 [5913 selected]
| >   graph_54    : -2.6663290182466873e-09 +/- 1.56e-10 [50655 selected]
| >   graph_55    : 1.1162258631722920e-09 +/- 1.38e-11 [5088 selected]
| >   graph_56    : -4.2087224444620521e-09 +/- 1.41e-11 [2668 selected]
| >   graph_57    : -1.2925711883628992e-08 +/- 5.88e-11 [22791 selected]
| >   graph_58    : 4.3872907341035455e-11 +/- 3.07e-12 [1392 selected]
| >   graph_59    : 3.9848777488118015e-11 +/- 3.01e-12 [1395 selected]
| >   graph_60    : -7.0476490704780502e-11 +/- 3.07e-12 [1395 selected]
| >   graph_61    : 1.2706755202547599e-08 +/- 8.31e-11 [39235 selected]
| >   graph_62    : -9.0105606742429759e-24 +/- 6.17e-24 [1400 selected]
| >   graph_63    : -1.1469265884000112e-09 +/- 1.09e-11 [2313 selected]
| >   graph_64    : 8.3727114040037926e-10 +/- 5.62e-12 [1341 selected]
| >   sum         : 2.9607281289498330e-08
| >   total       : 2.9607281289498324e-08
| >   difference  : 6.6174449004242214e-24
[92mINFO[0m [94msymbolica_integrator l.7237[0m [96mt=2026-09-09,13:00:33.763[0m > Symbolica integration: starting iteration [92m45/100[0m using [94m1000000[0m points ...
[92mINFO[0m [94msymbolica_integrator l.7270[0m [96mt=2026-09-09,13:05:11.846[0m > ... result after this iteration:
| > Integration result after [92m45000000[0m evaluations in [92m541448.47 CPU-s[0m [94m(12032.2 µs / eval)[0m
| > Extremal weights:
| >   with jacobian    : 6.87291e+04 at xs = [1.1523609142106825e-05 8.0408886661259560e-01 4.9838097880659193e-01 1.8957618633349213e-01 8.5347278385972214e-01 6.8193530704548311e-01] | jacobian = 1.48509e+07
| >     momentum space  : k = [[1.5365375555778040e-03, -4.3457983363555212e-03, 1.8647702504812668e+02]; [4.7634774762067813e+01, -6.2642450015685178e+01, -5.0616133684117784e+01]]
| >   without jacobian : 6.12431e+04 at xs = [1.9893180760387205e-01 9.4960077021338030e-01 3.8092870816224239e-01 1.2514712715410771e-08 8.7933684086808808e-02 5.0016081222090403e-01] | jacobian = 2.23599e+01
| >     momentum space  : k = [[8.7866572274323872e+01, -2.8793455859316030e+01, 3.6297395289454343e+01]; [4.2610751484905640e-06, 2.6271882890532849e-06, -2.5290055668014643e-09]]
| >   before clipping   : 3.41825e+07 at xs = [2.6465773581051156e-07 3.6049628842816528e-01 4.9995464157519087e-01 2.2149523156633810e-01 6.3021386174112592e-01 4.8451896927468663e-01]
| >     momentum space  : k = [[-6.7733718784683002e-05, 8.1358120577888239e-05, 2.2680717696599095e+02]; [-7.7701663164253034e+01, -8.2966997489367074e+01, 5.5327572475072397e+00]]
| > Stability pipeline: float pairs accepted = 62145855, HP pairs attempted/accepted = 1487586/1487586
| > Stability triggers: float mismatch = 1393759, float non-finite/error = 602
| > HP precision escalations: attempted/accepted = 1770/1770
| > Higher-precision rejections: disagreement = 0, non-finite = 0, error = 0
| > Soft-mirror stability: pairs = 19994745, large-side triggers = 92797, HP orbits attempted/salvaged/failed = 1361304/1361304/0
| > Soft-mirror extrema: raw original = -6.08343e+09, post-average = 3.41825e+07
| > Strongest soft-mirror cancellation: residual/raw = 0.00000e+00
| > Unstable rotational-check points rejected = 0
| > Rotational-check high-precision retries = 1394361
| > Rotational-check high-precision salvaged = 1394361
| > Large-weight high-precision retries = 93225
| > Large-weight high-precision salvaged = 93225
| > Large-weight high-precision rejected = 0
| > Large-weight samples zeroed = 137 (3.044e-06 of samples; removed signed/absolute sums = 4.34144e+07/9.21158e+07)
| > Non-finite final outputs zeroed = 0
| > Non-finite float rotated evaluations seen = 26
| > Example higher-precision-retried xs = [1.7265545145750016e-01 3.0987003362503329e-01 3.2061093419506459e-01 2.9773816827716681e-01 4.2264025488893087e-01 5.4552528647525544e-01] | float rel = 1.83306e+00
| >     momentum space  : k = [[-2.5923335064264300e+01, 6.5631404491694042e+01, 4.4592524277177773e+01]; [-1.4841504911254179e+02, 7.8414345192107874e+01, -2.4172211541858793e+01]]
| > Example large-weight higher-precision-retried xs = [6.2315394262952850e-03 8.7335248832704826e-02 4.3698273950411237e-01 1.7075337559625559e-01 2.3328011702598017e-02 8.1591186955703054e-01] | compiled = 1.29744e+03 | higher precision = -1.91195e+00
| >     momentum space  : k = [[2.0981863278860531e+00, 1.2827845393213939e+00, 1.6464272205621262e+02]; [4.4540392286650942e+01, 6.5756311498899862e+00, -6.8970990633645286e+01]]
| > Example NaN/non-finite rotated xs = [9.7362215618168912e-01 2.8761982718842016e-02 7.1239412401005031e-01 7.6351383122687992e-06 8.1517347970654108e-01 4.6873166947969135e-02]
| >     momentum space  : k = [[1.1408782098248355e+04, 2.0845012077396245e+03, -9.1365956262265390e+03]; [1.7841371185143296e-04, -4.1105989017338625e-04, -2.9424209241204335e+04]]
| > [92mCentral value[0m : +2.9548873410178188e-08   +/- 4.48e-10     ([91m1.515%[0m)
[92mINFO[0m [94msymbolica_integrator l.7274[0m [96mt=2026-09-09,13:05:11.847[0m > | > Graph-channel Symbolica observer estimates:
| >   graph_0     : -2.0696580409981246e-08 +/- 9.83e-11 [52624 selected]
| >   graph_1     : 3.3106690648270092e-10 +/- 8.05e-12 [1858 selected]
| >   graph_2     : -1.2812707832139255e-08 +/- 4.12e-11 [13933 selected]
| >   graph_3     : 1.1001881935016054e-10 +/- 1.58e-12 [1401 selected]
| >   graph_4     : -6.4964836081257049e-10 +/- 1.29e-11 [2596 selected]
| >   graph_5     : -3.9211430617114779e-11 +/- 1.82e-12 [1376 selected]
| >   graph_6     : -4.1078235707838074e-11 +/- 1.90e-12 [1413 selected]
| >   graph_7     : 6.3240473881996348e-11 +/- 2.70e-12 [1406 selected]
| >   graph_8     : -9.1493581863624060e-10 +/- 1.12e-11 [4409 selected]
| >   graph_9     : 1.0615649135173944e-09 +/- 1.18e-11 [4680 selected]
| >   graph_10    : -2.7385227047932046e-09 +/- 6.27e-11 [24707 selected]
| >   graph_11    : 1.9034269802311835e-27 +/- 2.99e-28 [1384 selected]
| >   graph_12    : -5.5319609944670779e-10 +/- 7.95e-12 [3078 selected]
| >   graph_13    : -1.1761981284623130e-08 +/- 1.01e-10 [49303 selected]
| >   graph_14    : 1.0966463170516949e-10 +/- 5.57e-13 [1384 selected]
| >   graph_15    : -1.6729479667275038e-25 +/- 7.30e-25 [1456 selected]
| >   graph_16    : 3.8834433450735561e-09 +/- 1.32e-11 [2349 selected]
| >   graph_17    : -3.5618136252598218e-10 +/- 1.77e-12 [1379 selected]
| >   graph_18    : 1.1844734938350563e-08 +/- 5.03e-11 [19021 selected]
| >   graph_19    : 1.0642887974172676e-09 +/- 6.77e-12 [1415 selected]
| >   graph_20    : -7.6746453385234604e-10 +/- 4.68e-12 [1422 selected]
| >   graph_21    : -8.7940130006301429e-10 +/- 1.18e-11 [4488 selected]
| >   graph_22    : -5.4764517219019420e-10 +/- 4.16e-11 [5823 selected]
| >   graph_23    : -2.9518866230591342e-10 +/- 1.66e-11 [1883 selected]
| >   graph_24    : 5.8656521087069200e-10 +/- 1.77e-11 [4394 selected]
| >   graph_25    : 4.2991371911030598e-10 +/- 1.21e-11 [2224 selected]
| >   graph_26    : -2.1256655588933355e-10 +/- 1.09e-12 [1407 selected]
| >   graph_27    : -2.7453265223571921e-11 +/- 1.35e-13 [1442 selected]
| >   graph_28    : -1.1663238438214618e-09 +/- 9.56e-12 [1859 selected]
| >   graph_29    : 6.8088016605684911e-08 +/- 1.34e-10 [67574 selected]
| >   graph_30    : -1.1356840445965570e-09 +/- 1.11e-10 [74138 selected]
| >   graph_31    : 4.0390087354271835e-11 +/- 5.44e-13 [1435 selected]
| >   graph_32    : -3.8650288500060635e-11 +/- 9.52e-12 [2065 selected]
| >   graph_33    : -1.8780496358898324e-09 +/- 2.46e-11 [8906 selected]
| >   graph_34    : 9.1965833981451535e-26 +/- 6.07e-26 [1475 selected]
| >   graph_35    : 2.5388318916667659e-08 +/- 1.28e-10 [92651 selected]
| >   graph_36    : -2.9657567082481633e-09 +/- 2.43e-11 [7213 selected]
| >   graph_37    : 1.6092583724150205e-08 +/- 6.52e-11 [29300 selected]
| >   graph_38    : 3.9479149039635068e-10 +/- 4.55e-12 [1439 selected]
| >   graph_39    : -7.5730000731940850e-09 +/- 4.07e-11 [14356 selected]
| >   graph_40    : -6.2496531406408875e-10 +/- 2.12e-10 [140716 selected]
| >   graph_41    : 1.7242196414325460e-09 +/- 1.90e-11 [7248 selected]
| >   graph_42    : 4.4566266475859494e-09 +/- 1.16e-10 [49767 selected]
| >   graph_43    : 3.0878589174679942e-09 +/- 2.58e-11 [7616 selected]
| >   graph_44    : 4.4031009530685910e-10 +/- 7.95e-12 [3016 selected]
| >   graph_45    : 2.4200351498064215e-10 +/- 1.18e-12 [1450 selected]
| >   graph_46    : -6.1330380483089177e-11 +/- 4.63e-13 [1448 selected]
| >   graph_47    : -6.4814105256752052e-09 +/- 1.20e-10 [91056 selected]
| >   graph_48    : -9.2446180402263638e-11 +/- 2.79e-12 [1330 selected]
| >   graph_49    : -3.4399101799977810e-08 +/- 7.83e-11 [34879 selected]
| >   graph_50    : 9.0129742831045145e-10 +/- 1.61e-11 [3659 selected]
| >   graph_51    : 5.7687578953426340e-09 +/- 1.90e-11 [3621 selected]
| >   graph_52    : 2.3366073758102257e-10 +/- 7.14e-12 [1362 selected]
| >   graph_53    : -8.0936827195770822e-10 +/- 1.60e-11 [5816 selected]
| >   graph_54    : -2.6728810732955806e-09 +/- 1.53e-10 [51212 selected]
| >   graph_55    : 1.1136997875974174e-09 +/- 1.36e-11 [5091 selected]
| >   graph_56    : -4.2091363979954058e-09 +/- 1.40e-11 [2637 selected]
| >   graph_57    : -1.2922529496605921e-08 +/- 5.78e-11 [22944 selected]
| >   graph_58    : 4.3510025266536653e-11 +/- 3.04e-12 [1406 selected]
| >   graph_59    : 4.0104865496967094e-11 +/- 2.98e-12 [1353 selected]
| >   graph_60    : -6.9934325133147819e-11 +/- 3.04e-12 [1398 selected]
| >   graph_61    : 1.2711675088675165e-08 +/- 8.16e-11 [39188 selected]
| >   graph_62    : 1.0363063786219895e-23 +/- 2.01e-23 [1371 selected]
| >   graph_63    : -1.1461382245402379e-09 +/- 1.08e-11 [2285 selected]
| >   graph_64    : 8.3701579830909029e-10 +/- 5.55e-12 [1465 selected]
| >   sum         : 2.9548873410178207e-08
| >   total       : 2.9548873410178188e-08
| >   difference  : 1.9852334701272664e-23
[92mINFO[0m [94msymbolica_integrator l.7237[0m [96mt=2026-09-09,13:05:11.847[0m > Symbolica integration: starting iteration [92m46/100[0m using [94m1000000[0m points ...
[92mINFO[0m [94msymbolica_integrator l.7270[0m [96mt=2026-09-09,13:10:01.552[0m > ... result after this iteration:
| > Integration result after [92m46000000[0m evaluations in [92m553810.84 CPU-s[0m [94m(12039.4 µs / eval)[0m
| > Extremal weights:
| >   with jacobian    : 6.87291e+04 at xs = [1.1523609142106825e-05 8.0408886661259560e-01 4.9838097880659193e-01 1.8957618633349213e-01 8.5347278385972214e-01 6.8193530704548311e-01] | jacobian = 1.48509e+07
| >     momentum space  : k = [[1.5365375555778040e-03, -4.3457983363555212e-03, 1.8647702504812668e+02]; [4.7634774762067813e+01, -6.2642450015685178e+01, -5.0616133684117784e+01]]
| >   without jacobian : 6.12431e+04 at xs = [1.9893180760387205e-01 9.4960077021338030e-01 3.8092870816224239e-01 1.2514712715410771e-08 8.7933684086808808e-02 5.0016081222090403e-01] | jacobian = 2.23599e+01
| >     momentum space  : k = [[8.7866572274323872e+01, -2.8793455859316030e+01, 3.6297395289454343e+01]; [4.2610751484905640e-06, 2.6271882890532849e-06, -2.5290055668014643e-09]]
| >   before clipping   : 3.41825e+07 at xs = [2.6465773581051156e-07 3.6049628842816528e-01 4.9995464157519087e-01 2.2149523156633810e-01 6.3021386174112592e-01 4.8451896927468663e-01]
| >     momentum space  : k = [[-6.7733718784683002e-05, 8.1358120577888239e-05, 2.2680717696599095e+02]; [-7.7701663164253034e+01, -8.2966997489367074e+01, 5.5327572475072397e+00]]
| > Stability pipeline: float pairs accepted = 63527066, HP pairs attempted/accepted = 1522263/1522263
| > Stability triggers: float mismatch = 1426341, float non-finite/error = 620
| > HP precision escalations: attempted/accepted = 1824/1824
| > Higher-precision rejections: disagreement = 0, non-finite = 0, error = 0
| > Soft-mirror stability: pairs = 20442680, large-side triggers = 94868, HP orbits attempted/salvaged/failed = 1393351/1393351/0
| > Soft-mirror extrema: raw original = -6.08343e+09, post-average = 3.41825e+07
| > Strongest soft-mirror cancellation: residual/raw = 0.00000e+00
| > Unstable rotational-check points rejected = 0
| > Rotational-check high-precision retries = 1426961
| > Rotational-check high-precision salvaged = 1426961
| > Large-weight high-precision retries = 95302
| > Large-weight high-precision salvaged = 95302
| > Large-weight high-precision rejected = 0
| > Large-weight samples zeroed = 142 (3.087e-06 of samples; removed signed/absolute sums = 4.37469e+07/9.34195e+07)
| > Non-finite final outputs zeroed = 0
| > Non-finite float rotated evaluations seen = 27
| > Example higher-precision-retried xs = [1.7265545145750016e-01 3.0987003362503329e-01 3.2061093419506459e-01 2.9773816827716681e-01 4.2264025488893087e-01 5.4552528647525544e-01] | float rel = 1.83306e+00
| >     momentum space  : k = [[-2.5923335064264300e+01, 6.5631404491694042e+01, 4.4592524277177773e+01]; [-1.4841504911254179e+02, 7.8414345192107874e+01, -2.4172211541858793e+01]]
| > Example large-weight higher-precision-retried xs = [6.2315394262952850e-03 8.7335248832704826e-02 4.3698273950411237e-01 1.7075337559625559e-01 2.3328011702598017e-02 8.1591186955703054e-01] | compiled = 1.29744e+03 | higher precision = -1.91195e+00
| >     momentum space  : k = [[2.0981863278860531e+00, 1.2827845393213939e+00, 1.6464272205621262e+02]; [4.4540392286650942e+01, 6.5756311498899862e+00, -6.8970990633645286e+01]]
| > Example NaN/non-finite rotated xs = [9.7362215618168912e-01 2.8761982718842016e-02 7.1239412401005031e-01 7.6351383122687992e-06 8.1517347970654108e-01 4.6873166947969135e-02]
| >     momentum space  : k = [[1.1408782098248355e+04, 2.0845012077396245e+03, -9.1365956262265390e+03]; [1.7841371185143296e-04, -4.1105989017338625e-04, -2.9424209241204335e+04]]
| > [92mCentral value[0m : +2.9574648202355134e-08   +/- 4.40e-10     ([91m1.487%[0m)
[92mINFO[0m [94msymbolica_integrator l.7274[0m [96mt=2026-09-09,13:10:01.553[0m > | > Graph-channel Symbolica observer estimates:
| >   graph_0     : -2.0694715983416871e-08 +/- 9.67e-11 [53122 selected]
| >   graph_1     : 3.3307481287589336e-10 +/- 7.94e-12 [1811 selected]
| >   graph_2     : -1.2806478250232949e-08 +/- 4.07e-11 [13850 selected]
| >   graph_3     : 1.0996706666425151e-10 +/- 1.56e-12 [1356 selected]
| >   graph_4     : -6.5080245833212881e-10 +/- 1.27e-11 [2524 selected]
| >   graph_5     : -3.8977488269410187e-11 +/- 1.80e-12 [1413 selected]
| >   graph_6     : -4.1419344405529431e-11 +/- 1.88e-12 [1467 selected]
| >   graph_7     : 6.3604478608111074e-11 +/- 2.67e-12 [1377 selected]
| >   graph_8     : -9.1613988188981497e-10 +/- 1.11e-11 [4175 selected]
| >   graph_9     : 1.0614951890184369e-09 +/- 1.16e-11 [4745 selected]
| >   graph_10    : -2.7401935049841058e-09 +/- 6.16e-11 [24722 selected]
| >   graph_11    : 1.9263341241345846e-27 +/- 2.95e-28 [1345 selected]
| >   graph_12    : -5.5222669443559402e-10 +/- 7.86e-12 [2993 selected]
| >   graph_13    : -1.1768417839657786e-08 +/- 9.91e-11 [48890 selected]
| >   graph_14    : 1.0967816324760286e-10 +/- 5.50e-13 [1428 selected]
| >   graph_15    : -1.9860723293993755e-25 +/- 7.15e-25 [1440 selected]
| >   graph_16    : 3.8829680811101641e-09 +/- 1.31e-11 [2371 selected]
| >   graph_17    : -3.5599890291457189e-10 +/- 1.75e-12 [1338 selected]
| >   graph_18    : 1.1843132852052845e-08 +/- 4.95e-11 [19237 selected]
| >   graph_19    : 1.0650153102548602e-09 +/- 6.70e-12 [1423 selected]
| >   graph_20    : -7.6755862307039749e-10 +/- 4.63e-12 [1394 selected]
| >   graph_21    : -8.7646072048906102e-10 +/- 1.16e-11 [4468 selected]
| >   graph_22    : -5.4658795835597955e-10 +/- 4.07e-11 [5692 selected]
| >   graph_23    : -2.9442375020482709e-10 +/- 1.63e-11 [1809 selected]
| >   graph_24    : 5.8932715607874983e-10 +/- 1.75e-11 [4266 selected]
| >   graph_25    : 4.3038665990535214e-10 +/- 1.20e-11 [2274 selected]
| >   graph_26    : -2.1228370621753110e-10 +/- 1.07e-12 [1324 selected]
| >   graph_27    : -2.7439565117488571e-11 +/- 1.34e-13 [1356 selected]
| >   graph_28    : -1.1660770637481982e-09 +/- 9.45e-12 [1773 selected]
| >   graph_29    : 6.8087359584902215e-08 +/- 1.32e-10 [67393 selected]
| >   graph_30    : -1.1347186246679934e-09 +/- 1.10e-10 [73787 selected]
| >   graph_31    : 4.0481488588203608e-11 +/- 5.38e-13 [1441 selected]
| >   graph_32    : -3.8678018682973204e-11 +/- 9.41e-12 [2070 selected]
| >   graph_33    : -1.8753860516230401e-09 +/- 2.43e-11 [8940 selected]
| >   graph_34    : 9.1807993724378498e-26 +/- 5.96e-26 [1390 selected]
| >   graph_35    : 2.5386262350156347e-08 +/- 1.25e-10 [93673 selected]
| >   graph_36    : -2.9651747544593190e-09 +/- 2.40e-11 [7273 selected]
| >   graph_37    : 1.6081660649360526e-08 +/- 6.43e-11 [29654 selected]
| >   graph_38    : 3.9538192581401751e-10 +/- 4.50e-12 [1441 selected]
| >   graph_39    : -7.5775590530229458e-09 +/- 4.02e-11 [14320 selected]
| >   graph_40    : -6.2073222596056377e-10 +/- 2.07e-10 [140713 selected]
| >   graph_41    : 1.7288886777919527e-09 +/- 1.87e-11 [7265 selected]
| >   graph_42    : 4.4620651873171381e-09 +/- 1.14e-10 [49239 selected]
| >   graph_43    : 3.0874763996355825e-09 +/- 2.55e-11 [7581 selected]
| >   graph_44    : 4.4289284525028786e-10 +/- 7.85e-12 [3020 selected]
| >   graph_45    : 2.4213118338910957e-10 +/- 1.16e-12 [1430 selected]
| >   graph_46    : -6.1320371622959738e-11 +/- 4.57e-13 [1410 selected]
| >   graph_47    : -6.4619646546721598e-09 +/- 1.19e-10 [91344 selected]
| >   graph_48    : -9.2702067092589491e-11 +/- 2.76e-12 [1360 selected]
| >   graph_49    : -3.4403857502233501e-08 +/- 7.71e-11 [34780 selected]
| >   graph_50    : 9.0426505675945961e-10 +/- 1.59e-11 [3678 selected]
| >   graph_51    : 5.7683432083942944e-09 +/- 1.87e-11 [3683 selected]
| >   graph_52    : 2.3231220216753338e-10 +/- 7.06e-12 [1443 selected]
| >   graph_53    : -8.0812974006171963e-10 +/- 1.57e-11 [5689 selected]
| >   graph_54    : -2.6705870610055825e-09 +/- 1.50e-10 [51650 selected]
| >   graph_55    : 1.1137452482325104e-09 +/- 1.34e-11 [4996 selected]
| >   graph_56    : -4.2096235136927467e-09 +/- 1.39e-11 [2649 selected]
| >   graph_57    : -1.2917495023275573e-08 +/- 5.69e-11 [23037 selected]
| >   graph_58    : 4.3245348497501636e-11 +/- 3.00e-12 [1370 selected]
| >   graph_59    : 4.0267182433020813e-11 +/- 2.95e-12 [1427 selected]
| >   graph_60    : -6.9743127141106852e-11 +/- 3.00e-12 [1349 selected]
| >   graph_61    : 1.2702453530690842e-08 +/- 8.01e-11 [39048 selected]
| >   graph_62    : 9.9384092459833348e-24 +/- 1.97e-23 [1443 selected]
| >   graph_63    : -1.1445252628630187e-09 +/- 1.07e-11 [2295 selected]
| >   graph_64    : 8.3516515097840146e-10 +/- 5.48e-12 [1336 selected]
| >   sum         : 2.9574648202355184e-08
| >   total       : 2.9574648202355134e-08
| >   difference  : 4.9630836753181660e-23
[92mINFO[0m [94msymbolica_integrator l.7237[0m [96mt=2026-09-09,13:10:01.553[0m > Symbolica integration: starting iteration [92m47/100[0m using [94m1000000[0m points ...
[92mINFO[0m [94msymbolica_integrator l.7270[0m [96mt=2026-09-09,13:15:23.969[0m > ... result after this iteration:
| > Integration result after [92m47000000[0m evaluations in [92m567305.83 CPU-s[0m [94m(12070.3 µs / eval)[0m
| > Extremal weights:
| >   with jacobian    : 6.87291e+04 at xs = [1.1523609142106825e-05 8.0408886661259560e-01 4.9838097880659193e-01 1.8957618633349213e-01 8.5347278385972214e-01 6.8193530704548311e-01] | jacobian = 1.48509e+07
| >     momentum space  : k = [[1.5365375555778040e-03, -4.3457983363555212e-03, 1.8647702504812668e+02]; [4.7634774762067813e+01, -6.2642450015685178e+01, -5.0616133684117784e+01]]
| >   without jacobian : 6.12431e+04 at xs = [1.9893180760387205e-01 9.4960077021338030e-01 3.8092870816224239e-01 1.2514712715410771e-08 8.7933684086808808e-02 5.0016081222090403e-01] | jacobian = 2.23599e+01
| >     momentum space  : k = [[8.7866572274323872e+01, -2.8793455859316030e+01, 3.6297395289454343e+01]; [4.2610751484905640e-06, 2.6271882890532849e-06, -2.5290055668014643e-09]]
| >   before clipping   : 3.41825e+07 at xs = [2.6465773581051156e-07 3.6049628842816528e-01 4.9995464157519087e-01 2.2149523156633810e-01 6.3021386174112592e-01 4.8451896927468663e-01]
| >     momentum space  : k = [[-6.7733718784683002e-05, 8.1358120577888239e-05, 2.2680717696599095e+02]; [-7.7701663164253034e+01, -8.2966997489367074e+01, 5.5327572475072397e+00]]
| > Stability pipeline: float pairs accepted = 64910150, HP pairs attempted/accepted = 1555359/1555359
| > Stability triggers: float mismatch = 1457477, float non-finite/error = 635
| > HP precision escalations: attempted/accepted = 1863/1863
| > Higher-precision rejections: disagreement = 0, non-finite = 0, error = 0
| > Soft-mirror stability: pairs = 20889282, large-side triggers = 96804, HP orbits attempted/salvaged/failed = 1423773/1423773/0
| > Soft-mirror extrema: raw original = -6.08343e+09, post-average = 3.41825e+07
| > Strongest soft-mirror cancellation: residual/raw = 0.00000e+00
| > Unstable rotational-check points rejected = 0
| > Rotational-check high-precision retries = 1458112
| > Rotational-check high-precision salvaged = 1458112
| > Large-weight high-precision retries = 97247
| > Large-weight high-precision salvaged = 97247
| > Large-weight high-precision rejected = 0
| > Large-weight samples zeroed = 143 (3.043e-06 of samples; removed signed/absolute sums = 4.41501e+07/9.38227e+07)
| > Non-finite final outputs zeroed = 0
| > Non-finite float rotated evaluations seen = 27
| > Example higher-precision-retried xs = [1.7265545145750016e-01 3.0987003362503329e-01 3.2061093419506459e-01 2.9773816827716681e-01 4.2264025488893087e-01 5.4552528647525544e-01] | float rel = 1.83306e+00
| >     momentum space  : k = [[-2.5923335064264300e+01, 6.5631404491694042e+01, 4.4592524277177773e+01]; [-1.4841504911254179e+02, 7.8414345192107874e+01, -2.4172211541858793e+01]]
| > Example large-weight higher-precision-retried xs = [6.2315394262952850e-03 8.7335248832704826e-02 4.3698273950411237e-01 1.7075337559625559e-01 2.3328011702598017e-02 8.1591186955703054e-01] | compiled = 1.29744e+03 | higher precision = -1.91195e+00
| >     momentum space  : k = [[2.0981863278860531e+00, 1.2827845393213939e+00, 1.6464272205621262e+02]; [4.4540392286650942e+01, 6.5756311498899862e+00, -6.8970990633645286e+01]]
| > Example NaN/non-finite rotated xs = [9.7362215618168912e-01 2.8761982718842016e-02 7.1239412401005031e-01 7.6351383122687992e-06 8.1517347970654108e-01 4.6873166947969135e-02]
| >     momentum space  : k = [[1.1408782098248355e+04, 2.0845012077396245e+03, -9.1365956262265390e+03]; [1.7841371185143296e-04, -4.1105989017338625e-04, -2.9424209241204335e+04]]
| > [92mCentral value[0m : +2.9629609271674511e-08   +/- 4.32e-10     ([91m1.460%[0m)
[92mINFO[0m [94msymbolica_integrator l.7274[0m [96mt=2026-09-09,13:15:23.970[0m > | > Graph-channel Symbolica observer estimates:
| >   graph_0     : -2.0693642945627392e-08 +/- 9.52e-11 [52970 selected]
| >   graph_1     : 3.3374972342778952e-10 +/- 7.82e-12 [1810 selected]
| >   graph_2     : -1.2804953136453311e-08 +/- 4.02e-11 [14005 selected]
| >   graph_3     : 1.1007812718149171e-10 +/- 1.55e-12 [1460 selected]
| >   graph_4     : -6.4851933613143655e-10 +/- 1.26e-11 [2574 selected]
| >   graph_5     : -3.8976280464108128e-11 +/- 1.78e-12 [1406 selected]
| >   graph_6     : -4.1616132935688127e-11 +/- 1.86e-12 [1454 selected]
| >   graph_7     : 6.3617463854312962e-11 +/- 2.64e-12 [1390 selected]
| >   graph_8     : -9.1487006870130448e-10 +/- 1.10e-11 [4223 selected]
| >   graph_9     : 1.0592969724628031e-09 +/- 1.15e-11 [4551 selected]
| >   graph_10    : -2.7483670913268442e-09 +/- 6.09e-11 [24735 selected]
| >   graph_11    : 1.9692949351411857e-27 +/- 2.91e-28 [1403 selected]
| >   graph_12    : -5.5130620721218968e-10 +/- 7.76e-12 [3033 selected]
| >   graph_13    : -1.1768533662202360e-08 +/- 9.72e-11 [48644 selected]
| >   graph_14    : 1.0962271650414496e-10 +/- 5.43e-13 [1366 selected]
| >   graph_15    : -1.8819316786661256e-25 +/- 7.00e-25 [1413 selected]
| >   graph_16    : 3.8806672294068911e-09 +/- 1.29e-11 [2266 selected]
| >   graph_17    : -3.5619962408277292e-10 +/- 1.73e-12 [1452 selected]
| >   graph_18    : 1.1845500730641096e-08 +/- 4.88e-11 [19124 selected]
| >   graph_19    : 1.0646052347841529e-09 +/- 6.63e-12 [1445 selected]
| >   graph_20    : -7.6757762506223802e-10 +/- 4.58e-12 [1385 selected]
| >   graph_21    : -8.7518765103137307e-10 +/- 1.15e-11 [4447 selected]
| >   graph_22    : -5.4736093785327317e-10 +/- 3.98e-11 [5621 selected]
| >   graph_23    : -2.9463561993452815e-10 +/- 1.60e-11 [1779 selected]
| >   graph_24    : 5.9241909738650365e-10 +/- 1.73e-11 [4270 selected]
| >   graph_25    : 4.3097119538276915e-10 +/- 1.19e-11 [2254 selected]
| >   graph_26    : -2.1247264014703967e-10 +/- 1.06e-12 [1479 selected]
| >   graph_27    : -2.7420229825655916e-11 +/- 1.32e-13 [1392 selected]
| >   graph_28    : -1.1678748690875439e-09 +/- 9.35e-12 [1786 selected]
| >   graph_29    : 6.8092438816403216e-08 +/- 1.30e-10 [67504 selected]
| >   graph_30    : -1.1155957178934935e-09 +/- 1.08e-10 [74148 selected]
| >   graph_31    : 4.0460205320028673e-11 +/- 5.32e-13 [1316 selected]
| >   graph_32    : -4.0089174780760014e-11 +/- 9.29e-12 [2053 selected]
| >   graph_33    : -1.8740917281503350e-09 +/- 2.39e-11 [8754 selected]
| >   graph_34    : 8.7865341115198529e-26 +/- 5.86e-26 [1407 selected]
| >   graph_35    : 2.5403558206641471e-08 +/- 1.23e-10 [92642 selected]
| >   graph_36    : -2.9670711913128439e-09 +/- 2.37e-11 [7235 selected]
| >   graph_37    : 1.6086349412341255e-08 +/- 6.34e-11 [29850 selected]
| >   graph_38    : 3.9596887566324327e-10 +/- 4.45e-12 [1408 selected]
| >   graph_39    : -7.5854583238892493e-09 +/- 3.97e-11 [14436 selected]
| >   graph_40    : -5.8916294649593137e-10 +/- 2.03e-10 [140558 selected]
| >   graph_41    : 1.7298741397187906e-09 +/- 1.84e-11 [7276 selected]
| >   graph_42    : 4.4584591886411369e-09 +/- 1.12e-10 [49514 selected]
| >   graph_43    : 3.0872281219806445e-09 +/- 2.52e-11 [7656 selected]
| >   graph_44    : 4.4240994902355507e-10 +/- 7.76e-12 [3019 selected]
| >   graph_45    : 2.4203899578936666e-10 +/- 1.15e-12 [1401 selected]
| >   graph_46    : -6.1151999009307333e-11 +/- 4.51e-13 [1337 selected]
| >   graph_47    : -6.4633124473504884e-09 +/- 1.17e-10 [91946 selected]
| >   graph_48    : -9.2337576143993221e-11 +/- 2.73e-12 [1381 selected]
| >   graph_49    : -3.4418392095836521e-08 +/- 7.61e-11 [35014 selected]
| >   graph_50    : 9.0361117309605461e-10 +/- 1.57e-11 [3616 selected]
| >   graph_51    : 5.7685195269545290e-09 +/- 1.85e-11 [3704 selected]
| >   graph_52    : 2.3196964305998187e-10 +/- 6.99e-12 [1454 selected]
| >   graph_53    : -8.1075756748806603e-10 +/- 1.55e-11 [5934 selected]
| >   graph_54    : -2.6695900224039078e-09 +/- 1.47e-10 [51450 selected]
| >   graph_55    : 1.1171645144270429e-09 +/- 1.32e-11 [5090 selected]
| >   graph_56    : -4.2097563675803213e-09 +/- 1.37e-11 [2593 selected]
| >   graph_57    : -1.2912415287036273e-08 +/- 5.60e-11 [22917 selected]
| >   graph_58    : 4.2983954134984429e-11 +/- 2.97e-12 [1377 selected]
| >   graph_59    : 3.9834900028826893e-11 +/- 2.92e-12 [1418 selected]
| >   graph_60    : -6.9405478811796316e-11 +/- 2.98e-12 [1359 selected]
| >   graph_61    : 1.2705481047535897e-08 +/- 7.87e-11 [39059 selected]
| >   graph_62    : 9.5784267412068347e-24 +/- 1.92e-23 [1357 selected]
| >   graph_63    : -1.1457560795203782e-09 +/- 1.06e-11 [2274 selected]
| >   graph_64    : 8.3458817166530775e-10 +/- 5.42e-12 [1406 selected]
| >   sum         : 2.9629609271674574e-08
| >   total       : 2.9629609271674511e-08
| >   difference  : 6.2865726554030103e-23
[92mINFO[0m [94msymbolica_integrator l.7237[0m [96mt=2026-09-09,13:15:23.970[0m > Symbolica integration: starting iteration [92m48/100[0m using [94m1000000[0m points ...
[92mINFO[0m [94msymbolica_integrator l.7270[0m [96mt=2026-09-09,13:20:54.433[0m > ... result after this iteration:
| > Integration result after [92m48000000[0m evaluations in [92m580077.99 CPU-s[0m [94m(12085.0 µs / eval)[0m
| > Extremal weights:
| >   with jacobian    : 6.87291e+04 at xs = [1.1523609142106825e-05 8.0408886661259560e-01 4.9838097880659193e-01 1.8957618633349213e-01 8.5347278385972214e-01 6.8193530704548311e-01] | jacobian = 1.48509e+07
| >     momentum space  : k = [[1.5365375555778040e-03, -4.3457983363555212e-03, 1.8647702504812668e+02]; [4.7634774762067813e+01, -6.2642450015685178e+01, -5.0616133684117784e+01]]
| >   without jacobian : 6.12431e+04 at xs = [1.9893180760387205e-01 9.4960077021338030e-01 3.8092870816224239e-01 1.2514712715410771e-08 8.7933684086808808e-02 5.0016081222090403e-01] | jacobian = 2.23599e+01
| >     momentum space  : k = [[8.7866572274323872e+01, -2.8793455859316030e+01, 3.6297395289454343e+01]; [4.2610751484905640e-06, 2.6271882890532849e-06, -2.5290055668014643e-09]]
| >   before clipping   : 3.41825e+07 at xs = [2.6465773581051156e-07 3.6049628842816528e-01 4.9995464157519087e-01 2.2149523156633810e-01 6.3021386174112592e-01 4.8451896927468663e-01]
| >     momentum space  : k = [[-6.7733718784683002e-05, 8.1358120577888239e-05, 2.2680717696599095e+02]; [-7.7701663164253034e+01, -8.2966997489367074e+01, 5.5327572475072397e+00]]
| > Stability pipeline: float pairs accepted = 66291720, HP pairs attempted/accepted = 1589090/1589090
| > Stability triggers: float mismatch = 1489279, float non-finite/error = 651
| > HP precision escalations: attempted/accepted = 1899/1899
| > Higher-precision rejections: disagreement = 0, non-finite = 0, error = 0
| > Soft-mirror stability: pairs = 21335738, large-side triggers = 98706, HP orbits attempted/salvaged/failed = 1454928/1454928/0
| > Soft-mirror extrema: raw original = -6.08343e+09, post-average = 3.41825e+07
| > Strongest soft-mirror cancellation: residual/raw = 0.00000e+00
| > Unstable rotational-check points rejected = 0
| > Rotational-check high-precision retries = 1489930
| > Rotational-check high-precision salvaged = 1489930
| > Large-weight high-precision retries = 99160
| > Large-weight high-precision salvaged = 99160
| > Large-weight high-precision rejected = 0
| > Large-weight samples zeroed = 144 (3.000e-06 of samples; removed signed/absolute sums = 4.43343e+07/9.40068e+07)
| > Non-finite final outputs zeroed = 0
| > Non-finite float rotated evaluations seen = 28
| > Example higher-precision-retried xs = [1.7265545145750016e-01 3.0987003362503329e-01 3.2061093419506459e-01 2.9773816827716681e-01 4.2264025488893087e-01 5.4552528647525544e-01] | float rel = 1.83306e+00
| >     momentum space  : k = [[-2.5923335064264300e+01, 6.5631404491694042e+01, 4.4592524277177773e+01]; [-1.4841504911254179e+02, 7.8414345192107874e+01, -2.4172211541858793e+01]]
| > Example large-weight higher-precision-retried xs = [6.2315394262952850e-03 8.7335248832704826e-02 4.3698273950411237e-01 1.7075337559625559e-01 2.3328011702598017e-02 8.1591186955703054e-01] | compiled = 1.29744e+03 | higher precision = -1.91195e+00
| >     momentum space  : k = [[2.0981863278860531e+00, 1.2827845393213939e+00, 1.6464272205621262e+02]; [4.4540392286650942e+01, 6.5756311498899862e+00, -6.8970990633645286e+01]]
| > Example NaN/non-finite rotated xs = [9.7362215618168912e-01 2.8761982718842016e-02 7.1239412401005031e-01 7.6351383122687992e-06 8.1517347970654108e-01 4.6873166947969135e-02]
| >     momentum space  : k = [[1.1408782098248355e+04, 2.0845012077396245e+03, -9.1365956262265390e+03]; [1.7841371185143296e-04, -4.1105989017338625e-04, -2.9424209241204335e+04]]
| > [92mCentral value[0m : +2.9628265116124598e-08   +/- 4.26e-10     ([91m1.438%[0m)
[92mINFO[0m [94msymbolica_integrator l.7274[0m [96mt=2026-09-09,13:20:54.434[0m > | > Graph-channel Symbolica observer estimates:
| >   graph_0     : -2.0706338816900404e-08 +/- 9.38e-11 [53393 selected]
| >   graph_1     : 3.3397244207361492e-10 +/- 7.74e-12 [1900 selected]
| >   graph_2     : -1.2804716032789223e-08 +/- 3.97e-11 [13949 selected]
| >   graph_3     : 1.1020882270295795e-10 +/- 1.54e-12 [1406 selected]
| >   graph_4     : -6.4767881277912798e-10 +/- 1.25e-11 [2596 selected]
| >   graph_5     : -3.8824692625786654e-11 +/- 1.77e-12 [1339 selected]
| >   graph_6     : -4.1737671087356718e-11 +/- 1.84e-12 [1352 selected]
| >   graph_7     : 6.4141418983598969e-11 +/- 2.61e-12 [1411 selected]
| >   graph_8     : -9.1332341645207743e-10 +/- 1.08e-11 [4217 selected]
| >   graph_9     : 1.0601958224652254e-09 +/- 1.13e-11 [4572 selected]
| >   graph_10    : -2.7509989929378829e-09 +/- 6.00e-11 [24890 selected]
| >   graph_11    : 1.9727914697425296e-27 +/- 2.88e-28 [1434 selected]
| >   graph_12    : -5.4970171535079464e-10 +/- 7.67e-12 [3045 selected]
| >   graph_13    : -1.1766130384993434e-08 +/- 9.54e-11 [48494 selected]
| >   graph_14    : 1.0963204152200349e-10 +/- 5.36e-13 [1415 selected]
| >   graph_15    : -2.2768465849170108e-25 +/- 6.86e-25 [1451 selected]
| >   graph_16    : 3.8835263843209617e-09 +/- 1.28e-11 [2419 selected]
| >   graph_17    : -3.5579850445070173e-10 +/- 1.70e-12 [1316 selected]
| >   graph_18    : 1.1843873625293421e-08 +/- 4.81e-11 [19275 selected]
| >   graph_19    : 1.0646195030279925e-09 +/- 6.57e-12 [1394 selected]
| >   graph_20    : -7.6766662197463474e-10 +/- 4.54e-12 [1452 selected]
| >   graph_21    : -8.7577637474975629e-10 +/- 1.13e-11 [4657 selected]
| >   graph_22    : -5.3843216508497998e-10 +/- 3.98e-11 [5632 selected]
| >   graph_23    : -2.9342180988368879e-10 +/- 1.56e-11 [1735 selected]
| >   graph_24    : 5.9327361745906593e-10 +/- 1.71e-11 [4134 selected]
| >   graph_25    : 4.2877746851710571e-10 +/- 1.18e-11 [2341 selected]
| >   graph_26    : -2.1229158864392762e-10 +/- 1.05e-12 [1340 selected]
| >   graph_27    : -2.7418507962805151e-11 +/- 1.30e-13 [1403 selected]
| >   graph_28    : -1.1669208112526205e-09 +/- 9.25e-12 [1853 selected]
| >   graph_29    : 6.8089147009274705e-08 +/- 1.28e-10 [67793 selected]
| >   graph_30    : -1.1091349806958729e-09 +/- 1.07e-10 [75236 selected]
| >   graph_31    : 4.0422033382727951e-11 +/- 5.28e-13 [1464 selected]
| >   graph_32    : -4.0625225022488491e-11 +/- 9.17e-12 [1934 selected]
| >   graph_33    : -1.8785114811834456e-09 +/- 2.36e-11 [8824 selected]
| >   graph_34    : 8.8327966872447299e-26 +/- 5.76e-26 [1437 selected]
| >   graph_35    : 2.5439104476393962e-08 +/- 1.23e-10 [93375 selected]
| >   graph_36    : -2.9678015040695380e-09 +/- 2.35e-11 [7217 selected]
| >   graph_37    : 1.6082764518507202e-08 +/- 6.26e-11 [29830 selected]
| >   graph_38    : 3.9664218228134896e-10 +/- 4.40e-12 [1381 selected]
| >   graph_39    : -7.5846358930613074e-09 +/- 3.92e-11 [14323 selected]
| >   graph_40    : -5.7830435335446636e-10 +/- 2.00e-10 [139929 selected]
| >   graph_41    : 1.7277802117096706e-09 +/- 1.82e-11 [7100 selected]
| >   graph_42    : 4.4467730022313739e-09 +/- 1.10e-10 [49389 selected]
| >   graph_43    : 3.0878785529231019e-09 +/- 2.49e-11 [7739 selected]
| >   graph_44    : 4.4219976380670932e-10 +/- 7.67e-12 [3124 selected]
| >   graph_45    : 2.4225342090589574e-10 +/- 1.14e-12 [1464 selected]
| >   graph_46    : -6.1096990657486030e-11 +/- 4.48e-13 [1417 selected]
| >   graph_47    : -6.4782490005189377e-09 +/- 1.15e-10 [91022 selected]
| >   graph_48    : -9.1949042738078829e-11 +/- 2.70e-12 [1345 selected]
| >   graph_49    : -3.4407800401845263e-08 +/- 7.50e-11 [34507 selected]
| >   graph_50    : 9.0452609183241096e-10 +/- 1.55e-11 [3550 selected]
| >   graph_51    : 5.7679143609043216e-09 +/- 1.84e-11 [3648 selected]
| >   graph_52    : 2.3155810494339669e-10 +/- 6.92e-12 [1447 selected]
| >   graph_53    : -8.1029842766013602e-10 +/- 1.53e-11 [5791 selected]
| >   graph_54    : -2.6751444579939695e-09 +/- 1.44e-10 [51595 selected]
| >   graph_55    : 1.1150509424220976e-09 +/- 1.31e-11 [4904 selected]
| >   graph_56    : -4.2114096535216837e-09 +/- 1.36e-11 [2653 selected]
| >   graph_57    : -1.2919559434130974e-08 +/- 5.51e-11 [22771 selected]
| >   graph_58    : 4.3179023172249355e-11 +/- 2.94e-12 [1420 selected]
| >   graph_59    : 3.9922952425036587e-11 +/- 2.89e-12 [1410 selected]
| >   graph_60    : -6.9114798341562816e-11 +/- 2.95e-12 [1390 selected]
| >   graph_61    : 1.2690046223465087e-08 +/- 7.77e-11 [38784 selected]
| >   graph_62    : 9.4440750877086898e-24 +/- 1.88e-23 [1406 selected]
| >   graph_63    : -1.1445063840714796e-09 +/- 1.05e-11 [2236 selected]
| >   graph_64    : 8.3420004796326967e-10 +/- 5.35e-12 [1330 selected]
| >   sum         : 2.9628265116124631e-08
| >   total       : 2.9628265116124598e-08
| >   difference  : 3.3087224502121107e-23
[92mINFO[0m [94msymbolica_integrator l.7237[0m [96mt=2026-09-09,13:20:54.434[0m > Symbolica integration: starting iteration [92m49/100[0m using [94m1000000[0m points ...
[92mINFO[0m [94msymbolica_integrator l.7270[0m [96mt=2026-09-09,13:27:50.445[0m > ... result after this iteration:
| > Integration result after [92m49000000[0m evaluations in [92m592520.93 CPU-s[0m [94m(12092.3 µs / eval)[0m
| > Extremal weights:
| >   with jacobian    : 6.87291e+04 at xs = [1.1523609142106825e-05 8.0408886661259560e-01 4.9838097880659193e-01 1.8957618633349213e-01 8.5347278385972214e-01 6.8193530704548311e-01] | jacobian = 1.48509e+07
| >     momentum space  : k = [[1.5365375555778040e-03, -4.3457983363555212e-03, 1.8647702504812668e+02]; [4.7634774762067813e+01, -6.2642450015685178e+01, -5.0616133684117784e+01]]
| >   without jacobian : 6.12431e+04 at xs = [1.9893180760387205e-01 9.4960077021338030e-01 3.8092870816224239e-01 1.2514712715410771e-08 8.7933684086808808e-02 5.0016081222090403e-01] | jacobian = 2.23599e+01
| >     momentum space  : k = [[8.7866572274323872e+01, -2.8793455859316030e+01, 3.6297395289454343e+01]; [4.2610751484905640e-06, 2.6271882890532849e-06, -2.5290055668014643e-09]]
| >   before clipping   : 3.41825e+07 at xs = [2.6465773581051156e-07 3.6049628842816528e-01 4.9995464157519087e-01 2.2149523156633810e-01 6.3021386174112592e-01 4.8451896927468663e-01]
| >     momentum space  : k = [[-6.7733718784683002e-05, 8.1358120577888239e-05, 2.2680717696599095e+02]; [-7.7701663164253034e+01, -8.2966997489367074e+01, 5.5327572475072397e+00]]
| > Stability pipeline: float pairs accepted = 67660354, HP pairs attempted/accepted = 1629624/1629624
| > Stability triggers: float mismatch = 1526945, float non-finite/error = 671
| > HP precision escalations: attempted/accepted = 1957/1957
| > Higher-precision rejections: disagreement = 0, non-finite = 0, error = 0
| > Soft-mirror stability: pairs = 21782723, large-side triggers = 101546, HP orbits attempted/salvaged/failed = 1492745/1492745/0
| > Soft-mirror extrema: raw original = -6.08343e+09, post-average = 3.41825e+07
| > Strongest soft-mirror cancellation: residual/raw = 0.00000e+00
| > Unstable rotational-check points rejected = 0
| > Rotational-check high-precision retries = 1527616
| > Rotational-check high-precision salvaged = 1527616
| > Large-weight high-precision retries = 102008
| > Large-weight high-precision salvaged = 102008
| > Large-weight high-precision rejected = 0
| > Large-weight samples zeroed = 148 (3.020e-06 of samples; removed signed/absolute sums = 4.52418e+07/9.52954e+07)
| > Non-finite final outputs zeroed = 0
| > Non-finite float rotated evaluations seen = 29
| > Example higher-precision-retried xs = [1.7265545145750016e-01 3.0987003362503329e-01 3.2061093419506459e-01 2.9773816827716681e-01 4.2264025488893087e-01 5.4552528647525544e-01] | float rel = 1.83306e+00
| >     momentum space  : k = [[-2.5923335064264300e+01, 6.5631404491694042e+01, 4.4592524277177773e+01]; [-1.4841504911254179e+02, 7.8414345192107874e+01, -2.4172211541858793e+01]]
| > Example large-weight higher-precision-retried xs = [6.2315394262952850e-03 8.7335248832704826e-02 4.3698273950411237e-01 1.7075337559625559e-01 2.3328011702598017e-02 8.1591186955703054e-01] | compiled = 1.29744e+03 | higher precision = -1.91195e+00
| >     momentum space  : k = [[2.0981863278860531e+00, 1.2827845393213939e+00, 1.6464272205621262e+02]; [4.4540392286650942e+01, 6.5756311498899862e+00, -6.8970990633645286e+01]]
| > Example NaN/non-finite rotated xs = [9.7362215618168912e-01 2.8761982718842016e-02 7.1239412401005031e-01 7.6351383122687992e-06 8.1517347970654108e-01 4.6873166947969135e-02]
| >     momentum space  : k = [[1.1408782098248355e+04, 2.0845012077396245e+03, -9.1365956262265390e+03]; [1.7841371185143296e-04, -4.1105989017338625e-04, -2.9424209241204335e+04]]
| > [92mCentral value[0m : +2.9671625676189352e-08   +/- 4.19e-10     ([91m1.412%[0m)
[92mINFO[0m [94msymbolica_integrator l.7274[0m [96mt=2026-09-09,13:27:50.446[0m > | > Graph-channel Symbolica observer estimates:
| >   graph_0     : -2.0700992766474600e-08 +/- 9.25e-11 [53325 selected]
| >   graph_1     : 3.3527072663822618e-10 +/- 7.63e-12 [1781 selected]
| >   graph_2     : -1.2803875697448968e-08 +/- 3.92e-11 [14043 selected]
| >   graph_3     : 1.0998373056883362e-10 +/- 1.52e-12 [1401 selected]
| >   graph_4     : -6.5080102913069863e-10 +/- 1.24e-11 [2593 selected]
| >   graph_5     : -3.8771049525543260e-11 +/- 1.75e-12 [1365 selected]
| >   graph_6     : -4.1298244043330625e-11 +/- 1.83e-12 [1412 selected]
| >   graph_7     : 6.4186013128182291e-11 +/- 2.59e-12 [1402 selected]
| >   graph_8     : -9.1294369076430398e-10 +/- 1.07e-11 [4169 selected]
| >   graph_9     : 1.0599324556926012e-09 +/- 1.12e-11 [4497 selected]
| >   graph_10    : -2.7419062485868464e-09 +/- 5.90e-11 [24794 selected]
| >   graph_11    : 1.9104150627976306e-27 +/- 2.85e-28 [1353 selected]
| >   graph_12    : -5.5000685435409364e-10 +/- 7.59e-12 [3003 selected]
| >   graph_13    : -1.1762801908358977e-08 +/- 9.36e-11 [48133 selected]
| >   graph_14    : 1.0963434091159793e-10 +/- 5.30e-13 [1410 selected]
| >   graph_15    : -2.2533620550476450e-25 +/- 6.73e-25 [1431 selected]
| >   graph_16    : 3.8816664095304317e-09 +/- 1.27e-11 [2275 selected]
| >   graph_17    : -3.5591114041560069e-10 +/- 1.69e-12 [1413 selected]
| >   graph_18    : 1.1841735629984091e-08 +/- 4.74e-11 [19119 selected]
| >   graph_19    : 1.0641158849649991e-09 +/- 6.51e-12 [1430 selected]
| >   graph_20    : -7.6799176312949912e-10 +/- 4.50e-12 [1452 selected]
| >   graph_21    : -8.7417732379285516e-10 +/- 1.12e-11 [4444 selected]
| >   graph_22    : -5.3769594656010983e-10 +/- 3.91e-11 [6048 selected]
| >   graph_23    : -2.9292021552035092e-10 +/- 1.53e-11 [1763 selected]
| >   graph_24    : 5.9718888865456954e-10 +/- 1.69e-11 [4209 selected]
| >   graph_25    : 4.2769480692983419e-10 +/- 1.16e-11 [2306 selected]
| >   graph_26    : -2.1240238848450204e-10 +/- 1.04e-12 [1411 selected]
| >   graph_27    : -2.7421854241103013e-11 +/- 1.29e-13 [1426 selected]
| >   graph_28    : -1.1657203820313432e-09 +/- 9.16e-12 [1803 selected]
| >   graph_29    : 6.8081536604614339e-08 +/- 1.25e-10 [67568 selected]
| >   graph_30    : -1.1114465868767948e-09 +/- 1.05e-10 [74722 selected]
| >   graph_31    : 4.0495537675993915e-11 +/- 5.22e-13 [1350 selected]
| >   graph_32    : -4.2553148822298521e-11 +/- 9.06e-12 [1952 selected]
| >   graph_33    : -1.8824294170353954e-09 +/- 2.33e-11 [8836 selected]
| >   graph_34    : 8.6094120262617658e-26 +/- 5.67e-26 [1461 selected]
| >   graph_35    : 2.5441427969894097e-08 +/- 1.21e-10 [95289 selected]
| >   graph_36    : -2.9672008570269780e-09 +/- 2.32e-11 [7093 selected]
| >   graph_37    : 1.6082658627535820e-08 +/- 6.18e-11 [29699 selected]
| >   graph_38    : 3.9649865625286350e-10 +/- 4.36e-12 [1361 selected]
| >   graph_39    : -7.5872890397120097e-09 +/- 3.88e-11 [14443 selected]
| >   graph_40    : -5.8003994508022355e-10 +/- 1.96e-10 [139109 selected]
| >   graph_41    : 1.7268909481111330e-09 +/- 1.79e-11 [7154 selected]
| >   graph_42    : 4.4489416545710169e-09 +/- 1.08e-10 [49322 selected]
| >   graph_43    : 3.0906703800436033e-09 +/- 2.47e-11 [7729 selected]
| >   graph_44    : 4.4361306826800261e-10 +/- 7.59e-12 [2983 selected]
| >   graph_45    : 2.4239118373984078e-10 +/- 1.12e-12 [1488 selected]
| >   graph_46    : -6.1109462166291333e-11 +/- 4.43e-13 [1440 selected]
| >   graph_47    : -6.4747133717996119e-09 +/- 1.13e-10 [90808 selected]
| >   graph_48    : -9.1210322131536793e-11 +/- 2.66e-12 [1384 selected]
| >   graph_49    : -3.4394423253205811e-08 +/- 7.39e-11 [34840 selected]
| >   graph_50    : 9.0500792219519569e-10 +/- 1.53e-11 [3559 selected]
| >   graph_51    : 5.7673262862576302e-09 +/- 1.82e-11 [3617 selected]
| >   graph_52    : 2.3185261866841684e-10 +/- 6.85e-12 [1378 selected]
| >   graph_53    : -8.1189230893439774e-10 +/- 1.51e-11 [5895 selected]
| >   graph_54    : -2.6731084638794302e-09 +/- 1.41e-10 [51186 selected]
| >   graph_55    : 1.1198638178418673e-09 +/- 1.29e-11 [5115 selected]
| >   graph_56    : -4.2070117837412056e-09 +/- 1.34e-11 [2556 selected]
| >   graph_57    : -1.2914346575745718e-08 +/- 5.43e-11 [23166 selected]
| >   graph_58    : 4.2963959387240388e-11 +/- 2.91e-12 [1368 selected]
| >   graph_59    : 3.9841060194950236e-11 +/- 2.86e-12 [1354 selected]
| >   graph_60    : -6.8851085075057994e-11 +/- 2.92e-12 [1400 selected]
| >   graph_61    : 1.2695565821209383e-08 +/- 7.67e-11 [39152 selected]
| >   graph_62    : 8.4019426035872981e-24 +/- 1.85e-23 [1421 selected]
| >   graph_63    : -1.1465974550029074e-09 +/- 1.04e-11 [2217 selected]
| >   graph_64    : 8.3453225182300485e-10 +/- 5.29e-12 [1374 selected]
| >   sum         : 2.9671625676189378e-08
| >   total       : 2.9671625676189352e-08
| >   difference  : 2.6469779601696886e-23
[92mINFO[0m [94msymbolica_integrator l.7237[0m [96mt=2026-09-09,13:27:50.446[0m > Symbolica integration: starting iteration [92m50/100[0m using [94m1000000[0m points ...
[92mINFO[0m [94msymbolica_integrator l.7270[0m [96mt=2026-09-09,13:32:28.122[0m > ... result after this iteration:
| > Integration result after [92m50000000[0m evaluations in [92m603639.95 CPU-s[0m [94m(12072.8 µs / eval)[0m
| > Extremal weights:
| >   with jacobian    : 6.87291e+04 at xs = [1.1523609142106825e-05 8.0408886661259560e-01 4.9838097880659193e-01 1.8957618633349213e-01 8.5347278385972214e-01 6.8193530704548311e-01] | jacobian = 1.48509e+07
| >     momentum space  : k = [[1.5365375555778040e-03, -4.3457983363555212e-03, 1.8647702504812668e+02]; [4.7634774762067813e+01, -6.2642450015685178e+01, -5.0616133684117784e+01]]
| >   without jacobian : 6.12431e+04 at xs = [1.9893180760387205e-01 9.4960077021338030e-01 3.8092870816224239e-01 1.2514712715410771e-08 8.7933684086808808e-02 5.0016081222090403e-01] | jacobian = 2.23599e+01
| >     momentum space  : k = [[8.7866572274323872e+01, -2.8793455859316030e+01, 3.6297395289454343e+01]; [4.2610751484905640e-06, 2.6271882890532849e-06, -2.5290055668014643e-09]]
| >   before clipping   : 3.41825e+07 at xs = [2.6465773581051156e-07 3.6049628842816528e-01 4.9995464157519087e-01 2.2149523156633810e-01 6.3021386174112592e-01 4.8451896927468663e-01]
| >     momentum space  : k = [[-6.7733718784683002e-05, 8.1358120577888239e-05, 2.2680717696599095e+02]; [-7.7701663164253034e+01, -8.2966997489367074e+01, 5.5327572475072397e+00]]
| > Stability pipeline: float pairs accepted = 69032429, HP pairs attempted/accepted = 1668392/1668392
| > Stability triggers: float mismatch = 1563085, float non-finite/error = 687
| > HP precision escalations: attempted/accepted = 2006/2006
| > Higher-precision rejections: disagreement = 0, non-finite = 0, error = 0
| > Soft-mirror stability: pairs = 22229628, large-side triggers = 104144, HP orbits attempted/salvaged/failed = 1528807/1528807/0
| > Soft-mirror extrema: raw original = -6.08343e+09, post-average = 3.41825e+07
| > Strongest soft-mirror cancellation: residual/raw = 0.00000e+00
| > Unstable rotational-check points rejected = 0
| > Rotational-check high-precision retries = 1563772
| > Rotational-check high-precision salvaged = 1563772
| > Large-weight high-precision retries = 104620
| > Large-weight high-precision salvaged = 104620
| > Large-weight high-precision rejected = 0
| > Large-weight samples zeroed = 154 (3.080e-06 of samples; removed signed/absolute sums = 4.60132e+07/9.66332e+07)
| > Non-finite final outputs zeroed = 0
| > Non-finite float rotated evaluations seen = 30
| > Example higher-precision-retried xs = [1.7265545145750016e-01 3.0987003362503329e-01 3.2061093419506459e-01 2.9773816827716681e-01 4.2264025488893087e-01 5.4552528647525544e-01] | float rel = 1.83306e+00
| >     momentum space  : k = [[-2.5923335064264300e+01, 6.5631404491694042e+01, 4.4592524277177773e+01]; [-1.4841504911254179e+02, 7.8414345192107874e+01, -2.4172211541858793e+01]]
| > Example large-weight higher-precision-retried xs = [6.2315394262952850e-03 8.7335248832704826e-02 4.3698273950411237e-01 1.7075337559625559e-01 2.3328011702598017e-02 8.1591186955703054e-01] | compiled = 1.29744e+03 | higher precision = -1.91195e+00
| >     momentum space  : k = [[2.0981863278860531e+00, 1.2827845393213939e+00, 1.6464272205621262e+02]; [4.4540392286650942e+01, 6.5756311498899862e+00, -6.8970990633645286e+01]]
| > Example NaN/non-finite rotated xs = [9.7362215618168912e-01 2.8761982718842016e-02 7.1239412401005031e-01 7.6351383122687992e-06 8.1517347970654108e-01 4.6873166947969135e-02]
| >     momentum space  : k = [[1.1408782098248355e+04, 2.0845012077396245e+03, -9.1365956262265390e+03]; [1.7841371185143296e-04, -4.1105989017338625e-04, -2.9424209241204335e+04]]
| > [92mCentral value[0m : +2.9808891565695282e-08   +/- 4.12e-10     ([91m1.382%[0m)
[92mINFO[0m [94msymbolica_integrator l.7274[0m [96mt=2026-09-09,13:32:28.122[0m > | > Graph-channel Symbolica observer estimates:
| >   graph_0     : -2.0674558981881714e-08 +/- 9.14e-11 [53591 selected]
| >   graph_1     : 3.3658792474304212e-10 +/- 7.51e-12 [1725 selected]
| >   graph_2     : -1.2804786521150515e-08 +/- 3.88e-11 [13934 selected]
| >   graph_3     : 1.0995667205816386e-10 +/- 1.50e-12 [1372 selected]
| >   graph_4     : -6.5316465484111753e-10 +/- 1.22e-11 [2619 selected]
| >   graph_5     : -3.8721510294637497e-11 +/- 1.73e-12 [1430 selected]
| >   graph_6     : -4.1360182708128199e-11 +/- 1.81e-12 [1376 selected]
| >   graph_7     : 6.3846401228661842e-11 +/- 2.56e-12 [1356 selected]
| >   graph_8     : -9.1155616182009737e-10 +/- 1.06e-11 [4114 selected]
| >   graph_9     : 1.0610994890229553e-09 +/- 1.10e-11 [4747 selected]
| >   graph_10    : -2.7506093908224717e-09 +/- 5.80e-11 [24702 selected]
| >   graph_11    : 1.9484695447038125e-27 +/- 2.82e-28 [1431 selected]
| >   graph_12    : -5.4977648744771097e-10 +/- 7.51e-12 [2971 selected]
| >   graph_13    : -1.1762494216388112e-08 +/- 9.19e-11 [47671 selected]
| >   graph_14    : 1.0955115573397119e-10 +/- 5.23e-13 [1368 selected]
| >   graph_15    : -2.6046969284597568e-25 +/- 6.60e-25 [1422 selected]
| >   graph_16    : 3.8815405132255033e-09 +/- 1.26e-11 [2257 selected]
| >   graph_17    : -3.5602032703628667e-10 +/- 1.67e-12 [1381 selected]
| >   graph_18    : 1.1842240092503351e-08 +/- 4.67e-11 [19251 selected]
| >   graph_19    : 1.0639420469375598e-09 +/- 6.44e-12 [1357 selected]
| >   graph_20    : -7.6830419863726907e-10 +/- 4.45e-12 [1410 selected]
| >   graph_21    : -8.7441111925043923e-10 +/- 1.10e-11 [4498 selected]
| >   graph_22    : -5.3683894926016093e-10 +/- 3.83e-11 [5958 selected]
| >   graph_23    : -2.9314636280022173e-10 +/- 1.50e-11 [1773 selected]
| >   graph_24    : 5.9293167231077933e-10 +/- 1.67e-11 [4235 selected]
| >   graph_25    : 4.2880992931358329e-10 +/- 1.15e-11 [2275 selected]
| >   graph_26    : -2.1286687928580150e-10 +/- 1.03e-12 [1444 selected]
| >   graph_27    : -2.7427782555299614e-11 +/- 1.28e-13 [1413 selected]
| >   graph_28    : -1.1663149878275879e-09 +/- 9.07e-12 [1803 selected]
| >   graph_29    : 6.8091201512716466e-08 +/- 1.24e-10 [67461 selected]
| >   graph_30    : -1.1071186661533418e-09 +/- 1.03e-10 [74548 selected]
| >   graph_31    : 4.0467827530962566e-11 +/- 5.16e-13 [1277 selected]
| >   graph_32    : -4.4728174914125699e-11 +/- 8.95e-12 [1987 selected]
| >   graph_33    : -1.8839219832832130e-09 +/- 2.30e-11 [8765 selected]
| >   graph_34    : 8.5229840347404364e-26 +/- 5.59e-26 [1433 selected]
| >   graph_35    : 2.5458517103322314e-08 +/- 1.19e-10 [94647 selected]
| >   graph_36    : -2.9667833421494557e-09 +/- 2.30e-11 [7118 selected]
| >   graph_37    : 1.6101001430620539e-08 +/- 6.10e-11 [29789 selected]
| >   graph_38    : 3.9693156464705412e-10 +/- 4.31e-12 [1417 selected]
| >   graph_39    : -7.5902186985254189e-09 +/- 3.83e-11 [14451 selected]
| >   graph_40    : -5.6008239801069249e-10 +/- 1.93e-10 [140662 selected]
| >   graph_41    : 1.7279652196800602e-09 +/- 1.77e-11 [7276 selected]
| >   graph_42    : 4.4697777465224797e-09 +/- 1.06e-10 [49209 selected]
| >   graph_43    : 3.0926967785213328e-09 +/- 2.44e-11 [7663 selected]
| >   graph_44    : 4.4432620490058556e-10 +/- 7.51e-12 [2959 selected]
| >   graph_45    : 2.4250402082803924e-10 +/- 1.11e-12 [1455 selected]
| >   graph_46    : -6.1062629125875505e-11 +/- 4.39e-13 [1413 selected]
| >   graph_47    : -6.4631918529838610e-09 +/- 1.11e-10 [91084 selected]
| >   graph_48    : -9.1547244308661536e-11 +/- 2.64e-12 [1428 selected]
| >   graph_49    : -3.4396446268739218e-08 +/- 7.28e-11 [34806 selected]
| >   graph_50    : 9.0557018530371870e-10 +/- 1.51e-11 [3545 selected]
| >   graph_51    : 5.7695428911556687e-09 +/- 1.80e-11 [3725 selected]
| >   graph_52    : 2.3083092555472012e-10 +/- 6.78e-12 [1394 selected]
| >   graph_53    : -8.1193497866699727e-10 +/- 1.49e-11 [5936 selected]
| >   graph_54    : -2.6634938229829249e-09 +/- 1.39e-10 [50660 selected]
| >   graph_55    : 1.1212211150245963e-09 +/- 1.28e-11 [5078 selected]
| >   graph_56    : -4.2082601071614830e-09 +/- 1.33e-11 [2630 selected]
| >   graph_57    : -1.2915026549734617e-08 +/- 5.35e-11 [22774 selected]
| >   graph_58    : 4.3308915457277977e-11 +/- 2.88e-12 [1499 selected]
| >   graph_59    : 4.0033792220347339e-11 +/- 2.83e-12 [1425 selected]
| >   graph_60    : -6.8739030557655554e-11 +/- 2.89e-12 [1377 selected]
| >   graph_61    : 1.2708101700532165e-08 +/- 7.55e-11 [39354 selected]
| >   graph_62    : 8.1843828928302385e-24 +/- 1.81e-23 [1362 selected]
| >   graph_63    : -1.1439270419559666e-09 +/- 1.03e-11 [2176 selected]
| >   graph_64    : 8.3322823734047675e-10 +/- 5.24e-12 [1333 selected]
| >   sum         : 2.9808891565695309e-08
| >   total       : 2.9808891565695282e-08
| >   difference  : 2.6469779601696886e-23
[92mINFO[0m [94msymbolica_integrator l.7237[0m [96mt=2026-09-09,13:32:28.123[0m > Symbolica integration: starting iteration [92m51/100[0m using [94m1000000[0m points ...
[92mINFO[0m [94msymbolica_integrator l.7270[0m [96mt=2026-09-09,13:38:07.888[0m > ... result after this iteration:
| > Integration result after [92m51000000[0m evaluations in [92m617753.95 CPU-s[0m [94m(12112.8 µs / eval)[0m
| > Extremal weights:
| >   with jacobian    : 6.87291e+04 at xs = [1.1523609142106825e-05 8.0408886661259560e-01 4.9838097880659193e-01 1.8957618633349213e-01 8.5347278385972214e-01 6.8193530704548311e-01] | jacobian = 1.48509e+07
| >     momentum space  : k = [[1.5365375555778040e-03, -4.3457983363555212e-03, 1.8647702504812668e+02]; [4.7634774762067813e+01, -6.2642450015685178e+01, -5.0616133684117784e+01]]
| >   without jacobian : 6.12431e+04 at xs = [1.9893180760387205e-01 9.4960077021338030e-01 3.8092870816224239e-01 1.2514712715410771e-08 8.7933684086808808e-02 5.0016081222090403e-01] | jacobian = 2.23599e+01
| >     momentum space  : k = [[8.7866572274323872e+01, -2.8793455859316030e+01, 3.6297395289454343e+01]; [4.2610751484905640e-06, 2.6271882890532849e-06, -2.5290055668014643e-09]]
| >   before clipping   : 3.41825e+07 at xs = [2.6465773581051156e-07 3.6049628842816528e-01 4.9995464157519087e-01 2.2149523156633810e-01 6.3021386174112592e-01 4.8451896927468663e-01]
| >     momentum space  : k = [[-6.7733718784683002e-05, 8.1358120577888239e-05, 2.2680717696599095e+02]; [-7.7701663164253034e+01, -8.2966997489367074e+01, 5.5327572475072397e+00]]
| > Stability pipeline: float pairs accepted = 70404309, HP pairs attempted/accepted = 1706811/1706811
| > Stability triggers: float mismatch = 1598835, float non-finite/error = 705
| > HP precision escalations: attempted/accepted = 2065/2065
| > Higher-precision rejections: disagreement = 0, non-finite = 0, error = 0
| > Soft-mirror stability: pairs = 22675779, large-side triggers = 106783, HP orbits attempted/salvaged/failed = 1564659/1564659/0
| > Soft-mirror extrema: raw original = -6.08343e+09, post-average = 3.41825e+07
| > Strongest soft-mirror cancellation: residual/raw = 0.00000e+00
| > Unstable rotational-check points rejected = 0
| > Rotational-check high-precision retries = 1599540
| > Rotational-check high-precision salvaged = 1599540
| > Large-weight high-precision retries = 107271
| > Large-weight high-precision salvaged = 107271
| > Large-weight high-precision rejected = 0
| > Large-weight samples zeroed = 157 (3.078e-06 of samples; removed signed/absolute sums = 4.67976e+07/9.74177e+07)
| > Non-finite final outputs zeroed = 0
| > Non-finite float rotated evaluations seen = 30
| > Example higher-precision-retried xs = [1.7265545145750016e-01 3.0987003362503329e-01 3.2061093419506459e-01 2.9773816827716681e-01 4.2264025488893087e-01 5.4552528647525544e-01] | float rel = 1.83306e+00
| >     momentum space  : k = [[-2.5923335064264300e+01, 6.5631404491694042e+01, 4.4592524277177773e+01]; [-1.4841504911254179e+02, 7.8414345192107874e+01, -2.4172211541858793e+01]]
| > Example large-weight higher-precision-retried xs = [6.2315394262952850e-03 8.7335248832704826e-02 4.3698273950411237e-01 1.7075337559625559e-01 2.3328011702598017e-02 8.1591186955703054e-01] | compiled = 1.29744e+03 | higher precision = -1.91195e+00
| >     momentum space  : k = [[2.0981863278860531e+00, 1.2827845393213939e+00, 1.6464272205621262e+02]; [4.4540392286650942e+01, 6.5756311498899862e+00, -6.8970990633645286e+01]]
| > Example NaN/non-finite rotated xs = [9.7362215618168912e-01 2.8761982718842016e-02 7.1239412401005031e-01 7.6351383122687992e-06 8.1517347970654108e-01 4.6873166947969135e-02]
| >     momentum space  : k = [[1.1408782098248355e+04, 2.0845012077396245e+03, -9.1365956262265390e+03]; [1.7841371185143296e-04, -4.1105989017338625e-04, -2.9424209241204335e+04]]
| > [92mCentral value[0m : +2.9769320630062165e-08   +/- 4.05e-10     ([91m1.362%[0m)
[92mINFO[0m [94msymbolica_integrator l.7274[0m [96mt=2026-09-09,13:38:07.889[0m > | > Graph-channel Symbolica observer estimates:
| >   graph_0     : -2.0676004646067764e-08 +/- 9.01e-11 [53543 selected]
| >   graph_1     : 3.3552814712204024e-10 +/- 7.43e-12 [1741 selected]
| >   graph_2     : -1.2809283932222209e-08 +/- 3.83e-11 [13980 selected]
| >   graph_3     : 1.0997224216442598e-10 +/- 1.49e-12 [1435 selected]
| >   graph_4     : -6.4983349465487313e-10 +/- 1.21e-11 [2577 selected]
| >   graph_5     : -3.8241415195975700e-11 +/- 1.71e-12 [1372 selected]
| >   graph_6     : -4.1230241083339971e-11 +/- 1.79e-12 [1395 selected]
| >   graph_7     : 6.3924980749331688e-11 +/- 2.54e-12 [1488 selected]
| >   graph_8     : -9.1252342397686539e-10 +/- 1.04e-11 [4111 selected]
| >   graph_9     : 1.0630720832672880e-09 +/- 1.09e-11 [4624 selected]
| >   graph_10    : -2.7557744944225247e-09 +/- 5.71e-11 [24617 selected]
| >   graph_11    : 1.9794096483128563e-27 +/- 2.79e-28 [1445 selected]
| >   graph_12    : -5.5031132147439063e-10 +/- 7.42e-12 [2883 selected]
| >   graph_13    : -1.1760712745508562e-08 +/- 9.03e-11 [47708 selected]
| >   graph_14    : 1.0963584740730642e-10 +/- 5.17e-13 [1436 selected]
| >   graph_15    : -2.5652844507137657e-25 +/- 6.47e-25 [1371 selected]
| >   graph_16    : 3.8827063906775800e-09 +/- 1.25e-11 [2354 selected]
| >   graph_17    : -3.5562773184360434e-10 +/- 1.65e-12 [1314 selected]
| >   graph_18    : 1.1844170994627288e-08 +/- 4.61e-11 [19222 selected]
| >   graph_19    : 1.0634035557839256e-09 +/- 6.38e-12 [1416 selected]
| >   graph_20    : -7.6837960027192380e-10 +/- 4.41e-12 [1383 selected]
| >   graph_21    : -8.7381230051310811e-10 +/- 1.09e-11 [4532 selected]
| >   graph_22    : -5.3728820822412656e-10 +/- 3.76e-11 [5802 selected]
| >   graph_23    : -2.9233165893458715e-10 +/- 1.47e-11 [1759 selected]
| >   graph_24    : 5.9145175793705389e-10 +/- 1.66e-11 [4311 selected]
| >   graph_25    : 4.2792379157550753e-10 +/- 1.14e-11 [2262 selected]
| >   graph_26    : -2.1293682595601610e-10 +/- 1.01e-12 [1420 selected]
| >   graph_27    : -2.7417481054536442e-11 +/- 1.26e-13 [1398 selected]
| >   graph_28    : -1.1672498828010531e-09 +/- 8.99e-12 [1822 selected]
| >   graph_29    : 6.8096736632086068e-08 +/- 1.22e-10 [67852 selected]
| >   graph_30    : -1.1135906222279896e-09 +/- 1.01e-10 [74160 selected]
| >   graph_31    : 4.0355294402182058e-11 +/- 5.11e-13 [1352 selected]
| >   graph_32    : -4.7105634567374148e-11 +/- 8.85e-12 [2038 selected]
| >   graph_33    : -1.8837771264101653e-09 +/- 2.27e-11 [8813 selected]
| >   graph_34    : 8.6955220178267194e-26 +/- 5.51e-26 [1386 selected]
| >   graph_35    : 2.5438403539210244e-08 +/- 1.18e-10 [94705 selected]
| >   graph_36    : -2.9679806709855698e-09 +/- 2.27e-11 [7307 selected]
| >   graph_37    : 1.6107224661078545e-08 +/- 6.03e-11 [30049 selected]
| >   graph_38    : 3.9828845508821289e-10 +/- 4.28e-12 [1486 selected]
| >   graph_39    : -7.6011075397604669e-09 +/- 3.79e-11 [14636 selected]
| >   graph_40    : -5.6645774683582171e-10 +/- 1.90e-10 [139921 selected]
| >   graph_41    : 1.7263809832222256e-09 +/- 1.75e-11 [7076 selected]
| >   graph_42    : 4.4802484784758804e-09 +/- 1.05e-10 [49300 selected]
| >   graph_43    : 3.0941046851835282e-09 +/- 2.41e-11 [7889 selected]
| >   graph_44    : 4.4237213767735900e-10 +/- 7.43e-12 [2904 selected]
| >   graph_45    : 2.4245363048005775e-10 +/- 1.10e-12 [1422 selected]
| >   graph_46    : -6.0982041492423592e-11 +/- 4.34e-13 [1426 selected]
| >   graph_47    : -6.4557311764147973e-09 +/- 1.09e-10 [90552 selected]
| >   graph_48    : -9.1773609440973273e-11 +/- 2.61e-12 [1446 selected]
| >   graph_49    : -3.4402493596916666e-08 +/- 7.18e-11 [35254 selected]
| >   graph_50    : 9.0224789043681740e-10 +/- 1.49e-11 [3583 selected]
| >   graph_51    : 5.7717425628613368e-09 +/- 1.79e-11 [3736 selected]
| >   graph_52    : 2.3059163284667159e-10 +/- 6.72e-12 [1392 selected]
| >   graph_53    : -8.1318647003577469e-10 +/- 1.47e-11 [5773 selected]
| >   graph_54    : -2.6714550904816925e-09 +/- 1.36e-10 [50722 selected]
| >   graph_55    : 1.1207790661327736e-09 +/- 1.26e-11 [4947 selected]
| >   graph_56    : -4.2090099463800084e-09 +/- 1.32e-11 [2650 selected]
| >   graph_57    : -1.2915940959395678e-08 +/- 5.27e-11 [23136 selected]
| >   graph_58    : 4.3457875661428713e-11 +/- 2.85e-12 [1382 selected]
| >   graph_59    : 4.0153116442693817e-11 +/- 2.80e-12 [1374 selected]
| >   graph_60    : -6.9345745113192149e-11 +/- 2.86e-12 [1417 selected]
| >   graph_61    : 1.2712897007367256e-08 +/- 7.46e-11 [39178 selected]
| >   graph_62    : 7.9515444177850621e-24 +/- 1.78e-23 [1317 selected]
| >   graph_63    : -1.1451760644265195e-09 +/- 1.02e-11 [2341 selected]
| >   graph_64    : 8.3316663518771813e-10 +/- 5.18e-12 [1357 selected]
| >   sum         : 2.9769320630062182e-08
| >   total       : 2.9769320630062165e-08
| >   difference  : 1.6543612251060553e-23
[92mINFO[0m [94msymbolica_integrator l.7237[0m [96mt=2026-09-09,13:38:07.889[0m > Symbolica integration: starting iteration [92m52/100[0m using [94m1000000[0m points ...
[92mINFO[0m [94msymbolica_integrator l.7270[0m [96mt=2026-09-09,13:43:49.112[0m > ... result after this iteration:
| > Integration result after [92m52000000[0m evaluations in [92m632792.46 CPU-s[0m [94m(12169.1 µs / eval)[0m
| > Extremal weights:
| >   with jacobian    : 6.87291e+04 at xs = [1.1523609142106825e-05 8.0408886661259560e-01 4.9838097880659193e-01 1.8957618633349213e-01 8.5347278385972214e-01 6.8193530704548311e-01] | jacobian = 1.48509e+07
| >     momentum space  : k = [[1.5365375555778040e-03, -4.3457983363555212e-03, 1.8647702504812668e+02]; [4.7634774762067813e+01, -6.2642450015685178e+01, -5.0616133684117784e+01]]
| >   without jacobian : 6.12431e+04 at xs = [1.9893180760387205e-01 9.4960077021338030e-01 3.8092870816224239e-01 1.2514712715410771e-08 8.7933684086808808e-02 5.0016081222090403e-01] | jacobian = 2.23599e+01
| >     momentum space  : k = [[8.7866572274323872e+01, -2.8793455859316030e+01, 3.6297395289454343e+01]; [4.2610751484905640e-06, 2.6271882890532849e-06, -2.5290055668014643e-09]]
| >   before clipping   : 3.41825e+07 at xs = [2.6465773581051156e-07 3.6049628842816528e-01 4.9995464157519087e-01 2.2149523156633810e-01 6.3021386174112592e-01 4.8451896927468663e-01]
| >     momentum space  : k = [[-6.7733718784683002e-05, 8.1358120577888239e-05, 2.2680717696599095e+02]; [-7.7701663164253034e+01, -8.2966997489367074e+01, 5.5327572475072397e+00]]
| > Stability pipeline: float pairs accepted = 71777368, HP pairs attempted/accepted = 1745558/1745558
| > Stability triggers: float mismatch = 1635001, float non-finite/error = 730
| > HP precision escalations: attempted/accepted = 2143/2143
| > Higher-precision rejections: disagreement = 0, non-finite = 0, error = 0
| > Soft-mirror stability: pairs = 23123574, large-side triggers = 109324, HP orbits attempted/salvaged/failed = 1600648/1600648/0
| > Soft-mirror extrema: raw original = -6.08343e+09, post-average = 3.41825e+07
| > Strongest soft-mirror cancellation: residual/raw = 0.00000e+00
| > Unstable rotational-check points rejected = 0
| > Rotational-check high-precision retries = 1635731
| > Rotational-check high-precision salvaged = 1635731
| > Large-weight high-precision retries = 109827
| > Large-weight high-precision salvaged = 109827
| > Large-weight high-precision rejected = 0
| > Large-weight samples zeroed = 159 (3.058e-06 of samples; removed signed/absolute sums = 4.74456e+07/9.80657e+07)
| > Non-finite final outputs zeroed = 0
| > Non-finite float rotated evaluations seen = 31
| > Example higher-precision-retried xs = [1.7265545145750016e-01 3.0987003362503329e-01 3.2061093419506459e-01 2.9773816827716681e-01 4.2264025488893087e-01 5.4552528647525544e-01] | float rel = 1.83306e+00
| >     momentum space  : k = [[-2.5923335064264300e+01, 6.5631404491694042e+01, 4.4592524277177773e+01]; [-1.4841504911254179e+02, 7.8414345192107874e+01, -2.4172211541858793e+01]]
| > Example large-weight higher-precision-retried xs = [6.2315394262952850e-03 8.7335248832704826e-02 4.3698273950411237e-01 1.7075337559625559e-01 2.3328011702598017e-02 8.1591186955703054e-01] | compiled = 1.29744e+03 | higher precision = -1.91195e+00
| >     momentum space  : k = [[2.0981863278860531e+00, 1.2827845393213939e+00, 1.6464272205621262e+02]; [4.4540392286650942e+01, 6.5756311498899862e+00, -6.8970990633645286e+01]]
| > Example NaN/non-finite rotated xs = [9.7362215618168912e-01 2.8761982718842016e-02 7.1239412401005031e-01 7.6351383122687992e-06 8.1517347970654108e-01 4.6873166947969135e-02]
| >     momentum space  : k = [[1.1408782098248355e+04, 2.0845012077396245e+03, -9.1365956262265390e+03]; [1.7841371185143296e-04, -4.1105989017338625e-04, -2.9424209241204335e+04]]
| > [92mCentral value[0m : +2.9806739225962155e-08   +/- 4.00e-10     ([91m1.343%[0m)
[92mINFO[0m [94msymbolica_integrator l.7274[0m [96mt=2026-09-09,13:43:49.112[0m > | > Graph-channel Symbolica observer estimates:
| >   graph_0     : -2.0667368830331361e-08 +/- 8.89e-11 [54125 selected]
| >   graph_1     : 3.3638176866738257e-10 +/- 7.38e-12 [1766 selected]
| >   graph_2     : -1.2811731137151768e-08 +/- 3.79e-11 [13804 selected]
| >   graph_3     : 1.0986082903672407e-10 +/- 1.48e-12 [1399 selected]
| >   graph_4     : -6.5193382823500321e-10 +/- 1.20e-11 [2535 selected]
| >   graph_5     : -3.8469939910124786e-11 +/- 1.70e-12 [1387 selected]
| >   graph_6     : -4.1383023986706320e-11 +/- 1.77e-12 [1369 selected]
| >   graph_7     : 6.3533002593693414e-11 +/- 2.52e-12 [1448 selected]
| >   graph_8     : -9.1074877100517952e-10 +/- 1.03e-11 [4142 selected]
| >   graph_9     : 1.0643274054533201e-09 +/- 1.08e-11 [4662 selected]
| >   graph_10    : -2.7579826515521867e-09 +/- 5.62e-11 [24509 selected]
| >   graph_11    : 1.9800739642716131e-27 +/- 2.76e-28 [1429 selected]
| >   graph_12    : -5.4952787913519015e-10 +/- 7.34e-12 [2992 selected]
| >   graph_13    : -1.1769856169479268e-08 +/- 8.90e-11 [47906 selected]
| >   graph_14    : 1.0950496761262179e-10 +/- 5.11e-13 [1346 selected]
| >   graph_15    : -2.3970544511385556e-25 +/- 6.35e-25 [1377 selected]
| >   graph_16    : 3.8836352567221914e-09 +/- 1.24e-11 [2346 selected]
| >   graph_17    : -3.5533700660874824e-10 +/- 1.63e-12 [1337 selected]
| >   graph_18    : 1.1847363497036225e-08 +/- 4.55e-11 [18996 selected]
| >   graph_19    : 1.0636831786712027e-09 +/- 6.32e-12 [1418 selected]
| >   graph_20    : -7.6854598050588565e-10 +/- 4.37e-12 [1356 selected]
| >   graph_21    : -8.7311263100116919e-10 +/- 1.08e-11 [4579 selected]
| >   graph_22    : -5.3771304920898852e-10 +/- 3.69e-11 [5882 selected]
| >   graph_23    : -2.9630513315168955e-10 +/- 1.54e-11 [1730 selected]
| >   graph_24    : 5.9341143480607888e-10 +/- 1.64e-11 [4221 selected]
| >   graph_25    : 4.2873403739550597e-10 +/- 1.13e-11 [2138 selected]
| >   graph_26    : -2.1299512624003143e-10 +/- 1.00e-12 [1407 selected]
| >   graph_27    : -2.7418170569906337e-11 +/- 1.25e-13 [1399 selected]
| >   graph_28    : -1.1658747573360563e-09 +/- 8.90e-12 [1832 selected]
| >   graph_29    : 6.8100279487367737e-08 +/- 1.20e-10 [67923 selected]
| >   graph_30    : -1.0888817330564048e-09 +/- 1.04e-10 [73896 selected]
| >   graph_31    : 4.0439155919557657e-11 +/- 5.05e-13 [1388 selected]
| >   graph_32    : -4.6931538606690026e-11 +/- 8.75e-12 [2022 selected]
| >   graph_33    : -1.8847735071629790e-09 +/- 2.23e-11 [8817 selected]
| >   graph_34    : 9.2092699601940857e-26 +/- 5.47e-26 [1383 selected]
| >   graph_35    : 2.5446880246252917e-08 +/- 1.16e-10 [95669 selected]
| >   graph_36    : -2.9627608435802997e-09 +/- 2.25e-11 [7177 selected]
| >   graph_37    : 1.6118701456655864e-08 +/- 5.95e-11 [29884 selected]
| >   graph_38    : 3.9847323297056113e-10 +/- 4.24e-12 [1420 selected]
| >   graph_39    : -7.6012703446146215e-09 +/- 3.75e-11 [14696 selected]
| >   graph_40    : -5.6581810703763552e-10 +/- 1.86e-10 [140082 selected]
| >   graph_41    : 1.7278740600515958e-09 +/- 1.73e-11 [7131 selected]
| >   graph_42    : 4.4868884312697514e-09 +/- 1.03e-10 [49392 selected]
| >   graph_43    : 3.0892517951140956e-09 +/- 2.39e-11 [7761 selected]
| >   graph_44    : 4.4208994072410084e-10 +/- 7.35e-12 [2856 selected]
| >   graph_45    : 2.4279043945346423e-10 +/- 1.09e-12 [1499 selected]
| >   graph_46    : -6.1003413314575671e-11 +/- 4.29e-13 [1369 selected]
| >   graph_47    : -6.4593005193604095e-09 +/- 1.08e-10 [90516 selected]
| >   graph_48    : -9.1849422120538465e-11 +/- 2.58e-12 [1427 selected]
| >   graph_49    : -3.4397336890601504e-08 +/- 7.08e-11 [34880 selected]
| >   graph_50    : 8.9995835213263825e-10 +/- 1.48e-11 [3516 selected]
| >   graph_51    : 5.7669920169602685e-09 +/- 1.77e-11 [3657 selected]
| >   graph_52    : 2.2995188070408305e-10 +/- 6.65e-12 [1362 selected]
| >   graph_53    : -8.1318157571764211e-10 +/- 1.46e-11 [5656 selected]
| >   graph_54    : -2.6710400484852184e-09 +/- 1.34e-10 [51037 selected]
| >   graph_55    : 1.1213447272972752e-09 +/- 1.25e-11 [4936 selected]
| >   graph_56    : -4.2092728144629775e-09 +/- 1.31e-11 [2568 selected]
| >   graph_57    : -1.2920009151468717e-08 +/- 5.20e-11 [22883 selected]
| >   graph_58    : 4.3192876797967619e-11 +/- 2.83e-12 [1378 selected]
| >   graph_59    : 3.9838253747011729e-11 +/- 2.78e-12 [1384 selected]
| >   graph_60    : -6.9345063743697963e-11 +/- 2.84e-12 [1477 selected]
| >   graph_61    : 1.2703782246947735e-08 +/- 7.35e-11 [39200 selected]
| >   graph_62    : 7.8693371295637966e-24 +/- 1.74e-23 [1364 selected]
| >   graph_63    : -1.1457822933797793e-09 +/- 1.01e-11 [2185 selected]
| >   graph_64    : 8.3243659972353403e-10 +/- 5.13e-12 [1372 selected]
| >   sum         : 2.9806739225962162e-08
| >   total       : 2.9806739225962155e-08
| >   difference  : 6.6174449004242214e-24
[92mINFO[0m [94msymbolica_integrator l.7237[0m [96mt=2026-09-09,13:43:49.112[0m > Symbolica integration: starting iteration [92m53/100[0m using [94m1000000[0m points ...
[92mINFO[0m [94msymbolica_integrator l.7270[0m [96mt=2026-09-09,13:49:18.324[0m > ... result after this iteration:
| > Integration result after [92m53000000[0m evaluations in [92m646359.72 CPU-s[0m [94m(12195.5 µs / eval)[0m
| > Extremal weights:
| >   with jacobian    : 6.87291e+04 at xs = [1.1523609142106825e-05 8.0408886661259560e-01 4.9838097880659193e-01 1.8957618633349213e-01 8.5347278385972214e-01 6.8193530704548311e-01] | jacobian = 1.48509e+07
| >     momentum space  : k = [[1.5365375555778040e-03, -4.3457983363555212e-03, 1.8647702504812668e+02]; [4.7634774762067813e+01, -6.2642450015685178e+01, -5.0616133684117784e+01]]
| >   without jacobian : 6.12431e+04 at xs = [1.9893180760387205e-01 9.4960077021338030e-01 3.8092870816224239e-01 1.2514712715410771e-08 8.7933684086808808e-02 5.0016081222090403e-01] | jacobian = 2.23599e+01
| >     momentum space  : k = [[8.7866572274323872e+01, -2.8793455859316030e+01, 3.6297395289454343e+01]; [4.2610751484905640e-06, 2.6271882890532849e-06, -2.5290055668014643e-09]]
| >   before clipping   : 3.41825e+07 at xs = [2.6465773581051156e-07 3.6049628842816528e-01 4.9995464157519087e-01 2.2149523156633810e-01 6.3021386174112592e-01 4.8451896927468663e-01]
| >     momentum space  : k = [[-6.7733718784683002e-05, 8.1358120577888239e-05, 2.2680717696599095e+02]; [-7.7701663164253034e+01, -8.2966997489367074e+01, 5.5327572475072397e+00]]
| > Stability pipeline: float pairs accepted = 73144415, HP pairs attempted/accepted = 1785822/1785822
| > Stability triggers: float mismatch = 1672652, float non-finite/error = 753
| > HP precision escalations: attempted/accepted = 2204/2204
| > Higher-precision rejections: disagreement = 0, non-finite = 0, error = 0
| > Soft-mirror stability: pairs = 23568545, large-side triggers = 111908, HP orbits attempted/salvaged/failed = 1638308/1638308/0
| > Soft-mirror extrema: raw original = -6.08343e+09, post-average = 3.41825e+07
| > Strongest soft-mirror cancellation: residual/raw = 0.00000e+00
| > Unstable rotational-check points rejected = 0
| > Rotational-check high-precision retries = 1673405
| > Rotational-check high-precision salvaged = 1673405
| > Large-weight high-precision retries = 112417
| > Large-weight high-precision salvaged = 112417
| > Large-weight high-precision rejected = 0
| > Large-weight samples zeroed = 163 (3.075e-06 of samples; removed signed/absolute sums = 4.91289e+07/9.97490e+07)
| > Non-finite final outputs zeroed = 0
| > Non-finite float rotated evaluations seen = 32
| > Example higher-precision-retried xs = [1.7265545145750016e-01 3.0987003362503329e-01 3.2061093419506459e-01 2.9773816827716681e-01 4.2264025488893087e-01 5.4552528647525544e-01] | float rel = 1.83306e+00
| >     momentum space  : k = [[-2.5923335064264300e+01, 6.5631404491694042e+01, 4.4592524277177773e+01]; [-1.4841504911254179e+02, 7.8414345192107874e+01, -2.4172211541858793e+01]]
| > Example large-weight higher-precision-retried xs = [6.2315394262952850e-03 8.7335248832704826e-02 4.3698273950411237e-01 1.7075337559625559e-01 2.3328011702598017e-02 8.1591186955703054e-01] | compiled = 1.29744e+03 | higher precision = -1.91195e+00
| >     momentum space  : k = [[2.0981863278860531e+00, 1.2827845393213939e+00, 1.6464272205621262e+02]; [4.4540392286650942e+01, 6.5756311498899862e+00, -6.8970990633645286e+01]]
| > Example NaN/non-finite rotated xs = [9.7362215618168912e-01 2.8761982718842016e-02 7.1239412401005031e-01 7.6351383122687992e-06 8.1517347970654108e-01 4.6873166947969135e-02]
| >     momentum space  : k = [[1.1408782098248355e+04, 2.0845012077396245e+03, -9.1365956262265390e+03]; [1.7841371185143296e-04, -4.1105989017338625e-04, -2.9424209241204335e+04]]
| > [92mCentral value[0m : +2.9816027351644437e-08   +/- 3.94e-10     ([91m1.323%[0m)
[92mINFO[0m [94msymbolica_integrator l.7274[0m [96mt=2026-09-09,13:49:18.324[0m > | > Graph-channel Symbolica observer estimates:
| >   graph_0     : -2.0667862064713667e-08 +/- 8.77e-11 [53750 selected]
| >   graph_1     : 3.3570898987398769e-10 +/- 7.30e-12 [1768 selected]
| >   graph_2     : -1.2811710089850473e-08 +/- 3.75e-11 [13928 selected]
| >   graph_3     : 1.0951980621498845e-10 +/- 1.46e-12 [1348 selected]
| >   graph_4     : -6.5132429992611520e-10 +/- 1.19e-11 [2490 selected]
| >   graph_5     : -3.8647247218213797e-11 +/- 1.68e-12 [1374 selected]
| >   graph_6     : -4.1169756741827212e-11 +/- 1.76e-12 [1384 selected]
| >   graph_7     : 6.4287602216354146e-11 +/- 2.49e-12 [1366 selected]
| >   graph_8     : -9.0946362145619261e-10 +/- 1.02e-11 [3969 selected]
| >   graph_9     : 1.0625648694991120e-09 +/- 1.06e-11 [4556 selected]
| >   graph_10    : -2.7588736917360591e-09 +/- 5.54e-11 [24483 selected]
| >   graph_11    : 1.9667128623421331e-27 +/- 2.75e-28 [1380 selected]
| >   graph_12    : -5.4835644650754932e-10 +/- 7.26e-12 [2901 selected]
| >   graph_13    : -1.1772001772433311e-08 +/- 8.75e-11 [47457 selected]
| >   graph_14    : 1.0949502990849239e-10 +/- 5.06e-13 [1395 selected]
| >   graph_15    : -2.5567090071570730e-25 +/- 6.23e-25 [1399 selected]
| >   graph_16    : 3.8827621592085694e-09 +/- 1.23e-11 [2258 selected]
| >   graph_17    : -3.5530584096996611e-10 +/- 1.61e-12 [1390 selected]
| >   graph_18    : 1.1860029332976509e-08 +/- 4.49e-11 [19221 selected]
| >   graph_19    : 1.0639909756947352e-09 +/- 6.25e-12 [1382 selected]
| >   graph_20    : -7.6921085579393401e-10 +/- 4.33e-12 [1417 selected]
| >   graph_21    : -8.7313675053199960e-10 +/- 1.07e-11 [4585 selected]
| >   graph_22    : -5.3696104029903174e-10 +/- 3.62e-11 [5669 selected]
| >   graph_23    : -2.9602505973381822e-10 +/- 1.51e-11 [1823 selected]
| >   graph_24    : 5.9264867788036739e-10 +/- 1.62e-11 [4301 selected]
| >   graph_25    : 4.2747699373793126e-10 +/- 1.12e-11 [2223 selected]
| >   graph_26    : -2.1304936158391356e-10 +/- 9.95e-13 [1375 selected]
| >   graph_27    : -2.7415638231967160e-11 +/- 1.24e-13 [1393 selected]
| >   graph_28    : -1.1664940069405152e-09 +/- 8.82e-12 [1815 selected]
| >   graph_29    : 6.8102586440388885e-08 +/- 1.18e-10 [68144 selected]
| >   graph_30    : -1.0967838272478691e-09 +/- 1.02e-10 [78252 selected]
| >   graph_31    : 4.0453785134401916e-11 +/- 5.00e-13 [1339 selected]
| >   graph_32    : -4.7947078261417172e-11 +/- 8.65e-12 [1970 selected]
| >   graph_33    : -1.8852692919448244e-09 +/- 2.20e-11 [8769 selected]
| >   graph_34    : 8.7216597599592853e-26 +/- 5.39e-26 [1322 selected]
| >   graph_35    : 2.5445586491846478e-08 +/- 1.14e-10 [95148 selected]
| >   graph_36    : -2.9616305327384719e-09 +/- 2.23e-11 [7244 selected]
| >   graph_37    : 1.6116944465890382e-08 +/- 5.88e-11 [29981 selected]
| >   graph_38    : 3.9858711446301977e-10 +/- 4.20e-12 [1428 selected]
| >   graph_39    : -7.6013967961522011e-09 +/- 3.71e-11 [14490 selected]
| >   graph_40    : -5.5694715116618285e-10 +/- 1.83e-10 [139423 selected]
| >   graph_41    : 1.7361081151890338e-09 +/- 1.71e-11 [7314 selected]
| >   graph_42    : 4.4928885748686418e-09 +/- 1.01e-10 [49365 selected]
| >   graph_43    : 3.0889291784287966e-09 +/- 2.36e-11 [7791 selected]
| >   graph_44    : 4.4237928329892354e-10 +/- 7.28e-12 [2935 selected]
| >   graph_45    : 2.4278202829554137e-10 +/- 1.08e-12 [1381 selected]
| >   graph_46    : -6.0997292304827323e-11 +/- 4.25e-13 [1365 selected]
| >   graph_47    : -6.4622797354369866e-09 +/- 1.06e-10 [89495 selected]
| >   graph_48    : -9.2113235832493560e-11 +/- 2.56e-12 [1354 selected]
| >   graph_49    : -3.4406792407668360e-08 +/- 6.99e-11 [34583 selected]
| >   graph_50    : 8.9673789435606303e-10 +/- 1.46e-11 [3678 selected]
| >   graph_51    : 5.7677032389729674e-09 +/- 1.75e-11 [3687 selected]
| >   graph_52    : 2.2858221819374571e-10 +/- 6.60e-12 [1389 selected]
| >   graph_53    : -8.1209615105739948e-10 +/- 1.44e-11 [5684 selected]
| >   graph_54    : -2.6736257726697560e-09 +/- 1.31e-10 [50242 selected]
| >   graph_55    : 1.1222365886458375e-09 +/- 1.23e-11 [4921 selected]
| >   graph_56    : -4.2076079244094450e-09 +/- 1.30e-11 [2476 selected]
| >   graph_57    : -1.2918721498529692e-08 +/- 5.13e-11 [23008 selected]
| >   graph_58    : 4.3724516897202228e-11 +/- 2.80e-12 [1377 selected]
| >   graph_59    : 3.9979558886011472e-11 +/- 2.75e-12 [1389 selected]
| >   graph_60    : -6.9219860238584626e-11 +/- 2.81e-12 [1395 selected]
| >   graph_61    : 1.2704807636496895e-08 +/- 7.24e-11 [38853 selected]
| >   graph_62    : 6.0037751682680437e-24 +/- 1.71e-23 [1421 selected]
| >   graph_63    : -1.1449332162084096e-09 +/- 9.98e-12 [2195 selected]
| >   graph_64    : 8.3189510071606191e-10 +/- 5.07e-12 [1392 selected]
| >   sum         : 2.9816027351644463e-08
| >   total       : 2.9816027351644437e-08
| >   difference  : 2.6469779601696886e-23
[92mINFO[0m [94msymbolica_integrator l.7237[0m [96mt=2026-09-09,13:49:18.325[0m > Symbolica integration: starting iteration [92m54/100[0m using [94m1000000[0m points ...
[92mINFO[0m [94msymbolica_integrator l.7270[0m [96mt=2026-09-09,13:54:30.086[0m > ... result after this iteration:
| > Integration result after [92m54000000[0m evaluations in [92m658456.59 CPU-s[0m [94m(12193.6 µs / eval)[0m
| > Extremal weights:
| >   with jacobian    : 6.87291e+04 at xs = [1.1523609142106825e-05 8.0408886661259560e-01 4.9838097880659193e-01 1.8957618633349213e-01 8.5347278385972214e-01 6.8193530704548311e-01] | jacobian = 1.48509e+07
| >     momentum space  : k = [[1.5365375555778040e-03, -4.3457983363555212e-03, 1.8647702504812668e+02]; [4.7634774762067813e+01, -6.2642450015685178e+01, -5.0616133684117784e+01]]
| >   without jacobian : 6.12431e+04 at xs = [1.9893180760387205e-01 9.4960077021338030e-01 3.8092870816224239e-01 1.2514712715410771e-08 8.7933684086808808e-02 5.0016081222090403e-01] | jacobian = 2.23599e+01
| >     momentum space  : k = [[8.7866572274323872e+01, -2.8793455859316030e+01, 3.6297395289454343e+01]; [4.2610751484905640e-06, 2.6271882890532849e-06, -2.5290055668014643e-09]]
| >   before clipping   : 3.41825e+07 at xs = [2.6465773581051156e-07 3.6049628842816528e-01 4.9995464157519087e-01 2.2149523156633810e-01 6.3021386174112592e-01 4.8451896927468663e-01]
| >     momentum space  : k = [[-6.7733718784683002e-05, 8.1358120577888239e-05, 2.2680717696599095e+02]; [-7.7701663164253034e+01, -8.2966997489367074e+01, 5.5327572475072397e+00]]
| > Stability pipeline: float pairs accepted = 74515725, HP pairs attempted/accepted = 1824114/1824114
| > Stability triggers: float mismatch = 1708600, float non-finite/error = 773
| > HP precision escalations: attempted/accepted = 2273/2273
| > Higher-precision rejections: disagreement = 0, non-finite = 0, error = 0
| > Soft-mirror stability: pairs = 24013988, large-side triggers = 114221, HP orbits attempted/salvaged/failed = 1674149/1674149/0
| > Soft-mirror extrema: raw original = -6.08343e+09, post-average = 3.41825e+07
| > Strongest soft-mirror cancellation: residual/raw = 0.00000e+00
| > Unstable rotational-check points rejected = 0
| > Rotational-check high-precision retries = 1709373
| > Rotational-check high-precision salvaged = 1709373
| > Large-weight high-precision retries = 114741
| > Large-weight high-precision salvaged = 114741
| > Large-weight high-precision rejected = 0
| > Large-weight samples zeroed = 173 (3.204e-06 of samples; removed signed/absolute sums = 5.03963e+07/1.02420e+08)
| > Non-finite final outputs zeroed = 0
| > Non-finite float rotated evaluations seen = 32
| > Example higher-precision-retried xs = [1.7265545145750016e-01 3.0987003362503329e-01 3.2061093419506459e-01 2.9773816827716681e-01 4.2264025488893087e-01 5.4552528647525544e-01] | float rel = 1.83306e+00
| >     momentum space  : k = [[-2.5923335064264300e+01, 6.5631404491694042e+01, 4.4592524277177773e+01]; [-1.4841504911254179e+02, 7.8414345192107874e+01, -2.4172211541858793e+01]]
| > Example large-weight higher-precision-retried xs = [6.2315394262952850e-03 8.7335248832704826e-02 4.3698273950411237e-01 1.7075337559625559e-01 2.3328011702598017e-02 8.1591186955703054e-01] | compiled = 1.29744e+03 | higher precision = -1.91195e+00
| >     momentum space  : k = [[2.0981863278860531e+00, 1.2827845393213939e+00, 1.6464272205621262e+02]; [4.4540392286650942e+01, 6.5756311498899862e+00, -6.8970990633645286e+01]]
| > Example NaN/non-finite rotated xs = [9.7362215618168912e-01 2.8761982718842016e-02 7.1239412401005031e-01 7.6351383122687992e-06 8.1517347970654108e-01 4.6873166947969135e-02]
| >     momentum space  : k = [[1.1408782098248355e+04, 2.0845012077396245e+03, -9.1365956262265390e+03]; [1.7841371185143296e-04, -4.1105989017338625e-04, -2.9424209241204335e+04]]
| > [92mCentral value[0m : +2.9809028551145487e-08   +/- 3.88e-10     ([91m1.303%[0m)
[92mINFO[0m [94msymbolica_integrator l.7274[0m [96mt=2026-09-09,13:54:30.087[0m > | > Graph-channel Symbolica observer estimates:
| >   graph_0     : -2.0658386451821651e-08 +/- 8.66e-11 [53940 selected]
| >   graph_1     : 3.3495724746325797e-10 +/- 7.23e-12 [1762 selected]
| >   graph_2     : -1.2813572173175665e-08 +/- 3.71e-11 [14125 selected]
| >   graph_3     : 1.0953835513707522e-10 +/- 1.46e-12 [1396 selected]
| >   graph_4     : -6.5214700519247217e-10 +/- 1.18e-11 [2639 selected]
| >   graph_5     : -3.8790745516404455e-11 +/- 1.66e-12 [1444 selected]
| >   graph_6     : -4.0695366923616908e-11 +/- 1.74e-12 [1359 selected]
| >   graph_7     : 6.4664400905771372e-11 +/- 2.47e-12 [1383 selected]
| >   graph_8     : -9.0900956477347511e-10 +/- 1.01e-11 [4122 selected]
| >   graph_9     : 1.0616588585013995e-09 +/- 1.05e-11 [4527 selected]
| >   graph_10    : -2.7569224436929939e-09 +/- 5.46e-11 [24280 selected]
| >   graph_11    : 1.9130378768724388e-27 +/- 2.72e-28 [1446 selected]
| >   graph_12    : -5.4754463435352074e-10 +/- 7.19e-12 [2930 selected]
| >   graph_13    : -1.1766772939281091e-08 +/- 8.60e-11 [47024 selected]
| >   graph_14    : 1.0956196101203165e-10 +/- 5.01e-13 [1422 selected]
| >   graph_15    : -2.6281439983841684e-25 +/- 6.12e-25 [1424 selected]
| >   graph_16    : 3.8823269754095984e-09 +/- 1.22e-11 [2277 selected]
| >   graph_17    : -3.5565600473211082e-10 +/- 1.60e-12 [1446 selected]
| >   graph_18    : 1.1865968204064807e-08 +/- 4.43e-11 [19110 selected]
| >   graph_19    : 1.0639947582836791e-09 +/- 6.20e-12 [1408 selected]
| >   graph_20    : -7.6903573221443991e-10 +/- 4.29e-12 [1385 selected]
| >   graph_21    : -8.6979488033421331e-10 +/- 1.05e-11 [4448 selected]
| >   graph_22    : -5.3523759479567113e-10 +/- 3.55e-11 [5688 selected]
| >   graph_23    : -2.9539065186554049e-10 +/- 1.49e-11 [1886 selected]
| >   graph_24    : 5.9134971389567180e-10 +/- 1.61e-11 [4188 selected]
| >   graph_25    : 4.2482366040131531e-10 +/- 1.11e-11 [2161 selected]
| >   graph_26    : -2.1308812345850616e-10 +/- 9.84e-13 [1431 selected]
| >   graph_27    : -2.7439927451200491e-11 +/- 1.23e-13 [1449 selected]
| >   graph_28    : -1.1659083699708275e-09 +/- 8.75e-12 [1817 selected]
| >   graph_29    : 6.8104710137484677e-08 +/- 1.16e-10 [67896 selected]
| >   graph_30    : -1.1110403010201615e-09 +/- 1.01e-10 [78008 selected]
| >   graph_31    : 4.0434789308857384e-11 +/- 4.95e-13 [1313 selected]
| >   graph_32    : -4.8835812944528360e-11 +/- 8.57e-12 [2046 selected]
| >   graph_33    : -1.8825815017634866e-09 +/- 2.17e-11 [8584 selected]
| >   graph_34    : 8.5414139638141259e-26 +/- 5.31e-26 [1388 selected]
| >   graph_35    : 2.5425750174562944e-08 +/- 1.13e-10 [95152 selected]
| >   graph_36    : -2.9599184203281837e-09 +/- 2.20e-11 [7186 selected]
| >   graph_37    : 1.6119663862800522e-08 +/- 5.82e-11 [29765 selected]
| >   graph_38    : 3.9866641704433091e-10 +/- 4.16e-12 [1439 selected]
| >   graph_39    : -7.5984237839433050e-09 +/- 3.67e-11 [14488 selected]
| >   graph_40    : -5.6770117272560029e-10 +/- 1.80e-10 [140202 selected]
| >   graph_41    : 1.7328771723927551e-09 +/- 1.69e-11 [7168 selected]
| >   graph_42    : 4.4855791942779867e-09 +/- 9.96e-11 [49179 selected]
| >   graph_43    : 3.0905714209003118e-09 +/- 2.34e-11 [7712 selected]
| >   graph_44    : 4.4275082730279467e-10 +/- 7.20e-12 [2861 selected]
| >   graph_45    : 2.4272362225990573e-10 +/- 1.07e-12 [1417 selected]
| >   graph_46    : -6.0966448223230781e-11 +/- 4.21e-13 [1386 selected]
| >   graph_47    : -6.4464989297821769e-09 +/- 1.05e-10 [89604 selected]
| >   graph_48    : -9.2311372239659394e-11 +/- 2.53e-12 [1396 selected]
| >   graph_49    : -3.4412952843367098e-08 +/- 6.90e-11 [35034 selected]
| >   graph_50    : 8.9750233769746287e-10 +/- 1.44e-11 [3468 selected]
| >   graph_51    : 5.7670178227330627e-09 +/- 1.74e-11 [3587 selected]
| >   graph_52    : 2.2785556321752126e-10 +/- 6.53e-12 [1351 selected]
| >   graph_53    : -8.1232328409899765e-10 +/- 1.42e-11 [5708 selected]
| >   graph_54    : -2.6687748475926819e-09 +/- 1.29e-10 [50492 selected]
| >   graph_55    : 1.1196581001984773e-09 +/- 1.22e-11 [4786 selected]
| >   graph_56    : -4.2069680586446187e-09 +/- 1.29e-11 [2540 selected]
| >   graph_57    : -1.2922581158569205e-08 +/- 5.06e-11 [22670 selected]
| >   graph_58    : 4.4333228054314158e-11 +/- 2.77e-12 [1402 selected]
| >   graph_59    : 3.9611297432088118e-11 +/- 2.72e-12 [1386 selected]
| >   graph_60    : -6.9243599744220512e-11 +/- 2.79e-12 [1362 selected]
| >   graph_61    : 1.2709741694932686e-08 +/- 7.15e-11 [39114 selected]
| >   graph_62    : 6.4629614614168604e-24 +/- 1.68e-23 [1408 selected]
| >   graph_63    : -1.1441724971498735e-09 +/- 9.88e-12 [2157 selected]
| >   graph_64    : 8.3142339516063417e-10 +/- 5.02e-12 [1428 selected]
| >   sum         : 2.9809028551145520e-08
| >   total       : 2.9809028551145487e-08
| >   difference  : 3.3087224502121107e-23
[92mINFO[0m [94msymbolica_integrator l.7237[0m [96mt=2026-09-09,13:54:30.087[0m > Symbolica integration: starting iteration [92m55/100[0m using [94m1000000[0m points ...
[92mINFO[0m [94msymbolica_integrator l.7270[0m [96mt=2026-09-09,13:59:53.453[0m > ... result after this iteration:
| > Integration result after [92m55000000[0m evaluations in [92m671799.78 CPU-s[0m [94m(12214.5 µs / eval)[0m
| > Extremal weights:
| >   with jacobian    : 6.87291e+04 at xs = [1.1523609142106825e-05 8.0408886661259560e-01 4.9838097880659193e-01 1.8957618633349213e-01 8.5347278385972214e-01 6.8193530704548311e-01] | jacobian = 1.48509e+07
| >     momentum space  : k = [[1.5365375555778040e-03, -4.3457983363555212e-03, 1.8647702504812668e+02]; [4.7634774762067813e+01, -6.2642450015685178e+01, -5.0616133684117784e+01]]
| >   without jacobian : 6.12431e+04 at xs = [1.9893180760387205e-01 9.4960077021338030e-01 3.8092870816224239e-01 1.2514712715410771e-08 8.7933684086808808e-02 5.0016081222090403e-01] | jacobian = 2.23599e+01
| >     momentum space  : k = [[8.7866572274323872e+01, -2.8793455859316030e+01, 3.6297395289454343e+01]; [4.2610751484905640e-06, 2.6271882890532849e-06, -2.5290055668014643e-09]]
| >   before clipping   : 3.41825e+07 at xs = [2.6465773581051156e-07 3.6049628842816528e-01 4.9995464157519087e-01 2.2149523156633810e-01 6.3021386174112592e-01 4.8451896927468663e-01]
| >     momentum space  : k = [[-6.7733718784683002e-05, 8.1358120577888239e-05, 2.2680717696599095e+02]; [-7.7701663164253034e+01, -8.2966997489367074e+01, 5.5327572475072397e+00]]
| > Stability pipeline: float pairs accepted = 75890892, HP pairs attempted/accepted = 1860244/1860244
| > Stability triggers: float mismatch = 1742489, float non-finite/error = 805
| > HP precision escalations: attempted/accepted = 2350/2350
| > Higher-precision rejections: disagreement = 0, non-finite = 0, error = 0
| > Soft-mirror stability: pairs = 24458818, large-side triggers = 116418, HP orbits attempted/salvaged/failed = 1707682/1707682/0
| > Soft-mirror extrema: raw original = -6.08343e+09, post-average = 3.41825e+07
| > Strongest soft-mirror cancellation: residual/raw = 0.00000e+00
| > Unstable rotational-check points rejected = 0
| > Rotational-check high-precision retries = 1743294
| > Rotational-check high-precision salvaged = 1743294
| > Large-weight high-precision retries = 116950
| > Large-weight high-precision salvaged = 116950
| > Large-weight high-precision rejected = 0
| > Large-weight samples zeroed = 179 (3.255e-06 of samples; removed signed/absolute sums = 5.21063e+07/1.07791e+08)
| > Non-finite final outputs zeroed = 0
| > Non-finite float rotated evaluations seen = 33
| > Example higher-precision-retried xs = [1.7265545145750016e-01 3.0987003362503329e-01 3.2061093419506459e-01 2.9773816827716681e-01 4.2264025488893087e-01 5.4552528647525544e-01] | float rel = 1.83306e+00
| >     momentum space  : k = [[-2.5923335064264300e+01, 6.5631404491694042e+01, 4.4592524277177773e+01]; [-1.4841504911254179e+02, 7.8414345192107874e+01, -2.4172211541858793e+01]]
| > Example large-weight higher-precision-retried xs = [6.2315394262952850e-03 8.7335248832704826e-02 4.3698273950411237e-01 1.7075337559625559e-01 2.3328011702598017e-02 8.1591186955703054e-01] | compiled = 1.29744e+03 | higher precision = -1.91195e+00
| >     momentum space  : k = [[2.0981863278860531e+00, 1.2827845393213939e+00, 1.6464272205621262e+02]; [4.4540392286650942e+01, 6.5756311498899862e+00, -6.8970990633645286e+01]]
| > Example NaN/non-finite rotated xs = [9.7362215618168912e-01 2.8761982718842016e-02 7.1239412401005031e-01 7.6351383122687992e-06 8.1517347970654108e-01 4.6873166947969135e-02]
| >     momentum space  : k = [[1.1408782098248355e+04, 2.0845012077396245e+03, -9.1365956262265390e+03]; [1.7841371185143296e-04, -4.1105989017338625e-04, -2.9424209241204335e+04]]
| > [92mCentral value[0m : +2.9814073453975009e-08   +/- 3.83e-10     ([91m1.285%[0m)
[92mINFO[0m [94msymbolica_integrator l.7274[0m [96mt=2026-09-09,13:59:53.453[0m > | > Graph-channel Symbolica observer estimates:
| >   graph_0     : -2.0668384048413029e-08 +/- 8.55e-11 [54342 selected]
| >   graph_1     : 3.3395510096374063e-10 +/- 7.16e-12 [1738 selected]
| >   graph_2     : -1.2813766480186675e-08 +/- 3.67e-11 [13962 selected]
| >   graph_3     : 1.0929519770210765e-10 +/- 1.44e-12 [1388 selected]
| >   graph_4     : -6.5207352996637688e-10 +/- 1.17e-11 [2580 selected]
| >   graph_5     : -3.8812589730594728e-11 +/- 1.65e-12 [1443 selected]
| >   graph_6     : -4.0778068225348856e-11 +/- 1.72e-12 [1343 selected]
| >   graph_7     : 6.4810133207302628e-11 +/- 2.45e-12 [1397 selected]
| >   graph_8     : -9.0964917110869259e-10 +/- 1.00e-11 [3953 selected]
| >   graph_9     : 1.0634961922346525e-09 +/- 1.04e-11 [4502 selected]
| >   graph_10    : -2.7548177581908093e-09 +/- 5.38e-11 [24578 selected]
| >   graph_11    : 1.9776380484360148e-27 +/- 2.70e-28 [1374 selected]
| >   graph_12    : -5.4924057689938725e-10 +/- 7.12e-12 [2896 selected]
| >   graph_13    : -1.1763552091675942e-08 +/- 8.46e-11 [46835 selected]
| >   graph_14    : 1.0966803527955738e-10 +/- 4.96e-13 [1490 selected]
| >   graph_15    : -2.9975420887503475e-25 +/- 6.03e-25 [1443 selected]
| >   graph_16    : 3.8829559212353947e-09 +/- 1.21e-11 [2263 selected]
| >   graph_17    : -3.5534213232804334e-10 +/- 1.58e-12 [1367 selected]
| >   graph_18    : 1.1866775800862807e-08 +/- 4.37e-11 [19028 selected]
| >   graph_19    : 1.0638466189976217e-09 +/- 6.14e-12 [1325 selected]
| >   graph_20    : -7.6944470456461768e-10 +/- 4.25e-12 [1443 selected]
| >   graph_21    : -8.6878276167808018e-10 +/- 1.05e-11 [4379 selected]
| >   graph_22    : -5.3416948057440217e-10 +/- 3.49e-11 [5590 selected]
| >   graph_23    : -2.9566109393729760e-10 +/- 1.46e-11 [1844 selected]
| >   graph_24    : 5.9482856758306277e-10 +/- 1.60e-11 [4260 selected]
| >   graph_25    : 4.2551901588733707e-10 +/- 1.10e-11 [2313 selected]
| >   graph_26    : -2.1314530718943534e-10 +/- 9.74e-13 [1418 selected]
| >   graph_27    : -2.7421428157394632e-11 +/- 1.21e-13 [1367 selected]
| >   graph_28    : -1.1670725038483200e-09 +/- 8.68e-12 [1851 selected]
| >   graph_29    : 6.8104509756341506e-08 +/- 1.15e-10 [68110 selected]
| >   graph_30    : -1.1198388831385483e-09 +/- 1.01e-10 [77859 selected]
| >   graph_31    : 4.0381201383021972e-11 +/- 4.91e-13 [1345 selected]
| >   graph_32    : -4.9809044661760754e-11 +/- 8.48e-12 [1969 selected]
| >   graph_33    : -1.8862000848702408e-09 +/- 2.14e-11 [8750 selected]
| >   graph_34    : 8.6588324241507563e-26 +/- 5.23e-26 [1350 selected]
| >   graph_35    : 2.5444582673682440e-08 +/- 1.11e-10 [94303 selected]
| >   graph_36    : -2.9606187334990935e-09 +/- 2.19e-11 [7253 selected]
| >   graph_37    : 1.6115492044869311e-08 +/- 5.75e-11 [30225 selected]
| >   graph_38    : 3.9901768142073315e-10 +/- 4.13e-12 [1430 selected]
| >   graph_39    : -7.6021840438659834e-09 +/- 3.63e-11 [14433 selected]
| >   graph_40    : -5.8273228570021444e-10 +/- 1.78e-10 [139790 selected]
| >   graph_41    : 1.7336393143551161e-09 +/- 1.67e-11 [6921 selected]
| >   graph_42    : 4.4880469417499780e-09 +/- 9.80e-11 [49328 selected]
| >   graph_43    : 3.0921472889661785e-09 +/- 2.32e-11 [7664 selected]
| >   graph_44    : 4.4150152451552605e-10 +/- 7.14e-12 [2952 selected]
| >   graph_45    : 2.4262523160657590e-10 +/- 1.06e-12 [1336 selected]
| >   graph_46    : -6.1035805603666244e-11 +/- 4.17e-13 [1418 selected]
| >   graph_47    : -6.4398036617196243e-09 +/- 1.03e-10 [89585 selected]
| >   graph_48    : -9.1975449808848731e-11 +/- 2.50e-12 [1411 selected]
| >   graph_49    : -3.4411596079861305e-08 +/- 6.80e-11 [35203 selected]
| >   graph_50    : 8.9638910420585242e-10 +/- 1.42e-11 [3487 selected]
| >   graph_51    : 5.7647780250970703e-09 +/- 1.72e-11 [3578 selected]
| >   graph_52    : 2.2860528345343890e-10 +/- 6.47e-12 [1429 selected]
| >   graph_53    : -8.1125826379883394e-10 +/- 1.41e-11 [5639 selected]
| >   graph_54    : -2.6631313837402614e-09 +/- 1.27e-10 [50650 selected]
| >   graph_55    : 1.1192064048068619e-09 +/- 1.21e-11 [4921 selected]
| >   graph_56    : -4.2066249074514130e-09 +/- 1.28e-11 [2522 selected]
| >   graph_57    : -1.2922318462503567e-08 +/- 4.99e-11 [22918 selected]
| >   graph_58    : 4.4817855074281629e-11 +/- 2.75e-12 [1443 selected]
| >   graph_59    : 3.9529494714059796e-11 +/- 2.70e-12 [1382 selected]
| >   graph_60    : -6.9261777262280309e-11 +/- 2.76e-12 [1424 selected]
| >   graph_61    : 1.2715233533748602e-08 +/- 7.05e-11 [39346 selected]
| >   graph_62    : 6.2683089270203329e-24 +/- 1.65e-23 [1358 selected]
| >   graph_63    : -1.1436588534007581e-09 +/- 9.79e-12 [2143 selected]
| >   graph_64    : 8.3258095759173134e-10 +/- 4.98e-12 [1413 selected]
| >   sum         : 2.9814073453975029e-08
| >   total       : 2.9814073453975009e-08
| >   difference  : 1.9852334701272664e-23
[92mINFO[0m [94msymbolica_integrator l.7237[0m [96mt=2026-09-09,13:59:53.453[0m > Symbolica integration: starting iteration [92m56/100[0m using [94m1000000[0m points ...
[92mINFO[0m [94msymbolica_integrator l.7270[0m [96mt=2026-09-09,14:05:50.454[0m > ... result after this iteration:
| > Integration result after [92m56000000[0m evaluations in [92m686674.48 CPU-s[0m [94m(12262.0 µs / eval)[0m
| > Extremal weights:
| >   with jacobian    : 6.87291e+04 at xs = [1.1523609142106825e-05 8.0408886661259560e-01 4.9838097880659193e-01 1.8957618633349213e-01 8.5347278385972214e-01 6.8193530704548311e-01] | jacobian = 1.48509e+07
| >     momentum space  : k = [[1.5365375555778040e-03, -4.3457983363555212e-03, 1.8647702504812668e+02]; [4.7634774762067813e+01, -6.2642450015685178e+01, -5.0616133684117784e+01]]
| >   without jacobian : 6.12431e+04 at xs = [1.9893180760387205e-01 9.4960077021338030e-01 3.8092870816224239e-01 1.2514712715410771e-08 8.7933684086808808e-02 5.0016081222090403e-01] | jacobian = 2.23599e+01
| >     momentum space  : k = [[8.7866572274323872e+01, -2.8793455859316030e+01, 3.6297395289454343e+01]; [4.2610751484905640e-06, 2.6271882890532849e-06, -2.5290055668014643e-09]]
| >   before clipping   : 3.41825e+07 at xs = [2.6465773581051156e-07 3.6049628842816528e-01 4.9995464157519087e-01 2.2149523156633810e-01 6.3021386174112592e-01 4.8451896927468663e-01]
| >     momentum space  : k = [[-6.7733718784683002e-05, 8.1358120577888239e-05, 2.2680717696599095e+02]; [-7.7701663164253034e+01, -8.2966997489367074e+01, 5.5327572475072397e+00]]
| > Stability pipeline: float pairs accepted = 77263575, HP pairs attempted/accepted = 1897933/1897933
| > Stability triggers: float mismatch = 1777821, float non-finite/error = 832
| > HP precision escalations: attempted/accepted = 2420/2420
| > Higher-precision rejections: disagreement = 0, non-finite = 0, error = 0
| > Soft-mirror stability: pairs = 24904311, large-side triggers = 118738, HP orbits attempted/salvaged/failed = 1742803/1742803/0
| > Soft-mirror extrema: raw original = -6.08343e+09, post-average = 3.41825e+07
| > Strongest soft-mirror cancellation: residual/raw = 0.00000e+00
| > Unstable rotational-check points rejected = 0
| > Rotational-check high-precision retries = 1778653
| > Rotational-check high-precision salvaged = 1778653
| > Large-weight high-precision retries = 119280
| > Large-weight high-precision salvaged = 119280
| > Large-weight high-precision rejected = 0
| > Large-weight samples zeroed = 184 (3.286e-06 of samples; removed signed/absolute sums = 5.27179e+07/1.11333e+08)
| > Non-finite final outputs zeroed = 0
| > Non-finite float rotated evaluations seen = 36
| > Example higher-precision-retried xs = [1.7265545145750016e-01 3.0987003362503329e-01 3.2061093419506459e-01 2.9773816827716681e-01 4.2264025488893087e-01 5.4552528647525544e-01] | float rel = 1.83306e+00
| >     momentum space  : k = [[-2.5923335064264300e+01, 6.5631404491694042e+01, 4.4592524277177773e+01]; [-1.4841504911254179e+02, 7.8414345192107874e+01, -2.4172211541858793e+01]]
| > Example large-weight higher-precision-retried xs = [6.2315394262952850e-03 8.7335248832704826e-02 4.3698273950411237e-01 1.7075337559625559e-01 2.3328011702598017e-02 8.1591186955703054e-01] | compiled = 1.29744e+03 | higher precision = -1.91195e+00
| >     momentum space  : k = [[2.0981863278860531e+00, 1.2827845393213939e+00, 1.6464272205621262e+02]; [4.4540392286650942e+01, 6.5756311498899862e+00, -6.8970990633645286e+01]]
| > Example NaN/non-finite rotated xs = [9.7362215618168912e-01 2.8761982718842016e-02 7.1239412401005031e-01 7.6351383122687992e-06 8.1517347970654108e-01 4.6873166947969135e-02]
| >     momentum space  : k = [[1.1408782098248355e+04, 2.0845012077396245e+03, -9.1365956262265390e+03]; [1.7841371185143296e-04, -4.1105989017338625e-04, -2.9424209241204335e+04]]
| > [92mCentral value[0m : +2.9741849289635069e-08   +/- 3.78e-10     ([91m1.270%[0m)
[92mINFO[0m [94msymbolica_integrator l.7274[0m [96mt=2026-09-09,14:05:50.455[0m > | > Graph-channel Symbolica observer estimates:
| >   graph_0     : -2.0692349960534164e-08 +/- 8.44e-11 [54535 selected]
| >   graph_1     : 3.3169195354265116e-10 +/- 7.11e-12 [1807 selected]
| >   graph_2     : -1.2819236889658954e-08 +/- 3.63e-11 [14079 selected]
| >   graph_3     : 1.0926825005412446e-10 +/- 1.43e-12 [1423 selected]
| >   graph_4     : -6.5068431707481978e-10 +/- 1.15e-11 [2532 selected]
| >   graph_5     : -3.8998304537211800e-11 +/- 1.63e-12 [1358 selected]
| >   graph_6     : -4.0938549682309071e-11 +/- 1.71e-12 [1389 selected]
| >   graph_7     : 6.4339498197928645e-11 +/- 2.43e-12 [1398 selected]
| >   graph_8     : -9.0819455895800099e-10 +/- 9.89e-12 [4025 selected]
| >   graph_9     : 1.0622373536468532e-09 +/- 1.03e-11 [4437 selected]
| >   graph_10    : -2.7567117410924119e-09 +/- 5.31e-11 [24428 selected]
| >   graph_11    : 1.9933987232860185e-27 +/- 2.68e-28 [1434 selected]
| >   graph_12    : -5.5032377807455453e-10 +/- 7.04e-12 [2806 selected]
| >   graph_13    : -1.1761437664954588e-08 +/- 8.32e-11 [46781 selected]
| >   graph_14    : 1.0968718347740779e-10 +/- 4.91e-13 [1408 selected]
| >   graph_15    : -2.6381938868198787e-25 +/- 5.93e-25 [1431 selected]
| >   graph_16    : 3.8819731075755584e-09 +/- 1.20e-11 [2273 selected]
| >   graph_17    : -3.5530607889858590e-10 +/- 1.57e-12 [1361 selected]
| >   graph_18    : 1.1858173102512081e-08 +/- 4.32e-11 [18794 selected]
| >   graph_19    : 1.0644290949488296e-09 +/- 6.09e-12 [1374 selected]
| >   graph_20    : -7.6955946057001259e-10 +/- 4.21e-12 [1396 selected]
| >   graph_21    : -8.6763254089468493e-10 +/- 1.04e-11 [4392 selected]
| >   graph_22    : -5.3452424256848141e-10 +/- 3.43e-11 [5643 selected]
| >   graph_23    : -2.9551546816128179e-10 +/- 1.44e-11 [1848 selected]
| >   graph_24    : 5.9451878051243836e-10 +/- 1.58e-11 [4197 selected]
| >   graph_25    : 4.2666832184105056e-10 +/- 1.09e-11 [2200 selected]
| >   graph_26    : -2.1287108026263795e-10 +/- 9.64e-13 [1352 selected]
| >   graph_27    : -2.7390782762479373e-11 +/- 1.20e-13 [1318 selected]
| >   graph_28    : -1.1671865542801072e-09 +/- 8.60e-12 [1792 selected]
| >   graph_29    : 6.8116561320009732e-08 +/- 1.13e-10 [68311 selected]
| >   graph_30    : -1.1286319598438923e-09 +/- 9.89e-11 [79171 selected]
| >   graph_31    : 4.0333647661578004e-11 +/- 4.86e-13 [1350 selected]
| >   graph_32    : -4.9281460852855381e-11 +/- 8.39e-12 [1937 selected]
| >   graph_33    : -1.8897823176777984e-09 +/- 2.12e-11 [8638 selected]
| >   graph_34    : 8.5045307708982357e-26 +/- 5.36e-26 [1413 selected]
| >   graph_35    : 2.5450348733179928e-08 +/- 1.10e-10 [95136 selected]
| >   graph_36    : -2.9666719853793683e-09 +/- 2.17e-11 [7255 selected]
| >   graph_37    : 1.6102711281604533e-08 +/- 5.69e-11 [29870 selected]
| >   graph_38    : 3.9866709513701597e-10 +/- 4.09e-12 [1357 selected]
| >   graph_39    : -7.6025899673877330e-09 +/- 3.59e-11 [14443 selected]
| >   graph_40    : -5.6700941170704027e-10 +/- 1.75e-10 [140343 selected]
| >   graph_41    : 1.7305994872617243e-09 +/- 1.65e-11 [6917 selected]
| >   graph_42    : 4.4871375215264233e-09 +/- 9.65e-11 [49253 selected]
| >   graph_43    : 3.0923268510621583e-09 +/- 2.30e-11 [7652 selected]
| >   graph_44    : 4.4278076380599786e-10 +/- 7.07e-12 [3003 selected]
| >   graph_45    : 2.4307751620014839e-10 +/- 1.06e-12 [1454 selected]
| >   graph_46    : -6.1031560164792102e-11 +/- 4.13e-13 [1380 selected]
| >   graph_47    : -6.4502721850409438e-09 +/- 1.02e-10 [88738 selected]
| >   graph_48    : -9.1867716356327890e-11 +/- 2.48e-12 [1376 selected]
| >   graph_49    : -3.4415991246433114e-08 +/- 6.72e-11 [34643 selected]
| >   graph_50    : 8.9701425709055757e-10 +/- 1.41e-11 [3558 selected]
| >   graph_51    : 5.7647032123314890e-09 +/- 1.71e-11 [3606 selected]
| >   graph_52    : 2.2679309546353215e-10 +/- 6.41e-12 [1439 selected]
| >   graph_53    : -8.0891101156065976e-10 +/- 1.39e-11 [5681 selected]
| >   graph_54    : -2.6706161912315663e-09 +/- 1.25e-10 [50566 selected]
| >   graph_55    : 1.1196005067657455e-09 +/- 1.20e-11 [4686 selected]
| >   graph_56    : -4.2072241022826028e-09 +/- 1.27e-11 [2555 selected]
| >   graph_57    : -1.2923448002642640e-08 +/- 4.93e-11 [22902 selected]
| >   graph_58    : 4.5442416962810224e-11 +/- 2.73e-12 [1448 selected]
| >   graph_59    : 3.9441309162928442e-11 +/- 2.68e-12 [1410 selected]
| >   graph_60    : -6.9203677852336610e-11 +/- 2.73e-12 [1377 selected]
| >   graph_61    : 1.2703041581680262e-08 +/- 6.95e-11 [38986 selected]
| >   graph_62    : 6.4554690378688555e-24 +/- 1.62e-23 [1325 selected]
| >   graph_63    : -1.1431260662432048e-09 +/- 9.71e-12 [2200 selected]
| >   graph_64    : 8.3280288204173938e-10 +/- 4.93e-12 [1410 selected]
| >   sum         : 2.9741849289635072e-08
| >   total       : 2.9741849289635069e-08
| >   difference  : 3.3087224502121107e-24
[92mINFO[0m [94msymbolica_integrator l.7237[0m [96mt=2026-09-09,14:05:50.455[0m > Symbolica integration: starting iteration [92m57/100[0m using [94m1000000[0m points ...
[92mINFO[0m [94msymbolica_integrator l.7270[0m [96mt=2026-09-09,14:10:35.199[0m > ... result after this iteration:
| > Integration result after [92m57000000[0m evaluations in [92m698882.06 CPU-s[0m [94m(12261.1 µs / eval)[0m
| > Extremal weights:
| >   with jacobian    : 6.87291e+04 at xs = [1.1523609142106825e-05 8.0408886661259560e-01 4.9838097880659193e-01 1.8957618633349213e-01 8.5347278385972214e-01 6.8193530704548311e-01] | jacobian = 1.48509e+07
| >     momentum space  : k = [[1.5365375555778040e-03, -4.3457983363555212e-03, 1.8647702504812668e+02]; [4.7634774762067813e+01, -6.2642450015685178e+01, -5.0616133684117784e+01]]
| >   without jacobian : 6.12431e+04 at xs = [1.9893180760387205e-01 9.4960077021338030e-01 3.8092870816224239e-01 1.2514712715410771e-08 8.7933684086808808e-02 5.0016081222090403e-01] | jacobian = 2.23599e+01
| >     momentum space  : k = [[8.7866572274323872e+01, -2.8793455859316030e+01, 3.6297395289454343e+01]; [4.2610751484905640e-06, 2.6271882890532849e-06, -2.5290055668014643e-09]]
| >   before clipping   : 3.41825e+07 at xs = [2.6465773581051156e-07 3.6049628842816528e-01 4.9995464157519087e-01 2.2149523156633810e-01 6.3021386174112592e-01 4.8451896927468663e-01]
| >     momentum space  : k = [[-6.7733718784683002e-05, 8.1358120577888239e-05, 2.2680717696599095e+02]; [-7.7701663164253034e+01, -8.2966997489367074e+01, 5.5327572475072397e+00]]
| > Stability pipeline: float pairs accepted = 78642048, HP pairs attempted/accepted = 1932410/1932410
| > Stability triggers: float mismatch = 1810117, float non-finite/error = 855
| > HP precision escalations: attempted/accepted = 2492/2492
| > Higher-precision rejections: disagreement = 0, non-finite = 0, error = 0
| > Soft-mirror stability: pairs = 25349051, large-side triggers = 120889, HP orbits attempted/salvaged/failed = 1774593/1774593/0
| > Soft-mirror extrema: raw original = -6.08343e+09, post-average = 3.41825e+07
| > Strongest soft-mirror cancellation: residual/raw = 0.00000e+00
| > Unstable rotational-check points rejected = 0
| > Rotational-check high-precision retries = 1810972
| > Rotational-check high-precision salvaged = 1810972
| > Large-weight high-precision retries = 121438
| > Large-weight high-precision salvaged = 121438
| > Large-weight high-precision rejected = 0
| > Large-weight samples zeroed = 189 (3.316e-06 of samples; removed signed/absolute sums = 5.21806e+07/1.12426e+08)
| > Non-finite final outputs zeroed = 0
| > Non-finite float rotated evaluations seen = 39
| > Example higher-precision-retried xs = [1.7265545145750016e-01 3.0987003362503329e-01 3.2061093419506459e-01 2.9773816827716681e-01 4.2264025488893087e-01 5.4552528647525544e-01] | float rel = 1.83306e+00
| >     momentum space  : k = [[-2.5923335064264300e+01, 6.5631404491694042e+01, 4.4592524277177773e+01]; [-1.4841504911254179e+02, 7.8414345192107874e+01, -2.4172211541858793e+01]]
| > Example large-weight higher-precision-retried xs = [6.2315394262952850e-03 8.7335248832704826e-02 4.3698273950411237e-01 1.7075337559625559e-01 2.3328011702598017e-02 8.1591186955703054e-01] | compiled = 1.29744e+03 | higher precision = -1.91195e+00
| >     momentum space  : k = [[2.0981863278860531e+00, 1.2827845393213939e+00, 1.6464272205621262e+02]; [4.4540392286650942e+01, 6.5756311498899862e+00, -6.8970990633645286e+01]]
| > Example NaN/non-finite rotated xs = [9.7362215618168912e-01 2.8761982718842016e-02 7.1239412401005031e-01 7.6351383122687992e-06 8.1517347970654108e-01 4.6873166947969135e-02]
| >     momentum space  : k = [[1.1408782098248355e+04, 2.0845012077396245e+03, -9.1365956262265390e+03]; [1.7841371185143296e-04, -4.1105989017338625e-04, -2.9424209241204335e+04]]
| > [92mCentral value[0m : +2.9738707446908815e-08   +/- 3.72e-10     ([91m1.252%[0m)
[92mINFO[0m [94msymbolica_integrator l.7274[0m [96mt=2026-09-09,14:10:35.199[0m > | > Graph-channel Symbolica observer estimates:
| >   graph_0     : -2.0687266690819403e-08 +/- 8.34e-11 [54395 selected]
| >   graph_1     : 3.3255829282282572e-10 +/- 7.03e-12 [1689 selected]
| >   graph_2     : -1.2820388702105122e-08 +/- 3.59e-11 [14193 selected]
| >   graph_3     : 1.0957742185482242e-10 +/- 1.42e-12 [1403 selected]
| >   graph_4     : -6.5145608156579329e-10 +/- 1.14e-11 [2565 selected]
| >   graph_5     : -3.9131868340892334e-11 +/- 1.62e-12 [1388 selected]
| >   graph_6     : -4.0859552293812578e-11 +/- 1.70e-12 [1359 selected]
| >   graph_7     : 6.4058687686436588e-11 +/- 2.40e-12 [1360 selected]
| >   graph_8     : -9.0726188181701154e-10 +/- 9.79e-12 [4167 selected]
| >   graph_9     : 1.0616264732131390e-09 +/- 1.02e-11 [4482 selected]
| >   graph_10    : -2.7624832854806356e-09 +/- 5.24e-11 [24623 selected]
| >   graph_11    : 1.9926283602733398e-27 +/- 2.65e-28 [1364 selected]
| >   graph_12    : -5.5090806489912251e-10 +/- 6.98e-12 [2841 selected]
| >   graph_13    : -1.1773240089282028e-08 +/- 8.22e-11 [46166 selected]
| >   graph_14    : 1.0971128844031444e-10 +/- 4.86e-13 [1409 selected]
| >   graph_15    : -2.4189108547074331e-25 +/- 5.83e-25 [1421 selected]
| >   graph_16    : 3.8809538042345910e-09 +/- 1.19e-11 [2266 selected]
| >   graph_17    : -3.5543768505001883e-10 +/- 1.56e-12 [1382 selected]
| >   graph_18    : 1.1859145543264354e-08 +/- 4.26e-11 [19179 selected]
| >   graph_19    : 1.0640542684171010e-09 +/- 6.04e-12 [1377 selected]
| >   graph_20    : -7.6866156289983801e-10 +/- 4.17e-12 [1369 selected]
| >   graph_21    : -8.6561410101345728e-10 +/- 1.03e-11 [4392 selected]
| >   graph_22    : -5.3377129544461412e-10 +/- 3.37e-11 [5523 selected]
| >   graph_23    : -2.9507504060442021e-10 +/- 1.41e-11 [1798 selected]
| >   graph_24    : 5.9391240244550655e-10 +/- 1.57e-11 [4261 selected]
| >   graph_25    : 4.2841873853469615e-10 +/- 1.08e-11 [2231 selected]
| >   graph_26    : -2.1298178461365711e-10 +/- 9.54e-13 [1422 selected]
| >   graph_27    : -2.7401935035011039e-11 +/- 1.19e-13 [1410 selected]
| >   graph_28    : -1.1668317835674520e-09 +/- 8.53e-12 [1814 selected]
| >   graph_29    : 6.8125207739822008e-08 +/- 1.12e-10 [68014 selected]
| >   graph_30    : -1.1296862504360777e-09 +/- 9.73e-11 [78846 selected]
| >   graph_31    : 4.0409403678520983e-11 +/- 4.82e-13 [1435 selected]
| >   graph_32    : -4.9253468238781442e-11 +/- 8.31e-12 [1975 selected]
| >   graph_33    : -1.8903591120783372e-09 +/- 2.09e-11 [8648 selected]
| >   graph_34    : 9.3955813320830801e-26 +/- 5.29e-26 [1407 selected]
| >   graph_35    : 2.5438189558126811e-08 +/- 1.08e-10 [95445 selected]
| >   graph_36    : -2.9649068424760124e-09 +/- 2.15e-11 [7090 selected]
| >   graph_37    : 1.6108797890988657e-08 +/- 5.62e-11 [30259 selected]
| >   graph_38    : 3.9831105057943647e-10 +/- 4.06e-12 [1365 selected]
| >   graph_39    : -7.6033729654611315e-09 +/- 3.56e-11 [14658 selected]
| >   graph_40    : -5.4330604300797581e-10 +/- 1.72e-10 [139651 selected]
| >   graph_41    : 1.7298905009757690e-09 +/- 1.63e-11 [6960 selected]
| >   graph_42    : 4.4836001627864625e-09 +/- 9.50e-11 [49232 selected]
| >   graph_43    : 3.0963016165435472e-09 +/- 2.28e-11 [7753 selected]
| >   graph_44    : 4.4242472220381124e-10 +/- 7.01e-12 [2829 selected]
| >   graph_45    : 2.4305321437093975e-10 +/- 1.05e-12 [1387 selected]
| >   graph_46    : -6.1106602420188247e-11 +/- 4.09e-13 [1436 selected]
| >   graph_47    : -6.4543550195417591e-09 +/- 1.00e-10 [88705 selected]
| >   graph_48    : -9.1516061987249126e-11 +/- 2.46e-12 [1414 selected]
| >   graph_49    : -3.4419233758501034e-08 +/- 6.64e-11 [34750 selected]
| >   graph_50    : 8.9825402768621591e-10 +/- 1.39e-11 [3401 selected]
| >   graph_51    : 5.7653237833310125e-09 +/- 1.69e-11 [3697 selected]
| >   graph_52    : 2.2745378718249385e-10 +/- 6.36e-12 [1452 selected]
| >   graph_53    : -8.0693142922284074e-10 +/- 1.38e-11 [5662 selected]
| >   graph_54    : -2.6813050659013406e-09 +/- 1.23e-10 [50277 selected]
| >   graph_55    : 1.1197870581859475e-09 +/- 1.18e-11 [4959 selected]
| >   graph_56    : -4.2068220356549846e-09 +/- 1.26e-11 [2556 selected]
| >   graph_57    : -1.2928913382728659e-08 +/- 4.88e-11 [22869 selected]
| >   graph_58    : 4.5549117517264324e-11 +/- 2.70e-12 [1414 selected]
| >   graph_59    : 3.9386531572652000e-11 +/- 2.66e-12 [1455 selected]
| >   graph_60    : -6.8951469909248671e-11 +/- 2.71e-12 [1428 selected]
| >   graph_61    : 1.2698221449487117e-08 +/- 6.85e-11 [39346 selected]
| >   graph_62    : 6.2951149015236961e-24 +/- 1.60e-23 [1404 selected]
| >   graph_63    : -1.1403727170940541e-09 +/- 9.62e-12 [2128 selected]
| >   graph_64    : 8.3369254044830541e-10 +/- 4.88e-12 [1444 selected]
| >   sum         : 2.9738707446908802e-08
| >   total       : 2.9738707446908815e-08
| >   difference  : -1.3234889800848443e-23
[92mINFO[0m [94msymbolica_integrator l.7237[0m [96mt=2026-09-09,14:10:35.199[0m > Symbolica integration: starting iteration [92m58/100[0m using [94m1000000[0m points ...
[92mINFO[0m [94msymbolica_integrator l.7270[0m [96mt=2026-09-09,14:15:18.385[0m > ... result after this iteration:
| > Integration result after [92m58000000[0m evaluations in [92m710669.04 CPU-s[0m [94m(12252.9 µs / eval)[0m
| > Extremal weights:
| >   with jacobian    : 6.87291e+04 at xs = [1.1523609142106825e-05 8.0408886661259560e-01 4.9838097880659193e-01 1.8957618633349213e-01 8.5347278385972214e-01 6.8193530704548311e-01] | jacobian = 1.48509e+07
| >     momentum space  : k = [[1.5365375555778040e-03, -4.3457983363555212e-03, 1.8647702504812668e+02]; [4.7634774762067813e+01, -6.2642450015685178e+01, -5.0616133684117784e+01]]
| >   without jacobian : 6.12431e+04 at xs = [1.9893180760387205e-01 9.4960077021338030e-01 3.8092870816224239e-01 1.2514712715410771e-08 8.7933684086808808e-02 5.0016081222090403e-01] | jacobian = 2.23599e+01
| >     momentum space  : k = [[8.7866572274323872e+01, -2.8793455859316030e+01, 3.6297395289454343e+01]; [4.2610751484905640e-06, 2.6271882890532849e-06, -2.5290055668014643e-09]]
| >   before clipping   : 3.41825e+07 at xs = [2.6465773581051156e-07 3.6049628842816528e-01 4.9995464157519087e-01 2.2149523156633810e-01 6.3021386174112592e-01 4.8451896927468663e-01]
| >     momentum space  : k = [[-6.7733718784683002e-05, 8.1358120577888239e-05, 2.2680717696599095e+02]; [-7.7701663164253034e+01, -8.2966997489367074e+01, 5.5327572475072397e+00]]
| > Stability pipeline: float pairs accepted = 80022341, HP pairs attempted/accepted = 1966211/1966211
| > Stability triggers: float mismatch = 1841946, float non-finite/error = 883
| > HP precision escalations: attempted/accepted = 2559/2559
| > Higher-precision rejections: disagreement = 0, non-finite = 0, error = 0
| > Soft-mirror stability: pairs = 25794286, large-side triggers = 122822, HP orbits attempted/salvaged/failed = 1805734/1805734/0
| > Soft-mirror extrema: raw original = -6.08343e+09, post-average = 3.41825e+07
| > Strongest soft-mirror cancellation: residual/raw = 0.00000e+00
| > Unstable rotational-check points rejected = 0
| > Rotational-check high-precision retries = 1842829
| > Rotational-check high-precision salvaged = 1842829
| > Large-weight high-precision retries = 123382
| > Large-weight high-precision salvaged = 123382
| > Large-weight high-precision rejected = 0
| > Large-weight samples zeroed = 194 (3.345e-06 of samples; removed signed/absolute sums = 6.38468e+07/1.27912e+08)
| > Non-finite final outputs zeroed = 0
| > Non-finite float rotated evaluations seen = 39
| > Example higher-precision-retried xs = [1.7265545145750016e-01 3.0987003362503329e-01 3.2061093419506459e-01 2.9773816827716681e-01 4.2264025488893087e-01 5.4552528647525544e-01] | float rel = 1.83306e+00
| >     momentum space  : k = [[-2.5923335064264300e+01, 6.5631404491694042e+01, 4.4592524277177773e+01]; [-1.4841504911254179e+02, 7.8414345192107874e+01, -2.4172211541858793e+01]]
| > Example large-weight higher-precision-retried xs = [6.2315394262952850e-03 8.7335248832704826e-02 4.3698273950411237e-01 1.7075337559625559e-01 2.3328011702598017e-02 8.1591186955703054e-01] | compiled = 1.29744e+03 | higher precision = -1.91195e+00
| >     momentum space  : k = [[2.0981863278860531e+00, 1.2827845393213939e+00, 1.6464272205621262e+02]; [4.4540392286650942e+01, 6.5756311498899862e+00, -6.8970990633645286e+01]]
| > Example NaN/non-finite rotated xs = [9.7362215618168912e-01 2.8761982718842016e-02 7.1239412401005031e-01 7.6351383122687992e-06 8.1517347970654108e-01 4.6873166947969135e-02]
| >     momentum space  : k = [[1.1408782098248355e+04, 2.0845012077396245e+03, -9.1365956262265390e+03]; [1.7841371185143296e-04, -4.1105989017338625e-04, -2.9424209241204335e+04]]
| > [92mCentral value[0m : +2.9761594550270595e-08   +/- 3.67e-10     ([91m1.234%[0m)
[92mINFO[0m [94msymbolica_integrator l.7274[0m [96mt=2026-09-09,14:15:18.386[0m > | > Graph-channel Symbolica observer estimates:
| >   graph_0     : -2.0681847770111791e-08 +/- 8.24e-11 [54724 selected]
| >   graph_1     : 3.3299533248216958e-10 +/- 6.95e-12 [1855 selected]
| >   graph_2     : -1.2802368737834402e-08 +/- 3.83e-11 [13927 selected]
| >   graph_3     : 1.0996279421093020e-10 +/- 1.41e-12 [1425 selected]
| >   graph_4     : -6.5095106994489397e-10 +/- 1.13e-11 [2493 selected]
| >   graph_5     : -3.9502288758325247e-11 +/- 1.61e-12 [1459 selected]
| >   graph_6     : -4.1155071173811618e-11 +/- 1.68e-12 [1378 selected]
| >   graph_7     : 6.4126478890548191e-11 +/- 2.38e-12 [1346 selected]
| >   graph_8     : -9.0684737971166256e-10 +/- 9.69e-12 [4045 selected]
| >   graph_9     : 1.0635364382024988e-09 +/- 1.01e-11 [4529 selected]
| >   graph_10    : -2.7619341871005566e-09 +/- 5.17e-11 [24666 selected]
| >   graph_11    : 2.0465602664058394e-27 +/- 2.62e-28 [1344 selected]
| >   graph_12    : -5.5159558744406623e-10 +/- 6.91e-12 [2926 selected]
| >   graph_13    : -1.1771670879883856e-08 +/- 8.10e-11 [46480 selected]
| >   graph_14    : 1.0975727918072500e-10 +/- 4.81e-13 [1419 selected]
| >   graph_15    : -2.5366178410833923e-25 +/- 5.75e-25 [1386 selected]
| >   graph_16    : 3.8833568297643353e-09 +/- 1.18e-11 [2298 selected]
| >   graph_17    : -3.5540904577736707e-10 +/- 1.54e-12 [1350 selected]
| >   graph_18    : 1.1863460253177769e-08 +/- 4.21e-11 [18923 selected]
| >   graph_19    : 1.0647217103989465e-09 +/- 5.99e-12 [1421 selected]
| >   graph_20    : -7.6827858162854848e-10 +/- 4.14e-12 [1357 selected]
| >   graph_21    : -8.6763360882629863e-10 +/- 1.02e-11 [4255 selected]
| >   graph_22    : -5.3371989561899377e-10 +/- 3.31e-11 [5295 selected]
| >   graph_23    : -2.9456442099370221e-10 +/- 1.39e-11 [1842 selected]
| >   graph_24    : 5.9278340341655800e-10 +/- 1.55e-11 [4260 selected]
| >   graph_25    : 4.2498311937141688e-10 +/- 1.07e-11 [2334 selected]
| >   graph_26    : -2.1308994920619553e-10 +/- 9.45e-13 [1443 selected]
| >   graph_27    : -2.7388714633961532e-11 +/- 1.18e-13 [1332 selected]
| >   graph_28    : -1.1655035260772074e-09 +/- 8.46e-12 [1678 selected]
| >   graph_29    : 6.8125946641673780e-08 +/- 1.10e-10 [68545 selected]
| >   graph_30    : -1.1300890226321402e-09 +/- 9.59e-11 [78631 selected]
| >   graph_31    : 4.0378387907285242e-11 +/- 4.78e-13 [1413 selected]
| >   graph_32    : -4.7972858903136465e-11 +/- 8.21e-12 [1902 selected]
| >   graph_33    : -1.8918211329370996e-09 +/- 2.06e-11 [8713 selected]
| >   graph_34    : 1.1737184419836963e-25 +/- 5.62e-26 [1409 selected]
| >   graph_35    : 2.5451461044139822e-08 +/- 1.07e-10 [95938 selected]
| >   graph_36    : -2.9640866100252032e-09 +/- 2.13e-11 [7216 selected]
| >   graph_37    : 1.6112021286128069e-08 +/- 5.56e-11 [30391 selected]
| >   graph_38    : 3.9894525309928636e-10 +/- 4.02e-12 [1385 selected]
| >   graph_39    : -7.6092990533795497e-09 +/- 3.52e-11 [14631 selected]
| >   graph_40    : -5.6094414106194984e-10 +/- 1.70e-10 [139396 selected]
| >   graph_41    : 1.7292126004693148e-09 +/- 1.62e-11 [6964 selected]
| >   graph_42    : 4.4784811860915230e-09 +/- 9.37e-11 [48933 selected]
| >   graph_43    : 3.1006379989139333e-09 +/- 2.25e-11 [7672 selected]
| >   graph_44    : 4.4325749128847382e-10 +/- 6.94e-12 [2832 selected]
| >   graph_45    : 2.4285963834132655e-10 +/- 1.04e-12 [1333 selected]
| >   graph_46    : -6.1045430127245682e-11 +/- 4.05e-13 [1367 selected]
| >   graph_47    : -6.4465353566281334e-09 +/- 9.88e-11 [88429 selected]
| >   graph_48    : -9.1619435584863874e-11 +/- 2.44e-12 [1370 selected]
| >   graph_49    : -3.4429700415553730e-08 +/- 6.56e-11 [34852 selected]
| >   graph_50    : 9.0088572353192219e-10 +/- 1.38e-11 [3546 selected]
| >   graph_51    : 5.7659813911764669e-09 +/- 1.68e-11 [3595 selected]
| >   graph_52    : 2.2923302794941269e-10 +/- 6.30e-12 [1385 selected]
| >   graph_53    : -8.0727670764401348e-10 +/- 1.36e-11 [5652 selected]
| >   graph_54    : -2.6817778574430005e-09 +/- 1.21e-10 [50540 selected]
| >   graph_55    : 1.1182788804686383e-09 +/- 1.17e-11 [4912 selected]
| >   graph_56    : -4.2062672799861225e-09 +/- 1.25e-11 [2518 selected]
| >   graph_57    : -1.2921615906206546e-08 +/- 4.82e-11 [22948 selected]
| >   graph_58    : 4.5653018994815106e-11 +/- 2.68e-12 [1447 selected]
| >   graph_59    : 3.9417940137566493e-11 +/- 2.64e-12 [1319 selected]
| >   graph_60    : -6.8759467741102504e-11 +/- 2.69e-12 [1394 selected]
| >   graph_61    : 1.2688083693070605e-08 +/- 6.76e-11 [39282 selected]
| >   graph_62    : 6.1636088875326984e-24 +/- 1.57e-23 [1405 selected]
| >   graph_63    : -1.1403360670018802e-09 +/- 9.54e-12 [2172 selected]
| >   graph_64    : 8.3378316537382776e-10 +/- 4.84e-12 [1373 selected]
| >   sum         : 2.9761594550270615e-08
| >   total       : 2.9761594550270595e-08
| >   difference  : 1.9852334701272664e-23
[92mINFO[0m [94msymbolica_integrator l.7237[0m [96mt=2026-09-09,14:15:18.386[0m > Symbolica integration: starting iteration [92m59/100[0m using [94m1000000[0m points ...
[92mINFO[0m [94msymbolica_integrator l.7270[0m [96mt=2026-09-09,14:20:06.117[0m > ... result after this iteration:
| > Integration result after [92m59000000[0m evaluations in [92m722909.84 CPU-s[0m [94m(12252.7 µs / eval)[0m
| > Extremal weights:
| >   with jacobian    : 6.87291e+04 at xs = [1.1523609142106825e-05 8.0408886661259560e-01 4.9838097880659193e-01 1.8957618633349213e-01 8.5347278385972214e-01 6.8193530704548311e-01] | jacobian = 1.48509e+07
| >     momentum space  : k = [[1.5365375555778040e-03, -4.3457983363555212e-03, 1.8647702504812668e+02]; [4.7634774762067813e+01, -6.2642450015685178e+01, -5.0616133684117784e+01]]
| >   without jacobian : 6.12431e+04 at xs = [1.9893180760387205e-01 9.4960077021338030e-01 3.8092870816224239e-01 1.2514712715410771e-08 8.7933684086808808e-02 5.0016081222090403e-01] | jacobian = 2.23599e+01
| >     momentum space  : k = [[8.7866572274323872e+01, -2.8793455859316030e+01, 3.6297395289454343e+01]; [4.2610751484905640e-06, 2.6271882890532849e-06, -2.5290055668014643e-09]]
| >   before clipping   : 3.41825e+07 at xs = [2.6465773581051156e-07 3.6049628842816528e-01 4.9995464157519087e-01 2.2149523156633810e-01 6.3021386174112592e-01 4.8451896927468663e-01]
| >     momentum space  : k = [[-6.7733718784683002e-05, 8.1358120577888239e-05, 2.2680717696599095e+02]; [-7.7701663164253034e+01, -8.2966997489367074e+01, 5.5327572475072397e+00]]
| > Stability pipeline: float pairs accepted = 81404021, HP pairs attempted/accepted = 1998501/1998501
| > Stability triggers: float mismatch = 1872311, float non-finite/error = 904
| > HP precision escalations: attempted/accepted = 2619/2619
| > Higher-precision rejections: disagreement = 0, non-finite = 0, error = 0
| > Soft-mirror stability: pairs = 26237843, large-side triggers = 124716, HP orbits attempted/salvaged/failed = 1835321/1835321/0
| > Soft-mirror extrema: raw original = -6.08343e+09, post-average = 3.41825e+07
| > Strongest soft-mirror cancellation: residual/raw = 0.00000e+00
| > Unstable rotational-check points rejected = 0
| > Rotational-check high-precision retries = 1873215
| > Rotational-check high-precision salvaged = 1873215
| > Large-weight high-precision retries = 125286
| > Large-weight high-precision salvaged = 125286
| > Large-weight high-precision rejected = 0
| > Large-weight samples zeroed = 195 (3.305e-06 of samples; removed signed/absolute sums = 6.36743e+07/1.28084e+08)
| > Non-finite final outputs zeroed = 0
| > Non-finite float rotated evaluations seen = 40
| > Example higher-precision-retried xs = [1.7265545145750016e-01 3.0987003362503329e-01 3.2061093419506459e-01 2.9773816827716681e-01 4.2264025488893087e-01 5.4552528647525544e-01] | float rel = 1.83306e+00
| >     momentum space  : k = [[-2.5923335064264300e+01, 6.5631404491694042e+01, 4.4592524277177773e+01]; [-1.4841504911254179e+02, 7.8414345192107874e+01, -2.4172211541858793e+01]]
| > Example large-weight higher-precision-retried xs = [6.2315394262952850e-03 8.7335248832704826e-02 4.3698273950411237e-01 1.7075337559625559e-01 2.3328011702598017e-02 8.1591186955703054e-01] | compiled = 1.29744e+03 | higher precision = -1.91195e+00
| >     momentum space  : k = [[2.0981863278860531e+00, 1.2827845393213939e+00, 1.6464272205621262e+02]; [4.4540392286650942e+01, 6.5756311498899862e+00, -6.8970990633645286e+01]]
| > Example NaN/non-finite rotated xs = [9.7362215618168912e-01 2.8761982718842016e-02 7.1239412401005031e-01 7.6351383122687992e-06 8.1517347970654108e-01 4.6873166947969135e-02]
| >     momentum space  : k = [[1.1408782098248355e+04, 2.0845012077396245e+03, -9.1365956262265390e+03]; [1.7841371185143296e-04, -4.1105989017338625e-04, -2.9424209241204335e+04]]
| > [92mCentral value[0m : +2.9753813621447440e-08   +/- 3.62e-10     ([91m1.217%[0m)
[92mINFO[0m [94msymbolica_integrator l.7274[0m [96mt=2026-09-09,14:20:06.118[0m > | > Graph-channel Symbolica observer estimates:
| >   graph_0     : -2.0684483561683658e-08 +/- 8.15e-11 [54937 selected]
| >   graph_1     : 3.3462145970570922e-10 +/- 6.87e-12 [1783 selected]
| >   graph_2     : -1.2807175034752671e-08 +/- 3.79e-11 [15170 selected]
| >   graph_3     : 1.1018303557814336e-10 +/- 1.39e-12 [1417 selected]
| >   graph_4     : -6.5145650120952093e-10 +/- 1.13e-11 [2500 selected]
| >   graph_5     : -3.9526797714495598e-11 +/- 1.59e-12 [1358 selected]
| >   graph_6     : -4.1072006656819109e-11 +/- 1.67e-12 [1394 selected]
| >   graph_7     : 6.4221956804156535e-11 +/- 2.37e-12 [1490 selected]
| >   graph_8     : -9.0710094669353554e-10 +/- 9.60e-12 [3975 selected]
| >   graph_9     : 1.0640371919006295e-09 +/- 9.99e-12 [4356 selected]
| >   graph_10    : -2.7586083788558348e-09 +/- 5.10e-11 [24500 selected]
| >   graph_11    : 2.0064089364005663e-27 +/- 2.60e-28 [1391 selected]
| >   graph_12    : -5.5155612676702634e-10 +/- 6.84e-12 [2805 selected]
| >   graph_13    : -1.1766095195829714e-08 +/- 7.98e-11 [46177 selected]
| >   graph_14    : 1.0966374514574808e-10 +/- 4.76e-13 [1356 selected]
| >   graph_15    : -2.7414834435747949e-25 +/- 5.68e-25 [1378 selected]
| >   graph_16    : 3.8809535153819953e-09 +/- 1.17e-11 [2266 selected]
| >   graph_17    : -3.5538970350578981e-10 +/- 1.53e-12 [1367 selected]
| >   graph_18    : 1.1866113932845847e-08 +/- 4.16e-11 [18613 selected]
| >   graph_19    : 1.0644196275290878e-09 +/- 5.94e-12 [1373 selected]
| >   graph_20    : -7.6835589538529994e-10 +/- 4.11e-12 [1465 selected]
| >   graph_21    : -8.6818217482274064e-10 +/- 1.01e-11 [4218 selected]
| >   graph_22    : -5.3398674832763005e-10 +/- 3.26e-11 [5500 selected]
| >   graph_23    : -2.9728105489516326e-10 +/- 1.40e-11 [1806 selected]
| >   graph_24    : 5.8983187291324810e-10 +/- 1.54e-11 [4150 selected]
| >   graph_25    : 4.2527956908288919e-10 +/- 1.06e-11 [2244 selected]
| >   graph_26    : -2.1309455159253042e-10 +/- 9.36e-13 [1418 selected]
| >   graph_27    : -2.7438392560819466e-11 +/- 1.17e-13 [1492 selected]
| >   graph_28    : -1.1663243241974947e-09 +/- 8.39e-12 [1812 selected]
| >   graph_29    : 6.8115217737737074e-08 +/- 1.09e-10 [67809 selected]
| >   graph_30    : -1.1328653289928027e-09 +/- 9.44e-11 [78922 selected]
| >   graph_31    : 4.0431032682727346e-11 +/- 4.74e-13 [1402 selected]
| >   graph_32    : -4.7265466289872361e-11 +/- 8.14e-12 [1893 selected]
| >   graph_33    : -1.8886639405203480e-09 +/- 2.04e-11 [8636 selected]
| >   graph_34    : 1.1260910038777625e-25 +/- 5.54e-26 [1413 selected]
| >   graph_35    : 2.5454446363130324e-08 +/- 1.05e-10 [94888 selected]
| >   graph_36    : -2.9607995622908172e-09 +/- 2.11e-11 [7153 selected]
| >   graph_37    : 1.6104742052334385e-08 +/- 5.51e-11 [30664 selected]
| >   graph_38    : 3.9982409161693222e-10 +/- 3.99e-12 [1457 selected]
| >   graph_39    : -7.6074687233910485e-09 +/- 3.49e-11 [14749 selected]
| >   graph_40    : -5.5371102772629120e-10 +/- 1.67e-10 [139799 selected]
| >   graph_41    : 1.7310652219627119e-09 +/- 1.60e-11 [6996 selected]
| >   graph_42    : 4.4771232231758527e-09 +/- 9.23e-11 [49017 selected]
| >   graph_43    : 3.0991108322009984e-09 +/- 2.23e-11 [7809 selected]
| >   graph_44    : 4.4370538839935335e-10 +/- 6.88e-12 [2867 selected]
| >   graph_45    : 2.4270097453897016e-10 +/- 1.03e-12 [1368 selected]
| >   graph_46    : -6.1045336848546863e-11 +/- 4.02e-13 [1390 selected]
| >   graph_47    : -6.4559300749046737e-09 +/- 9.76e-11 [89105 selected]
| >   graph_48    : -9.1813183853767166e-11 +/- 2.41e-12 [1410 selected]
| >   graph_49    : -3.4425914783021945e-08 +/- 6.48e-11 [34846 selected]
| >   graph_50    : 8.9994249964931726e-10 +/- 1.37e-11 [3538 selected]
| >   graph_51    : 5.7690394953819487e-09 +/- 1.67e-11 [3647 selected]
| >   graph_52    : 2.2704168001676699e-10 +/- 6.25e-12 [1409 selected]
| >   graph_53    : -8.0697981843477851e-10 +/- 1.35e-11 [5632 selected]
| >   graph_54    : -2.6765463033614286e-09 +/- 1.19e-10 [50089 selected]
| >   graph_55    : 1.1173796053737950e-09 +/- 1.16e-11 [4798 selected]
| >   graph_56    : -4.2055161994129046e-09 +/- 1.24e-11 [2471 selected]
| >   graph_57    : -1.2923813165632158e-08 +/- 4.76e-11 [22792 selected]
| >   graph_58    : 4.5993025487225016e-11 +/- 2.66e-12 [1385 selected]
| >   graph_59    : 3.9512357252832483e-11 +/- 2.62e-12 [1439 selected]
| >   graph_60    : -6.8143884944009873e-11 +/- 2.67e-12 [1354 selected]
| >   graph_61    : 1.2688713255160791e-08 +/- 6.67e-11 [39087 selected]
| >   graph_62    : 6.0166997281928556e-24 +/- 1.54e-23 [1425 selected]
| >   graph_63    : -1.1410987828098950e-09 +/- 9.46e-12 [2222 selected]
| >   graph_64    : 8.3320185634402391e-10 +/- 4.79e-12 [1408 selected]
| >   sum         : 2.9753813621447460e-08
| >   total       : 2.9753813621447440e-08
| >   difference  : 1.9852334701272664e-23
[92mINFO[0m [94msymbolica_integrator l.7237[0m [96mt=2026-09-09,14:20:06.118[0m > Symbolica integration: starting iteration [92m60/100[0m using [94m1000000[0m points ...
[92mINFO[0m [94msymbolica_integrator l.7270[0m [96mt=2026-09-09,14:25:17.651[0m > ... result after this iteration:
| > Integration result after [92m60000000[0m evaluations in [92m735542.11 CPU-s[0m [94m(12259.0 µs / eval)[0m
| > Extremal weights:
| >   with jacobian    : 6.87291e+04 at xs = [1.1523609142106825e-05 8.0408886661259560e-01 4.9838097880659193e-01 1.8957618633349213e-01 8.5347278385972214e-01 6.8193530704548311e-01] | jacobian = 1.48509e+07
| >     momentum space  : k = [[1.5365375555778040e-03, -4.3457983363555212e-03, 1.8647702504812668e+02]; [4.7634774762067813e+01, -6.2642450015685178e+01, -5.0616133684117784e+01]]
| >   without jacobian : 6.12431e+04 at xs = [1.9893180760387205e-01 9.4960077021338030e-01 3.8092870816224239e-01 1.2514712715410771e-08 8.7933684086808808e-02 5.0016081222090403e-01] | jacobian = 2.23599e+01
| >     momentum space  : k = [[8.7866572274323872e+01, -2.8793455859316030e+01, 3.6297395289454343e+01]; [4.2610751484905640e-06, 2.6271882890532849e-06, -2.5290055668014643e-09]]
| >   before clipping   : 3.41825e+07 at xs = [2.6465773581051156e-07 3.6049628842816528e-01 4.9995464157519087e-01 2.2149523156633810e-01 6.3021386174112592e-01 4.8451896927468663e-01]
| >     momentum space  : k = [[-6.7733718784683002e-05, 8.1358120577888239e-05, 2.2680717696599095e+02]; [-7.7701663164253034e+01, -8.2966997489367074e+01, 5.5327572475072397e+00]]
| > Stability pipeline: float pairs accepted = 82787534, HP pairs attempted/accepted = 2030190/2030190
| > Stability triggers: float mismatch = 1902102, float non-finite/error = 921
| > HP precision escalations: attempted/accepted = 2664/2664
| > Higher-precision rejections: disagreement = 0, non-finite = 0, error = 0
| > Soft-mirror stability: pairs = 26681894, large-side triggers = 126589, HP orbits attempted/salvaged/failed = 1864170/1864170/0
| > Soft-mirror extrema: raw original = -6.08343e+09, post-average = 3.41825e+07
| > Strongest soft-mirror cancellation: residual/raw = 0.00000e+00
| > Unstable rotational-check points rejected = 0
| > Rotational-check high-precision retries = 1903023
| > Rotational-check high-precision salvaged = 1903023
| > Large-weight high-precision retries = 127167
| > Large-weight high-precision salvaged = 127167
| > Large-weight high-precision rejected = 0
| > Large-weight samples zeroed = 200 (3.333e-06 of samples; removed signed/absolute sums = 6.52040e+07/1.39718e+08)
| > Non-finite final outputs zeroed = 0
| > Non-finite float rotated evaluations seen = 40
| > Example higher-precision-retried xs = [1.7265545145750016e-01 3.0987003362503329e-01 3.2061093419506459e-01 2.9773816827716681e-01 4.2264025488893087e-01 5.4552528647525544e-01] | float rel = 1.83306e+00
| >     momentum space  : k = [[-2.5923335064264300e+01, 6.5631404491694042e+01, 4.4592524277177773e+01]; [-1.4841504911254179e+02, 7.8414345192107874e+01, -2.4172211541858793e+01]]
| > Example large-weight higher-precision-retried xs = [6.2315394262952850e-03 8.7335248832704826e-02 4.3698273950411237e-01 1.7075337559625559e-01 2.3328011702598017e-02 8.1591186955703054e-01] | compiled = 1.29744e+03 | higher precision = -1.91195e+00
| >     momentum space  : k = [[2.0981863278860531e+00, 1.2827845393213939e+00, 1.6464272205621262e+02]; [4.4540392286650942e+01, 6.5756311498899862e+00, -6.8970990633645286e+01]]
| > Example NaN/non-finite rotated xs = [9.7362215618168912e-01 2.8761982718842016e-02 7.1239412401005031e-01 7.6351383122687992e-06 8.1517347970654108e-01 4.6873166947969135e-02]
| >     momentum space  : k = [[1.1408782098248355e+04, 2.0845012077396245e+03, -9.1365956262265390e+03]; [1.7841371185143296e-04, -4.1105989017338625e-04, -2.9424209241204335e+04]]
| > [92mCentral value[0m : +2.9741340478669790e-08   +/- 3.57e-10     ([91m1.202%[0m)
[92mINFO[0m [94msymbolica_integrator l.7274[0m [96mt=2026-09-09,14:25:17.652[0m > | > Graph-channel Symbolica observer estimates:
| >   graph_0     : -2.0687726203753833e-08 +/- 8.05e-11 [54987 selected]
| >   graph_1     : 3.3394794457723188e-10 +/- 6.82e-12 [1744 selected]
| >   graph_2     : -1.2799156308619265e-08 +/- 3.76e-11 [15134 selected]
| >   graph_3     : 1.1000580017522367e-10 +/- 1.38e-12 [1407 selected]
| >   graph_4     : -6.4884078655170686e-10 +/- 1.12e-11 [2498 selected]
| >   graph_5     : -3.9590131847146556e-11 +/- 1.58e-12 [1328 selected]
| >   graph_6     : -4.1065801691507055e-11 +/- 1.65e-12 [1365 selected]
| >   graph_7     : 6.3653725498653146e-11 +/- 2.34e-12 [1375 selected]
| >   graph_8     : -9.0746518928870031e-10 +/- 9.51e-12 [4057 selected]
| >   graph_9     : 1.0640030732092925e-09 +/- 9.89e-12 [4462 selected]
| >   graph_10    : -2.7516000061131107e-09 +/- 5.03e-11 [24527 selected]
| >   graph_11    : 2.0132673965642461e-27 +/- 2.58e-28 [1377 selected]
| >   graph_12    : -5.5272472967922030e-10 +/- 6.78e-12 [2867 selected]
| >   graph_13    : -1.1768363003321980e-08 +/- 7.86e-11 [46535 selected]
| >   graph_14    : 1.0960116126821528e-10 +/- 4.72e-13 [1351 selected]
| >   graph_15    : 8.8272727152787886e-24 +/- 9.15e-24 [1387 selected]
| >   graph_16    : 3.8817285202946604e-09 +/- 1.16e-11 [2290 selected]
| >   graph_17    : -3.5531681995170255e-10 +/- 1.51e-12 [1365 selected]
| >   graph_18    : 1.1870736253114655e-08 +/- 4.12e-11 [19185 selected]
| >   graph_19    : 1.0646763948390268e-09 +/- 5.90e-12 [1448 selected]
| >   graph_20    : -7.6835728250475894e-10 +/- 4.08e-12 [1437 selected]
| >   graph_21    : -8.6759680711717272e-10 +/- 9.97e-12 [4240 selected]
| >   graph_22    : -5.3476947078304197e-10 +/- 3.20e-11 [5464 selected]
| >   graph_23    : -2.9647888280881943e-10 +/- 1.37e-11 [1901 selected]
| >   graph_24    : 5.8846122820123739e-10 +/- 1.53e-11 [4167 selected]
| >   graph_25    : 4.2415050423917380e-10 +/- 1.05e-11 [2162 selected]
| >   graph_26    : -2.1325202946297453e-10 +/- 9.27e-13 [1450 selected]
| >   graph_27    : -2.7431891132622794e-11 +/- 1.16e-13 [1344 selected]
| >   graph_28    : -1.1665229443400325e-09 +/- 8.34e-12 [1804 selected]
| >   graph_29    : 6.8113642842047333e-08 +/- 1.07e-10 [67877 selected]
| >   graph_30    : -1.1325452328202742e-09 +/- 9.30e-11 [78589 selected]
| >   graph_31    : 4.0458430828222479e-11 +/- 4.70e-13 [1458 selected]
| >   graph_32    : -4.6808064308320767e-11 +/- 8.07e-12 [1936 selected]
| >   graph_33    : -1.8871444209544738e-09 +/- 2.01e-11 [8514 selected]
| >   graph_34    : 1.1093212671370157e-25 +/- 5.46e-26 [1390 selected]
| >   graph_35    : 2.5445487913689057e-08 +/- 1.04e-10 [95082 selected]
| >   graph_36    : -2.9580347791266583e-09 +/- 2.09e-11 [7281 selected]
| >   graph_37    : 1.6106543681445249e-08 +/- 5.45e-11 [30241 selected]
| >   graph_38    : 3.9898018157132840e-10 +/- 3.96e-12 [1406 selected]
| >   graph_39    : -7.6114293560237160e-09 +/- 3.46e-11 [14809 selected]
| >   graph_40    : -5.6060044434158742e-10 +/- 1.65e-10 [139546 selected]
| >   graph_41    : 1.7286062765877764e-09 +/- 1.58e-11 [6924 selected]
| >   graph_42    : 4.4704496397081749e-09 +/- 9.09e-11 [49056 selected]
| >   graph_43    : 3.0959177525426993e-09 +/- 2.22e-11 [7646 selected]
| >   graph_44    : 4.4396169918792222e-10 +/- 6.82e-12 [2794 selected]
| >   graph_45    : 2.4269497079986621e-10 +/- 1.02e-12 [1419 selected]
| >   graph_46    : -6.1123798388110856e-11 +/- 4.00e-13 [1376 selected]
| >   graph_47    : -6.4556567692939123e-09 +/- 9.63e-11 [89071 selected]
| >   graph_48    : -9.1888909771972060e-11 +/- 2.39e-12 [1371 selected]
| >   graph_49    : -3.4426923452183192e-08 +/- 6.40e-11 [34807 selected]
| >   graph_50    : 9.0160358565722262e-10 +/- 1.37e-11 [3481 selected]
| >   graph_51    : 5.7670397868940626e-09 +/- 1.65e-11 [3596 selected]
| >   graph_52    : 2.2714973689251280e-10 +/- 6.20e-12 [1385 selected]
| >   graph_53    : -8.0560124504104807e-10 +/- 1.34e-11 [5532 selected]
| >   graph_54    : -2.6664325029388038e-09 +/- 1.17e-10 [50326 selected]
| >   graph_55    : 1.1164694047304213e-09 +/- 1.16e-11 [4774 selected]
| >   graph_56    : -4.2045850189742878e-09 +/- 1.23e-11 [2508 selected]
| >   graph_57    : -1.2920687368409294e-08 +/- 4.70e-11 [22940 selected]
| >   graph_58    : 4.5926976722090601e-11 +/- 2.64e-12 [1321 selected]
| >   graph_59    : 3.9300709170226421e-11 +/- 2.60e-12 [1400 selected]
| >   graph_60    : -6.8277213224585710e-11 +/- 2.65e-12 [1466 selected]
| >   graph_61    : 1.2677409142163420e-08 +/- 6.59e-11 [38979 selected]
| >   graph_62    : 5.9244870986177203e-24 +/- 1.52e-23 [1405 selected]
| >   graph_63    : -1.1404332339758065e-09 +/- 9.39e-12 [2210 selected]
| >   graph_64    : 8.3316324135848451e-10 +/- 4.75e-12 [1426 selected]
| >   sum         : 2.9741340478669817e-08
| >   total       : 2.9741340478669790e-08
| >   difference  : 2.6469779601696886e-23
[92mINFO[0m [94msymbolica_integrator l.7237[0m [96mt=2026-09-09,14:25:17.652[0m > Symbolica integration: starting iteration [92m61/100[0m using [94m1000000[0m points ...
[92mINFO[0m [94msymbolica_integrator l.7270[0m [96mt=2026-09-09,14:30:03.993[0m > ... result after this iteration:
| > Integration result after [92m61000000[0m evaluations in [92m747862.00 CPU-s[0m [94m(12260.0 µs / eval)[0m
| > Extremal weights:
| >   with jacobian    : 6.87291e+04 at xs = [1.1523609142106825e-05 8.0408886661259560e-01 4.9838097880659193e-01 1.8957618633349213e-01 8.5347278385972214e-01 6.8193530704548311e-01] | jacobian = 1.48509e+07
| >     momentum space  : k = [[1.5365375555778040e-03, -4.3457983363555212e-03, 1.8647702504812668e+02]; [4.7634774762067813e+01, -6.2642450015685178e+01, -5.0616133684117784e+01]]
| >   without jacobian : 6.12431e+04 at xs = [1.9893180760387205e-01 9.4960077021338030e-01 3.8092870816224239e-01 1.2514712715410771e-08 8.7933684086808808e-02 5.0016081222090403e-01] | jacobian = 2.23599e+01
| >     momentum space  : k = [[8.7866572274323872e+01, -2.8793455859316030e+01, 3.6297395289454343e+01]; [4.2610751484905640e-06, 2.6271882890532849e-06, -2.5290055668014643e-09]]
| >   before clipping   : 3.41825e+07 at xs = [2.6465773581051156e-07 3.6049628842816528e-01 4.9995464157519087e-01 2.2149523156633810e-01 6.3021386174112592e-01 4.8451896927468663e-01]
| >     momentum space  : k = [[-6.7733718784683002e-05, 8.1358120577888239e-05, 2.2680717696599095e+02]; [-7.7701663164253034e+01, -8.2966997489367074e+01, 5.5327572475072397e+00]]
| > Stability pipeline: float pairs accepted = 84167436, HP pairs attempted/accepted = 2063865/2063865
| > Stability triggers: float mismatch = 1933749, float non-finite/error = 938
| > HP precision escalations: attempted/accepted = 2723/2723
| > Higher-precision rejections: disagreement = 0, non-finite = 0, error = 0
| > Soft-mirror stability: pairs = 27126355, large-side triggers = 128591, HP orbits attempted/salvaged/failed = 1895054/1895054/0
| > Soft-mirror extrema: raw original = -6.08343e+09, post-average = 3.41825e+07
| > Strongest soft-mirror cancellation: residual/raw = 0.00000e+00
| > Unstable rotational-check points rejected = 0
| > Rotational-check high-precision retries = 1934687
| > Rotational-check high-precision salvaged = 1934687
| > Large-weight high-precision retries = 129178
| > Large-weight high-precision salvaged = 129178
| > Large-weight high-precision rejected = 0
| > Large-weight samples zeroed = 204 (3.344e-06 of samples; removed signed/absolute sums = 5.97539e+07/1.45373e+08)
| > Non-finite final outputs zeroed = 0
| > Non-finite float rotated evaluations seen = 41
| > Example higher-precision-retried xs = [1.7265545145750016e-01 3.0987003362503329e-01 3.2061093419506459e-01 2.9773816827716681e-01 4.2264025488893087e-01 5.4552528647525544e-01] | float rel = 1.83306e+00
| >     momentum space  : k = [[-2.5923335064264300e+01, 6.5631404491694042e+01, 4.4592524277177773e+01]; [-1.4841504911254179e+02, 7.8414345192107874e+01, -2.4172211541858793e+01]]
| > Example large-weight higher-precision-retried xs = [6.2315394262952850e-03 8.7335248832704826e-02 4.3698273950411237e-01 1.7075337559625559e-01 2.3328011702598017e-02 8.1591186955703054e-01] | compiled = 1.29744e+03 | higher precision = -1.91195e+00
| >     momentum space  : k = [[2.0981863278860531e+00, 1.2827845393213939e+00, 1.6464272205621262e+02]; [4.4540392286650942e+01, 6.5756311498899862e+00, -6.8970990633645286e+01]]
| > Example NaN/non-finite rotated xs = [9.7362215618168912e-01 2.8761982718842016e-02 7.1239412401005031e-01 7.6351383122687992e-06 8.1517347970654108e-01 4.6873166947969135e-02]
| >     momentum space  : k = [[1.1408782098248355e+04, 2.0845012077396245e+03, -9.1365956262265390e+03]; [1.7841371185143296e-04, -4.1105989017338625e-04, -2.9424209241204335e+04]]
| > [92mCentral value[0m : +2.9766912964121193e-08   +/- 3.53e-10     ([91m1.185%[0m)
[92mINFO[0m [94msymbolica_integrator l.7274[0m [96mt=2026-09-09,14:30:03.994[0m > | > Graph-channel Symbolica observer estimates:
| >   graph_0     : -2.0680446232270646e-08 +/- 7.96e-11 [54986 selected]
| >   graph_1     : 3.3545716302166013e-10 +/- 6.76e-12 [1761 selected]
| >   graph_2     : -1.2798537602055945e-08 +/- 3.71e-11 [15358 selected]
| >   graph_3     : 1.1032354645028819e-10 +/- 1.37e-12 [1412 selected]
| >   graph_4     : -6.4893635044647592e-10 +/- 1.11e-11 [2501 selected]
| >   graph_5     : -3.9532236038291874e-11 +/- 1.57e-12 [1351 selected]
| >   graph_6     : -4.1058631117691803e-11 +/- 1.64e-12 [1413 selected]
| >   graph_7     : 6.3410840880386702e-11 +/- 2.33e-12 [1348 selected]
| >   graph_8     : -9.0815491669215406e-10 +/- 9.42e-12 [3988 selected]
| >   graph_9     : 1.0627357301577148e-09 +/- 9.79e-12 [4404 selected]
| >   graph_10    : -2.7504328647625241e-09 +/- 4.97e-11 [24439 selected]
| >   graph_11    : 2.0700682055780776e-27 +/- 2.56e-28 [1364 selected]
| >   graph_12    : -5.5270008457625153e-10 +/- 6.79e-12 [2888 selected]
| >   graph_13    : -1.1771016744555795e-08 +/- 7.74e-11 [46279 selected]
| >   graph_14    : 1.0959415217846662e-10 +/- 4.67e-13 [1382 selected]
| >   graph_15    : 8.7088519932256223e-24 +/- 9.00e-24 [1411 selected]
| >   graph_16    : 3.8838678160650249e-09 +/- 1.15e-11 [2364 selected]
| >   graph_17    : -3.5534128023994871e-10 +/- 1.50e-12 [1396 selected]
| >   graph_18    : 1.1865433775420565e-08 +/- 4.15e-11 [18964 selected]
| >   graph_19    : 1.0641842572882779e-09 +/- 5.86e-12 [1419 selected]
| >   graph_20    : -7.6809645634399188e-10 +/- 4.04e-12 [1346 selected]
| >   graph_21    : -8.6834980666657099e-10 +/- 9.88e-12 [4465 selected]
| >   graph_22    : -5.3440661398552753e-10 +/- 3.15e-11 [5379 selected]
| >   graph_23    : -2.9648252750577101e-10 +/- 1.35e-11 [1860 selected]
| >   graph_24    : 5.8771562739125845e-10 +/- 1.51e-11 [4110 selected]
| >   graph_25    : 4.2304207236564669e-10 +/- 1.04e-11 [2213 selected]
| >   graph_26    : -2.1333908402073858e-10 +/- 9.20e-13 [1418 selected]
| >   graph_27    : -2.7437027921503802e-11 +/- 1.15e-13 [1424 selected]
| >   graph_28    : -1.1676790123106304e-09 +/- 8.27e-12 [1791 selected]
| >   graph_29    : 6.8120537475865948e-08 +/- 1.06e-10 [68434 selected]
| >   graph_30    : -1.1390106063486157e-09 +/- 9.15e-11 [78089 selected]
| >   graph_31    : 4.0566826751605409e-11 +/- 4.67e-13 [1463 selected]
| >   graph_32    : -4.7407827287619217e-11 +/- 7.98e-12 [1888 selected]
| >   graph_33    : -1.8878439871669827e-09 +/- 1.99e-11 [8520 selected]
| >   graph_34    : 1.0755617259922221e-25 +/- 5.38e-26 [1353 selected]
| >   graph_35    : 2.5450119133539328e-08 +/- 1.03e-10 [95071 selected]
| >   graph_36    : -2.9570831233923460e-09 +/- 2.07e-11 [7232 selected]
| >   graph_37    : 1.6108356671675407e-08 +/- 5.39e-11 [30482 selected]
| >   graph_38    : 3.9870081570939975e-10 +/- 3.93e-12 [1378 selected]
| >   graph_39    : -7.6106887739132459e-09 +/- 3.43e-11 [14837 selected]
| >   graph_40    : -5.4622403546577867e-10 +/- 1.62e-10 [140020 selected]
| >   graph_41    : 1.7281478542256226e-09 +/- 1.57e-11 [6892 selected]
| >   graph_42    : 4.4717875143548993e-09 +/- 8.97e-11 [49516 selected]
| >   graph_43    : 3.0945941708072389e-09 +/- 2.20e-11 [7786 selected]
| >   graph_44    : 4.4257328257531008e-10 +/- 6.77e-12 [2864 selected]
| >   graph_45    : 2.4265569021131316e-10 +/- 1.01e-12 [1359 selected]
| >   graph_46    : -6.1075369789670524e-11 +/- 3.97e-13 [1383 selected]
| >   graph_47    : -6.4539398323935451e-09 +/- 9.49e-11 [88389 selected]
| >   graph_48    : -9.2453251135733770e-11 +/- 2.37e-12 [1388 selected]
| >   graph_49    : -3.4427564242939328e-08 +/- 6.35e-11 [34654 selected]
| >   graph_50    : 9.0167462159621224e-10 +/- 1.36e-11 [3478 selected]
| >   graph_51    : 5.7700529459150952e-09 +/- 1.64e-11 [3621 selected]
| >   graph_52    : 2.2563313596876202e-10 +/- 6.16e-12 [1475 selected]
| >   graph_53    : -8.0433577340333280e-10 +/- 1.32e-11 [5723 selected]
| >   graph_54    : -2.6619058377279210e-09 +/- 1.16e-10 [50217 selected]
| >   graph_55    : 1.1154473652280763e-09 +/- 1.15e-11 [4909 selected]
| >   graph_56    : -4.2045147482733236e-09 +/- 1.22e-11 [2480 selected]
| >   graph_57    : -1.2919489598178952e-08 +/- 4.65e-11 [22629 selected]
| >   graph_58    : 4.5952842137772230e-11 +/- 2.61e-12 [1387 selected]
| >   graph_59    : 3.9408727303408587e-11 +/- 2.57e-12 [1409 selected]
| >   graph_60    : -6.7617538921981077e-11 +/- 2.63e-12 [1464 selected]
| >   graph_61    : 1.2676489344688811e-08 +/- 6.51e-11 [38919 selected]
| >   graph_62    : 5.7374451423177144e-24 +/- 1.49e-23 [1379 selected]
| >   graph_63    : -1.1404444414452665e-09 +/- 9.32e-12 [2175 selected]
| >   graph_64    : 8.3199602364179807e-10 +/- 4.71e-12 [1303 selected]
| >   sum         : 2.9766912964121210e-08
| >   total       : 2.9766912964121193e-08
| >   difference  : 1.6543612251060553e-23
[92mINFO[0m [94msymbolica_integrator l.7237[0m [96mt=2026-09-09,14:30:03.994[0m > Symbolica integration: starting iteration [92m62/100[0m using [94m1000000[0m points ...
[92mINFO[0m [94msymbolica_integrator l.7270[0m [96mt=2026-09-09,14:35:03.604[0m > ... result after this iteration:
| > Integration result after [92m62000000[0m evaluations in [92m760381.10 CPU-s[0m [94m(12264.2 µs / eval)[0m
| > Extremal weights:
| >   with jacobian    : 6.87291e+04 at xs = [1.1523609142106825e-05 8.0408886661259560e-01 4.9838097880659193e-01 1.8957618633349213e-01 8.5347278385972214e-01 6.8193530704548311e-01] | jacobian = 1.48509e+07
| >     momentum space  : k = [[1.5365375555778040e-03, -4.3457983363555212e-03, 1.8647702504812668e+02]; [4.7634774762067813e+01, -6.2642450015685178e+01, -5.0616133684117784e+01]]
| >   without jacobian : 6.12431e+04 at xs = [1.9893180760387205e-01 9.4960077021338030e-01 3.8092870816224239e-01 1.2514712715410771e-08 8.7933684086808808e-02 5.0016081222090403e-01] | jacobian = 2.23599e+01
| >     momentum space  : k = [[8.7866572274323872e+01, -2.8793455859316030e+01, 3.6297395289454343e+01]; [4.2610751484905640e-06, 2.6271882890532849e-06, -2.5290055668014643e-09]]
| >   before clipping   : 3.41825e+07 at xs = [2.6465773581051156e-07 3.6049628842816528e-01 4.9995464157519087e-01 2.2149523156633810e-01 6.3021386174112592e-01 4.8451896927468663e-01]
| >     momentum space  : k = [[-6.7733718784683002e-05, 8.1358120577888239e-05, 2.2680717696599095e+02]; [-7.7701663164253034e+01, -8.2966997489367074e+01, 5.5327572475072397e+00]]
| > Stability pipeline: float pairs accepted = 85549200, HP pairs attempted/accepted = 2096399/2096399
| > Stability triggers: float mismatch = 1964503, float non-finite/error = 968
| > HP precision escalations: attempted/accepted = 2771/2771
| > Higher-precision rejections: disagreement = 0, non-finite = 0, error = 0
| > Soft-mirror stability: pairs = 27570047, large-side triggers = 130335, HP orbits attempted/salvaged/failed = 1924448/1924448/0
| > Soft-mirror extrema: raw original = -6.08343e+09, post-average = 3.41825e+07
| > Strongest soft-mirror cancellation: residual/raw = 0.00000e+00
| > Unstable rotational-check points rejected = 0
| > Rotational-check high-precision retries = 1965471
| > Rotational-check high-precision salvaged = 1965471
| > Large-weight high-precision retries = 130928
| > Large-weight high-precision salvaged = 130928
| > Large-weight high-precision rejected = 0
| > Large-weight samples zeroed = 207 (3.339e-06 of samples; removed signed/absolute sums = 6.01260e+07/1.45745e+08)
| > Non-finite final outputs zeroed = 0
| > Non-finite float rotated evaluations seen = 42
| > Example higher-precision-retried xs = [1.7265545145750016e-01 3.0987003362503329e-01 3.2061093419506459e-01 2.9773816827716681e-01 4.2264025488893087e-01 5.4552528647525544e-01] | float rel = 1.83306e+00
| >     momentum space  : k = [[-2.5923335064264300e+01, 6.5631404491694042e+01, 4.4592524277177773e+01]; [-1.4841504911254179e+02, 7.8414345192107874e+01, -2.4172211541858793e+01]]
| > Example large-weight higher-precision-retried xs = [6.2315394262952850e-03 8.7335248832704826e-02 4.3698273950411237e-01 1.7075337559625559e-01 2.3328011702598017e-02 8.1591186955703054e-01] | compiled = 1.29744e+03 | higher precision = -1.91195e+00
| >     momentum space  : k = [[2.0981863278860531e+00, 1.2827845393213939e+00, 1.6464272205621262e+02]; [4.4540392286650942e+01, 6.5756311498899862e+00, -6.8970990633645286e+01]]
| > Example NaN/non-finite rotated xs = [9.7362215618168912e-01 2.8761982718842016e-02 7.1239412401005031e-01 7.6351383122687992e-06 8.1517347970654108e-01 4.6873166947969135e-02]
| >     momentum space  : k = [[1.1408782098248355e+04, 2.0845012077396245e+03, -9.1365956262265390e+03]; [1.7841371185143296e-04, -4.1105989017338625e-04, -2.9424209241204335e+04]]
| > [92mCentral value[0m : +2.9791646852860666e-08   +/- 3.48e-10     ([91m1.169%[0m)
[92mINFO[0m [94msymbolica_integrator l.7274[0m [96mt=2026-09-09,14:35:03.605[0m > | > Graph-channel Symbolica observer estimates:
| >   graph_0     : -2.0686132079002753e-08 +/- 7.87e-11 [55252 selected]
| >   graph_1     : 3.3498069339599521e-10 +/- 6.69e-12 [1711 selected]
| >   graph_2     : -1.2794632095545096e-08 +/- 3.68e-11 [15086 selected]
| >   graph_3     : 1.1014537485098878e-10 +/- 1.36e-12 [1424 selected]
| >   graph_4     : -6.4845072019539978e-10 +/- 1.10e-11 [2555 selected]
| >   graph_5     : -3.9361078066202323e-11 +/- 1.56e-12 [1427 selected]
| >   graph_6     : -4.1167698660121252e-11 +/- 1.63e-12 [1420 selected]
| >   graph_7     : 6.3688779703161774e-11 +/- 2.31e-12 [1404 selected]
| >   graph_8     : -9.0882700754053600e-10 +/- 9.33e-12 [4095 selected]
| >   graph_9     : 1.0633503514636429e-09 +/- 9.70e-12 [4541 selected]
| >   graph_10    : -2.7493661437143066e-09 +/- 4.90e-11 [24454 selected]
| >   graph_11    : 2.1118627080026331e-27 +/- 2.54e-28 [1411 selected]
| >   graph_12    : -5.5326336817985392e-10 +/- 6.74e-12 [2908 selected]
| >   graph_13    : -1.1766844286254298e-08 +/- 7.63e-11 [45751 selected]
| >   graph_14    : 1.0957924957097963e-10 +/- 4.63e-13 [1393 selected]
| >   graph_15    : 8.5420212169190002e-24 +/- 8.85e-24 [1433 selected]
| >   graph_16    : 3.8841692662609072e-09 +/- 1.14e-11 [2249 selected]
| >   graph_17    : -3.5569853530295424e-10 +/- 1.49e-12 [1429 selected]
| >   graph_18    : 1.1871900555291809e-08 +/- 4.10e-11 [19619 selected]
| >   graph_19    : 1.0644801349856961e-09 +/- 5.81e-12 [1398 selected]
| >   graph_20    : -7.6743712174665502e-10 +/- 4.01e-12 [1363 selected]
| >   graph_21    : -8.6708550903452607e-10 +/- 9.78e-12 [4327 selected]
| >   graph_22    : -5.3320712736435638e-10 +/- 3.10e-11 [5294 selected]
| >   graph_23    : -2.9627919128208812e-10 +/- 1.33e-11 [1815 selected]
| >   graph_24    : 5.8343364326966836e-10 +/- 1.50e-11 [4317 selected]
| >   graph_25    : 4.2254344662839847e-10 +/- 1.03e-11 [2174 selected]
| >   graph_26    : -2.1330200687558643e-10 +/- 9.12e-13 [1384 selected]
| >   graph_27    : -2.7425503067792309e-11 +/- 1.14e-13 [1365 selected]
| >   graph_28    : -1.1659523706171558e-09 +/- 8.20e-12 [1764 selected]
| >   graph_29    : 6.8135052979950970e-08 +/- 1.05e-10 [68421 selected]
| >   graph_30    : -1.1455687461834191e-09 +/- 9.03e-11 [77426 selected]
| >   graph_31    : 4.0619352384071066e-11 +/- 4.63e-13 [1420 selected]
| >   graph_32    : -4.7017950753926876e-11 +/- 7.91e-12 [1980 selected]
| >   graph_33    : -1.8893092753281642e-09 +/- 1.97e-11 [8633 selected]
| >   graph_34    : 1.1069783759843082e-25 +/- 5.32e-26 [1440 selected]
| >   graph_35    : 2.5437830964387904e-08 +/- 1.01e-10 [95153 selected]
| >   graph_36    : -2.9567362818521482e-09 +/- 2.05e-11 [7063 selected]
| >   graph_37    : 1.6116164023241700e-08 +/- 5.34e-11 [30828 selected]
| >   graph_38    : 3.9897357469758543e-10 +/- 3.89e-12 [1407 selected]
| >   graph_39    : -7.6209335764641998e-09 +/- 3.40e-11 [14833 selected]
| >   graph_40    : -5.3233170706723644e-10 +/- 1.60e-10 [139959 selected]
| >   graph_41    : 1.7297821976783975e-09 +/- 1.55e-11 [6848 selected]
| >   graph_42    : 4.4695314661344383e-09 +/- 8.84e-11 [49251 selected]
| >   graph_43    : 3.0953967503227531e-09 +/- 2.18e-11 [7801 selected]
| >   graph_44    : 4.4089745099814257e-10 +/- 6.71e-12 [2800 selected]
| >   graph_45    : 2.4268551868034357e-10 +/- 1.00e-12 [1421 selected]
| >   graph_46    : -6.1114120825003935e-11 +/- 3.93e-13 [1396 selected]
| >   graph_47    : -6.4427941333177464e-09 +/- 9.37e-11 [88332 selected]
| >   graph_48    : -9.2656299963933158e-11 +/- 2.35e-12 [1347 selected]
| >   graph_49    : -3.4426415608557243e-08 +/- 6.28e-11 [34888 selected]
| >   graph_50    : 8.9959905814208434e-10 +/- 1.35e-11 [3524 selected]
| >   graph_51    : 5.7706894298999316e-09 +/- 1.63e-11 [3536 selected]
| >   graph_52    : 2.2621319232193176e-10 +/- 6.11e-12 [1406 selected]
| >   graph_53    : -8.0406940756362611e-10 +/- 1.31e-11 [5762 selected]
| >   graph_54    : -2.6645313195291826e-09 +/- 1.14e-10 [50329 selected]
| >   graph_55    : 1.1164396560188362e-09 +/- 1.14e-11 [4786 selected]
| >   graph_56    : -4.2038123250492885e-09 +/- 1.21e-11 [2479 selected]
| >   graph_57    : -1.2919641738169210e-08 +/- 4.60e-11 [22822 selected]
| >   graph_58    : 4.5814925296114485e-11 +/- 2.59e-12 [1334 selected]
| >   graph_59    : 3.9433195403181507e-11 +/- 2.56e-12 [1434 selected]
| >   graph_60    : -6.7263334195492720e-11 +/- 2.61e-12 [1458 selected]
| >   graph_61    : 1.2674526138116601e-08 +/- 6.43e-11 [38795 selected]
| >   graph_62    : 5.6359165836794556e-24 +/- 1.47e-23 [1340 selected]
| >   graph_63    : -1.1398431006798821e-09 +/- 9.24e-12 [2158 selected]
| >   graph_64    : 8.3219625171382158e-10 +/- 4.67e-12 [1427 selected]
| >   sum         : 2.9791646852860685e-08
| >   total       : 2.9791646852860666e-08
| >   difference  : 1.9852334701272664e-23
[92mINFO[0m [94msymbolica_integrator l.7237[0m [96mt=2026-09-09,14:35:03.605[0m > Symbolica integration: starting iteration [92m63/100[0m using [94m1000000[0m points ...
[92mINFO[0m [94msymbolica_integrator l.7270[0m [96mt=2026-09-09,14:40:12.612[0m > ... result after this iteration:
| > Integration result after [92m63000000[0m evaluations in [92m771387.28 CPU-s[0m [94m(12244.2 µs / eval)[0m
| > Extremal weights:
| >   with jacobian    : 6.87291e+04 at xs = [1.1523609142106825e-05 8.0408886661259560e-01 4.9838097880659193e-01 1.8957618633349213e-01 8.5347278385972214e-01 6.8193530704548311e-01] | jacobian = 1.48509e+07
| >     momentum space  : k = [[1.5365375555778040e-03, -4.3457983363555212e-03, 1.8647702504812668e+02]; [4.7634774762067813e+01, -6.2642450015685178e+01, -5.0616133684117784e+01]]
| >   without jacobian : 6.12431e+04 at xs = [1.9893180760387205e-01 9.4960077021338030e-01 3.8092870816224239e-01 1.2514712715410771e-08 8.7933684086808808e-02 5.0016081222090403e-01] | jacobian = 2.23599e+01
| >     momentum space  : k = [[8.7866572274323872e+01, -2.8793455859316030e+01, 3.6297395289454343e+01]; [4.2610751484905640e-06, 2.6271882890532849e-06, -2.5290055668014643e-09]]
| >   before clipping   : 3.41825e+07 at xs = [2.6465773581051156e-07 3.6049628842816528e-01 4.9995464157519087e-01 2.2149523156633810e-01 6.3021386174112592e-01 4.8451896927468663e-01]
| >     momentum space  : k = [[-6.7733718784683002e-05, 8.1358120577888239e-05, 2.2680717696599095e+02]; [-7.7701663164253034e+01, -8.2966997489367074e+01, 5.5327572475072397e+00]]
| > Stability pipeline: float pairs accepted = 86931393, HP pairs attempted/accepted = 2128354/2128354
| > Stability triggers: float mismatch = 1994569, float non-finite/error = 989
| > HP precision escalations: attempted/accepted = 2841/2841
| > Higher-precision rejections: disagreement = 0, non-finite = 0, error = 0
| > Soft-mirror stability: pairs = 28013340, large-side triggers = 132195, HP orbits attempted/salvaged/failed = 1953593/1953593/0
| > Soft-mirror extrema: raw original = -6.08343e+09, post-average = 3.41825e+07
| > Strongest soft-mirror cancellation: residual/raw = 0.00000e+00
| > Unstable rotational-check points rejected = 0
| > Rotational-check high-precision retries = 1995558
| > Rotational-check high-precision salvaged = 1995558
| > Large-weight high-precision retries = 132796
| > Large-weight high-precision salvaged = 132796
| > Large-weight high-precision rejected = 0
| > Large-weight samples zeroed = 213 (3.381e-06 of samples; removed signed/absolute sums = 6.12383e+07/1.47577e+08)
| > Non-finite final outputs zeroed = 0
| > Non-finite float rotated evaluations seen = 44
| > Example higher-precision-retried xs = [1.7265545145750016e-01 3.0987003362503329e-01 3.2061093419506459e-01 2.9773816827716681e-01 4.2264025488893087e-01 5.4552528647525544e-01] | float rel = 1.83306e+00
| >     momentum space  : k = [[-2.5923335064264300e+01, 6.5631404491694042e+01, 4.4592524277177773e+01]; [-1.4841504911254179e+02, 7.8414345192107874e+01, -2.4172211541858793e+01]]
| > Example large-weight higher-precision-retried xs = [6.2315394262952850e-03 8.7335248832704826e-02 4.3698273950411237e-01 1.7075337559625559e-01 2.3328011702598017e-02 8.1591186955703054e-01] | compiled = 1.29744e+03 | higher precision = -1.91195e+00
| >     momentum space  : k = [[2.0981863278860531e+00, 1.2827845393213939e+00, 1.6464272205621262e+02]; [4.4540392286650942e+01, 6.5756311498899862e+00, -6.8970990633645286e+01]]
| > Example NaN/non-finite rotated xs = [9.7362215618168912e-01 2.8761982718842016e-02 7.1239412401005031e-01 7.6351383122687992e-06 8.1517347970654108e-01 4.6873166947969135e-02]
| >     momentum space  : k = [[1.1408782098248355e+04, 2.0845012077396245e+03, -9.1365956262265390e+03]; [1.7841371185143296e-04, -4.1105989017338625e-04, -2.9424209241204335e+04]]
| > [92mCentral value[0m : +2.9766028876434426e-08   +/- 3.44e-10     ([91m1.156%[0m)
[92mINFO[0m [94msymbolica_integrator l.7274[0m [96mt=2026-09-09,14:40:12.612[0m > | > Graph-channel Symbolica observer estimates:
| >   graph_0     : -2.0681965795769827e-08 +/- 7.78e-11 [54774 selected]
| >   graph_1     : 3.3593124625509713e-10 +/- 6.62e-12 [1761 selected]
| >   graph_2     : -1.2792112916040079e-08 +/- 3.64e-11 [15231 selected]
| >   graph_3     : 1.0993219110944115e-10 +/- 1.34e-12 [1461 selected]
| >   graph_4     : -6.4699584046919599e-10 +/- 1.09e-11 [2432 selected]
| >   graph_5     : -3.9435592339676591e-11 +/- 1.54e-12 [1398 selected]
| >   graph_6     : -4.1078718474953102e-11 +/- 1.61e-12 [1464 selected]
| >   graph_7     : 6.3809716049182002e-11 +/- 2.29e-12 [1395 selected]
| >   graph_8     : -9.0729164935099552e-10 +/- 9.25e-12 [3992 selected]
| >   graph_9     : 1.0627730471727992e-09 +/- 9.61e-12 [4487 selected]
| >   graph_10    : -2.7492803616114175e-09 +/- 4.84e-11 [24337 selected]
| >   graph_11    : 2.0915453328297698e-27 +/- 2.52e-28 [1458 selected]
| >   graph_12    : -5.5331384124420110e-10 +/- 6.69e-12 [2789 selected]
| >   graph_13    : -1.1768684123994494e-08 +/- 7.53e-11 [45663 selected]
| >   graph_14    : 1.0952421067244230e-10 +/- 4.59e-13 [1356 selected]
| >   graph_15    : 8.1758234280535146e-24 +/- 8.71e-24 [1443 selected]
| >   graph_16    : 3.8870166203591340e-09 +/- 1.13e-11 [2341 selected]
| >   graph_17    : -3.5606643111334779e-10 +/- 1.48e-12 [1450 selected]
| >   graph_18    : 1.1862673139507427e-08 +/- 4.06e-11 [19380 selected]
| >   graph_19    : 1.0645509549773857e-09 +/- 5.77e-12 [1420 selected]
| >   graph_20    : -7.6845230273395567e-10 +/- 3.98e-12 [1467 selected]
| >   graph_21    : -8.6556143071716602e-10 +/- 9.70e-12 [4215 selected]
| >   graph_22    : -5.3331249810719441e-10 +/- 3.05e-11 [5254 selected]
| >   graph_23    : -2.9554285129181290e-10 +/- 1.31e-11 [1803 selected]
| >   graph_24    : 5.8251771289277820e-10 +/- 1.49e-11 [4207 selected]
| >   graph_25    : 4.2230948755875304e-10 +/- 1.02e-11 [2245 selected]
| >   graph_26    : -2.1347590130900948e-10 +/- 9.04e-13 [1433 selected]
| >   graph_27    : -2.7447316649624169e-11 +/- 1.13e-13 [1472 selected]
| >   graph_28    : -1.1678739088473026e-09 +/- 8.14e-12 [1813 selected]
| >   graph_29    : 6.8131131938632971e-08 +/- 1.03e-10 [68358 selected]
| >   graph_30    : -1.1521803284004811e-09 +/- 8.91e-11 [77397 selected]
| >   graph_31    : 4.0643169492242596e-11 +/- 4.59e-13 [1385 selected]
| >   graph_32    : -4.8215563888314637e-11 +/- 7.84e-12 [2039 selected]
| >   graph_33    : -1.8893170983304945e-09 +/- 1.95e-11 [8643 selected]
| >   graph_34    : 1.1567754783324296e-25 +/- 5.25e-26 [1446 selected]
| >   graph_35    : 2.5442227005735720e-08 +/- 1.00e-10 [94589 selected]
| >   graph_36    : -2.9569428384081519e-09 +/- 2.04e-11 [7218 selected]
| >   graph_37    : 1.6121124356005538e-08 +/- 5.29e-11 [30757 selected]
| >   graph_38    : 3.9831532995350517e-10 +/- 3.86e-12 [1379 selected]
| >   graph_39    : -7.6220979323497749e-09 +/- 3.36e-11 [14800 selected]
| >   graph_40    : -5.2656007583233189e-10 +/- 1.58e-10 [140123 selected]
| >   graph_41    : 1.7297148119702685e-09 +/- 1.54e-11 [7005 selected]
| >   graph_42    : 4.4698508985555492e-09 +/- 8.72e-11 [49044 selected]
| >   graph_43    : 3.0983878472560159e-09 +/- 2.16e-11 [7658 selected]
| >   graph_44    : 4.4238197214162620e-10 +/- 6.65e-12 [2874 selected]
| >   graph_45    : 2.4280003845254329e-10 +/- 9.94e-13 [1441 selected]
| >   graph_46    : -6.1048591209660668e-11 +/- 3.90e-13 [1421 selected]
| >   graph_47    : -6.4467433168863866e-09 +/- 9.24e-11 [88612 selected]
| >   graph_48    : -9.2761688505415539e-11 +/- 2.33e-12 [1380 selected]
| >   graph_49    : -3.4430650913134968e-08 +/- 6.34e-11 [35200 selected]
| >   graph_50    : 8.9847190752203627e-10 +/- 1.34e-11 [3528 selected]
| >   graph_51    : 5.7725289247394172e-09 +/- 1.62e-11 [3552 selected]
| >   graph_52    : 2.2621466030652466e-10 +/- 6.06e-12 [1390 selected]
| >   graph_53    : -8.0453621882033727e-10 +/- 1.30e-11 [5558 selected]
| >   graph_54    : -2.6677627991140610e-09 +/- 1.12e-10 [50215 selected]
| >   graph_55    : 1.1193195964135799e-09 +/- 1.13e-11 [4892 selected]
| >   graph_56    : -4.2050044366711971e-09 +/- 1.20e-11 [2549 selected]
| >   graph_57    : -1.2929397544944278e-08 +/- 4.55e-11 [22925 selected]
| >   graph_58    : 4.5229772078533231e-11 +/- 2.57e-12 [1416 selected]
| >   graph_59    : 3.9507203842646921e-11 +/- 2.54e-12 [1434 selected]
| >   graph_60    : -6.7262911654079126e-11 +/- 2.59e-12 [1451 selected]
| >   graph_61    : 1.2666170327721766e-08 +/- 6.35e-11 [39322 selected]
| >   graph_62    : 5.6031654264929782e-24 +/- 1.44e-23 [1405 selected]
| >   graph_63    : -1.1429608978662159e-09 +/- 9.17e-12 [2230 selected]
| >   graph_64    : 8.3230542513993206e-10 +/- 4.63e-12 [1423 selected]
| >   sum         : 2.9766028876434469e-08
| >   total       : 2.9766028876434426e-08
| >   difference  : 4.3013391852757439e-23
[92mINFO[0m [94msymbolica_integrator l.7237[0m [96mt=2026-09-09,14:40:12.613[0m > Symbolica integration: starting iteration [92m64/100[0m using [94m1000000[0m points ...
[92mINFO[0m [94msymbolica_integrator l.7270[0m [96mt=2026-09-09,14:45:14.167[0m > ... result after this iteration:
| > Integration result after [92m64000000[0m evaluations in [92m784309.03 CPU-s[0m [94m(12254.8 µs / eval)[0m
| > Extremal weights:
| >   with jacobian    : 6.87291e+04 at xs = [1.1523609142106825e-05 8.0408886661259560e-01 4.9838097880659193e-01 1.8957618633349213e-01 8.5347278385972214e-01 6.8193530704548311e-01] | jacobian = 1.48509e+07
| >     momentum space  : k = [[1.5365375555778040e-03, -4.3457983363555212e-03, 1.8647702504812668e+02]; [4.7634774762067813e+01, -6.2642450015685178e+01, -5.0616133684117784e+01]]
| >   without jacobian : 6.12431e+04 at xs = [1.9893180760387205e-01 9.4960077021338030e-01 3.8092870816224239e-01 1.2514712715410771e-08 8.7933684086808808e-02 5.0016081222090403e-01] | jacobian = 2.23599e+01
| >     momentum space  : k = [[8.7866572274323872e+01, -2.8793455859316030e+01, 3.6297395289454343e+01]; [4.2610751484905640e-06, 2.6271882890532849e-06, -2.5290055668014643e-09]]
| >   before clipping   : 3.41825e+07 at xs = [2.6465773581051156e-07 3.6049628842816528e-01 4.9995464157519087e-01 2.2149523156633810e-01 6.3021386174112592e-01 4.8451896927468663e-01]
| >     momentum space  : k = [[-6.7733718784683002e-05, 8.1358120577888239e-05, 2.2680717696599095e+02]; [-7.7701663164253034e+01, -8.2966997489367074e+01, 5.5327572475072397e+00]]
| > Stability pipeline: float pairs accepted = 88305900, HP pairs attempted/accepted = 2164788/2164788
| > Stability triggers: float mismatch = 2028729, float non-finite/error = 1027
| > HP precision escalations: attempted/accepted = 2947/2947
| > Higher-precision rejections: disagreement = 0, non-finite = 0, error = 0
| > Soft-mirror stability: pairs = 28457536, large-side triggers = 134419, HP orbits attempted/salvaged/failed = 1986848/1986848/0
| > Soft-mirror extrema: raw original = -6.08343e+09, post-average = 3.41825e+07
| > Strongest soft-mirror cancellation: residual/raw = 0.00000e+00
| > Unstable rotational-check points rejected = 0
| > Rotational-check high-precision retries = 2029756
| > Rotational-check high-precision salvaged = 2029756
| > Large-weight high-precision retries = 135032
| > Large-weight high-precision salvaged = 135032
| > Large-weight high-precision rejected = 0
| > Large-weight samples zeroed = 214 (3.344e-06 of samples; removed signed/absolute sums = 6.08226e+07/1.47993e+08)
| > Non-finite final outputs zeroed = 0
| > Non-finite float rotated evaluations seen = 45
| > Example higher-precision-retried xs = [1.7265545145750016e-01 3.0987003362503329e-01 3.2061093419506459e-01 2.9773816827716681e-01 4.2264025488893087e-01 5.4552528647525544e-01] | float rel = 1.83306e+00
| >     momentum space  : k = [[-2.5923335064264300e+01, 6.5631404491694042e+01, 4.4592524277177773e+01]; [-1.4841504911254179e+02, 7.8414345192107874e+01, -2.4172211541858793e+01]]
| > Example large-weight higher-precision-retried xs = [6.2315394262952850e-03 8.7335248832704826e-02 4.3698273950411237e-01 1.7075337559625559e-01 2.3328011702598017e-02 8.1591186955703054e-01] | compiled = 1.29744e+03 | higher precision = -1.91195e+00
| >     momentum space  : k = [[2.0981863278860531e+00, 1.2827845393213939e+00, 1.6464272205621262e+02]; [4.4540392286650942e+01, 6.5756311498899862e+00, -6.8970990633645286e+01]]
| > Example NaN/non-finite rotated xs = [9.7362215618168912e-01 2.8761982718842016e-02 7.1239412401005031e-01 7.6351383122687992e-06 8.1517347970654108e-01 4.6873166947969135e-02]
| >     momentum space  : k = [[1.1408782098248355e+04, 2.0845012077396245e+03, -9.1365956262265390e+03]; [1.7841371185143296e-04, -4.1105989017338625e-04, -2.9424209241204335e+04]]
| > [92mCentral value[0m : +2.9751105241849347e-08   +/- 3.40e-10     ([91m1.142%[0m)
[92mINFO[0m [94msymbolica_integrator l.7274[0m [96mt=2026-09-09,14:45:14.168[0m > | > Graph-channel Symbolica observer estimates:
| >   graph_0     : -2.0685172389846055e-08 +/- 7.69e-11 [55081 selected]
| >   graph_1     : 3.3631242418321487e-10 +/- 6.56e-12 [1753 selected]
| >   graph_2     : -1.2792865422610151e-08 +/- 3.60e-11 [15140 selected]
| >   graph_3     : 1.0976818471570033e-10 +/- 1.34e-12 [1339 selected]
| >   graph_4     : -6.4757140726020756e-10 +/- 1.08e-11 [2596 selected]
| >   graph_5     : -3.9758033103702608e-11 +/- 1.53e-12 [1442 selected]
| >   graph_6     : -4.1327430685779260e-11 +/- 1.60e-12 [1379 selected]
| >   graph_7     : 6.3488006766400342e-11 +/- 2.28e-12 [1424 selected]
| >   graph_8     : -9.0673499316749980e-10 +/- 9.16e-12 [4059 selected]
| >   graph_9     : 1.0630857357174435e-09 +/- 9.53e-12 [4418 selected]
| >   graph_10    : -2.7497894794020924e-09 +/- 4.79e-11 [24477 selected]
| >   graph_11    : 2.0900434403249178e-27 +/- 2.50e-28 [1476 selected]
| >   graph_12    : -5.5527538713469538e-10 +/- 6.64e-12 [2831 selected]
| >   graph_13    : -1.1764631836429802e-08 +/- 7.42e-11 [45854 selected]
| >   graph_14    : 1.0943442882770590e-10 +/- 4.55e-13 [1348 selected]
| >   graph_15    : 8.2039044732672918e-24 +/- 8.58e-24 [1398 selected]
| >   graph_16    : 3.8872793881807331e-09 +/- 1.13e-11 [2252 selected]
| >   graph_17    : -3.5614577710988359e-10 +/- 1.46e-12 [1416 selected]
| >   graph_18    : 1.1855220793180379e-08 +/- 4.03e-11 [19268 selected]
| >   graph_19    : 1.0650595228964442e-09 +/- 5.73e-12 [1413 selected]
| >   graph_20    : -7.6800449459819702e-10 +/- 3.95e-12 [1412 selected]
| >   graph_21    : -8.6558097445551542e-10 +/- 9.61e-12 [4291 selected]
| >   graph_22    : -5.3787271134386337e-10 +/- 3.08e-11 [5281 selected]
| >   graph_23    : -2.9538412766323179e-10 +/- 1.29e-11 [1841 selected]
| >   graph_24    : 5.8268819442405245e-10 +/- 1.48e-11 [4257 selected]
| >   graph_25    : 4.2240080161532311e-10 +/- 1.02e-11 [2254 selected]
| >   graph_26    : -2.1342536395775420e-10 +/- 8.96e-13 [1349 selected]
| >   graph_27    : -2.7430885910698376e-11 +/- 1.12e-13 [1363 selected]
| >   graph_28    : -1.1676305131173629e-09 +/- 8.08e-12 [1745 selected]
| >   graph_29    : 6.8141704071205216e-08 +/- 1.02e-10 [68604 selected]
| >   graph_30    : -1.1588537423909224e-09 +/- 8.79e-11 [77389 selected]
| >   graph_31    : 4.0713713113558416e-11 +/- 4.56e-13 [1400 selected]
| >   graph_32    : -4.8316320161722175e-11 +/- 7.77e-12 [1902 selected]
| >   graph_33    : -1.8889532125693787e-09 +/- 1.93e-11 [8493 selected]
| >   graph_34    : 1.1193628460636391e-25 +/- 5.18e-26 [1396 selected]
| >   graph_35    : 2.5430018442274848e-08 +/- 9.91e-11 [95649 selected]
| >   graph_36    : -2.9574239851342148e-09 +/- 2.02e-11 [7090 selected]
| >   graph_37    : 1.6113018124157913e-08 +/- 5.24e-11 [30609 selected]
| >   graph_38    : 3.9820807212831178e-10 +/- 3.84e-12 [1468 selected]
| >   graph_39    : -7.6264822526611366e-09 +/- 3.34e-11 [14711 selected]
| >   graph_40    : -5.2370360950496054e-10 +/- 1.56e-10 [139598 selected]
| >   graph_41    : 1.7270171829760763e-09 +/- 1.52e-11 [6881 selected]
| >   graph_42    : 4.4821026003401247e-09 +/- 8.60e-11 [49080 selected]
| >   graph_43    : 3.1000973448209226e-09 +/- 2.14e-11 [7639 selected]
| >   graph_44    : 4.4361892754272149e-10 +/- 6.60e-12 [2856 selected]
| >   graph_45    : 2.4282808538886922e-10 +/- 9.86e-13 [1402 selected]
| >   graph_46    : -6.1020711060004486e-11 +/- 3.87e-13 [1403 selected]
| >   graph_47    : -6.4466768129724760e-09 +/- 9.13e-11 [87862 selected]
| >   graph_48    : -9.2430593772671437e-11 +/- 2.31e-12 [1408 selected]
| >   graph_49    : -3.4427480468616897e-08 +/- 6.27e-11 [36217 selected]
| >   graph_50    : 9.0090798901490656e-10 +/- 1.33e-11 [3568 selected]
| >   graph_51    : 5.7742432204939951e-09 +/- 1.60e-11 [3604 selected]
| >   graph_52    : 2.2683987677020971e-10 +/- 6.01e-12 [1334 selected]
| >   graph_53    : -8.0516582522762815e-10 +/- 1.29e-11 [5576 selected]
| >   graph_54    : -2.6714164821898688e-09 +/- 1.11e-10 [50083 selected]
| >   graph_55    : 1.1186061962113091e-09 +/- 1.12e-11 [4719 selected]
| >   graph_56    : -4.2065382036557777e-09 +/- 1.19e-11 [2515 selected]
| >   graph_57    : -1.2935694441163296e-08 +/- 4.50e-11 [22805 selected]
| >   graph_58    : 4.5293393800305043e-11 +/- 2.56e-12 [1349 selected]
| >   graph_59    : 4.0046326605596070e-11 +/- 2.52e-12 [1458 selected]
| >   graph_60    : -6.7269786537293096e-11 +/- 2.57e-12 [1386 selected]
| >   graph_61    : 1.2674173050910780e-08 +/- 6.28e-11 [39455 selected]
| >   graph_62    : 5.5285974790818390e-24 +/- 1.42e-23 [1399 selected]
| >   graph_63    : -1.1430898489656439e-09 +/- 9.11e-12 [2162 selected]
| >   graph_64    : 8.3204866796667943e-10 +/- 4.59e-12 [1373 selected]
| >   sum         : 2.9751105241849370e-08
| >   total       : 2.9751105241849347e-08
| >   difference  : 2.3161057151484775e-23
[92mINFO[0m [94msymbolica_integrator l.7237[0m [96mt=2026-09-09,14:45:14.168[0m > Symbolica integration: starting iteration [92m65/100[0m using [94m1000000[0m points ...
[92mINFO[0m [94msymbolica_integrator l.7270[0m [96mt=2026-09-09,14:50:44.361[0m > ... result after this iteration:
| > Integration result after [92m65000000[0m evaluations in [92m798270.22 CPU-s[0m [94m(12281.1 µs / eval)[0m
| > Extremal weights:
| >   with jacobian    : 6.87291e+04 at xs = [1.1523609142106825e-05 8.0408886661259560e-01 4.9838097880659193e-01 1.8957618633349213e-01 8.5347278385972214e-01 6.8193530704548311e-01] | jacobian = 1.48509e+07
| >     momentum space  : k = [[1.5365375555778040e-03, -4.3457983363555212e-03, 1.8647702504812668e+02]; [4.7634774762067813e+01, -6.2642450015685178e+01, -5.0616133684117784e+01]]
| >   without jacobian : 6.12431e+04 at xs = [1.9893180760387205e-01 9.4960077021338030e-01 3.8092870816224239e-01 1.2514712715410771e-08 8.7933684086808808e-02 5.0016081222090403e-01] | jacobian = 2.23599e+01
| >     momentum space  : k = [[8.7866572274323872e+01, -2.8793455859316030e+01, 3.6297395289454343e+01]; [4.2610751484905640e-06, 2.6271882890532849e-06, -2.5290055668014643e-09]]
| >   before clipping   : 3.41825e+07 at xs = [2.6465773581051156e-07 3.6049628842816528e-01 4.9995464157519087e-01 2.2149523156633810e-01 6.3021386174112592e-01 4.8451896927468663e-01]
| >     momentum space  : k = [[-6.7733718784683002e-05, 8.1358120577888239e-05, 2.2680717696599095e+02]; [-7.7701663164253034e+01, -8.2966997489367074e+01, 5.5327572475072397e+00]]
| > Stability pipeline: float pairs accepted = 89673838, HP pairs attempted/accepted = 2204616/2204616
| > Stability triggers: float mismatch = 2065953, float non-finite/error = 1053
| > HP precision escalations: attempted/accepted = 3021/3021
| > Higher-precision rejections: disagreement = 0, non-finite = 0, error = 0
| > Soft-mirror stability: pairs = 28901710, large-side triggers = 136988, HP orbits attempted/salvaged/failed = 2023256/2023256/0
| > Soft-mirror extrema: raw original = -6.08343e+09, post-average = 3.41825e+07
| > Strongest soft-mirror cancellation: residual/raw = 0.00000e+00
| > Unstable rotational-check points rejected = 0
| > Rotational-check high-precision retries = 2067006
| > Rotational-check high-precision salvaged = 2067006
| > Large-weight high-precision retries = 137610
| > Large-weight high-precision salvaged = 137610
| > Large-weight high-precision rejected = 0
| > Large-weight samples zeroed = 217 (3.338e-06 of samples; removed signed/absolute sums = 6.11430e+07/1.48313e+08)
| > Non-finite final outputs zeroed = 0
| > Non-finite float rotated evaluations seen = 46
| > Example higher-precision-retried xs = [1.7265545145750016e-01 3.0987003362503329e-01 3.2061093419506459e-01 2.9773816827716681e-01 4.2264025488893087e-01 5.4552528647525544e-01] | float rel = 1.83306e+00
| >     momentum space  : k = [[-2.5923335064264300e+01, 6.5631404491694042e+01, 4.4592524277177773e+01]; [-1.4841504911254179e+02, 7.8414345192107874e+01, -2.4172211541858793e+01]]
| > Example large-weight higher-precision-retried xs = [6.2315394262952850e-03 8.7335248832704826e-02 4.3698273950411237e-01 1.7075337559625559e-01 2.3328011702598017e-02 8.1591186955703054e-01] | compiled = 1.29744e+03 | higher precision = -1.91195e+00
| >     momentum space  : k = [[2.0981863278860531e+00, 1.2827845393213939e+00, 1.6464272205621262e+02]; [4.4540392286650942e+01, 6.5756311498899862e+00, -6.8970990633645286e+01]]
| > Example NaN/non-finite rotated xs = [9.7362215618168912e-01 2.8761982718842016e-02 7.1239412401005031e-01 7.6351383122687992e-06 8.1517347970654108e-01 4.6873166947969135e-02]
| >     momentum space  : k = [[1.1408782098248355e+04, 2.0845012077396245e+03, -9.1365956262265390e+03]; [1.7841371185143296e-04, -4.1105989017338625e-04, -2.9424209241204335e+04]]
| > [92mCentral value[0m : +2.9775035928632477e-08   +/- 3.36e-10     ([91m1.130%[0m)
[92mINFO[0m [94msymbolica_integrator l.7274[0m [96mt=2026-09-09,14:50:44.362[0m > | > Graph-channel Symbolica observer estimates:
| >   graph_0     : -2.0682701625717973e-08 +/- 7.61e-11 [55004 selected]
| >   graph_1     : 3.3564505980046867e-10 +/- 6.52e-12 [1766 selected]
| >   graph_2     : -1.2791295401813196e-08 +/- 3.57e-11 [15071 selected]
| >   graph_3     : 1.1003421247307548e-10 +/- 1.33e-12 [1418 selected]
| >   graph_4     : -6.4927957098107333e-10 +/- 1.07e-11 [2618 selected]
| >   graph_5     : -3.9563661894080238e-11 +/- 1.52e-12 [1422 selected]
| >   graph_6     : -4.1016829568988620e-11 +/- 1.59e-12 [1328 selected]
| >   graph_7     : 6.3332144563844510e-11 +/- 2.26e-12 [1421 selected]
| >   graph_8     : -9.0525753172936251e-10 +/- 9.08e-12 [3866 selected]
| >   graph_9     : 1.0624629033687726e-09 +/- 9.45e-12 [4363 selected]
| >   graph_10    : -2.7525311408316477e-09 +/- 4.74e-11 [24611 selected]
| >   graph_11    : 2.0123384030857557e-27 +/- 2.48e-28 [1400 selected]
| >   graph_12    : -5.5501845156308095e-10 +/- 6.58e-12 [2771 selected]
| >   graph_13    : -1.1767635005800665e-08 +/- 7.36e-11 [45470 selected]
| >   graph_14    : 1.0954010544589767e-10 +/- 4.51e-13 [1460 selected]
| >   graph_15    : 8.1975533426301932e-24 +/- 8.45e-24 [1424 selected]
| >   graph_16    : 3.8871614312051749e-09 +/- 1.12e-11 [2234 selected]
| >   graph_17    : -3.5611895863327716e-10 +/- 1.45e-12 [1411 selected]
| >   graph_18    : 1.1855513355880854e-08 +/- 3.99e-11 [19489 selected]
| >   graph_19    : 1.0656785828057198e-09 +/- 5.68e-12 [1400 selected]
| >   graph_20    : -7.6833540189008747e-10 +/- 3.92e-12 [1421 selected]
| >   graph_21    : -8.6488069179118495e-10 +/- 9.52e-12 [4278 selected]
| >   graph_22    : -5.3471215474936799e-10 +/- 3.03e-11 [5566 selected]
| >   graph_23    : -2.9490405054635531e-10 +/- 1.27e-11 [1837 selected]
| >   graph_24    : 5.8435592379284258e-10 +/- 1.46e-11 [4150 selected]
| >   graph_25    : 4.2284770948319867e-10 +/- 1.01e-11 [2213 selected]
| >   graph_26    : -2.1331618423173019e-10 +/- 8.88e-13 [1363 selected]
| >   graph_27    : -2.7416063737057113e-11 +/- 1.11e-13 [1369 selected]
| >   graph_28    : -1.1684794810748054e-09 +/- 8.02e-12 [1815 selected]
| >   graph_29    : 6.8155037244367992e-08 +/- 1.01e-10 [68524 selected]
| >   graph_30    : -1.1650392246347194e-09 +/- 8.67e-11 [77050 selected]
| >   graph_31    : 4.0753867326131877e-11 +/- 4.53e-13 [1422 selected]
| >   graph_32    : -4.7004455155952089e-11 +/- 7.73e-12 [1993 selected]
| >   graph_33    : -1.8856411341978039e-09 +/- 1.91e-11 [8433 selected]
| >   graph_34    : 1.0632361748639742e-25 +/- 5.14e-26 [1454 selected]
| >   graph_35    : 2.5433843295488566e-08 +/- 9.80e-11 [95434 selected]
| >   graph_36    : -2.9557615384195688e-09 +/- 2.00e-11 [7388 selected]
| >   graph_37    : 1.6107177409825470e-08 +/- 5.19e-11 [30591 selected]
| >   graph_38    : 3.9842547053847852e-10 +/- 3.80e-12 [1341 selected]
| >   graph_39    : -7.6253355851275721e-09 +/- 3.31e-11 [14853 selected]
| >   graph_40    : -5.2810633615519584e-10 +/- 1.54e-10 [140247 selected]
| >   graph_41    : 1.7244404733503126e-09 +/- 1.51e-11 [6981 selected]
| >   graph_42    : 4.4843682916270567e-09 +/- 8.49e-11 [49314 selected]
| >   graph_43    : 3.0987562601529685e-09 +/- 2.12e-11 [7920 selected]
| >   graph_44    : 4.4389601478287080e-10 +/- 6.55e-12 [2828 selected]
| >   graph_45    : 2.4277758864708720e-10 +/- 9.78e-13 [1401 selected]
| >   graph_46    : -6.0960538837660140e-11 +/- 3.83e-13 [1344 selected]
| >   graph_47    : -6.4292966965721763e-09 +/- 9.19e-11 [87824 selected]
| >   graph_48    : -9.2109798356017843e-11 +/- 2.29e-12 [1352 selected]
| >   graph_49    : -3.4432582106621682e-08 +/- 6.21e-11 [35972 selected]
| >   graph_50    : 8.9988795173434230e-10 +/- 1.32e-11 [3549 selected]
| >   graph_51    : 5.7763770011579777e-09 +/- 1.59e-11 [3652 selected]
| >   graph_52    : 2.2832717056709089e-10 +/- 5.96e-12 [1357 selected]
| >   graph_53    : -8.0665631557077014e-10 +/- 1.27e-11 [5473 selected]
| >   graph_54    : -2.6664162557966216e-09 +/- 1.09e-10 [50043 selected]
| >   graph_55    : 1.1176470257163904e-09 +/- 1.11e-11 [4695 selected]
| >   graph_56    : -4.2039348153931470e-09 +/- 1.18e-11 [2473 selected]
| >   graph_57    : -1.2938822892998840e-08 +/- 4.46e-11 [22917 selected]
| >   graph_58    : 4.5089491278839631e-11 +/- 2.54e-12 [1424 selected]
| >   graph_59    : 4.0207964531320710e-11 +/- 2.50e-12 [1406 selected]
| >   graph_60    : -6.7310106193339013e-11 +/- 2.55e-12 [1438 selected]
| >   graph_61    : 1.2667736274748752e-08 +/- 6.20e-11 [39055 selected]
| >   graph_62    : 5.4184738532274672e-24 +/- 1.40e-23 [1363 selected]
| >   graph_63    : -1.1407212927475709e-09 +/- 9.04e-12 [2157 selected]
| >   graph_64    : 8.3187700330358173e-10 +/- 4.55e-12 [1373 selected]
| >   sum         : 2.9775035928632520e-08
| >   total       : 2.9775035928632477e-08
| >   difference  : 4.3013391852757439e-23
[92mINFO[0m [94msymbolica_integrator l.7237[0m [96mt=2026-09-09,14:50:44.362[0m > Symbolica integration: starting iteration [92m66/100[0m using [94m1000000[0m points ...
[92mINFO[0m [94msymbolica_integrator l.7270[0m [96mt=2026-09-09,14:56:12.624[0m > ... result after this iteration:
| > Integration result after [92m66000000[0m evaluations in [92m812042.84 CPU-s[0m [94m(12303.7 µs / eval)[0m
| > Extremal weights:
| >   with jacobian    : 6.87291e+04 at xs = [1.1523609142106825e-05 8.0408886661259560e-01 4.9838097880659193e-01 1.8957618633349213e-01 8.5347278385972214e-01 6.8193530704548311e-01] | jacobian = 1.48509e+07
| >     momentum space  : k = [[1.5365375555778040e-03, -4.3457983363555212e-03, 1.8647702504812668e+02]; [4.7634774762067813e+01, -6.2642450015685178e+01, -5.0616133684117784e+01]]
| >   without jacobian : 6.12431e+04 at xs = [1.9893180760387205e-01 9.4960077021338030e-01 3.8092870816224239e-01 1.2514712715410771e-08 8.7933684086808808e-02 5.0016081222090403e-01] | jacobian = 2.23599e+01
| >     momentum space  : k = [[8.7866572274323872e+01, -2.8793455859316030e+01, 3.6297395289454343e+01]; [4.2610751484905640e-06, 2.6271882890532849e-06, -2.5290055668014643e-09]]
| >   before clipping   : 3.41825e+07 at xs = [2.6465773581051156e-07 3.6049628842816528e-01 4.9995464157519087e-01 2.2149523156633810e-01 6.3021386174112592e-01 4.8451896927468663e-01]
| >     momentum space  : k = [[-6.7733718784683002e-05, 8.1358120577888239e-05, 2.2680717696599095e+02]; [-7.7701663164253034e+01, -8.2966997489367074e+01, 5.5327572475072397e+00]]
| > Stability pipeline: float pairs accepted = 91040594, HP pairs attempted/accepted = 2244035/2244035
| > Stability triggers: float mismatch = 2102574, float non-finite/error = 1073
| > HP precision escalations: attempted/accepted = 3076/3076
| > Higher-precision rejections: disagreement = 0, non-finite = 0, error = 0
| > Soft-mirror stability: pairs = 29344364, large-side triggers = 139752, HP orbits attempted/salvaged/failed = 2059735/2059735/0
| > Soft-mirror extrema: raw original = -6.08343e+09, post-average = 3.41825e+07
| > Strongest soft-mirror cancellation: residual/raw = 0.00000e+00
| > Unstable rotational-check points rejected = 0
| > Rotational-check high-precision retries = 2103647
| > Rotational-check high-precision salvaged = 2103647
| > Large-weight high-precision retries = 140388
| > Large-weight high-precision salvaged = 140388
| > Large-weight high-precision rejected = 0
| > Large-weight samples zeroed = 221 (3.348e-06 of samples; removed signed/absolute sums = 6.06474e+07/1.49007e+08)
| > Non-finite final outputs zeroed = 0
| > Non-finite float rotated evaluations seen = 46
| > Example higher-precision-retried xs = [1.7265545145750016e-01 3.0987003362503329e-01 3.2061093419506459e-01 2.9773816827716681e-01 4.2264025488893087e-01 5.4552528647525544e-01] | float rel = 1.83306e+00
| >     momentum space  : k = [[-2.5923335064264300e+01, 6.5631404491694042e+01, 4.4592524277177773e+01]; [-1.4841504911254179e+02, 7.8414345192107874e+01, -2.4172211541858793e+01]]
| > Example large-weight higher-precision-retried xs = [6.2315394262952850e-03 8.7335248832704826e-02 4.3698273950411237e-01 1.7075337559625559e-01 2.3328011702598017e-02 8.1591186955703054e-01] | compiled = 1.29744e+03 | higher precision = -1.91195e+00
| >     momentum space  : k = [[2.0981863278860531e+00, 1.2827845393213939e+00, 1.6464272205621262e+02]; [4.4540392286650942e+01, 6.5756311498899862e+00, -6.8970990633645286e+01]]
| > Example NaN/non-finite rotated xs = [9.7362215618168912e-01 2.8761982718842016e-02 7.1239412401005031e-01 7.6351383122687992e-06 8.1517347970654108e-01 4.6873166947969135e-02]
| >     momentum space  : k = [[1.1408782098248355e+04, 2.0845012077396245e+03, -9.1365956262265390e+03]; [1.7841371185143296e-04, -4.1105989017338625e-04, -2.9424209241204335e+04]]
| > [92mCentral value[0m : +2.9768638331071401e-08   +/- 3.33e-10     ([91m1.119%[0m)
[92mINFO[0m [94msymbolica_integrator l.7274[0m [96mt=2026-09-09,14:56:12.625[0m > | > Graph-channel Symbolica observer estimates:
| >   graph_0     : -2.0680659410347181e-08 +/- 7.53e-11 [55145 selected]
| >   graph_1     : 3.3571505539166376e-10 +/- 6.46e-12 [1749 selected]
| >   graph_2     : -1.2792902483505722e-08 +/- 3.53e-11 [15092 selected]
| >   graph_3     : 1.0993757889147551e-10 +/- 1.32e-12 [1391 selected]
| >   graph_4     : -6.4701543944938956e-10 +/- 1.06e-11 [2507 selected]
| >   graph_5     : -3.9633687186691587e-11 +/- 1.51e-12 [1411 selected]
| >   graph_6     : -4.0885633645369920e-11 +/- 1.58e-12 [1378 selected]
| >   graph_7     : 6.3426070717149526e-11 +/- 2.24e-12 [1405 selected]
| >   graph_8     : -9.0585911265744084e-10 +/- 9.01e-12 [3934 selected]
| >   graph_9     : 1.0639128929910048e-09 +/- 9.37e-12 [4477 selected]
| >   graph_10    : -2.7517490369835209e-09 +/- 4.68e-11 [24402 selected]
| >   graph_11    : 2.0137345329898805e-27 +/- 2.46e-28 [1391 selected]
| >   graph_12    : -5.5458126422307321e-10 +/- 6.53e-12 [2806 selected]
| >   graph_13    : -1.1764975219508004e-08 +/- 7.27e-11 [45808 selected]
| >   graph_14    : 1.0951736013667211e-10 +/- 4.47e-13 [1382 selected]
| >   graph_15    : 8.0830313054641394e-24 +/- 8.32e-24 [1414 selected]
| >   graph_16    : 3.8859185646067437e-09 +/- 1.11e-11 [2198 selected]
| >   graph_17    : -3.5635866261192838e-10 +/- 1.44e-12 [1455 selected]
| >   graph_18    : 1.1854820096169450e-08 +/- 3.95e-11 [19344 selected]
| >   graph_19    : 1.0658464627352089e-09 +/- 5.64e-12 [1397 selected]
| >   graph_20    : -7.6798400621001037e-10 +/- 3.89e-12 [1339 selected]
| >   graph_21    : -8.6374061392162036e-10 +/- 9.44e-12 [4282 selected]
| >   graph_22    : -5.3324352498910076e-10 +/- 2.99e-11 [5616 selected]
| >   graph_23    : -2.9515177350317109e-10 +/- 1.25e-11 [1761 selected]
| >   graph_24    : 5.8408234702127426e-10 +/- 1.45e-11 [4231 selected]
| >   graph_25    : 4.2343905579552148e-10 +/- 1.00e-11 [2218 selected]
| >   graph_26    : -2.1337299655369966e-10 +/- 8.81e-13 [1433 selected]
| >   graph_27    : -2.7413831706247647e-11 +/- 1.10e-13 [1412 selected]
| >   graph_28    : -1.1704749886605964e-09 +/- 7.97e-12 [1806 selected]
| >   graph_29    : 6.8152812063852885e-08 +/- 9.99e-11 [68569 selected]
| >   graph_30    : -1.1793182213671765e-09 +/- 8.62e-11 [76695 selected]
| >   graph_31    : 4.0816905319772364e-11 +/- 4.50e-13 [1435 selected]
| >   graph_32    : -4.6146509486805566e-11 +/- 7.67e-12 [1946 selected]
| >   graph_33    : -1.8889990971429952e-09 +/- 1.89e-11 [8647 selected]
| >   graph_34    : 1.0884211376988742e-25 +/- 5.07e-26 [1326 selected]
| >   graph_35    : 2.5431569483666276e-08 +/- 9.69e-11 [94873 selected]
| >   graph_36    : -2.9578643276076911e-09 +/- 1.99e-11 [7089 selected]
| >   graph_37    : 1.6107174408700467e-08 +/- 5.14e-11 [30555 selected]
| >   graph_38    : 3.9912598549092673e-10 +/- 3.78e-12 [1416 selected]
| >   graph_39    : -7.6275133200537574e-09 +/- 3.28e-11 [14850 selected]
| >   graph_40    : -5.1544178534124573e-10 +/- 1.52e-10 [139397 selected]
| >   graph_41    : 1.7259663128664305e-09 +/- 1.49e-11 [6876 selected]
| >   graph_42    : 4.4885532720834273e-09 +/- 8.38e-11 [48906 selected]
| >   graph_43    : 3.0998831558536805e-09 +/- 2.11e-11 [7678 selected]
| >   graph_44    : 4.4367777616920100e-10 +/- 6.50e-12 [2742 selected]
| >   graph_45    : 2.4288752746632840e-10 +/- 9.70e-13 [1449 selected]
| >   graph_46    : -6.0985542908645624e-11 +/- 3.80e-13 [1449 selected]
| >   graph_47    : -6.4327420454942356e-09 +/- 9.31e-11 [89853 selected]
| >   graph_48    : -9.1796494838755559e-11 +/- 2.27e-12 [1391 selected]
| >   graph_49    : -3.4437492171880333e-08 +/- 6.14e-11 [36181 selected]
| >   graph_50    : 8.9954306570326656e-10 +/- 1.31e-11 [3508 selected]
| >   graph_51    : 5.7759759407236265e-09 +/- 1.58e-11 [3578 selected]
| >   graph_52    : 2.2763039474251191e-10 +/- 5.92e-12 [1399 selected]
| >   graph_53    : -8.0659142970275292e-10 +/- 1.26e-11 [5621 selected]
| >   graph_54    : -2.6733787913267583e-09 +/- 1.07e-10 [50357 selected]
| >   graph_55    : 1.1180971062803223e-09 +/- 1.10e-11 [4800 selected]
| >   graph_56    : -4.2018454549023154e-09 +/- 1.17e-11 [2461 selected]
| >   graph_57    : -1.2936037103045483e-08 +/- 4.41e-11 [22853 selected]
| >   graph_58    : 4.4878107797550735e-11 +/- 2.52e-12 [1401 selected]
| >   graph_59    : 4.0135678126368598e-11 +/- 2.48e-12 [1292 selected]
| >   graph_60    : -6.7499981235622470e-11 +/- 2.55e-12 [1405 selected]
| >   graph_61    : 1.2670856022237843e-08 +/- 6.13e-11 [38911 selected]
| >   graph_62    : 5.2672303872121159e-24 +/- 1.38e-23 [1292 selected]
| >   graph_63    : -1.1403889109836773e-09 +/- 8.97e-12 [2140 selected]
| >   graph_64    : 8.3248251251544106e-10 +/- 4.51e-12 [1475 selected]
| >   sum         : 2.9768638331071484e-08
| >   total       : 2.9768638331071401e-08
| >   difference  : 8.2718061255302767e-23
[92mINFO[0m [94msymbolica_integrator l.7237[0m [96mt=2026-09-09,14:56:12.625[0m > Symbolica integration: starting iteration [92m67/100[0m using [94m1000000[0m points ...
[92mINFO[0m [94msymbolica_integrator l.7270[0m [96mt=2026-09-09,15:03:55.810[0m > ... result after this iteration:
| > Integration result after [92m67000000[0m evaluations in [92m823536.06 CPU-s[0m [94m(12291.6 µs / eval)[0m
| > Extremal weights:
| >   with jacobian    : 6.87291e+04 at xs = [1.1523609142106825e-05 8.0408886661259560e-01 4.9838097880659193e-01 1.8957618633349213e-01 8.5347278385972214e-01 6.8193530704548311e-01] | jacobian = 1.48509e+07
| >     momentum space  : k = [[1.5365375555778040e-03, -4.3457983363555212e-03, 1.8647702504812668e+02]; [4.7634774762067813e+01, -6.2642450015685178e+01, -5.0616133684117784e+01]]
| >   without jacobian : 6.12431e+04 at xs = [1.9893180760387205e-01 9.4960077021338030e-01 3.8092870816224239e-01 1.2514712715410771e-08 8.7933684086808808e-02 5.0016081222090403e-01] | jacobian = 2.23599e+01
| >     momentum space  : k = [[8.7866572274323872e+01, -2.8793455859316030e+01, 3.6297395289454343e+01]; [4.2610751484905640e-06, 2.6271882890532849e-06, -2.5290055668014643e-09]]
| >   before clipping   : 3.41825e+07 at xs = [2.6465773581051156e-07 3.6049628842816528e-01 4.9995464157519087e-01 2.2149523156633810e-01 6.3021386174112592e-01 4.8451896927468663e-01]
| >     momentum space  : k = [[-6.7733718784683002e-05, 8.1358120577888239e-05, 2.2680717696599095e+02]; [-7.7701663164253034e+01, -8.2966997489367074e+01, 5.5327572475072397e+00]]
| > Stability pipeline: float pairs accepted = 92409931, HP pairs attempted/accepted = 2281074/2281074
| > Stability triggers: float mismatch = 2137002, float non-finite/error = 1102
| > HP precision escalations: attempted/accepted = 3134/3134
| > Higher-precision rejections: disagreement = 0, non-finite = 0, error = 0
| > Soft-mirror stability: pairs = 29784813, large-side triggers = 142322, HP orbits attempted/salvaged/failed = 2093808/2093808/0
| > Soft-mirror extrema: raw original = -6.08343e+09, post-average = 3.41825e+07
| > Strongest soft-mirror cancellation: residual/raw = 0.00000e+00
| > Unstable rotational-check points rejected = 0
| > Rotational-check high-precision retries = 2138104
| > Rotational-check high-precision salvaged = 2138104
| > Large-weight high-precision retries = 142970
| > Large-weight high-precision salvaged = 142970
| > Large-weight high-precision rejected = 0
| > Large-weight samples zeroed = 221 (3.299e-06 of samples; removed signed/absolute sums = 6.06474e+07/1.49007e+08)
| > Non-finite final outputs zeroed = 0
| > Non-finite float rotated evaluations seen = 47
| > Example higher-precision-retried xs = [1.7265545145750016e-01 3.0987003362503329e-01 3.2061093419506459e-01 2.9773816827716681e-01 4.2264025488893087e-01 5.4552528647525544e-01] | float rel = 1.83306e+00
| >     momentum space  : k = [[-2.5923335064264300e+01, 6.5631404491694042e+01, 4.4592524277177773e+01]; [-1.4841504911254179e+02, 7.8414345192107874e+01, -2.4172211541858793e+01]]
| > Example large-weight higher-precision-retried xs = [6.2315394262952850e-03 8.7335248832704826e-02 4.3698273950411237e-01 1.7075337559625559e-01 2.3328011702598017e-02 8.1591186955703054e-01] | compiled = 1.29744e+03 | higher precision = -1.91195e+00
| >     momentum space  : k = [[2.0981863278860531e+00, 1.2827845393213939e+00, 1.6464272205621262e+02]; [4.4540392286650942e+01, 6.5756311498899862e+00, -6.8970990633645286e+01]]
| > Example NaN/non-finite rotated xs = [9.7362215618168912e-01 2.8761982718842016e-02 7.1239412401005031e-01 7.6351383122687992e-06 8.1517347970654108e-01 4.6873166947969135e-02]
| >     momentum space  : k = [[1.1408782098248355e+04, 2.0845012077396245e+03, -9.1365956262265390e+03]; [1.7841371185143296e-04, -4.1105989017338625e-04, -2.9424209241204335e+04]]
| > [92mCentral value[0m : +2.9770401786425784e-08   +/- 3.33e-10     ([91m1.119%[0m)
[92mINFO[0m [94msymbolica_integrator l.7274[0m [96mt=2026-09-09,15:03:55.811[0m > | > Graph-channel Symbolica observer estimates:
| >   graph_0     : -2.0669076516640949e-08 +/- 7.45e-11 [54868 selected]
| >   graph_1     : 3.3568406660951618e-10 +/- 6.40e-12 [1622 selected]
| >   graph_2     : -1.2793443071158260e-08 +/- 3.50e-11 [15119 selected]
| >   graph_3     : 1.1006381070419264e-10 +/- 1.31e-12 [1353 selected]
| >   graph_4     : -6.4896061893685389e-10 +/- 1.06e-11 [2443 selected]
| >   graph_5     : -3.9597456052420797e-11 +/- 1.50e-12 [1396 selected]
| >   graph_6     : -4.0785010206858746e-11 +/- 1.56e-12 [1414 selected]
| >   graph_7     : 6.3966088929961904e-11 +/- 2.23e-12 [1420 selected]
| >   graph_8     : -9.0466233503235788e-10 +/- 8.93e-12 [3848 selected]
| >   graph_9     : 1.0638678463423623e-09 +/- 9.29e-12 [4326 selected]
| >   graph_10    : -2.7474572884902825e-09 +/- 4.63e-11 [24498 selected]
| >   graph_11    : 2.0225941630512638e-27 +/- 2.45e-28 [1379 selected]
| >   graph_12    : -5.5479687488733296e-10 +/- 6.48e-12 [2807 selected]
| >   graph_13    : -1.1758783509717632e-08 +/- 7.17e-11 [44995 selected]
| >   graph_14    : 1.0955030181324016e-10 +/- 4.43e-13 [1382 selected]
| >   graph_15    : 7.9888671463115399e-24 +/- 8.19e-24 [1372 selected]
| >   graph_16    : 3.8872539790737221e-09 +/- 1.10e-11 [2249 selected]
| >   graph_17    : -3.5668959068028644e-10 +/- 1.43e-12 [1448 selected]
| >   graph_18    : 1.1863426191974049e-08 +/- 3.91e-11 [19303 selected]
| >   graph_19    : 1.0658200170390489e-09 +/- 5.59e-12 [1380 selected]
| >   graph_20    : -7.6804689107685655e-10 +/- 3.86e-12 [1423 selected]
| >   graph_21    : -8.6395217579763173e-10 +/- 9.36e-12 [4213 selected]
| >   graph_22    : -5.3254206870151692e-10 +/- 2.95e-11 [5521 selected]
| >   graph_23    : -2.9411979865206039e-10 +/- 1.24e-11 [1805 selected]
| >   graph_24    : 5.8338151520544533e-10 +/- 1.44e-11 [4263 selected]
| >   graph_25    : 4.2346362577062728e-10 +/- 9.93e-12 [2196 selected]
| >   graph_26    : -2.1338403975968338e-10 +/- 8.74e-13 [1362 selected]
| >   graph_27    : -2.7399538810631535e-11 +/- 1.10e-13 [1331 selected]
| >   graph_28    : -1.1686397827558728e-09 +/- 7.91e-12 [1669 selected]
| >   graph_29    : 6.8141082468370277e-08 +/- 9.88e-11 [68457 selected]
| >   graph_30    : -1.1787991565056517e-09 +/- 8.51e-11 [76797 selected]
| >   graph_31    : 4.0840846369573746e-11 +/- 4.47e-13 [1360 selected]
| >   graph_32    : -4.7083038525485247e-11 +/- 7.61e-12 [1876 selected]
| >   graph_33    : -1.8897180042597603e-09 +/- 1.88e-11 [8397 selected]
| >   graph_34    : 1.1379324719393562e-25 +/- 5.01e-26 [1381 selected]
| >   graph_35    : 2.5422262472725400e-08 +/- 9.58e-11 [94354 selected]
| >   graph_36    : -2.9599192971788501e-09 +/- 1.97e-11 [7184 selected]
| >   graph_37    : 1.6111239284158326e-08 +/- 5.09e-11 [30505 selected]
| >   graph_38    : 3.9933925484984845e-10 +/- 3.75e-12 [1369 selected]
| >   graph_39    : -7.6247308472213331e-09 +/- 3.25e-11 [14742 selected]
| >   graph_40    : -5.1658400929242057e-10 +/- 1.50e-10 [139155 selected]
| >   graph_41    : 1.7233901775951125e-09 +/- 1.48e-11 [6725 selected]
| >   graph_42    : 4.4922501254232076e-09 +/- 8.27e-11 [48566 selected]
| >   graph_43    : 3.1004376172260310e-09 +/- 2.09e-11 [7720 selected]
| >   graph_44    : 4.4407498590245356e-10 +/- 6.45e-12 [2750 selected]
| >   graph_45    : 2.4278562327843154e-10 +/- 9.62e-13 [1341 selected]
| >   graph_46    : -6.0974989830401966e-11 +/- 3.77e-13 [1374 selected]
| >   graph_47    : -6.4743289809461771e-09 +/- 1.05e-10 [93711 selected]
| >   graph_48    : -9.2297228977381331e-11 +/- 2.26e-12 [1507 selected]
| >   graph_49    : -3.4433146631728370e-08 +/- 6.08e-11 [35905 selected]
| >   graph_50    : 9.0093086828191811e-10 +/- 1.29e-11 [3486 selected]
| >   graph_51    : 5.7763164126943271e-09 +/- 1.57e-11 [3533 selected]
| >   graph_52    : 2.2807595618727826e-10 +/- 5.87e-12 [1384 selected]
| >   graph_53    : -8.0763671427345466e-10 +/- 1.25e-11 [5654 selected]
| >   graph_54    : -2.6495555642338129e-09 +/- 1.07e-10 [49893 selected]
| >   graph_55    : 1.1181292859534156e-09 +/- 1.10e-11 [4723 selected]
| >   graph_56    : -4.2040321885825950e-09 +/- 1.17e-11 [2539 selected]
| >   graph_57    : -1.2938712535053579e-08 +/- 4.37e-11 [22915 selected]
| >   graph_58    : 4.5511629148273834e-11 +/- 2.51e-12 [1466 selected]
| >   graph_59    : 4.0267959559009218e-11 +/- 2.46e-12 [1328 selected]
| >   graph_60    : -6.7412172490184274e-11 +/- 2.53e-12 [1443 selected]
| >   graph_61    : 1.2670135286630647e-08 +/- 6.07e-11 [38988 selected]
| >   graph_62    : 5.1748948638504876e-24 +/- 1.36e-23 [1399 selected]
| >   graph_63    : -1.1389954905029705e-09 +/- 8.91e-12 [2228 selected]
| >   graph_64    : 8.3311750557004848e-10 +/- 4.48e-12 [1440 selected]
| >   sum         : 2.9770401786425844e-08
| >   total       : 2.9770401786425784e-08
| >   difference  : 5.9557004103817993e-23
[92mINFO[0m [94msymbolica_integrator l.7237[0m [96mt=2026-09-09,15:03:55.811[0m > Symbolica integration: starting iteration [92m68/100[0m using [94m1000000[0m points ...
[92mINFO[0m [94msymbolica_integrator l.7270[0m [96mt=2026-09-09,15:08:35.279[0m > ... result after this iteration:
| > Integration result after [92m68000000[0m evaluations in [92m834911.12 CPU-s[0m [94m(12278.1 µs / eval)[0m
| > Extremal weights:
| >   with jacobian    : 6.87291e+04 at xs = [1.1523609142106825e-05 8.0408886661259560e-01 4.9838097880659193e-01 1.8957618633349213e-01 8.5347278385972214e-01 6.8193530704548311e-01] | jacobian = 1.48509e+07
| >     momentum space  : k = [[1.5365375555778040e-03, -4.3457983363555212e-03, 1.8647702504812668e+02]; [4.7634774762067813e+01, -6.2642450015685178e+01, -5.0616133684117784e+01]]
| >   without jacobian : 6.12431e+04 at xs = [1.9893180760387205e-01 9.4960077021338030e-01 3.8092870816224239e-01 1.2514712715410771e-08 8.7933684086808808e-02 5.0016081222090403e-01] | jacobian = 2.23599e+01
| >     momentum space  : k = [[8.7866572274323872e+01, -2.8793455859316030e+01, 3.6297395289454343e+01]; [4.2610751484905640e-06, 2.6271882890532849e-06, -2.5290055668014643e-09]]
| >   before clipping   : 5.00979e+07 at xs = [1.9582099155261540e-01 5.6287678290629772e-01 3.4988846605134888e-01 5.0747659817460897e-06 7.8428228602499783e-01 4.9974373003259892e-01]
| >     momentum space  : k = [[-8.0086232672303836e+01, -3.3395147584803333e+01, 4.4249849563175729e+01]; [4.3387448179743019e-04, -1.9830058113803005e-03, 1.6342773234291566e-06]]
| > Stability pipeline: float pairs accepted = 93773678, HP pairs attempted/accepted = 2316254/2316254
| > Stability triggers: float mismatch = 2169794, float non-finite/error = 1138
| > HP precision escalations: attempted/accepted = 3208/3208
| > Higher-precision rejections: disagreement = 0, non-finite = 0, error = 0
| > Soft-mirror stability: pairs = 30216164, large-side triggers = 144650, HP orbits attempted/salvaged/failed = 2126232/2126232/0
| > Soft-mirror extrema: raw original = -6.08343e+09, post-average = 5.00979e+07
| > Strongest soft-mirror cancellation: residual/raw = 0.00000e+00
| > Unstable rotational-check points rejected = 0
| > Rotational-check high-precision retries = 2170932
| > Rotational-check high-precision salvaged = 2170932
| > Large-weight high-precision retries = 145322
| > Large-weight high-precision salvaged = 145322
| > Large-weight high-precision rejected = 0
| > Large-weight samples zeroed = 231 (3.397e-06 of samples; removed signed/absolute sums = 1.14351e+08/2.03635e+08)
| > Non-finite final outputs zeroed = 0
| > Non-finite float rotated evaluations seen = 48
| > Example higher-precision-retried xs = [1.7265545145750016e-01 3.0987003362503329e-01 3.2061093419506459e-01 2.9773816827716681e-01 4.2264025488893087e-01 5.4552528647525544e-01] | float rel = 1.83306e+00
| >     momentum space  : k = [[-2.5923335064264300e+01, 6.5631404491694042e+01, 4.4592524277177773e+01]; [-1.4841504911254179e+02, 7.8414345192107874e+01, -2.4172211541858793e+01]]
| > Example large-weight higher-precision-retried xs = [6.2315394262952850e-03 8.7335248832704826e-02 4.3698273950411237e-01 1.7075337559625559e-01 2.3328011702598017e-02 8.1591186955703054e-01] | compiled = 1.29744e+03 | higher precision = -1.91195e+00
| >     momentum space  : k = [[2.0981863278860531e+00, 1.2827845393213939e+00, 1.6464272205621262e+02]; [4.4540392286650942e+01, 6.5756311498899862e+00, -6.8970990633645286e+01]]
| > Example NaN/non-finite rotated xs = [9.7362215618168912e-01 2.8761982718842016e-02 7.1239412401005031e-01 7.6351383122687992e-06 8.1517347970654108e-01 4.6873166947969135e-02]
| >     momentum space  : k = [[1.1408782098248355e+04, 2.0845012077396245e+03, -9.1365956262265390e+03]; [1.7841371185143296e-04, -4.1105989017338625e-04, -2.9424209241204335e+04]]
| > [92mCentral value[0m : +2.9769036672757796e-08   +/- 3.29e-10     ([91m1.106%[0m)
[92mINFO[0m [94msymbolica_integrator l.7274[0m [96mt=2026-09-09,15:08:35.280[0m > | > Graph-channel Symbolica observer estimates:
| >   graph_0     : -2.0670298086796464e-08 +/- 7.38e-11 [53735 selected]
| >   graph_1     : 3.3681929592666164e-10 +/- 6.37e-12 [1716 selected]
| >   graph_2     : -1.2785645825851473e-08 +/- 3.47e-11 [14846 selected]
| >   graph_3     : 1.0999319754806237e-10 +/- 1.30e-12 [1347 selected]
| >   graph_4     : -6.4866418969711051e-10 +/- 1.05e-11 [2562 selected]
| >   graph_5     : -3.9821434912152151e-11 +/- 1.49e-12 [1371 selected]
| >   graph_6     : -4.0831984636910910e-11 +/- 1.55e-12 [1355 selected]
| >   graph_7     : 6.4569389257811614e-11 +/- 2.21e-12 [1434 selected]
| >   graph_8     : -9.0379220272570293e-10 +/- 8.86e-12 [3831 selected]
| >   graph_9     : 1.0667560203237341e-09 +/- 9.22e-12 [4250 selected]
| >   graph_10    : -2.7459168551897264e-09 +/- 4.58e-11 [23912 selected]
| >   graph_11    : 1.9238404258170999e-27 +/- 2.43e-28 [1337 selected]
| >   graph_12    : -5.5441700080311370e-10 +/- 6.43e-12 [2824 selected]
| >   graph_13    : -1.1763775435567550e-08 +/- 7.08e-11 [44592 selected]
| >   graph_14    : 1.0952318884116497e-10 +/- 4.40e-13 [1347 selected]
| >   graph_15    : 7.8813306911843455e-24 +/- 8.07e-24 [1333 selected]
| >   graph_16    : 3.8879380644164064e-09 +/- 1.10e-11 [2142 selected]
| >   graph_17    : -3.5667927378704084e-10 +/- 1.42e-12 [1342 selected]
| >   graph_18    : 1.1858842589009827e-08 +/- 3.87e-11 [18776 selected]
| >   graph_19    : 1.0650132763778412e-09 +/- 5.56e-12 [1385 selected]
| >   graph_20    : -7.6765405218038852e-10 +/- 3.83e-12 [1286 selected]
| >   graph_21    : -8.6310481336514275e-10 +/- 9.28e-12 [4073 selected]
| >   graph_22    : -5.3214519723592913e-10 +/- 2.90e-11 [5287 selected]
| >   graph_23    : -2.9383610997366793e-10 +/- 1.22e-11 [1719 selected]
| >   graph_24    : 5.8439928906775578e-10 +/- 1.43e-11 [4213 selected]
| >   graph_25    : 4.2223769356682434e-10 +/- 9.86e-12 [2194 selected]
| >   graph_26    : -2.1348216086358509e-10 +/- 8.67e-13 [1383 selected]
| >   graph_27    : -2.7377853833082855e-11 +/- 1.09e-13 [1283 selected]
| >   graph_28    : -1.1696304435747143e-09 +/- 7.86e-12 [1802 selected]
| >   graph_29    : 6.8143313687832338e-08 +/- 9.77e-11 [67567 selected]
| >   graph_30    : -1.1885922678588419e-09 +/- 8.40e-11 [75591 selected]
| >   graph_31    : 4.0814709074915044e-11 +/- 4.43e-13 [1398 selected]
| >   graph_32    : -4.7905324799037590e-11 +/- 7.54e-12 [1875 selected]
| >   graph_33    : -1.8890825132721057e-09 +/- 1.86e-11 [8228 selected]
| >   graph_34    : 1.0728466499119046e-25 +/- 4.97e-26 [1436 selected]
| >   graph_35    : 2.5414643430922581e-08 +/- 9.46e-11 [92549 selected]
| >   graph_36    : -2.9637006567650228e-09 +/- 1.96e-11 [6905 selected]
| >   graph_37    : 1.6118047440535640e-08 +/- 5.05e-11 [30068 selected]
| >   graph_38    : 3.9922441508974213e-10 +/- 3.72e-12 [1343 selected]
| >   graph_39    : -7.6245927594010058e-09 +/- 3.23e-11 [14446 selected]
| >   graph_40    : -5.1467151602480189e-10 +/- 1.48e-10 [135762 selected]
| >   graph_41    : 1.7231439498729888e-09 +/- 1.47e-11 [6626 selected]
| >   graph_42    : 4.4884351681996129e-09 +/- 8.17e-11 [47322 selected]
| >   graph_43    : 3.0989652919757002e-09 +/- 2.07e-11 [7479 selected]
| >   graph_44    : 4.4493002089594633e-10 +/- 6.41e-12 [2709 selected]
| >   graph_45    : 2.4284684361446157e-10 +/- 9.55e-13 [1413 selected]
| >   graph_46    : -6.0928208382469461e-11 +/- 3.74e-13 [1343 selected]
| >   graph_47    : -6.4744215508517960e-09 +/- 1.04e-10 [110865 selected]
| >   graph_48    : -9.2167994555571641e-11 +/- 2.24e-12 [1354 selected]
| >   graph_49    : -3.4435221691270832e-08 +/- 6.02e-11 [35391 selected]
| >   graph_50    : 9.0328729635312762e-10 +/- 1.29e-11 [3523 selected]
| >   graph_51    : 5.7756810993323486e-09 +/- 1.56e-11 [3482 selected]
| >   graph_52    : 2.2759837375916704e-10 +/- 5.84e-12 [1374 selected]
| >   graph_53    : -8.0760883892318855e-10 +/- 1.24e-11 [5356 selected]
| >   graph_54    : -2.6319962887124121e-09 +/- 1.06e-10 [49137 selected]
| >   graph_55    : 1.1181899150545891e-09 +/- 1.09e-11 [4901 selected]
| >   graph_56    : -4.2064680916440986e-09 +/- 1.16e-11 [2509 selected]
| >   graph_57    : -1.2941294345803640e-08 +/- 4.32e-11 [22447 selected]
| >   graph_58    : 4.5853614595383810e-11 +/- 2.49e-12 [1366 selected]
| >   graph_59    : 4.0537500933061561e-11 +/- 2.45e-12 [1376 selected]
| >   graph_60    : -6.7620038912554626e-11 +/- 2.51e-12 [1322 selected]
| >   graph_61    : 1.2665558329341566e-08 +/- 6.00e-11 [38077 selected]
| >   graph_62    : 5.1199157171379847e-24 +/- 1.34e-23 [1343 selected]
| >   graph_63    : -1.1383963678416222e-09 +/- 8.84e-12 [2081 selected]
| >   graph_64    : 8.3361495705132223e-10 +/- 4.45e-12 [1359 selected]
| >   sum         : 2.9769036672757839e-08
| >   total       : 2.9769036672757796e-08
| >   difference  : 4.3013391852757439e-23
[92mINFO[0m [94msymbolica_integrator l.7237[0m [96mt=2026-09-09,15:08:35.281[0m > Symbolica integration: starting iteration [92m69/100[0m using [94m1000000[0m points ...
[92mINFO[0m [94msymbolica_integrator l.7270[0m [96mt=2026-09-09,15:16:12.748[0m > ... result after this iteration:
| > Integration result after [92m69000000[0m evaluations in [92m857130.04 CPU-s[0m [94m(12422.2 µs / eval)[0m
| > Extremal weights:
| >   with jacobian    : 6.87291e+04 at xs = [1.1523609142106825e-05 8.0408886661259560e-01 4.9838097880659193e-01 1.8957618633349213e-01 8.5347278385972214e-01 6.8193530704548311e-01] | jacobian = 1.48509e+07
| >     momentum space  : k = [[1.5365375555778040e-03, -4.3457983363555212e-03, 1.8647702504812668e+02]; [4.7634774762067813e+01, -6.2642450015685178e+01, -5.0616133684117784e+01]]
| >   without jacobian : 6.12431e+04 at xs = [1.9893180760387205e-01 9.4960077021338030e-01 3.8092870816224239e-01 1.2514712715410771e-08 8.7933684086808808e-02 5.0016081222090403e-01] | jacobian = 2.23599e+01
| >     momentum space  : k = [[8.7866572274323872e+01, -2.8793455859316030e+01, 3.6297395289454343e+01]; [4.2610751484905640e-06, 2.6271882890532849e-06, -2.5290055668014643e-09]]
| >   before clipping   : 5.00979e+07 at xs = [1.9582099155261540e-01 5.6287678290629772e-01 3.4988846605134888e-01 5.0747659817460897e-06 7.8428228602499783e-01 4.9974373003259892e-01]
| >     momentum space  : k = [[-8.0086232672303836e+01, -3.3395147584803333e+01, 4.4249849563175729e+01]; [4.3387448179743019e-04, -1.9830058113803005e-03, 1.6342773234291566e-06]]
| > Stability pipeline: float pairs accepted = 95141889, HP pairs attempted/accepted = 2349942/2349942
| > Stability triggers: float mismatch = 2201505, float non-finite/error = 1162
| > HP precision escalations: attempted/accepted = 3296/3296
| > Higher-precision rejections: disagreement = 0, non-finite = 0, error = 0
| > Soft-mirror stability: pairs = 30648847, large-side triggers = 146593, HP orbits attempted/salvaged/failed = 2157016/2157016/0
| > Soft-mirror extrema: raw original = -6.08343e+09, post-average = 5.00979e+07
| > Strongest soft-mirror cancellation: residual/raw = 0.00000e+00
| > Unstable rotational-check points rejected = 0
| > Rotational-check high-precision retries = 2202667
| > Rotational-check high-precision salvaged = 2202667
| > Large-weight high-precision retries = 147275
| > Large-weight high-precision salvaged = 147275
| > Large-weight high-precision rejected = 0
| > Large-weight samples zeroed = 234 (3.391e-06 of samples; removed signed/absolute sums = 1.12496e+08/2.05825e+08)
| > Non-finite final outputs zeroed = 0
| > Non-finite float rotated evaluations seen = 48
| > Example higher-precision-retried xs = [1.7265545145750016e-01 3.0987003362503329e-01 3.2061093419506459e-01 2.9773816827716681e-01 4.2264025488893087e-01 5.4552528647525544e-01] | float rel = 1.83306e+00
| >     momentum space  : k = [[-2.5923335064264300e+01, 6.5631404491694042e+01, 4.4592524277177773e+01]; [-1.4841504911254179e+02, 7.8414345192107874e+01, -2.4172211541858793e+01]]
| > Example large-weight higher-precision-retried xs = [6.2315394262952850e-03 8.7335248832704826e-02 4.3698273950411237e-01 1.7075337559625559e-01 2.3328011702598017e-02 8.1591186955703054e-01] | compiled = 1.29744e+03 | higher precision = -1.91195e+00
| >     momentum space  : k = [[2.0981863278860531e+00, 1.2827845393213939e+00, 1.6464272205621262e+02]; [4.4540392286650942e+01, 6.5756311498899862e+00, -6.8970990633645286e+01]]
| > Example NaN/non-finite rotated xs = [9.7362215618168912e-01 2.8761982718842016e-02 7.1239412401005031e-01 7.6351383122687992e-06 8.1517347970654108e-01 4.6873166947969135e-02]
| >     momentum space  : k = [[1.1408782098248355e+04, 2.0845012077396245e+03, -9.1365956262265390e+03]; [1.7841371185143296e-04, -4.1105989017338625e-04, -2.9424209241204335e+04]]
| > [92mCentral value[0m : +2.9797917864180107e-08   +/- 3.29e-10     ([91m1.104%[0m)
[92mINFO[0m [94msymbolica_integrator l.7274[0m [96mt=2026-09-09,15:16:12.749[0m > | > Graph-channel Symbolica observer estimates:
| >   graph_0     : -2.0667272349618133e-08 +/- 7.31e-11 [53991 selected]
| >   graph_1     : 3.3606267373661789e-10 +/- 6.34e-12 [1648 selected]
| >   graph_2     : -1.2792238561086567e-08 +/- 3.43e-11 [15037 selected]
| >   graph_3     : 1.0993779139097304e-10 +/- 1.29e-12 [1398 selected]
| >   graph_4     : -6.4931963652937756e-10 +/- 1.04e-11 [2423 selected]
| >   graph_5     : -3.9622616272791240e-11 +/- 1.48e-12 [1323 selected]
| >   graph_6     : -4.0736557257238743e-11 +/- 1.54e-12 [1359 selected]
| >   graph_7     : 6.4303427271465110e-11 +/- 2.20e-12 [1392 selected]
| >   graph_8     : -9.0564626148227928e-10 +/- 8.79e-12 [3845 selected]
| >   graph_9     : 1.0656992105494249e-09 +/- 9.14e-12 [4350 selected]
| >   graph_10    : -2.7478059125595814e-09 +/- 4.53e-11 [23759 selected]
| >   graph_11    : 1.9331686934782862e-27 +/- 2.41e-28 [1367 selected]
| >   graph_12    : -5.5506408655506124e-10 +/- 6.39e-12 [2694 selected]
| >   graph_13    : -1.1764270425778305e-08 +/- 6.99e-11 [44542 selected]
| >   graph_14    : 1.0949476955482966e-10 +/- 4.36e-13 [1365 selected]
| >   graph_15    : 7.7538629394592707e-24 +/- 7.96e-24 [1359 selected]
| >   graph_16    : 3.8847421101106652e-09 +/- 1.09e-11 [2044 selected]
| >   graph_17    : -3.5658386281488989e-10 +/- 1.41e-12 [1318 selected]
| >   graph_18    : 1.1864916577009583e-08 +/- 3.83e-11 [19093 selected]
| >   graph_19    : 1.0656670988458361e-09 +/- 5.52e-12 [1388 selected]
| >   graph_20    : -7.6883786612151774e-10 +/- 3.81e-12 [1392 selected]
| >   graph_21    : -8.6143311420949586e-10 +/- 9.21e-12 [4218 selected]
| >   graph_22    : -5.3188571365812212e-10 +/- 2.86e-11 [5298 selected]
| >   graph_23    : -2.9283726344544107e-10 +/- 1.20e-11 [1654 selected]
| >   graph_24    : 5.8515664354596240e-10 +/- 1.42e-11 [4135 selected]
| >   graph_25    : 4.2358972396411246e-10 +/- 9.79e-12 [2127 selected]
| >   graph_26    : -2.1359736754604617e-10 +/- 8.60e-13 [1402 selected]
| >   graph_27    : -2.7381211993838488e-11 +/- 1.08e-13 [1406 selected]
| >   graph_28    : -1.1692700581278563e-09 +/- 7.82e-12 [1791 selected]
| >   graph_29    : 6.8136577603402949e-08 +/- 9.66e-11 [67011 selected]
| >   graph_30    : -1.1908683242176893e-09 +/- 8.28e-11 [74781 selected]
| >   graph_31    : 4.0855886566565688e-11 +/- 4.40e-13 [1336 selected]
| >   graph_32    : -4.8060654363229640e-11 +/- 7.48e-12 [1863 selected]
| >   graph_33    : -1.8917573594573326e-09 +/- 1.84e-11 [8382 selected]
| >   graph_34    : 1.0228104248944214e-25 +/- 4.92e-26 [1359 selected]
| >   graph_35    : 2.5450198156657480e-08 +/- 1.04e-10 [91976 selected]
| >   graph_36    : -2.9667227534225796e-09 +/- 1.94e-11 [7066 selected]
| >   graph_37    : 1.6116503881257818e-08 +/- 5.01e-11 [29985 selected]
| >   graph_38    : 3.9872235244047787e-10 +/- 3.70e-12 [1404 selected]
| >   graph_39    : -7.6146093778857154e-09 +/- 3.20e-11 [14308 selected]
| >   graph_40    : -5.0522884106861863e-10 +/- 1.46e-10 [136650 selected]
| >   graph_41    : 1.7235344468093234e-09 +/- 1.45e-11 [6532 selected]
| >   graph_42    : 4.4700476804369196e-09 +/- 8.18e-11 [47561 selected]
| >   graph_43    : 3.0980934649201428e-09 +/- 2.06e-11 [7500 selected]
| >   graph_44    : 4.4557057404635223e-10 +/- 6.36e-12 [2754 selected]
| >   graph_45    : 2.4290613747971810e-10 +/- 9.47e-13 [1381 selected]
| >   graph_46    : -6.0933857513132420e-11 +/- 3.71e-13 [1346 selected]
| >   graph_47    : -6.4713819956895121e-09 +/- 1.02e-10 [110773 selected]
| >   graph_48    : -9.1675583249598793e-11 +/- 2.23e-12 [1380 selected]
| >   graph_49    : -3.4435365481390619e-08 +/- 5.96e-11 [35297 selected]
| >   graph_50    : 9.0582714009168195e-10 +/- 1.28e-11 [3478 selected]
| >   graph_51    : 5.7769199409333233e-09 +/- 1.55e-11 [3490 selected]
| >   graph_52    : 2.2691654436661097e-10 +/- 5.79e-12 [1355 selected]
| >   graph_53    : -8.0922153122523762e-10 +/- 1.23e-11 [5393 selected]
| >   graph_54    : -2.6236543634228950e-09 +/- 1.04e-10 [50089 selected]
| >   graph_55    : 1.1186883789839253e-09 +/- 1.08e-11 [4616 selected]
| >   graph_56    : -4.2038825208693108e-09 +/- 1.15e-11 [2339 selected]
| >   graph_57    : -1.2948876778033748e-08 +/- 4.28e-11 [22429 selected]
| >   graph_58    : 4.5127625410374192e-11 +/- 2.47e-12 [1334 selected]
| >   graph_59    : 4.0611340483813249e-11 +/- 2.43e-12 [1333 selected]
| >   graph_60    : -6.7508354126555934e-11 +/- 2.50e-12 [1366 selected]
| >   graph_61    : 1.2668967260876956e-08 +/- 5.93e-11 [38106 selected]
| >   graph_62    : 6.5525379037203248e-24 +/- 1.33e-23 [1418 selected]
| >   graph_63    : -1.1369723872660737e-09 +/- 8.80e-12 [2152 selected]
| >   graph_64    : 8.3280245129462804e-10 +/- 4.42e-12 [1339 selected]
| >   sum         : 2.9797917864180153e-08
| >   total       : 2.9797917864180107e-08
| >   difference  : 4.6322114302969550e-23
[92mINFO[0m [94msymbolica_integrator l.7237[0m [96mt=2026-09-09,15:16:12.749[0m > Symbolica integration: starting iteration [92m70/100[0m using [94m1000000[0m points ...
[92mINFO[0m [94msymbolica_integrator l.7270[0m [96mt=2026-09-09,15:22:18.889[0m > ... result after this iteration:
| > Integration result after [92m70000000[0m evaluations in [92m873474.56 CPU-s[0m [94m(12478.2 µs / eval)[0m
| > Extremal weights:
| >   with jacobian    : 6.87291e+04 at xs = [1.1523609142106825e-05 8.0408886661259560e-01 4.9838097880659193e-01 1.8957618633349213e-01 8.5347278385972214e-01 6.8193530704548311e-01] | jacobian = 1.48509e+07
| >     momentum space  : k = [[1.5365375555778040e-03, -4.3457983363555212e-03, 1.8647702504812668e+02]; [4.7634774762067813e+01, -6.2642450015685178e+01, -5.0616133684117784e+01]]
| >   without jacobian : 6.12431e+04 at xs = [1.9893180760387205e-01 9.4960077021338030e-01 3.8092870816224239e-01 1.2514712715410771e-08 8.7933684086808808e-02 5.0016081222090403e-01] | jacobian = 2.23599e+01
| >     momentum space  : k = [[8.7866572274323872e+01, -2.8793455859316030e+01, 3.6297395289454343e+01]; [4.2610751484905640e-06, 2.6271882890532849e-06, -2.5290055668014643e-09]]
| >   before clipping   : 5.00979e+07 at xs = [1.9582099155261540e-01 5.6287678290629772e-01 3.4988846605134888e-01 5.0747659817460897e-06 7.8428228602499783e-01 4.9974373003259892e-01]
| >     momentum space  : k = [[-8.0086232672303836e+01, -3.3395147584803333e+01, 4.4249849563175729e+01]; [4.3387448179743019e-04, -1.9830058113803005e-03, 1.6342773234291566e-06]]
| > Stability pipeline: float pairs accepted = 96503411, HP pairs attempted/accepted = 2391257/2391257
| > Stability triggers: float mismatch = 2239959, float non-finite/error = 1196
| > HP precision escalations: attempted/accepted = 3387/3387
| > Higher-precision rejections: disagreement = 0, non-finite = 0, error = 0
| > Soft-mirror stability: pairs = 31090152, large-side triggers = 149399, HP orbits attempted/salvaged/failed = 2195484/2195484/0
| > Soft-mirror extrema: raw original = -6.08343e+09, post-average = 5.00979e+07
| > Strongest soft-mirror cancellation: residual/raw = 0.00000e+00
| > Unstable rotational-check points rejected = 0
| > Rotational-check high-precision retries = 2241155
| > Rotational-check high-precision salvaged = 2241155
| > Large-weight high-precision retries = 150102
| > Large-weight high-precision salvaged = 150102
| > Large-weight high-precision rejected = 0
| > Large-weight samples zeroed = 240 (3.429e-06 of samples; removed signed/absolute sums = 1.13276e+08/2.06606e+08)
| > Non-finite final outputs zeroed = 0
| > Non-finite float rotated evaluations seen = 50
| > Example higher-precision-retried xs = [1.7265545145750016e-01 3.0987003362503329e-01 3.2061093419506459e-01 2.9773816827716681e-01 4.2264025488893087e-01 5.4552528647525544e-01] | float rel = 1.83306e+00
| >     momentum space  : k = [[-2.5923335064264300e+01, 6.5631404491694042e+01, 4.4592524277177773e+01]; [-1.4841504911254179e+02, 7.8414345192107874e+01, -2.4172211541858793e+01]]
| > Example large-weight higher-precision-retried xs = [6.2315394262952850e-03 8.7335248832704826e-02 4.3698273950411237e-01 1.7075337559625559e-01 2.3328011702598017e-02 8.1591186955703054e-01] | compiled = 1.29744e+03 | higher precision = -1.91195e+00
| >     momentum space  : k = [[2.0981863278860531e+00, 1.2827845393213939e+00, 1.6464272205621262e+02]; [4.4540392286650942e+01, 6.5756311498899862e+00, -6.8970990633645286e+01]]
| > Example NaN/non-finite rotated xs = [9.7362215618168912e-01 2.8761982718842016e-02 7.1239412401005031e-01 7.6351383122687992e-06 8.1517347970654108e-01 4.6873166947969135e-02]
| >     momentum space  : k = [[1.1408782098248355e+04, 2.0845012077396245e+03, -9.1365956262265390e+03]; [1.7841371185143296e-04, -4.1105989017338625e-04, -2.9424209241204335e+04]]
| > [92mCentral value[0m : +2.9752846305299840e-08   +/- 3.27e-10     ([91m1.099%[0m)
[92mINFO[0m [94msymbolica_integrator l.7274[0m [96mt=2026-09-09,15:22:18.889[0m > | > Graph-channel Symbolica observer estimates:
| >   graph_0     : -2.0673464529096786e-08 +/- 7.24e-11 [53273 selected]
| >   graph_1     : 3.3537194783508481e-10 +/- 6.31e-12 [1629 selected]
| >   graph_2     : -1.2792150962639368e-08 +/- 3.40e-11 [14676 selected]
| >   graph_3     : 1.0988296119322127e-10 +/- 1.29e-12 [1352 selected]
| >   graph_4     : -6.4856023285522406e-10 +/- 1.03e-11 [2507 selected]
| >   graph_5     : -3.9690338349989884e-11 +/- 1.47e-12 [1319 selected]
| >   graph_6     : -4.0595177276613509e-11 +/- 1.53e-12 [1385 selected]
| >   graph_7     : 6.4519599880831142e-11 +/- 2.19e-12 [1355 selected]
| >   graph_8     : -9.0557628356125404e-10 +/- 8.72e-12 [3818 selected]
| >   graph_9     : 1.0660967440429447e-09 +/- 9.07e-12 [4177 selected]
| >   graph_10    : -2.7492004419290781e-09 +/- 4.48e-11 [23303 selected]
| >   graph_11    : 1.9525150460412846e-27 +/- 2.39e-28 [1305 selected]
| >   graph_12    : -5.5373769083118245e-10 +/- 6.34e-12 [2702 selected]
| >   graph_13    : -1.1770950211130991e-08 +/- 6.90e-11 [43909 selected]
| >   graph_14    : 1.0954874054864369e-10 +/- 4.33e-13 [1354 selected]
| >   graph_15    : 7.6763383427520742e-24 +/- 7.84e-24 [1307 selected]
| >   graph_16    : 3.8845093945952487e-09 +/- 1.08e-11 [2067 selected]
| >   graph_17    : -3.5640841211003870e-10 +/- 1.39e-12 [1312 selected]
| >   graph_18    : 1.1866128212790766e-08 +/- 3.79e-11 [18626 selected]
| >   graph_19    : 1.0653859694370103e-09 +/- 5.49e-12 [1323 selected]
| >   graph_20    : -7.6836675818590870e-10 +/- 3.79e-12 [1333 selected]
| >   graph_21    : -8.6070924405647381e-10 +/- 9.14e-12 [4026 selected]
| >   graph_22    : -5.3136008738719173e-10 +/- 2.82e-11 [5241 selected]
| >   graph_23    : -2.9239145205388931e-10 +/- 1.18e-11 [1709 selected]
| >   graph_24    : 5.8522633938494291e-10 +/- 1.41e-11 [4158 selected]
| >   graph_25    : 4.2519997125097927e-10 +/- 9.73e-12 [2176 selected]
| >   graph_26    : -2.1365247480435004e-10 +/- 8.54e-13 [1367 selected]
| >   graph_27    : -2.7381738709696695e-11 +/- 1.07e-13 [1352 selected]
| >   graph_28    : -1.1703092624759797e-09 +/- 7.76e-12 [1662 selected]
| >   graph_29    : 6.8134072667733056e-08 +/- 9.56e-11 [66397 selected]
| >   graph_30    : -1.1926877083107728e-09 +/- 8.18e-11 [73859 selected]
| >   graph_31    : 4.0860396785263607e-11 +/- 4.38e-13 [1347 selected]
| >   graph_32    : -4.7675307471042474e-11 +/- 7.41e-12 [1873 selected]
| >   graph_33    : -1.8946328944828925e-09 +/- 1.82e-11 [8134 selected]
| >   graph_34    : 1.0410506716199862e-25 +/- 4.86e-26 [1342 selected]
| >   graph_35    : 2.5446034093111122e-08 +/- 1.03e-10 [105018 selected]
| >   graph_36    : -2.9632649820924380e-09 +/- 1.93e-11 [6975 selected]
| >   graph_37    : 1.6116130030074995e-08 +/- 4.96e-11 [29470 selected]
| >   graph_38    : 3.9841100212776913e-10 +/- 3.67e-12 [1275 selected]
| >   graph_39    : -7.6161588401031036e-09 +/- 3.18e-11 [14372 selected]
| >   graph_40    : -5.2181262901697609e-10 +/- 1.48e-10 [134027 selected]
| >   graph_41    : 1.7232747055230742e-09 +/- 1.44e-11 [6498 selected]
| >   graph_42    : 4.4567197363674479e-09 +/- 8.11e-11 [48221 selected]
| >   graph_43    : 3.0991906125383306e-09 +/- 2.04e-11 [7535 selected]
| >   graph_44    : 4.4523851197233828e-10 +/- 6.32e-12 [2670 selected]
| >   graph_45    : 2.4291891980969901e-10 +/- 9.41e-13 [1355 selected]
| >   graph_46    : -6.1004701344566248e-11 +/- 3.69e-13 [1369 selected]
| >   graph_47    : -6.4657798489360769e-09 +/- 1.02e-10 [108447 selected]
| >   graph_48    : -9.1534162334681429e-11 +/- 2.21e-12 [1371 selected]
| >   graph_49    : -3.4435227598316142e-08 +/- 5.90e-11 [34800 selected]
| >   graph_50    : 9.0676231876172166e-10 +/- 1.27e-11 [3447 selected]
| >   graph_51    : 5.7770029858542193e-09 +/- 1.54e-11 [3500 selected]
| >   graph_52    : 2.2552238520844265e-10 +/- 5.76e-12 [1320 selected]
| >   graph_53    : -8.0973998464684100e-10 +/- 1.22e-11 [5340 selected]
| >   graph_54    : -2.6285825339407752e-09 +/- 1.03e-10 [49352 selected]
| >   graph_55    : 1.1179666366935086e-09 +/- 1.07e-11 [4491 selected]
| >   graph_56    : -4.2033951178019093e-09 +/- 1.14e-11 [2355 selected]
| >   graph_57    : -1.2947985688404202e-08 +/- 4.24e-11 [21904 selected]
| >   graph_58    : 4.5215264568972507e-11 +/- 2.46e-12 [1322 selected]
| >   graph_59    : 4.0000114054573130e-11 +/- 2.41e-12 [1346 selected]
| >   graph_60    : -6.7503669832937380e-11 +/- 2.49e-12 [1338 selected]
| >   graph_61    : 1.2672185291898390e-08 +/- 5.87e-11 [37475 selected]
| >   graph_62    : 6.3830118545948326e-24 +/- 1.31e-23 [1285 selected]
| >   graph_63    : -1.1374995781442092e-09 +/- 8.75e-12 [2091 selected]
| >   graph_64    : 8.3246129389086848e-10 +/- 4.39e-12 [1356 selected]
| >   sum         : 2.9752846305299896e-08
| >   total       : 2.9752846305299840e-08
| >   difference  : 5.6248281653605882e-23
[92mINFO[0m [94msymbolica_integrator l.7237[0m [96mt=2026-09-09,15:22:18.890[0m > Symbolica integration: starting iteration [92m71/100[0m using [94m1000000[0m points ...
[92mINFO[0m [94msymbolica_integrator l.7270[0m [96mt=2026-09-09,15:28:01.874[0m > ... result after this iteration:
| > Integration result after [92m71000000[0m evaluations in [92m888574.99 CPU-s[0m [94m(12515.1 µs / eval)[0m
| > Extremal weights:
| >   with jacobian    : 6.87291e+04 at xs = [1.1523609142106825e-05 8.0408886661259560e-01 4.9838097880659193e-01 1.8957618633349213e-01 8.5347278385972214e-01 6.8193530704548311e-01] | jacobian = 1.48509e+07
| >     momentum space  : k = [[1.5365375555778040e-03, -4.3457983363555212e-03, 1.8647702504812668e+02]; [4.7634774762067813e+01, -6.2642450015685178e+01, -5.0616133684117784e+01]]
| >   without jacobian : 6.12431e+04 at xs = [1.9893180760387205e-01 9.4960077021338030e-01 3.8092870816224239e-01 1.2514712715410771e-08 8.7933684086808808e-02 5.0016081222090403e-01] | jacobian = 2.23599e+01
| >     momentum space  : k = [[8.7866572274323872e+01, -2.8793455859316030e+01, 3.6297395289454343e+01]; [4.2610751484905640e-06, 2.6271882890532849e-06, -2.5290055668014643e-09]]
| >   before clipping   : 5.00979e+07 at xs = [1.9582099155261540e-01 5.6287678290629772e-01 3.4988846605134888e-01 5.0747659817460897e-06 7.8428228602499783e-01 4.9974373003259892e-01]
| >     momentum space  : k = [[-8.0086232672303836e+01, -3.3395147584803333e+01, 4.4249849563175729e+01]; [4.3387448179743019e-04, -1.9830058113803005e-03, 1.6342773234291566e-06]]
| > Stability pipeline: float pairs accepted = 97855896, HP pairs attempted/accepted = 2439000/2439000
| > Stability triggers: float mismatch = 2284000, float non-finite/error = 1258
| > HP precision escalations: attempted/accepted = 3474/3474
| > Higher-precision rejections: disagreement = 0, non-finite = 0, error = 0
| > Soft-mirror stability: pairs = 31535531, large-side triggers = 153031, HP orbits attempted/salvaged/failed = 2240635/2240635/0
| > Soft-mirror extrema: raw original = -6.08343e+09, post-average = 5.00979e+07
| > Strongest soft-mirror cancellation: residual/raw = 0.00000e+00
| > Unstable rotational-check points rejected = 0
| > Rotational-check high-precision retries = 2285258
| > Rotational-check high-precision salvaged = 2285258
| > Large-weight high-precision retries = 153742
| > Large-weight high-precision salvaged = 153742
| > Large-weight high-precision rejected = 0
| > Large-weight samples zeroed = 254 (3.577e-06 of samples; removed signed/absolute sums = 8.99337e+07/2.47508e+08)
| > Non-finite final outputs zeroed = 0
| > Non-finite float rotated evaluations seen = 54
| > Example higher-precision-retried xs = [1.7265545145750016e-01 3.0987003362503329e-01 3.2061093419506459e-01 2.9773816827716681e-01 4.2264025488893087e-01 5.4552528647525544e-01] | float rel = 1.83306e+00
| >     momentum space  : k = [[-2.5923335064264300e+01, 6.5631404491694042e+01, 4.4592524277177773e+01]; [-1.4841504911254179e+02, 7.8414345192107874e+01, -2.4172211541858793e+01]]
| > Example large-weight higher-precision-retried xs = [6.2315394262952850e-03 8.7335248832704826e-02 4.3698273950411237e-01 1.7075337559625559e-01 2.3328011702598017e-02 8.1591186955703054e-01] | compiled = 1.29744e+03 | higher precision = -1.91195e+00
| >     momentum space  : k = [[2.0981863278860531e+00, 1.2827845393213939e+00, 1.6464272205621262e+02]; [4.4540392286650942e+01, 6.5756311498899862e+00, -6.8970990633645286e+01]]
| > Example NaN/non-finite rotated xs = [9.7362215618168912e-01 2.8761982718842016e-02 7.1239412401005031e-01 7.6351383122687992e-06 8.1517347970654108e-01 4.6873166947969135e-02]
| >     momentum space  : k = [[1.1408782098248355e+04, 2.0845012077396245e+03, -9.1365956262265390e+03]; [1.7841371185143296e-04, -4.1105989017338625e-04, -2.9424209241204335e+04]]
| > [92mCentral value[0m : +2.9732793370912233e-08   +/- 3.32e-10     ([91m1.118%[0m)
[92mINFO[0m [94msymbolica_integrator l.7274[0m [96mt=2026-09-09,15:28:01.875[0m > | > Graph-channel Symbolica observer estimates:
| >   graph_0     : -2.0677466374332119e-08 +/- 7.17e-11 [52757 selected]
| >   graph_1     : 3.3569046737649761e-10 +/- 6.26e-12 [1661 selected]
| >   graph_2     : -1.2792062545036206e-08 +/- 3.37e-11 [14585 selected]
| >   graph_3     : 1.1009362993604716e-10 +/- 1.28e-12 [1398 selected]
| >   graph_4     : -6.4951844640509588e-10 +/- 1.03e-11 [2401 selected]
| >   graph_5     : -3.9934277701756255e-11 +/- 1.46e-12 [1356 selected]
| >   graph_6     : -4.0562596426398480e-11 +/- 1.52e-12 [1402 selected]
| >   graph_7     : 6.4527551040104040e-11 +/- 2.17e-12 [1408 selected]
| >   graph_8     : -9.0771761487662205e-10 +/- 8.66e-12 [3661 selected]
| >   graph_9     : 1.0672192175846820e-09 +/- 9.00e-12 [4208 selected]
| >   graph_10    : -2.7472381339134956e-09 +/- 4.43e-11 [23319 selected]
| >   graph_11    : 1.9468644515537049e-27 +/- 2.37e-28 [1443 selected]
| >   graph_12    : -5.5368702582793041e-10 +/- 6.30e-12 [2626 selected]
| >   graph_13    : -1.1775068067589581e-08 +/- 6.82e-11 [43447 selected]
| >   graph_14    : 1.0948735983198045e-10 +/- 4.29e-13 [1383 selected]
| >   graph_15    : 7.5596963676710075e-24 +/- 7.73e-24 [1304 selected]
| >   graph_16    : 3.8874983245282125e-09 +/- 1.08e-11 [2182 selected]
| >   graph_17    : -3.5615804829408116e-10 +/- 1.38e-12 [1322 selected]
| >   graph_18    : 1.1864734142583827e-08 +/- 3.75e-11 [18611 selected]
| >   graph_19    : 1.0656620194359670e-09 +/- 5.45e-12 [1419 selected]
| >   graph_20    : -7.6870446860630024e-10 +/- 3.76e-12 [1461 selected]
| >   graph_21    : -8.6246664502082744e-10 +/- 9.07e-12 [4145 selected]
| >   graph_22    : -5.3132522880516988e-10 +/- 2.78e-11 [5099 selected]
| >   graph_23    : -2.9153673655300993e-10 +/- 1.17e-11 [1644 selected]
| >   graph_24    : 5.8482208708664564e-10 +/- 1.40e-11 [4054 selected]
| >   graph_25    : 4.2588925383407192e-10 +/- 9.66e-12 [2097 selected]
| >   graph_26    : -2.1372834376052513e-10 +/- 8.47e-13 [1435 selected]
| >   graph_27    : -2.7372742820955065e-11 +/- 1.06e-13 [1374 selected]
| >   graph_28    : -1.1705305569349831e-09 +/- 7.71e-12 [1623 selected]
| >   graph_29    : 6.8133416155720237e-08 +/- 9.47e-11 [65829 selected]
| >   graph_30    : -1.1876074906912984e-09 +/- 8.15e-11 [73238 selected]
| >   graph_31    : 4.0793895843615284e-11 +/- 4.34e-13 [1370 selected]
| >   graph_32    : -4.8607324391038054e-11 +/- 7.36e-12 [1838 selected]
| >   graph_33    : -1.8910936286806099e-09 +/- 1.80e-11 [7880 selected]
| >   graph_34    : 9.9638924100266885e-26 +/- 4.82e-26 [1401 selected]
| >   graph_35    : 2.5439920709493493e-08 +/- 1.02e-10 [105025 selected]
| >   graph_36    : -2.9606887032856710e-09 +/- 1.91e-11 [6764 selected]
| >   graph_37    : 1.6114130634412110e-08 +/- 4.92e-11 [29076 selected]
| >   graph_38    : 3.9817936742922197e-10 +/- 3.65e-12 [1331 selected]
| >   graph_39    : -7.6177908787280400e-09 +/- 3.15e-11 [14249 selected]
| >   graph_40    : -5.0868845653294887e-10 +/- 1.46e-10 [138752 selected]
| >   graph_41    : 1.7276717305916922e-09 +/- 1.43e-11 [6478 selected]
| >   graph_42    : 4.4622139609902616e-09 +/- 8.03e-11 [48000 selected]
| >   graph_43    : 3.0991244782064893e-09 +/- 2.03e-11 [7262 selected]
| >   graph_44    : 4.4477755608238512e-10 +/- 6.28e-12 [2732 selected]
| >   graph_45    : 2.4288545411928456e-10 +/- 9.34e-13 [1398 selected]
| >   graph_46    : -6.0936901932608878e-11 +/- 3.66e-13 [1368 selected]
| >   graph_47    : -6.5359694703527384e-09 +/- 1.25e-10 [108205 selected]
| >   graph_48    : -9.1344651865853252e-11 +/- 2.19e-12 [1387 selected]
| >   graph_49    : -3.4418328378506152e-08 +/- 5.84e-11 [34065 selected]
| >   graph_50    : 9.0665891048994006e-10 +/- 1.26e-11 [3430 selected]
| >   graph_51    : 5.7768769591755132e-09 +/- 1.53e-11 [3378 selected]
| >   graph_52    : 2.2488601104983938e-10 +/- 5.71e-12 [1371 selected]
| >   graph_53    : -8.0977564551158289e-10 +/- 1.21e-11 [5350 selected]
| >   graph_54    : -2.6283072515776385e-09 +/- 1.02e-10 [49375 selected]
| >   graph_55    : 1.1164655308217102e-09 +/- 1.06e-11 [4383 selected]
| >   graph_56    : -4.2020195371640402e-09 +/- 1.14e-11 [2287 selected]
| >   graph_57    : -1.2945373413015954e-08 +/- 4.20e-11 [21620 selected]
| >   graph_58    : 4.4984222437268239e-11 +/- 2.44e-12 [1356 selected]
| >   graph_59    : 4.0505287367272093e-11 +/- 2.40e-12 [1379 selected]
| >   graph_60    : -6.8243842561561683e-11 +/- 2.47e-12 [1358 selected]
| >   graph_61    : 1.2690216394370400e-08 +/- 6.03e-11 [37461 selected]
| >   graph_62    : 6.1448807730674521e-24 +/- 1.29e-23 [1330 selected]
| >   graph_63    : -1.1386994202643108e-09 +/- 8.69e-12 [2063 selected]
| >   graph_64    : 8.3201490704057706e-10 +/- 4.35e-12 [1386 selected]
| >   sum         : 2.9732793370912256e-08
| >   total       : 2.9732793370912233e-08
| >   difference  : 2.3161057151484775e-23
[92mINFO[0m [94msymbolica_integrator l.7237[0m [96mt=2026-09-09,15:28:01.875[0m > Symbolica integration: starting iteration [92m72/100[0m using [94m1000000[0m points ...
[92mINFO[0m [94msymbolica_integrator l.7270[0m [96mt=2026-09-09,15:33:35.348[0m > ... result after this iteration:
| > Integration result after [92m72000000[0m evaluations in [92m901550.88 CPU-s[0m [94m(12521.5 µs / eval)[0m
| > Extremal weights:
| >   with jacobian    : 6.87291e+04 at xs = [1.1523609142106825e-05 8.0408886661259560e-01 4.9838097880659193e-01 1.8957618633349213e-01 8.5347278385972214e-01 6.8193530704548311e-01] | jacobian = 1.48509e+07
| >     momentum space  : k = [[1.5365375555778040e-03, -4.3457983363555212e-03, 1.8647702504812668e+02]; [4.7634774762067813e+01, -6.2642450015685178e+01, -5.0616133684117784e+01]]
| >   without jacobian : 6.12431e+04 at xs = [1.9893180760387205e-01 9.4960077021338030e-01 3.8092870816224239e-01 1.2514712715410771e-08 8.7933684086808808e-02 5.0016081222090403e-01] | jacobian = 2.23599e+01
| >     momentum space  : k = [[8.7866572274323872e+01, -2.8793455859316030e+01, 3.6297395289454343e+01]; [4.2610751484905640e-06, 2.6271882890532849e-06, -2.5290055668014643e-09]]
| >   before clipping   : 5.00979e+07 at xs = [1.9582099155261540e-01 5.6287678290629772e-01 3.4988846605134888e-01 5.0747659817460897e-06 7.8428228602499783e-01 4.9974373003259892e-01]
| >     momentum space  : k = [[-8.0086232672303836e+01, -3.3395147584803333e+01, 4.4249849563175729e+01]; [4.3387448179743019e-04, -1.9830058113803005e-03, 1.6342773234291566e-06]]
| > Stability pipeline: float pairs accepted = 99203737, HP pairs attempted/accepted = 2478354/2478354
| > Stability triggers: float mismatch = 2320512, float non-finite/error = 1294
| > HP precision escalations: attempted/accepted = 3545/3545
| > Higher-precision rejections: disagreement = 0, non-finite = 0, error = 0
| > Soft-mirror stability: pairs = 31959459, large-side triggers = 155819, HP orbits attempted/salvaged/failed = 2277368/2277368/0
| > Soft-mirror extrema: raw original = -6.08343e+09, post-average = 5.00979e+07
| > Strongest soft-mirror cancellation: residual/raw = 0.00000e+00
| > Unstable rotational-check points rejected = 0
| > Rotational-check high-precision retries = 2321806
| > Rotational-check high-precision salvaged = 2321806
| > Large-weight high-precision retries = 156548
| > Large-weight high-precision salvaged = 156548
| > Large-weight high-precision rejected = 0
| > Large-weight samples zeroed = 257 (3.569e-06 of samples; removed signed/absolute sums = 9.34843e+07/2.51059e+08)
| > Non-finite final outputs zeroed = 0
| > Non-finite float rotated evaluations seen = 54
| > Example higher-precision-retried xs = [1.7265545145750016e-01 3.0987003362503329e-01 3.2061093419506459e-01 2.9773816827716681e-01 4.2264025488893087e-01 5.4552528647525544e-01] | float rel = 1.83306e+00
| >     momentum space  : k = [[-2.5923335064264300e+01, 6.5631404491694042e+01, 4.4592524277177773e+01]; [-1.4841504911254179e+02, 7.8414345192107874e+01, -2.4172211541858793e+01]]
| > Example large-weight higher-precision-retried xs = [6.2315394262952850e-03 8.7335248832704826e-02 4.3698273950411237e-01 1.7075337559625559e-01 2.3328011702598017e-02 8.1591186955703054e-01] | compiled = 1.29744e+03 | higher precision = -1.91195e+00
| >     momentum space  : k = [[2.0981863278860531e+00, 1.2827845393213939e+00, 1.6464272205621262e+02]; [4.4540392286650942e+01, 6.5756311498899862e+00, -6.8970990633645286e+01]]
| > Example NaN/non-finite rotated xs = [9.7362215618168912e-01 2.8761982718842016e-02 7.1239412401005031e-01 7.6351383122687992e-06 8.1517347970654108e-01 4.6873166947969135e-02]
| >     momentum space  : k = [[1.1408782098248355e+04, 2.0845012077396245e+03, -9.1365956262265390e+03]; [1.7841371185143296e-04, -4.1105989017338625e-04, -2.9424209241204335e+04]]
| > [92mCentral value[0m : +2.9732977149100227e-08   +/- 3.29e-10     ([91m1.106%[0m)
[92mINFO[0m [94msymbolica_integrator l.7274[0m [96mt=2026-09-09,15:33:35.349[0m > | > Graph-channel Symbolica observer estimates:
| >   graph_0     : -2.0673144099881631e-08 +/- 7.10e-11 [50229 selected]
| >   graph_1     : 3.3613394766871937e-10 +/- 6.21e-12 [1555 selected]
| >   graph_2     : -1.2796356015463272e-08 +/- 3.35e-11 [13896 selected]
| >   graph_3     : 1.1029479181623857e-10 +/- 1.27e-12 [1460 selected]
| >   graph_4     : -6.5171050095530331e-10 +/- 1.02e-11 [2324 selected]
| >   graph_5     : -3.9734300089150924e-11 +/- 1.45e-12 [1432 selected]
| >   graph_6     : -4.0603708596171798e-11 +/- 1.51e-12 [1458 selected]
| >   graph_7     : 6.4458258813062351e-11 +/- 2.16e-12 [1489 selected]
| >   graph_8     : -9.0862778525955320e-10 +/- 8.60e-12 [3506 selected]
| >   graph_9     : 1.0660509525749605e-09 +/- 8.93e-12 [3868 selected]
| >   graph_10    : -2.7459366528993432e-09 +/- 4.39e-11 [22028 selected]
| >   graph_11    : 1.9305189671209159e-27 +/- 2.35e-28 [1448 selected]
| >   graph_12    : -5.5451819835999202e-10 +/- 6.26e-12 [2591 selected]
| >   graph_13    : -1.1783986077529204e-08 +/- 6.74e-11 [40990 selected]
| >   graph_14    : 1.0955775049689127e-10 +/- 4.26e-13 [1564 selected]
| >   graph_15    : 7.4463640099862109e-24 +/- 7.62e-24 [1404 selected]
| >   graph_16    : 3.8854538025645011e-09 +/- 1.07e-11 [1926 selected]
| >   graph_17    : -3.5623472099859984e-10 +/- 1.37e-12 [1491 selected]
| >   graph_18    : 1.1867129593995295e-08 +/- 3.72e-11 [17510 selected]
| >   graph_19    : 1.0653289116682177e-09 +/- 5.41e-12 [1441 selected]
| >   graph_20    : -7.6937853955947503e-10 +/- 3.74e-12 [1514 selected]
| >   graph_21    : -8.6318539623963619e-10 +/- 9.00e-12 [3776 selected]
| >   graph_22    : -5.3014295138852161e-10 +/- 2.75e-11 [4878 selected]
| >   graph_23    : -2.9222929538976461e-10 +/- 1.15e-11 [1580 selected]
| >   graph_24    : 5.8582767956471547e-10 +/- 1.39e-11 [3824 selected]
| >   graph_25    : 4.2796221138705389e-10 +/- 9.60e-12 [2034 selected]
| >   graph_26    : -2.1357409441262206e-10 +/- 8.40e-13 [1454 selected]
| >   graph_27    : -2.7363979967970672e-11 +/- 1.05e-13 [1435 selected]
| >   graph_28    : -1.1706295441582232e-09 +/- 7.67e-12 [1650 selected]
| >   graph_29    : 6.8129019979929059e-08 +/- 9.37e-11 [62845 selected]
| >   graph_30    : -1.1805037268708379e-09 +/- 8.05e-11 [69585 selected]
| >   graph_31    : 4.0865221258038350e-11 +/- 4.32e-13 [1568 selected]
| >   graph_32    : -4.8004320513943446e-11 +/- 7.31e-12 [1702 selected]
| >   graph_33    : -1.8907414968729344e-09 +/- 1.79e-11 [7531 selected]
| >   graph_34    : 1.0005638795963271e-25 +/- 4.77e-26 [1443 selected]
| >   graph_35    : 2.5433870369131581e-08 +/- 1.01e-10 [99194 selected]
| >   graph_36    : -2.9639733399210808e-09 +/- 1.90e-11 [6639 selected]
| >   graph_37    : 1.6118599218236707e-08 +/- 4.88e-11 [28144 selected]
| >   graph_38    : 3.9858759945090668e-10 +/- 3.62e-12 [1476 selected]
| >   graph_39    : -7.6190111136703612e-09 +/- 3.13e-11 [13465 selected]
| >   graph_40    : -5.0481914801795413e-10 +/- 1.44e-10 [132345 selected]
| >   graph_41    : 1.7260824116771317e-09 +/- 1.42e-11 [6105 selected]
| >   graph_42    : 4.4678092531733885e-09 +/- 7.94e-11 [45737 selected]
| >   graph_43    : 3.0982537580858084e-09 +/- 2.02e-11 [6918 selected]
| >   graph_44    : 4.4507885845729018e-10 +/- 6.24e-12 [2554 selected]
| >   graph_45    : 2.4282949110823868e-10 +/- 9.27e-13 [1456 selected]
| >   graph_46    : -6.0982272321821363e-11 +/- 3.64e-13 [1530 selected]
| >   graph_47    : -6.5369569486441910e-09 +/- 1.24e-10 [146571 selected]
| >   graph_48    : -9.1677713375336568e-11 +/- 2.18e-12 [1479 selected]
| >   graph_49    : -3.4410262051316848e-08 +/- 5.78e-11 [32784 selected]
| >   graph_50    : 9.0869234561261616e-10 +/- 1.26e-11 [3290 selected]
| >   graph_51    : 5.7786736403370111e-09 +/- 1.52e-11 [3188 selected]
| >   graph_52    : 2.2469136758674968e-10 +/- 5.67e-12 [1436 selected]
| >   graph_53    : -8.1078270397392073e-10 +/- 1.20e-11 [5006 selected]
| >   graph_54    : -2.6235187211024487e-09 +/- 1.00e-10 [46593 selected]
| >   graph_55    : 1.1162685342472227e-09 +/- 1.05e-11 [4154 selected]
| >   graph_56    : -4.2025188871277703e-09 +/- 1.13e-11 [2245 selected]
| >   graph_57    : -1.2946723035230009e-08 +/- 4.16e-11 [20810 selected]
| >   graph_58    : 4.4942024519401629e-11 +/- 2.42e-12 [1541 selected]
| >   graph_59    : 4.0304765174973583e-11 +/- 2.38e-12 [1423 selected]
| >   graph_60    : -6.8131299041070185e-11 +/- 2.45e-12 [1450 selected]
| >   graph_61    : 1.2682629159322754e-08 +/- 5.97e-11 [37041 selected]
| >   graph_62    : 5.8516580508000598e-24 +/- 1.27e-23 [1518 selected]
| >   graph_63    : -1.1395462782791453e-09 +/- 8.65e-12 [1942 selected]
| >   graph_64    : 8.3309016866982295e-10 +/- 4.32e-12 [1537 selected]
| >   sum         : 2.9732977149100263e-08
| >   total       : 2.9732977149100227e-08
| >   difference  : 3.6395946952333218e-23
[92mINFO[0m [94msymbolica_integrator l.7237[0m [96mt=2026-09-09,15:33:35.349[0m > Symbolica integration: starting iteration [92m73/100[0m using [94m1000000[0m points ...
[92mINFO[0m [94msymbolica_integrator l.7270[0m [96mt=2026-09-09,15:38:43.142[0m > ... result after this iteration:
| > Integration result after [92m73000000[0m evaluations in [92m914793.76 CPU-s[0m [94m(12531.4 µs / eval)[0m
| > Extremal weights:
| >   with jacobian    : 6.87291e+04 at xs = [1.1523609142106825e-05 8.0408886661259560e-01 4.9838097880659193e-01 1.8957618633349213e-01 8.5347278385972214e-01 6.8193530704548311e-01] | jacobian = 1.48509e+07
| >     momentum space  : k = [[1.5365375555778040e-03, -4.3457983363555212e-03, 1.8647702504812668e+02]; [4.7634774762067813e+01, -6.2642450015685178e+01, -5.0616133684117784e+01]]
| >   without jacobian : 6.12431e+04 at xs = [1.9893180760387205e-01 9.4960077021338030e-01 3.8092870816224239e-01 1.2514712715410771e-08 8.7933684086808808e-02 5.0016081222090403e-01] | jacobian = 2.23599e+01
| >     momentum space  : k = [[8.7866572274323872e+01, -2.8793455859316030e+01, 3.6297395289454343e+01]; [4.2610751484905640e-06, 2.6271882890532849e-06, -2.5290055668014643e-09]]
| >   before clipping   : 5.00979e+07 at xs = [1.9582099155261540e-01 5.6287678290629772e-01 3.4988846605134888e-01 5.0747659817460897e-06 7.8428228602499783e-01 4.9974373003259892e-01]
| >     momentum space  : k = [[-8.0086232672303836e+01, -3.3395147584803333e+01, 4.4249849563175729e+01]; [4.3387448179743019e-04, -1.9830058113803005e-03, 1.6342773234291566e-06]]
| > Stability pipeline: float pairs accepted = 100565666, HP pairs attempted/accepted = 2511242/2511242
| > Stability triggers: float mismatch = 2351424, float non-finite/error = 1318
| > HP precision escalations: attempted/accepted = 3590/3590
| > Higher-precision rejections: disagreement = 0, non-finite = 0, error = 0
| > Soft-mirror stability: pairs = 32384497, large-side triggers = 157759, HP orbits attempted/salvaged/failed = 2307589/2307589/0
| > Soft-mirror extrema: raw original = -6.08343e+09, post-average = 5.00979e+07
| > Strongest soft-mirror cancellation: residual/raw = 0.00000e+00
| > Unstable rotational-check points rejected = 0
| > Rotational-check high-precision retries = 2352742
| > Rotational-check high-precision salvaged = 2352742
| > Large-weight high-precision retries = 158500
| > Large-weight high-precision salvaged = 158500
| > Large-weight high-precision rejected = 0
| > Large-weight samples zeroed = 263 (3.603e-06 of samples; removed signed/absolute sums = 1.00884e+08/2.58768e+08)
| > Non-finite final outputs zeroed = 0
| > Non-finite float rotated evaluations seen = 56
| > Example higher-precision-retried xs = [1.7265545145750016e-01 3.0987003362503329e-01 3.2061093419506459e-01 2.9773816827716681e-01 4.2264025488893087e-01 5.4552528647525544e-01] | float rel = 1.83306e+00
| >     momentum space  : k = [[-2.5923335064264300e+01, 6.5631404491694042e+01, 4.4592524277177773e+01]; [-1.4841504911254179e+02, 7.8414345192107874e+01, -2.4172211541858793e+01]]
| > Example large-weight higher-precision-retried xs = [6.2315394262952850e-03 8.7335248832704826e-02 4.3698273950411237e-01 1.7075337559625559e-01 2.3328011702598017e-02 8.1591186955703054e-01] | compiled = 1.29744e+03 | higher precision = -1.91195e+00
| >     momentum space  : k = [[2.0981863278860531e+00, 1.2827845393213939e+00, 1.6464272205621262e+02]; [4.4540392286650942e+01, 6.5756311498899862e+00, -6.8970990633645286e+01]]
| > Example NaN/non-finite rotated xs = [9.7362215618168912e-01 2.8761982718842016e-02 7.1239412401005031e-01 7.6351383122687992e-06 8.1517347970654108e-01 4.6873166947969135e-02]
| >     momentum space  : k = [[1.1408782098248355e+04, 2.0845012077396245e+03, -9.1365956262265390e+03]; [1.7841371185143296e-04, -4.1105989017338625e-04, -2.9424209241204335e+04]]
| > [92mCentral value[0m : +2.9721904357572744e-08   +/- 3.25e-10     ([91m1.095%[0m)
[92mINFO[0m [94msymbolica_integrator l.7274[0m [96mt=2026-09-09,15:38:43.143[0m > | > Graph-channel Symbolica observer estimates:
| >   graph_0     : -2.0680947708583061e-08 +/- 7.05e-11 [50480 selected]
| >   graph_1     : 3.3605453131750878e-10 +/- 6.19e-12 [1590 selected]
| >   graph_2     : -1.2799373976420166e-08 +/- 3.32e-11 [13885 selected]
| >   graph_3     : 1.1050338657013226e-10 +/- 1.26e-12 [1490 selected]
| >   graph_4     : -6.5096396438644961e-10 +/- 1.01e-11 [2328 selected]
| >   graph_5     : -3.9741308383929440e-11 +/- 1.44e-12 [1399 selected]
| >   graph_6     : -4.0281543435104151e-11 +/- 1.50e-12 [1488 selected]
| >   graph_7     : 6.4842121212591113e-11 +/- 2.14e-12 [1443 selected]
| >   graph_8     : -9.0878873526801424e-10 +/- 8.54e-12 [3589 selected]
| >   graph_9     : 1.0647139697907287e-09 +/- 8.87e-12 [3790 selected]
| >   graph_10    : -2.7440554346670074e-09 +/- 4.34e-11 [22225 selected]
| >   graph_11    : 1.9220902079608796e-27 +/- 2.33e-28 [1485 selected]
| >   graph_12    : -5.5546871455607130e-10 +/- 6.22e-12 [2564 selected]
| >   graph_13    : -1.1779124309056115e-08 +/- 6.66e-11 [40678 selected]
| >   graph_14    : 1.0963429010345772e-10 +/- 4.23e-13 [1479 selected]
| >   graph_15    : 7.3550896503199288e-24 +/- 7.52e-24 [1505 selected]
| >   graph_16    : 3.8847244017365097e-09 +/- 1.07e-11 [1955 selected]
| >   graph_17    : -3.5604579611869996e-10 +/- 1.36e-12 [1419 selected]
| >   graph_18    : 1.1867469294888449e-08 +/- 3.69e-11 [17703 selected]
| >   graph_19    : 1.0652517891357798e-09 +/- 5.37e-12 [1483 selected]
| >   graph_20    : -7.6890526564416709e-10 +/- 3.71e-12 [1427 selected]
| >   graph_21    : -8.6240472947653345e-10 +/- 8.94e-12 [3848 selected]
| >   graph_22    : -5.2958646324479481e-10 +/- 2.71e-11 [4854 selected]
| >   graph_23    : -2.9206980297434409e-10 +/- 1.14e-11 [1567 selected]
| >   graph_24    : 5.8783529479737522e-10 +/- 1.39e-11 [3846 selected]
| >   graph_25    : 4.2704847305054557e-10 +/- 9.55e-12 [2032 selected]
| >   graph_26    : -2.1339565014195059e-10 +/- 8.33e-13 [1409 selected]
| >   graph_27    : -2.7366040137357696e-11 +/- 1.05e-13 [1441 selected]
| >   graph_28    : -1.1709631326387739e-09 +/- 7.63e-12 [1633 selected]
| >   graph_29    : 6.8119498756579579e-08 +/- 9.28e-11 [62655 selected]
| >   graph_30    : -1.1946761616518988e-09 +/- 8.07e-11 [69355 selected]
| >   graph_31    : 4.0943063844564841e-11 +/- 4.29e-13 [1506 selected]
| >   graph_32    : -4.9289747713170284e-11 +/- 7.27e-12 [1686 selected]
| >   graph_33    : -1.8912708469800712e-09 +/- 1.77e-11 [7656 selected]
| >   graph_34    : 9.7503032636471989e-26 +/- 4.72e-26 [1430 selected]
| >   graph_35    : 2.5441994295975012e-08 +/- 9.98e-11 [99440 selected]
| >   graph_36    : -2.9654973611420382e-09 +/- 1.89e-11 [6617 selected]
| >   graph_37    : 1.6117392005715590e-08 +/- 4.84e-11 [28224 selected]
| >   graph_38    : 3.9899947700128781e-10 +/- 3.59e-12 [1505 selected]
| >   graph_39    : -7.6214905731574929e-09 +/- 3.11e-11 [13473 selected]
| >   graph_40    : -4.9805444666224860e-10 +/- 1.42e-10 [132607 selected]
| >   graph_41    : 1.7257818433093970e-09 +/- 1.41e-11 [6184 selected]
| >   graph_42    : 4.4661917337922926e-09 +/- 7.85e-11 [46138 selected]
| >   graph_43    : 3.0993809591730148e-09 +/- 2.00e-11 [7054 selected]
| >   graph_44    : 4.4577269600760526e-10 +/- 6.20e-12 [2520 selected]
| >   graph_45    : 2.4292454440762728e-10 +/- 9.20e-13 [1513 selected]
| >   graph_46    : -6.1021071862169219e-11 +/- 3.61e-13 [1475 selected]
| >   graph_47    : -6.5430524960827493e-09 +/- 1.22e-10 [145760 selected]
| >   graph_48    : -9.1427077827922129e-11 +/- 2.16e-12 [1425 selected]
| >   graph_49    : -3.4405969845689471e-08 +/- 5.73e-11 [32707 selected]
| >   graph_50    : 9.0819767593193488e-10 +/- 1.25e-11 [3265 selected]
| >   graph_51    : 5.7775086186909733e-09 +/- 1.51e-11 [3173 selected]
| >   graph_52    : 2.2451250915790108e-10 +/- 5.63e-12 [1431 selected]
| >   graph_53    : -8.1148467041439153e-10 +/- 1.19e-11 [4969 selected]
| >   graph_54    : -2.6265718509702689e-09 +/- 9.91e-11 [46705 selected]
| >   graph_55    : 1.1155554226061949e-09 +/- 1.05e-11 [4123 selected]
| >   graph_56    : -4.2029619784399418e-09 +/- 1.12e-11 [2274 selected]
| >   graph_57    : -1.2935770633123166e-08 +/- 4.12e-11 [20561 selected]
| >   graph_58    : 4.5021768735393831e-11 +/- 2.41e-12 [1442 selected]
| >   graph_59    : 4.0434481508653629e-11 +/- 2.36e-12 [1495 selected]
| >   graph_60    : -6.8178221024874592e-11 +/- 2.44e-12 [1451 selected]
| >   graph_61    : 1.2683720660942479e-08 +/- 5.91e-11 [37245 selected]
| >   graph_62    : 5.6244558590296265e-24 +/- 1.25e-23 [1437 selected]
| >   graph_63    : -1.1373657886015418e-09 +/- 8.60e-12 [1981 selected]
| >   graph_64    : 8.3356163806617118e-10 +/- 4.29e-12 [1483 selected]
| >   sum         : 2.9721904357572807e-08
| >   total       : 2.9721904357572744e-08
| >   difference  : 6.2865726554030103e-23
[92mINFO[0m [94msymbolica_integrator l.7237[0m [96mt=2026-09-09,15:38:43.143[0m > Symbolica integration: starting iteration [92m74/100[0m using [94m1000000[0m points ...
[92mINFO[0m [94msymbolica_integrator l.7270[0m [96mt=2026-09-09,15:44:12.427[0m > ... result after this iteration:
| > Integration result after [92m74000000[0m evaluations in [92m928695.58 CPU-s[0m [94m(12549.9 µs / eval)[0m
| > Extremal weights:
| >   with jacobian    : 6.87291e+04 at xs = [1.1523609142106825e-05 8.0408886661259560e-01 4.9838097880659193e-01 1.8957618633349213e-01 8.5347278385972214e-01 6.8193530704548311e-01] | jacobian = 1.48509e+07
| >     momentum space  : k = [[1.5365375555778040e-03, -4.3457983363555212e-03, 1.8647702504812668e+02]; [4.7634774762067813e+01, -6.2642450015685178e+01, -5.0616133684117784e+01]]
| >   without jacobian : 6.12431e+04 at xs = [1.9893180760387205e-01 9.4960077021338030e-01 3.8092870816224239e-01 1.2514712715410771e-08 8.7933684086808808e-02 5.0016081222090403e-01] | jacobian = 2.23599e+01
| >     momentum space  : k = [[8.7866572274323872e+01, -2.8793455859316030e+01, 3.6297395289454343e+01]; [4.2610751484905640e-06, 2.6271882890532849e-06, -2.5290055668014643e-09]]
| >   before clipping   : 5.00979e+07 at xs = [1.9582099155261540e-01 5.6287678290629772e-01 3.4988846605134888e-01 5.0747659817460897e-06 7.8428228602499783e-01 4.9974373003259892e-01]
| >     momentum space  : k = [[-8.0086232672303836e+01, -3.3395147584803333e+01, 4.4249849563175729e+01]; [4.3387448179743019e-04, -1.9830058113803005e-03, 1.6342773234291566e-06]]
| > Stability pipeline: float pairs accepted = 101924955, HP pairs attempted/accepted = 2544799/2544799
| > Stability triggers: float mismatch = 2382991, float non-finite/error = 1340
| > HP precision escalations: attempted/accepted = 3636/3636
| > Higher-precision rejections: disagreement = 0, non-finite = 0, error = 0
| > Soft-mirror stability: pairs = 32808416, large-side triggers = 159709, HP orbits attempted/salvaged/failed = 2338662/2338662/0
| > Soft-mirror extrema: raw original = -6.08343e+09, post-average = 5.00979e+07
| > Strongest soft-mirror cancellation: residual/raw = 0.00000e+00
| > Unstable rotational-check points rejected = 0
| > Rotational-check high-precision retries = 2384331
| > Rotational-check high-precision salvaged = 2384331
| > Large-weight high-precision retries = 160468
| > Large-weight high-precision salvaged = 160468
| > Large-weight high-precision rejected = 0
| > Large-weight samples zeroed = 266 (3.595e-06 of samples; removed signed/absolute sums = 1.04605e+08/2.62489e+08)
| > Non-finite final outputs zeroed = 0
| > Non-finite float rotated evaluations seen = 56
| > Example higher-precision-retried xs = [1.7265545145750016e-01 3.0987003362503329e-01 3.2061093419506459e-01 2.9773816827716681e-01 4.2264025488893087e-01 5.4552528647525544e-01] | float rel = 1.83306e+00
| >     momentum space  : k = [[-2.5923335064264300e+01, 6.5631404491694042e+01, 4.4592524277177773e+01]; [-1.4841504911254179e+02, 7.8414345192107874e+01, -2.4172211541858793e+01]]
| > Example large-weight higher-precision-retried xs = [6.2315394262952850e-03 8.7335248832704826e-02 4.3698273950411237e-01 1.7075337559625559e-01 2.3328011702598017e-02 8.1591186955703054e-01] | compiled = 1.29744e+03 | higher precision = -1.91195e+00
| >     momentum space  : k = [[2.0981863278860531e+00, 1.2827845393213939e+00, 1.6464272205621262e+02]; [4.4540392286650942e+01, 6.5756311498899862e+00, -6.8970990633645286e+01]]
| > Example NaN/non-finite rotated xs = [9.7362215618168912e-01 2.8761982718842016e-02 7.1239412401005031e-01 7.6351383122687992e-06 8.1517347970654108e-01 4.6873166947969135e-02]
| >     momentum space  : k = [[1.1408782098248355e+04, 2.0845012077396245e+03, -9.1365956262265390e+03]; [1.7841371185143296e-04, -4.1105989017338625e-04, -2.9424209241204335e+04]]
| > [92mCentral value[0m : +2.9750804394919096e-08   +/- 3.24e-10     ([91m1.088%[0m)
[92mINFO[0m [94msymbolica_integrator l.7274[0m [96mt=2026-09-09,15:44:12.428[0m > | > Graph-channel Symbolica observer estimates:
| >   graph_0     : -2.0677048679599957e-08 +/- 6.99e-11 [50635 selected]
| >   graph_1     : 3.3497081427735707e-10 +/- 6.14e-12 [1594 selected]
| >   graph_2     : -1.2800647709803224e-08 +/- 3.29e-11 [13867 selected]
| >   graph_3     : 1.1077175786801898e-10 +/- 1.25e-12 [1450 selected]
| >   graph_4     : -6.5061813390044178e-10 +/- 1.01e-11 [2277 selected]
| >   graph_5     : -3.9687590584982180e-11 +/- 1.43e-12 [1473 selected]
| >   graph_6     : -4.0286807238944105e-11 +/- 1.49e-12 [1505 selected]
| >   graph_7     : 6.4306286129240195e-11 +/- 2.13e-12 [1464 selected]
| >   graph_8     : -9.0795312793257387e-10 +/- 8.48e-12 [3531 selected]
| >   graph_9     : 1.0637516773579572e-09 +/- 8.82e-12 [3963 selected]
| >   graph_10    : -2.7434273402876037e-09 +/- 4.30e-11 [22129 selected]
| >   graph_11    : 1.9499473880045088e-27 +/- 2.32e-28 [1362 selected]
| >   graph_12    : -5.5579767931416179e-10 +/- 6.18e-12 [2593 selected]
| >   graph_13    : -1.1793140814424723e-08 +/- 6.73e-11 [40587 selected]
| >   graph_14    : 1.0961942268358866e-10 +/- 4.20e-13 [1437 selected]
| >   graph_15    : 7.2382855659620147e-24 +/- 7.42e-24 [1464 selected]
| >   graph_16    : 3.8844490688611749e-09 +/- 1.06e-11 [1982 selected]
| >   graph_17    : -3.5589650595150195e-10 +/- 1.35e-12 [1387 selected]
| >   graph_18    : 1.1870100994484612e-08 +/- 3.65e-11 [17644 selected]
| >   graph_19    : 1.0658521774708928e-09 +/- 5.33e-12 [1503 selected]
| >   graph_20    : -7.6891125814284202e-10 +/- 3.68e-12 [1426 selected]
| >   graph_21    : -8.6295461894464690e-10 +/- 8.88e-12 [3843 selected]
| >   graph_22    : -5.2914482620178526e-10 +/- 2.67e-11 [4879 selected]
| >   graph_23    : -2.9253155115757930e-10 +/- 1.12e-11 [1570 selected]
| >   graph_24    : 5.8886792241083898e-10 +/- 1.38e-11 [3862 selected]
| >   graph_25    : 4.2786674646698049e-10 +/- 9.48e-12 [1965 selected]
| >   graph_26    : -2.1338901709246757e-10 +/- 8.26e-13 [1458 selected]
| >   graph_27    : -2.7362743447024691e-11 +/- 1.04e-13 [1453 selected]
| >   graph_28    : -1.1723739558840742e-09 +/- 7.58e-12 [1645 selected]
| >   graph_29    : 6.8113389826081565e-08 +/- 9.19e-11 [62681 selected]
| >   graph_30    : -1.2051588290712451e-09 +/- 8.02e-11 [70738 selected]
| >   graph_31    : 4.0974783110215829e-11 +/- 4.26e-13 [1507 selected]
| >   graph_32    : -5.0637733560371654e-11 +/- 7.38e-12 [1753 selected]
| >   graph_33    : -1.8906750543853989e-09 +/- 1.76e-11 [7582 selected]
| >   graph_34    : 1.0105221377454237e-25 +/- 4.67e-26 [1436 selected]
| >   graph_35    : 2.5432104173004282e-08 +/- 9.86e-11 [99362 selected]
| >   graph_36    : -2.9694162352623628e-09 +/- 1.88e-11 [6551 selected]
| >   graph_37    : 1.6121198036425745e-08 +/- 4.81e-11 [28196 selected]
| >   graph_38    : 3.9881881686349442e-10 +/- 3.57e-12 [1465 selected]
| >   graph_39    : -7.6137464764271920e-09 +/- 3.08e-11 [13539 selected]
| >   graph_40    : -4.9456834769882931e-10 +/- 1.41e-10 [132438 selected]
| >   graph_41    : 1.7274198273238925e-09 +/- 1.40e-11 [6253 selected]
| >   graph_42    : 4.4673827360183613e-09 +/- 7.76e-11 [45763 selected]
| >   graph_43    : 3.1043581730119223e-09 +/- 1.99e-11 [7153 selected]
| >   graph_44    : 4.4468933520350440e-10 +/- 6.16e-12 [2417 selected]
| >   graph_45    : 2.4297673171089885e-10 +/- 9.13e-13 [1497 selected]
| >   graph_46    : -6.1030558704012547e-11 +/- 3.58e-13 [1390 selected]
| >   graph_47    : -6.5198541459222937e-09 +/- 1.24e-10 [144937 selected]
| >   graph_48    : -9.1700230528846520e-11 +/- 2.15e-12 [1404 selected]
| >   graph_49    : -3.4397553594519364e-08 +/- 5.68e-11 [32996 selected]
| >   graph_50    : 9.0729724337436613e-10 +/- 1.24e-11 [3206 selected]
| >   graph_51    : 5.7783040219700823e-09 +/- 1.50e-11 [3257 selected]
| >   graph_52    : 2.2607288592338891e-10 +/- 5.59e-12 [1513 selected]
| >   graph_53    : -8.1117586989325792e-10 +/- 1.18e-11 [4965 selected]
| >   graph_54    : -2.6138188563303860e-09 +/- 9.79e-11 [46504 selected]
| >   graph_55    : 1.1165634419178500e-09 +/- 1.04e-11 [4198 selected]
| >   graph_56    : -4.2010796061976710e-09 +/- 1.12e-11 [2158 selected]
| >   graph_57    : -1.2942532957216697e-08 +/- 4.09e-11 [20821 selected]
| >   graph_58    : 4.4918884571603634e-11 +/- 2.39e-12 [1466 selected]
| >   graph_59    : 4.0720549314063175e-11 +/- 2.35e-12 [1469 selected]
| >   graph_60    : -6.8395397459940289e-11 +/- 2.42e-12 [1408 selected]
| >   graph_61    : 1.2689996955300608e-08 +/- 5.85e-11 [37136 selected]
| >   graph_62    : 5.4826921605224311e-24 +/- 1.24e-23 [1459 selected]
| >   graph_63    : -1.1377072731846748e-09 +/- 8.55e-12 [1993 selected]
| >   graph_64    : 8.3328463205372246e-10 +/- 4.26e-12 [1441 selected]
| >   sum         : 2.9750804394919162e-08
| >   total       : 2.9750804394919096e-08
| >   difference  : 6.6174449004242214e-23
[92mINFO[0m [94msymbolica_integrator l.7237[0m [96mt=2026-09-09,15:44:12.428[0m > Symbolica integration: starting iteration [92m75/100[0m using [94m1000000[0m points ...
[92mINFO[0m [94msymbolica_integrator l.7270[0m [96mt=2026-09-09,15:48:53.920[0m > ... result after this iteration:
| > Integration result after [92m75000000[0m evaluations in [92m940269.22 CPU-s[0m [94m(12536.9 µs / eval)[0m
| > Extremal weights:
| >   with jacobian    : 6.87291e+04 at xs = [1.1523609142106825e-05 8.0408886661259560e-01 4.9838097880659193e-01 1.8957618633349213e-01 8.5347278385972214e-01 6.8193530704548311e-01] | jacobian = 1.48509e+07
| >     momentum space  : k = [[1.5365375555778040e-03, -4.3457983363555212e-03, 1.8647702504812668e+02]; [4.7634774762067813e+01, -6.2642450015685178e+01, -5.0616133684117784e+01]]
| >   without jacobian : 6.12431e+04 at xs = [1.9893180760387205e-01 9.4960077021338030e-01 3.8092870816224239e-01 1.2514712715410771e-08 8.7933684086808808e-02 5.0016081222090403e-01] | jacobian = 2.23599e+01
| >     momentum space  : k = [[8.7866572274323872e+01, -2.8793455859316030e+01, 3.6297395289454343e+01]; [4.2610751484905640e-06, 2.6271882890532849e-06, -2.5290055668014643e-09]]
| >   before clipping   : 5.00979e+07 at xs = [1.9582099155261540e-01 5.6287678290629772e-01 3.4988846605134888e-01 5.0747659817460897e-06 7.8428228602499783e-01 4.9974373003259892e-01]
| >     momentum space  : k = [[-8.0086232672303836e+01, -3.3395147584803333e+01, 4.4249849563175729e+01]; [4.3387448179743019e-04, -1.9830058113803005e-03, 1.6342773234291566e-06]]
| > Stability pipeline: float pairs accepted = 103277082, HP pairs attempted/accepted = 2579431/2579431
| > Stability triggers: float mismatch = 2415340, float non-finite/error = 1355
| > HP precision escalations: attempted/accepted = 3672/3672
| > Higher-precision rejections: disagreement = 0, non-finite = 0, error = 0
| > Soft-mirror stability: pairs = 33227191, large-side triggers = 161970, HP orbits attempted/salvaged/failed = 2370678/2370678/0
| > Soft-mirror extrema: raw original = -6.08343e+09, post-average = 5.00979e+07
| > Strongest soft-mirror cancellation: residual/raw = 0.00000e+00
| > Unstable rotational-check points rejected = 0
| > Rotational-check high-precision retries = 2416695
| > Rotational-check high-precision salvaged = 2416695
| > Large-weight high-precision retries = 162736
| > Large-weight high-precision salvaged = 162736
| > Large-weight high-precision rejected = 0
| > Large-weight samples zeroed = 270 (3.600e-06 of samples; removed signed/absolute sums = 1.03906e+08/2.63372e+08)
| > Non-finite final outputs zeroed = 0
| > Non-finite float rotated evaluations seen = 58
| > Example higher-precision-retried xs = [1.7265545145750016e-01 3.0987003362503329e-01 3.2061093419506459e-01 2.9773816827716681e-01 4.2264025488893087e-01 5.4552528647525544e-01] | float rel = 1.83306e+00
| >     momentum space  : k = [[-2.5923335064264300e+01, 6.5631404491694042e+01, 4.4592524277177773e+01]; [-1.4841504911254179e+02, 7.8414345192107874e+01, -2.4172211541858793e+01]]
| > Example large-weight higher-precision-retried xs = [6.2315394262952850e-03 8.7335248832704826e-02 4.3698273950411237e-01 1.7075337559625559e-01 2.3328011702598017e-02 8.1591186955703054e-01] | compiled = 1.29744e+03 | higher precision = -1.91195e+00
| >     momentum space  : k = [[2.0981863278860531e+00, 1.2827845393213939e+00, 1.6464272205621262e+02]; [4.4540392286650942e+01, 6.5756311498899862e+00, -6.8970990633645286e+01]]
| > Example NaN/non-finite rotated xs = [9.7362215618168912e-01 2.8761982718842016e-02 7.1239412401005031e-01 7.6351383122687992e-06 8.1517347970654108e-01 4.6873166947969135e-02]
| >     momentum space  : k = [[1.1408782098248355e+04, 2.0845012077396245e+03, -9.1365956262265390e+03]; [1.7841371185143296e-04, -4.1105989017338625e-04, -2.9424209241204335e+04]]
| > [92mCentral value[0m : +2.9722692416263491e-08   +/- 3.20e-10     ([91m1.078%[0m)
[92mINFO[0m [94msymbolica_integrator l.7274[0m [96mt=2026-09-09,15:48:53.921[0m > | > Graph-channel Symbolica observer estimates:
| >   graph_0     : -2.0681333339187940e-08 +/- 6.93e-11 [50812 selected]
| >   graph_1     : 3.3466204992851013e-10 +/- 6.10e-12 [1576 selected]
| >   graph_2     : -1.2801365716738609e-08 +/- 3.27e-11 [13726 selected]
| >   graph_3     : 1.1063414616428337e-10 +/- 1.24e-12 [1537 selected]
| >   graph_4     : -6.5050536815896170e-10 +/- 1.00e-11 [2276 selected]
| >   graph_5     : -3.9878985466008177e-11 +/- 1.42e-12 [1452 selected]
| >   graph_6     : -4.0242646629254668e-11 +/- 1.48e-12 [1558 selected]
| >   graph_7     : 6.4257719530850643e-11 +/- 2.11e-12 [1492 selected]
| >   graph_8     : -9.0937642532506266e-10 +/- 8.44e-12 [3528 selected]
| >   graph_9     : 1.0640307232759349e-09 +/- 8.76e-12 [3762 selected]
| >   graph_10    : -2.7395765438147581e-09 +/- 4.26e-11 [21757 selected]
| >   graph_11    : 1.9686024687135550e-27 +/- 2.30e-28 [1506 selected]
| >   graph_12    : -5.5550558977121361e-10 +/- 6.14e-12 [2483 selected]
| >   graph_13    : -1.1794510364477908e-08 +/- 6.65e-11 [41107 selected]
| >   graph_14    : 1.0961439132514727e-10 +/- 4.16e-13 [1539 selected]
| >   graph_15    : 7.1346178513197963e-24 +/- 7.32e-24 [1510 selected]
| >   graph_16    : 3.8830903104590948e-09 +/- 1.05e-11 [1916 selected]
| >   graph_17    : -3.5593184825091191e-10 +/- 1.34e-12 [1563 selected]
| >   graph_18    : 1.1867305720389629e-08 +/- 3.62e-11 [17308 selected]
| >   graph_19    : 1.0655778550774990e-09 +/- 5.30e-12 [1568 selected]
| >   graph_20    : -7.6889723987474253e-10 +/- 3.66e-12 [1504 selected]
| >   graph_21    : -8.6404532223737711e-10 +/- 8.82e-12 [3724 selected]
| >   graph_22    : -5.2965454093803872e-10 +/- 2.64e-11 [4788 selected]
| >   graph_23    : -2.9202979023819226e-10 +/- 1.11e-11 [1522 selected]
| >   graph_24    : 5.8790090032045958e-10 +/- 1.37e-11 [3781 selected]
| >   graph_25    : 4.2805752743273519e-10 +/- 9.43e-12 [2033 selected]
| >   graph_26    : -2.1349930055211927e-10 +/- 8.20e-13 [1529 selected]
| >   graph_27    : -2.7378958244136548e-11 +/- 1.03e-13 [1585 selected]
| >   graph_28    : -1.1719537209329668e-09 +/- 7.54e-12 [1542 selected]
| >   graph_29    : 6.8114910611056943e-08 +/- 9.10e-11 [62124 selected]
| >   graph_30    : -1.2065173153476527e-09 +/- 7.94e-11 [70056 selected]
| >   graph_31    : 4.0986555205238561e-11 +/- 4.23e-13 [1513 selected]
| >   graph_32    : -5.0790975497492852e-11 +/- 7.34e-12 [1671 selected]
| >   graph_33    : -1.8902482405075785e-09 +/- 1.75e-11 [7440 selected]
| >   graph_34    : 1.0406826953329262e-25 +/- 4.62e-26 [1482 selected]
| >   graph_35    : 2.5429137214400331e-08 +/- 9.77e-11 [97771 selected]
| >   graph_36    : -2.9726263700540567e-09 +/- 1.86e-11 [6630 selected]
| >   graph_37    : 1.6119927214330386e-08 +/- 4.77e-11 [27921 selected]
| >   graph_38    : 3.9893026710712306e-10 +/- 3.54e-12 [1545 selected]
| >   graph_39    : -7.6219859073855756e-09 +/- 3.06e-11 [13465 selected]
| >   graph_40    : -5.0294364424643291e-10 +/- 1.39e-10 [130560 selected]
| >   graph_41    : 1.7290155432381742e-09 +/- 1.39e-11 [6159 selected]
| >   graph_42    : 4.4640034888427709e-09 +/- 7.67e-11 [45275 selected]
| >   graph_43    : 3.1015201231375572e-09 +/- 1.98e-11 [6971 selected]
| >   graph_44    : 4.4518305587081363e-10 +/- 6.12e-12 [2423 selected]
| >   graph_45    : 2.4302074661088990e-10 +/- 9.06e-13 [1553 selected]
| >   graph_46    : -6.1028831605433419e-11 +/- 3.55e-13 [1568 selected]
| >   graph_47    : -6.5183749525641793e-09 +/- 1.23e-10 [152672 selected]
| >   graph_48    : -9.1698000446784935e-11 +/- 2.13e-12 [1469 selected]
| >   graph_49    : -3.4390959504999015e-08 +/- 5.63e-11 [32168 selected]
| >   graph_50    : 9.0681179123482184e-10 +/- 1.23e-11 [3180 selected]
| >   graph_51    : 5.7802357215862651e-09 +/- 1.50e-11 [3177 selected]
| >   graph_52    : 2.2651106040079379e-10 +/- 5.55e-12 [1564 selected]
| >   graph_53    : -8.1132250278946439e-10 +/- 1.18e-11 [4913 selected]
| >   graph_54    : -2.6105114635269739e-09 +/- 9.67e-11 [45552 selected]
| >   graph_55    : 1.1188599177147149e-09 +/- 1.03e-11 [4324 selected]
| >   graph_56    : -4.2015857905243265e-09 +/- 1.11e-11 [2200 selected]
| >   graph_57    : -1.2943085688096763e-08 +/- 4.05e-11 [20391 selected]
| >   graph_58    : 4.5544804867624581e-11 +/- 2.37e-12 [1537 selected]
| >   graph_59    : 4.0971598661311274e-11 +/- 2.33e-12 [1592 selected]
| >   graph_60    : -6.8385048354267866e-11 +/- 2.40e-12 [1469 selected]
| >   graph_61    : 1.2684564396903743e-08 +/- 5.79e-11 [36753 selected]
| >   graph_62    : 5.4028361623916918e-24 +/- 1.22e-23 [1470 selected]
| >   graph_63    : -1.1383593960448649e-09 +/- 8.50e-12 [1927 selected]
| >   graph_64    : 8.3353629401898689e-10 +/- 4.22e-12 [1531 selected]
| >   sum         : 2.9722692416263581e-08
| >   total       : 2.9722692416263491e-08
| >   difference  : 8.9335506155726989e-23
[92mINFO[0m [94msymbolica_integrator l.7237[0m [96mt=2026-09-09,15:48:53.921[0m > Symbolica integration: starting iteration [92m76/100[0m using [94m1000000[0m points ...
[92mINFO[0m [94msymbolica_integrator l.7270[0m [96mt=2026-09-09,15:53:51.569[0m > ... result after this iteration:
| > Integration result after [92m76000000[0m evaluations in [92m952813.86 CPU-s[0m [94m(12537.0 µs / eval)[0m
| > Extremal weights:
| >   with jacobian    : 6.87291e+04 at xs = [1.1523609142106825e-05 8.0408886661259560e-01 4.9838097880659193e-01 1.8957618633349213e-01 8.5347278385972214e-01 6.8193530704548311e-01] | jacobian = 1.48509e+07
| >     momentum space  : k = [[1.5365375555778040e-03, -4.3457983363555212e-03, 1.8647702504812668e+02]; [4.7634774762067813e+01, -6.2642450015685178e+01, -5.0616133684117784e+01]]
| >   without jacobian : 6.12431e+04 at xs = [1.9893180760387205e-01 9.4960077021338030e-01 3.8092870816224239e-01 1.2514712715410771e-08 8.7933684086808808e-02 5.0016081222090403e-01] | jacobian = 2.23599e+01
| >     momentum space  : k = [[8.7866572274323872e+01, -2.8793455859316030e+01, 3.6297395289454343e+01]; [4.2610751484905640e-06, 2.6271882890532849e-06, -2.5290055668014643e-09]]
| >   before clipping   : 5.00979e+07 at xs = [1.9582099155261540e-01 5.6287678290629772e-01 3.4988846605134888e-01 5.0747659817460897e-06 7.8428228602499783e-01 4.9974373003259892e-01]
| >     momentum space  : k = [[-8.0086232672303836e+01, -3.3395147584803333e+01, 4.4249849563175729e+01]; [4.3387448179743019e-04, -1.9830058113803005e-03, 1.6342773234291566e-06]]
| > Stability pipeline: float pairs accepted = 104630427, HP pairs attempted/accepted = 2613970/2613970
| > Stability triggers: float mismatch = 2447788, float non-finite/error = 1372
| > HP precision escalations: attempted/accepted = 3712/3712
| > Higher-precision rejections: disagreement = 0, non-finite = 0, error = 0
| > Soft-mirror stability: pairs = 33646996, large-side triggers = 164030, HP orbits attempted/salvaged/failed = 2402599/2402599/0
| > Soft-mirror extrema: raw original = -6.08343e+09, post-average = 5.00979e+07
| > Strongest soft-mirror cancellation: residual/raw = 0.00000e+00
| > Unstable rotational-check points rejected = 0
| > Rotational-check high-precision retries = 2449160
| > Rotational-check high-precision salvaged = 2449160
| > Large-weight high-precision retries = 164810
| > Large-weight high-precision salvaged = 164810
| > Large-weight high-precision rejected = 0
| > Large-weight samples zeroed = 272 (3.579e-06 of samples; removed signed/absolute sums = 1.07486e+08/2.66952e+08)
| > Non-finite final outputs zeroed = 0
| > Non-finite float rotated evaluations seen = 58
| > Example higher-precision-retried xs = [1.7265545145750016e-01 3.0987003362503329e-01 3.2061093419506459e-01 2.9773816827716681e-01 4.2264025488893087e-01 5.4552528647525544e-01] | float rel = 1.83306e+00
| >     momentum space  : k = [[-2.5923335064264300e+01, 6.5631404491694042e+01, 4.4592524277177773e+01]; [-1.4841504911254179e+02, 7.8414345192107874e+01, -2.4172211541858793e+01]]
| > Example large-weight higher-precision-retried xs = [6.2315394262952850e-03 8.7335248832704826e-02 4.3698273950411237e-01 1.7075337559625559e-01 2.3328011702598017e-02 8.1591186955703054e-01] | compiled = 1.29744e+03 | higher precision = -1.91195e+00
| >     momentum space  : k = [[2.0981863278860531e+00, 1.2827845393213939e+00, 1.6464272205621262e+02]; [4.4540392286650942e+01, 6.5756311498899862e+00, -6.8970990633645286e+01]]
| > Example NaN/non-finite rotated xs = [9.7362215618168912e-01 2.8761982718842016e-02 7.1239412401005031e-01 7.6351383122687992e-06 8.1517347970654108e-01 4.6873166947969135e-02]
| >     momentum space  : k = [[1.1408782098248355e+04, 2.0845012077396245e+03, -9.1365956262265390e+03]; [1.7841371185143296e-04, -4.1105989017338625e-04, -2.9424209241204335e+04]]
| > [92mCentral value[0m : +2.9695448258761593e-08   +/- 3.17e-10     ([91m1.068%[0m)
[92mINFO[0m [94msymbolica_integrator l.7274[0m [96mt=2026-09-09,15:53:51.570[0m > | > Graph-channel Symbolica observer estimates:
| >   graph_0     : -2.0683366102780217e-08 +/- 6.87e-11 [50146 selected]
| >   graph_1     : 3.3547400798372529e-10 +/- 6.06e-12 [1520 selected]
| >   graph_2     : -1.2801241341991158e-08 +/- 3.24e-11 [13669 selected]
| >   graph_3     : 1.1060082009687082e-10 +/- 1.23e-12 [1611 selected]
| >   graph_4     : -6.5155056942936888e-10 +/- 9.95e-12 [2236 selected]
| >   graph_5     : -3.9900337176556131e-11 +/- 1.41e-12 [1514 selected]
| >   graph_6     : -4.0215772155579122e-11 +/- 1.47e-12 [1477 selected]
| >   graph_7     : 6.4193675662506539e-11 +/- 2.10e-12 [1493 selected]
| >   graph_8     : -9.0891352786061473e-10 +/- 8.39e-12 [3427 selected]
| >   graph_9     : 1.0622902126999959e-09 +/- 8.71e-12 [3763 selected]
| >   graph_10    : -2.7414870829529608e-09 +/- 4.22e-11 [21875 selected]
| >   graph_11    : 1.9335807543807043e-27 +/- 2.28e-28 [1517 selected]
| >   graph_12    : -5.5470777624688953e-10 +/- 6.11e-12 [2505 selected]
| >   graph_13    : -1.1797729412818721e-08 +/- 6.59e-11 [41213 selected]
| >   graph_14    : 1.0960092189848072e-10 +/- 4.13e-13 [1489 selected]
| >   graph_15    : 7.0196017126081249e-24 +/- 7.22e-24 [1497 selected]
| >   graph_16    : 3.8842431137356608e-09 +/- 1.05e-11 [1941 selected]
| >   graph_17    : -3.5602790092946709e-10 +/- 1.33e-12 [1516 selected]
| >   graph_18    : 1.1867054260109553e-08 +/- 3.59e-11 [17758 selected]
| >   graph_19    : 1.0653541232502697e-09 +/- 5.26e-12 [1480 selected]
| >   graph_20    : -7.6881326072453350e-10 +/- 3.63e-12 [1570 selected]
| >   graph_21    : -8.6638701516877554e-10 +/- 8.76e-12 [3835 selected]
| >   graph_22    : -5.2903952422053635e-10 +/- 2.61e-11 [4625 selected]
| >   graph_23    : -2.9167922732468542e-10 +/- 1.10e-11 [1587 selected]
| >   graph_24    : 5.8716452358608866e-10 +/- 1.36e-11 [3865 selected]
| >   graph_25    : 4.2928357869216770e-10 +/- 9.38e-12 [2060 selected]
| >   graph_26    : -2.1352839668225910e-10 +/- 8.17e-13 [1474 selected]
| >   graph_27    : -2.7375894598486155e-11 +/- 1.02e-13 [1525 selected]
| >   graph_28    : -1.1706456225271205e-09 +/- 7.50e-12 [1597 selected]
| >   graph_29    : 6.8112660206436163e-08 +/- 9.01e-11 [62456 selected]
| >   graph_30    : -1.2094920603532624e-09 +/- 7.84e-11 [70055 selected]
| >   graph_31    : 4.1001400628998181e-11 +/- 4.20e-13 [1546 selected]
| >   graph_32    : -5.1281917494435150e-11 +/- 7.31e-12 [1777 selected]
| >   graph_33    : -1.8883484350003066e-09 +/- 1.73e-11 [7439 selected]
| >   graph_34    : 1.0036166152700130e-25 +/- 4.56e-26 [1609 selected]
| >   graph_35    : 2.5420212341113360e-08 +/- 9.66e-11 [97858 selected]
| >   graph_36    : -2.9721855244029763e-09 +/- 1.85e-11 [6550 selected]
| >   graph_37    : 1.6116751929231491e-08 +/- 4.74e-11 [28223 selected]
| >   graph_38    : 3.9869186166247841e-10 +/- 3.52e-12 [1544 selected]
| >   graph_39    : -7.6231511497914571e-09 +/- 3.04e-11 [13435 selected]
| >   graph_40    : -5.1087237756285012e-10 +/- 1.38e-10 [130738 selected]
| >   graph_41    : 1.7294177889699822e-09 +/- 1.38e-11 [6055 selected]
| >   graph_42    : 4.4677819772615369e-09 +/- 7.59e-11 [45358 selected]
| >   graph_43    : 3.1031370925390170e-09 +/- 1.96e-11 [7030 selected]
| >   graph_44    : 4.4498383483354414e-10 +/- 6.08e-12 [2417 selected]
| >   graph_45    : 2.4293864893175231e-10 +/- 8.99e-13 [1486 selected]
| >   graph_46    : -6.1001099475937278e-11 +/- 3.52e-13 [1504 selected]
| >   graph_47    : -6.5169412252645320e-09 +/- 1.21e-10 [151350 selected]
| >   graph_48    : -9.2050869735431961e-11 +/- 2.11e-12 [1516 selected]
| >   graph_49    : -3.4394458540151313e-08 +/- 5.58e-11 [32540 selected]
| >   graph_50    : 9.0527119918309337e-10 +/- 1.22e-11 [3123 selected]
| >   graph_51    : 5.7777326393315833e-09 +/- 1.49e-11 [3077 selected]
| >   graph_52    : 2.2599208130757601e-10 +/- 5.51e-12 [1535 selected]
| >   graph_53    : -8.1139167426581594e-10 +/- 1.17e-11 [4849 selected]
| >   graph_54    : -2.6086920350619216e-09 +/- 9.56e-11 [46102 selected]
| >   graph_55    : 1.1199005358224955e-09 +/- 1.03e-11 [4204 selected]
| >   graph_56    : -4.1999479202357035e-09 +/- 1.11e-11 [2138 selected]
| >   graph_57    : -1.2939445712385841e-08 +/- 4.02e-11 [20666 selected]
| >   graph_58    : 4.5622892066378803e-11 +/- 2.36e-12 [1498 selected]
| >   graph_59    : 4.0952985582869228e-11 +/- 2.31e-12 [1490 selected]
| >   graph_60    : -6.8620123004905470e-11 +/- 2.39e-12 [1523 selected]
| >   graph_61    : 1.2681837523565990e-08 +/- 5.73e-11 [36661 selected]
| >   graph_62    : 5.3185802384046883e-24 +/- 1.21e-23 [1489 selected]
| >   graph_63    : -1.1369399657284435e-09 +/- 8.46e-12 [1948 selected]
| >   graph_64    : 8.3273147808108527e-10 +/- 4.19e-12 [1426 selected]
| >   sum         : 2.9695448258761666e-08
| >   total       : 2.9695448258761593e-08
| >   difference  : 7.2791893904666435e-23
[92mINFO[0m [94msymbolica_integrator l.7237[0m [96mt=2026-09-09,15:53:51.570[0m > Symbolica integration: starting iteration [92m77/100[0m using [94m1000000[0m points ...
[92mINFO[0m [94msymbolica_integrator l.7270[0m [96mt=2026-09-09,15:59:27.078[0m > ... result after this iteration:
| > Integration result after [92m77000000[0m evaluations in [92m964874.52 CPU-s[0m [94m(12530.8 µs / eval)[0m
| > Extremal weights:
| >   with jacobian    : 6.87291e+04 at xs = [1.1523609142106825e-05 8.0408886661259560e-01 4.9838097880659193e-01 1.8957618633349213e-01 8.5347278385972214e-01 6.8193530704548311e-01] | jacobian = 1.48509e+07
| >     momentum space  : k = [[1.5365375555778040e-03, -4.3457983363555212e-03, 1.8647702504812668e+02]; [4.7634774762067813e+01, -6.2642450015685178e+01, -5.0616133684117784e+01]]
| >   without jacobian : 6.12431e+04 at xs = [1.9893180760387205e-01 9.4960077021338030e-01 3.8092870816224239e-01 1.2514712715410771e-08 8.7933684086808808e-02 5.0016081222090403e-01] | jacobian = 2.23599e+01
| >     momentum space  : k = [[8.7866572274323872e+01, -2.8793455859316030e+01, 3.6297395289454343e+01]; [4.2610751484905640e-06, 2.6271882890532849e-06, -2.5290055668014643e-09]]
| >   before clipping   : 5.00979e+07 at xs = [1.9582099155261540e-01 5.6287678290629772e-01 3.4988846605134888e-01 5.0747659817460897e-06 7.8428228602499783e-01 4.9974373003259892e-01]
| >     momentum space  : k = [[-8.0086232672303836e+01, -3.3395147584803333e+01, 4.4249849563175729e+01]; [4.3387448179743019e-04, -1.9830058113803005e-03, 1.6342773234291566e-06]]
| > Stability pipeline: float pairs accepted = 105976082, HP pairs attempted/accepted = 2652326/2652326
| > Stability triggers: float mismatch = 2483553, float non-finite/error = 1390
| > HP precision escalations: attempted/accepted = 3756/3756
| > Higher-precision rejections: disagreement = 0, non-finite = 0, error = 0
| > Soft-mirror stability: pairs = 34066995, large-side triggers = 166586, HP orbits attempted/salvaged/failed = 2438587/2438587/0
| > Soft-mirror extrema: raw original = -6.08343e+09, post-average = 5.00979e+07
| > Strongest soft-mirror cancellation: residual/raw = 0.00000e+00
| > Unstable rotational-check points rejected = 0
| > Rotational-check high-precision retries = 2484943
| > Rotational-check high-precision salvaged = 2484943
| > Large-weight high-precision retries = 167383
| > Large-weight high-precision salvaged = 167383
| > Large-weight high-precision rejected = 0
| > Large-weight samples zeroed = 276 (3.584e-06 of samples; removed signed/absolute sums = 1.08024e+08/2.67743e+08)
| > Non-finite final outputs zeroed = 0
| > Non-finite float rotated evaluations seen = 58
| > Example higher-precision-retried xs = [1.7265545145750016e-01 3.0987003362503329e-01 3.2061093419506459e-01 2.9773816827716681e-01 4.2264025488893087e-01 5.4552528647525544e-01] | float rel = 1.83306e+00
| >     momentum space  : k = [[-2.5923335064264300e+01, 6.5631404491694042e+01, 4.4592524277177773e+01]; [-1.4841504911254179e+02, 7.8414345192107874e+01, -2.4172211541858793e+01]]
| > Example large-weight higher-precision-retried xs = [6.2315394262952850e-03 8.7335248832704826e-02 4.3698273950411237e-01 1.7075337559625559e-01 2.3328011702598017e-02 8.1591186955703054e-01] | compiled = 1.29744e+03 | higher precision = -1.91195e+00
| >     momentum space  : k = [[2.0981863278860531e+00, 1.2827845393213939e+00, 1.6464272205621262e+02]; [4.4540392286650942e+01, 6.5756311498899862e+00, -6.8970990633645286e+01]]
| > Example NaN/non-finite rotated xs = [9.7362215618168912e-01 2.8761982718842016e-02 7.1239412401005031e-01 7.6351383122687992e-06 8.1517347970654108e-01 4.6873166947969135e-02]
| >     momentum space  : k = [[1.1408782098248355e+04, 2.0845012077396245e+03, -9.1365956262265390e+03]; [1.7841371185143296e-04, -4.1105989017338625e-04, -2.9424209241204335e+04]]
| > [92mCentral value[0m : +2.9661906929579750e-08   +/- 3.14e-10     ([91m1.058%[0m)
[92mINFO[0m [94msymbolica_integrator l.7274[0m [96mt=2026-09-09,15:59:27.079[0m > | > Graph-channel Symbolica observer estimates:
| >   graph_0     : -2.0698014549876914e-08 +/- 6.81e-11 [51116 selected]
| >   graph_1     : 3.3602457973590307e-10 +/- 6.02e-12 [1563 selected]
| >   graph_2     : -1.2804343131563871e-08 +/- 3.22e-11 [13922 selected]
| >   graph_3     : 1.1044279076421025e-10 +/- 1.22e-12 [1523 selected]
| >   graph_4     : -6.5277063399022407e-10 +/- 9.89e-12 [2265 selected]
| >   graph_5     : -3.9553857645136686e-11 +/- 1.40e-12 [1506 selected]
| >   graph_6     : -3.9953108680057014e-11 +/- 1.46e-12 [1454 selected]
| >   graph_7     : 6.4213361329154177e-11 +/- 2.08e-12 [1510 selected]
| >   graph_8     : -9.0983783492551756e-10 +/- 8.33e-12 [3584 selected]
| >   graph_9     : 1.0625584793586215e-09 +/- 8.65e-12 [3855 selected]
| >   graph_10    : -2.7402582293231173e-09 +/- 4.17e-11 [21919 selected]
| >   graph_11    : 1.9360157167314406e-27 +/- 2.26e-28 [1475 selected]
| >   graph_12    : -5.5411668963502867e-10 +/- 6.07e-12 [2425 selected]
| >   graph_13    : -1.1793707637377687e-08 +/- 6.52e-11 [41735 selected]
| >   graph_14    : 1.0952527753739429e-10 +/- 4.10e-13 [1425 selected]
| >   graph_15    : 6.9289069108197062e-24 +/- 7.13e-24 [1494 selected]
| >   graph_16    : 3.8848071215956016e-09 +/- 1.05e-11 [1998 selected]
| >   graph_17    : -3.5636684858450290e-10 +/- 1.32e-12 [1560 selected]
| >   graph_18    : 1.1865136530563680e-08 +/- 3.56e-11 [17243 selected]
| >   graph_19    : 1.0647519491362994e-09 +/- 5.22e-12 [1409 selected]
| >   graph_20    : -7.6884338212059410e-10 +/- 3.61e-12 [1506 selected]
| >   graph_21    : -8.6635129030170314e-10 +/- 8.70e-12 [3611 selected]
| >   graph_22    : -5.2851392432330957e-10 +/- 2.57e-11 [4889 selected]
| >   graph_23    : -2.9195860921277956e-10 +/- 1.08e-11 [1603 selected]
| >   graph_24    : 5.8855242793254495e-10 +/- 1.35e-11 [3850 selected]
| >   graph_25    : 4.2739208516363074e-10 +/- 9.32e-12 [1998 selected]
| >   graph_26    : -2.1353514710650761e-10 +/- 8.11e-13 [1507 selected]
| >   graph_27    : -2.7368969050494547e-11 +/- 1.01e-13 [1464 selected]
| >   graph_28    : -1.1701059422511866e-09 +/- 7.46e-12 [1538 selected]
| >   graph_29    : 6.8127601488277339e-08 +/- 8.93e-11 [62675 selected]
| >   graph_30    : -1.2181159453467456e-09 +/- 7.78e-11 [69810 selected]
| >   graph_31    : 4.1078650516338034e-11 +/- 4.18e-13 [1587 selected]
| >   graph_32    : -5.1004485534090937e-11 +/- 7.26e-12 [1603 selected]
| >   graph_33    : -1.8850916568541545e-09 +/- 1.72e-11 [7500 selected]
| >   graph_34    : 1.0100394409590216e-25 +/- 4.52e-26 [1489 selected]
| >   graph_35    : 2.5401717306900618e-08 +/- 9.58e-11 [97674 selected]
| >   graph_36    : -2.9725558624020681e-09 +/- 1.84e-11 [6545 selected]
| >   graph_37    : 1.6114722708791509e-08 +/- 4.70e-11 [27970 selected]
| >   graph_38    : 3.9820986374505393e-10 +/- 3.50e-12 [1484 selected]
| >   graph_39    : -7.6260934229106712e-09 +/- 3.02e-11 [13455 selected]
| >   graph_40    : -4.9771765476476670e-10 +/- 1.36e-10 [130794 selected]
| >   graph_41    : 1.7292539510273714e-09 +/- 1.37e-11 [6051 selected]
| >   graph_42    : 4.4607114833552071e-09 +/- 7.51e-11 [45170 selected]
| >   graph_43    : 3.1037470174217894e-09 +/- 1.95e-11 [6897 selected]
| >   graph_44    : 4.4621808545334552e-10 +/- 6.06e-12 [2525 selected]
| >   graph_45    : 2.4291241149507682e-10 +/- 8.92e-13 [1495 selected]
| >   graph_46    : -6.1022887821949528e-11 +/- 3.50e-13 [1540 selected]
| >   graph_47    : -6.5177819761972434e-09 +/- 1.20e-10 [150676 selected]
| >   graph_48    : -9.2392688759922510e-11 +/- 2.10e-12 [1546 selected]
| >   graph_49    : -3.4400698819308739e-08 +/- 5.53e-11 [32525 selected]
| >   graph_50    : 9.0586311287205702e-10 +/- 1.21e-11 [3161 selected]
| >   graph_51    : 5.7740819071472390e-09 +/- 1.48e-11 [3114 selected]
| >   graph_52    : 2.2454064190963011e-10 +/- 5.48e-12 [1491 selected]
| >   graph_53    : -8.1270240550952088e-10 +/- 1.16e-11 [4905 selected]
| >   graph_54    : -2.6104895540265055e-09 +/- 9.45e-11 [45890 selected]
| >   graph_55    : 1.1221882053770806e-09 +/- 1.02e-11 [4248 selected]
| >   graph_56    : -4.2017452191892634e-09 +/- 1.10e-11 [2261 selected]
| >   graph_57    : -1.2937835083927658e-08 +/- 3.99e-11 [20607 selected]
| >   graph_58    : 4.5532002256964209e-11 +/- 2.34e-12 [1552 selected]
| >   graph_59    : 4.1059480530292742e-11 +/- 2.30e-12 [1464 selected]
| >   graph_60    : -6.8788366909206882e-11 +/- 2.37e-12 [1541 selected]
| >   graph_61    : 1.2683167458430133e-08 +/- 5.68e-11 [36817 selected]
| >   graph_62    : 5.2403821623248573e-24 +/- 1.19e-23 [1480 selected]
| >   graph_63    : -1.1367643576994458e-09 +/- 8.41e-12 [1976 selected]
| >   graph_64    : 8.3229672408630250e-10 +/- 4.16e-12 [1535 selected]
| >   sum         : 2.9661906929579816e-08
| >   total       : 2.9661906929579750e-08
| >   difference  : 6.6174449004242214e-23
[92mINFO[0m [94msymbolica_integrator l.7237[0m [96mt=2026-09-09,15:59:27.079[0m > Symbolica integration: starting iteration [92m78/100[0m using [94m1000000[0m points ...
[92mINFO[0m [94msymbolica_integrator l.7270[0m [96mt=2026-09-09,16:04:20.795[0m > ... result after this iteration:
| > Integration result after [92m78000000[0m evaluations in [92m977409.82 CPU-s[0m [94m(12530.9 µs / eval)[0m
| > Extremal weights:
| >   with jacobian    : 6.87291e+04 at xs = [1.1523609142106825e-05 8.0408886661259560e-01 4.9838097880659193e-01 1.8957618633349213e-01 8.5347278385972214e-01 6.8193530704548311e-01] | jacobian = 1.48509e+07
| >     momentum space  : k = [[1.5365375555778040e-03, -4.3457983363555212e-03, 1.8647702504812668e+02]; [4.7634774762067813e+01, -6.2642450015685178e+01, -5.0616133684117784e+01]]
| >   without jacobian : 6.12431e+04 at xs = [1.9893180760387205e-01 9.4960077021338030e-01 3.8092870816224239e-01 1.2514712715410771e-08 8.7933684086808808e-02 5.0016081222090403e-01] | jacobian = 2.23599e+01
| >     momentum space  : k = [[8.7866572274323872e+01, -2.8793455859316030e+01, 3.6297395289454343e+01]; [4.2610751484905640e-06, 2.6271882890532849e-06, -2.5290055668014643e-09]]
| >   before clipping   : 5.00979e+07 at xs = [1.9582099155261540e-01 5.6287678290629772e-01 3.4988846605134888e-01 5.0747659817460897e-06 7.8428228602499783e-01 4.9974373003259892e-01]
| >     momentum space  : k = [[-8.0086232672303836e+01, -3.3395147584803333e+01, 4.4249849563175729e+01]; [4.3387448179743019e-04, -1.9830058113803005e-03, 1.6342773234291566e-06]]
| > Stability pipeline: float pairs accepted = 107323803, HP pairs attempted/accepted = 2690027/2690027
| > Stability triggers: float mismatch = 2518655, float non-finite/error = 1401
| > HP precision escalations: attempted/accepted = 3807/3807
| > Higher-precision rejections: disagreement = 0, non-finite = 0, error = 0
| > Soft-mirror stability: pairs = 34487785, large-side triggers = 169161, HP orbits attempted/salvaged/failed = 2473955/2473955/0
| > Soft-mirror extrema: raw original = -6.08343e+09, post-average = 5.00979e+07
| > Strongest soft-mirror cancellation: residual/raw = 0.00000e+00
| > Unstable rotational-check points rejected = 0
| > Rotational-check high-precision retries = 2520056
| > Rotational-check high-precision salvaged = 2520056
| > Large-weight high-precision retries = 169971
| > Large-weight high-precision salvaged = 169971
| > Large-weight high-precision rejected = 0
| > Large-weight samples zeroed = 281 (3.603e-06 of samples; removed signed/absolute sums = 1.08009e+08/2.68468e+08)
| > Non-finite final outputs zeroed = 0
| > Non-finite float rotated evaluations seen = 58
| > Example higher-precision-retried xs = [1.7265545145750016e-01 3.0987003362503329e-01 3.2061093419506459e-01 2.9773816827716681e-01 4.2264025488893087e-01 5.4552528647525544e-01] | float rel = 1.83306e+00
| >     momentum space  : k = [[-2.5923335064264300e+01, 6.5631404491694042e+01, 4.4592524277177773e+01]; [-1.4841504911254179e+02, 7.8414345192107874e+01, -2.4172211541858793e+01]]
| > Example large-weight higher-precision-retried xs = [6.2315394262952850e-03 8.7335248832704826e-02 4.3698273950411237e-01 1.7075337559625559e-01 2.3328011702598017e-02 8.1591186955703054e-01] | compiled = 1.29744e+03 | higher precision = -1.91195e+00
| >     momentum space  : k = [[2.0981863278860531e+00, 1.2827845393213939e+00, 1.6464272205621262e+02]; [4.4540392286650942e+01, 6.5756311498899862e+00, -6.8970990633645286e+01]]
| > Example NaN/non-finite rotated xs = [9.7362215618168912e-01 2.8761982718842016e-02 7.1239412401005031e-01 7.6351383122687992e-06 8.1517347970654108e-01 4.6873166947969135e-02]
| >     momentum space  : k = [[1.1408782098248355e+04, 2.0845012077396245e+03, -9.1365956262265390e+03]; [1.7841371185143296e-04, -4.1105989017338625e-04, -2.9424209241204335e+04]]
| > [92mCentral value[0m : +2.9662346155209314e-08   +/- 3.11e-10     ([91m1.048%[0m)
[92mINFO[0m [94msymbolica_integrator l.7274[0m [96mt=2026-09-09,16:04:20.796[0m > | > Graph-channel Symbolica observer estimates:
| >   graph_0     : -2.0708843824260595e-08 +/- 6.75e-11 [50702 selected]
| >   graph_1     : 3.3524521388361160e-10 +/- 6.00e-12 [1522 selected]
| >   graph_2     : -1.2809067130480233e-08 +/- 3.19e-11 [13807 selected]
| >   graph_3     : 1.1032355613460038e-10 +/- 1.21e-12 [1443 selected]
| >   graph_4     : -6.5162948400792407e-10 +/- 9.84e-12 [2292 selected]
| >   graph_5     : -3.9428479098106167e-11 +/- 1.39e-12 [1521 selected]
| >   graph_6     : -3.9992684253605848e-11 +/- 1.45e-12 [1539 selected]
| >   graph_7     : 6.4382787289187216e-11 +/- 2.07e-12 [1484 selected]
| >   graph_8     : -9.1065919937383285e-10 +/- 8.28e-12 [3522 selected]
| >   graph_9     : 1.0617718929809398e-09 +/- 8.59e-12 [3898 selected]
| >   graph_10    : -2.7336149213521024e-09 +/- 4.14e-11 [21562 selected]
| >   graph_11    : 1.9031472043841516e-27 +/- 2.25e-28 [1399 selected]
| >   graph_12    : -5.5485599144730149e-10 +/- 6.03e-12 [2492 selected]
| >   graph_13    : -1.1788432560695962e-08 +/- 6.45e-11 [41535 selected]
| >   graph_14    : 1.0950934697840400e-10 +/- 4.07e-13 [1453 selected]
| >   graph_15    : 6.7975263361754633e-24 +/- 7.04e-24 [1515 selected]
| >   graph_16    : 3.8866501601285789e-09 +/- 1.04e-11 [1993 selected]
| >   graph_17    : -3.5644644781062342e-10 +/- 1.31e-12 [1538 selected]
| >   graph_18    : 1.1863083169351784e-08 +/- 3.53e-11 [17115 selected]
| >   graph_19    : 1.0638962799189342e-09 +/- 5.19e-12 [1456 selected]
| >   graph_20    : -7.6883922119918301e-10 +/- 3.58e-12 [1520 selected]
| >   graph_21    : -8.6673525406237413e-10 +/- 8.65e-12 [3803 selected]
| >   graph_22    : -5.2760098654560668e-10 +/- 2.54e-11 [4605 selected]
| >   graph_23    : -2.9173959827424093e-10 +/- 1.07e-11 [1554 selected]
| >   graph_24    : 5.8918549417842292e-10 +/- 1.34e-11 [3832 selected]
| >   graph_25    : 4.2511157798817924e-10 +/- 9.26e-12 [2008 selected]
| >   graph_26    : -2.1350553112055584e-10 +/- 8.05e-13 [1504 selected]
| >   graph_27    : -2.7376841631168139e-11 +/- 1.01e-13 [1474 selected]
| >   graph_28    : -1.1703847070514299e-09 +/- 7.41e-12 [1533 selected]
| >   graph_29    : 6.8127470690725268e-08 +/- 8.85e-11 [62630 selected]
| >   graph_30    : -1.2261245228574844e-09 +/- 7.71e-11 [70952 selected]
| >   graph_31    : 4.1066078754468223e-11 +/- 4.15e-13 [1497 selected]
| >   graph_32    : -5.1566633455386790e-11 +/- 7.21e-12 [1769 selected]
| >   graph_33    : -1.8837649614613596e-09 +/- 1.70e-11 [7603 selected]
| >   graph_34    : 1.0151087146313214e-25 +/- 4.47e-26 [1504 selected]
| >   graph_35    : 2.5384744119044068e-08 +/- 9.48e-11 [98226 selected]
| >   graph_36    : -2.9747243522755470e-09 +/- 1.83e-11 [6584 selected]
| >   graph_37    : 1.6114621767879969e-08 +/- 4.67e-11 [28005 selected]
| >   graph_38    : 3.9840215643819042e-10 +/- 3.47e-12 [1475 selected]
| >   graph_39    : -7.6227759216551942e-09 +/- 3.00e-11 [13473 selected]
| >   graph_40    : -4.8306245681167439e-10 +/- 1.35e-10 [130997 selected]
| >   graph_41    : 1.7317731199389848e-09 +/- 1.36e-11 [6073 selected]
| >   graph_42    : 4.4715023860517443e-09 +/- 7.43e-11 [45379 selected]
| >   graph_43    : 3.0986219763004834e-09 +/- 1.94e-11 [7137 selected]
| >   graph_44    : 4.4555532487140156e-10 +/- 6.02e-12 [2431 selected]
| >   graph_45    : 2.4289541076523738e-10 +/- 8.86e-13 [1491 selected]
| >   graph_46    : -6.0992132518674896e-11 +/- 3.47e-13 [1473 selected]
| >   graph_47    : -6.5158051615982585e-09 +/- 1.19e-10 [149161 selected]
| >   graph_48    : -9.2434891515465958e-11 +/- 2.08e-12 [1582 selected]
| >   graph_49    : -3.4396467415565752e-08 +/- 5.48e-11 [32584 selected]
| >   graph_50    : 9.0253568987141508e-10 +/- 1.21e-11 [3017 selected]
| >   graph_51    : 5.7762398711844283e-09 +/- 1.47e-11 [3214 selected]
| >   graph_52    : 2.2475322418587397e-10 +/- 5.44e-12 [1450 selected]
| >   graph_53    : -8.0981359664668241e-10 +/- 1.15e-11 [4986 selected]
| >   graph_54    : -2.6066223207295276e-09 +/- 9.34e-11 [46445 selected]
| >   graph_55    : 1.1222706336353494e-09 +/- 1.01e-11 [3990 selected]
| >   graph_56    : -4.2021222411659347e-09 +/- 1.09e-11 [2191 selected]
| >   graph_57    : -1.2933476874308341e-08 +/- 3.95e-11 [20859 selected]
| >   graph_58    : 4.5490500906866527e-11 +/- 2.32e-12 [1498 selected]
| >   graph_59    : 4.0619285700860871e-11 +/- 2.29e-12 [1493 selected]
| >   graph_60    : -6.9134845010545787e-11 +/- 2.35e-12 [1552 selected]
| >   graph_61    : 1.2678695473829476e-08 +/- 5.64e-11 [36646 selected]
| >   graph_62    : 5.1442168019434517e-24 +/- 1.17e-23 [1515 selected]
| >   graph_63    : -1.1376227808010893e-09 +/- 8.37e-12 [2018 selected]
| >   graph_64    : 8.3159293733439702e-10 +/- 4.13e-12 [1479 selected]
| >   sum         : 2.9662346155209373e-08
| >   total       : 2.9662346155209314e-08
| >   difference  : 5.9557004103817993e-23
[92mINFO[0m [94msymbolica_integrator l.7237[0m [96mt=2026-09-09,16:04:20.796[0m > Symbolica integration: starting iteration [92m79/100[0m using [94m1000000[0m points ...
[92mINFO[0m [94msymbolica_integrator l.7270[0m [96mt=2026-09-09,16:09:11.608[0m > ... result after this iteration:
| > Integration result after [92m79000000[0m evaluations in [92m989813.32 CPU-s[0m [94m(12529.3 µs / eval)[0m
| > Extremal weights:
| >   with jacobian    : 6.87291e+04 at xs = [1.1523609142106825e-05 8.0408886661259560e-01 4.9838097880659193e-01 1.8957618633349213e-01 8.5347278385972214e-01 6.8193530704548311e-01] | jacobian = 1.48509e+07
| >     momentum space  : k = [[1.5365375555778040e-03, -4.3457983363555212e-03, 1.8647702504812668e+02]; [4.7634774762067813e+01, -6.2642450015685178e+01, -5.0616133684117784e+01]]
| >   without jacobian : 6.12431e+04 at xs = [1.9893180760387205e-01 9.4960077021338030e-01 3.8092870816224239e-01 1.2514712715410771e-08 8.7933684086808808e-02 5.0016081222090403e-01] | jacobian = 2.23599e+01
| >     momentum space  : k = [[8.7866572274323872e+01, -2.8793455859316030e+01, 3.6297395289454343e+01]; [4.2610751484905640e-06, 2.6271882890532849e-06, -2.5290055668014643e-09]]
| >   before clipping   : 5.00979e+07 at xs = [1.9582099155261540e-01 5.6287678290629772e-01 3.4988846605134888e-01 5.0747659817460897e-06 7.8428228602499783e-01 4.9974373003259892e-01]
| >     momentum space  : k = [[-8.0086232672303836e+01, -3.3395147584803333e+01, 4.4249849563175729e+01]; [4.3387448179743019e-04, -1.9830058113803005e-03, 1.6342773234291566e-06]]
| > Stability pipeline: float pairs accepted = 108676225, HP pairs attempted/accepted = 2725743/2725743
| > Stability triggers: float mismatch = 2552063, float non-finite/error = 1420
| > HP precision escalations: attempted/accepted = 3847/3847
| > Higher-precision rejections: disagreement = 0, non-finite = 0, error = 0
| > Soft-mirror stability: pairs = 34909088, large-side triggers = 171444, HP orbits attempted/salvaged/failed = 2507120/2507120/0
| > Soft-mirror extrema: raw original = -6.08343e+09, post-average = 5.00979e+07
| > Strongest soft-mirror cancellation: residual/raw = 0.00000e+00
| > Unstable rotational-check points rejected = 0
| > Rotational-check high-precision retries = 2553483
| > Rotational-check high-precision salvaged = 2553483
| > Large-weight high-precision retries = 172260
| > Large-weight high-precision salvaged = 172260
| > Large-weight high-precision rejected = 0
| > Large-weight samples zeroed = 283 (3.582e-06 of samples; removed signed/absolute sums = 1.01381e+08/2.75283e+08)
| > Non-finite final outputs zeroed = 0
| > Non-finite float rotated evaluations seen = 59
| > Example higher-precision-retried xs = [1.7265545145750016e-01 3.0987003362503329e-01 3.2061093419506459e-01 2.9773816827716681e-01 4.2264025488893087e-01 5.4552528647525544e-01] | float rel = 1.83306e+00
| >     momentum space  : k = [[-2.5923335064264300e+01, 6.5631404491694042e+01, 4.4592524277177773e+01]; [-1.4841504911254179e+02, 7.8414345192107874e+01, -2.4172211541858793e+01]]
| > Example large-weight higher-precision-retried xs = [6.2315394262952850e-03 8.7335248832704826e-02 4.3698273950411237e-01 1.7075337559625559e-01 2.3328011702598017e-02 8.1591186955703054e-01] | compiled = 1.29744e+03 | higher precision = -1.91195e+00
| >     momentum space  : k = [[2.0981863278860531e+00, 1.2827845393213939e+00, 1.6464272205621262e+02]; [4.4540392286650942e+01, 6.5756311498899862e+00, -6.8970990633645286e+01]]
| > Example NaN/non-finite rotated xs = [9.7362215618168912e-01 2.8761982718842016e-02 7.1239412401005031e-01 7.6351383122687992e-06 8.1517347970654108e-01 4.6873166947969135e-02]
| >     momentum space  : k = [[1.1408782098248355e+04, 2.0845012077396245e+03, -9.1365956262265390e+03]; [1.7841371185143296e-04, -4.1105989017338625e-04, -2.9424209241204335e+04]]
| > [92mCentral value[0m : +2.9676441487280686e-08   +/- 3.08e-10     ([91m1.036%[0m)
[92mINFO[0m [94msymbolica_integrator l.7274[0m [96mt=2026-09-09,16:09:11.609[0m > | > Graph-channel Symbolica observer estimates:
| >   graph_0     : -2.0694730289199158e-08 +/- 6.70e-11 [50387 selected]
| >   graph_1     : 3.3520080201095872e-10 +/- 5.96e-12 [1586 selected]
| >   graph_2     : -1.2808504083947428e-08 +/- 3.17e-11 [13722 selected]
| >   graph_3     : 1.1030120328602585e-10 +/- 1.21e-12 [1468 selected]
| >   graph_4     : -6.4943725677825960e-10 +/- 9.79e-12 [2282 selected]
| >   graph_5     : -3.9499800089716261e-11 +/- 1.38e-12 [1505 selected]
| >   graph_6     : -3.9817421533309257e-11 +/- 1.44e-12 [1446 selected]
| >   graph_7     : 6.4515225269364158e-11 +/- 2.05e-12 [1466 selected]
| >   graph_8     : -9.1029817918881955e-10 +/- 8.25e-12 [3483 selected]
| >   graph_9     : 1.0616263048992783e-09 +/- 8.53e-12 [3875 selected]
| >   graph_10    : -2.7301089167010424e-09 +/- 4.10e-11 [22055 selected]
| >   graph_11    : 1.9292062370441334e-27 +/- 2.24e-28 [1476 selected]
| >   graph_12    : -5.5467694048439594e-10 +/- 5.99e-12 [2428 selected]
| >   graph_13    : -1.1801960412109369e-08 +/- 6.38e-11 [41505 selected]
| >   graph_14    : 1.0958252933726002e-10 +/- 4.04e-13 [1524 selected]
| >   graph_15    : 6.7635807104128895e-24 +/- 6.95e-24 [1503 selected]
| >   graph_16    : 3.8868051440677992e-09 +/- 1.04e-11 [1984 selected]
| >   graph_17    : -3.5640445012359118e-10 +/- 1.30e-12 [1460 selected]
| >   graph_18    : 1.1867173339872665e-08 +/- 3.50e-11 [17627 selected]
| >   graph_19    : 1.0635231957629223e-09 +/- 5.15e-12 [1452 selected]
| >   graph_20    : -7.6881794448939142e-10 +/- 3.56e-12 [1481 selected]
| >   graph_21    : -8.6765839898745771e-10 +/- 8.60e-12 [3788 selected]
| >   graph_22    : -5.2712570924665656e-10 +/- 2.51e-11 [4689 selected]
| >   graph_23    : -2.9335825277005041e-10 +/- 1.06e-11 [1606 selected]
| >   graph_24    : 5.9086162182392875e-10 +/- 1.34e-11 [3899 selected]
| >   graph_25    : 4.2412068151072897e-10 +/- 9.21e-12 [1998 selected]
| >   graph_26    : -2.1327970141625110e-10 +/- 7.99e-13 [1400 selected]
| >   graph_27    : -2.7371153305306310e-11 +/- 1.00e-13 [1451 selected]
| >   graph_28    : -1.1708968301987089e-09 +/- 7.37e-12 [1565 selected]
| >   graph_29    : 6.8140084947287185e-08 +/- 8.77e-11 [63193 selected]
| >   graph_30    : -1.2266622141546458e-09 +/- 7.62e-11 [70356 selected]
| >   graph_31    : 4.1102583064839577e-11 +/- 4.13e-13 [1511 selected]
| >   graph_32    : -5.1568286386376441e-11 +/- 7.16e-12 [1724 selected]
| >   graph_33    : -1.8799092817898026e-09 +/- 1.69e-11 [7524 selected]
| >   graph_34    : 1.0449703076956113e-25 +/- 4.42e-26 [1536 selected]
| >   graph_35    : 2.5383704692759745e-08 +/- 9.39e-11 [98109 selected]
| >   graph_36    : -2.9727343666572301e-09 +/- 1.82e-11 [6544 selected]
| >   graph_37    : 1.6114953793021220e-08 +/- 4.63e-11 [27991 selected]
| >   graph_38    : 3.9880307529405305e-10 +/- 3.45e-12 [1541 selected]
| >   graph_39    : -7.6284193755140132e-09 +/- 2.98e-11 [13530 selected]
| >   graph_40    : -4.9065783152675992e-10 +/- 1.33e-10 [131481 selected]
| >   graph_41    : 1.7330481698097088e-09 +/- 1.35e-11 [6014 selected]
| >   graph_42    : 4.4717226357065932e-09 +/- 7.35e-11 [45186 selected]
| >   graph_43    : 3.1002274748606736e-09 +/- 1.93e-11 [6771 selected]
| >   graph_44    : 4.4517494874263765e-10 +/- 5.98e-12 [2388 selected]
| >   graph_45    : 2.4284050844383794e-10 +/- 8.79e-13 [1482 selected]
| >   graph_46    : -6.1005574464562102e-11 +/- 3.45e-13 [1555 selected]
| >   graph_47    : -6.5215999102851673e-09 +/- 1.17e-10 [149011 selected]
| >   graph_48    : -9.2197073037153721e-11 +/- 2.07e-12 [1521 selected]
| >   graph_49    : -3.4396137455082791e-08 +/- 5.44e-11 [32518 selected]
| >   graph_50    : 8.9915926427578875e-10 +/- 1.20e-11 [3225 selected]
| >   graph_51    : 5.7750353825377649e-09 +/- 1.47e-11 [3184 selected]
| >   graph_52    : 2.2438840671546487e-10 +/- 5.40e-12 [1520 selected]
| >   graph_53    : -8.1087451535202384e-10 +/- 1.14e-11 [4953 selected]
| >   graph_54    : -2.6062647299968933e-09 +/- 9.23e-11 [46501 selected]
| >   graph_55    : 1.1226237401737730e-09 +/- 1.01e-11 [4234 selected]
| >   graph_56    : -4.2011885757903090e-09 +/- 1.09e-11 [2146 selected]
| >   graph_57    : -1.2931494306652344e-08 +/- 3.92e-11 [20627 selected]
| >   graph_58    : 4.5549893201826282e-11 +/- 2.31e-12 [1440 selected]
| >   graph_59    : 4.0762123944289084e-11 +/- 2.27e-12 [1561 selected]
| >   graph_60    : -6.9274217852438684e-11 +/- 2.34e-12 [1574 selected]
| >   graph_61    : 1.2685014372683034e-08 +/- 5.59e-11 [36466 selected]
| >   graph_62    : 5.0452167910856092e-24 +/- 1.16e-23 [1524 selected]
| >   graph_63    : -1.1389888081280567e-09 +/- 8.33e-12 [1967 selected]
| >   graph_64    : 8.3145769015682857e-10 +/- 4.10e-12 [1481 selected]
| >   sum         : 2.9676441487280726e-08
| >   total       : 2.9676441487280686e-08
| >   difference  : 3.9704669402545328e-23
[92mINFO[0m [94msymbolica_integrator l.7237[0m [96mt=2026-09-09,16:09:11.609[0m > Symbolica integration: starting iteration [92m80/100[0m using [94m1000000[0m points ...
[92mINFO[0m [94msymbolica_integrator l.7270[0m [96mt=2026-09-09,16:13:49.498[0m > ... result after this iteration:
| > Integration result after [92m80000000[0m evaluations in [92m1002248.18 CPU-s[0m [94m(12528.1 µs / eval)[0m
| > Extremal weights:
| >   with jacobian    : 6.87291e+04 at xs = [1.1523609142106825e-05 8.0408886661259560e-01 4.9838097880659193e-01 1.8957618633349213e-01 8.5347278385972214e-01 6.8193530704548311e-01] | jacobian = 1.48509e+07
| >     momentum space  : k = [[1.5365375555778040e-03, -4.3457983363555212e-03, 1.8647702504812668e+02]; [4.7634774762067813e+01, -6.2642450015685178e+01, -5.0616133684117784e+01]]
| >   without jacobian : 6.12431e+04 at xs = [1.9893180760387205e-01 9.4960077021338030e-01 3.8092870816224239e-01 1.2514712715410771e-08 8.7933684086808808e-02 5.0016081222090403e-01] | jacobian = 2.23599e+01
| >     momentum space  : k = [[8.7866572274323872e+01, -2.8793455859316030e+01, 3.6297395289454343e+01]; [4.2610751484905640e-06, 2.6271882890532849e-06, -2.5290055668014643e-09]]
| >   before clipping   : 5.00979e+07 at xs = [1.9582099155261540e-01 5.6287678290629772e-01 3.4988846605134888e-01 5.0747659817460897e-06 7.8428228602499783e-01 4.9974373003259892e-01]
| >     momentum space  : k = [[-8.0086232672303836e+01, -3.3395147584803333e+01, 4.4249849563175729e+01]; [4.3387448179743019e-04, -1.9830058113803005e-03, 1.6342773234291566e-06]]
| > Stability pipeline: float pairs accepted = 110030938, HP pairs attempted/accepted = 2760101/2760101
| > Stability triggers: float mismatch = 2584312, float non-finite/error = 1439
| > HP precision escalations: attempted/accepted = 3903/3903
| > Higher-precision rejections: disagreement = 0, non-finite = 0, error = 0
| > Soft-mirror stability: pairs = 35330073, large-side triggers = 173522, HP orbits attempted/salvaged/failed = 2539034/2539034/0
| > Soft-mirror extrema: raw original = -6.08343e+09, post-average = 5.00979e+07
| > Strongest soft-mirror cancellation: residual/raw = 0.00000e+00
| > Unstable rotational-check points rejected = 0
| > Rotational-check high-precision retries = 2585751
| > Rotational-check high-precision salvaged = 2585751
| > Large-weight high-precision retries = 174350
| > Large-weight high-precision salvaged = 174350
| > Large-weight high-precision rejected = 0
| > Large-weight samples zeroed = 287 (3.587e-06 of samples; removed signed/absolute sums = 1.02370e+08/2.76272e+08)
| > Non-finite final outputs zeroed = 0
| > Non-finite float rotated evaluations seen = 60
| > Example higher-precision-retried xs = [1.7265545145750016e-01 3.0987003362503329e-01 3.2061093419506459e-01 2.9773816827716681e-01 4.2264025488893087e-01 5.4552528647525544e-01] | float rel = 1.83306e+00
| >     momentum space  : k = [[-2.5923335064264300e+01, 6.5631404491694042e+01, 4.4592524277177773e+01]; [-1.4841504911254179e+02, 7.8414345192107874e+01, -2.4172211541858793e+01]]
| > Example large-weight higher-precision-retried xs = [6.2315394262952850e-03 8.7335248832704826e-02 4.3698273950411237e-01 1.7075337559625559e-01 2.3328011702598017e-02 8.1591186955703054e-01] | compiled = 1.29744e+03 | higher precision = -1.91195e+00
| >     momentum space  : k = [[2.0981863278860531e+00, 1.2827845393213939e+00, 1.6464272205621262e+02]; [4.4540392286650942e+01, 6.5756311498899862e+00, -6.8970990633645286e+01]]
| > Example NaN/non-finite rotated xs = [9.7362215618168912e-01 2.8761982718842016e-02 7.1239412401005031e-01 7.6351383122687992e-06 8.1517347970654108e-01 4.6873166947969135e-02]
| >     momentum space  : k = [[1.1408782098248355e+04, 2.0845012077396245e+03, -9.1365956262265390e+03]; [1.7841371185143296e-04, -4.1105989017338625e-04, -2.9424209241204335e+04]]
| > [92mCentral value[0m : +2.9666148110081454e-08   +/- 3.05e-10     ([91m1.027%[0m)
[92mINFO[0m [94msymbolica_integrator l.7274[0m [96mt=2026-09-09,16:13:49.499[0m > | > Graph-channel Symbolica observer estimates:
| >   graph_0     : -2.0696418326938852e-08 +/- 6.64e-11 [50623 selected]
| >   graph_1     : 3.3568595395805939e-10 +/- 5.92e-12 [1574 selected]
| >   graph_2     : -1.2799582769383388e-08 +/- 3.14e-11 [13693 selected]
| >   graph_3     : 1.1024309028415768e-10 +/- 1.20e-12 [1426 selected]
| >   graph_4     : -6.4807207475278069e-10 +/- 9.73e-12 [2326 selected]
| >   graph_5     : -3.9604857207655870e-11 +/- 1.37e-12 [1540 selected]
| >   graph_6     : -4.0169234590375003e-11 +/- 1.43e-12 [1513 selected]
| >   graph_7     : 6.4348929526795477e-11 +/- 2.04e-12 [1449 selected]
| >   graph_8     : -9.1010848321668953e-10 +/- 8.20e-12 [3444 selected]
| >   graph_9     : 1.0631473928373378e-09 +/- 8.48e-12 [3890 selected]
| >   graph_10    : -2.7303280947483753e-09 +/- 4.07e-11 [21843 selected]
| >   graph_11    : 1.9497936831226690e-27 +/- 2.22e-28 [1540 selected]
| >   graph_12    : -5.5468033084437368e-10 +/- 5.96e-12 [2489 selected]
| >   graph_13    : -1.1819489770519494e-08 +/- 6.45e-11 [41197 selected]
| >   graph_14    : 1.0953799311489154e-10 +/- 4.01e-13 [1456 selected]
| >   graph_15    : 7.0149989117296007e-24 +/- 6.87e-24 [1458 selected]
| >   graph_16    : 3.8866797380790328e-09 +/- 1.03e-11 [1927 selected]
| >   graph_17    : -3.5646776122340365e-10 +/- 1.29e-12 [1536 selected]
| >   graph_18    : 1.1870104754508842e-08 +/- 3.47e-11 [17599 selected]
| >   graph_19    : 1.0638713650596728e-09 +/- 5.12e-12 [1547 selected]
| >   graph_20    : -7.6861311012340418e-10 +/- 3.54e-12 [1488 selected]
| >   graph_21    : -8.6611978260942391e-10 +/- 8.54e-12 [3714 selected]
| >   graph_22    : -5.2686660100509880e-10 +/- 2.48e-11 [4672 selected]
| >   graph_23    : -2.9276088692585311e-10 +/- 1.05e-11 [1523 selected]
| >   graph_24    : 5.9285425023191465e-10 +/- 1.33e-11 [3883 selected]
| >   graph_25    : 4.2389535012752765e-10 +/- 9.16e-12 [2021 selected]
| >   graph_26    : -2.1318206761506438e-10 +/- 7.93e-13 [1489 selected]
| >   graph_27    : -2.7377184742886488e-11 +/- 9.94e-14 [1496 selected]
| >   graph_28    : -1.1700430691540257e-09 +/- 7.33e-12 [1601 selected]
| >   graph_29    : 6.8150549295511496e-08 +/- 8.69e-11 [63116 selected]
| >   graph_30    : -1.2257250795170515e-09 +/- 7.53e-11 [70623 selected]
| >   graph_31    : 4.0998245495056729e-11 +/- 4.10e-13 [1440 selected]
| >   graph_32    : -5.1730134598683211e-11 +/- 7.12e-12 [1763 selected]
| >   graph_33    : -1.8775531334522504e-09 +/- 1.68e-11 [7562 selected]
| >   graph_34    : 1.0689220503944318e-25 +/- 4.38e-26 [1437 selected]
| >   graph_35    : 2.5379148671139388e-08 +/- 9.29e-11 [97172 selected]
| >   graph_36    : -2.9727825103677239e-09 +/- 1.81e-11 [6460 selected]
| >   graph_37    : 1.6107754572772995e-08 +/- 4.60e-11 [28156 selected]
| >   graph_38    : 3.9852598769965713e-10 +/- 3.42e-12 [1467 selected]
| >   graph_39    : -7.6330868471777193e-09 +/- 2.96e-11 [13502 selected]
| >   graph_40    : -4.8335510314356009e-10 +/- 1.32e-10 [132009 selected]
| >   graph_41    : 1.7332232921004991e-09 +/- 1.34e-11 [6105 selected]
| >   graph_42    : 4.4669070469733095e-09 +/- 7.27e-11 [45552 selected]
| >   graph_43    : 3.1026234337821559e-09 +/- 1.92e-11 [7102 selected]
| >   graph_44    : 4.4403932828815708e-10 +/- 5.95e-12 [2465 selected]
| >   graph_45    : 2.4293816014558463e-10 +/- 8.75e-13 [1524 selected]
| >   graph_46    : -6.1018139062136946e-11 +/- 3.42e-13 [1503 selected]
| >   graph_47    : -6.5236753302497908e-09 +/- 1.16e-10 [148510 selected]
| >   graph_48    : -9.2166913450755387e-11 +/- 2.05e-12 [1448 selected]
| >   graph_49    : -3.4392116322231813e-08 +/- 5.39e-11 [32555 selected]
| >   graph_50    : 8.9773414274509854e-10 +/- 1.20e-11 [3301 selected]
| >   graph_51    : 5.7742286525253528e-09 +/- 1.46e-11 [3183 selected]
| >   graph_52    : 2.2451118826438315e-10 +/- 5.37e-12 [1477 selected]
| >   graph_53    : -8.1223156987366642e-10 +/- 1.14e-11 [4951 selected]
| >   graph_54    : -2.6072350701004920e-09 +/- 9.13e-11 [46533 selected]
| >   graph_55    : 1.1235781985471646e-09 +/- 1.00e-11 [4137 selected]
| >   graph_56    : -4.2034756149785384e-09 +/- 1.08e-11 [2209 selected]
| >   graph_57    : -1.2938726074722526e-08 +/- 3.89e-11 [20769 selected]
| >   graph_58    : 4.5878516706148525e-11 +/- 2.33e-12 [1544 selected]
| >   graph_59    : 4.1130114106414213e-11 +/- 2.26e-12 [1474 selected]
| >   graph_60    : -6.9166616095968076e-11 +/- 2.32e-12 [1462 selected]
| >   graph_61    : 1.2683301069826548e-08 +/- 5.54e-11 [36679 selected]
| >   graph_62    : 4.9465794609896255e-24 +/- 1.15e-23 [1463 selected]
| >   graph_63    : -1.1389679991764125e-09 +/- 8.29e-12 [1927 selected]
| >   graph_64    : 8.3160623952405391e-10 +/- 4.07e-12 [1463 selected]
| >   sum         : 2.9666148110081474e-08
| >   total       : 2.9666148110081454e-08
| >   difference  : 1.9852334701272664e-23
[92mINFO[0m [94msymbolica_integrator l.7237[0m [96mt=2026-09-09,16:13:49.499[0m > Symbolica integration: starting iteration [92m81/100[0m using [94m1000000[0m points ...
[92mINFO[0m [94msymbolica_integrator l.7270[0m [96mt=2026-09-09,16:18:18.145[0m > ... result after this iteration:
| > Integration result after [92m81000000[0m evaluations in [92m1013891.37 CPU-s[0m [94m(12517.2 µs / eval)[0m
| > Extremal weights:
| >   with jacobian    : 6.87291e+04 at xs = [1.1523609142106825e-05 8.0408886661259560e-01 4.9838097880659193e-01 1.8957618633349213e-01 8.5347278385972214e-01 6.8193530704548311e-01] | jacobian = 1.48509e+07
| >     momentum space  : k = [[1.5365375555778040e-03, -4.3457983363555212e-03, 1.8647702504812668e+02]; [4.7634774762067813e+01, -6.2642450015685178e+01, -5.0616133684117784e+01]]
| >   without jacobian : 6.12431e+04 at xs = [1.9893180760387205e-01 9.4960077021338030e-01 3.8092870816224239e-01 1.2514712715410771e-08 8.7933684086808808e-02 5.0016081222090403e-01] | jacobian = 2.23599e+01
| >     momentum space  : k = [[8.7866572274323872e+01, -2.8793455859316030e+01, 3.6297395289454343e+01]; [4.2610751484905640e-06, 2.6271882890532849e-06, -2.5290055668014643e-09]]
| >   before clipping   : 5.00979e+07 at xs = [1.9582099155261540e-01 5.6287678290629772e-01 3.4988846605134888e-01 5.0747659817460897e-06 7.8428228602499783e-01 4.9974373003259892e-01]
| >     momentum space  : k = [[-8.0086232672303836e+01, -3.3395147584803333e+01, 4.4249849563175729e+01]; [4.3387448179743019e-04, -1.9830058113803005e-03, 1.6342773234291566e-06]]
| > Stability pipeline: float pairs accepted = 111382028, HP pairs attempted/accepted = 2797161/2797161
| > Stability triggers: float mismatch = 2618923, float non-finite/error = 1462
| > HP precision escalations: attempted/accepted = 3980/3980
| > Higher-precision rejections: disagreement = 0, non-finite = 0, error = 0
| > Soft-mirror stability: pairs = 35752684, large-side triggers = 175928, HP orbits attempted/salvaged/failed = 2573495/2573495/0
| > Soft-mirror extrema: raw original = -6.08343e+09, post-average = 5.00979e+07
| > Strongest soft-mirror cancellation: residual/raw = 0.00000e+00
| > Unstable rotational-check points rejected = 0
| > Rotational-check high-precision retries = 2620385
| > Rotational-check high-precision salvaged = 2620385
| > Large-weight high-precision retries = 176776
| > Large-weight high-precision salvaged = 176776
| > Large-weight high-precision rejected = 0
| > Large-weight samples zeroed = 297 (3.667e-06 of samples; removed signed/absolute sums = 1.03343e+08/2.77555e+08)
| > Non-finite final outputs zeroed = 0
| > Non-finite float rotated evaluations seen = 62
| > Example higher-precision-retried xs = [1.7265545145750016e-01 3.0987003362503329e-01 3.2061093419506459e-01 2.9773816827716681e-01 4.2264025488893087e-01 5.4552528647525544e-01] | float rel = 1.83306e+00
| >     momentum space  : k = [[-2.5923335064264300e+01, 6.5631404491694042e+01, 4.4592524277177773e+01]; [-1.4841504911254179e+02, 7.8414345192107874e+01, -2.4172211541858793e+01]]
| > Example large-weight higher-precision-retried xs = [6.2315394262952850e-03 8.7335248832704826e-02 4.3698273950411237e-01 1.7075337559625559e-01 2.3328011702598017e-02 8.1591186955703054e-01] | compiled = 1.29744e+03 | higher precision = -1.91195e+00
| >     momentum space  : k = [[2.0981863278860531e+00, 1.2827845393213939e+00, 1.6464272205621262e+02]; [4.4540392286650942e+01, 6.5756311498899862e+00, -6.8970990633645286e+01]]
| > Example NaN/non-finite rotated xs = [9.7362215618168912e-01 2.8761982718842016e-02 7.1239412401005031e-01 7.6351383122687992e-06 8.1517347970654108e-01 4.6873166947969135e-02]
| >     momentum space  : k = [[1.1408782098248355e+04, 2.0845012077396245e+03, -9.1365956262265390e+03]; [1.7841371185143296e-04, -4.1105989017338625e-04, -2.9424209241204335e+04]]
| > [92mCentral value[0m : +2.9631279624602703e-08   +/- 3.02e-10     ([91m1.020%[0m)
[92mINFO[0m [94msymbolica_integrator l.7274[0m [96mt=2026-09-09,16:18:18.146[0m > | > Graph-channel Symbolica observer estimates:
| >   graph_0     : -2.0694396890190464e-08 +/- 6.59e-11 [50957 selected]
| >   graph_1     : 3.3540136724407129e-10 +/- 5.88e-12 [1518 selected]
| >   graph_2     : -1.2795385943208653e-08 +/- 3.12e-11 [13864 selected]
| >   graph_3     : 1.1009935240925837e-10 +/- 1.19e-12 [1455 selected]
| >   graph_4     : -6.4645018097408298e-10 +/- 9.68e-12 [2238 selected]
| >   graph_5     : -3.9285269876603365e-11 +/- 1.36e-12 [1536 selected]
| >   graph_6     : -4.0142531448382767e-11 +/- 1.42e-12 [1414 selected]
| >   graph_7     : 6.4289646713663794e-11 +/- 2.03e-12 [1425 selected]
| >   graph_8     : -9.0916216325064661e-10 +/- 8.16e-12 [3457 selected]
| >   graph_9     : 1.0612708972091508e-09 +/- 8.42e-12 [3829 selected]
| >   graph_10    : -2.7303846608933306e-09 +/- 4.03e-11 [21938 selected]
| >   graph_11    : 2.0022108208746708e-27 +/- 2.21e-28 [1389 selected]
| >   graph_12    : -5.5481394142441602e-10 +/- 5.93e-12 [2403 selected]
| >   graph_13    : -1.1819868945991357e-08 +/- 6.39e-11 [42749 selected]
| >   graph_14    : 1.0951037667407879e-10 +/- 3.98e-13 [1471 selected]
| >   graph_15    : 6.9544538566346734e-24 +/- 6.79e-24 [1427 selected]
| >   graph_16    : 3.8861197632698036e-09 +/- 1.03e-11 [1953 selected]
| >   graph_17    : -3.5662574006025906e-10 +/- 1.29e-12 [1491 selected]
| >   graph_18    : 1.1864706240610572e-08 +/- 3.45e-11 [17437 selected]
| >   graph_19    : 1.0634656074322243e-09 +/- 5.09e-12 [1494 selected]
| >   graph_20    : -7.6936815814170512e-10 +/- 3.51e-12 [1485 selected]
| >   graph_21    : -8.6539155522706681e-10 +/- 8.50e-12 [3802 selected]
| >   graph_22    : -5.2758633556669259e-10 +/- 2.45e-11 [4655 selected]
| >   graph_23    : -2.9201763349349411e-10 +/- 1.04e-11 [1627 selected]
| >   graph_24    : 5.9088946099655110e-10 +/- 1.32e-11 [3802 selected]
| >   graph_25    : 4.2355785673129951e-10 +/- 9.11e-12 [2056 selected]
| >   graph_26    : -2.1318350423584518e-10 +/- 7.87e-13 [1483 selected]
| >   graph_27    : -2.7379125435696235e-11 +/- 9.87e-14 [1412 selected]
| >   graph_28    : -1.1710450895148613e-09 +/- 7.30e-12 [1591 selected]
| >   graph_29    : 6.8143466287546589e-08 +/- 8.62e-11 [63043 selected]
| >   graph_30    : -1.2152377902807855e-09 +/- 7.50e-11 [69933 selected]
| >   graph_31    : 4.1017141323748819e-11 +/- 4.07e-13 [1409 selected]
| >   graph_32    : -5.0958730706104242e-11 +/- 7.07e-12 [1726 selected]
| >   graph_33    : -1.8777399255950735e-09 +/- 1.67e-11 [7355 selected]
| >   graph_34    : 1.1001321732081324e-25 +/- 4.35e-26 [1468 selected]
| >   graph_35    : 2.5365707257974286e-08 +/- 9.20e-11 [97841 selected]
| >   graph_36    : -2.9734332784704681e-09 +/- 1.80e-11 [6530 selected]
| >   graph_37    : 1.6108754361378103e-08 +/- 4.57e-11 [28365 selected]
| >   graph_38    : 3.9845782720324878e-10 +/- 3.40e-12 [1445 selected]
| >   graph_39    : -7.6365973579898606e-09 +/- 2.94e-11 [13724 selected]
| >   graph_40    : -4.8348729872448348e-10 +/- 1.31e-10 [131700 selected]
| >   graph_41    : 1.7330753904530734e-09 +/- 1.33e-11 [6088 selected]
| >   graph_42    : 4.4612996942710585e-09 +/- 7.20e-11 [45613 selected]
| >   graph_43    : 3.0974076429613444e-09 +/- 1.90e-11 [6998 selected]
| >   graph_44    : 4.4407497954207793e-10 +/- 5.92e-12 [2464 selected]
| >   graph_45    : 2.4302508348539731e-10 +/- 8.69e-13 [1496 selected]
| >   graph_46    : -6.1048241418803649e-11 +/- 3.41e-13 [1461 selected]
| >   graph_47    : -6.5255891869554988e-09 +/- 1.15e-10 [147967 selected]
| >   graph_48    : -9.2233269353488585e-11 +/- 2.04e-12 [1438 selected]
| >   graph_49    : -3.4396076998777567e-08 +/- 5.35e-11 [32589 selected]
| >   graph_50    : 8.9765122620473860e-10 +/- 1.19e-11 [3277 selected]
| >   graph_51    : 5.7736541904804886e-09 +/- 1.45e-11 [3213 selected]
| >   graph_52    : 2.2529509405028913e-10 +/- 5.33e-12 [1559 selected]
| >   graph_53    : -8.1122085804100927e-10 +/- 1.13e-11 [4896 selected]
| >   graph_54    : -2.6037648157245773e-09 +/- 9.03e-11 [46156 selected]
| >   graph_55    : 1.1242810000503502e-09 +/- 9.97e-12 [4203 selected]
| >   graph_56    : -4.2040796872711666e-09 +/- 1.08e-11 [2162 selected]
| >   graph_57    : -1.2940399261825297e-08 +/- 3.86e-11 [20621 selected]
| >   graph_58    : 4.6054031954547330e-11 +/- 2.31e-12 [1543 selected]
| >   graph_59    : 4.1172166543829062e-11 +/- 2.24e-12 [1462 selected]
| >   graph_60    : -6.9286547673862755e-11 +/- 2.31e-12 [1431 selected]
| >   graph_61    : 1.2678564233432379e-08 +/- 5.49e-11 [36614 selected]
| >   graph_62    : 4.8919679009538048e-24 +/- 1.13e-23 [1484 selected]
| >   graph_63    : -1.1393968269676623e-09 +/- 8.24e-12 [1846 selected]
| >   graph_64    : 8.3204919116574083e-10 +/- 4.04e-12 [1522 selected]
| >   sum         : 2.9631279624602713e-08
| >   total       : 2.9631279624602703e-08
| >   difference  : 9.9261673506363321e-24
[92mINFO[0m [94msymbolica_integrator l.7237[0m [96mt=2026-09-09,16:18:18.146[0m > Symbolica integration: starting iteration [92m82/100[0m using [94m1000000[0m points ...
[92mINFO[0m [94msymbolica_integrator l.7270[0m [96mt=2026-09-09,16:24:09.700[0m > ... result after this iteration:
| > Integration result after [92m82000000[0m evaluations in [92m1029770.06 CPU-s[0m [94m(12558.2 µs / eval)[0m
| > Extremal weights:
| >   with jacobian    : 6.87291e+04 at xs = [1.1523609142106825e-05 8.0408886661259560e-01 4.9838097880659193e-01 1.8957618633349213e-01 8.5347278385972214e-01 6.8193530704548311e-01] | jacobian = 1.48509e+07
| >     momentum space  : k = [[1.5365375555778040e-03, -4.3457983363555212e-03, 1.8647702504812668e+02]; [4.7634774762067813e+01, -6.2642450015685178e+01, -5.0616133684117784e+01]]
| >   without jacobian : 6.12431e+04 at xs = [1.9893180760387205e-01 9.4960077021338030e-01 3.8092870816224239e-01 1.2514712715410771e-08 8.7933684086808808e-02 5.0016081222090403e-01] | jacobian = 2.23599e+01
| >     momentum space  : k = [[8.7866572274323872e+01, -2.8793455859316030e+01, 3.6297395289454343e+01]; [4.2610751484905640e-06, 2.6271882890532849e-06, -2.5290055668014643e-09]]
| >   before clipping   : 5.00979e+07 at xs = [1.9582099155261540e-01 5.6287678290629772e-01 3.4988846605134888e-01 5.0747659817460897e-06 7.8428228602499783e-01 4.9974373003259892e-01]
| >     momentum space  : k = [[-8.0086232672303836e+01, -3.3395147584803333e+01, 4.4249849563175729e+01]; [4.3387448179743019e-04, -1.9830058113803005e-03, 1.6342773234291566e-06]]
| > Stability pipeline: float pairs accepted = 112730748, HP pairs attempted/accepted = 2835881/2835881
| > Stability triggers: float mismatch = 2654914, float non-finite/error = 1487
| > HP precision escalations: attempted/accepted = 4046/4046
| > Higher-precision rejections: disagreement = 0, non-finite = 0, error = 0
| > Soft-mirror stability: pairs = 36176127, large-side triggers = 178610, HP orbits attempted/salvaged/failed = 2609498/2609498/0
| > Soft-mirror extrema: raw original = -6.08343e+09, post-average = 5.00979e+07
| > Strongest soft-mirror cancellation: residual/raw = 0.00000e+00
| > Unstable rotational-check points rejected = 0
| > Rotational-check high-precision retries = 2656401
| > Rotational-check high-precision salvaged = 2656401
| > Large-weight high-precision retries = 179480
| > Large-weight high-precision salvaged = 179480
| > Large-weight high-precision rejected = 0
| > Large-weight samples zeroed = 302 (3.683e-06 of samples; removed signed/absolute sums = 1.01273e+08/2.79972e+08)
| > Non-finite final outputs zeroed = 0
| > Non-finite float rotated evaluations seen = 64
| > Example higher-precision-retried xs = [1.7265545145750016e-01 3.0987003362503329e-01 3.2061093419506459e-01 2.9773816827716681e-01 4.2264025488893087e-01 5.4552528647525544e-01] | float rel = 1.83306e+00
| >     momentum space  : k = [[-2.5923335064264300e+01, 6.5631404491694042e+01, 4.4592524277177773e+01]; [-1.4841504911254179e+02, 7.8414345192107874e+01, -2.4172211541858793e+01]]
| > Example large-weight higher-precision-retried xs = [6.2315394262952850e-03 8.7335248832704826e-02 4.3698273950411237e-01 1.7075337559625559e-01 2.3328011702598017e-02 8.1591186955703054e-01] | compiled = 1.29744e+03 | higher precision = -1.91195e+00
| >     momentum space  : k = [[2.0981863278860531e+00, 1.2827845393213939e+00, 1.6464272205621262e+02]; [4.4540392286650942e+01, 6.5756311498899862e+00, -6.8970990633645286e+01]]
| > Example NaN/non-finite rotated xs = [9.7362215618168912e-01 2.8761982718842016e-02 7.1239412401005031e-01 7.6351383122687992e-06 8.1517347970654108e-01 4.6873166947969135e-02]
| >     momentum space  : k = [[1.1408782098248355e+04, 2.0845012077396245e+03, -9.1365956262265390e+03]; [1.7841371185143296e-04, -4.1105989017338625e-04, -2.9424209241204335e+04]]
| > [92mCentral value[0m : +2.9706767732524973e-08   +/- 3.00e-10     ([91m1.009%[0m)
[92mINFO[0m [94msymbolica_integrator l.7274[0m [96mt=2026-09-09,16:24:09.700[0m > | > Graph-channel Symbolica observer estimates:
| >   graph_0     : -2.0694233395957517e-08 +/- 6.54e-11 [51080 selected]
| >   graph_1     : 3.3514807274349129e-10 +/- 5.84e-12 [1562 selected]
| >   graph_2     : -1.2792192364314019e-08 +/- 3.10e-11 [13674 selected]
| >   graph_3     : 1.0987217112892048e-10 +/- 1.19e-12 [1458 selected]
| >   graph_4     : -6.4683160410864655e-10 +/- 9.62e-12 [2190 selected]
| >   graph_5     : -3.9235140450101804e-11 +/- 1.35e-12 [1480 selected]
| >   graph_6     : -4.0095074703083108e-11 +/- 1.41e-12 [1459 selected]
| >   graph_7     : 6.3997553447769708e-11 +/- 2.01e-12 [1467 selected]
| >   graph_8     : -9.0936918968658824e-10 +/- 8.11e-12 [3500 selected]
| >   graph_9     : 1.0607924641130706e-09 +/- 8.38e-12 [3924 selected]
| >   graph_10    : -2.7275479032673488e-09 +/- 4.00e-11 [22007 selected]
| >   graph_11    : 1.9723550785924695e-27 +/- 2.19e-28 [1486 selected]
| >   graph_12    : -5.5443320166133860e-10 +/- 5.89e-12 [2504 selected]
| >   graph_13    : -1.1812737329416247e-08 +/- 6.33e-11 [42942 selected]
| >   graph_14    : 1.0953504464051414e-10 +/- 3.96e-13 [1476 selected]
| >   graph_15    : 6.8813455880081431e-24 +/- 6.70e-24 [1433 selected]
| >   graph_16    : 3.8870894850644350e-09 +/- 1.02e-11 [1939 selected]
| >   graph_17    : -3.5664039135012683e-10 +/- 1.28e-12 [1483 selected]
| >   graph_18    : 1.1867421795150650e-08 +/- 3.42e-11 [17586 selected]
| >   graph_19    : 1.0629759191607943e-09 +/- 5.06e-12 [1421 selected]
| >   graph_20    : -7.6927561198363468e-10 +/- 3.49e-12 [1488 selected]
| >   graph_21    : -8.6568396539545792e-10 +/- 8.45e-12 [3816 selected]
| >   graph_22    : -5.2794390224396672e-10 +/- 2.42e-11 [4706 selected]
| >   graph_23    : -2.9194218395276126e-10 +/- 1.03e-11 [1529 selected]
| >   graph_24    : 5.9120751067267107e-10 +/- 1.31e-11 [3906 selected]
| >   graph_25    : 4.2490761753226808e-10 +/- 9.06e-12 [2077 selected]
| >   graph_26    : -2.1315939470618163e-10 +/- 7.82e-13 [1451 selected]
| >   graph_27    : -2.7390126833903446e-11 +/- 9.82e-14 [1470 selected]
| >   graph_28    : -1.1697435922928431e-09 +/- 7.26e-12 [1537 selected]
| >   graph_29    : 6.8139295785463006e-08 +/- 8.54e-11 [63002 selected]
| >   graph_30    : -1.2142966660633036e-09 +/- 7.49e-11 [70616 selected]
| >   graph_31    : 4.1019332349664903e-11 +/- 4.04e-13 [1465 selected]
| >   graph_32    : -5.0546315392294097e-11 +/- 7.03e-12 [1671 selected]
| >   graph_33    : -1.8756110019276851e-09 +/- 1.66e-11 [7514 selected]
| >   graph_34    : 1.1298678566841844e-25 +/- 4.32e-26 [1432 selected]
| >   graph_35    : 2.5368704031182852e-08 +/- 9.11e-11 [97715 selected]
| >   graph_36    : -2.9717186004925738e-09 +/- 1.79e-11 [6573 selected]
| >   graph_37    : 1.6120089460800958e-08 +/- 4.54e-11 [28394 selected]
| >   graph_38    : 3.9850969746922283e-10 +/- 3.38e-12 [1441 selected]
| >   graph_39    : -7.6419712729997882e-09 +/- 2.93e-11 [13700 selected]
| >   graph_40    : -4.7117342544157082e-10 +/- 1.29e-10 [132481 selected]
| >   graph_41    : 1.7315457296863886e-09 +/- 1.32e-11 [6075 selected]
| >   graph_42    : 4.4667367973766439e-09 +/- 7.13e-11 [45286 selected]
| >   graph_43    : 3.1029189086758540e-09 +/- 1.89e-11 [7033 selected]
| >   graph_44    : 4.4412183627025036e-10 +/- 5.89e-12 [2514 selected]
| >   graph_45    : 2.4294167582073347e-10 +/- 8.63e-13 [1469 selected]
| >   graph_46    : -6.1022496132344406e-11 +/- 3.39e-13 [1507 selected]
| >   graph_47    : -6.5168182239785917e-09 +/- 1.14e-10 [146381 selected]
| >   graph_48    : -9.1573286181393222e-11 +/- 2.04e-12 [1464 selected]
| >   graph_49    : -3.4394672294035126e-08 +/- 5.31e-11 [32249 selected]
| >   graph_50    : 8.9797613433674010e-10 +/- 1.18e-11 [3253 selected]
| >   graph_51    : 5.7727743634207505e-09 +/- 1.44e-11 [3203 selected]
| >   graph_52    : 2.2408322506074888e-10 +/- 5.30e-12 [1468 selected]
| >   graph_53    : -8.1072116949808222e-10 +/- 1.12e-11 [4820 selected]
| >   graph_54    : -2.6042637629625747e-09 +/- 8.93e-11 [45840 selected]
| >   graph_55    : 1.1230859871897713e-09 +/- 9.91e-12 [4116 selected]
| >   graph_56    : -4.2053077887527995e-09 +/- 1.07e-11 [2223 selected]
| >   graph_57    : -1.2936640777416819e-08 +/- 3.83e-11 [20688 selected]
| >   graph_58    : 4.6200924369416273e-11 +/- 2.30e-12 [1459 selected]
| >   graph_59    : 4.1262877540198941e-11 +/- 2.23e-12 [1443 selected]
| >   graph_60    : -6.8821530608555218e-11 +/- 2.29e-12 [1437 selected]
| >   graph_61    : 1.2693264606797777e-08 +/- 5.55e-11 [37172 selected]
| >   graph_62    : 4.7407331811132757e-24 +/- 1.12e-23 [1411 selected]
| >   graph_63    : -1.1395674789218943e-09 +/- 8.20e-12 [1964 selected]
| >   graph_64    : 8.3246918818858482e-10 +/- 4.02e-12 [1470 selected]
| >   sum         : 2.9706767732524996e-08
| >   total       : 2.9706767732524973e-08
| >   difference  : 2.3161057151484775e-23
[92mINFO[0m [94msymbolica_integrator l.7237[0m [96mt=2026-09-09,16:24:09.700[0m > Symbolica integration: starting iteration [92m83/100[0m using [94m1000000[0m points ...
[92mINFO[0m [94msymbolica_integrator l.7270[0m [96mt=2026-09-09,16:28:49.189[0m > ... result after this iteration:
| > Integration result after [92m83000000[0m evaluations in [92m1042633.70 CPU-s[0m [94m(12561.9 µs / eval)[0m
| > Extremal weights:
| >   with jacobian    : 6.87291e+04 at xs = [1.1523609142106825e-05 8.0408886661259560e-01 4.9838097880659193e-01 1.8957618633349213e-01 8.5347278385972214e-01 6.8193530704548311e-01] | jacobian = 1.48509e+07
| >     momentum space  : k = [[1.5365375555778040e-03, -4.3457983363555212e-03, 1.8647702504812668e+02]; [4.7634774762067813e+01, -6.2642450015685178e+01, -5.0616133684117784e+01]]
| >   without jacobian : 6.12431e+04 at xs = [1.9893180760387205e-01 9.4960077021338030e-01 3.8092870816224239e-01 1.2514712715410771e-08 8.7933684086808808e-02 5.0016081222090403e-01] | jacobian = 2.23599e+01
| >     momentum space  : k = [[8.7866572274323872e+01, -2.8793455859316030e+01, 3.6297395289454343e+01]; [4.2610751484905640e-06, 2.6271882890532849e-06, -2.5290055668014643e-09]]
| >   before clipping   : 5.00979e+07 at xs = [1.9582099155261540e-01 5.6287678290629772e-01 3.4988846605134888e-01 5.0747659817460897e-06 7.8428228602499783e-01 4.9974373003259892e-01]
| >     momentum space  : k = [[-8.0086232672303836e+01, -3.3395147584803333e+01, 4.4249849563175729e+01]; [4.3387448179743019e-04, -1.9830058113803005e-03, 1.6342773234291566e-06]]
| > Stability pipeline: float pairs accepted = 114077820, HP pairs attempted/accepted = 2874912/2874912
| > Stability triggers: float mismatch = 2691220, float non-finite/error = 1512
| > HP precision escalations: attempted/accepted = 4095/4095
| > Higher-precision rejections: disagreement = 0, non-finite = 0, error = 0
| > Soft-mirror stability: pairs = 36598542, large-side triggers = 181294, HP orbits attempted/salvaged/failed = 2645810/2645810/0
| > Soft-mirror extrema: raw original = -6.08343e+09, post-average = 5.00979e+07
| > Strongest soft-mirror cancellation: residual/raw = 0.00000e+00
| > Unstable rotational-check points rejected = 0
| > Rotational-check high-precision retries = 2692732
| > Rotational-check high-precision salvaged = 2692732
| > Large-weight high-precision retries = 182180
| > Large-weight high-precision salvaged = 182180
| > Large-weight high-precision rejected = 0
| > Large-weight samples zeroed = 309 (3.723e-06 of samples; removed signed/absolute sums = 1.03366e+08/2.83381e+08)
| > Non-finite final outputs zeroed = 0
| > Non-finite float rotated evaluations seen = 65
| > Example higher-precision-retried xs = [1.7265545145750016e-01 3.0987003362503329e-01 3.2061093419506459e-01 2.9773816827716681e-01 4.2264025488893087e-01 5.4552528647525544e-01] | float rel = 1.83306e+00
| >     momentum space  : k = [[-2.5923335064264300e+01, 6.5631404491694042e+01, 4.4592524277177773e+01]; [-1.4841504911254179e+02, 7.8414345192107874e+01, -2.4172211541858793e+01]]
| > Example large-weight higher-precision-retried xs = [6.2315394262952850e-03 8.7335248832704826e-02 4.3698273950411237e-01 1.7075337559625559e-01 2.3328011702598017e-02 8.1591186955703054e-01] | compiled = 1.29744e+03 | higher precision = -1.91195e+00
| >     momentum space  : k = [[2.0981863278860531e+00, 1.2827845393213939e+00, 1.6464272205621262e+02]; [4.4540392286650942e+01, 6.5756311498899862e+00, -6.8970990633645286e+01]]
| > Example NaN/non-finite rotated xs = [9.7362215618168912e-01 2.8761982718842016e-02 7.1239412401005031e-01 7.6351383122687992e-06 8.1517347970654108e-01 4.6873166947969135e-02]
| >     momentum space  : k = [[1.1408782098248355e+04, 2.0845012077396245e+03, -9.1365956262265390e+03]; [1.7841371185143296e-04, -4.1105989017338625e-04, -2.9424209241204335e+04]]
| > [92mCentral value[0m : +2.9705215759231020e-08   +/- 2.97e-10     ([91m1.000%[0m)
[92mINFO[0m [94msymbolica_integrator l.7274[0m [96mt=2026-09-09,16:28:49.190[0m > | > Graph-channel Symbolica observer estimates:
| >   graph_0     : -2.0694711409301992e-08 +/- 6.49e-11 [51079 selected]
| >   graph_1     : 3.3481621122667179e-10 +/- 5.81e-12 [1566 selected]
| >   graph_2     : -1.2794613652750182e-08 +/- 3.08e-11 [13693 selected]
| >   graph_3     : 1.1002595003802359e-10 +/- 1.18e-12 [1520 selected]
| >   graph_4     : -6.4635735704954194e-10 +/- 9.56e-12 [2304 selected]
| >   graph_5     : -3.9054465284793550e-11 +/- 1.34e-12 [1497 selected]
| >   graph_6     : -4.0335841919731612e-11 +/- 1.40e-12 [1483 selected]
| >   graph_7     : 6.3986904077221058e-11 +/- 2.00e-12 [1480 selected]
| >   graph_8     : -9.1012657795021636e-10 +/- 8.07e-12 [3490 selected]
| >   graph_9     : 1.0604805043045952e-09 +/- 8.33e-12 [3898 selected]
| >   graph_10    : -2.7347852978663703e-09 +/- 3.96e-11 [22195 selected]
| >   graph_11    : 1.9723950384389788e-27 +/- 2.17e-28 [1544 selected]
| >   graph_12    : -5.5339743454318498e-10 +/- 5.86e-12 [2366 selected]
| >   graph_13    : -1.1802098635787728e-08 +/- 6.26e-11 [42576 selected]
| >   graph_14    : 1.0952884646532066e-10 +/- 3.93e-13 [1468 selected]
| >   graph_15    : 6.7849795239803034e-24 +/- 6.62e-24 [1487 selected]
| >   graph_16    : 3.8872529394215005e-09 +/- 1.02e-11 [1893 selected]
| >   graph_17    : -3.5671561805227676e-10 +/- 1.27e-12 [1461 selected]
| >   graph_18    : 1.1868116767085516e-08 +/- 3.39e-11 [17441 selected]
| >   graph_19    : 1.0624401138566878e-09 +/- 5.03e-12 [1435 selected]
| >   graph_20    : -7.6860316561879722e-10 +/- 3.47e-12 [1395 selected]
| >   graph_21    : -8.6538919431463576e-10 +/- 8.39e-12 [3697 selected]
| >   graph_22    : -5.2826736147174456e-10 +/- 2.39e-11 [4467 selected]
| >   graph_23    : -2.9346729275478435e-10 +/- 1.02e-11 [1570 selected]
| >   graph_24    : 5.9327471573613416e-10 +/- 1.31e-11 [3802 selected]
| >   graph_25    : 4.2410851427663226e-10 +/- 9.01e-12 [1971 selected]
| >   graph_26    : -2.1314615617502776e-10 +/- 7.76e-13 [1476 selected]
| >   graph_27    : -2.7384010402129882e-11 +/- 9.75e-14 [1463 selected]
| >   graph_28    : -1.1715420138888729e-09 +/- 7.24e-12 [1637 selected]
| >   graph_29    : 6.8148222848340336e-08 +/- 8.47e-11 [62790 selected]
| >   graph_30    : -1.2179047321580928e-09 +/- 7.41e-11 [71065 selected]
| >   graph_31    : 4.1100658888367632e-11 +/- 4.02e-13 [1574 selected]
| >   graph_32    : -5.0649800702419121e-11 +/- 6.98e-12 [1693 selected]
| >   graph_33    : -1.8767842100841294e-09 +/- 1.65e-11 [7476 selected]
| >   graph_34    : 1.1323394782053545e-25 +/- 4.27e-26 [1453 selected]
| >   graph_35    : 2.5352657213557681e-08 +/- 9.03e-11 [97130 selected]
| >   graph_36    : -2.9756953027246346e-09 +/- 1.78e-11 [6688 selected]
| >   graph_37    : 1.6122288940739742e-08 +/- 4.50e-11 [28233 selected]
| >   graph_38    : 3.9918669425324653e-10 +/- 3.36e-12 [1488 selected]
| >   graph_39    : -7.6432747208209773e-09 +/- 2.91e-11 [13690 selected]
| >   graph_40    : -4.7196914754091499e-10 +/- 1.28e-10 [131717 selected]
| >   graph_41    : 1.7313930526506778e-09 +/- 1.31e-11 [6036 selected]
| >   graph_42    : 4.4688834528862940e-09 +/- 7.06e-11 [45161 selected]
| >   graph_43    : 3.1027193815713267e-09 +/- 1.88e-11 [7106 selected]
| >   graph_44    : 4.4542131710990718e-10 +/- 5.86e-12 [2450 selected]
| >   graph_45    : 2.4286500179693957e-10 +/- 8.57e-13 [1438 selected]
| >   graph_46    : -6.1032441877293982e-11 +/- 3.37e-13 [1491 selected]
| >   graph_47    : -6.5151425896359620e-09 +/- 1.13e-10 [147141 selected]
| >   graph_48    : -9.1150286034936490e-11 +/- 2.02e-12 [1450 selected]
| >   graph_49    : -3.4397203891072363e-08 +/- 5.26e-11 [32757 selected]
| >   graph_50    : 8.9729303151419347e-10 +/- 1.18e-11 [3185 selected]
| >   graph_51    : 5.7716925069952323e-09 +/- 1.44e-11 [3151 selected]
| >   graph_52    : 2.2455837554221844e-10 +/- 5.26e-12 [1492 selected]
| >   graph_53    : -8.0974234244015170e-10 +/- 1.11e-11 [4806 selected]
| >   graph_54    : -2.6023116981642488e-09 +/- 8.84e-11 [45734 selected]
| >   graph_55    : 1.1245531307372182e-09 +/- 9.85e-12 [4223 selected]
| >   graph_56    : -4.2053500633575452e-09 +/- 1.07e-11 [2209 selected]
| >   graph_57    : -1.2940192470977568e-08 +/- 3.80e-11 [20635 selected]
| >   graph_58    : 4.5816271111631154e-11 +/- 2.29e-12 [1513 selected]
| >   graph_59    : 4.1179275675067606e-11 +/- 2.21e-12 [1407 selected]
| >   graph_60    : -6.9024600453097955e-11 +/- 2.28e-12 [1439 selected]
| >   graph_61    : 1.2704216893649411e-08 +/- 5.56e-11 [37902 selected]
| >   graph_62    : 4.6663899735200082e-24 +/- 1.10e-23 [1486 selected]
| >   graph_63    : -1.1375346499381299e-09 +/- 8.16e-12 [1998 selected]
| >   graph_64    : 8.3209467883773600e-10 +/- 3.99e-12 [1439 selected]
| >   sum         : 2.9705215759231066e-08
| >   total       : 2.9705215759231020e-08
| >   difference  : 4.6322114302969550e-23
[92mINFO[0m [94msymbolica_integrator l.7237[0m [96mt=2026-09-09,16:28:49.190[0m > Symbolica integration: starting iteration [92m84/100[0m using [94m1000000[0m points ...
[92mINFO[0m [94msymbolica_integrator l.7270[0m [96mt=2026-09-09,16:34:01.101[0m > ... result after this iteration:
| > Integration result after [92m84000000[0m evaluations in [92m1054254.68 CPU-s[0m [94m(12550.7 µs / eval)[0m
| > Extremal weights:
| >   with jacobian    : 6.87291e+04 at xs = [1.1523609142106825e-05 8.0408886661259560e-01 4.9838097880659193e-01 1.8957618633349213e-01 8.5347278385972214e-01 6.8193530704548311e-01] | jacobian = 1.48509e+07
| >     momentum space  : k = [[1.5365375555778040e-03, -4.3457983363555212e-03, 1.8647702504812668e+02]; [4.7634774762067813e+01, -6.2642450015685178e+01, -5.0616133684117784e+01]]
| >   without jacobian : 6.12431e+04 at xs = [1.9893180760387205e-01 9.4960077021338030e-01 3.8092870816224239e-01 1.2514712715410771e-08 8.7933684086808808e-02 5.0016081222090403e-01] | jacobian = 2.23599e+01
| >     momentum space  : k = [[8.7866572274323872e+01, -2.8793455859316030e+01, 3.6297395289454343e+01]; [4.2610751484905640e-06, 2.6271882890532849e-06, -2.5290055668014643e-09]]
| >   before clipping   : 5.00979e+07 at xs = [1.9582099155261540e-01 5.6287678290629772e-01 3.4988846605134888e-01 5.0747659817460897e-06 7.8428228602499783e-01 4.9974373003259892e-01]
| >     momentum space  : k = [[-8.0086232672303836e+01, -3.3395147584803333e+01, 4.4249849563175729e+01]; [4.3387448179743019e-04, -1.9830058113803005e-03, 1.6342773234291566e-06]]
| > Stability pipeline: float pairs accepted = 115422878, HP pairs attempted/accepted = 2915552/2915552
| > Stability triggers: float mismatch = 2729133, float non-finite/error = 1537
| > HP precision escalations: attempted/accepted = 4161/4161
| > Higher-precision rejections: disagreement = 0, non-finite = 0, error = 0
| > Soft-mirror stability: pairs = 37022126, large-side triggers = 183980, HP orbits attempted/salvaged/failed = 2683696/2683696/0
| > Soft-mirror extrema: raw original = -6.08343e+09, post-average = 5.00979e+07
| > Strongest soft-mirror cancellation: residual/raw = 0.00000e+00
| > Unstable rotational-check points rejected = 0
| > Rotational-check high-precision retries = 2730670
| > Rotational-check high-precision salvaged = 2730670
| > Large-weight high-precision retries = 184882
| > Large-weight high-precision salvaged = 184882
| > Large-weight high-precision rejected = 0
| > Large-weight samples zeroed = 314 (3.738e-06 of samples; removed signed/absolute sums = 1.05209e+08/2.95748e+08)
| > Non-finite final outputs zeroed = 0
| > Non-finite float rotated evaluations seen = 69
| > Example higher-precision-retried xs = [1.7265545145750016e-01 3.0987003362503329e-01 3.2061093419506459e-01 2.9773816827716681e-01 4.2264025488893087e-01 5.4552528647525544e-01] | float rel = 1.83306e+00
| >     momentum space  : k = [[-2.5923335064264300e+01, 6.5631404491694042e+01, 4.4592524277177773e+01]; [-1.4841504911254179e+02, 7.8414345192107874e+01, -2.4172211541858793e+01]]
| > Example large-weight higher-precision-retried xs = [6.2315394262952850e-03 8.7335248832704826e-02 4.3698273950411237e-01 1.7075337559625559e-01 2.3328011702598017e-02 8.1591186955703054e-01] | compiled = 1.29744e+03 | higher precision = -1.91195e+00
| >     momentum space  : k = [[2.0981863278860531e+00, 1.2827845393213939e+00, 1.6464272205621262e+02]; [4.4540392286650942e+01, 6.5756311498899862e+00, -6.8970990633645286e+01]]
| > Example NaN/non-finite rotated xs = [9.7362215618168912e-01 2.8761982718842016e-02 7.1239412401005031e-01 7.6351383122687992e-06 8.1517347970654108e-01 4.6873166947969135e-02]
| >     momentum space  : k = [[1.1408782098248355e+04, 2.0845012077396245e+03, -9.1365956262265390e+03]; [1.7841371185143296e-04, -4.1105989017338625e-04, -2.9424209241204335e+04]]
| > [92mCentral value[0m : +2.9705993372893304e-08   +/- 2.95e-10     ([92m0.992%[0m)
[92mINFO[0m [94msymbolica_integrator l.7274[0m [96mt=2026-09-09,16:34:01.101[0m > | > Graph-channel Symbolica observer estimates:
| >   graph_0     : -2.0696063150055664e-08 +/- 6.44e-11 [50970 selected]
| >   graph_1     : 3.3448828278745033e-10 +/- 5.76e-12 [1505 selected]
| >   graph_2     : -1.2794422039216749e-08 +/- 3.06e-11 [13760 selected]
| >   graph_3     : 1.1001007943917194e-10 +/- 1.17e-12 [1473 selected]
| >   graph_4     : -6.4783817272304686e-10 +/- 9.51e-12 [2291 selected]
| >   graph_5     : -3.9095481348242884e-11 +/- 1.34e-12 [1435 selected]
| >   graph_6     : -4.0547155830896447e-11 +/- 1.39e-12 [1460 selected]
| >   graph_7     : 6.4145489198388704e-11 +/- 1.99e-12 [1473 selected]
| >   graph_8     : -9.0910652972773332e-10 +/- 8.02e-12 [3443 selected]
| >   graph_9     : 1.0598637219786205e-09 +/- 8.28e-12 [3655 selected]
| >   graph_10    : -2.7320564366690914e-09 +/- 3.93e-11 [21908 selected]
| >   graph_11    : 2.0294231297541115e-27 +/- 2.16e-28 [1476 selected]
| >   graph_12    : -5.5357119502976302e-10 +/- 5.83e-12 [2536 selected]
| >   graph_13    : -1.1796810166702943e-08 +/- 6.20e-11 [42546 selected]
| >   graph_14    : 1.0953042740119947e-10 +/- 3.90e-13 [1469 selected]
| >   graph_15    : 6.7120202562142843e-24 +/- 6.54e-24 [1496 selected]
| >   graph_16    : 3.8876016893268747e-09 +/- 1.01e-11 [1929 selected]
| >   graph_17    : -3.5661391230984966e-10 +/- 1.26e-12 [1424 selected]
| >   graph_18    : 1.1858877927423226e-08 +/- 3.42e-11 [17387 selected]
| >   graph_19    : 1.0631667276429435e-09 +/- 5.00e-12 [1436 selected]
| >   graph_20    : -7.6828299875490281e-10 +/- 3.45e-12 [1438 selected]
| >   graph_21    : -8.6488320064461668e-10 +/- 8.34e-12 [3668 selected]
| >   graph_22    : -5.2883199162002371e-10 +/- 2.37e-11 [4628 selected]
| >   graph_23    : -3.0350966951847252e-10 +/- 1.45e-11 [1533 selected]
| >   graph_24    : 5.9408295768072022e-10 +/- 1.30e-11 [3767 selected]
| >   graph_25    : 4.2335076385092473e-10 +/- 8.96e-12 [1950 selected]
| >   graph_26    : -2.1303166639082072e-10 +/- 7.70e-13 [1403 selected]
| >   graph_27    : -2.7397536865185151e-11 +/- 9.68e-14 [1539 selected]
| >   graph_28    : -1.1724304468703499e-09 +/- 7.21e-12 [1569 selected]
| >   graph_29    : 6.8146745372566816e-08 +/- 8.40e-11 [62904 selected]
| >   graph_30    : -1.2222694857507010e-09 +/- 7.36e-11 [70842 selected]
| >   graph_31    : 4.1045501348255579e-11 +/- 3.99e-13 [1462 selected]
| >   graph_32    : -5.1380034587198309e-11 +/- 6.94e-12 [1761 selected]
| >   graph_33    : -1.8767408902184889e-09 +/- 1.64e-11 [7662 selected]
| >   graph_34    : 1.1489261967051467e-25 +/- 4.23e-26 [1409 selected]
| >   graph_35    : 2.5354057022650754e-08 +/- 8.94e-11 [97231 selected]
| >   graph_36    : -2.9759972549055264e-09 +/- 1.77e-11 [6654 selected]
| >   graph_37    : 1.6123918271632213e-08 +/- 4.47e-11 [28281 selected]
| >   graph_38    : 3.9935700704837780e-10 +/- 3.34e-12 [1491 selected]
| >   graph_39    : -7.6424888198711483e-09 +/- 2.89e-11 [13616 selected]
| >   graph_40    : -4.7019037185725291e-10 +/- 1.27e-10 [131560 selected]
| >   graph_41    : 1.7319299289461627e-09 +/- 1.31e-11 [6082 selected]
| >   graph_42    : 4.4784301943693438e-09 +/- 6.99e-11 [45363 selected]
| >   graph_43    : 3.1042729183448925e-09 +/- 1.87e-11 [7064 selected]
| >   graph_44    : 4.4547372402799450e-10 +/- 5.83e-12 [2369 selected]
| >   graph_45    : 2.4294927253790171e-10 +/- 8.52e-13 [1536 selected]
| >   graph_46    : -6.1040184362418154e-11 +/- 3.35e-13 [1469 selected]
| >   graph_47    : -6.5198055387549708e-09 +/- 1.11e-10 [146840 selected]
| >   graph_48    : -9.1501338167879890e-11 +/- 2.01e-12 [1525 selected]
| >   graph_49    : -3.4391614365781329e-08 +/- 5.22e-11 [32501 selected]
| >   graph_50    : 8.9743436795560223e-10 +/- 1.17e-11 [3171 selected]
| >   graph_51    : 5.7685785250813072e-09 +/- 1.43e-11 [3111 selected]
| >   graph_52    : 2.2542633152760906e-10 +/- 5.23e-12 [1389 selected]
| >   graph_53    : -8.0809950755670608e-10 +/- 1.11e-11 [4750 selected]
| >   graph_54    : -2.5949809151599669e-09 +/- 8.78e-11 [46522 selected]
| >   graph_55    : 1.1242271539912388e-09 +/- 9.80e-12 [4253 selected]
| >   graph_56    : -4.2063647079813807e-09 +/- 1.06e-11 [2170 selected]
| >   graph_57    : -1.2933158558071819e-08 +/- 3.77e-11 [20554 selected]
| >   graph_58    : 4.5913631144446584e-11 +/- 2.27e-12 [1461 selected]
| >   graph_59    : 4.1336172336447316e-11 +/- 2.20e-12 [1459 selected]
| >   graph_60    : -6.8828222315346444e-11 +/- 2.27e-12 [1520 selected]
| >   graph_61    : 1.2693857877457042e-08 +/- 5.52e-11 [38454 selected]
| >   graph_62    : 4.6248747125911294e-24 +/- 1.09e-23 [1452 selected]
| >   graph_63    : -1.1376772988036846e-09 +/- 8.12e-12 [2030 selected]
| >   graph_64    : 8.3255127762155061e-10 +/- 3.96e-12 [1515 selected]
| >   sum         : 2.9705993372893317e-08
| >   total       : 2.9705993372893304e-08
| >   difference  : 1.3234889800848443e-23
[92mINFO[0m [94msymbolica_integrator l.7237[0m [96mt=2026-09-09,16:34:01.102[0m > Symbolica integration: starting iteration [92m85/100[0m using [94m1000000[0m points ...
[92mINFO[0m [94msymbolica_integrator l.7270[0m [96mt=2026-09-09,16:38:48.512[0m > ... result after this iteration:
| > Integration result after [92m85000000[0m evaluations in [92m1064842.99 CPU-s[0m [94m(12527.6 µs / eval)[0m
| > Extremal weights:
| >   with jacobian    : 6.87291e+04 at xs = [1.1523609142106825e-05 8.0408886661259560e-01 4.9838097880659193e-01 1.8957618633349213e-01 8.5347278385972214e-01 6.8193530704548311e-01] | jacobian = 1.48509e+07
| >     momentum space  : k = [[1.5365375555778040e-03, -4.3457983363555212e-03, 1.8647702504812668e+02]; [4.7634774762067813e+01, -6.2642450015685178e+01, -5.0616133684117784e+01]]
| >   without jacobian : 6.12431e+04 at xs = [1.9893180760387205e-01 9.4960077021338030e-01 3.8092870816224239e-01 1.2514712715410771e-08 8.7933684086808808e-02 5.0016081222090403e-01] | jacobian = 2.23599e+01
| >     momentum space  : k = [[8.7866572274323872e+01, -2.8793455859316030e+01, 3.6297395289454343e+01]; [4.2610751484905640e-06, 2.6271882890532849e-06, -2.5290055668014643e-09]]
| >   before clipping   : 5.00979e+07 at xs = [1.9582099155261540e-01 5.6287678290629772e-01 3.4988846605134888e-01 5.0747659817460897e-06 7.8428228602499783e-01 4.9974373003259892e-01]
| >     momentum space  : k = [[-8.0086232672303836e+01, -3.3395147584803333e+01, 4.4249849563175729e+01]; [4.3387448179743019e-04, -1.9830058113803005e-03, 1.6342773234291566e-06]]
| > Stability pipeline: float pairs accepted = 116774935, HP pairs attempted/accepted = 2953274/2953274
| > Stability triggers: float mismatch = 2764566, float non-finite/error = 1560
| > HP precision escalations: attempted/accepted = 4225/4225
| > Higher-precision rejections: disagreement = 0, non-finite = 0, error = 0
| > Soft-mirror stability: pairs = 37446590, large-side triggers = 186230, HP orbits attempted/salvaged/failed = 2718381/2718381/0
| > Soft-mirror extrema: raw original = -6.08343e+09, post-average = 5.00979e+07
| > Strongest soft-mirror cancellation: residual/raw = 0.00000e+00
| > Unstable rotational-check points rejected = 0
| > Rotational-check high-precision retries = 2766126
| > Rotational-check high-precision salvaged = 2766126
| > Large-weight high-precision retries = 187148
| > Large-weight high-precision salvaged = 187148
| > Large-weight high-precision rejected = 0
| > Large-weight samples zeroed = 320 (3.765e-06 of samples; removed signed/absolute sums = 1.05296e+08/2.96776e+08)
| > Non-finite final outputs zeroed = 0
| > Non-finite float rotated evaluations seen = 69
| > Example higher-precision-retried xs = [1.7265545145750016e-01 3.0987003362503329e-01 3.2061093419506459e-01 2.9773816827716681e-01 4.2264025488893087e-01 5.4552528647525544e-01] | float rel = 1.83306e+00
| >     momentum space  : k = [[-2.5923335064264300e+01, 6.5631404491694042e+01, 4.4592524277177773e+01]; [-1.4841504911254179e+02, 7.8414345192107874e+01, -2.4172211541858793e+01]]
| > Example large-weight higher-precision-retried xs = [6.2315394262952850e-03 8.7335248832704826e-02 4.3698273950411237e-01 1.7075337559625559e-01 2.3328011702598017e-02 8.1591186955703054e-01] | compiled = 1.29744e+03 | higher precision = -1.91195e+00
| >     momentum space  : k = [[2.0981863278860531e+00, 1.2827845393213939e+00, 1.6464272205621262e+02]; [4.4540392286650942e+01, 6.5756311498899862e+00, -6.8970990633645286e+01]]
| > Example NaN/non-finite rotated xs = [9.7362215618168912e-01 2.8761982718842016e-02 7.1239412401005031e-01 7.6351383122687992e-06 8.1517347970654108e-01 4.6873166947969135e-02]
| >     momentum space  : k = [[1.1408782098248355e+04, 2.0845012077396245e+03, -9.1365956262265390e+03]; [1.7841371185143296e-04, -4.1105989017338625e-04, -2.9424209241204335e+04]]
| > [92mCentral value[0m : +2.9739756262841495e-08   +/- 2.92e-10     ([92m0.982%[0m)
[92mINFO[0m [94msymbolica_integrator l.7274[0m [96mt=2026-09-09,16:38:48.513[0m > | > Graph-channel Symbolica observer estimates:
| >   graph_0     : -2.0695864907532896e-08 +/- 6.40e-11 [51381 selected]
| >   graph_1     : 3.3395841899285151e-10 +/- 5.72e-12 [1556 selected]
| >   graph_2     : -1.2798446024259872e-08 +/- 3.04e-11 [13838 selected]
| >   graph_3     : 1.1001729686199609e-10 +/- 1.16e-12 [1491 selected]
| >   graph_4     : -6.4706574251529232e-10 +/- 9.46e-12 [2315 selected]
| >   graph_5     : -3.9086099751794300e-11 +/- 1.33e-12 [1381 selected]
| >   graph_6     : -4.0399102763434503e-11 +/- 1.39e-12 [1453 selected]
| >   graph_7     : 6.4030326494417399e-11 +/- 1.98e-12 [1440 selected]
| >   graph_8     : -9.1028129246474164e-10 +/- 7.97e-12 [3468 selected]
| >   graph_9     : 1.0601139368569529e-09 +/- 8.23e-12 [3808 selected]
| >   graph_10    : -2.7279048517168625e-09 +/- 3.89e-11 [21936 selected]
| >   graph_11    : 2.0330889514822264e-27 +/- 2.15e-28 [1367 selected]
| >   graph_12    : -5.5332950702628868e-10 +/- 5.80e-12 [2560 selected]
| >   graph_13    : -1.1791585233165131e-08 +/- 6.14e-11 [42554 selected]
| >   graph_14    : 1.0953240423119281e-10 +/- 3.88e-13 [1471 selected]
| >   graph_15    : 6.6402500207281894e-24 +/- 6.47e-24 [1454 selected]
| >   graph_16    : 3.8873766576695215e-09 +/- 1.01e-11 [1930 selected]
| >   graph_17    : -3.5664895584638661e-10 +/- 1.25e-12 [1451 selected]
| >   graph_18    : 1.1865080846450344e-08 +/- 3.40e-11 [17803 selected]
| >   graph_19    : 1.0629193225852814e-09 +/- 4.97e-12 [1437 selected]
| >   graph_20    : -7.6860064575584052e-10 +/- 3.42e-12 [1421 selected]
| >   graph_21    : -8.6510837605580271e-10 +/- 8.29e-12 [3769 selected]
| >   graph_22    : -5.3102105049911387e-10 +/- 2.35e-11 [4451 selected]
| >   graph_23    : -3.0321194449276278e-10 +/- 1.44e-11 [2218 selected]
| >   graph_24    : 5.9516061114813131e-10 +/- 1.29e-11 [3847 selected]
| >   graph_25    : 4.2496760425307867e-10 +/- 8.90e-12 [1982 selected]
| >   graph_26    : -2.1295106614599185e-10 +/- 7.65e-13 [1404 selected]
| >   graph_27    : -2.7392766074920933e-11 +/- 9.62e-14 [1476 selected]
| >   graph_28    : -1.1734777192224249e-09 +/- 7.17e-12 [1560 selected]
| >   graph_29    : 6.8152166561924576e-08 +/- 8.33e-11 [63145 selected]
| >   graph_30    : -1.2280261402471712e-09 +/- 7.30e-11 [70669 selected]
| >   graph_31    : 4.1019903057415789e-11 +/- 3.97e-13 [1469 selected]
| >   graph_32    : -5.1825889046294548e-11 +/- 6.90e-12 [1732 selected]
| >   graph_33    : -1.8759225231259208e-09 +/- 1.62e-11 [7475 selected]
| >   graph_34    : 1.1348584744546259e-25 +/- 4.19e-26 [1535 selected]
| >   graph_35    : 2.5366029494323422e-08 +/- 8.86e-11 [97204 selected]
| >   graph_36    : -2.9772330954696925e-09 +/- 1.76e-11 [6561 selected]
| >   graph_37    : 1.6131475489540472e-08 +/- 4.44e-11 [28393 selected]
| >   graph_38    : 3.9903104525173067e-10 +/- 3.32e-12 [1464 selected]
| >   graph_39    : -7.6419110391340335e-09 +/- 2.87e-11 [13513 selected]
| >   graph_40    : -4.7002716289041530e-10 +/- 1.25e-10 [132247 selected]
| >   graph_41    : 1.7309984749512005e-09 +/- 1.30e-11 [5893 selected]
| >   graph_42    : 4.4763707413668009e-09 +/- 6.92e-11 [45151 selected]
| >   graph_43    : 3.1056220164016330e-09 +/- 1.86e-11 [6939 selected]
| >   graph_44    : 4.4518161499389475e-10 +/- 5.80e-12 [2457 selected]
| >   graph_45    : 2.4285874995793993e-10 +/- 8.46e-13 [1442 selected]
| >   graph_46    : -6.1022940497087782e-11 +/- 3.33e-13 [1363 selected]
| >   graph_47    : -6.5140205616779187e-09 +/- 1.10e-10 [145066 selected]
| >   graph_48    : -9.1459981624483398e-11 +/- 2.00e-12 [1454 selected]
| >   graph_49    : -3.4383456288942828e-08 +/- 5.18e-11 [32331 selected]
| >   graph_50    : 8.9755855172150307e-10 +/- 1.16e-11 [3215 selected]
| >   graph_51    : 5.7676006796646506e-09 +/- 1.42e-11 [3151 selected]
| >   graph_52    : 2.2478375703579357e-10 +/- 5.20e-12 [1416 selected]
| >   graph_53    : -8.0896436246221688e-10 +/- 1.10e-11 [4799 selected]
| >   graph_54    : -2.5963064472831929e-09 +/- 8.70e-11 [46850 selected]
| >   graph_55    : 1.1248187896232790e-09 +/- 9.74e-12 [4253 selected]
| >   graph_56    : -4.2058600325799194e-09 +/- 1.06e-11 [2121 selected]
| >   graph_57    : -1.2940848319766021e-08 +/- 3.75e-11 [20792 selected]
| >   graph_58    : 4.5576692749506003e-11 +/- 2.26e-12 [1478 selected]
| >   graph_59    : 4.1340125178578269e-11 +/- 2.18e-12 [1370 selected]
| >   graph_60    : -6.8835892755176141e-11 +/- 2.25e-12 [1433 selected]
| >   graph_61    : 1.2696888887874426e-08 +/- 5.47e-11 [38522 selected]
| >   graph_62    : 4.5399192214781834e-24 +/- 1.08e-23 [1452 selected]
| >   graph_63    : -1.1371182627115791e-09 +/- 8.08e-12 [1975 selected]
| >   graph_64    : 8.3249148718442165e-10 +/- 3.94e-12 [1448 selected]
| >   sum         : 2.9739756262841512e-08
| >   total       : 2.9739756262841495e-08
| >   difference  : 1.6543612251060553e-23
[92mINFO[0m [94msymbolica_integrator l.7237[0m [96mt=2026-09-09,16:38:48.513[0m > Symbolica integration: starting iteration [92m86/100[0m using [94m1000000[0m points ...
[92mINFO[0m [94msymbolica_integrator l.7270[0m [96mt=2026-09-09,16:43:13.984[0m > ... result after this iteration:
| > Integration result after [92m86000000[0m evaluations in [92m1075741.98 CPU-s[0m [94m(12508.6 µs / eval)[0m
| > Extremal weights:
| >   with jacobian    : 6.87291e+04 at xs = [1.1523609142106825e-05 8.0408886661259560e-01 4.9838097880659193e-01 1.8957618633349213e-01 8.5347278385972214e-01 6.8193530704548311e-01] | jacobian = 1.48509e+07
| >     momentum space  : k = [[1.5365375555778040e-03, -4.3457983363555212e-03, 1.8647702504812668e+02]; [4.7634774762067813e+01, -6.2642450015685178e+01, -5.0616133684117784e+01]]
| >   without jacobian : 7.84418e+05 at xs = [3.9947391381704589e-07 6.2757130757519386e-01 5.0002090198912297e-01 1.8892132356910088e-01 9.8977328095746864e-01 4.0061987662812071e-01] | jacobian = 1.99888e+04
| >     momentum space  : k = [[-1.1114822438019480e-04, -1.1479894493241090e-04, 1.8568280355714327e+02]; [8.8483238395265957e+01, -5.6934497954461323e+00, 2.8618624556089237e+01]]
| >   before clipping   : -1.56796e+10 at xs = [3.9947391381704589e-07 6.2757130757519386e-01 5.0002090198912297e-01 1.8892132356910088e-01 9.8977328095746864e-01 4.0061987662812071e-01]
| >     momentum space  : k = [[-1.1114822438019480e-04, -1.1479894493241090e-04, 1.8568280355714327e+02]; [8.8483238395265957e+01, -5.6934497954461323e+00, 2.8618624556089237e+01]]
| > Stability pipeline: float pairs accepted = 118134213, HP pairs attempted/accepted = 2987148/2987148
| > Stability triggers: float mismatch = 2796476, float non-finite/error = 1571
| > HP precision escalations: attempted/accepted = 4270/4270
| > Higher-precision rejections: disagreement = 0, non-finite = 0, error = 0
| > Soft-mirror stability: pairs = 37870657, large-side triggers = 188162, HP orbits attempted/salvaged/failed = 2749296/2749296/0
| > Soft-mirror extrema: raw original = -3.15647e+10, post-average = -1.56796e+10
| > Strongest soft-mirror cancellation: residual/raw = 0.00000e+00
| > Unstable rotational-check points rejected = 0
| > Rotational-check high-precision retries = 2798047
| > Rotational-check high-precision salvaged = 2798047
| > Large-weight high-precision retries = 189101
| > Large-weight high-precision salvaged = 189101
| > Large-weight high-precision rejected = 0
| > Large-weight samples zeroed = 324 (3.767e-06 of samples; removed signed/absolute sums = -1.55736e+10/1.59770e+10)
| > Non-finite final outputs zeroed = 0
| > Non-finite float rotated evaluations seen = 69
| > Example higher-precision-retried xs = [1.7265545145750016e-01 3.0987003362503329e-01 3.2061093419506459e-01 2.9773816827716681e-01 4.2264025488893087e-01 5.4552528647525544e-01] | float rel = 1.83306e+00
| >     momentum space  : k = [[-2.5923335064264300e+01, 6.5631404491694042e+01, 4.4592524277177773e+01]; [-1.4841504911254179e+02, 7.8414345192107874e+01, -2.4172211541858793e+01]]
| > Example large-weight higher-precision-retried xs = [6.2315394262952850e-03 8.7335248832704826e-02 4.3698273950411237e-01 1.7075337559625559e-01 2.3328011702598017e-02 8.1591186955703054e-01] | compiled = 1.29744e+03 | higher precision = -1.91195e+00
| >     momentum space  : k = [[2.0981863278860531e+00, 1.2827845393213939e+00, 1.6464272205621262e+02]; [4.4540392286650942e+01, 6.5756311498899862e+00, -6.8970990633645286e+01]]
| > Example NaN/non-finite rotated xs = [9.7362215618168912e-01 2.8761982718842016e-02 7.1239412401005031e-01 7.6351383122687992e-06 8.1517347970654108e-01 4.6873166947969135e-02]
| >     momentum space  : k = [[1.1408782098248355e+04, 2.0845012077396245e+03, -9.1365956262265390e+03]; [1.7841371185143296e-04, -4.1105989017338625e-04, -2.9424209241204335e+04]]
| > [92mCentral value[0m : +2.9736788563354263e-08   +/- 2.89e-10     ([92m0.973%[0m)
[92mINFO[0m [94msymbolica_integrator l.7274[0m [96mt=2026-09-09,16:43:13.985[0m > | > Graph-channel Symbolica observer estimates:
| >   graph_0     : -2.0693860153652486e-08 +/- 6.35e-11 [51176 selected]
| >   graph_1     : 3.3457500236300267e-10 +/- 5.68e-12 [1526 selected]
| >   graph_2     : -1.2801688912232408e-08 +/- 3.01e-11 [13845 selected]
| >   graph_3     : 1.1004753609510997e-10 +/- 1.16e-12 [1489 selected]
| >   graph_4     : -6.4753484536832823e-10 +/- 9.40e-12 [2316 selected]
| >   graph_5     : -3.9159938498458410e-11 +/- 1.32e-12 [1471 selected]
| >   graph_6     : -4.0534736221437182e-11 +/- 1.38e-12 [1406 selected]
| >   graph_7     : 6.3869945704548097e-11 +/- 1.96e-12 [1449 selected]
| >   graph_8     : -9.0998443641409349e-10 +/- 7.92e-12 [3337 selected]
| >   graph_9     : 1.0595766354117320e-09 +/- 8.18e-12 [3817 selected]
| >   graph_10    : -2.7278380266640113e-09 +/- 3.86e-11 [21818 selected]
| >   graph_11    : 2.0191876594807766e-27 +/- 2.13e-28 [1471 selected]
| >   graph_12    : -5.5394473716225803e-10 +/- 5.77e-12 [2467 selected]
| >   graph_13    : -1.1795798649290098e-08 +/- 6.07e-11 [42452 selected]
| >   graph_14    : 1.0949407724169563e-10 +/- 3.85e-13 [1426 selected]
| >   graph_15    : 6.5387193878117139e-24 +/- 6.39e-24 [1427 selected]
| >   graph_16    : 3.8872659443969100e-09 +/- 1.00e-11 [1919 selected]
| >   graph_17    : -3.5646759289546718e-10 +/- 1.24e-12 [1392 selected]
| >   graph_18    : 1.1862204273704530e-08 +/- 3.38e-11 [17598 selected]
| >   graph_19    : 1.0632103948137039e-09 +/- 4.94e-12 [1475 selected]
| >   graph_20    : -7.6880903572726950e-10 +/- 3.40e-12 [1458 selected]
| >   graph_21    : -8.6567653689317688e-10 +/- 8.25e-12 [3787 selected]
| >   graph_22    : -5.3004798992971145e-10 +/- 2.32e-11 [4598 selected]
| >   graph_23    : -3.0293793004024660e-10 +/- 1.42e-11 [2139 selected]
| >   graph_24    : 5.9463786817790138e-10 +/- 1.28e-11 [3735 selected]
| >   graph_25    : 4.2687347347674418e-10 +/- 8.86e-12 [2016 selected]
| >   graph_26    : -2.1297891250249275e-10 +/- 7.60e-13 [1480 selected]
| >   graph_27    : -2.7384644200231532e-11 +/- 9.55e-14 [1444 selected]
| >   graph_28    : -1.1750735347542344e-09 +/- 7.13e-12 [1575 selected]
| >   graph_29    : 6.8150182092983343e-08 +/- 8.26e-11 [63361 selected]
| >   graph_30    : -1.2260088413042126e-09 +/- 7.23e-11 [71127 selected]
| >   graph_31    : 4.0937443458617534e-11 +/- 3.94e-13 [1398 selected]
| >   graph_32    : -5.1013435469135089e-11 +/- 6.87e-12 [1692 selected]
| >   graph_33    : -1.8754123658243425e-09 +/- 1.62e-11 [7405 selected]
| >   graph_34    : 1.0922755744134022e-25 +/- 4.15e-26 [1425 selected]
| >   graph_35    : 2.5370527219575558e-08 +/- 8.78e-11 [98179 selected]
| >   graph_36    : -2.9744002198471847e-09 +/- 1.75e-11 [6557 selected]
| >   graph_37    : 1.6137363239129793e-08 +/- 4.42e-11 [28140 selected]
| >   graph_38    : 3.9948120650330335e-10 +/- 3.30e-12 [1483 selected]
| >   graph_39    : -7.6412879626901173e-09 +/- 2.85e-11 [13697 selected]
| >   graph_40    : -4.6028529193027562e-10 +/- 1.24e-10 [131370 selected]
| >   graph_41    : 1.7314627632539189e-09 +/- 1.29e-11 [6031 selected]
| >   graph_42    : 4.4621763536234379e-09 +/- 6.86e-11 [45305 selected]
| >   graph_43    : 3.1019054265080643e-09 +/- 1.85e-11 [6907 selected]
| >   graph_44    : 4.4573198373712069e-10 +/- 5.77e-12 [2361 selected]
| >   graph_45    : 2.4298552138770736e-10 +/- 8.43e-13 [1460 selected]
| >   graph_46    : -6.1041051374923499e-11 +/- 3.31e-13 [1461 selected]
| >   graph_47    : -6.5189258181234874e-09 +/- 1.09e-10 [145223 selected]
| >   graph_48    : -9.1706639477425066e-11 +/- 1.98e-12 [1431 selected]
| >   graph_49    : -3.4388634666462444e-08 +/- 5.14e-11 [32598 selected]
| >   graph_50    : 8.9791496133390538e-10 +/- 1.16e-11 [3260 selected]
| >   graph_51    : 5.7693956651317223e-09 +/- 1.41e-11 [3231 selected]
| >   graph_52    : 2.2423346536699009e-10 +/- 5.16e-12 [1421 selected]
| >   graph_53    : -8.0823385756227231e-10 +/- 1.09e-11 [4770 selected]
| >   graph_54    : -2.5931319323069036e-09 +/- 8.61e-11 [46460 selected]
| >   graph_55    : 1.1259341969956374e-09 +/- 9.68e-12 [4232 selected]
| >   graph_56    : -4.2062483662115459e-09 +/- 1.05e-11 [2144 selected]
| >   graph_57    : -1.2944795814017842e-08 +/- 3.73e-11 [20634 selected]
| >   graph_58    : 4.5666496209427276e-11 +/- 2.24e-12 [1470 selected]
| >   graph_59    : 4.1575648672211836e-11 +/- 2.17e-12 [1386 selected]
| >   graph_60    : -6.8735606120115850e-11 +/- 2.24e-12 [1474 selected]
| >   graph_61    : 1.2701249094452506e-08 +/- 5.42e-11 [38483 selected]
| >   graph_62    : 4.4546422242130977e-24 +/- 1.07e-23 [1534 selected]
| >   graph_63    : -1.1360146479258245e-09 +/- 8.04e-12 [1958 selected]
| >   graph_64    : 8.3190776273958716e-10 +/- 3.91e-12 [1423 selected]
| >   sum         : 2.9736788563354280e-08
| >   total       : 2.9736788563354263e-08
| >   difference  : 1.6543612251060553e-23
[92mINFO[0m [94msymbolica_integrator l.7237[0m [96mt=2026-09-09,16:43:13.985[0m > Symbolica integration: starting iteration [92m87/100[0m using [94m1000000[0m points ...
[92mINFO[0m [94msymbolica_integrator l.7270[0m [96mt=2026-09-09,16:47:41.921[0m > ... result after this iteration:
| > Integration result after [92m87000000[0m evaluations in [92m1087039.08 CPU-s[0m [94m(12494.7 µs / eval)[0m
| > Extremal weights:
| >   with jacobian    : 6.87291e+04 at xs = [1.1523609142106825e-05 8.0408886661259560e-01 4.9838097880659193e-01 1.8957618633349213e-01 8.5347278385972214e-01 6.8193530704548311e-01] | jacobian = 1.48509e+07
| >     momentum space  : k = [[1.5365375555778040e-03, -4.3457983363555212e-03, 1.8647702504812668e+02]; [4.7634774762067813e+01, -6.2642450015685178e+01, -5.0616133684117784e+01]]
| >   without jacobian : 7.84418e+05 at xs = [3.9947391381704589e-07 6.2757130757519386e-01 5.0002090198912297e-01 1.8892132356910088e-01 9.8977328095746864e-01 4.0061987662812071e-01] | jacobian = 1.99888e+04
| >     momentum space  : k = [[-1.1114822438019480e-04, -1.1479894493241090e-04, 1.8568280355714327e+02]; [8.8483238395265957e+01, -5.6934497954461323e+00, 2.8618624556089237e+01]]
| >   before clipping   : -1.56796e+10 at xs = [3.9947391381704589e-07 6.2757130757519386e-01 5.0002090198912297e-01 1.8892132356910088e-01 9.8977328095746864e-01 4.0061987662812071e-01]
| >     momentum space  : k = [[-1.1114822438019480e-04, -1.1479894493241090e-04, 1.8568280355714327e+02]; [8.8483238395265957e+01, -5.6934497954461323e+00, 2.8618624556089237e+01]]
| > Stability pipeline: float pairs accepted = 119493216, HP pairs attempted/accepted = 3021235/3021235
| > Stability triggers: float mismatch = 2828712, float non-finite/error = 1594
| > HP precision escalations: attempted/accepted = 4312/4312
| > Higher-precision rejections: disagreement = 0, non-finite = 0, error = 0
| > Soft-mirror stability: pairs = 38294897, large-side triggers = 189975, HP orbits attempted/salvaged/failed = 2780446/2780446/0
| > Soft-mirror extrema: raw original = -3.15647e+10, post-average = -1.56796e+10
| > Strongest soft-mirror cancellation: residual/raw = 0.00000e+00
| > Unstable rotational-check points rejected = 0
| > Rotational-check high-precision retries = 2830306
| > Rotational-check high-precision salvaged = 2830306
| > Large-weight high-precision retries = 190929
| > Large-weight high-precision salvaged = 190929
| > Large-weight high-precision rejected = 0
| > Large-weight samples zeroed = 327 (3.759e-06 of samples; removed signed/absolute sums = -1.55734e+10/1.59775e+10)
| > Non-finite final outputs zeroed = 0
| > Non-finite float rotated evaluations seen = 70
| > Example higher-precision-retried xs = [1.7265545145750016e-01 3.0987003362503329e-01 3.2061093419506459e-01 2.9773816827716681e-01 4.2264025488893087e-01 5.4552528647525544e-01] | float rel = 1.83306e+00
| >     momentum space  : k = [[-2.5923335064264300e+01, 6.5631404491694042e+01, 4.4592524277177773e+01]; [-1.4841504911254179e+02, 7.8414345192107874e+01, -2.4172211541858793e+01]]
| > Example large-weight higher-precision-retried xs = [6.2315394262952850e-03 8.7335248832704826e-02 4.3698273950411237e-01 1.7075337559625559e-01 2.3328011702598017e-02 8.1591186955703054e-01] | compiled = 1.29744e+03 | higher precision = -1.91195e+00
| >     momentum space  : k = [[2.0981863278860531e+00, 1.2827845393213939e+00, 1.6464272205621262e+02]; [4.4540392286650942e+01, 6.5756311498899862e+00, -6.8970990633645286e+01]]
| > Example NaN/non-finite rotated xs = [9.7362215618168912e-01 2.8761982718842016e-02 7.1239412401005031e-01 7.6351383122687992e-06 8.1517347970654108e-01 4.6873166947969135e-02]
| >     momentum space  : k = [[1.1408782098248355e+04, 2.0845012077396245e+03, -9.1365956262265390e+03]; [1.7841371185143296e-04, -4.1105989017338625e-04, -2.9424209241204335e+04]]
| > [92mCentral value[0m : +2.9765629711874991e-08   +/- 2.87e-10     ([92m0.964%[0m)
[92mINFO[0m [94msymbolica_integrator l.7274[0m [96mt=2026-09-09,16:47:41.922[0m > | > Graph-channel Symbolica observer estimates:
| >   graph_0     : -2.0696855054693126e-08 +/- 6.31e-11 [51206 selected]
| >   graph_1     : 3.3536253223844929e-10 +/- 5.65e-12 [1494 selected]
| >   graph_2     : -1.2799242141709385e-08 +/- 2.99e-11 [13716 selected]
| >   graph_3     : 1.1009476992774795e-10 +/- 1.15e-12 [1469 selected]
| >   graph_4     : -6.4542472738017580e-10 +/- 9.36e-12 [2279 selected]
| >   graph_5     : -3.8998475197561613e-11 +/- 1.31e-12 [1409 selected]
| >   graph_6     : -4.0277001478524058e-11 +/- 1.37e-12 [1373 selected]
| >   graph_7     : 6.3872844749734014e-11 +/- 1.96e-12 [1480 selected]
| >   graph_8     : -9.0905394020371458e-10 +/- 7.88e-12 [3451 selected]
| >   graph_9     : 1.0607079035401826e-09 +/- 8.13e-12 [3812 selected]
| >   graph_10    : -2.7306274669583727e-09 +/- 3.84e-11 [21988 selected]
| >   graph_11    : 1.9652442310116466e-27 +/- 2.12e-28 [1417 selected]
| >   graph_12    : -5.5492626254490155e-10 +/- 5.73e-12 [2529 selected]
| >   graph_13    : -1.1795985236936426e-08 +/- 6.01e-11 [42274 selected]
| >   graph_14    : 1.0948338150150011e-10 +/- 3.83e-13 [1457 selected]
| >   graph_15    : 6.3603661102444211e-24 +/- 6.32e-24 [1409 selected]
| >   graph_16    : 3.8853354451452496e-09 +/- 9.98e-12 [1860 selected]
| >   graph_17    : -3.5642429361625267e-10 +/- 1.23e-12 [1400 selected]
| >   graph_18    : 1.1862426349375312e-08 +/- 3.35e-11 [17951 selected]
| >   graph_19    : 1.0638914030069773e-09 +/- 4.91e-12 [1511 selected]
| >   graph_20    : -7.6922173342518587e-10 +/- 3.39e-12 [1443 selected]
| >   graph_21    : -8.6607784932922415e-10 +/- 8.20e-12 [3878 selected]
| >   graph_22    : -5.2982539932521304e-10 +/- 2.30e-11 [4617 selected]
| >   graph_23    : -3.0327156100867919e-10 +/- 1.40e-11 [2107 selected]
| >   graph_24    : 5.9447450649714027e-10 +/- 1.28e-11 [3897 selected]
| >   graph_25    : 4.2797333738750561e-10 +/- 8.81e-12 [2055 selected]
| >   graph_26    : -2.1296869083573596e-10 +/- 7.55e-13 [1488 selected]
| >   graph_27    : -2.7381102155710976e-11 +/- 9.49e-14 [1463 selected]
| >   graph_28    : -1.1738241275098821e-09 +/- 7.10e-12 [1546 selected]
| >   graph_29    : 6.8149344913243806e-08 +/- 8.19e-11 [63194 selected]
| >   graph_30    : -1.2169920396344905e-09 +/- 7.18e-11 [71029 selected]
| >   graph_31    : 4.0949906885019448e-11 +/- 3.92e-13 [1480 selected]
| >   graph_32    : -5.0689219596542485e-11 +/- 6.84e-12 [1748 selected]
| >   graph_33    : -1.8753028800970981e-09 +/- 1.62e-11 [7522 selected]
| >   graph_34    : 1.0914255605111244e-25 +/- 4.11e-26 [1432 selected]
| >   graph_35    : 2.5362743551852422e-08 +/- 8.70e-11 [97528 selected]
| >   graph_36    : -2.9724109745552680e-09 +/- 1.74e-11 [6560 selected]
| >   graph_37    : 1.6141633214290335e-08 +/- 4.39e-11 [28445 selected]
| >   graph_38    : 3.9948872863227786e-10 +/- 3.28e-12 [1439 selected]
| >   graph_39    : -7.6449851266502458e-09 +/- 2.84e-11 [13622 selected]
| >   graph_40    : -4.5307481858587155e-10 +/- 1.23e-10 [131843 selected]
| >   graph_41    : 1.7320074394695939e-09 +/- 1.28e-11 [5958 selected]
| >   graph_42    : 4.4690397453181507e-09 +/- 6.79e-11 [45304 selected]
| >   graph_43    : 3.0986378182074737e-09 +/- 1.84e-11 [7036 selected]
| >   graph_44    : 4.4540698701985814e-10 +/- 5.74e-12 [2439 selected]
| >   graph_45    : 2.4303497466441383e-10 +/- 8.38e-13 [1470 selected]
| >   graph_46    : -6.1009362826919674e-11 +/- 3.28e-13 [1418 selected]
| >   graph_47    : -6.5157584547583045e-09 +/- 1.08e-10 [144657 selected]
| >   graph_48    : -9.1722750151013303e-11 +/- 1.97e-12 [1414 selected]
| >   graph_49    : -3.4384732521903057e-08 +/- 5.10e-11 [32559 selected]
| >   graph_50    : 8.9759286976482983e-10 +/- 1.15e-11 [3129 selected]
| >   graph_51    : 5.7704779558246542e-09 +/- 1.41e-11 [3157 selected]
| >   graph_52    : 2.2396980879325780e-10 +/- 5.13e-12 [1408 selected]
| >   graph_53    : -8.0807303988142498e-10 +/- 1.09e-11 [4733 selected]
| >   graph_54    : -2.5907473765591639e-09 +/- 8.52e-11 [47083 selected]
| >   graph_55    : 1.1261832923814752e-09 +/- 9.63e-12 [4161 selected]
| >   graph_56    : -4.2045171943740214e-09 +/- 1.05e-11 [2081 selected]
| >   graph_57    : -1.2947580533293647e-08 +/- 3.70e-11 [20823 selected]
| >   graph_58    : 4.5679322350016656e-11 +/- 2.23e-12 [1408 selected]
| >   graph_59    : 4.1656630731846277e-11 +/- 2.16e-12 [1488 selected]
| >   graph_60    : -6.8559189654230508e-11 +/- 2.23e-12 [1511 selected]
| >   graph_61    : 1.2704323446168334e-08 +/- 5.39e-11 [38220 selected]
| >   graph_62    : 4.3841056109587450e-24 +/- 1.05e-23 [1411 selected]
| >   graph_63    : -1.1353704166853826e-09 +/- 7.99e-12 [1879 selected]
| >   graph_64    : 8.3174759642218733e-10 +/- 3.89e-12 [1432 selected]
| >   sum         : 2.9765629711875008e-08
| >   total       : 2.9765629711874991e-08
| >   difference  : 1.6543612251060553e-23
[92mINFO[0m [94msymbolica_integrator l.7237[0m [96mt=2026-09-09,16:47:41.922[0m > Symbolica integration: starting iteration [92m88/100[0m using [94m1000000[0m points ...
[92mINFO[0m [94msymbolica_integrator l.7270[0m [96mt=2026-09-09,16:52:25.953[0m > ... result after this iteration:
| > Integration result after [92m88000000[0m evaluations in [92m1098921.37 CPU-s[0m [94m(12487.7 µs / eval)[0m
| > Extremal weights:
| >   with jacobian    : 6.87291e+04 at xs = [1.1523609142106825e-05 8.0408886661259560e-01 4.9838097880659193e-01 1.8957618633349213e-01 8.5347278385972214e-01 6.8193530704548311e-01] | jacobian = 1.48509e+07
| >     momentum space  : k = [[1.5365375555778040e-03, -4.3457983363555212e-03, 1.8647702504812668e+02]; [4.7634774762067813e+01, -6.2642450015685178e+01, -5.0616133684117784e+01]]
| >   without jacobian : 7.84418e+05 at xs = [3.9947391381704589e-07 6.2757130757519386e-01 5.0002090198912297e-01 1.8892132356910088e-01 9.8977328095746864e-01 4.0061987662812071e-01] | jacobian = 1.99888e+04
| >     momentum space  : k = [[-1.1114822438019480e-04, -1.1479894493241090e-04, 1.8568280355714327e+02]; [8.8483238395265957e+01, -5.6934497954461323e+00, 2.8618624556089237e+01]]
| >   before clipping   : -1.56796e+10 at xs = [3.9947391381704589e-07 6.2757130757519386e-01 5.0002090198912297e-01 1.8892132356910088e-01 9.8977328095746864e-01 4.0061987662812071e-01]
| >     momentum space  : k = [[-1.1114822438019480e-04, -1.1479894493241090e-04, 1.8568280355714327e+02]; [8.8483238395265957e+01, -5.6934497954461323e+00, 2.8618624556089237e+01]]
| > Stability pipeline: float pairs accepted = 120852795, HP pairs attempted/accepted = 3055144/3055144
| > Stability triggers: float mismatch = 2860590, float non-finite/error = 1609
| > HP precision escalations: attempted/accepted = 4347/4347
| > Higher-precision rejections: disagreement = 0, non-finite = 0, error = 0
| > Soft-mirror stability: pairs = 38719417, large-side triggers = 191975, HP orbits attempted/salvaged/failed = 2811478/2811478/0
| > Soft-mirror extrema: raw original = -3.15647e+10, post-average = -1.56796e+10
| > Strongest soft-mirror cancellation: residual/raw = 0.00000e+00
| > Unstable rotational-check points rejected = 0
| > Rotational-check high-precision retries = 2862199
| > Rotational-check high-precision salvaged = 2862199
| > Large-weight high-precision retries = 192945
| > Large-weight high-precision salvaged = 192945
| > Large-weight high-precision rejected = 0
| > Large-weight samples zeroed = 330 (3.750e-06 of samples; removed signed/absolute sums = -1.55723e+10/1.59788e+10)
| > Non-finite final outputs zeroed = 0
| > Non-finite float rotated evaluations seen = 72
| > Example higher-precision-retried xs = [1.7265545145750016e-01 3.0987003362503329e-01 3.2061093419506459e-01 2.9773816827716681e-01 4.2264025488893087e-01 5.4552528647525544e-01] | float rel = 1.83306e+00
| >     momentum space  : k = [[-2.5923335064264300e+01, 6.5631404491694042e+01, 4.4592524277177773e+01]; [-1.4841504911254179e+02, 7.8414345192107874e+01, -2.4172211541858793e+01]]
| > Example large-weight higher-precision-retried xs = [6.2315394262952850e-03 8.7335248832704826e-02 4.3698273950411237e-01 1.7075337559625559e-01 2.3328011702598017e-02 8.1591186955703054e-01] | compiled = 1.29744e+03 | higher precision = -1.91195e+00
| >     momentum space  : k = [[2.0981863278860531e+00, 1.2827845393213939e+00, 1.6464272205621262e+02]; [4.4540392286650942e+01, 6.5756311498899862e+00, -6.8970990633645286e+01]]
| > Example NaN/non-finite rotated xs = [9.7362215618168912e-01 2.8761982718842016e-02 7.1239412401005031e-01 7.6351383122687992e-06 8.1517347970654108e-01 4.6873166947969135e-02]
| >     momentum space  : k = [[1.1408782098248355e+04, 2.0845012077396245e+03, -9.1365956262265390e+03]; [1.7841371185143296e-04, -4.1105989017338625e-04, -2.9424209241204335e+04]]
| > [92mCentral value[0m : +2.9758107335056116e-08   +/- 2.84e-10     ([92m0.955%[0m)
[92mINFO[0m [94msymbolica_integrator l.7274[0m [96mt=2026-09-09,16:52:25.954[0m > | > Graph-channel Symbolica observer estimates:
| >   graph_0     : -2.0694311532840213e-08 +/- 6.26e-11 [51382 selected]
| >   graph_1     : 3.3534268446201142e-10 +/- 5.63e-12 [1452 selected]
| >   graph_2     : -1.2798750027804082e-08 +/- 2.97e-11 [13695 selected]
| >   graph_3     : 1.1021134386852555e-10 +/- 1.14e-12 [1420 selected]
| >   graph_4     : -6.4305826105753858e-10 +/- 9.31e-12 [2320 selected]
| >   graph_5     : -3.8874170903149003e-11 +/- 1.31e-12 [1422 selected]
| >   graph_6     : -4.0410146325632495e-11 +/- 1.36e-12 [1450 selected]
| >   graph_7     : 6.4125376165665040e-11 +/- 1.94e-12 [1472 selected]
| >   graph_8     : -9.0785155451897092e-10 +/- 7.83e-12 [3413 selected]
| >   graph_9     : 1.0601151750143604e-09 +/- 8.09e-12 [3825 selected]
| >   graph_10    : -2.7322315263047052e-09 +/- 3.83e-11 [22225 selected]
| >   graph_11    : 1.9855740806277999e-27 +/- 2.11e-28 [1463 selected]
| >   graph_12    : -5.5435304303457903e-10 +/- 5.70e-12 [2495 selected]
| >   graph_13    : -1.1793276867398705e-08 +/- 5.96e-11 [42494 selected]
| >   graph_14    : 1.0951807387007244e-10 +/- 3.80e-13 [1457 selected]
| >   graph_15    : 8.7988638821800769e-24 +/- 6.73e-24 [1394 selected]
| >   graph_16    : 3.8844647515297608e-09 +/- 9.93e-12 [1889 selected]
| >   graph_17    : -3.5643126631592858e-10 +/- 1.23e-12 [1423 selected]
| >   graph_18    : 1.1858768498408711e-08 +/- 3.33e-11 [17644 selected]
| >   graph_19    : 1.0631891719987038e-09 +/- 4.89e-12 [1410 selected]
| >   graph_20    : -7.6959306898943578e-10 +/- 3.37e-12 [1483 selected]
| >   graph_21    : -8.6798066724892728e-10 +/- 8.16e-12 [3754 selected]
| >   graph_22    : -5.2883267664736281e-10 +/- 2.27e-11 [4655 selected]
| >   graph_23    : -3.0343591507931058e-10 +/- 1.39e-11 [2122 selected]
| >   graph_24    : 5.9538020511251554e-10 +/- 1.27e-11 [3859 selected]
| >   graph_25    : 4.2777507047674514e-10 +/- 8.77e-12 [2085 selected]
| >   graph_26    : -2.1295952474272246e-10 +/- 7.50e-13 [1457 selected]
| >   graph_27    : -2.7368556052346514e-11 +/- 9.43e-14 [1362 selected]
| >   graph_28    : -1.1719299252397344e-09 +/- 7.06e-12 [1517 selected]
| >   graph_29    : 6.8156235005730532e-08 +/- 8.13e-11 [63371 selected]
| >   graph_30    : -1.2124028028179290e-09 +/- 7.10e-11 [71071 selected]
| >   graph_31    : 4.0949327735803351e-11 +/- 3.90e-13 [1496 selected]
| >   graph_32    : -4.9622856727280439e-11 +/- 6.80e-12 [1708 selected]
| >   graph_33    : -1.8764640420177005e-09 +/- 1.61e-11 [7513 selected]
| >   graph_34    : 1.0112516710524430e-25 +/- 4.14e-26 [1403 selected]
| >   graph_35    : 2.5358302528320189e-08 +/- 8.61e-11 [97206 selected]
| >   graph_36    : -2.9728171541930124e-09 +/- 1.73e-11 [6611 selected]
| >   graph_37    : 1.6141550214046138e-08 +/- 4.36e-11 [28456 selected]
| >   graph_38    : 3.9993905163880452e-10 +/- 3.27e-12 [1508 selected]
| >   graph_39    : -7.6495478498650964e-09 +/- 2.82e-11 [13722 selected]
| >   graph_40    : -4.5588243937862156e-10 +/- 1.22e-10 [131754 selected]
| >   graph_41    : 1.7328519649811110e-09 +/- 1.27e-11 [5949 selected]
| >   graph_42    : 4.4619629232504483e-09 +/- 6.73e-11 [45606 selected]
| >   graph_43    : 3.0982811816125734e-09 +/- 1.83e-11 [7164 selected]
| >   graph_44    : 4.4562367489819329e-10 +/- 5.71e-12 [2409 selected]
| >   graph_45    : 2.4298596546627083e-10 +/- 8.33e-13 [1443 selected]
| >   graph_46    : -6.0993963928369676e-11 +/- 3.26e-13 [1422 selected]
| >   graph_47    : -6.5293483827234845e-09 +/- 1.07e-10 [144160 selected]
| >   graph_48    : -9.1762376284112517e-11 +/- 1.96e-12 [1449 selected]
| >   graph_49    : -3.4380280588135505e-08 +/- 5.06e-11 [32548 selected]
| >   graph_50    : 8.9809852502658928e-10 +/- 1.14e-11 [3139 selected]
| >   graph_51    : 5.7718321144399908e-09 +/- 1.40e-11 [3293 selected]
| >   graph_52    : 2.2393904856272701e-10 +/- 5.10e-12 [1396 selected]
| >   graph_53    : -8.0783804573107955e-10 +/- 1.08e-11 [4864 selected]
| >   graph_54    : -2.5919189199036517e-09 +/- 8.43e-11 [46589 selected]
| >   graph_55    : 1.1262957423801557e-09 +/- 9.58e-12 [4213 selected]
| >   graph_56    : -4.2028531741549163e-09 +/- 1.04e-11 [2104 selected]
| >   graph_57    : -1.2942860034453259e-08 +/- 3.67e-11 [20515 selected]
| >   graph_58    : 4.5684259090607794e-11 +/- 2.22e-12 [1515 selected]
| >   graph_59    : 4.1423158389654373e-11 +/- 2.15e-12 [1485 selected]
| >   graph_60    : -6.8461846795920444e-11 +/- 2.21e-12 [1404 selected]
| >   graph_61    : 1.2700933053981502e-08 +/- 5.35e-11 [38646 selected]
| >   graph_62    : 4.2568233939097306e-24 +/- 1.04e-23 [1434 selected]
| >   graph_63    : -1.1349324492744920e-09 +/- 7.96e-12 [1933 selected]
| >   graph_64    : 8.3196490148551888e-10 +/- 3.87e-12 [1462 selected]
| >   sum         : 2.9758107335056120e-08
| >   total       : 2.9758107335056116e-08
| >   difference  : 3.3087224502121107e-24
[92mINFO[0m [94msymbolica_integrator l.7237[0m [96mt=2026-09-09,16:52:25.954[0m > Symbolica integration: starting iteration [92m89/100[0m using [94m1000000[0m points ...
[92mINFO[0m [94msymbolica_integrator l.7270[0m [96mt=2026-09-09,16:57:56.764[0m > ... result after this iteration:
| > Integration result after [92m89000000[0m evaluations in [92m1111918.38 CPU-s[0m [94m(12493.5 µs / eval)[0m
| > Extremal weights:
| >   with jacobian    : 6.87291e+04 at xs = [1.1523609142106825e-05 8.0408886661259560e-01 4.9838097880659193e-01 1.8957618633349213e-01 8.5347278385972214e-01 6.8193530704548311e-01] | jacobian = 1.48509e+07
| >     momentum space  : k = [[1.5365375555778040e-03, -4.3457983363555212e-03, 1.8647702504812668e+02]; [4.7634774762067813e+01, -6.2642450015685178e+01, -5.0616133684117784e+01]]
| >   without jacobian : 7.84418e+05 at xs = [3.9947391381704589e-07 6.2757130757519386e-01 5.0002090198912297e-01 1.8892132356910088e-01 9.8977328095746864e-01 4.0061987662812071e-01] | jacobian = 1.99888e+04
| >     momentum space  : k = [[-1.1114822438019480e-04, -1.1479894493241090e-04, 1.8568280355714327e+02]; [8.8483238395265957e+01, -5.6934497954461323e+00, 2.8618624556089237e+01]]
| >   before clipping   : -1.56796e+10 at xs = [3.9947391381704589e-07 6.2757130757519386e-01 5.0002090198912297e-01 1.8892132356910088e-01 9.8977328095746864e-01 4.0061987662812071e-01]
| >     momentum space  : k = [[-1.1114822438019480e-04, -1.1479894493241090e-04, 1.8568280355714327e+02]; [8.8483238395265957e+01, -5.6934497954461323e+00, 2.8618624556089237e+01]]
| > Stability pipeline: float pairs accepted = 122214626, HP pairs attempted/accepted = 3087562/3087562
| > Stability triggers: float mismatch = 2891171, float non-finite/error = 1630
| > HP precision escalations: attempted/accepted = 4398/4398
| > Higher-precision rejections: disagreement = 0, non-finite = 0, error = 0
| > Soft-mirror stability: pairs = 39143322, large-side triggers = 193775, HP orbits attempted/salvaged/failed = 2841134/2841134/0
| > Soft-mirror extrema: raw original = -3.15647e+10, post-average = -1.56796e+10
| > Strongest soft-mirror cancellation: residual/raw = 0.00000e+00
| > Unstable rotational-check points rejected = 0
| > Rotational-check high-precision retries = 2892801
| > Rotational-check high-precision salvaged = 2892801
| > Large-weight high-precision retries = 194761
| > Large-weight high-precision salvaged = 194761
| > Large-weight high-precision rejected = 0
| > Large-weight samples zeroed = 333 (3.742e-06 of samples; removed signed/absolute sums = -1.55717e+10/1.59803e+10)
| > Non-finite final outputs zeroed = 0
| > Non-finite float rotated evaluations seen = 73
| > Example higher-precision-retried xs = [1.7265545145750016e-01 3.0987003362503329e-01 3.2061093419506459e-01 2.9773816827716681e-01 4.2264025488893087e-01 5.4552528647525544e-01] | float rel = 1.83306e+00
| >     momentum space  : k = [[-2.5923335064264300e+01, 6.5631404491694042e+01, 4.4592524277177773e+01]; [-1.4841504911254179e+02, 7.8414345192107874e+01, -2.4172211541858793e+01]]
| > Example large-weight higher-precision-retried xs = [6.2315394262952850e-03 8.7335248832704826e-02 4.3698273950411237e-01 1.7075337559625559e-01 2.3328011702598017e-02 8.1591186955703054e-01] | compiled = 1.29744e+03 | higher precision = -1.91195e+00
| >     momentum space  : k = [[2.0981863278860531e+00, 1.2827845393213939e+00, 1.6464272205621262e+02]; [4.4540392286650942e+01, 6.5756311498899862e+00, -6.8970990633645286e+01]]
| > Example NaN/non-finite rotated xs = [9.7362215618168912e-01 2.8761982718842016e-02 7.1239412401005031e-01 7.6351383122687992e-06 8.1517347970654108e-01 4.6873166947969135e-02]
| >     momentum space  : k = [[1.1408782098248355e+04, 2.0845012077396245e+03, -9.1365956262265390e+03]; [1.7841371185143296e-04, -4.1105989017338625e-04, -2.9424209241204335e+04]]
| > [92mCentral value[0m : +2.9755296337742892e-08   +/- 2.82e-10     ([92m0.947%[0m)
[92mINFO[0m [94msymbolica_integrator l.7274[0m [96mt=2026-09-09,16:57:56.764[0m > | > Graph-channel Symbolica observer estimates:
| >   graph_0     : -2.0695416526395164e-08 +/- 6.22e-11 [51730 selected]
| >   graph_1     : 3.3525279214528343e-10 +/- 5.60e-12 [1583 selected]
| >   graph_2     : -1.2799051729125814e-08 +/- 2.95e-11 [13855 selected]
| >   graph_3     : 1.1008677086462439e-10 +/- 1.14e-12 [1432 selected]
| >   graph_4     : -6.4309607316882527e-10 +/- 9.26e-12 [2275 selected]
| >   graph_5     : -3.9023310725988373e-11 +/- 1.30e-12 [1416 selected]
| >   graph_6     : -4.0411406225957260e-11 +/- 1.36e-12 [1410 selected]
| >   graph_7     : 6.4515829039645658e-11 +/- 1.93e-12 [1459 selected]
| >   graph_8     : -9.0616175651924340e-10 +/- 7.79e-12 [3413 selected]
| >   graph_9     : 1.0617014664121389e-09 +/- 8.04e-12 [3882 selected]
| >   graph_10    : -2.7322530914739472e-09 +/- 3.80e-11 [22014 selected]
| >   graph_11    : 2.0128755889008624e-27 +/- 2.09e-28 [1433 selected]
| >   graph_12    : -5.5363812265213022e-10 +/- 5.67e-12 [2503 selected]
| >   graph_13    : -1.1794359581079618e-08 +/- 5.90e-11 [42022 selected]
| >   graph_14    : 1.0952465471929045e-10 +/- 3.78e-13 [1407 selected]
| >   graph_15    : 8.7037715421741572e-24 +/- 6.66e-24 [1453 selected]
| >   graph_16    : 3.8842533744857306e-09 +/- 9.89e-12 [1876 selected]
| >   graph_17    : -3.5653998518090727e-10 +/- 1.22e-12 [1463 selected]
| >   graph_18    : 1.1861326339335801e-08 +/- 3.30e-11 [17683 selected]
| >   graph_19    : 1.0626848931863259e-09 +/- 4.86e-12 [1346 selected]
| >   graph_20    : -7.6940504888715030e-10 +/- 3.36e-12 [1454 selected]
| >   graph_21    : -8.6846065757925590e-10 +/- 8.11e-12 [3694 selected]
| >   graph_22    : -5.2925805952073014e-10 +/- 2.25e-11 [4562 selected]
| >   graph_23    : -3.0382722406017080e-10 +/- 1.37e-11 [2108 selected]
| >   graph_24    : 5.9860080048449140e-10 +/- 1.26e-11 [3973 selected]
| >   graph_25    : 4.2917767758674716e-10 +/- 8.72e-12 [1988 selected]
| >   graph_26    : -2.1297409263676291e-10 +/- 7.50e-13 [1414 selected]
| >   graph_27    : -2.7379894549367141e-11 +/- 9.38e-14 [1492 selected]
| >   graph_28    : -1.1729530750935613e-09 +/- 7.03e-12 [1566 selected]
| >   graph_29    : 6.8146544908857440e-08 +/- 8.06e-11 [63445 selected]
| >   graph_30    : -1.2160266271405641e-09 +/- 7.03e-11 [71423 selected]
| >   graph_31    : 4.0974247709485947e-11 +/- 3.88e-13 [1487 selected]
| >   graph_32    : -4.9452290873794319e-11 +/- 6.76e-12 [1733 selected]
| >   graph_33    : -1.8765191989925319e-09 +/- 1.60e-11 [7770 selected]
| >   graph_34    : 1.0247663925684367e-25 +/- 4.11e-26 [1482 selected]
| >   graph_35    : 2.5372423025030171e-08 +/- 8.54e-11 [97450 selected]
| >   graph_36    : -2.9720075404322066e-09 +/- 1.72e-11 [6569 selected]
| >   graph_37    : 1.6141076286296124e-08 +/- 4.33e-11 [28745 selected]
| >   graph_38    : 3.9971237118332935e-10 +/- 3.25e-12 [1381 selected]
| >   graph_39    : -7.6491955029512487e-09 +/- 2.80e-11 [13713 selected]
| >   graph_40    : -4.6463821941935136e-10 +/- 1.21e-10 [131670 selected]
| >   graph_41    : 1.7321117441095671e-09 +/- 1.27e-11 [6026 selected]
| >   graph_42    : 4.4620565011265649e-09 +/- 6.67e-11 [45459 selected]
| >   graph_43    : 3.0996891076366023e-09 +/- 1.82e-11 [7056 selected]
| >   graph_44    : 4.4592652243231708e-10 +/- 5.69e-12 [2421 selected]
| >   graph_45    : 2.4297988889726205e-10 +/- 8.28e-13 [1436 selected]
| >   graph_46    : -6.1005740612042904e-11 +/- 3.25e-13 [1355 selected]
| >   graph_47    : -6.5387102866653979e-09 +/- 1.06e-10 [143056 selected]
| >   graph_48    : -9.1719116065415719e-11 +/- 1.95e-12 [1437 selected]
| >   graph_49    : -3.4380279354368781e-08 +/- 5.03e-11 [32712 selected]
| >   graph_50    : 8.9747442400825343e-10 +/- 1.14e-11 [3215 selected]
| >   graph_51    : 5.7728994389681982e-09 +/- 1.39e-11 [3270 selected]
| >   graph_52    : 2.2364242646931140e-10 +/- 5.07e-12 [1402 selected]
| >   graph_53    : -8.0669646187962211e-10 +/- 1.07e-11 [4822 selected]
| >   graph_54    : -2.5875841476980593e-09 +/- 8.35e-11 [46471 selected]
| >   graph_55    : 1.1268047210466101e-09 +/- 9.52e-12 [4257 selected]
| >   graph_56    : -4.2044320624640430e-09 +/- 1.04e-11 [2214 selected]
| >   graph_57    : -1.2936190071520172e-08 +/- 3.65e-11 [20642 selected]
| >   graph_58    : 4.5656127758238308e-11 +/- 2.21e-12 [1430 selected]
| >   graph_59    : 4.0998276736577582e-11 +/- 2.13e-12 [1471 selected]
| >   graph_60    : -6.8679480341283682e-11 +/- 2.20e-12 [1456 selected]
| >   graph_61    : 1.2698839203001442e-08 +/- 5.32e-11 [38819 selected]
| >   graph_62    : 4.2379996987864281e-24 +/- 1.03e-23 [1366 selected]
| >   graph_63    : -1.1364286954242955e-09 +/- 7.92e-12 [1959 selected]
| >   graph_64    : 8.3213694993870524e-10 +/- 3.84e-12 [1474 selected]
| >   sum         : 2.9755296337742886e-08
| >   total       : 2.9755296337742892e-08
| >   difference  : -6.6174449004242214e-24
[92mINFO[0m [94msymbolica_integrator l.7237[0m [96mt=2026-09-09,16:57:56.764[0m > Symbolica integration: starting iteration [92m90/100[0m using [94m1000000[0m points ...
[92mINFO[0m [94msymbolica_integrator l.7270[0m [96mt=2026-09-09,17:02:55.864[0m > ... result after this iteration:
| > Integration result after [92m90000000[0m evaluations in [92m1122026.05 CPU-s[0m [94m(12467.0 µs / eval)[0m
| > Extremal weights:
| >   with jacobian    : 6.87291e+04 at xs = [1.1523609142106825e-05 8.0408886661259560e-01 4.9838097880659193e-01 1.8957618633349213e-01 8.5347278385972214e-01 6.8193530704548311e-01] | jacobian = 1.48509e+07
| >     momentum space  : k = [[1.5365375555778040e-03, -4.3457983363555212e-03, 1.8647702504812668e+02]; [4.7634774762067813e+01, -6.2642450015685178e+01, -5.0616133684117784e+01]]
| >   without jacobian : 7.84418e+05 at xs = [3.9947391381704589e-07 6.2757130757519386e-01 5.0002090198912297e-01 1.8892132356910088e-01 9.8977328095746864e-01 4.0061987662812071e-01] | jacobian = 1.99888e+04
| >     momentum space  : k = [[-1.1114822438019480e-04, -1.1479894493241090e-04, 1.8568280355714327e+02]; [8.8483238395265957e+01, -5.6934497954461323e+00, 2.8618624556089237e+01]]
| >   before clipping   : -1.56796e+10 at xs = [3.9947391381704589e-07 6.2757130757519386e-01 5.0002090198912297e-01 1.8892132356910088e-01 9.8977328095746864e-01 4.0061987662812071e-01]
| >     momentum space  : k = [[-1.1114822438019480e-04, -1.1479894493241090e-04, 1.8568280355714327e+02]; [8.8483238395265957e+01, -5.6934497954461323e+00, 2.8618624556089237e+01]]
| > Stability pipeline: float pairs accepted = 123572843, HP pairs attempted/accepted = 3121902/3121902
| > Stability triggers: float mismatch = 2923346, float non-finite/error = 1647
| > HP precision escalations: attempted/accepted = 4449/4449
| > Higher-precision rejections: disagreement = 0, non-finite = 0, error = 0
| > Soft-mirror stability: pairs = 39567639, large-side triggers = 195906, HP orbits attempted/salvaged/failed = 2872894/2872894/0
| > Soft-mirror extrema: raw original = -3.15647e+10, post-average = -1.56796e+10
| > Strongest soft-mirror cancellation: residual/raw = 0.00000e+00
| > Unstable rotational-check points rejected = 0
| > Rotational-check high-precision retries = 2924993
| > Rotational-check high-precision salvaged = 2924993
| > Large-weight high-precision retries = 196909
| > Large-weight high-precision salvaged = 196909
| > Large-weight high-precision rejected = 0
| > Large-weight samples zeroed = 335 (3.722e-06 of samples; removed signed/absolute sums = -1.55719e+10/1.59809e+10)
| > Non-finite final outputs zeroed = 0
| > Non-finite float rotated evaluations seen = 73
| > Example higher-precision-retried xs = [1.7265545145750016e-01 3.0987003362503329e-01 3.2061093419506459e-01 2.9773816827716681e-01 4.2264025488893087e-01 5.4552528647525544e-01] | float rel = 1.83306e+00
| >     momentum space  : k = [[-2.5923335064264300e+01, 6.5631404491694042e+01, 4.4592524277177773e+01]; [-1.4841504911254179e+02, 7.8414345192107874e+01, -2.4172211541858793e+01]]
| > Example large-weight higher-precision-retried xs = [6.2315394262952850e-03 8.7335248832704826e-02 4.3698273950411237e-01 1.7075337559625559e-01 2.3328011702598017e-02 8.1591186955703054e-01] | compiled = 1.29744e+03 | higher precision = -1.91195e+00
| >     momentum space  : k = [[2.0981863278860531e+00, 1.2827845393213939e+00, 1.6464272205621262e+02]; [4.4540392286650942e+01, 6.5756311498899862e+00, -6.8970990633645286e+01]]
| > Example NaN/non-finite rotated xs = [9.7362215618168912e-01 2.8761982718842016e-02 7.1239412401005031e-01 7.6351383122687992e-06 8.1517347970654108e-01 4.6873166947969135e-02]
| >     momentum space  : k = [[1.1408782098248355e+04, 2.0845012077396245e+03, -9.1365956262265390e+03]; [1.7841371185143296e-04, -4.1105989017338625e-04, -2.9424209241204335e+04]]
| > [92mCentral value[0m : +2.9762999359379754e-08   +/- 2.80e-10     ([92m0.939%[0m)
[92mINFO[0m [94msymbolica_integrator l.7274[0m [96mt=2026-09-09,17:02:55.864[0m > | > Graph-channel Symbolica observer estimates:
| >   graph_0     : -2.0687724384500582e-08 +/- 6.17e-11 [51583 selected]
| >   graph_1     : 3.3484743688778212e-10 +/- 5.56e-12 [1477 selected]
| >   graph_2     : -1.2804060000021906e-08 +/- 2.93e-11 [13998 selected]
| >   graph_3     : 1.1032703278724842e-10 +/- 1.13e-12 [1448 selected]
| >   graph_4     : -6.4359534885888470e-10 +/- 9.22e-12 [2311 selected]
| >   graph_5     : -3.9064879614595522e-11 +/- 1.29e-12 [1383 selected]
| >   graph_6     : -4.0483923190501325e-11 +/- 1.35e-12 [1455 selected]
| >   graph_7     : 6.4913312149338152e-11 +/- 1.92e-12 [1401 selected]
| >   graph_8     : -9.0512620509564090e-10 +/- 7.74e-12 [3410 selected]
| >   graph_9     : 1.0612720826635722e-09 +/- 8.00e-12 [3808 selected]
| >   graph_10    : -2.7365433268397593e-09 +/- 3.77e-11 [22335 selected]
| >   graph_11    : 1.9916305558983878e-27 +/- 2.08e-28 [1432 selected]
| >   graph_12    : -5.5338107707313148e-10 +/- 5.65e-12 [2435 selected]
| >   graph_13    : -1.1803224831235793e-08 +/- 5.91e-11 [42059 selected]
| >   graph_14    : 1.0954398619089660e-10 +/- 3.76e-13 [1416 selected]
| >   graph_15    : 8.6038045632899016e-24 +/- 6.58e-24 [1373 selected]
| >   graph_16    : 3.8826403788696848e-09 +/- 9.84e-12 [1856 selected]
| >   graph_17    : -3.5664125157554271e-10 +/- 1.21e-12 [1463 selected]
| >   graph_18    : 1.1861274562321378e-08 +/- 3.28e-11 [17585 selected]
| >   graph_19    : 1.0628031044000188e-09 +/- 4.83e-12 [1539 selected]
| >   graph_20    : -7.6940990359105915e-10 +/- 3.34e-12 [1460 selected]
| >   graph_21    : -8.6832832006426997e-10 +/- 8.07e-12 [3753 selected]
| >   graph_22    : -5.2978806969842553e-10 +/- 2.22e-11 [4559 selected]
| >   graph_23    : -3.0351032331169740e-10 +/- 1.36e-11 [2098 selected]
| >   graph_24    : 5.9712674149327301e-10 +/- 1.26e-11 [3820 selected]
| >   graph_25    : 4.2894600452759575e-10 +/- 8.67e-12 [2027 selected]
| >   graph_26    : -2.1298260285739771e-10 +/- 7.46e-13 [1428 selected]
| >   graph_27    : -2.7375101306381523e-11 +/- 9.32e-14 [1458 selected]
| >   graph_28    : -1.1734017029893733e-09 +/- 7.00e-12 [1551 selected]
| >   graph_29    : 6.8153370418682397e-08 +/- 8.00e-11 [64000 selected]
| >   graph_30    : -1.2168858163392120e-09 +/- 6.99e-11 [71038 selected]
| >   graph_31    : 4.0987470865739306e-11 +/- 3.86e-13 [1445 selected]
| >   graph_32    : -4.9286720843415175e-11 +/- 6.79e-12 [1710 selected]
| >   graph_33    : -1.8758396404050965e-09 +/- 1.59e-11 [7536 selected]
| >   graph_34    : 1.0086930190140940e-25 +/- 4.08e-26 [1423 selected]
| >   graph_35    : 2.5366477570752406e-08 +/- 8.46e-11 [97438 selected]
| >   graph_36    : -2.9725157404564797e-09 +/- 1.71e-11 [6623 selected]
| >   graph_37    : 1.6143278621408553e-08 +/- 4.30e-11 [28446 selected]
| >   graph_38    : 3.9930588523288346e-10 +/- 3.23e-12 [1323 selected]
| >   graph_39    : -7.6532564105408583e-09 +/- 2.79e-11 [13741 selected]
| >   graph_40    : -4.5316240196314605e-10 +/- 1.20e-10 [131983 selected]
| >   graph_41    : 1.7328551184963074e-09 +/- 1.26e-11 [6002 selected]
| >   graph_42    : 4.4622912654513251e-09 +/- 6.61e-11 [45302 selected]
| >   graph_43    : 3.0977607719107965e-09 +/- 1.81e-11 [7027 selected]
| >   graph_44    : 4.4573309025489760e-10 +/- 5.66e-12 [2365 selected]
| >   graph_45    : 2.4287042432791838e-10 +/- 8.23e-13 [1381 selected]
| >   graph_46    : -6.0983723282334672e-11 +/- 3.23e-13 [1433 selected]
| >   graph_47    : -6.5390152024565036e-09 +/- 1.05e-10 [143293 selected]
| >   graph_48    : -9.1603269412835923e-11 +/- 1.94e-12 [1454 selected]
| >   graph_49    : -3.4377685102094887e-08 +/- 4.99e-11 [32695 selected]
| >   graph_50    : 8.9699523562241265e-10 +/- 1.13e-11 [3295 selected]
| >   graph_51    : 5.7730726487178897e-09 +/- 1.39e-11 [3256 selected]
| >   graph_52    : 2.2426705020517650e-10 +/- 5.04e-12 [1506 selected]
| >   graph_53    : -8.0705201914337137e-10 +/- 1.07e-11 [4745 selected]
| >   graph_54    : -2.5805205836162796e-09 +/- 8.27e-11 [46670 selected]
| >   graph_55    : 1.1276903022138521e-09 +/- 9.47e-12 [4133 selected]
| >   graph_56    : -4.2029726766857308e-09 +/- 1.03e-11 [2107 selected]
| >   graph_57    : -1.2930443133316249e-08 +/- 3.63e-11 [21054 selected]
| >   graph_58    : 4.5574164134017913e-11 +/- 2.19e-12 [1463 selected]
| >   graph_59    : 4.0943566172910468e-11 +/- 2.12e-12 [1382 selected]
| >   graph_60    : -6.8415605339298822e-11 +/- 2.19e-12 [1435 selected]
| >   graph_61    : 1.2696894680438561e-08 +/- 5.27e-11 [38530 selected]
| >   graph_62    : 4.1122250065691828e-24 +/- 1.02e-23 [1504 selected]
| >   graph_63    : -1.1385205538086415e-09 +/- 7.88e-12 [1926 selected]
| >   graph_64    : 8.3173628373019862e-10 +/- 3.82e-12 [1415 selected]
| >   sum         : 2.9762999359379760e-08
| >   total       : 2.9762999359379754e-08
| >   difference  : 6.6174449004242214e-24
[92mINFO[0m [94msymbolica_integrator l.7237[0m [96mt=2026-09-09,17:02:55.864[0m > Symbolica integration: starting iteration [92m91/100[0m using [94m1000000[0m points ...
[92mINFO[0m [94msymbolica_integrator l.7270[0m [96mt=2026-09-09,17:07:30.024[0m > ... result after this iteration:
| > Integration result after [92m91000000[0m evaluations in [92m1133944.52 CPU-s[0m [94m(12460.9 µs / eval)[0m
| > Extremal weights:
| >   with jacobian    : 6.87291e+04 at xs = [1.1523609142106825e-05 8.0408886661259560e-01 4.9838097880659193e-01 1.8957618633349213e-01 8.5347278385972214e-01 6.8193530704548311e-01] | jacobian = 1.48509e+07
| >     momentum space  : k = [[1.5365375555778040e-03, -4.3457983363555212e-03, 1.8647702504812668e+02]; [4.7634774762067813e+01, -6.2642450015685178e+01, -5.0616133684117784e+01]]
| >   without jacobian : 7.84418e+05 at xs = [3.9947391381704589e-07 6.2757130757519386e-01 5.0002090198912297e-01 1.8892132356910088e-01 9.8977328095746864e-01 4.0061987662812071e-01] | jacobian = 1.99888e+04
| >     momentum space  : k = [[-1.1114822438019480e-04, -1.1479894493241090e-04, 1.8568280355714327e+02]; [8.8483238395265957e+01, -5.6934497954461323e+00, 2.8618624556089237e+01]]
| >   before clipping   : -1.56796e+10 at xs = [3.9947391381704589e-07 6.2757130757519386e-01 5.0002090198912297e-01 1.8892132356910088e-01 9.8977328095746864e-01 4.0061987662812071e-01]
| >     momentum space  : k = [[-1.1114822438019480e-04, -1.1479894493241090e-04, 1.8568280355714327e+02]; [8.8483238395265957e+01, -5.6934497954461323e+00, 2.8618624556089237e+01]]
| > Stability pipeline: float pairs accepted = 124932447, HP pairs attempted/accepted = 3155494/3155494
| > Stability triggers: float mismatch = 2954732, float non-finite/error = 1663
| > HP precision escalations: attempted/accepted = 4493/4493
| > Higher-precision rejections: disagreement = 0, non-finite = 0, error = 0
| > Soft-mirror stability: pairs = 39991713, large-side triggers = 198084, HP orbits attempted/salvaged/failed = 2903772/2903772/0
| > Soft-mirror extrema: raw original = -3.15647e+10, post-average = -1.56796e+10
| > Strongest soft-mirror cancellation: residual/raw = 0.00000e+00
| > Unstable rotational-check points rejected = 0
| > Rotational-check high-precision retries = 2956395
| > Rotational-check high-precision salvaged = 2956395
| > Large-weight high-precision retries = 199099
| > Large-weight high-precision salvaged = 199099
| > Large-weight high-precision rejected = 0
| > Large-weight samples zeroed = 342 (3.758e-06 of samples; removed signed/absolute sums = -1.55714e+10/1.59820e+10)
| > Non-finite final outputs zeroed = 0
| > Non-finite float rotated evaluations seen = 75
| > Example higher-precision-retried xs = [1.7265545145750016e-01 3.0987003362503329e-01 3.2061093419506459e-01 2.9773816827716681e-01 4.2264025488893087e-01 5.4552528647525544e-01] | float rel = 1.83306e+00
| >     momentum space  : k = [[-2.5923335064264300e+01, 6.5631404491694042e+01, 4.4592524277177773e+01]; [-1.4841504911254179e+02, 7.8414345192107874e+01, -2.4172211541858793e+01]]
| > Example large-weight higher-precision-retried xs = [6.2315394262952850e-03 8.7335248832704826e-02 4.3698273950411237e-01 1.7075337559625559e-01 2.3328011702598017e-02 8.1591186955703054e-01] | compiled = 1.29744e+03 | higher precision = -1.91195e+00
| >     momentum space  : k = [[2.0981863278860531e+00, 1.2827845393213939e+00, 1.6464272205621262e+02]; [4.4540392286650942e+01, 6.5756311498899862e+00, -6.8970990633645286e+01]]
| > Example NaN/non-finite rotated xs = [9.7362215618168912e-01 2.8761982718842016e-02 7.1239412401005031e-01 7.6351383122687992e-06 8.1517347970654108e-01 4.6873166947969135e-02]
| >     momentum space  : k = [[1.1408782098248355e+04, 2.0845012077396245e+03, -9.1365956262265390e+03]; [1.7841371185143296e-04, -4.1105989017338625e-04, -2.9424209241204335e+04]]
| > [92mCentral value[0m : +3.0024681479668035e-08   +/- 3.46e-10     ([91m1.151%[0m)
[92mINFO[0m [94msymbolica_integrator l.7274[0m [96mt=2026-09-09,17:07:30.024[0m > | > Graph-channel Symbolica observer estimates:
| >   graph_0     : -2.0688838530404804e-08 +/- 6.13e-11 [51859 selected]
| >   graph_1     : 3.3525677774700394e-10 +/- 5.54e-12 [1475 selected]
| >   graph_2     : -1.2804073934769067e-08 +/- 2.93e-11 [13671 selected]
| >   graph_3     : 1.1033359697959613e-10 +/- 1.12e-12 [1438 selected]
| >   graph_4     : -6.4187873959895940e-10 +/- 9.17e-12 [2293 selected]
| >   graph_5     : -3.8912024736697080e-11 +/- 1.28e-12 [1411 selected]
| >   graph_6     : -4.0414248582546479e-11 +/- 1.34e-12 [1442 selected]
| >   graph_7     : 6.5278929478889212e-11 +/- 1.91e-12 [1474 selected]
| >   graph_8     : -9.0570020332577927e-10 +/- 7.70e-12 [3422 selected]
| >   graph_9     : 1.0617521540803732e-09 +/- 7.96e-12 [3718 selected]
| >   graph_10    : -2.7357412924452336e-09 +/- 3.74e-11 [21958 selected]
| >   graph_11    : 2.0087482395537265e-27 +/- 2.07e-28 [1361 selected]
| >   graph_12    : -5.5418089238411297e-10 +/- 5.62e-12 [2422 selected]
| >   graph_13    : -1.1804239799726085e-08 +/- 5.86e-11 [42970 selected]
| >   graph_14    : 1.0958525388837132e-10 +/- 3.74e-13 [1460 selected]
| >   graph_15    : 8.4904806156597616e-24 +/- 6.51e-24 [1393 selected]
| >   graph_16    : 3.8853779425592774e-09 +/- 9.80e-12 [2019 selected]
| >   graph_17    : -3.5656084140343100e-10 +/- 1.21e-12 [1390 selected]
| >   graph_18    : 1.1863306130158099e-08 +/- 3.25e-11 [17753 selected]
| >   graph_19    : 1.0621297135330202e-09 +/- 4.81e-12 [1407 selected]
| >   graph_20    : -7.6966964348996190e-10 +/- 3.32e-12 [1417 selected]
| >   graph_21    : -8.6818799710635850e-10 +/- 8.03e-12 [3694 selected]
| >   graph_22    : -3.2562497618371597e-10 +/- 2.07e-10 [4556 selected]
| >   graph_23    : -3.0338450235819373e-10 +/- 1.34e-11 [2121 selected]
| >   graph_24    : 5.9672929031251774e-10 +/- 1.25e-11 [3799 selected]
| >   graph_25    : 4.2760726903787379e-10 +/- 8.63e-12 [1962 selected]
| >   graph_26    : -2.1303813722015311e-10 +/- 7.42e-13 [1438 selected]
| >   graph_27    : -2.7369068219125424e-11 +/- 9.26e-14 [1420 selected]
| >   graph_28    : -1.1733886650075308e-09 +/- 6.96e-12 [1551 selected]
| >   graph_29    : 6.8152948893090878e-08 +/- 7.94e-11 [64078 selected]
| >   graph_30    : -1.2196686922443506e-09 +/- 6.92e-11 [71303 selected]
| >   graph_31    : 4.0954416320821213e-11 +/- 3.83e-13 [1450 selected]
| >   graph_32    : -4.9201174264541854e-11 +/- 6.76e-12 [1805 selected]
| >   graph_33    : -1.8762299795387692e-09 +/- 1.58e-11 [7548 selected]
| >   graph_34    : 8.9606674096585875e-26 +/- 4.20e-26 [1430 selected]
| >   graph_35    : 2.5391653679797729e-08 +/- 8.64e-11 [97019 selected]
| >   graph_36    : -2.9715510841902008e-09 +/- 1.70e-11 [6577 selected]
| >   graph_37    : 1.6148065620990354e-08 +/- 4.28e-11 [28924 selected]
| >   graph_38    : 3.9903040771824966e-10 +/- 3.21e-12 [1457 selected]
| >   graph_39    : -7.6567246816988476e-09 +/- 2.77e-11 [13859 selected]
| >   graph_40    : -4.5338649024907623e-10 +/- 1.18e-10 [131511 selected]
| >   graph_41    : 1.7337110871475381e-09 +/- 1.25e-11 [5950 selected]
| >   graph_42    : 4.4796314693652662e-09 +/- 6.56e-11 [45510 selected]
| >   graph_43    : 3.1007886944125480e-09 +/- 1.80e-11 [7123 selected]
| >   graph_44    : 4.4543820233803516e-10 +/- 5.63e-12 [2363 selected]
| >   graph_45    : 2.4282837559336998e-10 +/- 8.18e-13 [1409 selected]
| >   graph_46    : -6.1006125044940306e-11 +/- 3.21e-13 [1455 selected]
| >   graph_47    : -6.5406342084780807e-09 +/- 1.04e-10 [142387 selected]
| >   graph_48    : -9.1637272407650150e-11 +/- 1.93e-12 [1425 selected]
| >   graph_49    : -3.4384151480238476e-08 +/- 4.95e-11 [32977 selected]
| >   graph_50    : 8.9825909887363062e-10 +/- 1.12e-11 [3173 selected]
| >   graph_51    : 5.7723915145145732e-09 +/- 1.38e-11 [3180 selected]
| >   graph_52    : 2.2479056914435162e-10 +/- 5.01e-12 [1428 selected]
| >   graph_53    : -8.0514373555329239e-10 +/- 1.06e-11 [4893 selected]
| >   graph_54    : -2.5780606527206176e-09 +/- 8.18e-11 [46490 selected]
| >   graph_55    : 1.1282363429219215e-09 +/- 9.43e-12 [4136 selected]
| >   graph_56    : -4.2025152904211929e-09 +/- 1.03e-11 [2128 selected]
| >   graph_57    : -1.2929693236911905e-08 +/- 3.60e-11 [20968 selected]
| >   graph_58    : 4.5653363080889321e-11 +/- 2.18e-12 [1436 selected]
| >   graph_59    : 4.0672003898221778e-11 +/- 2.11e-12 [1414 selected]
| >   graph_60    : -6.8756119662182242e-11 +/- 2.18e-12 [1482 selected]
| >   graph_61    : 1.2709781900229113e-08 +/- 5.28e-11 [38616 selected]
| >   graph_62    : 4.3259858767887438e-24 +/- 1.01e-23 [1384 selected]
| >   graph_63    : -1.1398443217194180e-09 +/- 7.84e-12 [1958 selected]
| >   graph_64    : 8.3189682476082053e-10 +/- 3.80e-12 [1460 selected]
| >   sum         : 3.0024681479668048e-08
| >   total       : 3.0024681479668035e-08
| >   difference  : 1.3234889800848443e-23
[92mINFO[0m [94msymbolica_integrator l.7237[0m [96mt=2026-09-09,17:07:30.024[0m > Symbolica integration: starting iteration [92m92/100[0m using [94m1000000[0m points ...
[92mINFO[0m [94msymbolica_integrator l.7270[0m [96mt=2026-09-09,17:12:21.683[0m > ... result after this iteration:
| > Integration result after [92m92000000[0m evaluations in [92m1146369.47 CPU-s[0m [94m(12460.5 µs / eval)[0m
| > Extremal weights:
| >   with jacobian    : 6.87291e+04 at xs = [1.1523609142106825e-05 8.0408886661259560e-01 4.9838097880659193e-01 1.8957618633349213e-01 8.5347278385972214e-01 6.8193530704548311e-01] | jacobian = 1.48509e+07
| >     momentum space  : k = [[1.5365375555778040e-03, -4.3457983363555212e-03, 1.8647702504812668e+02]; [4.7634774762067813e+01, -6.2642450015685178e+01, -5.0616133684117784e+01]]
| >   without jacobian : 7.84418e+05 at xs = [3.9947391381704589e-07 6.2757130757519386e-01 5.0002090198912297e-01 1.8892132356910088e-01 9.8977328095746864e-01 4.0061987662812071e-01] | jacobian = 1.99888e+04
| >     momentum space  : k = [[-1.1114822438019480e-04, -1.1479894493241090e-04, 1.8568280355714327e+02]; [8.8483238395265957e+01, -5.6934497954461323e+00, 2.8618624556089237e+01]]
| >   before clipping   : -1.56796e+10 at xs = [3.9947391381704589e-07 6.2757130757519386e-01 5.0002090198912297e-01 1.8892132356910088e-01 9.8977328095746864e-01 4.0061987662812071e-01]
| >     momentum space  : k = [[-1.1114822438019480e-04, -1.1479894493241090e-04, 1.8568280355714327e+02]; [8.8483238395265957e+01, -5.6934497954461323e+00, 2.8618624556089237e+01]]
| > Stability pipeline: float pairs accepted = 126262603, HP pairs attempted/accepted = 3194122/3194122
| > Stability triggers: float mismatch = 2990777, float non-finite/error = 1687
| > HP precision escalations: attempted/accepted = 4545/4545
| > Higher-precision rejections: disagreement = 0, non-finite = 0, error = 0
| > Soft-mirror stability: pairs = 40396632, large-side triggers = 200632, HP orbits attempted/salvaged/failed = 2939907/2939907/0
| > Soft-mirror extrema: raw original = -3.15647e+10, post-average = -1.56796e+10
| > Strongest soft-mirror cancellation: residual/raw = 0.00000e+00
| > Unstable rotational-check points rejected = 0
| > Rotational-check high-precision retries = 2992464
| > Rotational-check high-precision salvaged = 2992464
| > Large-weight high-precision retries = 201658
| > Large-weight high-precision salvaged = 201658
| > Large-weight high-precision rejected = 0
| > Large-weight samples zeroed = 346 (3.761e-06 of samples; removed signed/absolute sums = -1.55764e+10/1.59871e+10)
| > Non-finite final outputs zeroed = 0
| > Non-finite float rotated evaluations seen = 76
| > Example higher-precision-retried xs = [1.7265545145750016e-01 3.0987003362503329e-01 3.2061093419506459e-01 2.9773816827716681e-01 4.2264025488893087e-01 5.4552528647525544e-01] | float rel = 1.83306e+00
| >     momentum space  : k = [[-2.5923335064264300e+01, 6.5631404491694042e+01, 4.4592524277177773e+01]; [-1.4841504911254179e+02, 7.8414345192107874e+01, -2.4172211541858793e+01]]
| > Example large-weight higher-precision-retried xs = [6.2315394262952850e-03 8.7335248832704826e-02 4.3698273950411237e-01 1.7075337559625559e-01 2.3328011702598017e-02 8.1591186955703054e-01] | compiled = 1.29744e+03 | higher precision = -1.91195e+00
| >     momentum space  : k = [[2.0981863278860531e+00, 1.2827845393213939e+00, 1.6464272205621262e+02]; [4.4540392286650942e+01, 6.5756311498899862e+00, -6.8970990633645286e+01]]
| > Example NaN/non-finite rotated xs = [9.7362215618168912e-01 2.8761982718842016e-02 7.1239412401005031e-01 7.6351383122687992e-06 8.1517347970654108e-01 4.6873166947969135e-02]
| >     momentum space  : k = [[1.1408782098248355e+04, 2.0845012077396245e+03, -9.1365956262265390e+03]; [1.7841371185143296e-04, -4.1105989017338625e-04, -2.9424209241204335e+04]]
| > [92mCentral value[0m : +3.0008119086837415e-08   +/- 3.42e-10     ([91m1.141%[0m)
[92mINFO[0m [94msymbolica_integrator l.7274[0m [96mt=2026-09-09,17:12:21.684[0m > | > Graph-channel Symbolica observer estimates:
| >   graph_0     : -2.0685384406663499e-08 +/- 6.09e-11 [48878 selected]
| >   graph_1     : 3.3522107444955968e-10 +/- 5.52e-12 [1402 selected]
| >   graph_2     : -1.2803878129800453e-08 +/- 2.91e-11 [13214 selected]
| >   graph_3     : 1.1034497935092106e-10 +/- 1.12e-12 [1416 selected]
| >   graph_4     : -6.4231096091645249e-10 +/- 9.13e-12 [2124 selected]
| >   graph_5     : -3.8790115775884181e-11 +/- 1.28e-12 [1336 selected]
| >   graph_6     : -4.0021259381248750e-11 +/- 1.34e-12 [1352 selected]
| >   graph_7     : 6.5174371205573100e-11 +/- 1.90e-12 [1307 selected]
| >   graph_8     : -9.0573619260947907e-10 +/- 7.66e-12 [3246 selected]
| >   graph_9     : 1.0620921658119303e-09 +/- 7.92e-12 [3595 selected]
| >   graph_10    : -2.7355694383546797e-09 +/- 3.71e-11 [20778 selected]
| >   graph_11    : 2.0140286915066565e-27 +/- 2.06e-28 [1385 selected]
| >   graph_12    : -5.5369706444878712e-10 +/- 5.59e-12 [2219 selected]
| >   graph_13    : -1.1804467205425697e-08 +/- 5.80e-11 [40532 selected]
| >   graph_14    : 1.0954335490578105e-10 +/- 3.71e-13 [1281 selected]
| >   graph_15    : 8.3945908990115766e-24 +/- 6.44e-24 [1348 selected]
| >   graph_16    : 3.8842894071517480e-09 +/- 9.76e-12 [1762 selected]
| >   graph_17    : -3.5661002298522039e-10 +/- 1.20e-12 [1328 selected]
| >   graph_18    : 1.1865349977818260e-08 +/- 3.23e-11 [16971 selected]
| >   graph_19    : 1.0626293398582966e-09 +/- 4.78e-12 [1331 selected]
| >   graph_20    : -7.6930562786486277e-10 +/- 3.30e-12 [1331 selected]
| >   graph_21    : -8.6803640184554192e-10 +/- 7.99e-12 [3498 selected]
| >   graph_22    : -3.2775018333949957e-10 +/- 2.04e-10 [56999 selected]
| >   graph_23    : -3.0321867185222359e-10 +/- 1.33e-11 [1895 selected]
| >   graph_24    : 5.9890700899347678e-10 +/- 1.24e-11 [3653 selected]
| >   graph_25    : 4.2777494159220609e-10 +/- 8.59e-12 [1886 selected]
| >   graph_26    : -2.1315164740056907e-10 +/- 7.38e-13 [1390 selected]
| >   graph_27    : -2.7356752502386826e-11 +/- 9.21e-14 [1298 selected]
| >   graph_28    : -1.1738605426876126e-09 +/- 6.93e-12 [1435 selected]
| >   graph_29    : 6.8154400587847282e-08 +/- 7.89e-11 [60271 selected]
| >   graph_30    : -1.2246880475199378e-09 +/- 6.85e-11 [67506 selected]
| >   graph_31    : 4.1030796373495886e-11 +/- 3.81e-13 [1340 selected]
| >   graph_32    : -5.0002987629764706e-11 +/- 6.72e-12 [1583 selected]
| >   graph_33    : -1.8759338515445829e-09 +/- 1.57e-11 [7043 selected]
| >   graph_34    : 9.4265195771577326e-26 +/- 4.19e-26 [1387 selected]
| >   graph_35    : 2.5390108267818043e-08 +/- 8.56e-11 [95085 selected]
| >   graph_36    : -2.9712753144861984e-09 +/- 1.69e-11 [6210 selected]
| >   graph_37    : 1.6145585341154174e-08 +/- 4.25e-11 [27297 selected]
| >   graph_38    : 3.9891630724290037e-10 +/- 3.19e-12 [1331 selected]
| >   graph_39    : -7.6592689958282708e-09 +/- 2.76e-11 [13054 selected]
| >   graph_40    : -4.6058174445274490e-10 +/- 1.17e-10 [124665 selected]
| >   graph_41    : 1.7353132958715450e-09 +/- 1.24e-11 [5691 selected]
| >   graph_42    : 4.4851293249485423e-09 +/- 6.51e-11 [43047 selected]
| >   graph_43    : 3.0979033737696297e-09 +/- 1.79e-11 [6554 selected]
| >   graph_44    : 4.4526544823646546e-10 +/- 5.60e-12 [2275 selected]
| >   graph_45    : 2.4298416217318467e-10 +/- 8.15e-13 [1363 selected]
| >   graph_46    : -6.0982949883077428e-11 +/- 3.19e-13 [1317 selected]
| >   graph_47    : -6.5438782239028270e-09 +/- 1.03e-10 [133362 selected]
| >   graph_48    : -9.1588997523239856e-11 +/- 1.92e-12 [1336 selected]
| >   graph_49    : -3.4382980938752002e-08 +/- 4.92e-11 [30964 selected]
| >   graph_50    : 8.9794981939174919e-10 +/- 1.11e-11 [3051 selected]
| >   graph_51    : 5.7719384366898928e-09 +/- 1.37e-11 [2995 selected]
| >   graph_52    : 2.2439354722717432e-10 +/- 4.99e-12 [1349 selected]
| >   graph_53    : -8.0695735143855875e-10 +/- 1.06e-11 [4484 selected]
| >   graph_54    : -2.5779713012530322e-09 +/- 8.11e-11 [43997 selected]
| >   graph_55    : 1.1300963075743569e-09 +/- 9.39e-12 [3955 selected]
| >   graph_56    : -4.2033095786944272e-09 +/- 1.03e-11 [2058 selected]
| >   graph_57    : -1.2932223701072537e-08 +/- 3.58e-11 [19845 selected]
| >   graph_58    : 4.5503064265644087e-11 +/- 2.17e-12 [1292 selected]
| >   graph_59    : 4.0389899303862564e-11 +/- 2.10e-12 [1372 selected]
| >   graph_60    : -6.8617982739159952e-11 +/- 2.16e-12 [1315 selected]
| >   graph_61    : 1.2708112592736259e-08 +/- 5.25e-11 [36815 selected]
| >   graph_62    : 4.2687967069721420e-24 +/- 9.96e-24 [1376 selected]
| >   graph_63    : -1.1408080328511094e-09 +/- 7.81e-12 [1844 selected]
| >   graph_64    : 8.3198651650102089e-10 +/- 3.78e-12 [1381 selected]
| >   sum         : 3.0008119086837422e-08
| >   total       : 3.0008119086837415e-08
| >   difference  : 6.6174449004242214e-24
[92mINFO[0m [94msymbolica_integrator l.7237[0m [96mt=2026-09-09,17:12:21.684[0m > Symbolica integration: starting iteration [92m93/100[0m using [94m1000000[0m points ...
[92mINFO[0m [94msymbolica_integrator l.7270[0m [96mt=2026-09-09,17:17:32.760[0m > ... result after this iteration:
| > Integration result after [92m93000000[0m evaluations in [92m1157724.60 CPU-s[0m [94m(12448.7 µs / eval)[0m
| > Extremal weights:
| >   with jacobian    : 6.87291e+04 at xs = [1.1523609142106825e-05 8.0408886661259560e-01 4.9838097880659193e-01 1.8957618633349213e-01 8.5347278385972214e-01 6.8193530704548311e-01] | jacobian = 1.48509e+07
| >     momentum space  : k = [[1.5365375555778040e-03, -4.3457983363555212e-03, 1.8647702504812668e+02]; [4.7634774762067813e+01, -6.2642450015685178e+01, -5.0616133684117784e+01]]
| >   without jacobian : 7.84418e+05 at xs = [3.9947391381704589e-07 6.2757130757519386e-01 5.0002090198912297e-01 1.8892132356910088e-01 9.8977328095746864e-01 4.0061987662812071e-01] | jacobian = 1.99888e+04
| >     momentum space  : k = [[-1.1114822438019480e-04, -1.1479894493241090e-04, 1.8568280355714327e+02]; [8.8483238395265957e+01, -5.6934497954461323e+00, 2.8618624556089237e+01]]
| >   before clipping   : -1.56796e+10 at xs = [3.9947391381704589e-07 6.2757130757519386e-01 5.0002090198912297e-01 1.8892132356910088e-01 9.8977328095746864e-01 4.0061987662812071e-01]
| >     momentum space  : k = [[-1.1114822438019480e-04, -1.1479894493241090e-04, 1.8568280355714327e+02]; [8.8483238395265957e+01, -5.6934497954461323e+00, 2.8618624556089237e+01]]
| > Stability pipeline: float pairs accepted = 127601559, HP pairs attempted/accepted = 3229451/3229451
| > Stability triggers: float mismatch = 3023841, float non-finite/error = 1707
| > HP precision escalations: attempted/accepted = 4604/4604
| > Higher-precision rejections: disagreement = 0, non-finite = 0, error = 0
| > Soft-mirror stability: pairs = 40803992, large-side triggers = 202866, HP orbits attempted/salvaged/failed = 2972982/2972982/0
| > Soft-mirror extrema: raw original = -3.15647e+10, post-average = -1.56796e+10
| > Strongest soft-mirror cancellation: residual/raw = 0.00000e+00
| > Unstable rotational-check points rejected = 0
| > Rotational-check high-precision retries = 3025548
| > Rotational-check high-precision salvaged = 3025548
| > Large-weight high-precision retries = 203903
| > Large-weight high-precision salvaged = 203903
| > Large-weight high-precision rejected = 0
| > Large-weight samples zeroed = 348 (3.742e-06 of samples; removed signed/absolute sums = -1.55779e+10/1.59887e+10)
| > Non-finite final outputs zeroed = 0
| > Non-finite float rotated evaluations seen = 76
| > Example higher-precision-retried xs = [1.7265545145750016e-01 3.0987003362503329e-01 3.2061093419506459e-01 2.9773816827716681e-01 4.2264025488893087e-01 5.4552528647525544e-01] | float rel = 1.83306e+00
| >     momentum space  : k = [[-2.5923335064264300e+01, 6.5631404491694042e+01, 4.4592524277177773e+01]; [-1.4841504911254179e+02, 7.8414345192107874e+01, -2.4172211541858793e+01]]
| > Example large-weight higher-precision-retried xs = [6.2315394262952850e-03 8.7335248832704826e-02 4.3698273950411237e-01 1.7075337559625559e-01 2.3328011702598017e-02 8.1591186955703054e-01] | compiled = 1.29744e+03 | higher precision = -1.91195e+00
| >     momentum space  : k = [[2.0981863278860531e+00, 1.2827845393213939e+00, 1.6464272205621262e+02]; [4.4540392286650942e+01, 6.5756311498899862e+00, -6.8970990633645286e+01]]
| > Example NaN/non-finite rotated xs = [9.7362215618168912e-01 2.8761982718842016e-02 7.1239412401005031e-01 7.6351383122687992e-06 8.1517347970654108e-01 4.6873166947969135e-02]
| >     momentum space  : k = [[1.1408782098248355e+04, 2.0845012077396245e+03, -9.1365956262265390e+03]; [1.7841371185143296e-04, -4.1105989017338625e-04, -2.9424209241204335e+04]]
| > [92mCentral value[0m : +2.9984314125092777e-08   +/- 3.40e-10     ([91m1.133%[0m)
[92mINFO[0m [94msymbolica_integrator l.7274[0m [96mt=2026-09-09,17:17:32.761[0m > | > Graph-channel Symbolica observer estimates:
| >   graph_0     : -2.0685188969950884e-08 +/- 6.06e-11 [49365 selected]
| >   graph_1     : 3.3481849352822680e-10 +/- 5.50e-12 [1417 selected]
| >   graph_2     : -1.2802799013335795e-08 +/- 2.90e-11 [13200 selected]
| >   graph_3     : 1.1071821558079153e-10 +/- 1.11e-12 [1349 selected]
| >   graph_4     : -6.4233419147964780e-10 +/- 9.08e-12 [2097 selected]
| >   graph_5     : -3.8776666010438666e-11 +/- 1.27e-12 [1321 selected]
| >   graph_6     : -4.0030068878614920e-11 +/- 1.33e-12 [1379 selected]
| >   graph_7     : 6.5277940667318078e-11 +/- 1.89e-12 [1397 selected]
| >   graph_8     : -9.0589776363636538e-10 +/- 7.62e-12 [3262 selected]
| >   graph_9     : 1.0636702838201241e-09 +/- 7.88e-12 [3567 selected]
| >   graph_10    : -2.7394947684327351e-09 +/- 3.69e-11 [21118 selected]
| >   graph_11    : 2.0098125314793091e-27 +/- 2.05e-28 [1359 selected]
| >   graph_12    : -5.5474645384237428e-10 +/- 5.57e-12 [2278 selected]
| >   graph_13    : -1.1802547827196328e-08 +/- 5.75e-11 [40646 selected]
| >   graph_14    : 1.0950147401524687e-10 +/- 3.69e-13 [1305 selected]
| >   graph_15    : 8.2901657739611402e-24 +/- 6.37e-24 [1357 selected]
| >   graph_16    : 3.8850247865447685e-09 +/- 9.72e-12 [1824 selected]
| >   graph_17    : -3.5670661851597190e-10 +/- 1.19e-12 [1327 selected]
| >   graph_18    : 1.1863025744696063e-08 +/- 3.21e-11 [16874 selected]
| >   graph_19    : 1.0627236987623287e-09 +/- 4.76e-12 [1294 selected]
| >   graph_20    : -7.6978437450318669e-10 +/- 3.29e-12 [1359 selected]
| >   graph_21    : -8.6817368638445332e-10 +/- 7.96e-12 [3475 selected]
| >   graph_22    : -3.2862449726697937e-10 +/- 2.02e-10 [54003 selected]
| >   graph_23    : -3.0299439389752302e-10 +/- 1.32e-11 [1999 selected]
| >   graph_24    : 5.9755497571794986e-10 +/- 1.24e-11 [3758 selected]
| >   graph_25    : 4.2803121974525776e-10 +/- 8.55e-12 [1926 selected]
| >   graph_26    : -2.1305720685333900e-10 +/- 7.34e-13 [1313 selected]
| >   graph_27    : -2.7356352765865262e-11 +/- 9.17e-14 [1324 selected]
| >   graph_28    : -1.1725705260107725e-09 +/- 6.90e-12 [1430 selected]
| >   graph_29    : 6.8153313986116272e-08 +/- 7.84e-11 [60290 selected]
| >   graph_30    : -1.2231250595170378e-09 +/- 6.78e-11 [66760 selected]
| >   graph_31    : 4.1001994253352447e-11 +/- 3.79e-13 [1358 selected]
| >   graph_32    : -4.9818998702803227e-11 +/- 6.69e-12 [1734 selected]
| >   graph_33    : -1.8747553247259162e-09 +/- 1.57e-11 [7125 selected]
| >   graph_34    : 9.2135834477480796e-26 +/- 4.15e-26 [1282 selected]
| >   graph_35    : 2.5390370983618499e-08 +/- 8.49e-11 [95255 selected]
| >   graph_36    : -2.9687525923512736e-09 +/- 1.68e-11 [6236 selected]
| >   graph_37    : 1.6146126371734241e-08 +/- 4.23e-11 [27252 selected]
| >   graph_38    : 3.9915142048634764e-10 +/- 3.18e-12 [1365 selected]
| >   graph_39    : -7.6585109447819244e-09 +/- 2.74e-11 [13140 selected]
| >   graph_40    : -4.7888690153341928e-10 +/- 1.17e-10 [125134 selected]
| >   graph_41    : 1.7368092353604027e-09 +/- 1.24e-11 [5687 selected]
| >   graph_42    : 4.4803447144037242e-09 +/- 6.45e-11 [43153 selected]
| >   graph_43    : 3.0978017902352180e-09 +/- 1.78e-11 [6606 selected]
| >   graph_44    : 4.4540883301550354e-10 +/- 5.58e-12 [2310 selected]
| >   graph_45    : 2.4291459105113611e-10 +/- 8.11e-13 [1301 selected]
| >   graph_46    : -6.0976349585134031e-11 +/- 3.17e-13 [1342 selected]
| >   graph_47    : -6.5453725808482001e-09 +/- 1.02e-10 [133398 selected]
| >   graph_48    : -9.1743385131772929e-11 +/- 1.91e-12 [1367 selected]
| >   graph_49    : -3.4377380030902832e-08 +/- 4.89e-11 [30765 selected]
| >   graph_50    : 8.9694378580506213e-10 +/- 1.11e-11 [3056 selected]
| >   graph_51    : 5.7735638508421022e-09 +/- 1.37e-11 [3078 selected]
| >   graph_52    : 2.2445256495880161e-10 +/- 4.97e-12 [1313 selected]
| >   graph_53    : -8.0845065584265939e-10 +/- 1.05e-11 [4696 selected]
| >   graph_54    : -2.5790119349211579e-09 +/- 8.03e-11 [44381 selected]
| >   graph_55    : 1.1296002754041759e-09 +/- 9.34e-12 [3984 selected]
| >   graph_56    : -4.2024345322595183e-09 +/- 1.02e-11 [1984 selected]
| >   graph_57    : -1.2934797516550573e-08 +/- 3.56e-11 [20013 selected]
| >   graph_58    : 4.5262168115956949e-11 +/- 2.15e-12 [1324 selected]
| >   graph_59    : 4.0009723358955758e-11 +/- 2.09e-12 [1269 selected]
| >   graph_60    : -6.8518885626416726e-11 +/- 2.15e-12 [1468 selected]
| >   graph_61    : 1.2703524245019400e-08 +/- 5.21e-11 [37673 selected]
| >   graph_62    : 4.2151917371094512e-24 +/- 9.85e-24 [1364 selected]
| >   graph_63    : -1.1410452055112720e-09 +/- 7.77e-12 [1863 selected]
| >   graph_64    : 8.3203103598874163e-10 +/- 3.76e-12 [1351 selected]
| >   sum         : 2.9984314125092797e-08
| >   total       : 2.9984314125092777e-08
| >   difference  : 1.9852334701272664e-23
[92mINFO[0m [94msymbolica_integrator l.7237[0m [96mt=2026-09-09,17:17:32.761[0m > Symbolica integration: starting iteration [92m94/100[0m using [94m1000000[0m points ...
[92mINFO[0m [94msymbolica_integrator l.7270[0m [96mt=2026-09-09,17:23:33.409[0m > ... result after this iteration:
| > Integration result after [92m94000000[0m evaluations in [92m1168530.22 CPU-s[0m [94m(12431.2 µs / eval)[0m
| > Extremal weights:
| >   with jacobian    : 6.87291e+04 at xs = [1.1523609142106825e-05 8.0408886661259560e-01 4.9838097880659193e-01 1.8957618633349213e-01 8.5347278385972214e-01 6.8193530704548311e-01] | jacobian = 1.48509e+07
| >     momentum space  : k = [[1.5365375555778040e-03, -4.3457983363555212e-03, 1.8647702504812668e+02]; [4.7634774762067813e+01, -6.2642450015685178e+01, -5.0616133684117784e+01]]
| >   without jacobian : 7.84418e+05 at xs = [3.9947391381704589e-07 6.2757130757519386e-01 5.0002090198912297e-01 1.8892132356910088e-01 9.8977328095746864e-01 4.0061987662812071e-01] | jacobian = 1.99888e+04
| >     momentum space  : k = [[-1.1114822438019480e-04, -1.1479894493241090e-04, 1.8568280355714327e+02]; [8.8483238395265957e+01, -5.6934497954461323e+00, 2.8618624556089237e+01]]
| >   before clipping   : -1.56796e+10 at xs = [3.9947391381704589e-07 6.2757130757519386e-01 5.0002090198912297e-01 1.8892132356910088e-01 9.8977328095746864e-01 4.0061987662812071e-01]
| >     momentum space  : k = [[-1.1114822438019480e-04, -1.1479894493241090e-04, 1.8568280355714327e+02]; [8.8483238395265957e+01, -5.6934497954461323e+00, 2.8618624556089237e+01]]
| > Stability pipeline: float pairs accepted = 128939743, HP pairs attempted/accepted = 3266065/3266065
| > Stability triggers: float mismatch = 3058177, float non-finite/error = 1733
| > HP precision escalations: attempted/accepted = 4673/4673
| > Higher-precision rejections: disagreement = 0, non-finite = 0, error = 0
| > Soft-mirror stability: pairs = 41213160, large-side triggers = 205112, HP orbits attempted/salvaged/failed = 3007352/3007352/0
| > Soft-mirror extrema: raw original = -3.15647e+10, post-average = -1.56796e+10
| > Strongest soft-mirror cancellation: residual/raw = 0.00000e+00
| > Unstable rotational-check points rejected = 0
| > Rotational-check high-precision retries = 3059910
| > Rotational-check high-precision salvaged = 3059910
| > Large-weight high-precision retries = 206155
| > Large-weight high-precision salvaged = 206155
| > Large-weight high-precision rejected = 0
| > Large-weight samples zeroed = 350 (3.723e-06 of samples; removed signed/absolute sums = -1.55769e+10/1.59899e+10)
| > Non-finite final outputs zeroed = 0
| > Non-finite float rotated evaluations seen = 77
| > Example higher-precision-retried xs = [1.7265545145750016e-01 3.0987003362503329e-01 3.2061093419506459e-01 2.9773816827716681e-01 4.2264025488893087e-01 5.4552528647525544e-01] | float rel = 1.83306e+00
| >     momentum space  : k = [[-2.5923335064264300e+01, 6.5631404491694042e+01, 4.4592524277177773e+01]; [-1.4841504911254179e+02, 7.8414345192107874e+01, -2.4172211541858793e+01]]
| > Example large-weight higher-precision-retried xs = [6.2315394262952850e-03 8.7335248832704826e-02 4.3698273950411237e-01 1.7075337559625559e-01 2.3328011702598017e-02 8.1591186955703054e-01] | compiled = 1.29744e+03 | higher precision = -1.91195e+00
| >     momentum space  : k = [[2.0981863278860531e+00, 1.2827845393213939e+00, 1.6464272205621262e+02]; [4.4540392286650942e+01, 6.5756311498899862e+00, -6.8970990633645286e+01]]
| > Example NaN/non-finite rotated xs = [9.7362215618168912e-01 2.8761982718842016e-02 7.1239412401005031e-01 7.6351383122687992e-06 8.1517347970654108e-01 4.6873166947969135e-02]
| >     momentum space  : k = [[1.1408782098248355e+04, 2.0845012077396245e+03, -9.1365956262265390e+03]; [1.7841371185143296e-04, -4.1105989017338625e-04, -2.9424209241204335e+04]]
| > [92mCentral value[0m : +2.9975004765154464e-08   +/- 3.37e-10     ([91m1.124%[0m)
[92mINFO[0m [94msymbolica_integrator l.7274[0m [96mt=2026-09-09,17:23:33.410[0m > | > Graph-channel Symbolica observer estimates:
| >   graph_0     : -2.0689677917262512e-08 +/- 6.02e-11 [49907 selected]
| >   graph_1     : 3.3478237960138793e-10 +/- 5.47e-12 [1458 selected]
| >   graph_2     : -1.2803630306173351e-08 +/- 2.88e-11 [13163 selected]
| >   graph_3     : 1.1073769842994287e-10 +/- 1.10e-12 [1326 selected]
| >   graph_4     : -6.4152814238765802e-10 +/- 9.04e-12 [2229 selected]
| >   graph_5     : -3.8909919631552517e-11 +/- 1.26e-12 [1372 selected]
| >   graph_6     : -3.9992916068003338e-11 +/- 1.32e-12 [1360 selected]
| >   graph_7     : 6.5196207156082784e-11 +/- 1.88e-12 [1325 selected]
| >   graph_8     : -9.0654143431431053e-10 +/- 7.58e-12 [3229 selected]
| >   graph_9     : 1.0633841362679579e-09 +/- 7.84e-12 [3632 selected]
| >   graph_10    : -2.7369195869315981e-09 +/- 3.67e-11 [20906 selected]
| >   graph_11    : 2.0346290287179579e-27 +/- 2.04e-28 [1353 selected]
| >   graph_12    : -5.5525930596460934e-10 +/- 5.54e-12 [2316 selected]
| >   graph_13    : -1.1817441220206442e-08 +/- 5.75e-11 [40642 selected]
| >   graph_14    : 1.0945783475023846e-10 +/- 3.67e-13 [1297 selected]
| >   graph_15    : 8.2005794220857700e-24 +/- 6.30e-24 [1367 selected]
| >   graph_16    : 3.8844923914236343e-09 +/- 9.68e-12 [1823 selected]
| >   graph_17    : -3.5697803931893355e-10 +/- 1.19e-12 [1410 selected]
| >   graph_18    : 1.1868073154766637e-08 +/- 3.18e-11 [16902 selected]
| >   graph_19    : 1.0622816422612751e-09 +/- 4.73e-12 [1365 selected]
| >   graph_20    : -7.6906064263948379e-10 +/- 3.27e-12 [1303 selected]
| >   graph_21    : -8.6875410255979290e-10 +/- 7.92e-12 [3502 selected]
| >   graph_22    : -3.3074453650431793e-10 +/- 2.00e-10 [51102 selected]
| >   graph_23    : -3.0251758830793818e-10 +/- 1.30e-11 [2041 selected]
| >   graph_24    : 5.9605317789694129e-10 +/- 1.23e-11 [3633 selected]
| >   graph_25    : 4.2845767832144859e-10 +/- 8.51e-12 [2012 selected]
| >   graph_26    : -2.1303114178015758e-10 +/- 7.29e-13 [1344 selected]
| >   graph_27    : -2.7360018632163882e-11 +/- 9.13e-14 [1326 selected]
| >   graph_28    : -1.1731142613010654e-09 +/- 6.87e-12 [1509 selected]
| >   graph_29    : 6.8156545642768196e-08 +/- 7.78e-11 [60975 selected]
| >   graph_30    : -1.2305840876695629e-09 +/- 6.73e-11 [66798 selected]
| >   graph_31    : 4.0987054785778146e-11 +/- 3.77e-13 [1379 selected]
| >   graph_32    : -4.9891226243904852e-11 +/- 6.67e-12 [1653 selected]
| >   graph_33    : -1.8770102696677704e-09 +/- 1.56e-11 [7167 selected]
| >   graph_34    : 9.0178181398536044e-26 +/- 4.12e-26 [1337 selected]
| >   graph_35    : 2.5382008289304984e-08 +/- 8.41e-11 [95835 selected]
| >   graph_36    : -2.9658444648762150e-09 +/- 1.67e-11 [6323 selected]
| >   graph_37    : 1.6147993330405852e-08 +/- 4.20e-11 [27224 selected]
| >   graph_38    : 3.9909280339382013e-10 +/- 3.16e-12 [1387 selected]
| >   graph_39    : -7.6568896682933680e-09 +/- 2.73e-11 [13128 selected]
| >   graph_40    : -4.7287149985137519e-10 +/- 1.16e-10 [126920 selected]
| >   graph_41    : 1.7350721305396967e-09 +/- 1.23e-11 [5571 selected]
| >   graph_42    : 4.4859196470585297e-09 +/- 6.40e-11 [43325 selected]
| >   graph_43    : 3.0993256498701895e-09 +/- 1.77e-11 [6706 selected]
| >   graph_44    : 4.4542894548598023e-10 +/- 5.56e-12 [2272 selected]
| >   graph_45    : 2.4290372537856201e-10 +/- 8.07e-13 [1312 selected]
| >   graph_46    : -6.0967212391963634e-11 +/- 3.15e-13 [1317 selected]
| >   graph_47    : -6.5460703015565078e-09 +/- 1.01e-10 [132933 selected]
| >   graph_48    : -9.2065819419127759e-11 +/- 1.90e-12 [1362 selected]
| >   graph_49    : -3.4373893306282756e-08 +/- 4.85e-11 [31222 selected]
| >   graph_50    : 8.9437819766331942e-10 +/- 1.10e-11 [3089 selected]
| >   graph_51    : 5.7708825081494593e-09 +/- 1.36e-11 [2957 selected]
| >   graph_52    : 2.2458896541788711e-10 +/- 4.94e-12 [1254 selected]
| >   graph_53    : -8.0653146944054584e-10 +/- 1.04e-11 [4583 selected]
| >   graph_54    : -2.5778209462296739e-09 +/- 7.96e-11 [44372 selected]
| >   graph_55    : 1.1290954656600282e-09 +/- 9.30e-12 [3901 selected]
| >   graph_56    : -4.2007853269278988e-09 +/- 1.02e-11 [2005 selected]
| >   graph_57    : -1.2935654158226651e-08 +/- 3.53e-11 [20014 selected]
| >   graph_58    : 4.4978865263962710e-11 +/- 2.14e-12 [1278 selected]
| >   graph_59    : 3.9885193771865373e-11 +/- 2.08e-12 [1354 selected]
| >   graph_60    : -6.8160626103160499e-11 +/- 2.14e-12 [1359 selected]
| >   graph_61    : 1.2709112587532227e-08 +/- 5.17e-11 [37168 selected]
| >   graph_62    : 4.7849774936195871e-25 +/- 1.04e-23 [1274 selected]
| >   graph_63    : -1.1415817262724100e-09 +/- 7.74e-12 [1808 selected]
| >   graph_64    : 8.3197265126534851e-10 +/- 3.74e-12 [1284 selected]
| >   sum         : 2.9975004765154458e-08
| >   total       : 2.9975004765154464e-08
| >   difference  : -6.6174449004242214e-24
[92mINFO[0m [94msymbolica_integrator l.7237[0m [96mt=2026-09-09,17:23:33.410[0m > Symbolica integration: starting iteration [92m95/100[0m using [94m1000000[0m points ...
[92mINFO[0m [94msymbolica_integrator l.7270[0m [96mt=2026-09-09,17:28:53.814[0m > ... result after this iteration:
| > Integration result after [92m95000000[0m evaluations in [92m1180557.12 CPU-s[0m [94m(12426.9 µs / eval)[0m
| > Extremal weights:
| >   with jacobian    : 6.87291e+04 at xs = [1.1523609142106825e-05 8.0408886661259560e-01 4.9838097880659193e-01 1.8957618633349213e-01 8.5347278385972214e-01 6.8193530704548311e-01] | jacobian = 1.48509e+07
| >     momentum space  : k = [[1.5365375555778040e-03, -4.3457983363555212e-03, 1.8647702504812668e+02]; [4.7634774762067813e+01, -6.2642450015685178e+01, -5.0616133684117784e+01]]
| >   without jacobian : 7.84418e+05 at xs = [3.9947391381704589e-07 6.2757130757519386e-01 5.0002090198912297e-01 1.8892132356910088e-01 9.8977328095746864e-01 4.0061987662812071e-01] | jacobian = 1.99888e+04
| >     momentum space  : k = [[-1.1114822438019480e-04, -1.1479894493241090e-04, 1.8568280355714327e+02]; [8.8483238395265957e+01, -5.6934497954461323e+00, 2.8618624556089237e+01]]
| >   before clipping   : -1.56796e+10 at xs = [3.9947391381704589e-07 6.2757130757519386e-01 5.0002090198912297e-01 1.8892132356910088e-01 9.8977328095746864e-01 4.0061987662812071e-01]
| >     momentum space  : k = [[-1.1114822438019480e-04, -1.1479894493241090e-04, 1.8568280355714327e+02]; [8.8483238395265957e+01, -5.6934497954461323e+00, 2.8618624556089237e+01]]
| > Stability pipeline: float pairs accepted = 130285274, HP pairs attempted/accepted = 3299761/3299761
| > Stability triggers: float mismatch = 3089797, float non-finite/error = 1758
| > HP precision escalations: attempted/accepted = 4734/4734
| > Higher-precision rejections: disagreement = 0, non-finite = 0, error = 0
| > Soft-mirror stability: pairs = 41623964, large-side triggers = 207150, HP orbits attempted/salvaged/failed = 3038929/3038929/0
| > Soft-mirror extrema: raw original = -3.15647e+10, post-average = -1.56796e+10
| > Strongest soft-mirror cancellation: residual/raw = 0.00000e+00
| > Unstable rotational-check points rejected = 0
| > Rotational-check high-precision retries = 3091555
| > Rotational-check high-precision salvaged = 3091555
| > Large-weight high-precision retries = 208206
| > Large-weight high-precision salvaged = 208206
| > Large-weight high-precision rejected = 0
| > Large-weight samples zeroed = 352 (3.705e-06 of samples; removed signed/absolute sums = -1.55783e+10/1.59915e+10)
| > Non-finite final outputs zeroed = 0
| > Non-finite float rotated evaluations seen = 79
| > Example higher-precision-retried xs = [1.7265545145750016e-01 3.0987003362503329e-01 3.2061093419506459e-01 2.9773816827716681e-01 4.2264025488893087e-01 5.4552528647525544e-01] | float rel = 1.83306e+00
| >     momentum space  : k = [[-2.5923335064264300e+01, 6.5631404491694042e+01, 4.4592524277177773e+01]; [-1.4841504911254179e+02, 7.8414345192107874e+01, -2.4172211541858793e+01]]
| > Example large-weight higher-precision-retried xs = [6.2315394262952850e-03 8.7335248832704826e-02 4.3698273950411237e-01 1.7075337559625559e-01 2.3328011702598017e-02 8.1591186955703054e-01] | compiled = 1.29744e+03 | higher precision = -1.91195e+00
| >     momentum space  : k = [[2.0981863278860531e+00, 1.2827845393213939e+00, 1.6464272205621262e+02]; [4.4540392286650942e+01, 6.5756311498899862e+00, -6.8970990633645286e+01]]
| > Example NaN/non-finite rotated xs = [9.7362215618168912e-01 2.8761982718842016e-02 7.1239412401005031e-01 7.6351383122687992e-06 8.1517347970654108e-01 4.6873166947969135e-02]
| >     momentum space  : k = [[1.1408782098248355e+04, 2.0845012077396245e+03, -9.1365956262265390e+03]; [1.7841371185143296e-04, -4.1105989017338625e-04, -2.9424209241204335e+04]]
| > [92mCentral value[0m : +2.9952280311747445e-08   +/- 3.34e-10     ([91m1.114%[0m)
[92mINFO[0m [94msymbolica_integrator l.7274[0m [96mt=2026-09-09,17:28:53.815[0m > | > Graph-channel Symbolica observer estimates:
| >   graph_0     : -2.0689123563279336e-08 +/- 5.99e-11 [49303 selected]
| >   graph_1     : 3.3535593717584598e-10 +/- 5.44e-12 [1478 selected]
| >   graph_2     : -1.2802102313168953e-08 +/- 2.86e-11 [13225 selected]
| >   graph_3     : 1.1070611768931510e-10 +/- 1.10e-12 [1255 selected]
| >   graph_4     : -6.4222678352733025e-10 +/- 9.00e-12 [2247 selected]
| >   graph_5     : -3.9053322616223948e-11 +/- 1.26e-12 [1348 selected]
| >   graph_6     : -4.0059893330309638e-11 +/- 1.32e-12 [1254 selected]
| >   graph_7     : 6.5215074792206856e-11 +/- 1.88e-12 [1322 selected]
| >   graph_8     : -9.0502151092152340e-10 +/- 7.56e-12 [3225 selected]
| >   graph_9     : 1.0629186192644015e-09 +/- 7.80e-12 [3568 selected]
| >   graph_10    : -2.7412447446381253e-09 +/- 3.64e-11 [21224 selected]
| >   graph_11    : 2.0393686927709753e-27 +/- 2.03e-28 [1308 selected]
| >   graph_12    : -5.5511794355175635e-10 +/- 5.51e-12 [2262 selected]
| >   graph_13    : -1.1822456301002877e-08 +/- 5.70e-11 [41416 selected]
| >   graph_14    : 1.0942317712770424e-10 +/- 3.65e-13 [1318 selected]
| >   graph_15    : 8.1718302294825240e-24 +/- 6.24e-24 [1327 selected]
| >   graph_16    : 3.8831959784337094e-09 +/- 9.64e-12 [1799 selected]
| >   graph_17    : -3.5693706429890473e-10 +/- 1.18e-12 [1320 selected]
| >   graph_18    : 1.1866842344669190e-08 +/- 3.16e-11 [16898 selected]
| >   graph_19    : 1.0627953313678281e-09 +/- 4.71e-12 [1361 selected]
| >   graph_20    : -7.6921792912259664e-10 +/- 3.27e-12 [1352 selected]
| >   graph_21    : -8.6898554769748759e-10 +/- 7.88e-12 [3483 selected]
| >   graph_22    : -3.3170337587488240e-10 +/- 1.98e-10 [49125 selected]
| >   graph_23    : -3.0216986288486983e-10 +/- 1.29e-11 [2038 selected]
| >   graph_24    : 5.9630866688438767e-10 +/- 1.23e-11 [3656 selected]
| >   graph_25    : 4.2872706179185365e-10 +/- 8.48e-12 [2019 selected]
| >   graph_26    : -2.1309540781771062e-10 +/- 7.25e-13 [1377 selected]
| >   graph_27    : -2.7370397183578547e-11 +/- 9.08e-14 [1382 selected]
| >   graph_28    : -1.1735183803442578e-09 +/- 6.84e-12 [1486 selected]
| >   graph_29    : 6.8148028997639870e-08 +/- 7.72e-11 [60870 selected]
| >   graph_30    : -1.2277378227760506e-09 +/- 6.68e-11 [66785 selected]
| >   graph_31    : 4.0982087348534250e-11 +/- 3.76e-13 [1372 selected]
| >   graph_32    : -4.8486231897416519e-11 +/- 6.63e-12 [1683 selected]
| >   graph_33    : -1.8752788187171726e-09 +/- 1.55e-11 [7211 selected]
| >   graph_34    : 9.9847563809770084e-26 +/- 4.11e-26 [1313 selected]
| >   graph_35    : 2.5381607701464259e-08 +/- 8.35e-11 [95539 selected]
| >   graph_36    : -2.9668366004013685e-09 +/- 1.67e-11 [6372 selected]
| >   graph_37    : 1.6139256561997856e-08 +/- 4.18e-11 [27454 selected]
| >   graph_38    : 3.9936785289508988e-10 +/- 3.14e-12 [1318 selected]
| >   graph_39    : -7.6584307057756131e-09 +/- 2.71e-11 [13245 selected]
| >   graph_40    : -4.7384658422539629e-10 +/- 1.15e-10 [127374 selected]
| >   graph_41    : 1.7349165932721689e-09 +/- 1.22e-11 [5643 selected]
| >   graph_42    : 4.4902766837460214e-09 +/- 6.34e-11 [43119 selected]
| >   graph_43    : 3.0975746563905951e-09 +/- 1.76e-11 [6763 selected]
| >   graph_44    : 4.4599240528187528e-10 +/- 5.54e-12 [2277 selected]
| >   graph_45    : 2.4286197061051214e-10 +/- 8.02e-13 [1336 selected]
| >   graph_46    : -6.0914663095650393e-11 +/- 3.14e-13 [1278 selected]
| >   graph_47    : -6.5519165139030867e-09 +/- 9.96e-11 [133120 selected]
| >   graph_48    : -9.1960913408555014e-11 +/- 1.89e-12 [1281 selected]
| >   graph_49    : -3.4375188854836161e-08 +/- 4.82e-11 [31306 selected]
| >   graph_50    : 8.9479988691777075e-10 +/- 1.09e-11 [3089 selected]
| >   graph_51    : 5.7725581285738959e-09 +/- 1.36e-11 [3073 selected]
| >   graph_52    : 2.2345559691941031e-10 +/- 4.91e-12 [1295 selected]
| >   graph_53    : -8.0616080317849732e-10 +/- 1.04e-11 [4668 selected]
| >   graph_54    : -2.5796805507801369e-09 +/- 7.89e-11 [44482 selected]
| >   graph_55    : 1.1293575981883737e-09 +/- 9.25e-12 [4001 selected]
| >   graph_56    : -4.2010153312377138e-09 +/- 1.01e-11 [2045 selected]
| >   graph_57    : -1.2935101100623230e-08 +/- 3.51e-11 [20084 selected]
| >   graph_58    : 4.4811445464619704e-11 +/- 2.13e-12 [1311 selected]
| >   graph_59    : 3.9841279510378493e-11 +/- 2.07e-12 [1289 selected]
| >   graph_60    : -6.8099489084300469e-11 +/- 2.13e-12 [1341 selected]
| >   graph_61    : 1.2716141008306197e-08 +/- 5.13e-11 [37650 selected]
| >   graph_62    : 4.9127295402935803e-25 +/- 1.03e-23 [1391 selected]
| >   graph_63    : -1.1428733412210333e-09 +/- 7.71e-12 [1933 selected]
| >   graph_64    : 8.3189421444564616e-10 +/- 3.72e-12 [1313 selected]
| >   sum         : 2.9952280311747418e-08
| >   total       : 2.9952280311747445e-08
| >   difference  : -2.6469779601696886e-23
[92mINFO[0m [94msymbolica_integrator l.7237[0m [96mt=2026-09-09,17:28:53.815[0m > Symbolica integration: starting iteration [92m96/100[0m using [94m1000000[0m points ...
[92mINFO[0m [94msymbolica_integrator l.7270[0m [96mt=2026-09-09,17:36:58.849[0m > ... result after this iteration:
| > Integration result after [92m96000000[0m evaluations in [92m1204161.44 CPU-s[0m [94m(12543.3 µs / eval)[0m
| > Extremal weights:
| >   with jacobian    : 6.87291e+04 at xs = [1.1523609142106825e-05 8.0408886661259560e-01 4.9838097880659193e-01 1.8957618633349213e-01 8.5347278385972214e-01 6.8193530704548311e-01] | jacobian = 1.48509e+07
| >     momentum space  : k = [[1.5365375555778040e-03, -4.3457983363555212e-03, 1.8647702504812668e+02]; [4.7634774762067813e+01, -6.2642450015685178e+01, -5.0616133684117784e+01]]
| >   without jacobian : 7.84418e+05 at xs = [3.9947391381704589e-07 6.2757130757519386e-01 5.0002090198912297e-01 1.8892132356910088e-01 9.8977328095746864e-01 4.0061987662812071e-01] | jacobian = 1.99888e+04
| >     momentum space  : k = [[-1.1114822438019480e-04, -1.1479894493241090e-04, 1.8568280355714327e+02]; [8.8483238395265957e+01, -5.6934497954461323e+00, 2.8618624556089237e+01]]
| >   before clipping   : -1.56796e+10 at xs = [3.9947391381704589e-07 6.2757130757519386e-01 5.0002090198912297e-01 1.8892132356910088e-01 9.8977328095746864e-01 4.0061987662812071e-01]
| >     momentum space  : k = [[-1.1114822438019480e-04, -1.1479894493241090e-04, 1.8568280355714327e+02]; [8.8483238395265957e+01, -5.6934497954461323e+00, 2.8618624556089237e+01]]
| > Stability pipeline: float pairs accepted = 131631890, HP pairs attempted/accepted = 3333302/3333302
| > Stability triggers: float mismatch = 3121389, float non-finite/error = 1781
| > HP precision escalations: attempted/accepted = 4786/4786
| > Higher-precision rejections: disagreement = 0, non-finite = 0, error = 0
| > Soft-mirror stability: pairs = 42035652, large-side triggers = 209067, HP orbits attempted/salvaged/failed = 3070460/3070460/0
| > Soft-mirror extrema: raw original = -3.15647e+10, post-average = -1.56796e+10
| > Strongest soft-mirror cancellation: residual/raw = 0.00000e+00
| > Unstable rotational-check points rejected = 0
| > Rotational-check high-precision retries = 3123170
| > Rotational-check high-precision salvaged = 3123170
| > Large-weight high-precision retries = 210132
| > Large-weight high-precision salvaged = 210132
| > Large-weight high-precision rejected = 0
| > Large-weight samples zeroed = 355 (3.698e-06 of samples; removed signed/absolute sums = -1.55781e+10/1.59919e+10)
| > Non-finite final outputs zeroed = 0
| > Non-finite float rotated evaluations seen = 80
| > Example higher-precision-retried xs = [1.7265545145750016e-01 3.0987003362503329e-01 3.2061093419506459e-01 2.9773816827716681e-01 4.2264025488893087e-01 5.4552528647525544e-01] | float rel = 1.83306e+00
| >     momentum space  : k = [[-2.5923335064264300e+01, 6.5631404491694042e+01, 4.4592524277177773e+01]; [-1.4841504911254179e+02, 7.8414345192107874e+01, -2.4172211541858793e+01]]
| > Example large-weight higher-precision-retried xs = [6.2315394262952850e-03 8.7335248832704826e-02 4.3698273950411237e-01 1.7075337559625559e-01 2.3328011702598017e-02 8.1591186955703054e-01] | compiled = 1.29744e+03 | higher precision = -1.91195e+00
| >     momentum space  : k = [[2.0981863278860531e+00, 1.2827845393213939e+00, 1.6464272205621262e+02]; [4.4540392286650942e+01, 6.5756311498899862e+00, -6.8970990633645286e+01]]
| > Example NaN/non-finite rotated xs = [9.7362215618168912e-01 2.8761982718842016e-02 7.1239412401005031e-01 7.6351383122687992e-06 8.1517347970654108e-01 4.6873166947969135e-02]
| >     momentum space  : k = [[1.1408782098248355e+04, 2.0845012077396245e+03, -9.1365956262265390e+03]; [1.7841371185143296e-04, -4.1105989017338625e-04, -2.9424209241204335e+04]]
| > [92mCentral value[0m : +2.9910755897315649e-08   +/- 3.31e-10     ([91m1.106%[0m)
[92mINFO[0m [94msymbolica_integrator l.7274[0m [96mt=2026-09-09,17:36:58.850[0m > | > Graph-channel Symbolica observer estimates:
| >   graph_0     : -2.0687328694391006e-08 +/- 5.95e-11 [50254 selected]
| >   graph_1     : 3.3411233498713523e-10 +/- 5.43e-12 [1448 selected]
| >   graph_2     : -1.2804846379853750e-08 +/- 2.85e-11 [13367 selected]
| >   graph_3     : 1.1083165092711916e-10 +/- 1.09e-12 [1381 selected]
| >   graph_4     : -6.4189912593647408e-10 +/- 8.96e-12 [2219 selected]
| >   graph_5     : -3.8944357636683158e-11 +/- 1.25e-12 [1329 selected]
| >   graph_6     : -4.0104695907674248e-11 +/- 1.31e-12 [1357 selected]
| >   graph_7     : 6.5261432448055512e-11 +/- 1.87e-12 [1273 selected]
| >   graph_8     : -9.0598428546987578e-10 +/- 7.53e-12 [3171 selected]
| >   graph_9     : 1.0617931804445095e-09 +/- 7.76e-12 [3550 selected]
| >   graph_10    : -2.7408449801221118e-09 +/- 3.61e-11 [21187 selected]
| >   graph_11    : 2.0353212787287394e-27 +/- 2.01e-28 [1309 selected]
| >   graph_12    : -5.5483064445072396e-10 +/- 5.49e-12 [2324 selected]
| >   graph_13    : -1.1825421475794823e-08 +/- 5.65e-11 [40956 selected]
| >   graph_14    : 1.0941423850730981e-10 +/- 3.63e-13 [1342 selected]
| >   graph_15    : 8.0686434676302985e-24 +/- 6.17e-24 [1355 selected]
| >   graph_16    : 3.8827125470806630e-09 +/- 9.60e-12 [1805 selected]
| >   graph_17    : -3.5700925491752666e-10 +/- 1.18e-12 [1310 selected]
| >   graph_18    : 1.1865895617951288e-08 +/- 3.14e-11 [17119 selected]
| >   graph_19    : 1.0621485914175241e-09 +/- 4.69e-12 [1319 selected]
| >   graph_20    : -7.6952318203431138e-10 +/- 3.26e-12 [1335 selected]
| >   graph_21    : -8.6885614295091297e-10 +/- 7.84e-12 [3470 selected]
| >   graph_22    : -3.3295625310654048e-10 +/- 1.96e-10 [46883 selected]
| >   graph_23    : -3.0172458280744128e-10 +/- 1.28e-11 [1949 selected]
| >   graph_24    : 5.9527141660207302e-10 +/- 1.22e-11 [3578 selected]
| >   graph_25    : 4.2921945335333051e-10 +/- 8.44e-12 [1978 selected]
| >   graph_26    : -2.1312184730676380e-10 +/- 7.21e-13 [1370 selected]
| >   graph_27    : -2.7358782401938793e-11 +/- 9.03e-14 [1299 selected]
| >   graph_28    : -1.1736926654871873e-09 +/- 6.81e-12 [1480 selected]
| >   graph_29    : 6.8143168925145536e-08 +/- 7.67e-11 [61273 selected]
| >   graph_30    : -1.2291876147068794e-09 +/- 6.62e-11 [67161 selected]
| >   graph_31    : 4.1004299572171946e-11 +/- 3.74e-13 [1327 selected]
| >   graph_32    : -4.9562511552840246e-11 +/- 6.60e-12 [1616 selected]
| >   graph_33    : -1.8753649222413377e-09 +/- 1.54e-11 [7117 selected]
| >   graph_34    : 1.0522301271189334e-25 +/- 4.08e-26 [1328 selected]
| >   graph_35    : 2.5371275753668722e-08 +/- 8.28e-11 [96022 selected]
| >   graph_36    : -2.9683763749364528e-09 +/- 1.66e-11 [6255 selected]
| >   graph_37    : 1.6137727109895154e-08 +/- 4.15e-11 [27336 selected]
| >   graph_38    : 3.9923593325721642e-10 +/- 3.13e-12 [1338 selected]
| >   graph_39    : -7.6598524739963811e-09 +/- 2.70e-11 [13285 selected]
| >   graph_40    : -4.6555585845154520e-10 +/- 1.14e-10 [128234 selected]
| >   graph_41    : 1.7340568734045499e-09 +/- 1.22e-11 [5877 selected]
| >   graph_42    : 4.4832555169013636e-09 +/- 6.29e-11 [43485 selected]
| >   graph_43    : 3.0967023934274807e-09 +/- 1.76e-11 [6781 selected]
| >   graph_44    : 4.4629963382154078e-10 +/- 5.51e-12 [2257 selected]
| >   graph_45    : 2.4284820456104395e-10 +/- 7.98e-13 [1321 selected]
| >   graph_46    : -6.1035060017214115e-11 +/- 3.16e-13 [1372 selected]
| >   graph_47    : -6.5603890609429531e-09 +/- 9.86e-11 [133006 selected]
| >   graph_48    : -9.1813729403849018e-11 +/- 1.88e-12 [1294 selected]
| >   graph_49    : -3.4378031916638262e-08 +/- 4.79e-11 [31279 selected]
| >   graph_50    : 8.9636562693901530e-10 +/- 1.09e-11 [3118 selected]
| >   graph_51    : 5.7725148604505608e-09 +/- 1.35e-11 [3101 selected]
| >   graph_52    : 2.2336785360567994e-10 +/- 4.89e-12 [1326 selected]
| >   graph_53    : -8.0563276397489869e-10 +/- 1.03e-11 [4516 selected]
| >   graph_54    : -2.5775204782999806e-09 +/- 7.82e-11 [44353 selected]
| >   graph_55    : 1.1297709405244134e-09 +/- 9.20e-12 [3912 selected]
| >   graph_56    : -4.2017581896415456e-09 +/- 1.01e-11 [1985 selected]
| >   graph_57    : -1.2937583851612754e-08 +/- 3.49e-11 [20077 selected]
| >   graph_58    : 4.4887158367215815e-11 +/- 2.12e-12 [1348 selected]
| >   graph_59    : 4.0034046660824186e-11 +/- 2.06e-12 [1309 selected]
| >   graph_60    : -6.8210121623419301e-11 +/- 2.12e-12 [1341 selected]
| >   graph_61    : 1.2716663028458020e-08 +/- 5.09e-11 [37451 selected]
| >   graph_62    : 4.5197035818629921e-25 +/- 1.02e-23 [1307 selected]
| >   graph_63    : -1.1424874618072880e-09 +/- 7.67e-12 [1868 selected]
| >   graph_64    : 8.3172701535943750e-10 +/- 3.70e-12 [1307 selected]
| >   sum         : 2.9910755897315616e-08
| >   total       : 2.9910755897315649e-08
| >   difference  : -3.3087224502121107e-23
[92mINFO[0m [94msymbolica_integrator l.7237[0m [96mt=2026-09-09,17:36:58.850[0m > Symbolica integration: starting iteration [92m97/100[0m using [94m1000000[0m points ...
[92mINFO[0m [94msymbolica_integrator l.7270[0m [96mt=2026-09-09,17:45:12.196[0m > ... result after this iteration:
| > Integration result after [92m97000000[0m evaluations in [92m1228307.15 CPU-s[0m [94m(12663.0 µs / eval)[0m
| > Extremal weights:
| >   with jacobian    : 6.87291e+04 at xs = [1.1523609142106825e-05 8.0408886661259560e-01 4.9838097880659193e-01 1.8957618633349213e-01 8.5347278385972214e-01 6.8193530704548311e-01] | jacobian = 1.48509e+07
| >     momentum space  : k = [[1.5365375555778040e-03, -4.3457983363555212e-03, 1.8647702504812668e+02]; [4.7634774762067813e+01, -6.2642450015685178e+01, -5.0616133684117784e+01]]
| >   without jacobian : 7.84418e+05 at xs = [3.9947391381704589e-07 6.2757130757519386e-01 5.0002090198912297e-01 1.8892132356910088e-01 9.8977328095746864e-01 4.0061987662812071e-01] | jacobian = 1.99888e+04
| >     momentum space  : k = [[-1.1114822438019480e-04, -1.1479894493241090e-04, 1.8568280355714327e+02]; [8.8483238395265957e+01, -5.6934497954461323e+00, 2.8618624556089237e+01]]
| >   before clipping   : -1.56796e+10 at xs = [3.9947391381704589e-07 6.2757130757519386e-01 5.0002090198912297e-01 1.8892132356910088e-01 9.8977328095746864e-01 4.0061987662812071e-01]
| >     momentum space  : k = [[-1.1114822438019480e-04, -1.1479894493241090e-04, 1.8568280355714327e+02]; [8.8483238395265957e+01, -5.6934497954461323e+00, 2.8618624556089237e+01]]
| > Stability pipeline: float pairs accepted = 132985644, HP pairs attempted/accepted = 3363669/3363669
| > Stability triggers: float mismatch = 3150067, float non-finite/error = 1806
| > HP precision escalations: attempted/accepted = 4842/4842
| > Higher-precision rejections: disagreement = 0, non-finite = 0, error = 0
| > Soft-mirror stability: pairs = 42447965, large-side triggers = 210715, HP orbits attempted/salvaged/failed = 3098652/3098652/0
| > Soft-mirror extrema: raw original = -3.15647e+10, post-average = -1.56796e+10
| > Strongest soft-mirror cancellation: residual/raw = 0.00000e+00
| > Unstable rotational-check points rejected = 0
| > Rotational-check high-precision retries = 3151873
| > Rotational-check high-precision salvaged = 3151873
| > Large-weight high-precision retries = 211796
| > Large-weight high-precision salvaged = 211796
| > Large-weight high-precision rejected = 0
| > Large-weight samples zeroed = 359 (3.701e-06 of samples; removed signed/absolute sums = -1.55720e+10/1.59980e+10)
| > Non-finite final outputs zeroed = 0
| > Non-finite float rotated evaluations seen = 83
| > Example higher-precision-retried xs = [1.7265545145750016e-01 3.0987003362503329e-01 3.2061093419506459e-01 2.9773816827716681e-01 4.2264025488893087e-01 5.4552528647525544e-01] | float rel = 1.83306e+00
| >     momentum space  : k = [[-2.5923335064264300e+01, 6.5631404491694042e+01, 4.4592524277177773e+01]; [-1.4841504911254179e+02, 7.8414345192107874e+01, -2.4172211541858793e+01]]
| > Example large-weight higher-precision-retried xs = [6.2315394262952850e-03 8.7335248832704826e-02 4.3698273950411237e-01 1.7075337559625559e-01 2.3328011702598017e-02 8.1591186955703054e-01] | compiled = 1.29744e+03 | higher precision = -1.91195e+00
| >     momentum space  : k = [[2.0981863278860531e+00, 1.2827845393213939e+00, 1.6464272205621262e+02]; [4.4540392286650942e+01, 6.5756311498899862e+00, -6.8970990633645286e+01]]
| > Example NaN/non-finite rotated xs = [9.7362215618168912e-01 2.8761982718842016e-02 7.1239412401005031e-01 7.6351383122687992e-06 8.1517347970654108e-01 4.6873166947969135e-02]
| >     momentum space  : k = [[1.1408782098248355e+04, 2.0845012077396245e+03, -9.1365956262265390e+03]; [1.7841371185143296e-04, -4.1105989017338625e-04, -2.9424209241204335e+04]]
| > [92mCentral value[0m : +2.9913009349374446e-08   +/- 3.28e-10     ([91m1.096%[0m)
[92mINFO[0m [94msymbolica_integrator l.7274[0m [96mt=2026-09-09,17:45:12.197[0m > | > Graph-channel Symbolica observer estimates:
| >   graph_0     : -2.0680883138315111e-08 +/- 5.92e-11 [50141 selected]
| >   graph_1     : 3.3384121116015169e-10 +/- 5.40e-12 [1408 selected]
| >   graph_2     : -1.2800715986153167e-08 +/- 2.83e-11 [13189 selected]
| >   graph_3     : 1.1074289725461659e-10 +/- 1.08e-12 [1303 selected]
| >   graph_4     : -6.4279279156765474e-10 +/- 8.92e-12 [2198 selected]
| >   graph_5     : -3.8993731841834803e-11 +/- 1.25e-12 [1344 selected]
| >   graph_6     : -3.9905481401656691e-11 +/- 1.30e-12 [1285 selected]
| >   graph_7     : 6.5449179602307416e-11 +/- 1.86e-12 [1346 selected]
| >   graph_8     : -9.0656169302260636e-10 +/- 7.50e-12 [3338 selected]
| >   graph_9     : 1.0606446157020004e-09 +/- 7.74e-12 [3575 selected]
| >   graph_10    : -2.7430122266713518e-09 +/- 3.59e-11 [21366 selected]
| >   graph_11    : 2.0379240662551940e-27 +/- 2.00e-28 [1339 selected]
| >   graph_12    : -5.5494063502028979e-10 +/- 5.47e-12 [2322 selected]
| >   graph_13    : -1.1824448677389345e-08 +/- 5.60e-11 [41022 selected]
| >   graph_14    : 1.0944609999103903e-10 +/- 3.61e-13 [1336 selected]
| >   graph_15    : 7.9722870317397500e-24 +/- 6.11e-24 [1316 selected]
| >   graph_16    : 3.8842774402325944e-09 +/- 9.59e-12 [1846 selected]
| >   graph_17    : -3.5710801754838844e-10 +/- 1.17e-12 [1313 selected]
| >   graph_18    : 1.1866349976015287e-08 +/- 3.12e-11 [17131 selected]
| >   graph_19    : 1.0613511021427526e-09 +/- 4.66e-12 [1254 selected]
| >   graph_20    : -7.6906472730541636e-10 +/- 3.25e-12 [1308 selected]
| >   graph_21    : -8.6844523700013152e-10 +/- 7.80e-12 [3464 selected]
| >   graph_22    : -3.3468915877699159e-10 +/- 1.94e-10 [45493 selected]
| >   graph_23    : -3.0127334891901858e-10 +/- 1.26e-11 [1920 selected]
| >   graph_24    : 5.9636015608075527e-10 +/- 1.21e-11 [3632 selected]
| >   graph_25    : 4.2873103431706137e-10 +/- 8.40e-12 [1964 selected]
| >   graph_26    : -2.1307664797513635e-10 +/- 7.17e-13 [1295 selected]
| >   graph_27    : -2.7353032166540325e-11 +/- 8.98e-14 [1312 selected]
| >   graph_28    : -1.1749711243231083e-09 +/- 6.78e-12 [1531 selected]
| >   graph_29    : 6.8153448604620454e-08 +/- 7.61e-11 [61674 selected]
| >   graph_30    : -1.2278826044905440e-09 +/- 6.56e-11 [67332 selected]
| >   graph_31    : 4.1046331305852149e-11 +/- 3.72e-13 [1368 selected]
| >   graph_32    : -5.0051516183698164e-11 +/- 6.56e-12 [1638 selected]
| >   graph_33    : -1.8785492549535315e-09 +/- 1.54e-11 [7167 selected]
| >   graph_34    : 1.7202436151060072e-25 +/- 8.13e-26 [1314 selected]
| >   graph_35    : 2.5379964754744279e-08 +/- 8.21e-11 [95946 selected]
| >   graph_36    : -2.9660997141955755e-09 +/- 1.65e-11 [6418 selected]
| >   graph_37    : 1.6132978991248432e-08 +/- 4.13e-11 [27484 selected]
| >   graph_38    : 3.9982690871173009e-10 +/- 3.11e-12 [1368 selected]
| >   graph_39    : -7.6658519576159203e-09 +/- 2.69e-11 [13289 selected]
| >   graph_40    : -4.6002941045211306e-10 +/- 1.13e-10 [128315 selected]
| >   graph_41    : 1.7324986275865207e-09 +/- 1.21e-11 [5620 selected]
| >   graph_42    : 4.4815271039488070e-09 +/- 6.24e-11 [43646 selected]
| >   graph_43    : 3.0948126079954269e-09 +/- 1.75e-11 [6820 selected]
| >   graph_44    : 4.4587245832721558e-10 +/- 5.49e-12 [2380 selected]
| >   graph_45    : 2.4290863229315832e-10 +/- 7.94e-13 [1342 selected]
| >   graph_46    : -6.1013706211891527e-11 +/- 3.14e-13 [1311 selected]
| >   graph_47    : -6.5632049106211973e-09 +/- 9.77e-11 [132257 selected]
| >   graph_48    : -9.1911817748767023e-11 +/- 1.87e-12 [1393 selected]
| >   graph_49    : -3.4385565149294042e-08 +/- 4.76e-11 [31618 selected]
| >   graph_50    : 8.9410154390576485e-10 +/- 1.08e-11 [3082 selected]
| >   graph_51    : 5.7732036630113817e-09 +/- 1.34e-11 [3042 selected]
| >   graph_52    : 2.2278250378690225e-10 +/- 4.87e-12 [1343 selected]
| >   graph_53    : -8.0628973735484783e-10 +/- 1.03e-11 [4642 selected]
| >   graph_54    : -2.5797490530285030e-09 +/- 7.75e-11 [44358 selected]
| >   graph_55    : 1.1320232208169228e-09 +/- 9.16e-12 [4018 selected]
| >   graph_56    : -4.2012762418265724e-09 +/- 1.00e-11 [2020 selected]
| >   graph_57    : -1.2938335866725624e-08 +/- 3.46e-11 [20205 selected]
| >   graph_58    : 4.4654057404115358e-11 +/- 2.11e-12 [1342 selected]
| >   graph_59    : 4.0087851683491328e-11 +/- 2.05e-12 [1406 selected]
| >   graph_60    : -6.8221848436245586e-11 +/- 2.11e-12 [1367 selected]
| >   graph_61    : 1.2717098211600085e-08 +/- 5.05e-11 [37660 selected]
| >   graph_62    : 4.4343894803608607e-25 +/- 1.01e-23 [1283 selected]
| >   graph_63    : -1.1428892440866284e-09 +/- 7.64e-12 [1874 selected]
| >   graph_64    : 8.3213725250876418e-10 +/- 3.68e-12 [1367 selected]
| >   sum         : 2.9913009349374427e-08
| >   total       : 2.9913009349374446e-08
| >   difference  : -1.9852334701272664e-23
[92mINFO[0m [94msymbolica_integrator l.7237[0m [96mt=2026-09-09,17:45:12.197[0m > Symbolica integration: starting iteration [92m98/100[0m using [94m1000000[0m points ...
[92mINFO[0m [94msymbolica_integrator l.7270[0m [96mt=2026-09-09,17:52:30.424[0m > ... result after this iteration:
| > Integration result after [92m98000000[0m evaluations in [92m1247649.88 CPU-s[0m [94m(12731.1 µs / eval)[0m
| > Extremal weights:
| >   with jacobian    : 6.87291e+04 at xs = [1.1523609142106825e-05 8.0408886661259560e-01 4.9838097880659193e-01 1.8957618633349213e-01 8.5347278385972214e-01 6.8193530704548311e-01] | jacobian = 1.48509e+07
| >     momentum space  : k = [[1.5365375555778040e-03, -4.3457983363555212e-03, 1.8647702504812668e+02]; [4.7634774762067813e+01, -6.2642450015685178e+01, -5.0616133684117784e+01]]
| >   without jacobian : 7.84418e+05 at xs = [3.9947391381704589e-07 6.2757130757519386e-01 5.0002090198912297e-01 1.8892132356910088e-01 9.8977328095746864e-01 4.0061987662812071e-01] | jacobian = 1.99888e+04
| >     momentum space  : k = [[-1.1114822438019480e-04, -1.1479894493241090e-04, 1.8568280355714327e+02]; [8.8483238395265957e+01, -5.6934497954461323e+00, 2.8618624556089237e+01]]
| >   before clipping   : -1.56796e+10 at xs = [3.9947391381704589e-07 6.2757130757519386e-01 5.0002090198912297e-01 1.8892132356910088e-01 9.8977328095746864e-01 4.0061987662812071e-01]
| >     momentum space  : k = [[-1.1114822438019480e-04, -1.1479894493241090e-04, 1.8568280355714327e+02]; [8.8483238395265957e+01, -5.6934497954461323e+00, 2.8618624556089237e+01]]
| > Stability pipeline: float pairs accepted = 134344997, HP pairs attempted/accepted = 3391794/3391794
| > Stability triggers: float mismatch = 3176637, float non-finite/error = 1821
| > HP precision escalations: attempted/accepted = 4871/4871
| > Higher-precision rejections: disagreement = 0, non-finite = 0, error = 0
| > Soft-mirror stability: pairs = 42861428, large-side triggers = 212241, HP orbits attempted/salvaged/failed = 3124637/3124637/0
| > Soft-mirror extrema: raw original = -3.15647e+10, post-average = -1.56796e+10
| > Strongest soft-mirror cancellation: residual/raw = 0.00000e+00
| > Unstable rotational-check points rejected = 0
| > Rotational-check high-precision retries = 3178458
| > Rotational-check high-precision salvaged = 3178458
| > Large-weight high-precision retries = 213336
| > Large-weight high-precision salvaged = 213336
| > Large-weight high-precision rejected = 0
| > Large-weight samples zeroed = 365 (3.724e-06 of samples; removed signed/absolute sums = -1.55714e+10/1.59987e+10)
| > Non-finite final outputs zeroed = 0
| > Non-finite float rotated evaluations seen = 84
| > Example higher-precision-retried xs = [1.7265545145750016e-01 3.0987003362503329e-01 3.2061093419506459e-01 2.9773816827716681e-01 4.2264025488893087e-01 5.4552528647525544e-01] | float rel = 1.83306e+00
| >     momentum space  : k = [[-2.5923335064264300e+01, 6.5631404491694042e+01, 4.4592524277177773e+01]; [-1.4841504911254179e+02, 7.8414345192107874e+01, -2.4172211541858793e+01]]
| > Example large-weight higher-precision-retried xs = [6.2315394262952850e-03 8.7335248832704826e-02 4.3698273950411237e-01 1.7075337559625559e-01 2.3328011702598017e-02 8.1591186955703054e-01] | compiled = 1.29744e+03 | higher precision = -1.91195e+00
| >     momentum space  : k = [[2.0981863278860531e+00, 1.2827845393213939e+00, 1.6464272205621262e+02]; [4.4540392286650942e+01, 6.5756311498899862e+00, -6.8970990633645286e+01]]
| > Example NaN/non-finite rotated xs = [9.7362215618168912e-01 2.8761982718842016e-02 7.1239412401005031e-01 7.6351383122687992e-06 8.1517347970654108e-01 4.6873166947969135e-02]
| >     momentum space  : k = [[1.1408782098248355e+04, 2.0845012077396245e+03, -9.1365956262265390e+03]; [1.7841371185143296e-04, -4.1105989017338625e-04, -2.9424209241204335e+04]]
| > [92mCentral value[0m : +2.9933272339398626e-08   +/- 3.25e-10     ([91m1.086%[0m)
[92mINFO[0m [94msymbolica_integrator l.7274[0m [96mt=2026-09-09,17:52:30.425[0m > | > Graph-channel Symbolica observer estimates:
| >   graph_0     : -2.0673245498138033e-08 +/- 5.88e-11 [50487 selected]
| >   graph_1     : 3.3411593868918822e-10 +/- 5.37e-12 [1479 selected]
| >   graph_2     : -1.2802385724665060e-08 +/- 2.81e-11 [13317 selected]
| >   graph_3     : 1.1074526831871204e-10 +/- 1.08e-12 [1328 selected]
| >   graph_4     : -6.4384804250892251e-10 +/- 8.88e-12 [2295 selected]
| >   graph_5     : -3.8770905027558489e-11 +/- 1.24e-12 [1314 selected]
| >   graph_6     : -3.9627455187477423e-11 +/- 1.30e-12 [1304 selected]
| >   graph_7     : 6.5735250018852152e-11 +/- 1.85e-12 [1317 selected]
| >   graph_8     : -9.0706766938335682e-10 +/- 7.46e-12 [3217 selected]
| >   graph_9     : 1.0610662693349692e-09 +/- 7.70e-12 [3619 selected]
| >   graph_10    : -2.7390343419950286e-09 +/- 3.56e-11 [21260 selected]
| >   graph_11    : 2.0327139384985204e-27 +/- 1.99e-28 [1353 selected]
| >   graph_12    : -5.5498499507575951e-10 +/- 5.45e-12 [2267 selected]
| >   graph_13    : -1.1828255603148377e-08 +/- 5.57e-11 [41318 selected]
| >   graph_14    : 1.0946774050529572e-10 +/- 3.59e-13 [1346 selected]
| >   graph_15    : 7.9116189325167141e-24 +/- 6.05e-24 [1331 selected]
| >   graph_16    : 3.8849648786511517e-09 +/- 9.58e-12 [1850 selected]
| >   graph_17    : -3.5720782888023697e-10 +/- 1.17e-12 [1356 selected]
| >   graph_18    : 1.1871468690323972e-08 +/- 3.10e-11 [17254 selected]
| >   graph_19    : 1.0617853764058339e-09 +/- 4.64e-12 [1359 selected]
| >   graph_20    : -7.6860899695773351e-10 +/- 3.23e-12 [1332 selected]
| >   graph_21    : -8.7004660649943390e-10 +/- 7.77e-12 [3615 selected]
| >   graph_22    : -3.3552327584333582e-10 +/- 1.92e-10 [44055 selected]
| >   graph_23    : -3.0080538469022922e-10 +/- 1.25e-11 [1975 selected]
| >   graph_24    : 5.9546594070426066e-10 +/- 1.21e-11 [3740 selected]
| >   graph_25    : 4.2981148264751228e-10 +/- 8.37e-12 [1977 selected]
| >   graph_26    : -2.1300130282215069e-10 +/- 7.13e-13 [1286 selected]
| >   graph_27    : -2.7347452692514646e-11 +/- 8.93e-14 [1316 selected]
| >   graph_28    : -1.1757864686785696e-09 +/- 6.75e-12 [1523 selected]
| >   graph_29    : 6.8164831847445887e-08 +/- 7.56e-11 [62569 selected]
| >   graph_30    : -1.2317495344293553e-09 +/- 6.50e-11 [67443 selected]
| >   graph_31    : 4.1067036795133253e-11 +/- 3.71e-13 [1328 selected]
| >   graph_32    : -4.8159331023201744e-11 +/- 6.53e-12 [1587 selected]
| >   graph_33    : -1.8828697656957311e-09 +/- 1.53e-11 [7112 selected]
| >   graph_34    : 1.6829533016888844e-25 +/- 8.05e-26 [1278 selected]
| >   graph_35    : 2.5381216180626941e-08 +/- 8.15e-11 [96020 selected]
| >   graph_36    : -2.9668081711376537e-09 +/- 1.64e-11 [6202 selected]
| >   graph_37    : 1.6128642751578816e-08 +/- 4.11e-11 [27633 selected]
| >   graph_38    : 4.0034442557610369e-10 +/- 3.10e-12 [1305 selected]
| >   graph_39    : -7.6644163707018603e-09 +/- 2.67e-11 [13342 selected]
| >   graph_40    : -4.6057055972063139e-10 +/- 1.12e-10 [128143 selected]
| >   graph_41    : 1.7338485807824920e-09 +/- 1.20e-11 [5753 selected]
| >   graph_42    : 4.4879082655598256e-09 +/- 6.19e-11 [43925 selected]
| >   graph_43    : 3.0999054276065306e-09 +/- 1.74e-11 [6809 selected]
| >   graph_44    : 4.4542172208180418e-10 +/- 5.46e-12 [2335 selected]
| >   graph_45    : 2.4288592369325075e-10 +/- 7.90e-13 [1313 selected]
| >   graph_46    : -6.1061667390590207e-11 +/- 3.13e-13 [1322 selected]
| >   graph_47    : -6.5665792764618065e-09 +/- 9.70e-11 [131230 selected]
| >   graph_48    : -9.1827616426338596e-11 +/- 1.86e-12 [1289 selected]
| >   graph_49    : -3.4384277654991756e-08 +/- 4.73e-11 [31495 selected]
| >   graph_50    : 8.9246420349986521e-10 +/- 1.08e-11 [3117 selected]
| >   graph_51    : 5.7717545241631193e-09 +/- 1.34e-11 [2981 selected]
| >   graph_52    : 2.2206625058206958e-10 +/- 4.84e-12 [1279 selected]
| >   graph_53    : -8.0488614464493902e-10 +/- 1.02e-11 [4672 selected]
| >   graph_54    : -2.5778468649641659e-09 +/- 7.68e-11 [45166 selected]
| >   graph_55    : 1.1332987358059825e-09 +/- 9.12e-12 [3999 selected]
| >   graph_56    : -4.2008973441623253e-09 +/- 1.00e-11 [2004 selected]
| >   graph_57    : -1.2943021378436535e-08 +/- 3.44e-11 [20044 selected]
| >   graph_58    : 4.4432601927833550e-11 +/- 2.10e-12 [1327 selected]
| >   graph_59    : 4.0532704959190074e-11 +/- 2.04e-12 [1316 selected]
| >   graph_60    : -6.8258297447450994e-11 +/- 2.10e-12 [1302 selected]
| >   graph_61    : 1.2718238471640338e-08 +/- 5.01e-11 [37631 selected]
| >   graph_62    : 4.1983510600670225e-25 +/- 1.00e-23 [1330 selected]
| >   graph_63    : -1.1433826727702464e-09 +/- 7.61e-12 [1937 selected]
| >   graph_64    : 8.3194605207204110e-10 +/- 3.67e-12 [1272 selected]
| >   sum         : 2.9933272339398612e-08
| >   total       : 2.9933272339398626e-08
| >   difference  : -1.3234889800848443e-23
[92mINFO[0m [94msymbolica_integrator l.7237[0m [96mt=2026-09-09,17:52:30.425[0m > Symbolica integration: starting iteration [92m99/100[0m using [94m1000000[0m points ...
[92mINFO[0m [94msymbolica_integrator l.7270[0m [96mt=2026-09-09,17:56:52.061[0m > ... result after this iteration:
| > Integration result after [92m99000000[0m evaluations in [92m1258191.06 CPU-s[0m [94m(12709.0 µs / eval)[0m
| > Extremal weights:
| >   with jacobian    : 6.87291e+04 at xs = [1.1523609142106825e-05 8.0408886661259560e-01 4.9838097880659193e-01 1.8957618633349213e-01 8.5347278385972214e-01 6.8193530704548311e-01] | jacobian = 1.48509e+07
| >     momentum space  : k = [[1.5365375555778040e-03, -4.3457983363555212e-03, 1.8647702504812668e+02]; [4.7634774762067813e+01, -6.2642450015685178e+01, -5.0616133684117784e+01]]
| >   without jacobian : 7.84418e+05 at xs = [3.9947391381704589e-07 6.2757130757519386e-01 5.0002090198912297e-01 1.8892132356910088e-01 9.8977328095746864e-01 4.0061987662812071e-01] | jacobian = 1.99888e+04
| >     momentum space  : k = [[-1.1114822438019480e-04, -1.1479894493241090e-04, 1.8568280355714327e+02]; [8.8483238395265957e+01, -5.6934497954461323e+00, 2.8618624556089237e+01]]
| >   before clipping   : -1.56796e+10 at xs = [3.9947391381704589e-07 6.2757130757519386e-01 5.0002090198912297e-01 1.8892132356910088e-01 9.8977328095746864e-01 4.0061987662812071e-01]
| >     momentum space  : k = [[-1.1114822438019480e-04, -1.1479894493241090e-04, 1.8568280355714327e+02]; [8.8483238395265957e+01, -5.6934497954461323e+00, 2.8618624556089237e+01]]
| > Stability pipeline: float pairs accepted = 135699198, HP pairs attempted/accepted = 3422167/3422167
| > Stability triggers: float mismatch = 3205261, float non-finite/error = 1832
| > HP precision escalations: attempted/accepted = 4905/4905
| > Higher-precision rejections: disagreement = 0, non-finite = 0, error = 0
| > Soft-mirror stability: pairs = 43274243, large-side triggers = 213958, HP orbits attempted/salvaged/failed = 3152878/3152878/0
| > Soft-mirror extrema: raw original = -3.15647e+10, post-average = -1.56796e+10
| > Strongest soft-mirror cancellation: residual/raw = 0.00000e+00
| > Unstable rotational-check points rejected = 0
| > Rotational-check high-precision retries = 3207093
| > Rotational-check high-precision salvaged = 3207093
| > Large-weight high-precision retries = 215074
| > Large-weight high-precision salvaged = 215074
| > Large-weight high-precision rejected = 0
| > Large-weight samples zeroed = 366 (3.697e-06 of samples; removed signed/absolute sums = -1.55713e+10/1.59988e+10)
| > Non-finite final outputs zeroed = 0
| > Non-finite float rotated evaluations seen = 86
| > Example higher-precision-retried xs = [1.7265545145750016e-01 3.0987003362503329e-01 3.2061093419506459e-01 2.9773816827716681e-01 4.2264025488893087e-01 5.4552528647525544e-01] | float rel = 1.83306e+00
| >     momentum space  : k = [[-2.5923335064264300e+01, 6.5631404491694042e+01, 4.4592524277177773e+01]; [-1.4841504911254179e+02, 7.8414345192107874e+01, -2.4172211541858793e+01]]
| > Example large-weight higher-precision-retried xs = [6.2315394262952850e-03 8.7335248832704826e-02 4.3698273950411237e-01 1.7075337559625559e-01 2.3328011702598017e-02 8.1591186955703054e-01] | compiled = 1.29744e+03 | higher precision = -1.91195e+00
| >     momentum space  : k = [[2.0981863278860531e+00, 1.2827845393213939e+00, 1.6464272205621262e+02]; [4.4540392286650942e+01, 6.5756311498899862e+00, -6.8970990633645286e+01]]
| > Example NaN/non-finite rotated xs = [9.7362215618168912e-01 2.8761982718842016e-02 7.1239412401005031e-01 7.6351383122687992e-06 8.1517347970654108e-01 4.6873166947969135e-02]
| >     momentum space  : k = [[1.1408782098248355e+04, 2.0845012077396245e+03, -9.1365956262265390e+03]; [1.7841371185143296e-04, -4.1105989017338625e-04, -2.9424209241204335e+04]]
| > [92mCentral value[0m : +2.9934175090243917e-08   +/- 3.22e-10     ([91m1.077%[0m)
[92mINFO[0m [94msymbolica_integrator l.7274[0m [96mt=2026-09-09,17:56:52.062[0m > | > Graph-channel Symbolica observer estimates:
| >   graph_0     : -2.0666717150461088e-08 +/- 5.84e-11 [50591 selected]
| >   graph_1     : 3.3402108596656445e-10 +/- 5.35e-12 [1461 selected]
| >   graph_2     : -1.2805887798743241e-08 +/- 2.80e-11 [13436 selected]
| >   graph_3     : 1.1081555801873806e-10 +/- 1.07e-12 [1362 selected]
| >   graph_4     : -6.4321319553597360e-10 +/- 8.84e-12 [2198 selected]
| >   graph_5     : -3.8745939542155755e-11 +/- 1.23e-12 [1292 selected]
| >   graph_6     : -3.9652827821798792e-11 +/- 1.29e-12 [1299 selected]
| >   graph_7     : 6.5355543078901192e-11 +/- 1.84e-12 [1336 selected]
| >   graph_8     : -9.0762307199327340e-10 +/- 7.43e-12 [3351 selected]
| >   graph_9     : 1.0594585012477766e-09 +/- 7.66e-12 [3494 selected]
| >   graph_10    : -2.7386600247604325e-09 +/- 3.54e-11 [21283 selected]
| >   graph_11    : 2.0312164227223588e-27 +/- 1.98e-28 [1314 selected]
| >   graph_12    : -5.5551737739939696e-10 +/- 5.43e-12 [2302 selected]
| >   graph_13    : -1.1830735329354700e-08 +/- 5.52e-11 [41130 selected]
| >   graph_14    : 1.0940898807519287e-10 +/- 3.57e-13 [1294 selected]
| >   graph_15    : 7.8115835231195194e-24 +/- 5.98e-24 [1249 selected]
| >   graph_16    : 3.8844261439400116e-09 +/- 9.55e-12 [1827 selected]
| >   graph_17    : -3.5730113296867363e-10 +/- 1.16e-12 [1323 selected]
| >   graph_18    : 1.1868902131143438e-08 +/- 3.08e-11 [16911 selected]
| >   graph_19    : 1.0620808622706695e-09 +/- 4.62e-12 [1335 selected]
| >   graph_20    : -7.6849336211401802e-10 +/- 3.22e-12 [1312 selected]
| >   graph_21    : -8.7123717271483861e-10 +/- 7.73e-12 [3508 selected]
| >   graph_22    : -3.3684257992998879e-10 +/- 1.90e-10 [43247 selected]
| >   graph_23    : -3.0040878266483063e-10 +/- 1.24e-11 [1943 selected]
| >   graph_24    : 5.9615913666876173e-10 +/- 1.20e-11 [3709 selected]
| >   graph_25    : 4.2967605144117976e-10 +/- 8.33e-12 [1887 selected]
| >   graph_26    : -2.1299593233020742e-10 +/- 7.10e-13 [1329 selected]
| >   graph_27    : -2.7346329387840104e-11 +/- 8.90e-14 [1300 selected]
| >   graph_28    : -1.1771804426953002e-09 +/- 6.72e-12 [1535 selected]
| >   graph_29    : 6.8157647594931878e-08 +/- 7.51e-11 [61547 selected]
| >   graph_30    : -1.2316833794581175e-09 +/- 6.44e-11 [67696 selected]
| >   graph_31    : 4.1051377170649994e-11 +/- 3.69e-13 [1273 selected]
| >   graph_32    : -4.8020677788965801e-11 +/- 6.50e-12 [1614 selected]
| >   graph_33    : -1.8824307494538068e-09 +/- 1.52e-11 [7362 selected]
| >   graph_34    : 1.7269891978712780e-25 +/- 7.97e-26 [1344 selected]
| >   graph_35    : 2.5386619335974783e-08 +/- 8.09e-11 [96047 selected]
| >   graph_36    : -2.9660864944958502e-09 +/- 1.63e-11 [6403 selected]
| >   graph_37    : 1.6126178375795672e-08 +/- 4.08e-11 [27752 selected]
| >   graph_38    : 4.0054686315904567e-10 +/- 3.09e-12 [1331 selected]
| >   graph_39    : -7.6630520659375980e-09 +/- 2.66e-11 [13168 selected]
| >   graph_40    : -4.6441292963932110e-10 +/- 1.12e-10 [127961 selected]
| >   graph_41    : 1.7352815388753148e-09 +/- 1.20e-11 [5787 selected]
| >   graph_42    : 4.4894456789272433e-09 +/- 6.14e-11 [43721 selected]
| >   graph_43    : 3.1034949223490536e-09 +/- 1.73e-11 [6863 selected]
| >   graph_44    : 4.4586147333763234e-10 +/- 5.44e-12 [2354 selected]
| >   graph_45    : 2.4297119097387806e-10 +/- 7.88e-13 [1345 selected]
| >   graph_46    : -6.1106134659082300e-11 +/- 3.11e-13 [1287 selected]
| >   graph_47    : -6.5569194743284799e-09 +/- 9.62e-11 [132959 selected]
| >   graph_48    : -9.1694185601882322e-11 +/- 1.85e-12 [1280 selected]
| >   graph_49    : -3.4384721590305593e-08 +/- 4.70e-11 [31776 selected]
| >   graph_50    : 8.9425207854832310e-10 +/- 1.08e-11 [3095 selected]
| >   graph_51    : 5.7707962977480335e-09 +/- 1.33e-11 [2980 selected]
| >   graph_52    : 2.2192949440342279e-10 +/- 4.82e-12 [1380 selected]
| >   graph_53    : -8.0500035702296732e-10 +/- 1.02e-11 [4661 selected]
| >   graph_54    : -2.5786404311864323e-09 +/- 7.61e-11 [44954 selected]
| >   graph_55    : 1.1334579078109920e-09 +/- 9.07e-12 [4007 selected]
| >   graph_56    : -4.2005863112695537e-09 +/- 9.97e-12 [2076 selected]
| >   graph_57    : -1.2941872145873456e-08 +/- 3.42e-11 [20077 selected]
| >   graph_58    : 4.4608832385299430e-11 +/- 2.09e-12 [1341 selected]
| >   graph_59    : 4.0560050006110768e-11 +/- 2.03e-12 [1356 selected]
| >   graph_60    : -6.8461710522548650e-11 +/- 2.09e-12 [1350 selected]
| >   graph_61    : 1.2714531651742650e-08 +/- 5.04e-11 [37719 selected]
| >   graph_62    : 3.9528785104361800e-25 +/- 9.90e-24 [1374 selected]
| >   graph_63    : -1.1439991564982770e-09 +/- 7.57e-12 [1862 selected]
| >   graph_64    : 8.3188266871237750e-10 +/- 3.65e-12 [1340 selected]
| >   sum         : 2.9934175090243917e-08
| >   total       : 2.9934175090243917e-08
| >   difference  : 0.0000000000000000e+00
[92mINFO[0m [94msymbolica_integrator l.7237[0m [96mt=2026-09-09,17:56:52.062[0m > Symbolica integration: starting iteration [92m100/100[0m using [94m1000000[0m points ...
[92mINFO[0m [94msymbolica_integrator l.7270[0m [96mt=2026-09-09,18:01:01.945[0m > ... result after this iteration:
| > Integration result after [92m100000000[0m evaluations in [92m1267857.34 CPU-s[0m [94m(12678.6 µs / eval)[0m
| > Extremal weights:
| >   with jacobian    : 6.87291e+04 at xs = [1.1523609142106825e-05 8.0408886661259560e-01 4.9838097880659193e-01 1.8957618633349213e-01 8.5347278385972214e-01 6.8193530704548311e-01] | jacobian = 1.48509e+07
| >     momentum space  : k = [[1.5365375555778040e-03, -4.3457983363555212e-03, 1.8647702504812668e+02]; [4.7634774762067813e+01, -6.2642450015685178e+01, -5.0616133684117784e+01]]
| >   without jacobian : 7.84418e+05 at xs = [3.9947391381704589e-07 6.2757130757519386e-01 5.0002090198912297e-01 1.8892132356910088e-01 9.8977328095746864e-01 4.0061987662812071e-01] | jacobian = 1.99888e+04
| >     momentum space  : k = [[-1.1114822438019480e-04, -1.1479894493241090e-04, 1.8568280355714327e+02]; [8.8483238395265957e+01, -5.6934497954461323e+00, 2.8618624556089237e+01]]
| >   before clipping   : -1.56796e+10 at xs = [3.9947391381704589e-07 6.2757130757519386e-01 5.0002090198912297e-01 1.8892132356910088e-01 9.8977328095746864e-01 4.0061987662812071e-01]
| >     momentum space  : k = [[-1.1114822438019480e-04, -1.1479894493241090e-04, 1.8568280355714327e+02]; [8.8483238395265957e+01, -5.6934497954461323e+00, 2.8618624556089237e+01]]
| > Stability pipeline: float pairs accepted = 137050945, HP pairs attempted/accepted = 3454802/3454802
| > Stability triggers: float mismatch = 3235906, float non-finite/error = 1844
| > HP precision escalations: attempted/accepted = 4944/4944
| > Higher-precision rejections: disagreement = 0, non-finite = 0, error = 0
| > Soft-mirror stability: pairs = 43688987, large-side triggers = 215929, HP orbits attempted/salvaged/failed = 3183240/3183240/0
| > Soft-mirror extrema: raw original = -3.15647e+10, post-average = -1.56796e+10
| > Strongest soft-mirror cancellation: residual/raw = 0.00000e+00
| > Unstable rotational-check points rejected = 0
| > Rotational-check high-precision retries = 3237750
| > Rotational-check high-precision salvaged = 3237750
| > Large-weight high-precision retries = 217052
| > Large-weight high-precision salvaged = 217052
| > Large-weight high-precision rejected = 0
| > Large-weight samples zeroed = 368 (3.680e-06 of samples; removed signed/absolute sums = -1.55714e+10/1.59991e+10)
| > Non-finite final outputs zeroed = 0
| > Non-finite float rotated evaluations seen = 87
| > Example higher-precision-retried xs = [1.7265545145750016e-01 3.0987003362503329e-01 3.2061093419506459e-01 2.9773816827716681e-01 4.2264025488893087e-01 5.4552528647525544e-01] | float rel = 1.83306e+00
| >     momentum space  : k = [[-2.5923335064264300e+01, 6.5631404491694042e+01, 4.4592524277177773e+01]; [-1.4841504911254179e+02, 7.8414345192107874e+01, -2.4172211541858793e+01]]
| > Example large-weight higher-precision-retried xs = [6.2315394262952850e-03 8.7335248832704826e-02 4.3698273950411237e-01 1.7075337559625559e-01 2.3328011702598017e-02 8.1591186955703054e-01] | compiled = 1.29744e+03 | higher precision = -1.91195e+00
| >     momentum space  : k = [[2.0981863278860531e+00, 1.2827845393213939e+00, 1.6464272205621262e+02]; [4.4540392286650942e+01, 6.5756311498899862e+00, -6.8970990633645286e+01]]
| > Example NaN/non-finite rotated xs = [9.7362215618168912e-01 2.8761982718842016e-02 7.1239412401005031e-01 7.6351383122687992e-06 8.1517347970654108e-01 4.6873166947969135e-02]
| >     momentum space  : k = [[1.1408782098248355e+04, 2.0845012077396245e+03, -9.1365956262265390e+03]; [1.7841371185143296e-04, -4.1105989017338625e-04, -2.9424209241204335e+04]]
| > [92mCentral value[0m : +2.9946120456789960e-08   +/- 3.20e-10     ([91m1.069%[0m)
[92mINFO[0m [94msymbolica_integrator l.7274[0m [96mt=2026-09-09,18:01:01.947[0m > | > Graph-channel Symbolica observer estimates:
| >   graph_0     : -2.0668813360997956e-08 +/- 5.84e-11 [50464 selected]
| >   graph_1     : 3.3395500433219939e-10 +/- 5.34e-12 [1423 selected]
| >   graph_2     : -1.2803177290265940e-08 +/- 2.78e-11 [13266 selected]
| >   graph_3     : 1.1080747538553403e-10 +/- 1.07e-12 [1311 selected]
| >   graph_4     : -6.4287492732016189e-10 +/- 8.81e-12 [2252 selected]
| >   graph_5     : -3.8692037822082056e-11 +/- 1.23e-12 [1336 selected]
| >   graph_6     : -3.9470820810655330e-11 +/- 1.29e-12 [1369 selected]
| >   graph_7     : 6.5578498197200731e-11 +/- 1.83e-12 [1272 selected]
| >   graph_8     : -9.0713045053473824e-10 +/- 7.39e-12 [3291 selected]
| >   graph_9     : 1.0590883628866914e-09 +/- 7.63e-12 [3559 selected]
| >   graph_10    : -2.7409118265768651e-09 +/- 3.51e-11 [21300 selected]
| >   graph_11    : 1.9886188468953408e-27 +/- 1.97e-28 [1324 selected]
| >   graph_12    : -5.5580971262788065e-10 +/- 5.40e-12 [2321 selected]
| >   graph_13    : -1.1828147874316144e-08 +/- 5.48e-11 [41682 selected]
| >   graph_14    : 1.0938107301037882e-10 +/- 3.55e-13 [1317 selected]
| >   graph_15    : 7.6871489962057211e-24 +/- 5.92e-24 [1284 selected]
| >   graph_16    : 3.8840641170684724e-09 +/- 9.52e-12 [1828 selected]
| >   graph_17    : -3.5729359819158716e-10 +/- 1.15e-12 [1311 selected]
| >   graph_18    : 1.1875090113466900e-08 +/- 3.06e-11 [17336 selected]
| >   graph_19    : 1.0619856848903792e-09 +/- 4.60e-12 [1349 selected]
| >   graph_20    : -7.6824362882766635e-10 +/- 3.20e-12 [1342 selected]
| >   graph_21    : -8.7087679268817597e-10 +/- 7.69e-12 [3590 selected]
| >   graph_22    : -3.3840129657207487e-10 +/- 1.88e-10 [41683 selected]
| >   graph_23    : -2.9999967830917610e-10 +/- 1.23e-11 [2012 selected]
| >   graph_24    : 5.9704620219443256e-10 +/- 1.20e-11 [3658 selected]
| >   graph_25    : 4.3015857941250487e-10 +/- 8.29e-12 [1972 selected]
| >   graph_26    : -2.1299796742595501e-10 +/- 7.06e-13 [1308 selected]
| >   graph_27    : -2.7346227655768799e-11 +/- 8.86e-14 [1327 selected]
| >   graph_28    : -1.1769594517328086e-09 +/- 6.70e-12 [1492 selected]
| >   graph_29    : 6.8160999132178387e-08 +/- 7.46e-11 [62121 selected]
| >   graph_30    : -1.2336271581700138e-09 +/- 6.38e-11 [67446 selected]
| >   graph_31    : 4.0995718533557206e-11 +/- 3.67e-13 [1222 selected]
| >   graph_32    : -4.8008386372617236e-11 +/- 6.46e-12 [1671 selected]
| >   graph_33    : -1.8839739272818262e-09 +/- 1.51e-11 [7266 selected]
| >   graph_34    : 1.7149924488020158e-25 +/- 7.90e-26 [1302 selected]
| >   graph_35    : 2.5388310162657505e-08 +/- 8.05e-11 [96476 selected]
| >   graph_36    : -2.9676177650271708e-09 +/- 1.63e-11 [6351 selected]
| >   graph_37    : 1.6127228354591857e-08 +/- 4.06e-11 [28101 selected]
| >   graph_38    : 4.0016400306231437e-10 +/- 3.07e-12 [1322 selected]
| >   graph_39    : -7.6694103974320319e-09 +/- 2.65e-11 [13538 selected]
| >   graph_40    : -4.6910464498324212e-10 +/- 1.11e-10 [128655 selected]
| >   graph_41    : 1.7354611925860870e-09 +/- 1.19e-11 [5642 selected]
| >   graph_42    : 4.4930245118498607e-09 +/- 6.09e-11 [43396 selected]
| >   graph_43    : 3.1031815793407234e-09 +/- 1.72e-11 [6866 selected]
| >   graph_44    : 4.4620545210960871e-10 +/- 5.42e-12 [2241 selected]
| >   graph_45    : 2.4294316089922278e-10 +/- 7.84e-13 [1309 selected]
| >   graph_46    : -6.1127888834481033e-11 +/- 3.10e-13 [1410 selected]
| >   graph_47    : -6.5573667135415594e-09 +/- 9.54e-11 [132140 selected]
| >   graph_48    : -9.1841910831261941e-11 +/- 1.84e-12 [1326 selected]
| >   graph_49    : -3.4381520015541495e-08 +/- 4.67e-11 [31295 selected]
| >   graph_50    : 8.9521190992763543e-10 +/- 1.07e-11 [2993 selected]
| >   graph_51    : 5.7706721249548841e-09 +/- 1.33e-11 [3018 selected]
| >   graph_52    : 2.2217607874656111e-10 +/- 4.80e-12 [1293 selected]
| >   graph_53    : -8.0531051910361624e-10 +/- 1.01e-11 [4698 selected]
| >   graph_54    : -2.5806496567255794e-09 +/- 7.55e-11 [44975 selected]
| >   graph_55    : 1.1331838761709991e-09 +/- 9.03e-12 [3995 selected]
| >   graph_56    : -4.2000001837317905e-09 +/- 9.93e-12 [2037 selected]
| >   graph_57    : -1.2945127595794781e-08 +/- 3.40e-11 [20257 selected]
| >   graph_58    : 4.4687138201483069e-11 +/- 2.08e-12 [1300 selected]
| >   graph_59    : 4.0963769863383650e-11 +/- 2.02e-12 [1281 selected]
| >   graph_60    : -6.8473803133720197e-11 +/- 2.08e-12 [1323 selected]
| >   graph_61    : 1.2725050096184025e-08 +/- 5.10e-11 [38260 selected]
| >   graph_62    : 3.5939108855024568e-25 +/- 9.80e-24 [1307 selected]
| >   graph_63    : -1.1430943531472363e-09 +/- 7.54e-12 [1867 selected]
| >   graph_64    : 8.3190894641521403e-10 +/- 3.63e-12 [1321 selected]
| >   sum         : 2.9946120456789954e-08
| >   total       : 2.9946120456789960e-08
| >   difference  : -6.6174449004242214e-24
[92mINFO[0m [94m_apply_ttbar_gg_scheme l.3323[0m [96mt=2026-09-09,18:01:53.452[0m > ttbar gg scheme/decoupling flags: scheme=True decoupling=False; coefficients hard=-5.0000000000000000e-01 scheme=+1.0000000000000000e+00 Born=+0.0000000000000000e+00; physical convention=-1/2*Hraw+(Dgg-LSZ)+top-LSZ+cdec*Born
[92mINFO[0m [94m_apply_ttbar_gg_scheme l.3333[0m [96mt=2026-09-09,18:01:53.452[0m > ttbar gg components: hard=-1.4973060228394980e-08 +/- 1.6001e-10; Dgg-LSZ=+2.3327071620344488e-08 +/- 3.3843e-13; top-LSZ=+5.2960835288042331e-10 +/- 2.4087e-16; Born=+0.0000000000000000e+00 +/- 0.0000e+00; auxiliary=+2.3856679973224932e-08 +/- 3.3849e-13; total=+8.8836197448299515e-09 +/- 1.6001e-10
[92mINFO[0m [94m_apply_ttbar_gg_scheme l.3351[0m [96mt=2026-09-09,18:01:53.452[0m > ttbar gg auxiliary diagnostics: samples=2097152 elapsed=51.28s fallback/nonfinite/clipped=0/0/0; fractions=0.000e+00/0.000e+00/0.000e+00
[92mINFO[0m [94mmain l.2222[0m [96mt=2026-09-09,18:01:53.453[0m > --------------------------------------------------------------------------------
[92mINFO[0m [94mmain l.2223[0m [96mt=2026-09-09,18:01:53.454[0m > Integration with settings below completed in [92m31155.78s[0m:
| [94mdy_card                       [0m: [92mPosixPath('/home/zeno/DY/pygloop_6c15087/cards/campaigns/ttbar_dy_msbar_scan_20260901/production/ttbar/partonic/s400/gg.toml')[0m
| [94mdy_card_check                 [0m: [92mFalse[0m
| [94mdy_dump_effective_card        [0m: [92mFalse[0m
| [94mdy_allow_unverified_bundle    [0m: [92mFalse[0m
| [94mprocess                       [0m: [92m'dy'[0m
| [94mgeneral_settings              [0m: [92m[][0m
| [94mdiagrams                      [0m: [92m[][0m
| [94moverwrite_process_basename    [0m: [92m'TTBAR_GG_MSBAR_CM_ESURFACE_V1_20260909'[0m
| [94mverbosity                     [0m: [92m'info'[0m
| [94mparameterisation              [0m: [92m'spherical'[0m
| [94mdy_skip_ps_validation         [0m: [92mTrue[0m
| [94mdy_rotation_check_digits      [0m: [92m7[0m
| [94mdy_rotation_check_count       [0m: [92m1[0m
| [94mdy_rotation_check_eps         [0m: [92m1e-15[0m
| [94mdy_rotation_check_arb_digits  [0m: [92m32[0m
| [94mdy_fallback_precision         [0m: [92m32[0m
| [94mdy_stability_backend          [0m: [92m'double-float'[0m
| [94mdy_stability_arb_digits       [0m: [92mNone[0m
| [94mdy_stability_rtol             [0m: [92mNone[0m
| [94mdy_stability_atol             [0m: [92mNone[0m
| [94mdy_theta_tol                  [0m: [92m0.0[0m
| [94mdy_large_weight_precision     [0m: [92m0.00027418591243443034[0m
| [94mdy_large_weight_clip          [0m: [92m0.027418591243443036[0m
| [94mdy_soft_mirror_edge           [0m: [92m['GL015:7', 'GL018:8', 'GL059:8', 'GL071:7', 'GL075:8', 'GL099:8', 'GL115:8'][0m
| [94mdy_grouped_soft_pair          [0m: [92mNone[0m
| [94mdy_grouped_soft_pair_transform[0m: [92mNone[0m
| [94mdy_large_weight_threshold     [0m: [92mNone[0m
| [94mdy_zero_large_weight_samples  [0m: [92mFalse[0m
| [94mdy_integrated_uv_ct_filter    [0m: [92m'all'[0m
| [94mdy_accept_all_arb_retries     [0m: [92mFalse[0m
| [94mdy_final_state                [0m: [92m['t', 't'][0m
| [94mdy_process_name               [0m: [92m'tt~'[0m
| [94mdy_channel                    [0m: [92m[0, 0][0m
| [94mexternal_gluon_polarisation   [0m: [92mTrue[0m
| [94mdy_symmetrise_p1_p2           [0m: [92mTrue[0m
| [94mdy_parallel_graphs            [0m: [92m1[0m
| [94mdy_integrate_beams            [0m: [92mFalse[0m
| [94mdy_beam_parameterisation      [0m: [92m'x1_x2'[0m
| [94mdy_z_bin                      [0m: [92mNone[0m
| [94mdy_q_min                      [0m: [92mNone[0m
| [94mdy_q_max                      [0m: [92mNone[0m
| [94mdy_physical_normalisation     [0m: [92mTrue[0m
| [94mdy_integrated_leptonic_phase_space[0m: [92mFalse[0m
| [94mdy_pdf_set                    [0m: [92mNone[0m
| [94mdy_pdf_member                 [0m: [92m0[0m
| [94mdy_muf_sq                     [0m: [92mNone[0m
| [94mdy_msbar_scheme_counterterm   [0m: [92mTrue[0m
| [94mdy_decoupling                 [0m: [92mFalse[0m
| [94mdy_scheme_counterterm_sobol_power[0m: [92m18[0m
| [94mdy_scheme_counterterm_replicas[0m: [92m8[0m
| [94mdy_scheme_counterterm_factor  [0m: [92mNone[0m
| [94mdy_scheme_born_bundle         [0m: [92m'TTBAR_GG_BORN_MSBAR_SCAN_20260901_1L_processed'[0m
| [94mdy_scheme_born_bundles        [0m: [92mNone[0m
| [94mdy_scheme_alpha_s             [0m: [92m0.118[0m
| [94mdy_scheme_counterterm_clip    [0m: [92m0.032988570301826226[0m
| [94mdy_ttbar_pt_min               [0m: [92mNone[0m
| [94mdy_muv                        [0m: [92m200.0[0m
| [94mdy_runtime_parameter_overrides[0m: [92mNone[0m
| [94mdy_lambda_sq                  [0m: [92m8302.489924[0m
| [94mdy_mur_sq                     [0m: [92m8302.489924[0m
| [94mgammaloop_configuration       [0m: [92m'/home/zeno/DY/pygloop_6c15087/configs/DY/generate.toml'[0m
| [94mruntime_configuration         [0m: [92m'/home/zeno/DY/pygloop_6c15087/configs/DY/runtime.toml'[0m
| [94mgammaloop_settings            [0m: [92m[][0m
| [94mm_top                         [0m: [92m173.0[0m
| [94mm_higgs                       [0m: [92m125.0[0m
| [94mpg1                           [0m: [92m[200.0, 0.0, 0.0, 200.0][0m
| [94mpg2                           [0m: [92m[200.0, 0.0, 0.0, -200.0][0m
| [94mph1                           [0m: [92m[438.5555662246945, 155.3322001835378, 348.0160396513587, -177.3773615718412][0m
| [94mph2                           [0m: [92m[356.3696374921922, -16.802389008511, -318.7291102436005, 97.48719163688098][0m
| [94mph3                           [0m: [92m[205.0747962831133, -138.5298111750267, -29.28692940775817, 79.8901699349603][0m
| [94mhelicities                    [0m: [92m[1, 1, 0, 0, 0][0m
| [94mn_loops                       [0m: [92m2[0m
| [94mclean                         [0m: [92mFalse[0m
| [94mintegrand_implementation      [0m: [92m'zenos'[0m
| [94mintegrand_evaluator_compiler  [0m: [92m'symbolica_only'[0m
| [94mmulti_channeling              [0m: [92mTrue[0m
| [94mcommand                       [0m: [92m'integrate'[0m
| [94mn_iterations                  [0m: [92m100[0m
| [94mpoints_per_iteration          [0m: [92m1000000[0m
| [94mintegrator                    [0m: [92m'symbolica'[0m
| [94mn_cores                       [0m: [92m62[0m
| [94mphysical_channel_multi_channeling[0m: [92mFalse[0m
| [94mdy_q_bins                     [0m: [92mNone[0m
| [94mdy_physical_channel_cards     [0m: [92mNone[0m
| [94mdy_physical_channel_backend   [0m: [92m'saved-jit'[0m
| [94mdy_physical_channel_batch_size[0m: [92m256[0m
| [94mdy_physical_channel_warmup_iterations[0m: [92m0[0m
| [94mdy_physical_channel_min_fraction[0m: [92m0.0[0m
| [94mdy_physical_channel_target_relative_precision[0m: [92mNone[0m
| [94mdy_physical_channel_live_diagnostics[0m: [92mFalse[0m
| [94mtarget                        [0m: [92mNone[0m
| [94mphase                         [0m: [92m'real'[0m
| [94mseed                          [0m: [92m909040101[0m
| [94mrestart                       [0m: [92mFalse[0m
| [94mrun_workspace_name            [0m: [92m'production_ttbar_partonic_s400_gg_20260901'[0m
| [94mdy_integration_graphs         [0m: [92mNone[0m
| [94mdy_graph_weights              [0m: [92mNone[0m
| [94mdy_runtime_parameters         [0m: [92m{'alpha_ew_inverse': '132.507',
 'alpha_s': '0.118',
 'lambda_sq': '8302.489924',
 'm_top': '173',
 'mur_sq': '8302.489924',
 'muv': '200',
 'zmax': '1',
 'zmin': '0'}[0m
| 
| > Integration result after [92m100000000[0m evaluations in [92m1267857.34 CPU-s[0m [94m(12678.6 µs / eval)[0m
| > Extremal weights:
| >   with jacobian    : 6.87291e+04 at xs = [1.1523609142106825e-05 8.0408886661259560e-01 4.9838097880659193e-01 1.8957618633349213e-01 8.5347278385972214e-01 6.8193530704548311e-01] | jacobian = 1.48509e+07
| >     momentum space  : k = [[1.5365375555778040e-03, -4.3457983363555212e-03, 1.8647702504812668e+02]; [4.7634774762067813e+01, -6.2642450015685178e+01, -5.0616133684117784e+01]]
| >   without jacobian : 7.84418e+05 at xs = [3.9947391381704589e-07 6.2757130757519386e-01 5.0002090198912297e-01 1.8892132356910088e-01 9.8977328095746864e-01 4.0061987662812071e-01] | jacobian = 1.99888e+04
| >     momentum space  : k = [[-1.1114822438019480e-04, -1.1479894493241090e-04, 1.8568280355714327e+02]; [8.8483238395265957e+01, -5.6934497954461323e+00, 2.8618624556089237e+01]]
| >   before clipping   : -1.56796e+10 at xs = [3.9947391381704589e-07 6.2757130757519386e-01 5.0002090198912297e-01 1.8892132356910088e-01 9.8977328095746864e-01 4.0061987662812071e-01]
| >     momentum space  : k = [[-1.1114822438019480e-04, -1.1479894493241090e-04, 1.8568280355714327e+02]; [8.8483238395265957e+01, -5.6934497954461323e+00, 2.8618624556089237e+01]]
| > Stability pipeline: float pairs accepted = 137050945, HP pairs attempted/accepted = 3454802/3454802
| > Stability triggers: float mismatch = 3235906, float non-finite/error = 1844
| > HP precision escalations: attempted/accepted = 4944/4944
| > Higher-precision rejections: disagreement = 0, non-finite = 0, error = 0
| > Soft-mirror stability: pairs = 43688987, large-side triggers = 215929, HP orbits attempted/salvaged/failed = 3183240/3183240/0
| > Soft-mirror extrema: raw original = -3.15647e+10, post-average = -1.56796e+10
| > Strongest soft-mirror cancellation: residual/raw = 0.00000e+00
| > Unstable rotational-check points rejected = 0
| > Rotational-check high-precision retries = 3237750
| > Rotational-check high-precision salvaged = 3237750
| > Large-weight high-precision retries = 217052
| > Large-weight high-precision salvaged = 217052
| > Large-weight high-precision rejected = 0
| > Large-weight samples zeroed = 368 (3.680e-06 of samples; removed signed/absolute sums = -1.55714e+10/1.59991e+10)
| > Non-finite final outputs zeroed = 0
| > Non-finite float rotated evaluations seen = 87
| > Example higher-precision-retried xs = [1.7265545145750016e-01 3.0987003362503329e-01 3.2061093419506459e-01 2.9773816827716681e-01 4.2264025488893087e-01 5.4552528647525544e-01] | float rel = 1.83306e+00
| >     momentum space  : k = [[-2.5923335064264300e+01, 6.5631404491694042e+01, 4.4592524277177773e+01]; [-1.4841504911254179e+02, 7.8414345192107874e+01, -2.4172211541858793e+01]]
| > Example large-weight higher-precision-retried xs = [6.2315394262952850e-03 8.7335248832704826e-02 4.3698273950411237e-01 1.7075337559625559e-01 2.3328011702598017e-02 8.1591186955703054e-01] | compiled = 1.29744e+03 | higher precision = -1.91195e+00
| >     momentum space  : k = [[2.0981863278860531e+00, 1.2827845393213939e+00, 1.6464272205621262e+02]; [4.4540392286650942e+01, 6.5756311498899862e+00, -6.8970990633645286e+01]]
| > Example NaN/non-finite rotated xs = [9.7362215618168912e-01 2.8761982718842016e-02 7.1239412401005031e-01 7.6351383122687992e-06 8.1517347970654108e-01 4.6873166947969135e-02]
| >     momentum space  : k = [[1.1408782098248355e+04, 2.0845012077396245e+03, -9.1365956262265390e+03]; [1.7841371185143296e-04, -4.1105989017338625e-04, -2.9424209241204335e+04]]
| > DY gg scheme Dgg-LSZ+top-LSZ: hard factor=-5.00000000e-01; scheme factor=+1.00000000e+00
| > DY gg applied hard/Dgg-LSZ/top-LSZ/auxiliary: -1.4973060228394980e-08 +/- 1.6001e-10; +2.3327071620344488e-08 +/- 3.3843e-13; +5.2960835288042331e-10 +/- 2.4087e-16; +2.3856679973224932e-08 +/- 3.3849e-13
| > DY gg auxiliary samples/fallback/nonfinite/clipped: 2097152/0/0/0 (fractions 0.000e+00/0.000e+00/0.000e+00)
| > [92mCentral value[0m : +8.8836197448299515e-09   +/- 1.60e-10     ([91m1.801%[0m)
[92mINFO[0m [94mmain l.2228[0m [96mt=2026-09-09,18:01:53.454[0m > --------------------------------------------------------------------------------
[92mINFO[0m [94mmain l.2282[0m [96mt=2026-09-09,18:01:53.454[0m > Command 'integrate' completed in [92m31155.78s[0m.
